职位ID,岗位名称,公司名称,公司规模,公司领域,学历要求,经验要求,关键技能,薪资范围,城市,发布时间,爬取时间
39bc4c00fa3b40bc03F52t6_FVVX,云计算网络运维工程师（实习，西昌）,集数,0-20人,计算机服务,大专,经验不限,,3-5K,凉山彝族自治州,,2026-05-23 18:41:09
173f966ef53b91a103J909u-FltV,云计算工程师,屹和,20-99人,咨询,大专,1-3年,,10-15K,潍坊,,2026-05-23 18:41:09
6b30f585e3f6479e0nV53N61GFRU,云计算工程师,弧聚科技,100-499人,互联网,大专,1-3年,国产云平台运维,6-7K,咸阳,,2026-05-23 18:41:09
e9eeef7a4a5d7fe303x80925EVNX,云计算工程师（黄石）,四川准达,1000-9999人,通信/网络设备,大专,3-5年,"OpenStack, CAS, 华三云, 云, IAAS",10-12K,黄石,,2026-05-23 18:41:09
9f79b1d82799116d0nB709q1EFJT,云计算中级工程师,信科,1000-9999人,通信/网络设备,大专,3-5年,,9-10K,拉萨,,2026-05-23 18:41:09
87842fcec3c0e4c20nRy3Ni1FlVR,云计算工程师,嘉环科技,10000人以上,计算机服务,大专,3-5年,"计算机相关专业, 云计算, HCIE",8-13K,云浮,,2026-05-23 18:41:09
e82585f711b282a81Hd93tW-F1FR,云计算工程师,中港科技,500-999人,智能硬件,大专,1-3年,"实施交付运维, 华为云, HCS, openstack",10-15K,天津,,2026-05-23 18:41:09
450698c87c5ed16c1HB529q9ElBQ,云计算工程师,奥怡轩,20-99人,信息安全,大专,1年以内,云计算,5-6K,深圳,,2026-05-23 18:41:09
72029550940eba040ndy0tq_FlVY,云计算运维工程师,绛门科技,500-999人,计算机软件,本科,3-5年,"阿里云, 华为云, k8s",7-8K,西宁,,2026-05-23 18:41:09
0cf6e07ac20fe94e0nB609S1FFNZ,云计算工程师,敬博,100-499人,互联网,大专,1-3年,,11-12K,上海,,2026-05-23 18:41:09
01f4bf1e206eecf70nZ83Nu0E1RQ,云计算工程师,ntt data,1000-9999人,计算机软件,本科,在校/应届,"运维开发经验, 计算机相关专业",7-9K·13薪,无锡,,2026-05-23 18:41:09
c4ee3785e3b136a91XN52d-_GVRV,云计算运维工程师,安徽众晖,0-20人,通信/网络设备,大专,1-3年,"网络运维, 系统运维, IDC机房运维, Python/Shell, Docker, 计算机相关专业, 运维经验, 网络安全相关经验, 华为云, 云计算, 灾备云平台",9-12K,芜湖,,2026-05-23 18:41:09
8fcadc984b4e155f1HF-29u9GVFZ,云计算工程师,峰潮信息,500-999人,计算机服务,大专,3-5年,"实施交付运维, 通信相关专业, 系统运维, 云服务, 华为云, 计算机相关专业, 运维经验, 云计算",14-20K,成都,,2026-05-23 18:41:09
e36ba6c87544b7040ndy0926FFdQ,云计算销售经理（运营商方向）,佑瞻,100-499人,信息安全,大专,10年以上,"政府/社会团体, 软件/企业服务产品, 对企业/机构（To B）销售经验, 网络安全销售, 云计算销售, 运营商",20-40K,绵阳,,2026-05-23 18:41:09
25f453f9a914aab403J42tq1F1tV,云计算工程师,蓝德信诺,20-99人,计算机服务,学历不限,1-3年,"VMware, 售前/售后技术支持, 计算机/通信相关专业, 虚拟化/超融合, 售后支持/客户响应经验, 云计算, 偏售后实施",10-15K,深圳,,2026-05-23 18:41:09
bbf143a5880311921HV70tS5FFJS,云计算工程师,中国联通,10000人以上,通信/网络设备,本科,在校/应届,运营业务管理,面议,上海,,2026-05-23 18:41:54
559d17578f6da10103d52965EFtQ,云计算工程师,皓驹科技,0-20人,互联网,本科,1-3年,"网络运维, 大数据运维经验, 系统运维, 运维开发/DevOps, 运维开发经验, 计算机相关专业",6-10K,保定,,2026-05-23 18:42:15
85aba169a62343cd33B50tm_EFs~,云计算工程师,上海龙田,100-499人,智能硬件,大专,3-5年,云计算,13-25K·13薪,上海,,2026-05-23 18:42:15
4aca79495453eaaf1XVz3Ni8GFRR,云计算工程师,瑞桥,20-99人,计算机硬件,大专,1-3年,"虚拟化运维, 虚拟机技术, 云计算, IT服务, Linux, Windows, 服务器配置, 分布式技术",12-15K·13薪,武汉,,2026-05-23 18:42:15
61b51b38155b2a521XJ63N-8F1tS,云计算交付工程师,瑞达沣,1000-9999人,通信/网络设备,大专,1-3年,"实施交付运维, 计算机相关专业, 运维经验, 云计算, 虚拟化, HCIE",6-10K,株洲,,2026-05-23 18:42:15
0e41ced29f45ac09031_09S6EldX,云计算工程师,中科普联,0-20人,信息安全,大专,5-10年,,8-11K,海口,,2026-05-23 18:42:15
2249b2e926ed14d71XJ_2t-0F1VW,云计算工程师,牧原食品股份有限公司,10000人以上,农/林/牧/渔,本科,经验不限,云计算,13-26K,南阳,,2026-05-23 18:42:15
3de7dced34b278ab0nV_3d29EVdR,云计算 售前工程师,北京腾龙云网络技术,100-499人,计算机软件,大专,3-5年,"云服务, 计算机/通信相关专业, 售前技术支持经验, AWS/Azure/阿里云相关认证",6-7K,邯郸,,2026-05-23 18:42:15
e9ae40616e13cdeb0nZy0968FlpU,云计算软件开发工程师,华为,10000人以上,计算机软件,本科,,,450-600元/天,杭州,,2026-05-23 18:42:15
3b9995a2c02b7e6a0nd83du6E1VY,云计算工程师,冠世信息技术有限公司,20-99人,通信/网络设备,大专,1-3年,,8-12K·13薪,上海,,2026-05-23 18:42:15
723ec7d7742958a41HVz2ti_FVFQ,云计算工程师,双胞胎,10000人以上,农/林/牧/渔,本科,3-5年,计算机相关专业,10-15K,南昌,,2026-05-23 18:42:15
c31d315f6532baad0nB73t69EVVR,云计算工程师  双休,紫薇垣,20-99人,计算机服务,本科,1-3年,"计算机/网络系统工程师, 计算机相关专业",7-10K,长沙,,2026-05-23 18:42:15
9b784fe3db378e7d0nd42d2_FVFQ,云计算工程师,仁合时创,500-999人,计算机服务,大专,1-3年,"云平台运维, 云计算原理与技术, 云宏云、华三云平台",8-10K,广州,,2026-05-23 18:42:15
025f6bd31d4e414603150tu0E1tT,云计算工程师,江苏百琪迈智能科技,100-499人,自动化设备,本科,1-3年,,13-19K·13薪,上海,,2026-05-23 18:42:15
26cf8af6175222b103B82dq5EVBX,云计算工程师,奇摩,20-99人,计算机软件,大专,1-3年,"华为云HCIE, 华为云HCIP, 运维经验, IDC机房运维, 云计算",6-9K,深圳,,2026-05-23 18:42:15
9610a31fb5dd01c103d62Ny7FltQ,云计算工程师,盛凯信息,500-999人,互联网,大专,1-3年,"通信相关专业, 华为云, HCS, 计算机相关专业, 云计算",6-8K,福州,,2026-05-23 18:42:15
8cdd96766c4774be0nR-39S1F1pS,云计算技术支持工程师,中国通信建设集团...,100-499人,通信/网络设备,本科,1-3年,,8-12K,银川,,2026-05-23 18:42:36
3a0c18a7c3785f1e1H183dS1F1JT,云计算运维工程师,天翼云科技公司,1000-9999人,互联网,本科,1-3年,"Python/Shell, openstack",10-15K,成都,,2026-05-23 18:42:36
e7c00e066236268a0nd-09u9GVVY,云计算高级工程师,小型某人工智能科技公司,20-99人,人工智能,本科,5-10年,,40-70K,北京,,2026-05-23 18:42:36
c1884bec14fdd7c31H1z2924GFJR,云计算工程师,天创科智科技,0-20人,计算机服务,大专,1年以内,"桌面运维, 网络运维, 计算机相关专业, 通信相关专业, 运维经验, HCIE, FusionAccess, FusionCompute, 云计算, 服务器 存储",5-10K·14薪,深圳,,2026-05-23 18:42:36
bc043c7587168ff20nV92di7FFBW,云计算工程师（熟悉容器、K8S）,中企通信,500-999人,通信/网络设备,本科,5-10年,,15-18K,广州,,2026-05-23 18:42:36
c7b314cb45ebbd8d1XZ52tW0ElNT,云计算运维工程师,瑞桥云,20-99人,计算机服务,大专,1-3年,"运维工程师, 网络运维, 云计算, 网络设备, H3CCE, H3CSCE, H3CNE、H3CSE",8-13K,武汉,,2026-05-23 18:42:36
e898d6f9334a30c71nZz2di7ElVQ,云计算工程师,玺云科技,20-99人,企业服务,本科,1-3年,"Java, 计算机相关专业, java, 云计算, 开发",13-19K,深圳,,2026-05-23 18:42:36
e0f34d1269b650eb0nd62d2-F1BZ,云计算工程师-海口,东信网络,1000-9999人,通信/网络设备,大专,3-5年,"VMWare, 虚拟化, 运维经验, 云计算",8-11K,海口,,2026-05-23 18:42:36
61ddb457bcee736b0nd42du8EVJQ,云计算软件工程师,湖北玖鼎信息科技,20-99人,计算机软件,本科,5-10年,"Java, C, C++, Golang, Spring, SpringCloud, MyBatis, SQL Server, 架构设计经验, 大数据经验, 搜索/推荐/广告经验, 区块链经验",4-8K,武汉,,2026-05-23 18:42:36
c023fdc138204aff0nZ-39S7EVFV,云计算运维讲师,嘉瑞,20-99人,人工智能,本科,3-5年,"线下教学, 职业培训班, 研发教学资料, 日常教学, 实操实训, 就业指导, 计算机相关专业",18-25K,宁波,,2026-05-23 18:42:36
d83e63ee8a61c8490Xd92d-6E1U~,云计算工程师,数字兵团,100-499人,计算机服务,本科,3-5年,"运维工程师, 分布式技术, 虚拟机技术, 云计算, 大数据",10-15K,乌鲁木齐,,2026-05-23 18:42:36
9f7fb069de780cdc0nZz29m1ElpS,云计算工程师,网眼信息技术,500-999人,互联网,本科,3-5年,"实施交付运维, Docker, 运维开发/DevOps, 计算机相关专业, Kubernetes",15-20K·14薪,杭州,,2026-05-23 18:42:36
d1deef9a44b251080nB52d-5ElFV,云计算运维工程师,苏州九点半科技,20-99人,人工智能,本科,3-5年,"IoT, 云架构",15-25K·13薪,苏州,,2026-05-23 18:42:36
a4d8fcee3858fecf0nR62NW4F1RV,云计算开发工程师,上海数热源科技,0-20人,智能硬件/消费电子,本科,1-3年,,20-40K,上海,,2026-05-23 18:42:36
0e45232350359a440nd73d-7EVRX,云计算工程师,北京电旗,1000-9999人,互联网,大专,3-5年,,8-9K,呼和浩特,,2026-05-23 18:46:03
e43fd6479695a1bc03N_3d61GVFY,云计算运维工程师,华苏科技,1000-9999人,互联网,大专,3-5年,,6-8K,海口,,2026-05-23 18:46:24
bb96a6e48913d2441Hx90ty4E1BV,云计算运维工程师,慧思志远,0-20人,通信/网络设备,大专,1-3年,"桌面运维, IDC机房运维, 实施交付运维, Nginx, Docker",5-10K,成都,,2026-05-23 18:46:44
edfebb7b766f3f191XN-09W6EFRQ,云计算工程师,凯远科技,20-99人,计算机硬件,学历不限,1-3年,计算机相关专业,8-11K·13薪,上海,,2026-05-23 18:46:44
cc50307cd2ec42a80nd83928EFVS,云计算技术支持工程师,河南简实信息技术...,20-99人,计算机软件,本科,3-5年,"MySQL/Oracle, Docker/Kubernetes, 售后支持/客户响应经验, IT技术支持经验, 可适应出差",8-12K,郑州,,2026-05-23 18:47:04
70361055040be4a50nV80tm7F1pR,云计算销售工程师,知行志成,20-99人,互联网,大专,经验不限,,8-12K·13薪,成都,,2026-05-23 18:47:04
26640941cb2a10e203F72tq5E1pZ,云计算运维交付工程师,软通动力,10000人以上,计算机软件,本科,3-5年,"阿里云, 实施交付运维, EVS, MySQL/Oracle, ECS, 系统运维, 华为云, 运维开发/DevOps, 运维开发经验, 运维经验, 云计算",10-15K,深圳,,2026-05-23 18:47:04
de453caf9db620a80nd90t69FVRY,云计算工程师,海南敏迅科技,20-99人,计算机软件,本科,1年以内,"Java, Python/Shell, Kubernetes, 运维开发经验, 大数据运维经验, CCNA/CCNP",5-10K,海口,,2026-05-23 18:47:04
354c96578cf31a900nRz0t60GVFS,云计算开发工程师,阿里云,10000人以上,互联网,本科,经验不限,,30-60K·16薪,杭州,,2026-05-23 18:47:04
74cd3690789444d50nB62dS1F1JR,云计算技术工程师,神州控股,1000-9999人,互联网,大专,5-10年,云计算,8-10K,漳州,,2026-05-23 18:47:04
105e64daa24e20f60nB409q_F1VS,云计算工程师,赛尔网络,1000-9999人,互联网,本科,1-3年,,10-12K,上海,,2026-05-23 18:47:04
2371ccc6878a39ec1nB-2du5F1FW,云计算工程师,优加教育,500-999人,计算机软件,本科,1-3年,"安全运维, 系统运维, 集群运维, 大数据运维, 虚拟化运维, Linux, 容器技术, 虚拟机技术",9-14K·13薪,青岛,,2026-05-23 18:47:04
8913543ff3736f430nd82du_GFpQ,云计算工程师,绿色苹果,100-499人,计算机服务,本科,3-5年,,12-17K,北京,,2026-05-23 18:47:04
3990bf65d93baa050ndz0ti8GFJV,云计算高级工程师或者存储工程师,福建鸿官,1000-9999人,通信/网络设备,大专,1-3年,云计算,6-8K,福州,,2026-05-23 18:47:04
31515a68882635300nR53964FlFX,云计算技术支持工程师7*24小时,悦智人工智能,1000-9999人,互联网,大专,1-3年,"客服, Nginx, 阿里云, MySQL/Oracle, Docker, Elasticsearch, 腾讯云, 华为云, Redis, 运维经验",10-15K,西安,,2026-05-23 18:47:04
2042b481eb02428c1nF53NS4FFpV,云计算工程师（高级、中级、初级）,怡利科技,500-999人,通信/网络设备,本科,经验不限,系统运维,6-11K,乌鲁木齐,,2026-05-23 18:47:04
057391c21056b62e0nd73Nu6GVVS,云计算工程师,某小型通信/网络设备上市公司,20-99人,通信/网络设备,硕士,5-10年,"服务器集群, 异构算力, 边缘算力, 虚拟化, 运维开发经验, IAAS,PAAS,SAAS, Kubernetes",20-30K,北京,,2026-05-23 18:47:04
297e2ff4d48bc4811n1939W9FVNQ,云计算运维工程师,新希望科技,20-99人,通信/网络设备,大专,1-3年,VMware,10-20K·13薪,南京,,2026-05-23 18:47:04
23bbba415d74d0560nZ73ty7EVpR,云计算工程师,四川火石子贸易,20-99人,矿产/地质,本科,3-5年,"Docker, Kubernetes, 计算机相关专业, 网络安全相关经验",13-18K,成都,,2026-05-23 18:47:04
74ca4df2b3cb8aff1H180tq6FFBU,云计算运维工程师,华润数科控股有限公司,500-999人,计算机服务,本科,3-5年,"系统运维, 实施交付运维",12-18K·14薪,西安,,2026-05-23 18:47:25
04a49baa3dfe205303d-2N--FVpV,云计算交付工程师,南信安云,20-99人,信息安全,大专,1-3年,"计算机相关专业, 云计算",7-11K,嘉兴,,2026-05-23 18:47:25
6dd4fad1cc1695111HN80tm8F1BR,运维驻场工程师,承希科技,100-499人,通信/网络设备,本科,经验不限,"网络运维, 通信相关专业, 大数据运维经验, 系统运维, 运维开发经验, 存储, 网络安全相关经验, 运维经验, 云计算",10-15K,长沙,,2026-05-23 18:47:25
b1d2b010903843ee1X1z3tu0EVpR,云计算工程师,腾讯(互联网),10000人以上,互联网,本科,5-10年,"MySQL/Oracle, Docker, Kubernetes",13-15K·14薪,重庆,,2026-05-23 18:47:25
5701c8d095a37d4403x939S1F1BW,云计算工程师,北京华科智能信息技术,0-20人,计算机软件,本科,5-10年,,25-30K,北京,,2026-05-23 18:47:25
fb7e2ca8286fdaf50nB60ti_EVdV,云计算安全工程师,恒驰信息,100-499人,通信/网络设备,本科,3-5年,,12-18K,廊坊,,2026-05-23 18:47:25
ec936bc6729a6d331XV83Ni-ElVY,云计算工程师,至远信息技术有限公司,20-99人,计算机软件,大专,1-3年,"虚拟机技术, Windows, Linux, VMware",7-10K,广州,,2026-05-23 18:47:25
c852e5761e966d730nB70tm7EVNS,云计算测试工程师,耀辰捷,100-499人,计算机软件,学历不限,3-5年,OpenStack,8-9K,成都,,2026-05-23 18:47:25
6411c821eafb6cc00nd72du1ElBV,云计算运维工程师（温州）,信畅信息,20-99人,通信/网络设备,本科,5-10年,,9-14K,温州,,2026-05-23 18:47:25
75703cb64bacf16c0nB42tu8FVNX,云计算测试,广州悦羚设计工程,20-99人,装修装饰,大专,1-3年,"Python, MySQL, OpenStack, Kubernetes",9-10K,成都,,2026-05-23 18:47:25
5c6a6150880b812303Z50964FFFS,云计算工程师,中国移动通信集团...,10000人以上,运营商/增值服务,本科,3-5年,"计算机/通信相关专业, 网络运维、3T 专业",8-10K,东莞,,2026-05-23 18:47:25
4f10a8d6a511688d0nV439-_GVZQ,云计算交付工程师,商海文天,100-499人,计算机软件,本科,3-5年,,13-19K,北京,,2026-05-23 18:47:25
e588c56475e2f59d1nJ72tq8FFpQ,云计算运维工程师,金领云计算,0-20人,计算机服务,大专,3-5年,"SQL, 虚拟机技术, VMware, Oracle, 云计算运维, 数据库运维, 网络运维",12-20K,东莞,,2026-05-23 18:47:25
828e85ebb8d41bd90nRz2tW8F1VX,云计算工程师,北京辰极元启科技,0-20人,计算机软件,本科,5-10年,"Docker, 计算机相关专业, 运维经验, Kubernetes",20-27K,深圳,,2026-05-23 18:47:25
d953ce3e12938b661nN53tS8FFJW,云计算工程师,中移集成,1000-9999人,人工智能,本科,3-5年,"大数据运维, 虚拟机技术, 网络交换技术, CCIE证书, 网络工程师证, OCM, K8S, Openstack",13-20K,成都,,2026-05-23 18:47:25
7700d43334b281820nV609--FlNV,云计算工程师,冠邦开源,20-99人,信息安全,本科,1-3年,,7-9K,北京,,2026-05-23 18:47:47
268d8208cfc3d9580nd9292_E1dV,云计算解决方案工程师,安徽卓牛信息科技,0-20人,互联网,大专,1-3年,"云服务, 计算机/通信相关专业",5-10K,合肥,,2026-05-23 18:47:47
cff66a82d1b6222b0nB43N-8E1NX,云计算运维讲师,四川鸿芯智谷,20-99人,人工智能,本科,5-10年,,10-11K,成都,,2026-05-23 18:47:47
fb830b8227508b5e0ndy39u6FVdR,云计算高级工程师,北京趋境科技,100-499人,云计算,本科,3-5年,,40-65K·16薪,北京,,2026-05-23 18:47:47
5ce6fe36addba76a03Z53Ny6EFZY,云计算驻场运维工程师,百度,10000人以上,互联网,大专,3-5年,,10-15K,唐山,,2026-05-23 18:47:47
6ab83ad1b11efe9f1HF909y6GVNR,云计算运维工程师,宣威市德善自习室,20-99人,培训/辅导机构,大专,经验不限,"桌面运维, 网络运维, 系统运维, 计算机相关专业, 通信相关专业, 大数据运维经验",8-12K,曲靖,,2026-05-23 18:47:47
56ed72c8c8481fd81XZz0ty4ElNZ,网络工程师（网络安全与云计算方向）,鹏龙科技,20-99人,通信/网络设备,大专,1-3年,"计算机相关专业, 不需要出差, 有网络工程师经验, 1到3年网络工程师经验, 桌面云, 深信服, 超融合, 态势感知",8-13K·13薪,广州,,2026-05-23 18:47:47
2d59b5b3a319fb4c03Fz09i6ElpY,云计算产品经理,UCloud,1000-9999人,云计算,本科,经验不限,"商业产品, B端产品, 云计算产品",12-24K·15薪,上海,,2026-05-23 18:47:47
2e6fffbc7d183d370nd409i8FVFQ,云计算架构师 - 上海,亚马逊云科技,10000人以上,云计算,本科,10年以上,云计算架构,35-65K,上海,,2026-05-23 18:47:47
4cf6dd5b807a2fb71nZ73tW9FlBZ,云计算技术支持工程师,ZStack,100-499人,计算机软件,本科,3-5年,"网络运维, Shell, 虚拟化运维, 云计算",10-15K·15薪,合肥,,2026-05-23 18:47:47
24e7163258da8f3103F50t2-E1ZW,云计算技术支持工程师,字节跳动,10000人以上,互联网,本科,1-3年,,20-40K·15薪,北京,,2026-05-23 18:47:47
3a29ab513b2d84d30nV739W8F1FZ,云计算集成工程师（远程交付）,贝优特技术有限公司,500-999人,互联网,本科,3-5年,,13-18K,西安,,2026-05-23 18:47:47
e8da3796daf851430nRz3N65GFNW,云计算开发工程师助理,南宁喆胤文化传媒,20-99人,互联网,本科,1-3年,"Java, 通信相关专业, 桌面运维, 计算机相关专业, 电子/电气/自动化相关专业",6-7K,广州,,2026-05-23 18:47:47
a5615fa508cfaf190nRz0t-_ElJU,云计算工程师,云迹智能,0-20人,云计算,本科,3-5年,,8-9K·13薪,广州,,2026-05-23 18:47:47
9f05eaee21c953801HVz0tm9ElBW,云计算运维工程师,中憬科技集团,1000-9999人,通信/网络设备,本科,1-3年,"桌面运维, 网络运维, 系统运维",7-10K,北京,,2026-05-23 18:47:47
79499bfa3c3e92890nZ_2ti9FlVQ,云计算集成工程师,青岛众特邦科技,20-99人,通信/网络设备,大专,5-10年,"超融合, 虚拟化",8-10K·13薪,青岛,,2026-05-23 18:48:07
135c87a67bcbf7bb03152t-_FVJS,云计算业务经理-广东,京东科技集团,1000-9999人,互联网,本科,5-10年,"面销/陌拜, 软件/企业服务产品, 对企业/机构（To B）销售经验, 企业服务, 企业（To B）, 面销/陌拜经验, 互联网/科技",25-40K·20薪,深圳,,2026-05-23 18:48:07
4b12475088c89fa80nR42t28E1RW,云计算工程师【讲师包住】,兴为卓成,20-99人,职业培训,大专,3-5年,"Nginx, MySQL/Oracle, Docker, 运维开发/DevOps, 运维开发经验, Kubernetes",15-20K,北京,,2026-05-23 18:48:07
a9eb3f8e51a42c560nZ63dW_GFdS,云计算运维工程师（温州）,杭州亚服,100-499人,企业服务,本科,5-10年,"网络运维, 通信相关专业, Docker, MySQL/Oracle, Ansible/Salt/Puppet, 阿里云、AWS、Azure等, 系统运维, 分布式存储, Python/Shell, 计算机相关专业, 运维经验, Kubernetes",9-14K,温州,,2026-05-23 18:48:07
c82be7d08d699f3b03N-2d21FlZV,云计算开发工程师,华为云计算,10000人以上,计算机服务,硕士,在校/应届,"Java, C++, Python, Spring, SpringCloud, MyBatis, MySQL, 不接受居家办公",15-30K,杭州,,2026-05-23 18:48:07
61e6e665fa55ea0803160921GVU~,云计算运维工程师,厦门数智联,20-99人,互联网,大专,1-3年,"CDN, Docker, 云平台运维",20-30K·14薪,厦门,,2026-05-23 18:48:07
7e60dea67210eb021XR-0tq7GVNT,云计算运维工程师,磐瑞科技,20-99人,计算机软件,大专,3-5年,"Shell, Linux, 系统运维, 云技术, 云服务器",4-7K,柳州,,2026-05-23 18:48:07
8ab74e1dc990ffb00ndz2dm6FVBR,云计算运维开发工程师,白山云,100-499人,互联网,本科,经验不限,"Python/Shell, Golang, Docker, 计算机相关专业, 通信/工程相关专业, 运维开发经验, 英文读写能力良好, AI",11-20K,厦门,,2026-05-23 18:48:07
7cebf9c4142ec58d0nZy39i-FlVV,云计算运维工程师,山东卓一信息技术,20-99人,运营商/增值服务,本科,3-5年,网络运维,4-6K,枣庄,,2026-05-23 18:48:07
91dbdabd759c4b251nJ63921ElNX,云计算&虚拟化工程师,上海缔诚,20-99人,信息安全,大专,经验不限,"虚拟机技术, VMware, Linux, 服务器系统, 云平台系统, 网络交换技术, KVM, MCSE",7-12K,上海,,2026-05-23 18:48:07
2d1ddf8f62937a4c0nZ_0tu5GFFX,云计算~销售+早九晚六+周末双休+五险一金,维音中国,10000人以上,互联网,大专,1-3年,"销售经验, 早九晚六, 周末双休, 五险一金, 客户邀约, 客服经验, 软件/企业服务产品, 普通话标准, 企业服务, 企业（To B）, 客户签约, 电话销售经验, 沟通能力强, 互联网/科技",8-13K,成都,,2026-05-23 18:48:07
aea19b662d6688340nZy2967GVBU,云计算驻场工程师,深圳市宏博宇通信...,20-99人,通信/网络设备,大专,1-3年,"网络运维, 通信相关专业, Docker, MySQL/Oracle, 系统运维, HCC, HCS, 服务器运维, 计算机相关专业, 私有云, Kubernetes, Linux，Windows",8-12K,广州,,2026-05-23 18:48:07
35de9565cae653e40nV62966FFFY,云计算技术支持工程师（SA）,主动脉云计算,20-99人,云计算,大专,1-3年,"企业内部IT技术支持, IT技术支持经验, 售前/售后技术支持, 计算机/通信相关专业, 英文可沟通, 售前支持/技术咨询经验, 售后支持/客户响应经验",8-13K·13薪,深圳,,2026-05-23 18:48:07
7932f5b2131586630nZ80tq-EFFR,云计算技术支持工程师,上海壹凌网络科技,0-20人,互联网,本科,3-5年,,15-25K,上海,,2026-05-23 18:48:07
bef354266b918ff50nd80t6-GFpU,云计算销售经理,得云,20-99人,云计算,大专,1-3年,"电话销售, 软件/企业服务产品, 对企业/机构（To B）销售经验, 企业（To B）, Saas, 云产品, 互联网/科技",15-20K,深圳,,2026-05-23 18:48:07
59c7a7a1786910c303d_0ti6EVRT,云计算架构师,某小型银行公司,20-99人,银行,本科,10年以上,"分布式技术, 微服务架构, 平台架构, 数据结构, 云计算架构",30-40K·15薪,上海,,2026-05-23 18:48:28
af5dbda73b357ece0nZ-3tW4F1RY,云计算高级工程师,兴业数金,1000-9999人,互联网,硕士,3-5年,"阿里云, Ansible/Salt/Puppet, Elasticsearch, Docker, 华为云, 腾讯云, 运维开发/DevOps, AI, Python/Shell, 计算机相关专业, GPU, Kubernetes",15-16K·20薪,福州,,2026-05-23 18:48:28
36e0c97da05d25d91Hd43du7EltR,云计算网络工程师,中通服公众信息,100-499人,通信/网络设备,本科,1-3年,"CCNP/HCIP等, CCIE/HCIE等, 不需要出差, 通信相关专业, 网络架构设计, 数据中心运维, 有网络工程师经验, 1到3年网络工程师经验, 大型网络实施, 运营商, 大型网络运维, Python",5-10K,乌鲁木齐,,2026-05-23 18:48:28
108e60bc503312011nR52d--EFNR,云计算运维工程师,永昊达科技,0-20人,互联网,大专,1-3年,"运维, 运维工程师, 运维监控",7-10K,深圳,,2026-05-23 18:48:28
87aef7f0d5a4f3e503x42tu4EFFZ,云计算高级工程师,优杰科技,0-20人,计算机硬件,本科,3-5年,实施交付运维,7-10K,长沙,,2026-05-23 18:48:28
19c59cf46f01123d0nB429i6GFdQ,云计算工程师+年薪40w-60w,文都人力资源管理,100-499人,企业服务,本科,5-10年,"系统运维, 网络运维, 运维开发/DevOps, DBA, 实施交付运维, Python/Shell, Golang, Ansible/Salt/Puppet, MySQL/Oracle, Kubernetes, 计算机相关专业, 通信相关专业, 运维经验, 运维开发经验, 网络安全相关经验",35-50K,北京,,2026-05-23 18:48:28
f5f2d52ba2f651ef0nRz2N-8EVdY,云计算高级工程师 网络运维工程师,传智教育,1000-9999人,培训/辅导机构,本科,1-3年,"运维开发/DevOps, 网络运维, 系统运维, Docker, Redis, MySQL/Oracle, Java, 计算机相关专业, 通信相关专业, 电子/电气/自动化相关专业, 运维经验, 网络安全相关经验",9-14K,北京,,2026-05-23 18:48:28
0eab4f45e520928f0nB42ty6F1ZY,云计算/AI算法/嵌入式研发-平台稳定,外企德科数字,10000人以上,互联网,本科,1-3年,,14-25K·15薪,西安,,2026-05-23 18:48:28
2ae256378d880fa203Z-3Ni1EVBW,云计算高级工程师,飞腾公司,1000-9999人,半导体/芯片,本科,10年以上,虚拟机技术,26-30K,北京,,2026-05-23 18:48:28
9ca259bc4420c3090nVz39m4FVBZ,云计算运维支持工程师,ConnectNow,20-99人,计算机软件,本科,5-10年,,12-18K,深圳,,2026-05-23 18:48:28
ae4bddca2c1a109e0nZ60t25ElRQ,云计算/虚拟化运维工程师,新华网,1000-9999人,互联网,本科,1-3年,"网络运维, DBA, 通信相关专业, 运维开发/DevOps, Python/Shell, 计算机相关专业, 网络安全相关经验, 运维经验, Elasticsearch, MySQL/Oracle, Ansible/Salt/Puppet, 系统运维, 运维开发经验, IDC机房运维, Kubernetes",15-20K,北京,,2026-05-23 18:48:28
31f03d1d6728452203N_29S4GFRS,云计算高级优化工程师,海光信息,1000-9999人,半导体/芯片,硕士,1-3年,"计算机/网络系统工程师, Docker/Kubernetes, MySQL/Oracle, CentOS/RedHat/Ubuntu, 计算机相关专业, Linux运维经验, 大数据运维经验, ERP/OA/CRM实施维护经验, OMS/WMS/TMS实施维护经验, CCNA/CCNP, HCNA/HCNP, CCIE, HCIE, RHCE/MCSE",15-30K,苏州,,2026-05-23 18:48:28
b327f72e4dd545ef0nZ52du_EldU,云计算运维工程师,福州数维恒通信息科技,20-99人,信息安全,大专,3-5年,"数据库运维, 系统运维, Linux, 虚拟机技术, 网络交换技术, Zabbix, Oracle, MySQL",8-13K,福州,,2026-05-23 18:48:28
ea749d2bb57de971031829W_ElZV,云计算软件开发工程师,上海华为技术有限公司,10000人以上,通信/网络设备,本科,经验不限,,15-30K,上海,,2026-05-23 18:48:28
85116d08b8c0f2440nB73NS0EVBT,云计算 + AI 设备与服务运维工程师,广东甜秘密创新科技,500-999人,家具/家居,本科,3-5年,"AI设备运维, 网络运维, Java, 大数据运维经验, 系统运维",19-25K,广州,,2026-05-23 18:48:28
cdff53ebe90948bc1nVz09W5EVY~,云计算运维工程师,华为,10000人以上,计算机软件,本科,经验不限,"Linux, 数据库, 运维",15-30K·16薪,西安,,2026-05-23 18:48:49
05b98ea5322f5e6e03V70tq0GFJX,云计算开发工程师,阿里云,10000人以上,互联网,本科,3-5年,"Java, Golang, Netty, MySQL, 云计算经验, 不接受居家办公",30-60K·16薪,北京,,2026-05-23 18:48:49
a780e5d09bf8a69003B72t29EVFU,云计算售后技术支持工程师,北京金道天成信息,1000-9999人,企业服务,大专,1-3年,"客服, 软件技术支持经验, AWS/Azure/阿里云相关认证, 计算机/通信相关专业, 云服务, linux, 售后技术支持, 其他类型SaaS/PaaS",5-8K,西安,,2026-05-23 18:48:49
5035d3d849d978e70nV92966FFBU,云计算高级工程师 专家 P6 P7  外企 深圳,北京某大型培训/辅导机构公司,10000人以上,培训/辅导机构,本科,经验不限,,35-65K·24薪,深圳,,2026-05-23 18:48:49
385579cb09c0f7fc0nd80tW_GFJQ,云平台运维工程师(长期遵义仁怀市驻场),广州极数科技有限公司,100-499人,互联网,大专,1-3年,"计算机相关专业, 云计算, 自动化运维工具, CCIE, 节假日",4-8K,遵义,,2026-05-23 18:48:49
6bb144d6ab02e1c40nZ62tm7E1FV,云计算售前工程师-谷歌云方向（双休急招）,广州越光信息科技,20-99人,计算机服务,大专,1-3年,"售前技术支持经验, 计算机/通信相关专业, 云服务, 英语可沟通, 可适应出差",8-10K,广州,,2026-05-23 18:48:49
74bf2dceebcf798b0nV529i_E1pV,云计算运维工程师,国安信息科技,100-499人,计算机软件,本科,3-5年,,11-17K,杭州,,2026-05-23 18:48:49
27dfad359e02321b0nZ929W1FVpQ,云计算高级研发工程师,上海源兹生物科技,100-499人,生物/制药,大专,1-3年,"Python, MySQL",10-15K,上海,,2026-05-23 18:48:49
7f6935136cc355fc0nV70ty4GFFR,云计算平台工程师 | 中间件运维,法本,10000人以上,计算机软件,本科,5-10年,"通信相关专业, 供应商管理, 项目管理, Kafka, Redis, Openshift, 计算机相关专业, 银行、金融",45-50K,香港,,2026-05-23 18:48:49
60ff2caebc5ac4fa0nd_0ti4GVFZ,云计算售后工程师+双休+五险一金,仟聚科技,20-99人,互联网,本科,3-5年,"网络/通信硬件技术支持经验, PMP, AWS/Azure/阿里云相关认证, Docker, 计算机/通信相关专业, 云服务, HCIE, MySQL, 其他类型SaaS/PaaS",7-10K,广州,,2026-05-23 18:48:49
7b89112a8ae277d00nZ_3dq9GFZW,大数据运维工程师（华为云计算）,安徽网谷智能技术,20-99人,通信/网络设备,大专,5-10年,"大数据运维经验, 通信相关专业, 运维经验, 运维开发经验, 华为大数据, 云计算",8-13K·13薪,合肥,,2026-05-23 18:48:49
9a4ecb640600ff6d1HV42tS1GVJW,云计算交付工程师,上海寻义信息科技,0-20人,运营商/增值服务,本科,1-3年,"实施交付运维, 系统运维, 公有云, Python/Shell, 计算机相关专业",15-16K,上海,,2026-05-23 18:48:49
1187f9b6f932a9ab0nV-2tq0GVVU,云计算工程师（腾讯云生态 / AIGC方向）,广州遨灵科技技术,20-99人,互联网,本科,1-3年,"vibe coding, 计算机相关专业, 开发基础好",5-6K,广州,,2026-05-23 18:48:49
dcdab91379b675340nZ739u1EVVR,云计算售前工程师,广东织云科技有限公司,20-99人,互联网,本科,5-10年,"售前技术支持经验, 团队管理经验, ERP/OA/CRM系统, CCIE, 计算机/通信相关专业, 智慧城市信息化项目, 系统集成, PMP, AWS/Azure/阿里云相关认证, CISSP/CISP, 云服务, HCIE, 招投标经验, 其他类型SaaS/PaaS, 可适应出差",12-16K,广州,,2026-05-23 18:48:49
bc70d1b86d2dacf51nN739i6FVNQ,云计算售前方案支持（五险一金）+高新区,中杰科技,100-499人,信息安全,本科,1-3年,"售前技术支持经验, 系统集成, AWS/Azure/阿里云相关认证, 计算机/通信相关专业, 网络, 安全, 云服务, 混合云, 虚拟机技术, 公有云, 私有云, 云计算",9-12K·13薪,合肥,,2026-05-23 18:48:49
f8b272a4e05851f41Hd53Nq5F1BW,云计算ISTIO工程师,北京奥盟合创科技,20-99人,计算机软件,本科,10年以上,"微服务架构, Java, 消息队列, SpringCloud, 平台架构, 云计算架构",20-40K,北京,,2026-05-23 18:49:10
065bd11f457b3dd31XV63960GVBZ,云计算研发支持工程师,浙江大华,10000人以上,互联网,本科,在校/应届,"Linux, 大数据运维, 云计算",8-13K·14薪,杭州,,2026-05-23 18:49:10
7ce87d8f9d923ce30nVz3du-EVdQ,云计算高级工程师,北京某大型生活服务(O2O)公司,10000人以上,生活服务(O2O),本科,5-10年,"Python, Go, Shell, 容器技术, 网络协议",35-55K·15薪,深圳,,2026-05-23 18:49:10
62db6c262ae07ea31HB439u0F1VT,云计算存储运维工程师,上海大巧不工信息科技,20-99人,计算机软件,本科,3-5年,"实施交付运维, 计算机相关专业, 运维经验, 网络安全相关经验",15-25K,上海,,2026-05-23 18:49:10
7f24122f9c0968361nJ-2di5EVFS,虚拟化与容灾工程师,江西金发,100-499人,投资/融资,本科,5-10年,"虚拟化运维, Linux, Windows, 分布式技术, 云计算",12-16K·13薪,南昌,,2026-05-23 18:49:10
d29f3e9eb9c8f5850nd809y0ElRX,云计算系统工程师（26校招）,微博,1000-9999人,互联网,本科,1年以内,"计算机/网络系统工程师, Python/Shell, 计算机相关专业",20-30K·15薪,北京,,2026-05-23 18:49:10
42325e2967cd476703B42Ny_EFpR,云计算前端开发工程师,北京浩闰科技有限公司,20-99人,互联网,本科,3-5年,"技术博客/开源项目有所贡献, 不接受居家办公, TypeScript 5, Vite, React, 前端开发经验, 计算机/软件工程相关专业, OpenAPI, Ant Design Pro, 架构师经验, WebSocket",11-22K,北京,,2026-05-23 18:49:10
fdb0067fe5f0c72d1nV_3t6_GVVY,云计算技术工程师,鹏华技术,0-20人,计算机服务,大专,1-3年,"技术助理, 技术服务",3-5K,广州,,2026-05-23 18:49:10
44840b007ddaa8040nB52tq4EVVY,云计算系统运维工程师（日语）,某大型计算机软件公司,100-499人,计算机软件,本科,5-10年,"计算机/网络系统工程师, Python/Shell, 计算机相关专业, 通信/工程相关专业, 系统建设/运维经验, 公有云, 日语流利",20-21K,上海,,2026-05-23 18:49:10
1941df3ac9b86a8a1H1639S5GFJU,运维工程师,合肥动登环保科技,0-20人,其他专业服务,大专,1-3年,"通信相关专业, 计算机相关专业, 电子/电气/自动化相关专业",5-6K·13薪,滁州,,2026-05-23 18:49:10
56312891b5b81ca71X1y2Nm6EVRZ,云计算运维工程师,深圳小牛云计算科技,0-20人,智能硬件,本科,3-5年,"网络运维, Docker, 系统运维, 运维开发/DevOps, 运维开发经验, Python/Shell, 计算机相关专业, 运维经验, Kubernetes",11-13K,深圳,,2026-05-23 18:49:10
0da95a0bd94024f10nVy39i9E1tY,云计算软件开发工程师,ThinkForce,20-99人,半导体/芯片,本科,5-10年,"架构设计/优化, 云手机，云桌面，云游戏",15-30K·14薪,上海,,2026-05-23 18:49:10
24907aac0ce96a6a0nd43t67FFRQ,容器运维工程师,拓维云创,1000-9999人,计算机软件,本科,5-10年,"系统运维, IDC机房运维, Docker, Kubernetes, 计算机相关专业, 运维经验, 虚拟化, 云计算",10-15K,嘉兴,,2026-05-23 18:49:10
36a19c361bc022f11HZ52d64FFpT,云平台运维工程师,湖南电信数智公司,100-499人,互联网,本科,3-5年,"实施交付运维, 云计算, 云平台运维",8-13K·13薪,长沙,,2026-05-23 18:49:10
23987d8a0992d6d30nR909q6F1dW,云计算高级运维工程师,大禹,20-99人,计算机硬件,本科,3-5年,,15-25K,北京,,2026-05-23 18:49:10
d6625ebe3505f90303J53t6_GVNZ,云计算工程师,神州数码,1000-9999人,计算机软件,大专,1-3年,"HCIE, hcs, 华为云",12-22K,北京,,2026-05-23 18:52:47
878aa45915fcbe6c0nR-29u1GFVS,云计算工程师（海南）,天诚伟业,500-999人,通信/网络设备,大专,1-3年,,8-10K,海口,,2026-05-23 18:53:28
1b95e0ed92b5b1740nZ_2t60GFFY,云计算工程师,浙江省健康云有限公司,20-99人,医疗健康,硕士,5-10年,"Golang, Docker, 微服务经验, MySQL, 云计算经验, 架构设计经验, Python, Kubernetes",15-30K,杭州,,2026-05-23 18:53:48
57318c183a204dbf031_39S6F1FQ,【26校招】云计算开发工程师,航旅纵横,500-999人,生活服务(O2O),本科,在校/应届,"Golang, Java, C++, C, MySQL, 分布式系统, Python",10-15K·14薪,北京,,2026-05-23 18:53:48
447f11fdee2e023c0nZ93969EFJQ,云计算工程师,中茵微电子,100-499人,半导体/芯片,本科,5-10年,"Java, C/C++, 后端开发经验, Linux系统, CI/CD, 云平台, Kubernetes架构, Python, 大数据处理开发经验, Docker/containerd",15-30K·14薪,成都,,2026-05-23 18:54:10
a4f29ce7d710a6a00nd42ti-GVdY,云计算平台架构工程师,银信科技,1000-9999人,计算机软件,大专,5-10年,,15-19K,上海,,2026-05-23 18:54:30
d75faefc45b7f8e003B72ty7FVRV,云计算运维工程师,海诺恒,0-20人,计算机软件,大专,1-3年,"IT技术支持经验, VMware, 售前/售后技术支持, 计算机/通信相关专业, 大数据运维经验, Docker/Kubernetes, 售后支持/客户响应经验",5-10K·13薪,淮南,,2026-05-23 18:54:30
7cf416b15666960e03Z_3tW8GVNZ,云计算工程师,比亚迪汽车工业,10000人以上,汽车研发/制造,本科,3-5年,,11-18K,深圳,,2026-05-23 18:54:51
381c88c3be6339061nN-3tm1F1dW,云计算&大数据运维工程师,北鹰电子科技有限公司,0-20人,计算机软件,大专,1-3年,"虚拟化, Linux, 网络",6-9K,乌鲁木齐,,2026-05-23 18:54:51
72f4570cb953119b1HNy3925EltR,云计算（IaaS）实施工程师(战略合作),中邮建,10000人以上,通信/网络设备,大专,5-10年,"计算机相关专业, 可适应出差, 硬件服务器, 网络技术",11-16K,南京,,2026-05-23 18:55:12
b7f6a17814da45931Hx-39m6GVI~,云计算运维工程师,富途,1000-9999人,互联网,本科,3-5年,"Linux, 系统运维, MySQL",14-28K·13薪,深圳,,2026-05-23 18:55:55
1eb92937f3f07e2f0nB52dm4F1NY,云计算运维开发工程师,北京魔方芯联科技,20-99人,互联网,大专,3-5年,,12-16K,北京,,2026-05-23 18:59:08
d22dfc728bcdf1321Hdz3Ny-E1I~,云计算工程师,华云网络,20-99人,互联网,本科,3-5年,"vmware, 桌面云, 虚拟化",10-15K,潍坊,,2026-05-23 18:59:30
70f44e1a22f26f991Hx50tS7GFdZ,云计算销售工程师（六险一金+双休）,北京外企德科人力...,1000-9999人,人力资源服务,大专,经验不限,"个人（To C）, 对企业/机构（To B）销售经验, 互联网/科技",8-12K,杭州,,2026-05-23 18:59:52
af76a5c5893660580nB52t-6GVVS,云计算高级工程师,北京趋境科技,100-499人,云计算,本科,5-10年,,40-70K·16薪,北京,,2026-05-23 18:59:52
3c8d77b47556d47c0nd83du4EFRQ,云计算讲师,博赛网络,100-499人,互联网,本科,1-3年,,6-10K,济南,,2026-05-23 19:00:12
33365b93abfcc82803N72t69FVFR,云计算工程师,某大型汽车研发制造上市公司长安,10000人以上,汽车研发/制造,本科,5-10年,"云计算, GPU",15-25K,重庆,,2026-05-23 19:00:54
3102d995ae714af10nB42d2-E1tX,云计算值班监控工程师（外包/有夜班）,SenseTime,1000-9999人,计算机软件,本科,3-5年,,9-13K,北京,,2026-05-23 19:01:15
dc121a5b535acabd1HF72N2-FVpY,云计算运维工程师,上海闻驿信息,20-99人,计算机服务,本科,1-3年,"Nginx, 实施交付运维, Docker, 系统运维, Python/Shell, 计算机相关专业, 网络安全相关经验, 运维经验",6-10K·13薪,上海,,2026-05-23 19:01:37
0aaca1dc35c6a7a60nd-3t67FlRT,技术服务工程师-AI大模型/智算,阿里巴巴集团,10000人以上,互联网,硕士,,"AI全栈, 云原生, AI算力, 计算机相关专业, 云计算",400-500元/天,深圳,,2026-05-23 19:02:20
adf99977d5e90c6603xz2Nm7E1FY,云平台IT运维工程师,向心力,500-999人,通信/网络设备,大专,1-3年,"IT, 华为, 云计算, 智算",8-13K,北京,,2026-05-23 19:02:20
458be9b6527643071HB43ty4GFpR,云计算工程师,峰潮信息,500-999人,计算机服务,大专,1-3年,"实施交付运维, 通信相关专业, HCIP, 系统运维, 华为, 计算机相关专业, 云计算",15-20K,乌鲁木齐,,2026-05-23 19:05:32
5c3a74c6b22d5a841H1y2Ny0F1BT,云计算运维工程师,智睿教育(豫闻读书),0-20人,培训/辅导机构,大专,经验不限,"网络运维, 实施交付运维, 通信相关专业, MySQL/Oracle, 大数据运维经验, 系统运维, 运维开发/DevOps, Python/Shell, 计算机相关专业, 电子/电气/自动化相关专业, 运维经验, IDC机房运维",10-11K,南阳,,2026-05-23 19:05:32
7a5b81b8d425a4f51Xd_29u-EFNZ,云计算运维工程师,晶特雅通讯,100-499人,互联网,大专,经验不限,虚拟机技术,10-11K,榆林,,2026-05-23 19:05:32
5fb437b65c4b61830nxz39W4EFA~,云计算工程师（揭阳）,盛凯信息,500-999人,通信/网络设备,大专,在校/应届,"运维工程师, 网络运维, 运维通信资格证书, 网络设备, 云计算",6-10K,揭阳,,2026-05-23 19:05:32
e9f72cd00d30c8f11Hdz3tm7FFJX,云计算工程师,阿拉山口市高盛信息,0-20人,计算机软件,本科,经验不限,"Python, Java, C++, Kubernetes, Kafka, Nginx, MySQL, Redis, Oracle, Linux开发/部署经验, 爬虫经验, 云计算经验",5-6K,成都,,2026-05-23 19:05:32
7401770d500778d203J-3960ElJV,云计算工程师,锐科信息,500-999人,通信/网络设备,大专,1-3年,"实施交付运维, 华为云",8-13K,深圳,,2026-05-23 19:05:53
29c2249a337d1d650nZ-2dq4E1JR,云计算开发工程师 (实习),华为,10000人以上,计算机软件,本科,,"Golang, Java, Docker, MongoDB, Spring, Python",300-450元/天,上海,,2026-05-23 19:05:53
5beed348a4036f7803B939S8FFJR,云计算工程师-南昌,中港科技,500-999人,智能硬件,大专,3-5年,,8-11K,南昌,,2026-05-23 19:05:53
b7d77581307dbbf30nR729m1E1pT,云计算驻场运维工程师,AWcloud,100-499人,计算机软件,大专,3-5年,"Pass, linux, openstack",7-8K,长沙,,2026-05-23 19:05:53
ffc7f7d4af587b5903B63d-6FVBZ,云计算评估服务 项目经理助理,山科数研,20-99人,计算机服务,本科,在校/应届,"计算机相关专业, 软件/信息技术项目, 云计算",6-7K·14薪,烟台,,2026-05-23 19:05:53
79a5a20eee5ecaad1Hdy0960ElJT,云计算运维工程师,空天数智,20-99人,计算机软件,本科,3-5年,"运维经验, 网络安全相关经验, 大数据运维经验, OpenStack",5-8K,宝鸡,,2026-05-23 19:05:53
6a905309527655d71Xd63N-9EFdQ,云计算工程师,百翌世纪,20-99人,电子商务,大专,1-3年,"虚拟化运维, KVM, Openstack, Cloudstack, 华为云, 公有云",10-15K,武汉,,2026-05-23 19:06:13
58b34e852715f4bd0nV-29q4FVNW,云计算交付运维工程师（西安）,中电信数智,1000-9999人,通信/网络设备,本科,1-3年,,11-20K,西安,,2026-05-23 19:06:13
dd564c4b4550333d03d43dy1GVpT,云计算工程师,帧途科技,0-20人,通信/网络设备,大专,1-3年,通信相关专业,8-12K,深圳,,2026-05-23 19:06:13
5144614b36501c4d0nV-2t27ElVZ,云计算高级研发工程师,油梨科技,20-99人,互联网,本科,经验不限,,200-400元/时,深圳,,2026-05-23 19:06:13
88403e643ad998fb0nZ-09m0FFVT,云计算/服务工程师,广州鼎峻科技有限公司,20-99人,信息安全,大专,1-3年,,10-15K,广州,,2026-05-23 19:06:13
4a59af2eb10433491XF93Nm8GVtU,云计算工程师,广州奕诺技术咨询,10000人以上,咨询,本科,1-3年,"运维开发/DevOps, 计算机相关专业, 运维开发经验, 大数据运维经验",10-11K,广州,,2026-05-23 19:06:13
0860f1fb5f9b3e030nR82Nm8FVtQ,云计算驻场运维工程师,拾柴信息,100-499人,计算机软件,大专,1-3年,"计算机相关专业, 公有云, 私有云",6-8K,盐城,,2026-05-23 19:06:33
8a47d66d755899e80nd82du5F1ZR,云计算交付工程师,绿色苹果,100-499人,计算机服务,大专,3-5年,,13-20K,北京,,2026-05-23 19:06:33
4cf6d9ece45559390ndy3tS8F1VX,云计算工程师,成都广域智安科技,20-99人,计算机软件,本科,1-3年,"CentOS/RedHat/Ubuntu, 系统建设/运维经验, Linux运维经验, Ansible/Salt/Puppet, 容器, k8s, Docker/Kubernetes, go语言, Python/Shell, 计算机相关专业, 计算机/网络系统工程师, 欧拉",15000-20000元/月,武汉,,2026-05-23 19:06:33
2fa9c725ad51b43e0nd639q_E1RY,云计算销售BD（AI 文旅方向）,蓝海彤翔,100-499人,互联网,大专,5-10年,"个人（To C）, 对企业/机构（To B）销售经验, 面销/陌拜经验, 软件/企业服务产品, 面销/陌拜, 互联网/科技, 企业服务, AI 文旅",15-25K,苏州,,2026-05-23 19:06:54
ed5171b6fb143c121HN-2dm4FVNV,云计算运维工程师,诺优服务科技服务中心,20-99人,通信/网络设备,大专,经验不限,,7-12K,昭通,,2026-05-23 19:06:54
19495a4c5bc8b7121nN-3tu_F1FV,云计算工程师,牧原智能科技,1000-9999人,智能硬件,本科,经验不限,"系统运维, 集群运维, 虚拟化运维, 大数据运维, 机房运维, 应用运维, Linux, Shell",7-12K,南阳,,2026-05-23 19:06:54
e056b73f38748a270nd70tu-EVdV,云计算交付工程师（双休+包吃三餐）,星辰信安,20-99人,互联网,大专,3-5年,"实施交付运维, 云计算, 路由交换, 防火墙",11-12K,深圳,,2026-05-23 19:06:54
0354b08897f4980f03x609W-E1dS,云计算工程师,安徽电信规划设计,500-999人,互联网,本科,3-5年,,12-18K,合肥,,2026-05-23 19:07:14
43d21375d0acbcd803x_2Nq7FlNX,云计算研发工程师,网易,10000人以上,互联网,本科,3-5年,,30-60K·16薪,广州,,2026-05-23 19:07:14
aea1feb61e8cb4511H1z392_E1tT,云计算高级工程师,讯为科技,20-99人,通信/网络设备,大专,3-5年,"实施交付运维, Docker, Kubernetes, 计算机相关专业, 通信相关专业, FusionCompute, hcs, IAAS",14-22K,南京,,2026-05-23 19:07:37
35451bbac531ad9803B93dW9GFVY,云计算建设交付工程师（国企，正式）,北京某中型通信/网络设备公司,500-999人,通信/网络设备,本科,3-5年,云服务,20-35K,北京,,2026-05-23 19:07:37
73159afd1747b2df031z3Nu_EFRV,云计算高级工程师,江西博坤教育咨询,20-99人,计算机软件,大专,经验不限,,10-11K,台州,,2026-05-23 19:07:37
b5eb91b65679c06b1XB_2dS_FlNY,云计算运维工程师,云霁科技,100-499人,企业服务,本科,经验不限,"系统运维, Ansible/Salt/Puppet, 计算机相关专业, 运维开发经验",10-15K,杭州,,2026-05-23 19:07:37
2a9bbafdfc83615c0nV52tS0FlpR,云计算售前工程师（电力行业）,腾达泰源,100-499人,计算机软件,本科,3-5年,,20-30K,北京,,2026-05-23 19:07:37
a1bc1be5c625556703V43dS6EFpU,云计算维护工程师,中通服和信科技,500-999人,计算机软件,本科,1-3年,运维经验,8-13K·13薪,合肥,,2026-05-23 19:07:57
742f1e7534fe63790nV80tS8FVVT,云计算销售经理（漫剧行业）,云帆长扬,20-99人,计算机服务,大专,3-5年,"客户开发, 互联网/科技, 对企业/机构（To B）销售经验, 沟通能力, AI漫剧, 传媒",10-15K,深圳,,2026-05-23 19:07:57
94f78d9e2533ca031XV929S_ElRX,云计算工程师,智优沃,20-99人,计算机服务,本科,1-3年,虚拟化运维,4-5K,西安,,2026-05-23 19:07:57
0c562b2e42eed54c0nZ93N29EVFV,云计算开发工程师,吉利研究院,10000人以上,汽车研发/制造,本科,5-10年,,15-30K,杭州,,2026-05-23 19:07:57
cd4b40a1450dc16d03B72tm-ElZT,云计算高级工程师,三一汽车制造有限公司,10000人以上,电气机械/器材,本科,3-5年,,20-25K·14薪,长沙,,2026-05-23 19:07:57
de22c0ef4dee1b0a0nB52dy8FFRS,云计算网络开发工程师,青云,500-999人,企业服务,本科,3-5年,,15-25K,武汉,,2026-05-23 19:08:18
92b9fccc2add536f1nx_3NW8FlNR,云计算工程师,百度,10000人以上,互联网,本科,经验不限,"K8S, Openstack, KVM",30-50K·15薪,北京,,2026-05-23 19:08:18
0917503c85ab86e21HB729W1FlJT,云计算售前工程师,金华威,500-999人,通信/网络设备,本科,1-3年,售前,6-7K·14薪,南昌,,2026-05-23 19:08:18
c676b71f1093ff3e0nRy2tS5EFBV,云计算技术专家/高级工程师,小米,10000人以上,互联网,本科,3-5年,"Hive, Spark, Hbase, 数学/统计相关专业, 计算机相关专业, ETL设计/开发经验, 分布式系统开发经验, BI项目开发经验",30-50K,北京,,2026-05-23 19:08:18
b289ae878ec01f6a1HJ409u5E1RU,云计算研发工程师,嵩山实验室,100-499人,信息安全,硕士,经验不限,"C++, C, 分布式经验, Docker, Linux开发/部署经验, Python, Kubernetes",15-20K,郑州,,2026-05-23 19:08:38
a180fc1210e465470HZ63t-_E1A~,运维工程师,无锡睿尔特,0-20人,智能硬件,大专,经验不限,"运维工程师, 运维监控, 运维开发, 项目实施, 硬件, 物联网, 人工智能, 云计算",4-7K,无锡,,2026-05-23 19:08:38
c87ac50842c54e6b1nZ63NW7GFpQ,云计算运维工程师,极纳人工智能,20-99人,计算机软件,本科,1-3年,"自动化运维, Python, 分布式技术, 云计算, 计算机软件, 人工智能",25-45K·14薪,北京,,2026-05-23 19:08:38
a62ca4a0ee99982403Ny0tS8FFJQ,云计算国产化工程师,中国电子技术标准化研究院,500-999人,政府/公共事业,硕士,1-3年,"政府关系与事务, 政府关系/政策研究工作经验, 计算机相关专业, 国产化，安全可靠, 信创，自主可控, 云计算，标准",15-25K,北京,,2026-05-23 19:08:38
76d64140bdf8c8d21nF72dm4EVtV,云计算技术工程师,湖南一舟电子,20-99人,通信/网络设备,本科,1-3年,"华为云, 网络",5-9K,长沙,,2026-05-23 19:08:38
697c4c29de8cef520ndy2ty8FVNX,云计算产品运营（周末双休/六险一金）,慧博云通,10000人以上,计算机软件,本科,3-5年,"工具类, 媒体类, 社区类, 平台类, 数据分析能力好, 用户运营管理, 内容运营, 存储产品, 云计算, 公众号专栏或高赞文章",8-11K,成都,,2026-05-23 19:11:12
f80694a21f62689d0nZy2Ni9FVBS,云计算工程师,某知名上市集团公司,10000人以上,互联网,本科,经验不限,"网络运维, 实施交付运维, HCIE, 华为云, 运维开发经验, 运维经验, 云计算",25-50K·13薪,香港,,2026-05-23 19:11:55
0a79502b48c7dea703V63Ni7FVNY,云计算运维工程师,新疆万晟数智,0-20人,云计算,大专,1-3年,"网络运维, 系统运维, 云计算",6-8K,乌鲁木齐,,2026-05-23 19:11:55
c9112dccd0017a830nB739W-GFBZ,云计算-商业技术工程师（公共云MaaS销售）,阿里云,10000人以上,互联网,本科,经验不限,,20-40K,北京,,2026-05-23 19:12:38
c752886fba3787e10nZ_3ty0EVVR,存储工程师（ceph、openstack优先+值班）,神州新桥,1000-9999人,互联网,本科,3-5年,"ceph, 硬件, openstack, 云计算",12-13K,北京,,2026-05-23 19:12:38
218bd750027247a70nV529W7FFNT,云计算运维工程师,国安信息科技,100-499人,计算机软件,本科,3-5年,"MySQL/Oracle, Docker, 系统运维, 运维开发/DevOps, Python/Shell, 运维经验, Kubernetes",10-13K,韶关,,2026-05-23 19:13:41
a721d843ba08c2f10nB73NS9FVpU,云计算工程师（存储）北京华为政企,西安长河通讯有限...,1000-9999人,通信/网络设备,本科,3-5年,"存储, 华为",11-18K,北京,,2026-05-23 19:13:41
2f802f1dfa705c010nB73d26FVtQ,运维工程师,中宇华兴,100-499人,互联网,大专,3-5年,"Ansible, vestack, 交付, SaltStack, 云计算",13-15K,南昌,,2026-05-23 19:14:03
257c060607cfb1601Hx72NS4GVNQ,云计算销售经理,Agilewing,20-99人,计算机软件,大专,经验不限,"面销/陌拜, 软件/企业服务产品, 对企业/机构（To B）销售经验, 会展销售",15-20K,北京,,2026-05-23 19:21:31
efb322947f72a6480nRz2dq6EVtX,云计算高级开发工程师,深信服科技,1000-9999人,计算机软件,本科,3-5年,"Golang, C++, C语言, Python, 云计算",20-40K·15薪,深圳,,2026-05-23 19:22:33
59729d9cd259629a0nd62t-9GFtU,云计算工程师,杭数人才,100-499人,计算机软件,大专,3-5年,"openstack、VMware, CAS、cloudos",9-12K,海口,,2026-05-23 19:26:10
dfe66f175d1c06111H1_39i9FlZZ,云计算中级交付工程师-洛阳,东方通信,1000-9999人,通信/网络设备,大专,1-3年,"华为云交付, fusionsphere, HCS, openstack",7-10K,洛阳,,2026-05-23 19:26:10
6dce331daf5693fc0nZy3tm9GFNY,云计算开发工程师,华为云计算,10000人以上,互联网,本科,,,200-400元/天,上海,,2026-05-23 19:26:10
8ef4883eb03db73b0nZ_0tu0FlJW,云计算工程师,湖南宜速数智科技,20-99人,互联网,大专,1-3年,,6-7K,长沙,,2026-05-23 19:26:31
22837ca80a3fc2840nZ-3tW4GFVY,云计算高级工程师,兴业数金,1000-9999人,互联网,硕士,3-5年,"运维开发/DevOps, Python/Shell, Ansible/Salt/Puppet, Elasticsearch, Docker, Kubernetes, 计算机相关专业, 华为云, 阿里云, 腾讯云, AI, GPU",15-16K·20薪,上海,,2026-05-23 19:26:31
3a390c460ce076a60nV70969EVRS,云计算工程师（售后）,星辰信安,20-99人,互联网,大专,经验不限,"系统运维, linux, 桌面运维, 计算机相关专业, 云计算",6-8K,长沙,,2026-05-23 19:26:31
299a9383c8f2282b1H172dm9FVFU,云计算技术支持工程师（海外）,UCloud,1000-9999人,云计算,本科,1年以内,"IT技术支持经验, 售前/售后技术支持, 计算机/通信相关专业, 英文可沟通, 可适应出差",10-15K·15薪,上海,,2026-05-23 19:26:51
0ec96ae9fb551ac71nxy2Nu0EFNX,云计算运维工程师,曙光云计算,1000-9999人,计算机软件,本科,3-5年,"分布式技术, Linux, 虚拟化运维, Openstack, Docker",8-13K·13薪,邯郸,,2026-05-23 19:26:51
18f1be87d200aeab03dy2dm4FFpW,云计算工程师,深圳创想信通科技,20-99人,通信/网络设备,大专,3-5年,"网络运维, 通信相关专业, Docker, MySQL/Oracle, 系统运维, 计算机相关专业, 运维经验",11-12K,深圳,,2026-05-23 19:26:51
385a4ec0b590300a0nZ-3927E1ZY,云计算工程师,深圳万得云,20-99人,计算机软件,本科,1-3年,"英文读写能力良好, Ansible/Salt/Puppet, Docker, 大数据运维经验, MySQL, 运维开发经验, Python/Shell, 计算机相关专业, Kubernetes",8-12K·13薪,苏州,,2026-05-23 19:26:51
9c2b1b943761a0b91H1709u5FVVT,云计算工程师,河南卓优信息技术,20-99人,通信/网络设备,大专,1-3年,"计算机相关专业, 通信相关专业, HCIP, HCIE",7-8K,重庆,,2026-05-23 19:26:51
eaa31d0f93fb73970nV73Nq7FVJX,云计算工程师-华为项目,讯方技术股份,1000-9999人,计算机软件,大专,3-5年,,10-14K,珠海,,2026-05-23 19:26:51
df894aa6bfe4b01a0nd92t--EltU,云计算运维工程师,普宁懿火网络科技,0-20人,云计算,大专,经验不限,"网络运维, 实施交付运维, 系统运维, 桌面运维, 计算机相关专业, 运维经验, IDC机房运维",4-5K,揭阳,,2026-05-23 19:26:51
b260ed4c7178b4360nV429y1FltW,微服务工程师(OpenShift/Kafka/Redis),法本,10000人以上,计算机软件,本科,5-10年,"红帽, 系统运维, 项目管理, 运维开发经验, Kafka, Redis, Openshift, 运维经验, 云计算",30-40K,香港,,2026-05-23 19:26:51
71bf3c0a5b7fa5c70nR939q-GVRS,云计算驻场工程师,杭州明讯软件,100-499人,互联网,大专,3-5年,"系统运维, 云平台, 云计算, 分布式存储",9-11K,海口,,2026-05-23 19:27:12
3d000b05c25ac97d0nd809q0EFJW,云计算开发工程师,梯度科技,100-499人,计算机软件,本科,3-5年,"Python, Golang, Java, Kubernetes, Docker, MySQL",10-15K·14薪,长沙,,2026-05-23 19:27:12
91819168a78ad57c03x63Nm1E1tS,云计算工程师,杭州市上城区导源...,0-20人,计算机软件,本科,5-10年,,8-13K,杭州,,2026-05-23 19:27:12
de18e159dd7c28b60nZ60t-4GFJT,云计算工程师,湖北川灏贸易有限公司,100-499人,矿产/地质,本科,经验不限,"计算机相关专业, 网络安全相关经验, 软件工程",13-18K,凉山彝族自治州,,2026-05-23 19:27:12
f27ec721d37644e51H1z392-F1RY,云计算高级工程师,讯为科技,20-99人,通信/网络设备,大专,3-5年,"实施交付运维, Docker, Kubernetes, 计算机相关专业, 通信相关专业, FusionCompute, hcs, IAAS",12-17K,南昌,,2026-05-23 19:27:12
43755bab85be988e03B409y7GFRY,云计算交付工程师/专家,阿里云,10000人以上,互联网,硕士,5-10年,"Golang, DBA, 通信相关专业, Ansible/Salt/Puppet, 系统运维, 运维开发经验, 运维开发/DevOps, 计算机相关专业, Python/Shell, 电子/电气/自动化相关专业, 运维经验",25-50K·16薪,杭州,,2026-05-23 19:27:34
7aca69c6e8fc26ad03d82di4EVZS,云计算工程师,中电云计算技术,1000-9999人,计算机软件,本科,5-10年,,15-20K,成都,,2026-05-23 19:27:34
dbe5759a06f9ebae03V70tS_F1FV,云计算工程师,深圳云视融通科技,0-20人,云计算,大专,1年以内,,5-10K,深圳,,2026-05-23 19:27:34
df94790a065e92230nB409W5GFZY,运维工程师-D5761N,bilibili,10000人以上,互联网,本科,3-5年,"ELK, 云计算, K8S, Git, 互联网",15-30K·15薪,上海,,2026-05-23 19:27:54
d76c690cb19d361a0nB63Nq8EltV,云计算解决方案工程师,深圳鸿钧计算科技,100-499人,计算机服务,本科,经验不限,"计算机/通信相关专业, 云服务, 云计算实施工程师, 实施交付售后",9-14K·13薪,深圳,,2026-05-23 19:27:54
661f14bdcb93af1d03F-3d26EVVX,云计算技术支持工程师-北京,字节跳动,10000人以上,互联网,本科,5-10年,"企业内部IT技术支持, IT技术支持经验, 售前/售后技术支持, 计算机/通信相关专业, 英文可沟通, 技术支持, CICD, 代码读写能力, Devops, 云计算",30-60K,北京,,2026-05-23 19:27:54
4078b2d4c526e0e31Hx_3Ny7GFdU,云计算运维工程师,云南志同教育信息咨询,20-99人,人力资源服务,大专,经验不限,,7-8K,昆明,,2026-05-23 19:27:54
ef2a05434214ce970nZ53dm7GFtS,云计算开发工程师,数位物联,0-20人,计算机软件,本科,1-3年,"Rust, 边缘计算, Linux开发/部署经验, WASM",7-12K,西安,,2026-05-23 19:28:14
1422607eab3f28d30nV429i0ElJQ,云计算大客户经理,驻云集团,100-499人,计算机服务,大专,3-5年,,15-25K,上海,,2026-05-23 19:28:14
6d4ae4fc286c96940ndz3dy5FVNQ,运维工程师,金山云,1000-9999人,互联网,本科,1-3年,"网络运维, Python/Shell, 计算机相关专业, 通信相关专业, 运维经验, 云计算",10-15K,武汉,,2026-05-23 19:28:14
ffc579449354d4910nB52tu0FVFY,云计算系统运维工程师（日语）,野村综研(北京)...,100-499人,计算机软件,本科,5-10年,系统运维,15-18K·15薪,上海,,2026-05-23 19:28:14
338e573f1d3a68131nZ43t26FldS,云计算运维工程师,光环有云,20-99人,企业服务,本科,3-5年,"IT服务, KVM, 虚拟机技术, CI/CD, 自动化运维, 云计算",15-25K·15薪,北京,,2026-05-23 19:28:14
cd129b15077455fb0nV93ty6GFtQ,云计算售前工程师,云宏信息,100-499人,计算机软件,本科,10年以上,"云服务, 售前技术支持经验, 招投标经验, 虚拟化, 解决方案工程师, 私有云, 超融合, 产品经理",18-23K,上海,,2026-05-23 19:28:35
493571f5c2730ccb03153N24GVFY,云计算产品运维工程师,四川圣洁云创科技,0-20人,互联网,本科,1-3年,IDC机房运维,8-10K,成都,,2026-05-23 19:28:35
f7fdbf7037b3fe1e0nB439m1GFBT,售前工程师/架构师（云计算）,杰创智能,500-999人,人工智能,本科,5-10年,,20-30K,广州,,2026-05-23 19:28:35
651fa4876e5424271nFy2dm6FFVQ,云计算研发工程师,尖刀视,100-499人,计算机软件,本科,3-5年,高级软件工程师,15-16K,上海,,2026-05-23 19:28:57
3c72bbc5f59a36dd03192dq_E1NW,云计算技术售前工程师（解决方案）,福建省通信产业服务,20-99人,计算机软件,本科,3-5年,,10-15K·13薪,福州,,2026-05-23 19:28:57
86ace749af588cd70nV639m5EVBX,云计算运维工程师,北京国际算力服务,20-99人,云计算,硕士,3-5年,"GPU, 算力, 智算中心运维",20-30K·15薪,北京,,2026-05-23 19:28:57
1e40999ec22c35320nV-39u9FFRU,云计算高级工程师,北京某大型生活服务(O2O)公司,10000人以上,生活服务(O2O),本科,5-10年,"计算机相关专业, 通信相关专业, 运维经验, 运维开发经验, 虚拟化、存储、备份, 容器 K8S、混合云, 腾讯云 / 阿里云, Python/Go, API、IaC",30-50K·15薪,深圳,,2026-05-23 19:28:57
c85f08b055457dc703d509y4F1RT,云计算运维工程师,普天设计,100-499人,通信/网络设备,本科,1-3年,"系统运维, MySQL/Oracle, Docker, Kubernetes, 计算机相关专业, 运维经验, Linux, 云计算",7-8K,池州,,2026-05-23 19:28:57
f0ba6d1068bc32da03V40t28EFdZ,云计算MSP运维工程师（实习生）,赛客锐,20-99人,云计算,学历不限,经验不限,"网络运维, 日语, 系统运维, 运维开发/DevOps, 计算机相关专业, 网络安全相关经验, 运维经验, 云计算",2-3K,大连,,2026-05-23 19:28:57
de46cc49b461bf4b0nRz2N2-E1BU,云计算网络研发工程师(J13261),联通数字科技有限公司,1000-9999人,计算机软件,本科,3-5年,,18-35K·16薪,北京,,2026-05-23 19:29:18
b2eb1f2a8c52db661X1z2ti6FlBX,云计算交付工程师,阿里巴巴集团,10000人以上,互联网,本科,10年以上,"计算机相关专业, 运维开发经验, 云计算交付, 交付",20-40K,北京,,2026-05-23 19:29:18
db7dbd4510f430e31XV62dS5FVZR,云计算高级运维工程师,北控悦慧,100-499人,计算机软件,本科,5-10年,"通信相关专业, ELK, K8S, 自动化运维, 计算机相关专业, 运维经验, DevOps, NoSQL, Docker, 系统运维, MySQL, CI/CD, Kubernetes, Python",15-30K,北京,,2026-05-23 19:29:18
714ef539e42c2a2c0nV63d-0GVVT,云计算技术支持工程师,某机械设备公司,20-99人,机械设备/机电/重工,本科,1-3年,,15-25K,上海,,2026-05-23 19:29:18
509b001915c2a6171XJ609-5EFJS,云计算实施工程师,腾博元,0-20人,通信/网络设备,本科,1年以内,"计算机相关专业, 网络安全相关经验",1-3K,北京,,2026-05-23 19:29:18
6c47ccf30f81a7de1HZ-39u4E1RU,云计算工程师讲师,杭州阿盛科技有限公司,100-499人,电子商务,大专,5-10年,"运维开发/DevOps, MySQL/Oracle, Docker",24-35K,杭州,,2026-05-23 19:29:18
a4fffdec6b30a47c1XR43dS7F1VY,云计算运维工程师,佰晟,500-999人,计算机软件,大专,经验不限,"Java, Python, Delphi, 运维通信资格证书, 网络工程师证, CCNP证书, 网络爬虫技术, 嵌入式技术",10-15K,北京,,2026-05-23 19:29:18
653c72856fb38a831Xxy39S4FFVW,云计算运维工程师,联平科技,20-99人,通信/网络设备,本科,1-3年,"运维经验, 大数据运维经验",5-7K,泉州,,2026-05-23 19:33:58
19ce354665b10c741Xx_3dW5F1RZ,云计算运维工程师,阿里云,10000人以上,互联网,大专,5-10年,"运维开发/DevOps, MySQL/Oracle, Docker, Kubernetes, 计算机相关专业, 运维经验, 运维开发经验",15-18K,北京,,2026-05-23 19:34:39
f52f6ca0d9e55de90nB70924EFtV,云计算高级研发工程师,某知名学术公司,1000-9999人,学术/科研,硕士,3-5年,"云计算平台, 人工智能",50-75K,杭州,,2026-05-23 19:35:01
40d3a3a482a092f70nR43dm9ElZT,云计算工程师（IaaS研发和交付）(A80709),昆仑数智,1000-9999人,计算机服务,本科,5-10年,,15-25K,北京,,2026-05-23 19:35:22
c6291f664b34d2680nB43N2_EVtU,云计算工程师（南昌）,维创,100-499人,通信/网络设备,大专,1-3年,,5-8K,南昌,,2026-05-23 23:40:34
8b21acd542e3eb281nV_3N69EFtV,云计算工程师,信通院,1000-9999人,政府/公共事业,硕士,1年以内,"运维, 云计算, 计算机软件",16-19K,北京,,2026-05-23 23:40:34
dd08ced6103f2b450nB62Nq1EVVR,云计算工程师,奇瑞控股集团有限公司,10000人以上,汽车研发/制造,大专,5-10年,,7-10K,芜湖,,2026-05-23 23:40:34
505176b710f7df1c03xy09q6E1BY,云计算运维工程师,浙江中智之江科技,20-99人,大数据,本科,经验不限,"网络运维, Docker, 系统运维, Python/Shell, 计算机相关专业, 网络安全相关经验, 运维经验, IDC机房运维",7-9K·13薪,绍兴,,2026-05-23 23:40:34
651857a3f6c012bf0nd83NW9ElJU,云计算工程师,杭数人才,100-499人,计算机软件,大专,5-10年,,9-12K,海口,,2026-05-23 23:40:34
fd1544476091a0811nV_3dq5FVBR,云计算工程师,太极股份,1000-9999人,计算机软件,学历不限,经验不限,"网络运维, Windows, Unix, Python, Shell, 分布式技术, 虚拟机技术, Openstack",8-13K,海口,,2026-05-23 23:40:48
aa94edaf761b405e0nB72NS1FFRX,云计算运维工程师,北京荣荔建筑工程,0-20人,工程施工,大专,1-3年,"系统运维, IDC机房运维, 计算机相关专业, 通信相关专业, 运维经验, 运维开发经验, HCS，云平台",6-8K,保定,,2026-05-23 23:40:48
fd1544476091a0811nV_3dq5FVBR,云计算工程师,太极股份,1000-9999人,计算机软件,学历不限,经验不限,"网络运维, Windows, Unix, Python, Shell, 分布式技术, 虚拟机技术, Openstack",8-13K,海口,,2026-05-23 23:44:35
8daa527329ecb3bb1nxz09W9EVJZ,云计算工程师,德音科技,20-99人,计算机服务,大专,经验不限,"运维通信资格证书, 实施交付运维, 硬件, 系统运维, 机房运维, 服务器配置, 虚拟机技术, 计算机相关专业, 网络安全相关经验, 运维经验, 云计算",5-10K,哈尔滨,,2026-05-23 23:45:06
27816b70fbeb96600nB43967FlpW,云计算交付工程师,北京某中型互联网数字营销与游戏发行平台公司,500-999人,互联网,本科,1-3年,,15-25K,南京,,2026-05-23 23:45:06
95739fa696abd4ed0nZy3tm8EVNV,云计算开发工程师,华为云计算,10000人以上,互联网,本科,,,200-400元/天,北京,,2026-05-23 23:45:21
558a7685f1e0d8151HRy3t2_FldY,云计算工程师,鄂澳创新科技湖北,0-20人,通信/网络设备,本科,1-3年,运维开发/DevOps,12-14K,武汉,,2026-05-23 23:45:21
072ddfbb32f570980nd82dS4GFFU,云计算售前工程师(火山/巨量生态）,美好视界,20-99人,广告/公关/会展,本科,1-3年,售前技术支持经验,7-12K,苏州,,2026-05-23 23:45:52
909167e90b66bd030nV60tS8FVJY,云计算测试工程师,成都渔果科技,20-99人,计算机软件,大专,3-5年,"功能测试, 性能测试, 嵌入式测试, 计算机相关专业, 通信相关专业, 测试工作经验, 嵌入式测试, k8s, openstack",7-12K,成都,,2026-05-23 23:45:52
b26ab58b867ba1d30nd4096-EFdY,云计算助理工程师（五险一金/双休/不加班）,盒状元包装,0-20人,印刷/包装/造纸,大专,经验不限,,8-12K,武汉,,2026-05-23 23:46:22
ebb036b9644289c51HN629S-FlNT,云计算工程师,宝能,10000人以上,房地产开发经营,本科,5-10年,计算机相关专业,15-30K,深圳,,2026-05-23 23:46:22
ee4e9e114229c3c003Ry0tu-F1pY,云计算工程师,广州德立数据有限公司,0-20人,人工智能,本科,1-3年,"Python/Shell, MySQL/Oracle, 计算机相关专业, 运维经验, 运维开发经验, 云端, 云计算, 云端架构",18-20K,广州,,2026-05-23 23:46:22
e1c7eed40c2cca4403B90tm0GVRX,云计算PaaS/IaaS网络运维工程师,汉唐网络,20-99人,通信/网络设备,本科,3-5年,,5-10K·13薪,徐州,,2026-05-23 23:46:22
11eb2101483ccbda1Hx909m4F1BS,云计算高级工程师,哈尔滨普尔斯特,100-499人,运营商/增值服务,大专,1-3年,"网络运维, 桌面运维",7-12K,哈尔滨,,2026-05-23 23:46:22
547e351743856e7c1nBz0ty7EVNU,云计算运维工程师,宇宏电子科技有限公司,20-99人,通信/网络设备,大专,经验不限,"系统运维, 大数据运维, 机房运维, Linux, Windows, 分布式技术, 服务器配置",5-10K,合肥,,2026-05-23 23:46:22
4cfb5d587bd555c303Nz3964GVpU,云计算解决方案工程师-线上面试 六险一金,深圳某大型计算机软件公司,10000人以上,计算机软件,本科,1-3年,"云服务, 公有云, 私有云",15-25K·14薪,西安,,2026-05-23 23:46:49
901f5596131b1e700nB439m_E1dY,云计算运维工程师,中软国际,10000人以上,计算机软件,本科,3-5年,"Docker, 系统运维, 运维经验, 云计算运维经验, Kubernetes",14-15K,杭州,,2026-05-23 23:46:49
47534b0e5724db4a0ndz3dy7FFZW,云计算平台架构工程师,神州信息,10000人以上,计算机软件,大专,3-5年,,16-21K,上海,,2026-05-23 23:46:49
a13029471f4878fb1HN53N-1EldQ,云计算售前工程师,国电南瑞科技,500-999人,电力/热力/燃气/水利,本科,5-10年,"云服务, 计算机/通信相关专业, AWS/Azure/阿里云相关认证, 人工智能计算",15-23K,南京,,2026-05-23 23:46:49
d0150116b866825c03x509q1E1VW,云计算运维工程师-亚马逊云（需英文口语）,西云数据,100-499人,计算机服务,本科,在校/应届,,15-18K,北京,,2026-05-23 23:47:20
f7f5bdd5d2da07801nF63dW9EVJV,云计算售后技术支持工程师,UCloud,1000-9999人,云计算,本科,在校/应届,"Nginx, NoSQL, MySQL/Oracle, Linux, MySQL, Redis, MongoDB, Python/Shell",5-8K,成都,,2026-05-23 23:47:20
06d49e273d96be8403153tu1GFVW,云计算网络研发工程师,达梦数据库,1000-9999人,计算机软件,本科,1-3年,"Golang, Kubernetes, C++, Docker, 计算机相关专业, 云原生, 云计算, linux, 数据库, 网络技术",15-22K,武汉,,2026-05-23 23:47:20
1ae7eede903e76370nV639i0GFNX,云计算安全专家,某大型互联网公司,1000-9999人,互联网,本科,5-10年,,40-65K·16薪,杭州,,2026-05-23 23:48:17
2a97787e14c8d4661H1_39i7EVJQ,云运维高级工程师,翼海云峰,100-499人,大数据,大专,5-10年,"Golang, Java, 容器, 云服务, 华为云, 运维开发经验, Python/Shell, 数据库, 运维经验, 云计算",15-20K,上海,,2026-05-23 23:48:17
3407101c0684fb8d0nd83960GFtR,云计算硬件运维工程师,金山云,1000-9999人,互联网,本科,3-5年,"IDC机房运维, Python/Shell, Golang, 计算机相关专业, 通信相关专业, 运维经验, 裸金属, 大规模服务器运维经验, IDC",10-15K·15薪,武汉,,2026-05-23 23:48:17
280ae09ce510db280nd_09S5GFdQ,云运维工程师,西安公路研究院,500-999人,互联网,本科,3-5年,,13-20K·13薪,西安,,2026-05-23 23:48:30
aa94edaf761b405e0nB72NS1FFRX,云计算运维工程师,北京荣荔建筑工程,0-20人,工程施工,大专,1-3年,"系统运维, IDC机房运维, 计算机相关专业, 通信相关专业, 运维经验, 运维开发经验, HCS，云平台",6-8K,保定,,2026-05-23 23:53:16
dee785a76e2f1aca0nRz3tm0FltS,云计算工程师,航旅纵横,500-999人,生活服务(O2O),本科,3-5年,"Python/Shell, Golang, Ansible/Salt/Puppet, Docker, Kubernetes, 计算机相关专业, 运维开发经验, 云容器, 私有云, CKA, CKAD",15-20K·14薪,北京,,2026-05-23 23:53:58
a5418a366ffede640XB739q8EFc~,云计算工程师,中深农创,0-20人,大数据,本科,1-3年,"运维工程师, 安全运维, 运维监控, 机房运维, 运维开发, 云计算, 大数据, OpenStack",20-30K,深圳,,2026-05-23 23:54:20
fe0e9304563230471Hdz3ty6EFZQ,云计算服务工程师,内蒙古数字经济安...,0-20人,信息安全,大专,3-5年,"Docker, 计算机相关专业",8-13K,鄂尔多斯,,2026-05-23 23:54:20
8cae669800282e011nBy2N--ElNQ,云计算工程师,国信新网,20-99人,运营商/增值服务,本科,经验不限,"系统运维, 安全运维, 容器技术, 数据库运维, 服务器配置, 虚拟机技术",15-25K,北京,,2026-05-23 23:54:20
e99d7b0b881f6e0f0Hdz096-Elc~,云计算工程师,吕梁市云计算运营公司,20-99人,计算机服务,本科,3-5年,"Shell, Python",5-8K,吕梁,,2026-05-23 23:54:20
24a4f4cfa52034880nd-29y1FFZT,云计算工程师,平安科技,10000人以上,互联网,本科,3-5年,,15-20K·16薪,深圳,,2026-05-23 23:54:42
f11580e8bc25cc5f1XF609--F1NV,云计算应用运维工程师,海尔COSMOPlat,10000人以上,互联网,大专,3-5年,"实施交付运维, Elasticsearch, Docker, 大数据运维经验, PaaS, 运维开发/DevOps, 计算机相关专业, 运维经验, Kubernetes, 云计算, 应用运维",12-24K·16薪,青岛,,2026-05-23 23:55:02
a295baf5e1615ad40nd-3Nq0EVpY,云计算运维工程师(J10554),天地和兴科技有限公司,500-999人,信息安全,硕士,1-3年,,8-13K,北京,,2026-05-24 00:05:29
5ab452f88f7a1d481X150t6-FlZW,云计算技术工程师,荣耀,10000人以上,消费电子,本科,经验不限,"系统运维, IDC机房运维, 计算机相关专业, 运维经验, 运维开发经验",20-40K,深圳,,2026-05-24 00:24:11
aa5560fa8554aa610nR93d68F1pU,云计算工程师,峰潮信息,500-999人,计算机服务,大专,3-5年,"实施交付运维, 系统运维, HCIE, 华为云, 云计算",11-19K,兰州,,2026-05-24 00:28:19
dd08ced6103f2b450nB62Nq1EVVR,云计算工程师,奇瑞控股集团有限公司,10000人以上,汽车研发/制造,大专,5-10年,,7-10K,芜湖,,2026-05-24 00:28:19
505176b710f7df1c03xy09q6E1BY,云计算运维工程师,浙江中智之江科技,20-99人,大数据,本科,经验不限,"网络运维, Docker, 系统运维, Python/Shell, 计算机相关专业, 网络安全相关经验, 运维经验, IDC机房运维",7-9K·13薪,绍兴,,2026-05-24 00:28:19
c6291f664b34d2680nB43N2_EVtU,云计算工程师（南昌）,维创,100-499人,通信/网络设备,大专,1-3年,,5-8K,南昌,,2026-05-24 00:28:19
8b21acd542e3eb281nV_3N69EFtV,云计算工程师,信通院,1000-9999人,政府/公共事业,硕士,1年以内,"运维, 云计算, 计算机软件",16-19K,北京,,2026-05-24 00:28:19
651857a3f6c012bf0nd83NW9ElJU,云计算工程师,杭数人才,100-499人,计算机软件,大专,5-10年,,9-12K,海口,,2026-05-24 00:28:40
d8a3ed94091e51231nV5096-FVpY,云计算工程师,华为技术有限公司,10000人以上,计算机软件,大专,1-3年,"Linux, KVM, 云计算",10-15K·13薪,北京,,2026-05-24 00:29:02
e46ca3ac47f190560X182Nm7ElU~,云业务工程师,国科科技,1000-9999人,计算机软件,大专,1-3年,"安全运维, 虚拟机技术, 云计算, 运维工程师, 私有云, 公有云, 集群运维, 分布式技术",8-12K,龙岩,,2026-05-24 00:29:02
90aa273498bdc2010nV53967FVNY,云计算工程师,某知名企业,10000人以上,互联网,大专,经验不限,"HCIE, HCS, Cloud Computing",25-50K·13薪,香港,,2026-05-24 00:29:23
4312c8d093e38e620nB52d-6FVBU,云计算工程师-汽车-(A46132),北京小米移动软件,500-999人,互联网,本科,在校/应届,校招,面议,南京,,2026-05-24 00:29:44
83de7b201ddfe7c01HZz2dq8FFBU,云计算高级工程师,华为云计算,10000人以上,计算机服务,本科,1-3年,"系统运维, 运维开发/DevOps, 实施交付运维, Python/Shell, Nginx, Docker, 计算机相关专业, 运维经验, 运维开发经验, 云计算, openstack, 华为云",13-25K·13薪,东莞,,2026-05-24 00:30:06
fcc4e6f4db1295491XB52N61EFZX,云计算高级研发工程师,仪电中央研究院,20-99人,互联网,本科,经验不限,云计算,30-50K·13薪,上海,,2026-05-24 00:30:26
7425531115cda3530nB429i7E1RR,云平台运维工程师,法本,10000人以上,计算机软件,本科,1-3年,"Nginx, kvm, 系统运维, Openstack, Python/Shell, Vmware, Kubernetes, 云计算",9-11K,深圳,,2026-05-24 00:30:26
ba37e641abf3784f1nJ-3ty_EFtT,云计算运维工程师/云计算升级研发工程师,华为,10000人以上,计算机软件,本科,经验不限,"Python, Java, 安装部署, 升级, 持续集成",15-30K,杭州,,2026-05-24 00:30:26
88e7cc376c3ec0ed0nZ42tW9EVpQ,云计算技术支持工程师,有帮科技,20-99人,计算机软件,本科,3-5年,"网络运维, 英语听说读写, Ansible/Salt/Puppet, 大数据运维经验, 系统运维, 英语四级, 运维经验",11-18K·13薪,北京,,2026-05-24 00:30:26
bbb23ff0dd313f461XV93dm4ElI~,云计算维护工程师,华为,10000人以上,计算机软件,本科,1-3年,"Linux, 网络, 运维",12-20K,西安,,2026-05-24 00:30:48
e77be5b410feb17b03x-2Nu7GFVT,运维工程师（LinX+网络）,内蒙古航宇,0-20人,计算机软件,本科,3-5年,"网络运维, 分布式技术, 计算机软件, 桌面运维, 网络协议, 运维经验, Zabbix, Shell, 大数据运维经验, 系统运维, 运维开发经验, 安全运维, Python, 云计算",5-6K,鄂尔多斯,,2026-05-24 00:30:48
3b70ecbad2ffe4201HV52Nu5GVFZ,云计算运维工程师,贵州禾尧科技有限公司,0-20人,互联网,本科,1-3年,"系统运维, 运维开发/DevOps, 实施交付运维, Redis, Docker, Kubernetes",12-15K,广州,,2026-05-24 00:30:48
93189b18b66fa4e51HR-3N-9FVtT,云计算运维工程师,阿里巴巴集团,10000人以上,互联网,本科,3-5年,"系统运维, 运维开发/DevOps, 实施交付运维, Python/Shell, Kubernetes, Docker, MySQL/Oracle, 计算机相关专业, 运维经验, 运维开发经验, 大数据运维经验, SRE, TAM",25-45K·16薪,北京,,2026-05-24 00:30:48
64752176569ea1683nR-39i7FVs~,华为云运维工程师/云架构师,新岸线,20-99人,互联网,本科,1-3年,云计算,5-10K,长春,,2026-05-24 00:30:48
741cd6beab1654df1nZ92dS6EldT,IDC运维工程师,江阴欧维,20-99人,通信/网络设备,大专,经验不限,"服务器配置, Linux, 机房运维, 网络交换技术, Windows, SQLServer, 云计算, IT服务",4-8K,无锡,,2026-05-24 00:30:48
2f2647e19bf612681X1-3Nq-E1ZR,云计算运维技术工程师,阿里巴巴集团,10000人以上,互联网,本科,3-5年,"Docker, Kubernetes, 计算机相关专业",15-25K·15薪,北京,,2026-05-24 00:30:48
622b902a65f2c2421nZy0tW9GVJX,运维工程师,常德畅捷信息技术...,0-20人,计算机软件,大专,5-10年,"数据库运维, 系统运维, 应用运维, SQL, 分布式技术, SQLite, 云计算, 计算机软件",8-9K,常德,,2026-05-24 00:30:48
905c59e7a763d5ae03x43Nm0FlpS,【2026校招】游戏运维工程师,广州4399,1000-9999人,游戏,本科,在校/应届,"系统运维, MySQL/Oracle, CDN, 云计算, Linux, 网络技术",13-20K·13薪,广州,,2026-05-24 00:31:08
9d1d528e9bf0e99a1nd639y1FVVS,技术支持工程师,杉岩数据,100-499人,计算机软件,本科,经验不限,"Linux, 云计算, RHCA, CCIE证书, 服务器配置, 分布式技术, 存储运维, 系统运维",10-15K·14薪,深圳,,2026-05-24 00:31:08
2399b2e22e21c2e81nZ-3di8EVBX,技术支持工程师,河南德阳信息技术,20-99人,通信/网络设备,学历不限,经验不限,"硬件, 网络设备, IT服务, 云计算, 网络安全, 计算机软件, 智能硬件, 管理系统",4-6K,驻马店,,2026-05-24 00:31:08
ce7c554f288c4026031_29i1GFBY,运维工程师-云计算、DevOps,捷誊技术,20-99人,计算机服务,本科,5-10年,"python, 实施交付运维, 通信相关专业, 运维开发/DevOps, 计算机相关专业, 网络安全相关经验, 运维经验, Kubernetes, 云计算",15-25K,深圳,,2026-05-24 00:31:08
b2af1acb959111bb0ndz2NS7EVRT,工艺工程师,武汉某中型半导体/芯片公司,100-499人,半导体/芯片,本科,3-5年,,16-30K,武汉,,2026-05-24 00:31:08
7ff45635a27db35433B53Nu0EVM~,驻场工程师,兰州赛柏达,20-99人,计算机服务,学历不限,1-3年,"IT技术支持, IT服务, 网络设备, 云计算",3-8K,西宁,,2026-05-24 00:31:08
049084ada080ecf50nRz09S1GFZY,sre工程师,庭宇,100-499人,云计算,本科,3-5年,"云原生, 自动化运维, 私有云, 云计算, OpenStack",18-25K,北京,,2026-05-24 00:31:08
64a3580e5b8b620a0nd_0tS0E1BQ,运维工程师（双休+五险一金）,青莲网络,100-499人,互联网,本科,1-3年,"阿里云, 系统运维, 运维开发经验, 火山云, 计算机相关专业, 网络安全相关经验, 云平台, 运维经验, AWS, 云计算",6-8K,广州,,2026-05-24 00:31:08
b06e0e8effb937131nZ43tS4GFVQ,运维工程师,崛创博纳,20-99人,通信/网络设备,学历不限,经验不限,"安全运维, 机房运维, 云计算, 硬件, 网络设备, 网络安全, 维护设备, 计算机软件",5-8K,凉山彝族自治州,,2026-05-24 00:31:08
4a36dd56517be5560nd-2tW5FFFS,点云算法工程师,湖北某大型电子/半导体/集成电路公司,1000-9999人,电子/半导体/集成电路,硕士,3-5年,,20-40K,武汉,,2026-05-24 00:31:08
2fb523d8f8acecc80nd839S-FVtR,数据科学工程师,某大型汽车零部件公司,100-499人,汽车零部件,博士,1-3年,,20-40K,武汉,,2026-05-24 00:31:08
af87f69a73d713431XF_2tq6GFVW,驻场运维工程师,云恒智安,20-99人,通信/网络设备,大专,经验不限,"安全运维, 系统运维, 网络运维, 云计算, 桌面运维, 虚拟化运维, 储存运维, 数据库运维",6-10K·13薪,南昌,,2026-05-24 00:31:08
db96ea80b2ba0a260nd_2N-8E1dX,高级云运维工程师,华银数科,1000-9999人,计算机软件,本科,3-5年,"系统运维, 云平台, 云计算",15-20K,北京,,2026-05-24 00:31:08
8c3e2a9c6e9fc7ba1nZz2N20GFBX,智蒙云公司运维工程师,生态环境大数据,20-99人,大数据,本科,1-3年,云计算,6-10K,呼和浩特,,2026-05-24 00:31:08
323de6f4ee8af5f91nF80t60FlBU,软件实施工程师,众联鼎兴,20-99人,计算机软件,学历不限,经验不限,"云计算, 系统运维, 自动化运维, 安全运维, 管理系统, 网络设备, 计算机软件, 网络安全",4-7K,广州,,2026-05-24 00:31:08
8eb3f503c074d85e1nV829q-FFNW,云平台迁移工程师,安云,100-499人,计算机软件,大专,1-3年,"运维, 网络运维, 虚拟化运维, 系统运维, Unix, 安全运维, 云计算系统管理, 云计算",8-12K,北京,,2026-05-24 00:31:28
45a8235735f8b06233x_2dm4E1Y~,云原生运维工程师,驭势科技,100-499人,智能硬件,本科,1-3年,"运维工程师, 容器技术, 云计算, Python, Shell",20-30K·14薪,上海,,2026-05-24 00:31:28
1f69b0d693d9a3a40ndy2du8F1JS,光模块ATE工程师,四川绵阳某中型通信/网络设备公司,100-499人,通信/网络设备,本科,3-5年,,30-45K·14薪,武汉,,2026-05-24 00:31:28
d9c0ecd4a96dea341nZ_2Nu8ElVQ,高级研发工程师,国洲电力,20-99人,仪器仪表/工业自动化,本科,1-3年,"云计算, 大数据",9-13K,杭州,,2026-05-24 00:31:28
6c293b6ea1a702681nZ929u4GVJT,技术服务工程师,索扬友联,20-99人,计算机软件,本科,1-3年,"IT服务, 大数据, 管理系统, 云计算, 应用运维, 系统运维, 财务管理，工商管理, 计算机软件",5-6K,银川,,2026-05-24 00:31:28
93bf8ce40fc1a0ee1XR93dq9GVo~,Linux运维工程师,创信博达,20-99人,计算机软件,本科,1-3年,"Linux, MySQL, 系统运维",6-10K,武汉,,2026-05-24 00:31:28
c5fecfc07f601f811nZ83Ny7FlNZ,网络运维工程师,蓝奕信息,20-99人,通信/网络设备,本科,经验不限,"IT服务, 机房运维, 系统运维, 网络交换技术, 虚拟机技术, 网络设备, 网络协议, 云计算",2-4K,呼和浩特,,2026-05-24 00:31:28
2146267927eadc0f1nVy3NS8EFRR,运维工程师,EASYSTACK,100-499人,企业服务,本科,1-3年,"Linux, 分布式技术, 虚拟机技术, 虚拟化运维, Openstack, Kubernetes, KVM, 云计算",11-16K,上海,,2026-05-24 00:31:28
59c4f24defd83d0503x90tq4GVVR,标定测试工程师,湖北汉瑞景,20-99人,汽车零部件,本科,1-3年,,8-13K·13薪,武汉,,2026-05-24 00:31:28
79698e130e81d67a1nN439m8E1tV,运维测试工程师,交控科技,1000-9999人,计算机软件,本科,1-3年,"Linux, 容器技术, 网络协议, Kubernetes, 云计算",7-9K,武汉,,2026-05-24 00:31:28
be198e651c5c66ba0nB43dy1FFZW,软件运维工程师【Python/go开发】,纬致芯创科技,1000-9999人,计算机软件,本科,3-5年,"Python/Shell, Golang, 云计算",7-9K,北京,,2026-05-24 00:31:28
2ac87e0ffb2940f31XV42d67FVZU,Windows运维工程师,粒度,20-99人,社交网络与媒体,本科,5-10年,"Windows, Zabbix, 系统运维, 云计算",20-35K·14薪,北京,,2026-05-24 00:31:28
c3c5d0e2ace36d7f1Hd62dS9FVBV,私有云高级运维工程师,腾讯云,10000人以上,互联网,本科,5-10年,"云原生, 网络运维, DBA, 系统运维, SRE, 云计算",25-50K,深圳,,2026-05-24 00:31:28
561cc743e54015861nZz2dm9FVVZ,运维工程师,云通链网,20-99人,计算机软件,学历不限,1-3年,"桌面运维, 网络运维, 系统运维, 计算机相关专业, 通信相关专业, 运维经验, 运维开发经验, 大数据运维经验, vos, 安全运维, 云计算, 应用运维, 呼叫中心",6-11K,上海,,2026-05-24 00:31:28
b712ff5522288e830nRz0tW9ElFY,sqe工程师,深圳宝龙达信息技...,1000-9999人,计算机硬件,本科,3-5年,"物料供应商, IT/通信, SQE工作经验, 了解OEM/ODM, 笔记本",11-18K·13薪,武汉,,2026-05-24 00:31:28
2b29bf2c0327f08f0nV73tW0FFdZ,云计算运维工程师,正方达,100-499人,通信/网络设备,学历不限,1-3年,,5-6K,洛阳,,2026-05-24 00:37:35
0654201cb1264b1f0nV73Nu_F1JX,云计算工程师,讯方技术股份,1000-9999人,计算机软件,大专,3-5年,,10-15K,珠海,,2026-05-24 00:37:57
603d77bdd0e2065a0ndz39S-GVRV,云计算驻场运维工程师,北京软通动力云计...,10000人以上,互联网,本科,3-5年,"网络运维, 通信相关专业, Docker, 系统运维, 专有云, 计算机相关专业, Kubernetes",10-15K,韶关,,2026-05-24 00:38:39
aa883b84b2b7b86e0nd62N-5GVdV,初级运维工程师（底薪4500+可接受实习生）,湖北欣星尚科技,20-99人,信息安全,学历不限,经验不限,"通信相关专业, 系统运维, 计算机相关专业, 电子/电气/自动化相关专业",4-9K,武汉,,2026-05-24 00:39:00
571dd0cf58974e240XFy2NW9FVU~,云平台运维工程师 （平台运维方向）,楚天云,100-499人,互联网,学历不限,经验不限,"运维工程师, 系统运维, 运维监控, 云计算, 大数据",13-23K,武汉,,2026-05-24 00:39:00
74ef36ec21a84cbd1nZz2N2-FFdU,系统运维工程师,浪潮云,20-99人,计算机服务,本科,1-3年,"云计算, 系统运维, 安全运维, 自动化运维, 虚拟化运维, 机房运维, 存储运维, Windows",8-10K,常德,,2026-05-24 00:39:19
44ee7147096c2f7f0Xxz0tm-FVc~,运维工程师,辉昌科技,0-20人,计算机软件,大专,3-5年,"MySQL/Oracle, IT技术支持, 硬件, 系统运维, 运维开发经验, 计算机软件, 运维经验, 云计算",3-8K,鹤壁,,2026-05-24 00:39:19
154d63733bf1a45a03F72N-9FlRQ,运维工程师,莆田市荔城区同创...,0-20人,计算机软件,大专,经验不限,"网络运维, 实施交付运维, 通信相关专业, 大数据运维经验, 系统运维, 计算机相关专业, 网络安全相关经验, 运维经验, 云计算",6-10K,莆田,,2026-05-24 00:39:40
957ca2710572718a1Xx72d25ElBQ,驻场工程师,锋云聚,20-99人,通信/网络设备,大专,1-3年,"网络运维, 网络安全相关经验, 云计算",6-8K,南通,,2026-05-24 00:39:40
9f9cfeeededf292a1XJ73tm4FFVQ,cae工程师,盛名汽车,20-99人,咨询,本科,3-5年,CAE,6-11K·13薪,武汉,,2026-05-24 00:39:40
ccb7e61c113c539b0nd52Nu_FFZW,云计算系统运维工程师,咸云科技,20-99人,通信/网络设备,本科,3-5年,"系统运维, 计算机相关专业",9-14K·13薪,上海,,2026-05-24 00:39:40
ad486a026be032191n1829W1F1dV,云计算运维工程师,泓鑫,100-499人,互联网,本科,1-3年,"Python, 分布式技术, 虚拟机技术, KVM",10-15K,北京,,2026-05-24 00:39:40
9edb85bc7c6a1f0f0HB409W-FVo~,数据中心运维工程师,亚马逊AWS,10000人以上,互联网,本科,1-3年,"运维工程师, 硬件, 机房运维, 网络设备, 云计算, Python, Linux",10-12K,北京,,2026-05-24 00:40:01
4efc7949fdd82af11XZy0968GFZS,云计算工程师（网络）,某大型基金公司,500-999人,基金,硕士,1-3年,"Python, Shell, 网络协议, Linux, 安全运维",25-45K·15薪,广州,,2026-05-24 00:40:01
68505020992a9ef50nB5292-FVNS,高级SAP运维工程师（PP）,eSUN易生,500-999人,石油/石化,本科,10年以上,,12-20K·13薪,武汉,,2026-05-24 00:40:01
495805f6485c160d3nFy3di6EVs~,云桌面运维工程师,设计总院,1000-9999人,交通/运输,本科,1-3年,"云桌面, 虚拟机技术, vmware, citrix, 云计算",8-12K,合肥,,2026-05-24 00:40:01
3a99a93773c629220nd83dS0FFFX,云平台/分布式存储服务工程师,山东浪潮数字服务,100-499人,互联网,本科,3-5年,"实施交付运维, 超融合, 虚拟化, 分布式存储, 云平台",12-16K,武汉,,2026-05-24 00:40:01
68348921f4b538110nB529i9ElFV,云平台运维工程师,湖北楚禹水务科技,100-499人,信息安全,本科,3-5年,"网络运维, IDC机房运维, 计算机相关专业, 网络安全相关经验, 具备企业私有云运营管理经验优先",10-15K,武汉,,2026-05-24 00:40:01
691acef67000e0ca0nB42t6_GFJV,感知评测工程师,大连致胜科技,20-99人,计算机软件,本科,3-5年,,10-12K,武汉,,2026-05-24 00:40:01
4b5ffe1b044f855a0nB63Ny9ElBV,焊装工艺工程师,阿科德斯,1000-9999人,其他专业服务,本科,3-5年,"焊接, 工艺开发",10-13K,武汉,,2026-05-24 00:40:01
c2fed396030e0b670XN82ti1E1I~,虚拟化工程师,中国电科28所,1000-9999人,计算机软件,本科,1-3年,"Shell, Python, 容器技术, 分布式技术, 云计算",15-25K,南京,,2026-05-24 00:40:01
eaef0fd8dc65824a0H1429S1FlU~,服务器运维工程师,东普科技,1000-9999人,快递,大专,1-3年,"运维工程师, 系统运维, 虚拟机技术, Zabbix, 云计算, 运维监控, Ansible, 容器技术",12-20K·14薪,上海,,2026-05-24 00:40:01
4a8b0e89bf6ee1b33nZ43Ny4FFc~,运维工程师,绵阳易财,20-99人,计算机软件,本科,3-5年,"IT技术支持, Linux, 运维工程师, 人工智能, Oracle, SQL, 管理系统, 云计算",6-11K,绵阳,,2026-05-24 00:40:01
6aa2ea6caa7a38090XF52Nm6FFc~,驻场工程师（在甲方光谷，XX研究所办公）,艾柏思,0-20人,计算机软件,本科,3-5年,"网络运维, 系统运维, 运维工程师, 虚拟机技术, 网络设备, 安全运维, 网络安全, 云计算",10-15K,武汉,,2026-05-24 00:40:01
88b8c451df26102d33R52Nq4E1Y~,虚拟化运维工程师,平达网络,20-99人,通信/网络设备,本科,3-5年,"运维工程师, 系统运维, 虚拟机技术, 云计算, 网络设备, 硬件, IT服务",5-10K,西安,,2026-05-24 00:40:21
cbf18b1f12ea19291nRz0tS9FFtT,智能化云网运维工程师,中邮科,1000-9999人,计算机软件,大专,1-3年,"网络运维, 云计算, 网络设备, 运维",6-9K,福州,,2026-05-24 00:40:21
1038bb8179caa99f03d-0t-_GFFY,网络运维工程师,华斧网络科技（上...,20-99人,企业服务,本科,1-3年,"网络运维, Java, CCIE, SDWAN维护, TCP/I P等网络协议, 公有云, Python/Shell, 计算机相关专业, 网络安全相关经验, 运维经验, 实施交付运维, 系统运维, 云计算",11-18K·15薪,上海,,2026-05-24 00:40:21
cd2809716f6bab420nRy39y4EFNZ,桌面运维工程师/双休/高薪+五险一金/年休假,武汉鸿升教育科技,500-999人,培训/辅导机构,大专,3-5年,,6-10K,武汉,,2026-05-24 00:40:21
a7c26dad3671d4130nB7296-GFJV,FVT测试工程师,东莞某大型通信/网络设备公司,1000-9999人,通信/网络设备,本科,5-10年,,20-40K,武汉,,2026-05-24 00:40:21
89329b0a6615a90a0nR82Ny9F1NW,云服务工程师（高级）,深圳汇智云,100-499人,互联网,本科,3-5年,"运维开发/DevOps, 实施交付运维, Python/Shell, MySQL/Oracle, 计算机相关专业, 运维开发经验, 运维经验, 大数据运维经验, 网络安全相关经验, AWS云, 云计算, AI, 容器, 云迁移",18-25K,深圳,,2026-05-24 00:40:21
38290ed33dfe65030nR629m6FVFV,AI运维工程师,武汉简讯,0-20人,互联网,本科,,,110-150元/天,武汉,,2026-05-24 00:40:21
c913e94a9aeb30700nV80961F1I~,Linux运维工程师,泽塔云,20-99人,计算机服务,本科,1-3年,"故障排查, 云平台运维, Linux, 桌面运维, Shell, 云计算, 网络设备, IT服务",4-8K,合肥,,2026-05-24 00:40:21
ee36bd5dae9581a103B50ty7FVFW,南平运维工程师（云平台）,福建省通信产业服务,20-99人,计算机软件,本科,1-3年,"云计算, Linux",7-10K·13薪,南平,,2026-05-24 00:40:21
70d6d030662ad9231nR-092_EFJT,运维工程师,新华策,20-99人,互联网,大专,1-3年,"运维, 运维工程师, 网络运维, 项目实施, 云计算, 运维开发",9-12K·13薪,北京,,2026-05-24 00:40:21
072212b6370cf3aa1XV42d66FlBY,专有云运维工程师,北京字节跳动,1000-9999人,互联网,本科,5-10年,"实施交付运维, 运维开发/DevOps, 网络运维, Docker, Kubernetes, Ansible/Salt/Puppet, 运维经验, 网络安全相关经验, 运维开发经验, 云存储, SRE, 云网络, 运维架构, 云计算",30-60K·15薪,北京,,2026-05-24 00:40:21
caba3c4b3300d29e1XBz0t-9GFRY,云平台高级SRE运维工程师,深信服科技,1000-9999人,计算机软件,本科,3-5年,"Golang, 系统运维, SRE, 运维开发/DevOps, IAAS, Python/Shell, 云计算",20-35K·13薪,深圳,,2026-05-24 00:40:43
fd020956481c2d700ndz3ty6GFFX,虚拟化运维工程师,北京能科瑞元有限公司,1000-9999人,互联网,大专,5-10年,"系统运维, Kubernetes, Docker, 运维经验, VMware, vSphere",10-12K,武汉,,2026-05-24 00:40:43
c759cf0359e04f2b0nZ739i1FVBQ,工艺工程师,武汉某中型智能硬件上市公司,500-999人,智能硬件,本科,3-5年,,20-40K,武汉,,2026-05-24 00:40:43
a4d99f6ceb3ec56b0nd73du9EldY,AE工程师,上海御渡半导体科...,100-499人,半导体/芯片,本科,经验不限,,20-40K·13薪,武汉,,2026-05-24 00:40:43
ab3962b8715006b81nZ82tu6GFVV,运维工程师,鼎峰网络,20-99人,互联网,本科,经验不限,"Linux, 系统运维, 机房运维, 服务器配置, 自动化运维, SQL Server, Apache, 云计算",6-11K·13薪,深圳,,2026-05-24 00:40:43
257e16d253d16fdb03x_2Nu1EFBT,鸿蒙开发工程师,芯睿视科技,100-499人,智能硬件,本科,1-3年,"鸿蒙开发, Android",11-15K·13薪,武汉,,2026-05-24 00:40:43
64b3f555e5bf7dae0nd-29y6E1FT,运维工程师,广州玖讯,20-99人,计算机服务,大专,1-3年,"网络运维, 阿里云, 运维开发/DevOps, 计算机相关专业, Python/Shell, 电子/电气/自动化相关专业, 运维经验, 网络安全, AI产品及解决方案, Docker, 系统运维, 运维开发经验, Kubernetes, 云计算",5-8K·13薪,广州,,2026-05-24 00:40:43
0ac6dbedbf44b0aa0XB92dy9GFU~,运维工程师,润原科技,20-99人,计算机服务,大专,1-3年,"Java, 运维开发/DevOps, 计算机软件, Redis, Python/Shell, 计算机相关专业, 运维经验, 项目实施, 网络安全, 解决方案, 实施交付运维, MySQL/Oracle, Docker, 大数据运维经验, 系统运维, 运维开发经验, 网络设备, 大数据, 云计算",4-8K·13薪,成都,,2026-05-24 00:40:43
277f8da80027991f03Z83di-FlFY,专有云运维工程师,腾讯云,1000-9999人,互联网,本科,3-5年,"网络运维, 运维工程师, 运维开发/DevOps, 计算机相关专业, Python/Shell, 运维经验, Linux, 系统运维, 运维开发经验, 集群运维, 容器技术, Kubernetes, 云计算, Python",15-30K·14薪,西安,,2026-05-24 00:40:43
4420e7ab1839a04c0nV62d21EVtR,AI工程师,武汉问典科技有限公司,0-20人,人工智能,本科,,"PyTorch, Docker, Pandas, MySQL, 机器学习经验, Redis, Python",100-150元/天,武汉,,2026-05-24 00:40:43
25b6b7cdb6ed3c830nV63928FFNQ,蛋白纯化工程师,亚科因生物,20-99人,生物/制药,本科,1-3年,"生物工程, ELISA, 蛋白纯化, 细胞培养, 活性验证",8-13K,武汉,,2026-05-24 00:40:43
9c6dd4db16f9012f0nZ-2968FlFQ,DevOps运维工程师,每刻,500-999人,企业服务,本科,3-5年,"运维工程师, SaaS, 集群运维, 分布式技术, 自动化运维, 容器技术, 云计算, Python",12-20K·13薪,杭州,,2026-05-24 00:40:43
ca3aaa15698c87e40nd52N60GVFU,运维工程师,华夏天信,100-499人,采掘/冶炼,本科,3-5年,"Nginx, Redis, 自动化运维, Python/Shell, 计算机相关专业, 运维经验, Jenkins, Docker, Linux, 系统运维, 运维开发经验, 容器技术, Kubernetes, 云计算",8-10K,徐州,,2026-05-24 00:40:43
cb239b0ea45687bc03Ny3ti6GVFV,DSP算法工程师,盛帆集团,1000-9999人,仪器仪表,本科,3-5年,"PCS, 逆变器, C++, C, 通信相关专业, DSP开发经验, 储能变流器, 电子/自动化相关专业, MATLAB, 电力电子, 控制算法, 嵌入式开发经验",20-30K·14薪,武汉,,2026-05-24 00:40:43
5fb3d108da73d32503x_09S-GVFQ,运维工程师（湖北武汉）,天辉科技,100-499人,计算机服务,本科,1-3年,"IDC机房运维, 系统运维, 计算机相关专业, 网络安全相关经验",7-11K,武汉,,2026-05-24 00:40:43
4d111d858e4bc2290ndz3di0FVdX,云计算工程师,傲林,20-99人,通信/网络设备,大专,1-3年,"云计算, 安全运维, 机房运维, 软件/IT服务",4-6K,呼和浩特,,2026-05-24 00:44:53
61babd3e2547a9390nd72tq9EFdZ,云计算工程师,河南卓优信息技术,20-99人,通信/网络设备,大专,3-5年,"HCIE, HCIP",8-12K,重庆,,2026-05-24 00:45:34
20b58e1d7e0bd9ae1HV639y0FFZX,云计算网络工程师（康定项目）,集数,0-20人,计算机服务,学历不限,经验不限,"网络运维, 系统运维, IDC机房运维, Python/Shell, Golang, Ansible/Salt/Puppet",6-10K,成都,,2026-05-24 00:46:15
00d65298a72debac0nRz39S-EFBW,华为云计算工程师,福建盛钿科技,20-99人,运营商/增值服务,大专,1-3年,"Python/Shell, Nginx, Docker, 运维经验, 云计算, 华为云",8-11K,崇左,,2026-05-24 00:46:15
0aa378843bfbf9790nB43N2-EVFS,虚拟化运维工程师 (VMware虚拟化方向),深圳易宝软件有限公司,1000-9999人,计算机软件,本科,5-10年,,11-12K,武汉,,2026-05-24 00:46:36
15b4f4b2ac1db2a203dy3NS8FlFV,连接器工程师,中连讯科,20-99人,通信/网络设备,本科,3-5年,,9-14K,武汉,,2026-05-24 00:46:57
1bac2601caa9e9100nB63di9GFRY,技术支持工程师,武汉某大型光通信上市公司,1000-9999人,企业服务,本科,3-5年,"实施交付运维, 通信相关专业, OTN/SDH产品, TCP/IP",21-35K,武汉,,2026-05-24 00:46:57
15effaa2273979bc0nV_39W1GVJS,运维工程师（云原生 / K8s 方向、自研）,凝动医疗,20-99人,医疗器械,大专,1-3年,"Docker, 系统运维, k8s, 运维开发/DevOps, Python/Shell, 计算机相关专业, 网络安全相关经验, 运维经验",8-12K,武汉,,2026-05-24 00:47:19
cd55c4659a1426911XBy0tS8FlFV,云计算高级研发工程师,海康威视,10000人以上,计算机软件,本科,3-5年,"后端, 运维开发, Python, Shell, ovirt",18-22K,武汉,,2026-05-24 00:47:19
8a01a9eb04f5b7a60ndy2dy-EFVT,EMS调试工程师,湖北君安储能科技,100-499人,储能,本科,3-5年,"网络安全相关经验, 储能EMS, 编程, C/C++, EMS软件架构设计, 云存储",15-22K,武汉,,2026-05-24 00:47:19
efa3ffe4cf6dcd34031-29q0GVtR,仿真工程师,武汉森木磊石,100-499人,电子/半导体/集成电路,本科,1-3年,,8-12K,武汉,,2026-05-24 00:47:19
592e290f8ddf937103d-09W_FVU~,云计算技术工程师,百度,10000人以上,互联网,硕士,5-10年,"Linux, 运维开发, CDN",15-16K,北京,,2026-05-24 00:47:19
3c2e29a90e780f6a03172t67F1pT,电芯研发工程师,昊诚锂电,500-999人,新能源,本科,3-5年,"锂电池, 研发工程师, 磷酸铁锂电池, 电芯, 钴酸锂电池, 锰酸锂电池, 三元锂电池, 3C产品, 化工相关专业, 镍镉/氢电池, 电池PACK",12-20K·13薪,武汉,,2026-05-24 00:47:41
45cf746d3d1ecea703x43d-8EFRY,运维工程师,深圳中深智云科技,20-99人,人工智能,大专,在校/应届,"通信相关专业, Linux, PLC, 运维开发经验, 计算机相关专业, 电子/电气/自动化相关专业, 运维经验",3-5K,武汉,,2026-05-24 00:47:41
a0cc099d7bdbecf103162dm1E1dV,ios逆向工程师,畅想精彩,20-99人,游戏,本科,3-5年,"IOS SDK, 广告SDK",25-50K·13薪,武汉,,2026-05-24 00:47:41
ca53af6196ea560f0nd509W4E1BX,尺寸工程师,深圳市御联网络科技,100-499人,互联网,本科,5-10年,,20-30K,武汉,,2026-05-24 00:47:41
ed00300b50f037040nZ909-8FlBQ,腾讯云TKE运维工程师,腾讯,10000人以上,互联网,本科,3-5年,,12-20K·13薪,武汉,,2026-05-24 00:47:41
d892a1c1aca3138e1Hd73dS-EFRT,匿名公司招聘质量管理/测试,某电子公司,20-99人,电子/半导体/集成电路,本科,3-5年,"PQA/PQE, SPC, MSA, FMEA, 汽车质量管理体系标准",20-40K·15薪,武汉,,2026-05-24 00:47:41
9938bb77e5046c8b03F739q_ElFV,X86硬件工程师,慧为智能,100-499人,智能硬件,本科,3-5年,,14-15K·14薪,武汉,,2026-05-24 00:47:41
9880e033f1c6cab503F729-4FVNS,质量工程师,武汉楚凯,100-499人,金属制品,本科,3-5年,"客户质量工程师, 机械视图能力, AITF质量管理体系, 制程质量工程师",8-9K,武汉,,2026-05-24 00:47:41
fc514fcbd96bfc2703N52ty5EFFV,销售工程师,迪赛环保,100-499人,化工,本科,1-3年,"项目跟踪, 技术配合与沟通, 售前/售后技术支持, 商务谈判能力, 业务创新能力, 技术转销售, 化学化工相关学历, 化工",8-13K,武汉,,2026-05-24 00:48:02
e353cdba1be850410nB62di0FldR,EMS系统测试工程师,楚能新能源,1000-9999人,动力电池,本科,3-5年,,15-30K,武汉,,2026-05-24 00:48:02
bd3a5372f82dee5b0ndz2d-7E1RV,销售工程师,矢量科学,100-499人,半导体/芯片,本科,1-3年,"市场拓展能力, 技术配合与沟通, 商务谈判能力, 客户开发与维护, 泛半导体全栈, 半导体、射频、光通信、传感器封装, 晶圆厂、面板、光伏, 电子/半导体/集成电路, 市场营销相关学历, 技术转销售, PVD、PECVD、MOCVD、CVD, 微电子相关学历, 对机构 (To B) 销售经验, 电气相关学历, 机械相关学历, 项目跟踪",10-15K,武汉,,2026-05-24 00:48:02
6f973cd87efe103e0nZ829u0FlFT,sqe工程师,鼎汇微电子,1000-9999人,半导体/芯片,本科,5-10年,,9-13K,武汉,,2026-05-24 00:48:02
309815a3c36d11df0nd-0t64ElNV,计算机网络运维工程师,天毅龙环保,0-20人,环保,大专,3-5年,,7-10K,武汉,,2026-05-24 00:48:02
5306ecd0221c0cb30nd839-0E1pT,运维工程师(周末双休|二次元手游),心悦互娱,20-99人,游戏,学历不限,3-5年,Linux,6-10K,武汉,,2026-05-24 00:48:02
152c115ede01dc450nVy3t64GFZY,品质工程师,烽火通信,10000人以上,通信/网络设备,本科,3-5年,"机械制造, SQE工作经验, 产品供应商",11-18K,武汉,,2026-05-24 00:48:02
cd0a962a971ebab10nR92di-E1dV,容器云实施工程师,灵雀云,100-499人,计算机软件,本科,1-3年,"实施交付运维, Docker, 计算机相关专业, Kubernetes, 云计算",12-23K·13薪,广州,,2026-05-24 00:54:37
923f5b033e720aef0nR43tm_GVdY,KA运维工程师,悦智人工智能,1000-9999人,互联网,大专,1-3年,"Linux, 音视频, 系统运维, TCP/IP, 网络服务运维, 云计算",5-6K,长沙,,2026-05-24 00:54:37
f9f4d420effd71930nB63NS_EFRV,智驾测试工程师,凯泽利,100-499人,汽车零部件,本科,1-3年,功能测试,10-15K,武汉,,2026-05-24 00:54:37
0c4df7fa8eff7df90nV_2Nm9FlRV,运维工程师,北京清露环保,0-20人,环保,本科,1-3年,fab排气,16-21K,武汉,,2026-05-24 00:55:00
8a96f8e6339259570nZ9292_EVJQ,驱动工程师,东土军悦,100-499人,通信/网络设备,本科,5-10年,,15-30K,武汉,,2026-05-24 00:55:00
6491c71090c9f6e90nB42t24FlFV,准备工程师,武汉中科铭天,100-499人,计算机软件,本科,1-3年,,10-12K·13薪,武汉,,2026-05-24 00:55:00
657bfa3cc1dce25a0nZ829i8FFNS,大数据运维工程师,武汉水盛霖,20-99人,生活服务(O2O),大专,经验不限,,3-8K,武汉,,2026-05-24 00:55:00
8aef04e17549d8480nB63dW1FlVR,销售工程师,汉朔科技,500-999人,新零售,本科,在校/应届,,9-14K,武汉,,2026-05-24 00:55:00
34f9119c66ae8c791H1929q9ElNS,腾讯云智运维工程师（武汉）,腾讯,10000人以上,互联网,本科,5-10年,系统运维,12-22K·14薪,武汉,,2026-05-24 00:55:00
d23b99763d46bfd41H1z3dq1EFJX,行车测试工程师,魔视智能,100-499人,智能硬件,本科,5-10年,"测试工作经验, 性能测试, 功能测试, 计算机相关专业",18-30K·13薪,武汉,,2026-05-24 00:55:00
fb4568f38119ede10nB42dW9FltT,实施工程师,吧哒,100-499人,计算机服务,本科,1-3年,,5-7K,武汉,,2026-05-24 00:55:20
aca68c22493abf630nR539y7FFVT,边缘硬件实施工程师,中焙智能,20-99人,计算机软件,本科,3-5年,"AI 推理框架, 嵌入式操作系统, 智能安防监控系统, 门店设备远程管理系统, 硬件驱动软件",8-12K,武汉,,2026-05-24 00:55:20
13a1f4e35c85333b0nZy3t-4GFpR,传感器开发工程师,武汉某大型汽车研发/制造上市公司,10000人以上,汽车研发/制造,本科,3-5年,,20-25K,武汉,,2026-05-24 00:55:20
4dbb029f5c5345d01nZ50964GVpW,技术咨询及交付工程师,新环佳,20-99人,计算机软件,大专,3-5年,"VMware, 实施交付运维, 系统运维, 虚拟机技术, 集群运维, 计算机相关专业, 网络协议, 云计算",5-8K,成都,,2026-05-24 00:55:20
55eaca47152b558c0nB43di6EFRT,质量工程师,嘉驰英才,1000-9999人,人力资源服务,本科,3-5年,,20-25K,武汉,,2026-05-24 00:55:20
74f2ecff61e449320nZ70tm0E1ZQ,测绘销售工程师,天宝耐特,100-499人,仪器仪表,本科,1-3年,,8-12K,武汉,,2026-05-24 00:55:20
b9dbc2f3a822289d0nd729q_GFZV,声学仿真工程师,海微科技,1000-9999人,汽车零部件,本科,1-3年,"声学仿真, 空间声场, 仿真建模分析, 声学物理仿真",15-30K,武汉,,2026-05-24 00:55:20
9933bd9a76fb51620ndy2di0EFBV,AI 技术交付工程师,杭州瀚云动力技术,0-20人,云计算,本科,1-3年,"实施交付运维, 通信相关专业, Ansible/Salt/Puppet, Docker, 大模型, Python/Shell, 计算机相关专业, 运维经验, Kubernetes",11-13K·13薪,武汉,,2026-05-24 00:55:20
fe756077cafd21cf1Hd-3dy7GVdQ,ETL工程师,数增科技,20-99人,咨询,本科,1-3年,"Hive, 计算机相关专业, Spark, ETL设计/开发经验, 数学/统计相关专业, Python",4-8K,武汉,,2026-05-24 00:55:20
6841cafdd9210a9b0nB73d--GFFQ,助听器研发工程师,某医疗器械公司,0-20人,医疗器械,本科,3-5年,"产品测试 性能评估, 助听器研发, 产品工艺优化, 软件检测 结构检测, 文档管理 数据分析",20-35K,武汉,,2026-05-24 00:55:20
777026d8003f3f6c0nR92dW9FVpR,液压工程师,湖北神拓,20-99人,专用设备,本科,1-3年,,11-12K,武汉,,2026-05-24 01:03:35
da92fb20c433bfee031y3tm_EldQ,TD外延工程师,某中型半导体/芯片公司,500-999人,半导体/芯片,本科,经验不限,,20-40K·15薪,武汉,,2026-05-24 01:03:56
013efd8006abf7bb1H1y3di-GVBV,可靠性工程师,钧恒科技,500-999人,通信/网络设备,本科,5-10年,"移动通信设备, 寿命试验, 特殊试验, 加速试验, 环境试验",11-18K·13薪,武汉,,2026-05-24 01:03:56
77c6e4579684a92e0nB62d-9F1BQ,驱动工程师,长川科技,1000-9999人,半导体/芯片,本科,3-5年,,15-30K·15薪,武汉,,2026-05-24 01:03:56
15a72be55c5951a70ndy3d-4FVZY,云平台运维工程师,西藏雅江计算科学技术,20-99人,互联网,本科,1-3年,"网络运维, 系统运维, 计算机相关专业, 通信相关专业, 运维经验",15-19K,武汉,,2026-05-24 01:03:56
6ca8f63f4c36ec66031-3N6-FlFX,Linux 运维工程师,武汉中科瑞通,20-99人,互联网,本科,5-10年,"网络运维, 实施交付运维, 通信相关专业, Docker, 大数据运维经验, 系统运维, 运维开发/DevOps, 运维开发经验, 计算机相关专业, 运维经验, Kubernetes",11-12K,武汉,,2026-05-24 01:04:18
1696bae9062485650nd929y6EFNS,通信研发工程师,武汉某大型光通信器件上市公司,1000-9999人,企业服务,本科,3-5年,,20-21K,武汉,,2026-05-24 01:04:18
9deacc1838d84a020nd_3t2_GFFX,framework开发工程师,尚科数据无锡有限公司,0-20人,计算机服务,本科,3-5年,"Launcher, Settings, SystemUI, Framework",15-18K,武汉,,2026-05-24 01:04:18
37fae25f4990dae31nF43t61FlVT,交付工程师,腾讯,10000人以上,互联网,本科,3-5年,"MySQL, 容器技术, 虚拟机技术, 负载均衡技术, 网络交换技术, 服务器配置, 网络协议",15-20K,武汉,,2026-05-24 01:04:18
d72d1efd6c0359790nd_2N60GFBQ,应用软件开发工程师-云存储,北京外企德科人力...,1000-9999人,人力资源服务,本科,1-3年,"C++, C, STL, 超融合, 分布式存储, 存储, 私有云, 云计算",15-20K·15薪,武汉,,2026-05-24 01:04:18
14914ce34149e1e00nV53di1EVZT,DSP 工程师 附近兼职,湖北清源智测仪器仪表,0-20人,电子/硬件开发,本科,经验不限,,3000-4000元/月,武汉,,2026-05-24 01:04:18
122e8a0c3dfd6f6a0nB42du1EVJV,ME工程师,联特科技,1000-9999人,电子/硬件开发,本科,3-5年,"半导体经验, 现场工程师（ME）经验, 不需要出差, 芯片/半导体经验",18-26K,武汉,,2026-05-24 01:04:18
5de17654cd1b9df80nd-39-9FFJZ,质量工程师,武汉微泰电子有限公司,100-499人,半导体/芯片,本科,1-3年,"内审员资格证, 不需要出差, 团队管理经验, ISO9001经验, SQE经验（供应商）, 有质量管理经验, 电子/通信经验",9-11K·14薪,武汉,,2026-05-24 01:04:18
83384fffb0e74fba0nZz29q5FFNS,Unity研发工程师,数驱互动,100-499人,互联网,本科,3-5年,,18-30K·14薪,武汉,,2026-05-24 01:04:39
b8abed53eca7c9c70Xd809-7FFQ~,IT技术支持/运维工程师,创投信息服务,0-20人,计算机服务,大专,经验不限,"运维工程师, IT技术支持, 网络运维, 服务器配置, 虚拟机技术, 云计算, 硬件",4-9K,南昌,,2026-05-24 01:04:39
a182a2b1973535d50nR829S8GVZY,CAD算法工程师,华工赛百,100-499人,计算机软件,本科,3-5年,"C/C++, 大模型算法",15-22K·14薪,武汉,,2026-05-24 01:04:39
4520d2f75e68bebf03xy3d27EVZY,高级网络工程师,理工光科,100-499人,通信/网络设备,本科,5-10年,"有网络工程师经验, Zabbix/Prometheus, 系统集成商, 1年以内网络工程师经验, 1到3年网络工程师经验, CCNA/HCIA等, 大型网络实施, 数据中心运维",8-12K·14薪,武汉,,2026-05-24 01:04:39
af90b5c2890a5b8e0nZ53ti5FFdW,交付工程师,京山轻机,1000-9999人,印刷/包装/造纸,本科,3-5年,,5-7K·13薪,武汉,,2026-05-24 01:04:39
369cd2b6846073ba1HF52t2-EFZW,云计算工程师,江西恒迈科技有限公司,0-20人,通信/网络设备,本科,1-3年,"系统运维, IDC机房运维, 实施交付运维, MySQL/Oracle, 计算机相关专业, 通信相关专业, 电子/电气/自动化相关专业, 运维经验, 云计算",5-8K,南昌,,2026-05-24 01:10:47
1cdd4b546600e2581HR62tu4GVZZ,云计算讲师,贵州禾尧科技有限公司,0-20人,互联网,本科,1-3年,"网络运维, 系统运维, 运维开发/DevOps, Redis, MySQL/Oracle, Docker, 计算机相关专业, 运维经验, 运维开发经验",15-20K,黔西南布依族苗族自治州,,2026-05-24 01:10:47
3a04104a4888bce70ndz2tq4FlRW,光纤拉丝工程师,武汉某大型通信/网络设备上市公司,10000人以上,通信/网络设备,本科,1-3年,,20-22K,武汉,,2026-05-24 01:12:10
372b71d71d5473ab0nB43ty0E1FZ,底盘工程师,东风汽车,10000人以上,汽车研发/制造,本科,1-3年,,20-40K,武汉,,2026-05-24 01:12:30
4207d706158dee030nB529i_EFBZ,可靠性工程师,武汉某中型半导体/芯片公司,100-499人,半导体/芯片,本科,5-10年,,23-45K,武汉,,2026-05-24 01:13:14
b9734ed6d956c8960ndy2Ni9FlpW,系统工程师（OS/云平台集成与运维）-武汉,中科曙光,1000-9999人,互联网,本科,3-5年,,30-60K,武汉,,2026-05-24 01:13:14
c4f1e4c267c40b3d0ndy09u9GVpT,底盘工程师,某大型汽车研发公司,500-999人,汽车研发/制造,本科,3-5年,,20-30K·15薪,武汉,,2026-05-24 01:13:14
25db160691081c8a0nB52964EVRY,数据中心运维工程师,鑫恒福,20-99人,互联网金融,大专,1-3年,"达梦DCM, 海量数据库",10-15K,武汉,,2026-05-24 01:13:14
c05c049d857200c80nZ73di8EVRV,运维工程师（大厂外包）,某大型计算机软件公司,10000人以上,计算机软件,本科,3-5年,,15-25K,武汉,,2026-05-24 01:13:34
fee24e502813e0c51XB50tm9EVBX,云运维高级工程师,双彩虹教育,20-99人,通信/网络设备,本科,5-10年,"计算机相关专业, 云运维、华为云运维、天翼云运维",10-11K,武汉,,2026-05-24 01:13:34
975dfa96e4edb9930nV-2d64FFVW,技术支持工程师,九思易,20-99人,计算机软件,本科,经验不限,,13-20K·13薪,武汉,,2026-05-24 01:13:34
852b29afcce0344c0nB529y1ElpV,电商运维工程师,eSUN易生,500-999人,石油/石化,本科,5-10年,,10-15K·13薪,武汉,,2026-05-24 01:13:34
137a0b10ddbe83761HF83tu6GFBS,光模块FAE工程师,超擎数智,100-499人,人工智能,本科,1-3年,"光模块, CMIS, OSFP",12-20K·14薪,武汉,,2026-05-24 01:13:55
72264e3ab23cdaaa0nd42Nq4EVZV,SLAM算法工程师,地大信息,100-499人,计算机软件,本科,3-5年,"ros, 自主定位, 地图构建",15-30K,武汉,,2026-05-24 01:13:55
3d12aad79d8d48e81Hx_3NW4FlFR,标定工程师,瑞立科德斯,100-499人,汽车零部件,本科,1-3年,"性能测试, 功能测试",8-13K,武汉,,2026-05-24 01:13:55
3463d12fd65d5abb03N82Nu6FltY,硬件工程师,武汉蓝电,100-499人,电子/硬件开发,本科,在校/应届,,10-15K·14薪,武汉,,2026-05-24 01:13:55
d2d35748875b987f03x82N-4FVRT,销售工程师,武汉特车,20-99人,专用设备,本科,在校/应届,,4-8K·13薪,武汉,,2026-05-24 01:13:55
232e8503a760474e03J73t66ElFS,上位机工程师,京山轻机,1000-9999人,印刷/包装/造纸,本科,5-10年,,10-15K·13薪,武汉,,2026-05-24 01:13:55
b4125a04eb6e00700nB73N67GVRS,固态变压器工程师,武汉某中型环保公司,100-499人,环保,本科,5-10年,,20-40K,武汉,,2026-05-24 01:13:55
cf495274897c9fb703B439q9EVRV,硬件工程师,东莞铭普光磁,1000-9999人,通信/网络设备,本科,3-5年,"计算机相关专业, 通信相关专业, 硬件开发经验, 机械设计制造相关专业, 光模块, 400G, 800G",28-35K,武汉,,2026-05-24 01:13:55
2b5c0bc77eb129530nV539-1EVRQ,云计算中级工程师【南京工作】,讯方技术股份,1000-9999人,计算机软件,大专,经验不限,"HCIP/HCIE, 桌面运维",8-12K,芜湖,,2026-05-24 01:18:21
4e183b9de30f85790nB729u7EFBR,云计算交付工程师,中电信数智,1000-9999人,通信/网络设备,本科,3-5年,,10-15K,合肥,,2026-05-24 01:18:43
49d58b9a9b338ee60nB73dm7ElZT,云计算运维工程师,ZStack,100-499人,计算机软件,本科,5-10年,"实施交付运维, 运维经验",11-14K·15薪,成都,,2026-05-24 01:19:05
d8c06502062e8a951HN929q4FVtY,运维驻场工程师,承希科技,100-499人,通信/网络设备,本科,5-10年,"HCIE, 华为云, 存储IE, 私有云, 云计算",11-16K,绍兴,,2026-05-24 01:19:27
fe9c11a1bf21805a03xy39m0GFRQ,云计算,政联,20-99人,其他专业服务,本科,1-3年,,10-11K,杭州,,2026-05-24 01:19:27
5270351da235d5c60nV929W0GVNX,云平台交付工程师,浩鲸科技,10000人以上,通信/网络设备,本科,1-3年,"腾讯TCE, Docker, MySQL/Oracle, 系统运维, 运维开发/DevOps, 云平台交付, 运维经验, Kubernetes, 云计算",10-15K,北京,,2026-05-24 01:20:09
256fc094f6349a3033R929S-EVY~,运维工程师,T2Cloud,100-499人,互联网,本科,3-5年,"运维工程师, 系统运维, Shell, 虚拟机技术, 云计算, openstack, VMware, Linux",15-20K,北京,,2026-05-24 01:20:09
34e479de9cdfd7fe0nV43dq0E1FV,PCB工程师,武汉某大型上市企业服务公司,1000-9999人,企业服务,本科,5-10年,5G,20-30K,武汉,,2026-05-24 01:20:30
af5e5cce6eb597b40nV939W0FVpR,制冷工程师,斯诺制冷,0-20人,机械设备/机电/重工,本科,1-3年,"PLC编程软件, 不需要出差, 设备厂商（乙方）, 设备采购/选型经验, 要求有机械设备工程师经验, 机电设备经验, SolidWorks, 可兼职",10-15K·13薪,武汉,,2026-05-24 01:20:30
246abc2393f6f3ca0nB529W8EFZW,运维工程师,联合永道,1000-9999人,计算机软件,本科,3-5年,"通信相关专业, 系统运维, 运维开发/DevOps, Prometheus, GPU集群, Python/Shell, 计算机相关专业, 应用系统, Kubernetes, 云计算",10-11K,深圳,,2026-05-24 01:20:30
5e5c4f804e5efbe70nd83N21GFtV,PIC工艺工程师,东莞某大型计算机/通信/其他电子设备公司,10000人以上,计算机/通信/其他电子设备,本科,3-5年,,25-35K,武汉,,2026-05-24 01:20:51
3a7bd06d3d93ad290nd739y0EFFT,数据中心运维工程师,中曙能环境,20-99人,机电工程,大专,1-3年,系统运维,7-8K,武汉,,2026-05-24 01:20:51
429b8138ca158f2c0nZy2N-8GFFU,制冷工程师,哈哈零兽,500-999人,人工智能,本科,3-5年,"冰箱, 冷柜, 冷链",13-23K,武汉,,2026-05-24 01:20:51
d752bef0d0166a9c0nZy2Ni9FFtQ,诊断测试工程师,沈阳盛和通科技,100-499人,计算机软件,本科,3-5年,,12-20K,武汉,,2026-05-24 01:20:51
ae9fa37723c82d5e0nZ82Ni5F1dV,应用工程师,欧科佳(上海)汽...,100-499人,汽车零部件,本科,1-3年,"C#, Java, C++",10-15K·13薪,武汉,,2026-05-24 01:20:51
3913e7c5d8beacca0nB60t29GFVS,运维交付工程师,武汉飞越,20-99人,通信/网络设备,本科,10年以上,"实施交付运维, 通信相关专业, 运维开发经验, 项目交付经验, 计算机相关专业, 运维经验",8-10K·13薪,武汉,,2026-05-24 01:20:51
5fabaccf3fd7a68e0ndz2tu6F1NX,电气设计工程师,中电节能,100-499人,电力/热力/燃气/水利,本科,3-5年,"中央空调, 分布式光伏, 能源",8-12K,武汉,,2026-05-24 01:20:51
9c8be1b84a25e89e031_2dq4EVdR,运维工程师,成都菲尚祥运,20-99人,互联网,本科,1-3年,"网络运维, Elasticsearch, MySQL/Oracle, 计算机相关专业, 大数据运维经验, 云计算",10-15K,成都,,2026-05-24 01:21:11
82fa7ce736cc8ffa3nJ42dW9FFE~,金蝶软件服务工程师,广州市凯盟信息技...,20-99人,计算机软件,本科,3-5年,"实施交付运维, IT技术支持, 金蝶软件售后工程师, 运维, 云计算",5-10K,广州,,2026-05-24 01:21:11
6d5ae279b267ab1f0ndz0tm9ElZU,物流工程师,某知名仪器仪表公司,1000-9999人,仪器仪表/工业自动化,本科,3-5年,"运输SOP制定, 物流网络规划, 仓储管理, 关务合规管理, 物流业务开发, 英语能力好",20-22K,武汉,,2026-05-24 01:21:11
a645a220008126270XN63Ni0GFs~,虚拟化运维工程师,药明康德,10000人以上,生物/制药,本科,3-5年,"IT技术支持, 集群运维, 服务器配置, 虚拟机技术, 云计算",10-11K,上海,,2026-05-24 01:21:11
84a82e6cf0c59b670nZ739S7FFtU,模具开发工程师,武汉某大型智能硬件公司,10000人以上,智能硬件,本科,5-10年,"有模具工程师经验, 冲压经验, UG, 电子/通信, 冲压模具",20-25K·13薪,武汉,,2026-05-24 01:21:11
9ba9481cb5ac8cf003Vy2tS9EVVW,高级光学工程师,某大型半导体/芯片上市公司,1000-9999人,半导体/芯片,本科,3-5年,光学开发，激光器,25-40K·16薪,武汉,,2026-05-24 01:21:11
98ae5e80e0b699640nZ72t64EVpQ,AI工程师,合智数能,100-499人,其他新能源,本科,3-5年,"人工智能, 新能源",13-20K,武汉,,2026-05-24 01:21:11
a454c5feee873d3f0nd839y0EFZX,电机工程师,武汉某中型自动化设备上市公司,100-499人,自动化设备,硕士,经验不限,,20-40K,武汉,,2026-05-24 01:21:11
e978eec3f15797841HR43d21GVJQ,云交付工程师,北京百度网讯有限公司,10000人以上,互联网,本科,3-5年,实施交付运维,12-24K,武汉,,2026-05-24 13:25:54
3b00814e37eb82a10nZ70tm7EFdQ,SOC算法工程师,君海数能,100-499人,储能,本科,1-3年,,10-15K,武汉,,2026-05-24 13:26:36
5372ad3a492059590nR739-9GFZT,量测工程师,武汉某大型半导体/芯片公司,1000-9999人,半导体/芯片,本科,5-10年,,40-70K·15薪,武汉,,2026-05-24 13:26:36
06eb3ac43679ef391HJ52N-5GVRT,运维工程师（实习生）,微创新,20-99人,计算机软件,本科,,"实施交付运维, 系统运维, 桌面运维",100-150元/天,武汉,,2026-05-24 13:26:36
973dd482aa2f68680nd729S1EldW,液压工程师,武汉极景智能科技,100-499人,汽车智能网联,本科,3-5年,"液压系统, 液压原理",10-15K,武汉,,2026-05-24 13:26:57
cf7cc182308a0eb40nd_09S0GVJQ,芯片仿真工程师,国科光领,20-99人,半导体/芯片,硕士,在校/应届,,8-12K·13薪,武汉,,2026-05-24 13:26:57
23072f9474ff745d0nV52ty7GFRW,基础架构系统运维工程师(J14145),长江存储科技有限...,10000人以上,半导体/芯片,本科,3-5年,,10-15K,武汉,,2026-05-24 13:26:57
18b2d54b706fc4ec1HB-3920EFtT,MRI 工程师,武汉叠拓,0-20人,医疗器械,本科,3-5年,"算法, 序列, 成像, MRI",20-40K,武汉,,2026-05-24 13:26:57
3db5a0e7df498d4a0nB639W-GFJU,机器人运维工程师（可实习）,武汉晴山科技有限公司,20-99人,智能硬件/消费电子,大专,1-3年,"网络运维, 系统运维, 运维开发经验, 桌面运维, 计算机相关专业, 电子/电气/自动化相关专业, 运维经验",4-6K,武汉,,2026-05-24 13:26:57
5468a7e7d9301af10nZ73d24EVVT,车载测试工程师,上海友衷,20-99人,电子/硬件开发,本科,1-3年,,18-22K,武汉,,2026-05-24 13:26:57
57bff5b3540606a50nB70t2_FVNX,工艺工程师,上海伊械科技有限公司,20-99人,电气机械/器材,本科,1-3年,,8-12K·14薪,武汉,,2026-05-24 13:27:17
ca0d181ab2b1095a0nB73dq6EFVV,地图编译工程师,众向科技,20-99人,人工智能,本科,1-3年,"数据编译, Python",9-14K,武汉,,2026-05-24 13:27:17
5ce40c0283af8b8203By3d61GFVY,制冷工程师,智莱科技,1000-9999人,专用设备,本科,5-10年,"制冷与低温技术专业, 制冷",12-22K,武汉,,2026-05-24 13:27:17
71000e494159f2210nRy29q4F1RT,SQE工程师,恩达通,500-999人,通信/网络设备,本科,3-5年,"了解OEM/ODM, IT/通信, SQE, pcba, 物料供应商, SQE工作经验, 供应商, smt, pcb",11-18K·13薪,武汉,,2026-05-24 13:27:17
e9a669977abc28c40ndy29q4GFJU,agent工程师,武汉超无穹科技,0-20人,人工智能,本科,,"Golang, C/C++, 语音算法, 团队管理经验, 图像算法, 自然语言处理算法, 大模型算法, 参加算法相关竞赛/获奖, 数据挖掘, 运筹优化, Python, SQL",100-200元/天,武汉,,2026-05-24 13:27:17
0aee1fc95aafce941n193NW_GFFS,Linux运维工程师,融捷科技,100-499人,计算机软件,本科,3-5年,"Java, 服务器配置, JBoss, Oracle, PostgreSQL, Linux, 英语熟练",10-12K·13薪,武汉,,2026-05-24 13:27:17
6860daa4064592171HF83N24EFtY,云计算工程师,北京电旗,1000-9999人,互联网,大专,1-3年,"kvm, openstack",15-16K,北京,,2026-05-24 13:33:23
bca0de6e1c50b9970nd539u_FFNZ,电机研发工程师,正固乾行,0-20人,企业服务,本科,5-10年,"电气/电力/电子专业, 自动化专业, 研发工程师, 熟悉永磁同步电机, 工艺工程师, 设计工程师",15-25K,武汉,,2026-05-24 13:36:08
672527bbb44fbca103xy3du0EldW,硬件产品工程师,武汉鼎维,20-99人,通信/网络设备,本科,1-3年,"通信相关专业, 硬件开发经验",10-14K·13薪,武汉,,2026-05-24 13:36:30
12418121d42a6ee60nZ43dy7FlJU,驱动工程师,武汉富士康,10000人以上,电子/半导体/集成电路,本科,经验不限,"计算机相关专业, Windows驱动开发经验",5-10K·13薪,武汉,,2026-05-24 13:36:30
0aacc8c727bd4b640nZ83tu1EVtW,全栈工程师,鲸创传媒,0-20人,广告/公关/会展,本科,3-5年,"RESTful API, 后端开发经验, PostgreSQL, JavaScript, 全栈无侧重, Node.js, AIGC, MySQL/Redis/MongoDB, Python, 全栈项目经验",10-15K,武汉,,2026-05-24 13:36:30
526a1d6fc9a8fc160ndz3t25E1NX,云计算,中电信数智科技,100-499人,互联网,本科,3-5年,阿里云计算高级认证,8-10K,乌鲁木齐,,2026-05-24 13:43:39
1eefc9651aa52f260nB63dS_EVtR,量化策略工程师,智量通,20-99人,互联网,本科,经验不限,,12-17K,武汉,,2026-05-24 13:43:39
ea25b1d97781521a0nB60tm8FVJS,linux驱动开发工程师,国开鸿科技,20-99人,通信/网络设备,本科,3-5年,"C/C++, linux驱动开发经验, linux内核, linux内存, linux进程调度",15-20K,武汉,,2026-05-24 13:44:00
99b135cf741d652f0nV829i0F1RR,pcb设计工程师,海德博创,100-499人,铁路/船舶/航空/航天制造,本科,5-10年,,10-15K,武汉,,2026-05-24 13:44:21
472af5feb3107c700nd_2966EVBV,IDC基础设施运维高级工程师,烽火通信,10000人以上,通信/网络设备,本科,1-3年,"网络运维, 系统运维, IDC机房运维, 运维开发/DevOps, DBA, Java, Python/Shell, Golang, Ansible/Salt/Puppet, Redis",15-16K,武汉,,2026-05-24 13:44:42
5d51b1f10b6b45ae0nZ73t-_EFZT,电机结构工程师,武汉某大型汽车研发/制造上市公司,10000人以上,汽车研发/制造,本科,5-10年,,25-35K,武汉,,2026-05-24 13:44:42
c8cfb97ebf9120d40nd_092_GFBY,UE5工程师,墨匠文化,20-99人,互联网,本科,3-5年,"UE4, C/C++, 计算机/软件工程相关专业, 美术/动画基础, 游戏客户端开发经验, UE4开发经验",50-80元/时,武汉,,2026-05-24 13:44:42
5c44ff586e4807710nZ50tm-EltU,尺寸工程工程师—奕派科技,东风汽车集团股份...,10000人以上,汽车研发/制造,本科,5-10年,"冲压, 焊接, 总装工艺",15-30K·13薪,武汉,,2026-05-24 13:44:42
ee4eb69d82767172031-0tu6FVNV,机械工程师,某大型汽车电子产品公司,1000-9999人,汽车零部件,本科,3-5年,,25-28K·14薪,武汉,,2026-05-24 13:54:35
d3af91f538ece5491nB50t26EVBZ,运维工程师,易备科技,20-99人,大数据,大专,1-3年,"系统运维, 安全运维, 存储运维, Linux, Windows, Java, 云计算",5-7K,金华,,2026-05-24 13:54:57
12156413b60ffa6a1nd63965F1BV,驻点运维工程师,国能信控,500-999人,信息安全,本科,3-5年,"网络协议, 虚拟机技术, 网络交换技术, KVM, VMware, 运维通信资格证书, CCIE证书, 云计算",5-8K,成都,,2026-05-24 13:54:57
1088995d912e00b40nB729-_EVdZ,云计算技术工程师,神州控股,1000-9999人,互联网,大专,5-10年,云计算,8-10K,漳州,,2026-05-24 14:01:25
63c33d8ac4f01d6f0nB62ty5FVRY,云计算高级工程师,兴业数金,1000-9999人,互联网,硕士,3-5年,"阿里云, Ansible/Salt/Puppet, Elasticsearch, Docker, 华为云, 腾讯云, 运维开发/DevOps, AI, Python/Shell, 计算机相关专业, GPU, Kubernetes",15-16K·20薪,成都,,2026-05-24 14:01:46
990d01a3c367fec503F82t2_GFtR,云计算技术服务工程师,阿里云,10000人以上,互联网,硕士,,"AI, 大模型, 计算机相关专业, 云计算",350-400元/天,上海,,2026-05-24 14:02:28
ecd25e8684179d7e1XV-3Nm5EVRU,运维工程师,软极网络,20-99人,计算机软件,本科,1-3年,"云计算, ansible, Jenkins, Openstack, KVM",10-15K,北京,,2026-05-24 14:02:50
e7f4fb6d6312c35c3nV83NS9E1M~,云维护工程师,重庆电信系统集成,100-499人,计算机服务,本科,3-5年,"运维工程师, 安全运维, 运维监控, 云计算, 管理系统",12-16K,重庆,,2026-05-24 14:03:11
000530228e70cb290nJ439m_FFY~,网络运维工程师,青贝科技,20-99人,计算机软件,大专,1-3年,"运维工程师, 网络运维, 网络设备, 云计算",5-6K,武汉,,2026-05-24 14:03:32
a0e7ff2bc74ccfd90nB639y1GVFY,后端工程师,元始智能科技,20-99人,互联网,本科,3-5年,"Python, Java, Django, Flask, MongoDB, Redis, Linux开发/部署经验",10-15K·13薪,武汉,,2026-05-24 14:03:32
de09fea9fc3698691nV83d21GFdT,高级运维工程师,未知君,100-499人,医疗健康,本科,5-10年,"运维, 自动化运维, 云计算, Python, Shell, 系统运维, SRE",18-30K,深圳,,2026-05-24 14:03:32
22277e886d993a8b1nd72929FFJV,高级单片机工程师,武汉中旗光电科技,0-20人,机械设备/机电/重工,本科,3-5年,"单片机开发, FPGA开发, DSP开发, 自动化技术, C语言, 智能硬件, 示波器, 信号发生器",10-15K,武汉,,2026-05-24 14:03:51
61b09045fd7b8d3d0nVz29W4FFJU,农药研发工程师,武汉格瑞农生物科技,100-499人,生物/制药,硕士,1-3年,"生物相关专业, 研发型, 生产型, 生物农药, 农药, 发酵",10-13K·13薪,武汉,,2026-05-24 14:03:51
b134f729223eb1450nR43dy9GVdV,水利模型研发工程师,大水云科技,100-499人,电力/热力/燃气/水利,硕士,经验不限,"水动力模型, Python",11-22K,武汉,,2026-05-24 14:03:51
44da993ed353c7f41Xd-0tq8EVFQ,电气工程师,武汉圣达电气,20-99人,自动化设备,本科,3-5年,"电控工程师, CAD, SolidWorks",8-10K,武汉,,2026-05-24 14:03:51
19d247d74bcc60991nx73NS0EVdT,光学工程师,六博光电,20-99人,通信/网络设备,本科,经验不限,"光通信, 光学调试",6-11K,武汉,,2026-05-24 14:03:51
1b52c9db92527cf50HR52di_GVo~,运维工程师,腾讯,10000人以上,互联网,本科,1-3年,"集群运维, Python, 容器技术, 运维工程师, 云计算",15-20K,西安,,2026-05-24 14:03:51
7d46d14a008bdf1b0nB43dm5ElJZ,视觉软件开发工程师,裕仁,20-99人,自动化设备,本科,5-10年,"C++, QT, 上位机开发经验, 图形开发经验, halcon, OpenCV, 通信协议",12-20K·13薪,武汉,,2026-05-24 14:03:51
8816e3026aff94e91nZz2dm0EFFY,高级中间件运维工程师,钛信,20-99人,互联网,大专,5-10年,"Linux, 系统运维, Redis, MongoDB, 云计算, Memcached",20-35K,上海,,2026-05-24 14:03:51
8c4cd8fc00120b4e03F-3tm0EVNQ,销售工程师,迅思维科技,20-99人,通信/网络设备,本科,1-3年,"计算机相关学历, 工业设备销售经验, 技术转销售, 智能硬件, 计算机软件, 客户开发与维护, 微电子相关学历, 对机构 (To B) 销售经验, 电气相关学历",5-10K,武汉,,2026-05-24 14:03:51
f65b6028eca4f0d40nd73Nm_FVZW,AI项目开发工程师,行至智能,100-499人,互联网,本科,1-3年,"Java, MySQL, Redis, Spring, Python",15-22K,武汉,,2026-05-24 14:04:11
9ba3cf99f09c95a90nRz3Ny6FlpY,化学销售工程师,武汉海斯普林科技发展,100-499人,化工,本科,3-5年,"工业设备销售经验, 化学化工相关学历, 化工, 客户开发与维护, 对机构 (To B) 销售经验",8-13K,武汉,,2026-05-24 14:04:11
760e657d9aab22500nZz09i1EVBZ,光学工程师,米字能源,20-99人,仪器仪表/工业自动化,硕士,3-5年,,13-20K,武汉,,2026-05-24 14:04:11
f31aeb55ebf7f68d0nZz2tS4EFtY,结构工程师,锐捷网络,10000人以上,通信/网络设备,本科,3-5年,"接受无机械结构工程师经验, 整机结构",15-25K,武汉,,2026-05-24 14:04:11
d9cbb12bb439c55a0nB62Nu4EVRT,FAE工程师,某大型半导体/芯片公司,1000-9999人,半导体/芯片,本科,3-5年,,15-25K·13薪,武汉,,2026-05-24 14:04:11
1f59568b2839f4770nd50t6-ElFT,嵌入式软件工程师,武汉某小型电子半导体公司,100-499人,电子/半导体/集成电路,本科,5-10年,,25-35K,武汉,,2026-05-24 14:04:11
611242fa5509d21d031_09S4EFVQ,云计算工程师,中讯设计,500-999人,运营商/增值服务,大专,1-3年,"智算, 云, 安全设备, 人工智能, 综合布线, 服务器, 通算, 交换机",5-8K,贵阳,,2026-05-24 14:12:05
454d0e34eb3622f50ndy3Nq5FlJU,云计算交付工程师,上海麦浔科技有限公司,0-20人,云计算,本科,1-3年,,10-11K,上海,,2026-05-24 14:13:48
ebb7ddeae419927d0nB52dS1GVJQ,运维工程师,平云小匠,500-999人,互联网,大专,经验不限,"桌面运维, 系统运维, 计算机相关专业, 通信相关专业, 电子/电气/自动化相关专业, 运维经验, 大数据运维经验",240-300元/天,昆明,,2026-05-24 14:14:30
b908433fffc45fac0nB539y1GVFY,运维工程师,奇佳停车设备,100-499人,专用设备,学历不限,,"机电, 设备管理",100-150元/天,温州,,2026-05-24 14:15:12
454d0e34eb3622f50ndy3Nq5FlJU,云计算交付工程师,上海麦浔科技有限公司,0-20人,云计算,本科,1-3年,,10-11K,上海,,2026-05-24 14:50:59
ebb7ddeae419927d0nB52dS1GVJQ,运维工程师,平云小匠,500-999人,互联网,大专,经验不限,"桌面运维, 系统运维, 计算机相关专业, 通信相关专业, 电子/电气/自动化相关专业, 运维经验, 大数据运维经验",240-300元/天,昆明,,2026-05-24 14:51:41
b908433fffc45fac0nB539y1GVFY,运维工程师,奇佳停车设备,100-499人,专用设备,学历不限,,"机电, 设备管理",100-150元/天,温州,,2026-05-24 14:52:21
a7b987bed8b7e8f90nd52Nm9EFJV,运维工程师,纳百川教育机构,0-20人,人力资源服务,本科,在校/应届,"网络运维, 网络安全相关经验",16-20K,枣庄,,2026-05-24 14:52:21
b3794297563e5b010nVz39m9GVZV,云计算运维开发工程师（国央企直招/双休）,北京某小型文化传播公司,20-99人,其他行业,本科,3-5年,"Jenkins, Docker, Kubernetes, 计算机相关专业, 通信/工程相关专业, 运维开发经验",15-25K,北京,,2026-05-24 14:59:17
4889f6501530767b03Z839q0FlRV,云计算-异构计算产品架构师,比亚迪汽车工业,10000人以上,汽车研发/制造,本科,5-10年,,30-60K,深圳,,2026-05-24 15:15:53
b9cd33ad430862f30nV-2d64ElVW,idc运维工程师,法本,10000人以上,计算机软件,大专,3-5年,"有IDC交付经验, 熟悉x86架构, GPU 服务器部署, IDC机房运维, RAID阵列配置",11-20K,北京,,2026-05-24 15:41:01
de560f951e4ee97803B93dy5GFVU,云计算技术服务工程师,阿里云,10000人以上,互联网,本科,5-10年,,40-60K·16薪,香港,,2026-05-24 15:48:38
a2ba342f20cfc21c0nZ93dS0E1tX,云计算开发工程师,吉利研究院,10000人以上,汽车研发/制造,本科,5-10年,,15-30K,上海,,2026-05-24 15:48:58
98e3b07863ee20760nB73du_F1JX,idc运维工程师,某大型移动互联网公司,1000-9999人,互联网,本科,3-5年,,30-50K·15薪,北京,,2026-05-24 15:49:39
2a4a3b069934883f03172N20F1tV,云计算技术服务工程师,阿里云,10000人以上,互联网,硕士,在校/应届,"Java, Nginx, 大数据运维经验, MySQL, 运维开发经验, Python/Shell, 计算机相关专业, 网络安全相关经验, Kubernetes",16-30K,广州,,2026-05-24 15:54:08
8d7dccfa0d5b91d50nB439m7FVJR,云计算运维工程师,中软国际,10000人以上,计算机软件,本科,3-5年,"Docker, SRE, 运维开发/DevOps, GOC, 计算机相关专业, 运维经验, Kubernetes",14-15K,杭州,,2026-05-24 15:54:30
ffb2650c0384c8580nR72tW6E1BV,运维工程师,燕加隆,1000-9999人,建筑材料,本科,5-10年,,10-15K,深圳,,2026-05-24 15:56:39
9a27e5183bf89b3703J82t21EFpS,云计算高级前端开发工程师,金山云,1000-9999人,互联网,本科,5-10年,,35-45K·15薪,武汉,,2026-05-24 15:56:39
216df668396bb05e0nB53tu5E1JZ,云计算运维工程师,法本,10000人以上,计算机软件,大专,1-3年,"Openstack, Vmware, kvm, ansible, HCIP",10-11K,深圳,,2026-05-24 19:50:11
4ddd61d710027d120nd60ty6FldZ,云计算工程师,杭数人才,100-499人,计算机软件,本科,5-10年,"kvm、VMware, docker、k8s",8-10K,温州,,2026-05-24 20:20:41
56764a61080767600nRz3tW1FlRV,云计算工程师,嘉环科技,10000人以上,计算机服务,大专,3-5年,"实施交付运维, 计算机相关专业, 通信相关专业, 运维经验, 云计算, HCIP/HCIE",11-14K,芜湖,,2026-05-24 20:21:25
67db07b1ab2bab351Hxy0tW4ElFT,云计算运维工程师,陕西博睿众创网络科技,20-99人,计算机软件,大专,,"桌面运维, 系统运维, Nginx",150-200元/天,安康,,2026-05-24 20:51:50
0d449497a4656c1c03d43Nm8FFRS,云计算微服务C/GO开发工程师,华为,10000人以上,计算机软件,本科,经验不限,"Golang, Golang服务端开发经验, 计算机相关专业, 中大型项目开发经验, 系统架构设计经验",18-35K·14薪,上海,,2026-05-24 20:54:39
5fd1b4df761cb64203F439i5E1JS,云计算服务交付工程师,新华三技术有限公司,10000人以上,计算机软件,本科,1-3年,"上云迁移, openstack, 云平台, 实施交付, 云计算",12-20K,北京,,2026-05-25 15:57:57
97cf962262b86d5703J43tS8FVJU,云计算业务经理,伊克罗德,20-99人,计算机软件,大专,1-3年,"客户开发, 对企业/机构（To B）销售经验, GCP, 互联网/科技, 英语, AWS, 火山引擎, 企业/机构（To B）, 云计算",11-22K,北京,,2026-05-25 15:57:57
20be82ff81bc77450nB60t69ElZT,云计算销售专员,鼎新创达,20-99人,云计算,大专,3-5年,,10-15K,北京,,2026-05-25 15:57:57
32db9e94696ff36003Zy29q1FlNW,云计算工程师,西云数据,100-499人,计算机服务,本科,在校/应届,"通信/工程相关专业, 英文读写能力良好, Nginx, Java, Docker, 大数据运维经验, Hadoop, 计算机相关专业, Python/Shell, 网络安全相关经验",15-20K,北京,,2026-05-25 15:57:57
f50c9445554032ee1XF43dS7FFpZ,云计算开发工程师,华为云计算,10000人以上,计算机服务,本科,在校/应届,Java,22-40K·14薪,北京,,2026-05-25 15:57:57
54e6d4068692db0003d52NS5ElFT,云计算销售leader（南区）,某500强上市公司,10000人以上,电子商务,硕士,5-10年,企业,100-200K·18薪,北京,,2026-05-25 15:57:57
53e7cb8d84a9639d1HZ52Nu1ElZQ,云计算工程师,富源信诚,20-99人,工程施工,大专,3-5年,"计算机相关专业, 通信/工程相关专业, 网络建设/系统集成经验, CCIE, CCNA/CCNP",10-15K,北京,,2026-05-25 15:57:57
cc0086ee4dc3a0bf1X1z09i1FFRS,云计算工程师,翰明恒业,20-99人,通信/网络设备,大专,1-3年,"计算机/网络系统工程师, Python/Shell, CentOS/RedHat/Ubuntu, MySQL/Oracle",8-13K,北京,,2026-05-25 15:57:57
f7cda89fbd7426591XV82tq8FlpQ,云计算工程师,阿里巴巴集团,10000人以上,互联网,本科,,"容器技术, 分布式技术",350-400元/天,北京,,2026-05-25 15:57:57
67d2e5767c0ab8281HR609q-EVRY,云计算解决方案架构师,天翼云,1000-9999人,计算机软件,本科,5-10年,"售前技术支持经验, PMP, AWS/Azure/阿里云相关认证, CCIE, 计算机/通信相关专业, CISSP/CISP, 云服务, HCIE, 招投标经验",20-30K·15薪,北京,,2026-05-25 15:58:19
0c0fc4f857cbf4341XJ529m9F1pU,云计算销售,博伟伟业,100-499人,互联网,大专,1-3年,"电话销售, 面销/陌拜, 软件/企业服务产品, 对企业/机构（To B）销售经验, 企业（To B）, 网络销售, 面销/陌拜经验, 电话销售经验",12-20K,北京,,2026-05-25 15:58:19
4584129ad8bed0ac0nd_3Nq_EVZS,云计算运维工程师+年薪40w-60w,文都人力资源管理,100-499人,企业服务,本科,5-10年,"网络运维, 运维开发/DevOps, 实施交付运维, Nginx, Ansible/Salt/Puppet, Python/Shell, Java, MySQL/Oracle, 运维经验, 运维开发经验, 网络安全相关经验, 大数据运维经验, 计算机相关专业",30-45K,北京,,2026-05-25 15:58:19
6f9de900cd5d6fbd0nd62ty6FFpR,云计算销售总监,首都在线,500-999人,云计算,本科,5-10年,,60-90K,北京,,2026-05-25 15:58:19
6d1feb9e591800430nVz09u7F1JX,云计算销售经理（智算方向）,京东科技集团,1000-9999人,互联网,本科,10年以上,"企业（To B）, 互联网/科技",30-60K·20薪,北京,,2026-05-25 15:58:19
7a39017a2963c21a03190ty9F1RV,云计算高级技术专家（咨询、解决方案方向）,某能源科技企业,1000-9999人,计算机服务,硕士,5-10年,"微服务架构, 容器技术, 虚拟机技术, 分布式技术, 云技术",30-60K,北京,,2026-05-25 15:58:19
d4197e04bb8a42d00nB73d--GFpY,云计算解决方案专家,麒麟软件,1000-9999人,计算机软件,本科,5-10年,,25-35K·13薪,北京,,2026-05-25 15:58:19
64612bbc394b9dd10nB53ty-FlRW,云平台运维工程师,浙江徽创信息技术有限,100-499人,计算机软件,大专,5-10年,,10-15K,北京,,2026-05-25 15:58:19
1f3aaa9cbfb00b6f0nR-3NW_EVRU,售前工程师,鹍智科技,20-99人,互联网,本科,3-5年,"系统集成, 售前技术支持经验, 计算机/通信相关专业, 招投标经验, 信息系统项目管理师, AWS/Azure/阿里云相关认证, 服务器, 存储器, 交换机, 云计算",11-20K,北京,,2026-05-25 15:58:40
cf77ab6348b958791HRy2tm1GFpX,云计算工程师,理想汽车,10000人以上,智能硬件,本科,3-5年,"Golang, 系统架构设计经验",45-60K·14薪,北京,,2026-05-25 15:58:40
a4e8719273d2bb650nd_3t69EVNZ,云计算解决方案架构师,UCloud,1000-9999人,云计算,本科,5-10年,网络交换技术,25-30K·14薪,北京,,2026-05-25 15:58:40
690fe58e1feeb1f41XF_09W0E1RY,云计算平台研发总监,某知名互联网公司,1000-9999人,互联网,本科,10年以上,"Go, 容器技术, 分布式技术",80-100K·16薪,北京,,2026-05-25 15:58:40
1c420ca60a84cb2303Fz0t--GFpU,售前工程师(J13383),亚康万玮,1000-9999人,互联网,本科,3-5年,"售前技术支持经验, 系统集成, PMP, 信息系统项目管理师, 云服务, 混合云, OpenStack, 云计算",12-20K,北京,,2026-05-25 15:58:40
3566d283c06dcde60nB43d66E1BX,初级运维工程师,河北唯快科技有限公司,100-499人,计算机服务,本科,经验不限,,9-11K,北京,,2026-05-25 15:58:40
d917a215cc0f827f1nV92d-5FFdX,资深云计算工程师,恒安嘉新,1000-9999人,互联网,本科,5-10年,"分布式技术, 虚拟机技术, Linux, 云计算, Openstack",20-40K,北京,,2026-05-25 15:58:40
741e925682456edc1nB83N--GFNT,云计算开发工程师,腾讯,10000人以上,互联网,本科,3-5年,"Go, 容器技术, Linux, Redis, MySQL",25-50K·16薪,北京,,2026-05-25 15:58:40
8f778013258e1ddc0nd809m8FVtY,云计算销售（双休）,奇奇科技,20-99人,互联网,本科,1-3年,"不接受居家办公, 对企业/机构（To B）销售经验, 企业（To B）, 电话销售经验, 互联网/科技",6-9K,北京,,2026-05-25 15:58:40
6e75d9956151f0341XB439y6ElFQ,通信设计工程师-2,上海邮电设计院,1000-9999人,通信/网络设备,本科,1年以内,"5G, 数据通信, 业务平台, 物联网, CCNP证书, 信息安全/网络安全, 大数据, 云计算",9-14K·13薪,北京,,2026-05-25 15:58:40
7366930654c6bf940XB_09W8GFM~,兼职---云计算运维,课工场,20-99人,在线教育,本科,5-10年,云计算,10-15K,北京,,2026-05-25 15:58:40
2604b5126905b2a81HB739-9FlVW,云计算工程师,康科达成,20-99人,计算机软件,本科,3-5年,"计算机相关专业, 统招全日制本科, 云计算",14-16K,北京,,2026-05-25 15:58:40
b8015949fedda3080ndz2Nm1FlNS,网络运维工程师,北京某大型人工智能央企公司,1000-9999人,人工智能,本科,5-10年,"网络运维, 网络监控, Grafana, 云计算, 公有云, 云网络, 组网, 防火墙",35-55K,北京,,2026-05-25 15:58:40
b8cbe1a6ee536ace03J70tm7FFZX,网络运维工程师（国企项目/统招大专）,国安,100-499人,通信/网络设备,大专,1-3年,"CCIE/HCIE等, 天翼云, 不需要出差, 5年以上网络工程师经验, 防火墙, 网络架构设计, 有网络工程师经验, TCP/IP, 3到5年网络工程师经验, 运营商, 大型网络运维, 云计算",8-9K,北京,,2026-05-25 15:58:40
5245853b5f5eea2703Z60t68FVpS,云计算研发工程师,阿里巴巴集团,10000人以上,互联网,硕士,,"C++, C, 网络编程",400-500元/天,北京,,2026-05-25 15:59:01
8b748fb4a475a5760nB409m4FlJS,云计算系统架构师 (MJ002203),神州泰岳,1000-9999人,计算机软件,本科,5-10年,"容器技术, 分布式技术, Linux, MySQL, 安全运维, 自动化运维, K8S, Docker",20-35K,北京,,2026-05-25 15:59:01
b3439367add613430nB439y0GFdW,云计算pmo,某大型运营商/增值服务公司,1000-9999人,运营商/增值服务,本科,5-10年,"企业内部技术项目管理, 软件研发经验, 计算机相关专业, PMP",40-70K·16薪,北京,,2026-05-25 15:59:01
897ace9b9a3f7fd11nV72Ny1GFdY,云计算开发工程师,上海蓝云,1000-9999人,互联网,本科,3-5年,"Python, C#, 服务器配置, 微服务架构, 数据结构, 云计算, Java",15-30K·15薪,北京,,2026-05-25 15:59:01
76ea40b2593375eb1X1829q_FFdQ,云计算（网络）工程师,通用数科,100-499人,计算机软件,本科,1-3年,"计算机相关专业, 通信/工程相关专业",10-15K,北京,,2026-05-25 15:59:01
3b10ca340c8165b21XJ-0t66EVNW,售前解决方案工程师-云计算,网宿科技,1000-9999人,互联网,本科,3-5年,"云服务, 售前技术支持经验, 计算机/通信相关专业, 云安全, 网络安全, 云计算, AI, 算力",18-26K·16薪,北京,,2026-05-25 15:59:01
47a2761e55330bd103R_3t24GFVS,云计算高级优化工程师,海光信息,1000-9999人,半导体/芯片,硕士,1-3年,"计算机/网络系统工程师, Docker/Kubernetes, MySQL/Oracle, CentOS/RedHat/Ubuntu, 计算机相关专业, Linux运维经验, 大数据运维经验, ERP/OA/CRM实施维护经验, OMS/WMS/TMS实施维护经验, CCNA/CCNP, HCNA/HCNP, CCIE, HCIE, RHCE/MCSE",15-30K,北京,,2026-05-25 15:59:01
dde185141f5fb19e1Hx62N--FldQ,云计算解决方案专家,北京某大型计算机软件公司,1000-9999人,计算机软件,本科,经验不限,"云服务, 售前技术支持经验, 云产品架构, 云计算解决方案",40-50K·15薪,北京,,2026-05-25 15:59:01
7064336f6166904d1XJ-09u7F1JU,云计算芯片方案工程师,中国电信北研院,1000-9999人,通信/网络设备,硕士,5-10年,"云计算架构, 芯片, 软硬融合",30-35K,北京,,2026-05-25 15:59:01
56ffc790d85df1920nd909-0FVdQ,运维工程师,艾天科技,100-499人,大数据,本科,1-3年,,7-10K,北京,,2026-05-25 15:59:01
3ef1b7deb2d3872a0nZ839S4F1FY,IBMS中级工程师,北京招商局物业,1000-9999人,物业管理,学历不限,经验不限,"系统运维, 电子/电气/自动化相关专业, 运维经验",6-9K·13薪,北京,,2026-05-25 15:59:01
c7419943dde05bd40nB62t24EFtV,三维视觉算法工程师,上海泰逸人力资源服务,0-20人,人力资源服务,硕士,5-10年,"C/C++, CNN/RNN/LSTM, 生物医疗, 业务导向/研究导向, OpenCV, 智能驾驶, 机器学习算法/工程化经验, 计算机相关专业, 深度学习经验, 云计算, Python",50-80K·15薪,北京,,2026-05-25 15:59:23
9401aaec26e3dc881Xd839y9FlBV,Microsoft Office 365 和云计算服务,朗亦科技,100-499人,通信/网络设备,大专,3-5年,"网络运维, 桌面运维, 系统运维",15-30K,北京,,2026-05-25 15:59:23
8f8d3a0303f8a67d0nd_2tq_FlBZ,无人矿卡调试工程师,轩逸,1000-9999人,人力资源服务,大专,1-3年,"实施交付运维, 运维开发经验, 电子/电气/自动化相关专业, 运维经验",11-12K·13薪,北京,,2026-05-25 15:59:23
651e138c67c4f8a50nB62d2-FVJS,运维工程师,某大型计算机软件公司,1000-9999人,计算机软件,本科,3-5年,,20-40K,北京,,2026-05-25 15:59:23
c4a7cdacb4588e131n190tq4F1RU,Linux高级研发工程师（云桌面方向）,凝思软件,500-999人,计算机软件,本科,10年以上,"C, KVM, Linux, 虚拟化技术, Libvirt, qemu, 后端开发, 云计算",25-40K,北京,,2026-05-25 15:59:23
2030bea72e99b3930ndz0928GFpW,运维工程师,国信创新,100-499人,企业服务,本科,3-5年,,9-14K,北京,,2026-05-25 15:59:23
2e4252244c99a3750ndy3d27FlJV,IT技术工程师,远光软件,1000-9999人,计算机软件,本科,5-10年,,12-20K·14薪,北京,,2026-05-25 15:59:23
461d0c9d9a2dd57f03153N-9FFA~,云计算后台开发工程师,滴滴,1000-9999人,互联网,本科,1-3年,"C语言, Python, Linux, 虚拟机技术, 驱动开发, 后端开发, 云计算",20-40K·14薪,北京,,2026-05-25 15:59:23
e9e476c6635605d11XF639y1FFdV,存储运维工程师,某大型互联网公司,100-499人,互联网,本科,3-5年,"系统运维, 网络运维, IDC机房运维",21-28K·13薪,北京,,2026-05-25 15:59:23
99739f2d1e3289f81XZ62ti7EFVQ,云计算平台开发工程师,北京字节跳动,1000-9999人,互联网,本科,1-3年,"Go, 分布式技术, 容器技术, 多进程, 软件工程师, Django, MySQL, Redis",25-50K·15薪,北京,,2026-05-25 15:59:23
6c250b22cff3467b1nZ939y6EVFR,云服务运维工程师,互联网络信息,100-499人,互联网,本科,1-3年,"Linux, 容器技术, Java, Python, Tomcat, Nginx, 云计算, 负载均衡技术",10-15K·14薪,北京,,2026-05-25 15:59:23
c76c54384c7333610nd_2Ny1ElRW,边界设备运维工程师,数字网联,0-20人,信息安全,大专,3-5年,,10-11K,北京,,2026-05-25 15:59:23
3ad58bd2b9e43a171nR62d-6FlBR,虚拟化工程师,华云智创,20-99人,计算机软件,大专,3-5年,"IT技术支持, 系统管理员, 桌面运维, 虚拟机技术, 云计算",8-13K,北京,,2026-05-25 15:59:23
b732c39e97bedce80nB52d60GFJU,数据工程师,中科创达股份有限公司,1000-9999人,互联网,本科,经验不限,"机器学习, 大模型算法, 强化学习, 图像算法, 语音算法, 推荐算法, 数据挖掘, 多模态算法, 并行计算, 分布式训练, Python, Golang, 大数据处理工具(Spark/Hadoop/Hive), 算法工程化经验, OpenCV, K8s, 云计算, 自动驾驶, 具身",22-24K,北京,,2026-05-25 15:59:23
77c57076b95dcdbc0XN-3tW6EFE~,阿里云-弹性计算-资深JAVA工程师/专家,ALIYUN,10000人以上,互联网,本科,5-10年,"云计算, 阿里, 阿里云, Java, 专家, 高级",30-60K·16薪,北京,,2026-05-25 15:59:43
585eba5270bc05fe1HZ60t66F1ZU,矿山智能化资深算法工程师,路凯智行,100-499人,智能硬件,博士,3-5年,"无明显侧重, 搜索/推荐, 智能驾驶, 云计算, 计算机相关专业, 数学/统计相关专业, 机器学习算法/工程化经验",30-50K,北京,,2026-05-25 15:59:43
fef3aa51e90e455a0nB429i4E1RY,运维工程师,某中型云计算公司,100-499人,云计算,本科,经验不限,"Golang, 网络运维, Docker, 系统运维, 运维开发/DevOps, 运维开发经验, Python/Shell, 运维经验, IDC机房运维, Kubernetes",40-70K·24薪,北京,,2026-05-25 15:59:43
28cb7bc2adf5036e0nB709-6FFZT,分布式计算工程师,美团,10000人以上,互联网,本科,1-3年,"C++, 分布式计算, Ray, 云计算",30-50K·15薪,北京,,2026-05-25 15:59:43
68d2a03efa3a43191Hd92tm8GFNT,边缘计算工程师,中国科学院软件研究所,1000-9999人,计算机软件,博士,1-3年,"研究导向, 云计算, Python, C/C++, CNN/RNN/LSTM, 计算机相关专业, 机器学习算法/工程化经验, 有国际期刊/会议论文发表",21-35K,北京,,2026-05-25 15:59:43
fdbb98cadc23eb8f0ndy3ti4EVBV,运维实施工程师,创云融达,100-499人,计算机服务,本科,5-10年,,12-15K,北京,,2026-05-25 15:59:43
28b5038a9d83c2940nB72dq_GVFV,游戏运维工程师,匠心趣游,100-499人,游戏,本科,5-10年,"计算机相关专业, 运维经验",20-25K,北京,,2026-05-25 15:59:43
0fefab202b5f5c900nd83tm9EFpR,IT运维工程师,知名公司,100-499人,社交网络与媒体,本科,3-5年,,35-65K·16薪,北京,,2026-05-25 15:59:43
49b033cfa90fda950nd909q6F1NV,高级系统运维工程师,中电金信,10000人以上,计算机软件,本科,5-10年,"系统运维, linux",14-17K,北京,,2026-05-25 15:59:43
62cc345dc58d42fe03V_2tq_FVpU,弱电安防工程师,北京晟天嘉益科技,0-20人,信息安全,中专/中技,1-3年,"实施交付运维, 计算机相关专业, 网络安全相关经验, 运维经验, 打印机/复印机维修经验",7-10K,北京,,2026-05-25 15:59:43
78b11a7c7952f24a1nR53ty4FlpV,云网络研发高级工程师,腾讯,10000人以上,互联网,本科,经验不限,"云计算, 网络编程, dpdk, p4",18-35K,北京,,2026-05-25 15:59:43
533963f6f36c19d33nV62tu9ElE~,Kubernetes开发工程师,蚂蚁集团,10000人以上,互联网,本科,3-5年,"Go, 分布式技术, 容器技术, 云计算",30-60K·16薪,北京,,2026-05-25 15:59:43
bdaaecbea97974bc1nZy3Nm-FlZZ,物联网实施工程师,加油吧科技,20-99人,移动互联网,大专,1年以内,"云计算, 智慧城市, 安防监控, GIS系统, BI, 物联网",7-12K·13薪,北京,,2026-05-25 15:59:43
d8a468dd4a5300cf0nR72N66FVpS,基础架构工程师,某基金公司,20-99人,基金,本科,经验不限,"C++, Python, Golang, 架构设计经验, Linux开发/部署经验, 分布式经验, 微服务经验, QT, MySQL, Boost, 容器云, 云计算, Infra, K8s, SRE",50-80K·18薪,北京,,2026-05-25 15:59:43
03e8f96d737d5af81XZ_3ty8GVBU,云计算运维工程师,龙申文化,0-20人,培训/辅导机构,本科,3-5年,"Python, 分布式技术, Linux, NoSQL, PostgreSQL, MySQL, MongoDB, 运维开发",10-15K·13薪,北京,,2026-05-25 16:00:03
d4f4203472968e4b0nB42t68GVRR,运维工程师,北京乐恒科技,100-499人,互联网,本科,3-5年,,13-18K,北京,,2026-05-25 16:00:03
cc9578f9fc6f22f80nd53Nq4E1tQ,系统运维工程师,易宝支付,1000-9999人,互联网,本科,3-5年,,15-30K·14薪,北京,,2026-05-25 16:00:03
3a83fd37eb66a4bc1XJ62di6FVVY,算法工程师（生物制药方向）,玻色量子,100-499人,计算机硬件,硕士,经验不限,"研究导向, 云计算, 生物医疗, AIDD",25-45K,北京,,2026-05-25 16:00:03
9cd3dd2d6c375a931HJy0960EFRW,云平台后端工程师,北京字节跳动,1000-9999人,互联网,本科,3-5年,"Golang, 计算机相关专业, Golang服务端开发经验, 系统架构设计经验, 云计算",30-60K·15薪,北京,,2026-05-25 16:00:03
46a57d68aece08891nVy3Ny_FFdU,AIOps研发工程师,星网锐捷,1000-9999人,通信/网络设备,本科,经验不限,"AIOps, 智能运维, 云桌面, 云计算, 机器学习, python开发",30-50K,北京,,2026-05-25 16:00:03
f908d344cfaa3f3b3nx93ti_FVE~,Golang高级工程师,京东云,1000-9999人,计算机软件,本科,经验不限,"Go, 分布式技术, 容器技术, 云计算",30-60K·14薪,北京,,2026-05-25 16:00:03
d746578a217256c70nd90t-8GVVR,高级运维工程师,世纪互联,1000-9999人,互联网,本科,5-10年,"运维开发/DevOps, DBA, 实施交付运维, Java, Python/Shell, Docker, 计算机相关专业, 电子/电气/自动化相关专业, 运维经验, 网络安全相关经验, 大数据运维经验, 云计算",15-30K,北京,,2026-05-25 16:00:03
5941e63960617dd61nZ-2du4ElNT,腾讯云网络后台研发工程师,腾讯,10000人以上,互联网,本科,5-10年,"分布式技术, 多线程, 云计算, C++",50-80K,北京,,2026-05-25 16:00:03
5eebc0dbbea1b8111nZ-39y5F1dU,后端开发工程师,魔门塔科技,500-999人,计算机软件,本科,1-3年,"Python, 分布式技术, 后端开发, 云计算, 大数据, golang, 算法基础, 数据结构",20-40K·14薪,北京,,2026-05-25 16:00:03
6bc4d044f381df230nd82tu8GVJS,高级运维工程师,北京某大型智能驾驶互联网公司,1000-9999人,互联网,本科,5-10年,,40-60K·16薪,北京,,2026-05-25 16:00:03
85bfbe8624aa64da1HV72t-7GFRV,兼职机器学习、深度学习工程师,昆明寻真科技有限公司,0-20人,互联网,学历不限,经验不限,"生物医疗, 云计算, Java, Python, C/C++, 计算机相关专业, 机器学习算法/工程化经验, 深度学习经验",100-150元/时,北京,,2026-05-25 16:00:03
315c405940d94ec91Hx52dW7FltQ,人工智能算法研究员/算法工程师/SCl教研员,辅论Ai,20-99人,学术/科研,博士,经验不限,"研究导向, 搜索/推荐, 语音/图像识别, 云计算, Python, TensorFlow/PyTorch, CNN/RNN/LSTM, 计算机相关专业, 深度学习经验, 有国际期刊/会议论文发表, 大语言模型, 计算机视觉, 自然语言处理",30-60K,北京,,2026-05-25 16:00:03
36f2cbb460002df01HV-2Ny9E1RY,机器人算法工程师,除卫士,20-99人,环保,本科,5-10年,"语音/图像识别, 云计算, Java, Python, OpenCV, 计算机相关专业, 数学/统计相关专业, 机器学习算法/工程化经验",15-20K,北京,,2026-05-25 16:00:03
37a7c00da75baffa0nd_2N-9F1dT,运维工程师,成都码拓客网络技术,100-499人,互联网,本科,3-5年,"实施交付运维, 计算机相关专业, 运维经验",9-10K,北京,,2026-05-25 16:00:03
b9e75c4826f9d2950nZy3dm_FFtW,系统运维工程师,银科思成,100-499人,计算机软件,本科,经验不限,,11-22K,北京,,2026-05-25 16:00:24
b42c157738a775750nB42Nu_ElpW,阅安-大模型售后工程师-北京,北京某大型互联网内容平台公司,10000人以上,互联网,本科,3-5年,"云计算, 大模型",20-30K·14薪,北京,,2026-05-25 16:00:24
e5e29d8456f5050a03dy3Nq0E1JU,交付部署工程师,北京智行云途科技,0-20人,人工智能,本科,3-5年,"实施交付运维, 通信相关专业, 运维开发经验, 计算机相关专业, 运维经验",8-13K·13薪,北京,,2026-05-25 16:00:24
adf87e88ed649ae40nZy3N68GVRT,运维工程师,任子行,1000-9999人,计算机软件,本科,3-5年,,10-13K,北京,,2026-05-25 16:00:24
9906602865ed2f2a1Hxy29u_GVdT,边缘云原生AI平台研发工程师-J476528,中关村泛联院,100-499人,运营商/增值服务,硕士,5-10年,"云计算, 容器技术, 飞桨, CUDA, 异构硬件",25-40K·13薪,北京,,2026-05-25 16:00:24
a669530913d938cd03Z53dy4FlFQ,运维工程师,云上轻舟,0-20人,计算机服务,大专,,"桌面运维, 计算机相关专业",150-200元/天,北京,,2026-05-25 16:00:24
6dba066ca0294d0e0HN-3Ny0EFc~,网络技术工程师,云海动力,20-99人,信息安全,大专,1-3年,"网络设备, 网络安全, IT服务, 网络工程师证, 虚拟机技术, 服务器配置, 云计算, 大数据",6-10K,北京,,2026-05-25 16:00:24
e459245bfd63ec750nZy39S0GVpQ,工程师,泰福特,20-99人,电子/硬件开发,本科,1-3年,,6-8K,北京,,2026-05-25 16:00:24
7723a931b7ca04f70nB43961GVdT,AI Infra运维工程师,逆矩阵科技,0-20人,人工智能,本科,3-5年,,15-30K·14薪,北京,,2026-05-25 16:00:24
de34b13f4ec66cc103N43dS9F1FQ,驻场运维工程师,壹云互联,20-99人,通信/网络设备,大专,3-5年,,4-8K,北京,,2026-05-25 16:00:24
40aedd7a11a8d4dc0XN43tq9Elc~,算法工程师（机器学习/深度学习）,晶派科技,20-99人,互联网,硕士,1年以内,"深度学习算法, TensorFlow, PyTorch, Keras, 人工智能, 云计算, 大数据",15-20K·13薪,北京,,2026-05-25 16:00:24
ce7837b60a1a8d8703V72925EVNZ,中级运维工程师-北京,云融天下,100-499人,互联网,本科,3-5年,"Nginx, MySQL/Oracle, Redis, Python/Shell",10-11K,北京,,2026-05-25 16:00:24
bd5b2046edddd12033dz39W8F1Y~,网络运维工程师,云安华通,0-20人,计算机软件,大专,3-5年,"运维工程师, 网络运维, 网络设备, 云计算, 网络协议, 网络交换技术, Python, Shell",8-13K,北京,,2026-05-25 16:00:24
f7d350a92a7810e60Hx_2t25E1Q~,网络安全实施工程师,联通智慧安全科技,100-499人,信息安全,本科,3-5年,"网络安全, 云计算, 服务器配置, 信息安全认证, 网络协议, 网络工程师证, 项目实施, 网络设备",15-30K,北京,,2026-05-25 16:00:24
6a3a7a87d461d6fc1HV-2tS_F1FS,人工智能算法研究员/高级工程师（兼职）,Dueape,20-99人,培训/辅导机构,博士,3-5年,"研究导向, 语音/图像识别, 云计算, Python, OpenCV, CNN/RNN/LSTM, 有国际期刊/会议论文发表, 机器学习算法/工程化经验, 计算机相关专业, 深度学习",25-30K,北京,,2026-05-25 16:00:45
ff8fa06f43440c9b3nx_2NS9Elc~,质量监控系统开发工程师,京东云,1000-9999人,计算机软件,本科,经验不限,"Go, C++, 分布式技术, 数据结构, 网络协议, 容器技术, 大数据, 云计算",25-50K·14薪,北京,,2026-05-25 16:00:45
91d08abfd4e2b1fc1nZz3965GVZX,.net高级软件工程师,天玛智控,500-999人,通用设备,硕士,1-3年,"C#, 计算机软件, 云计算, 高级软件工程师, .NET Core, WPF",13-18K,北京,,2026-05-25 16:00:45
44387e6e615b268d0nB73dy_FFdT,IT运维工程师,西赛洛,20-99人,咨询,硕士,3-5年,,30-40K,北京,,2026-05-25 16:00:45
2742ccb14b5077041XN92dW_E1pV,高级机器学习工程师,上海森介,0-20人,人力资源服务,本科,5-10年,"搜索/推荐, 云计算, 智能营销/广告, Java, MATLAB, Hadoop/Hive/Spark, 数学/统计相关专业, 机器学习算法/工程化经验, 英文读写能力良好",30-35K·15薪,北京,,2026-05-25 16:00:45
3d7441043c15ceaa0HR82ty7E1U~,AIOps高级研发工程师,华为,10000人以上,计算机软件,本科,3-5年,"Java, 系统设计, 智能运维, 云计算",30-60K,北京,,2026-05-25 16:00:45
e298a6c724f16a781nV80tS5FVdU,Kubernetes研发工程师,沃东天骏信息技术,10000人以上,互联网,本科,经验不限,"容器技术, 分布式技术, Kubernetes, Ansible, 云计算, 人工智能",24-45K·14薪,北京,,2026-05-25 16:00:45
b70352d05452e3df0nd509m4F1pT,SRE开发工程师BJ,嘉信恒泰,500-999人,计算机软件,本科,5-10年,,25-50K·16薪,北京,,2026-05-25 16:00:45
1f20e31575d334ab0nZ82d-1GVRV,系统运维工程师,北京某小型计算机软件公司,20-99人,计算机软件,本科,5-10年,"系统运维, Python/Shell, 运维经验",30-40K·16薪,北京,,2026-05-25 16:00:45
c93d75f5a18b7f060nd439W6EVtQ,SAP SuccessFactors 工程师,前海财旅科技,20-99人,咨询,大专,5-10年,,35-40K,北京,,2026-05-25 16:00:45
10a780f5674ea31e0nd829m6F1RQ,运维工程师,涌跃智能,20-99人,人工智能,本科,5-10年,,15-30K·16薪,北京,,2026-05-25 16:00:45
699b52151830759d0nd83d6-GVBT,智能化产品运维工程师,宏佳永晟,0-20人,仪器仪表/工业自动化,大专,1年以内,,6-11K,北京,,2026-05-25 16:00:45
52e78d460486782e0nB42N21FVVY,运维工程师,神州信息,10000人以上,计算机软件,大专,5-10年,"系统运维, Nginx, Kubernetes, Docker, Python/Shell, 计算机相关专业, 通信相关专业, 运维经验, Linux",13-16K,北京,,2026-05-25 16:00:45
91dda3446ad0458c1Xx_3dS6F1BV,点云处理算法工程师,金坤科创,20-99人,智能硬件,硕士,1-3年,"研究导向, 云计算, C/C++, 计算机相关专业, 数学/统计相关专业, 机器学习算法/工程化经验, 点云数据处理, 点云处理算法, 点云匹配",20-40K,北京,,2026-05-25 16:00:45
5fd95d7d15413f950nd929S1GVRV,运维工程师,博文天润,0-20人,计算机软件,本科,5-10年,,12-16K,北京,,2026-05-25 16:00:45
dee57c012b075f461nZ63ty9EFNS,网络数据安全工程师,天宇联科技,20-99人,互联网,本科,3-5年,"运维通信资格证书, CCIE证书, 网络设备, 网络安全, 云计算, 大数据, 网络规划设计",8-13K,北京,,2026-05-25 16:01:05
c708921a3852b5811nV809i7EVJU,golang研发工程师,即刻雾联,20-99人,互联网,本科,3-5年,"golang, 分布式技术, 网络编程, 服务端开发, Linux, 云计算",20-40K·14薪,北京,,2026-05-25 16:01:05
66b15201797f929a3ndy39S8F1M~,网络运维工程师,央视网,1000-9999人,互联网,本科,1-3年,"网络运维, 自动化运维, 云计算, 网络协议, 服务器配置, CCIE证书, Linux",10-15K·14薪,北京,,2026-05-25 16:01:05
3535ae2213f703af0nZ80tW9F1tR,高级运维工程师,云车易购科技,100-499人,人工智能,本科,5-10年,,18-25K·14薪,北京,,2026-05-25 16:01:05
761d049caa7ac4220nB63tq0GFNS,数据运维工程师,威视佰科,20-99人,互联网,本科,3-5年,,20-40K·15薪,北京,,2026-05-25 16:01:05
61866b9a3c38c8d91Hx-09S4FVtS,专家研发工程师,某大型互联网出行平台中国公司,1000-9999人,互联网,本科,5-10年,"Golang, 区块链, Docker, 创业, web3, Golang服务端开发经验, 系统架构设计经验, 高可用, Kubernetes, 云计算",40-70K·15薪,北京,,2026-05-25 16:01:05
72bd94cce57058d533R_3tm-FFo~,基础架构工程师,鹏博士,1000-9999人,大数据,硕士,经验不限,"Python, C++, Go, Shell, MySQL, 云计算",13-20K,北京,,2026-05-25 16:01:05
3990bafc85be912303Zy29i4EVRW,产品运维工程师,国网电科院,10000人以上,电力/热力/燃气/水利,本科,3-5年,"Java, 实施交付运维, MySQL/Oracle, Python/Shell, 计算机相关专业, 电子/电气/自动化相关专业, 运维经验, 电力市场相关经验",10-15K,北京,,2026-05-25 16:01:05
0760b3fa31972ff11nR53N26F1pW,虚拟化研发工程师,北京易霖博,20-99人,信息安全,本科,5-10年,"Python, 容器技术, 网络编程, 网络安全, 虚拟机技术, Linux, 云计算",18-30K,北京,,2026-05-25 16:01:05
66a4ca2a13c6fcbb0nB63tq_GFJX,运维工程师,易点云,1000-9999人,企业服务,本科,1-3年,,12-20K·14薪,北京,,2026-05-25 16:01:05
2cb76672b7222d3c1nV929-4FVpS,数据仓库开发工程师,腾讯,10000人以上,互联网,本科,,"大数据, 云计算, 分布式技术, Impala, Druid, Spark, Presto",150-200元/天,北京,,2026-05-25 16:01:05
7a343ee2c1fb4e2a1XB539u9E1ZY,人工智能算法工程师,中科慧智,20-99人,计算机软件,本科,1-3年,"业务导向, 云计算, Java, C/C++, R, 机器学习算法/工程化经验",12-13K,北京,,2026-05-25 16:01:05
e09728365adb9afa031z2dy0GVNS,高级sre运维工程师,华科创佳,1000-9999人,电子商务,本科,5-10年,"系统运维, Kubernetes, 计算机相关专业, 运维经验, 监控, 容器化",30-50K·14薪,北京,,2026-05-25 16:01:05
9f2e10d3e42740c2031z2tq1EFBV,运维工程师,海天智学,0-20人,计算机服务,高中,3-5年,"网络运维, 通信相关专业, 系统运维, 桌面运维, 计算机相关专业, 网络安全相关经验, 运维经验, 打印机/复印机维修经验",7-10K,北京,,2026-05-25 16:01:05
b02309769d81a18a0nZ82dm8ElFY,云计算驻场工程师,绿色苹果,100-499人,计算机服务,大专,3-5年,,8-10K·13薪,北京,,2026-05-25 16:06:14
486fc4f58b0d01ea0nB4092_GVBT,(538DE)云计算方案解决专家,金山云,1000-9999人,互联网,本科,5-10年,,30-60K,北京,,2026-05-25 16:06:14
8e431ae9f89fc26c1HN639W1FlVT,云计算开发工程师,忆鸣科技,0-20人,计算机软件,学历不限,经验不限,"Python/Shell, Nginx, Java, 计算机相关专业, CCNA/CCNP, HCNA/HCNP, HCIE",8-9K,北京,,2026-05-25 16:06:35
b437129feadfddf60nd82tW0FlJS,高级网络与云计算工程师,中电信数智,1000-9999人,通信/网络设备,大专,5-10年,"网络运维, 系统运维, 运维经验, 网络安全相关经验",17-24K,北京,,2026-05-25 16:06:35
22b09c746b6232bd0nZ52d66GVZU,linux运维工程师,智邑,0-20人,计算机服务,大专,,"计算机相关专业, 云计算相关专业",150-200元/天,北京,,2026-05-25 16:06:35
b2570ac23fdc776a1nx70tm-FVtW,云计算产品经理,奇虎360,1000-9999人,互联网,本科,3-5年,产品设计,25-40K,北京,,2026-05-25 16:06:35
526c2d1e1ead98701nd73dS1GVdT,云计算产品研发工程师,百度,10000人以上,互联网,本科,1-3年,"Go, 容器技术, 虚拟机技术, Oracle, 云计算",30-60K,北京,,2026-05-25 16:06:57
f15ad679dc9a5a9503dz2Nm0FFZZ,云计算集成工程师,中电信数智北分,500-999人,运营商/增值服务,本科,3-5年,,20-35K,北京,,2026-05-25 16:06:57
9a71f0cc31cd52630nd929y7FlRS,Go开发工程师/双休/六险一金子女商保,慧博云通,10000人以上,计算机软件,大专,经验不限,"Golang, 云原生, Docker, Kubernetes, 云计算",20-30K,北京,,2026-05-25 16:06:57
d6c0041ebc1a209903d83d-7GVNQ,云计算网络研发工程师,联通数字科技有限公司,1000-9999人,计算机软件,硕士,3-5年,"网络, OpenStack, 开发, SDN, Neutron, OVS, Python, 云计算",20-30K·16薪,北京,,2026-05-25 16:07:16
ec423dc242d8a7cd03N62dy4FVJR,云计算开发工程师,华为,10000人以上,计算机软件,本科,在校/应届,"Golang, Java, C++, C, MySQL, Spring, Python",20-25K,北京,,2026-05-25 16:07:16
95d03d42e3b2973d03R52N--E1tY,云计算平台开发工程师,京东科技信息技术,10000人以上,电子商务,本科,5-10年,"Linux, 虚拟机技术, Go, 分布式技术, 多线程, 容器技术, 网络协议, 云计算",35-55K·16薪,北京,,2026-05-25 16:07:16
f4867ecec1dde50c1XNy39-7EVtZ,云计算运维开发工程师,航天交换,0-20人,企业服务,硕士,10年以上,"Java, Hadoop, Kubernetes, 运维开发经验, 技术管理经验, 英文读写能力良好, HCNA/HCNP, CCIE, HCIE",8-10K,北京,,2026-05-25 16:07:16
f711f866782b05ba0nZz0t--FlZZ,Java中间件研发工程师,快手,10000人以上,社交网络与媒体,本科,3-5年,"Java, C++, Kafka, Spring, MySQL, Redis, 云计算, 中间件",25-50K·16薪,北京,,2026-05-25 16:07:37
157026b0dd1ad30c03J-2dm7FFBS,实习生运维工程师,新道科技,500-999人,在线教育,本科,,,140-180元/天,北京,,2026-05-25 16:07:37
70ab83056bf14d6f0nd52t6_FFtU,地图运维工程师,北京某中型智能硬件公司,500-999人,智能硬件,大专,1-3年,"点云, 地图",15-25K,北京,,2026-05-25 16:07:37
5c08f075bdf3f0730nV63ti5FlpW,基础架构开发工程师 (MJ000005),聚宽投资,20-99人,基金,本科,1-3年,"Python, Kubernetes, MySQL, Oracle, MongoDB, 分布式经验, 云计算经验, 云, K8S, 云计算, 容器云, 阿里云",40-60K,北京,,2026-05-25 16:07:37
1186b6cd8148c1691nV-3t-0E1RS,算法开发工程师,思行伟业,20-99人,计算机软件,硕士,经验不限,"视觉图像算法, C++, Java, 算法基础, 数据库开发, 区块链, 云计算, 物联网",11-20K,北京,,2026-05-25 16:07:37
e31329cac165e8fb0nZ62t67GVFY,AI系统运维工程师,长安科技,1000-9999人,计算机软件,本科,经验不限,,30-50K·16薪,北京,,2026-05-25 16:07:59
4d16ff0f96d78a8e0ndy0ti-FVFQ,现场维护工程师,河北京创,20-99人,通信/网络设备,学历不限,3-5年,,4-7K,北京,,2026-05-25 16:07:59
d7f5470094f872750nV53dm6E1RQ,主机运维工程师,信实志远,0-20人,计算机服务,大专,1-3年,,7-8K,北京,,2026-05-25 16:07:59
1caed82ac6e28b460nd-2dW0GFpW,运维工程师,湖南宜速数智科技,20-99人,互联网,本科,3-5年,,11-12K,北京,,2026-05-25 16:07:59
d005446d3fd676f31XB_09y6EVtX,fpga逻辑工程师,阿里巴巴集团,10000人以上,互联网,本科,1-3年,"Verilog, 计算机相关经验, FPGA开发/验证经验, PCIe开发经验, FPGA, RTL, 云计算",20-40K·15薪,北京,,2026-05-25 16:08:19
84cdce74587c486e0ndy2d60F1RV,运维开发工程师,红手指,100-499人,互联网,本科,3-5年,,11-15K·16薪,北京,,2026-05-25 16:08:19
dd147592a0b3d4cf0nV939i8FVFX,运维工程师,星辰信安,20-99人,互联网,大专,3-5年,"零信任, 负载均衡, 网络基础, 网络产品",10-12K,北京,,2026-05-25 16:08:19
aaa8ae790c7c4a9f0Xx52dq7EFo~,阿里云高级算法工程师/算法专家,阿里巴巴集团,10000人以上,互联网,本科,5-10年,"深度学习算法, 推荐算法, 数据挖掘, 人工智能, 大数据, 云计算, 异常预测, 用户画像",25-50K,北京,,2026-05-25 16:08:19
428bc732f11fb9221nB53tS8F1tR,云存储高级研发工程师,腾讯,10000人以上,互联网,本科,3-5年,"分布式存储, 云计算",30-60K·16薪,北京,,2026-05-25 16:08:19
3df8fc4bb100ebfd0nd-39S0FVZU,应用支持工程师,北京某小型半导体/芯片公司,20-99人,半导体/芯片,本科,3-5年,电子/电气/自动化相关专业,20-25K·14薪,北京,,2026-05-25 16:08:40
0531fa73cde47c600nB73d69GVJX,云平台运维工程师,南昌岱臻科技有限公司,0-20人,互联网,本科,3-5年,"linux, Shell/Python",7-9K,北京,,2026-05-25 16:08:40
26cf566c352ace631nZ63d21EFpT,集成实施工程师,广东乐维,20-99人,计算机软件,本科,1-3年,"Shell, Linux, MySQL, 自动化运维, Windows, Python, Zabbix",8-13K,北京,,2026-05-25 16:08:40
509f1efe2a6005850nd_39i7FVpR,运维工程师,三河市智仁捷科科技,20-99人,计算机软件,大专,1-3年,"Java, Nginx, 实施交付运维, 通信相关专业, MySQL/Oracle, Redis, 计算机相关专业, 运维经验",7-8K,北京,,2026-05-25 16:08:40
35902419ae745d290nBz29u1EVI~,c++工程师-北京-00334,智慧树,100-499人,移动互联网,本科,3-5年,"C++, Windows, 网络协议, Socket技术, 音视频编解码, 流媒体技术, 计算机软件, 云计算",15-30K,北京,,2026-05-25 16:09:02
cc2aa0778a042d400nV82Nq4FlNZ,运维工程师,北京兴琪信息科技,20-99人,互联网,本科,3-5年,"Nginx, MySQL/Oracle, Docker, 计算机相关专业, Kubernetes",10-12K,北京,,2026-05-25 16:09:02
b109b5cd6d038be81nR-2Ny9ElpX,iOS开发工程师,杨娜科技,0-20人,互联网,大专,1-3年,"IOS, 架构师, 计算机软件, 移动端, 全栈开发, 视频, 云计算, 物联网",10-13K,北京,,2026-05-25 16:09:02
3e240ff89c51535d1XV-2Ni5GFpT,运维工程师,迪科远望,100-499人,计算机软件,大专,1-3年,"实施交付运维, 系统运维, 硬件运维, IDC机房运维",6-8K,北京,,2026-05-25 16:09:24
f4e0e9de7803dce90nRz2t28GVpY,运维工程师,艾森思科技,20-99人,计算机软件,本科,5-10年,,6-8K,北京,,2026-05-25 16:09:24
429ddb972e29f4701nB_3d24F1NT,安全工程师,首信云,100-499人,计算机服务,本科,3-5年,"安全运维, 网络运维, 网络交换技术, 网络安全, 网络设备, 计算机软件, 云计算, 网络协议",10-15K,北京,,2026-05-25 16:09:24
b1ae2884e7e1087a0nd-2tu9EVFV,高级运维工程师,久胜科技,20-99人,计算机服务,本科,5-10年,"系统运维, 保险, 运维开发经验, AI, 运维经验",10-15K,北京,,2026-05-25 16:09:24
fcbb90208439f5540nV_3di4FlVT,运维工程师,国安信息科技,100-499人,计算机软件,本科,1-3年,"Docker, 系统运维, K8S, 云运维",8-11K,北京,,2026-05-25 16:09:24
6ac1173e541100f21Xd93N-9GVVV,云计算销售经理,云势数据,20-99人,互联网,本科,5-10年,"电话销售, 面销/陌拜, 软件/企业服务产品, 对企业/机构（To B）销售经验, 面销/陌拜经验, 电话销售经验",11-20K·24薪,北京,,2026-05-25 16:13:32
86e3954ecf175d490nZz2tS_FFVQ,售前技术架构师（云计算方向）,中企通信,500-999人,通信/网络设备,本科,5-10年,,20-30K,北京,,2026-05-25 16:13:52
344d5598909e4ae103B82925E1JV,云计算后台研发工程师,腾讯,10000人以上,互联网,学历不限,经验不限,"Python, Docker, Kubernetes, 云计算经验",30-60K·15薪,北京,,2026-05-25 16:14:34
b4d04a33cc20164b0nd43Ni5E1dY,售前技术支持工程师（算力与AI产品方向）,中科信控,20-99人,其他行业,本科,5-10年,"算力与AI, 云计算",15-20K,北京,,2026-05-25 16:14:34
daee3a5789ff9b0b1XB53dq-EVRR,通信技术工程师/云计算工程师/技术支撑,中讯设计,500-999人,运营商/增值服务,大专,1-3年,"5G, 通信技术工程师, 云计算, 项目经理",7-10K,北京,,2026-05-25 16:14:34
9a6df69c23dfce940nV82ty_FVtZ,人工智能开发工程师,同创有云,20-99人,计算机软件,本科,3-5年,"敏捷研发, 云计算",15-19K,北京,,2026-05-25 16:14:55
c6a250e633b6a1d31nZ62tS7GFZW,网络工程师,浩鲸科技,10000人以上,通信/网络设备,本科,1-3年,"CCNP/HCIP等, Java, 运维通信资格证书, 数据中心运维, 有网络工程师经验, CCNA/HCIA等, Windows, 3到5年网络工程师经验, 系统集成商, 网络设备, CCIE证书, CCNP证书, 大型网络运维, 网络规划设计, 云计算",13-16K,北京,,2026-05-25 16:14:55
f8f25b9cf83782d00nZy2d-4FldY,高级云运维工程师,某中型互联网网络设备公司,100-499人,互联网,本科,5-10年,,25-40K,北京,,2026-05-25 16:14:55
f5d3a288c3861d530nB53NW5EFZS,日语技术文档工程师,诚云科技,500-999人,互联网,本科,5-10年,"技术写作, 日本留学, 云计算, 本地化",25-40K·15薪,北京,,2026-05-25 16:15:15
4019f4c313f89c5e1nV83N-4GFFW,环境方案工程师,北科中环环境中心,20-99人,环保,本科,经验不限,"售前支持, 解决方案, 项目招投标, 信息化, 大数据, 智慧城市, 云计算, 环保",8-12K,北京,,2026-05-25 16:15:15
3bfd4c2b1ea47a760nd-2NS-EVdQ,资源管理及网络工程师,长安科技,1000-9999人,计算机软件,本科,5-10年,,30-50K·16薪,北京,,2026-05-25 16:15:15
61018232dca359350nB43d24FFtV,运维工程师,大咖网络,100-499人,互联网,大专,1-3年,,5-6K,北京,,2026-05-25 16:15:15
67bb7972a030b5b20nB42dW0EFNZ,运维工程师,腾信软创,500-999人,计算机软件,本科,3-5年,,13-16K,北京,,2026-05-25 16:15:15
ffd13265f4f230d61nZ72d27FVJQ,python开发工程师,开域集团,1000-9999人,互联网,本科,1-3年,"PyTorch, 智能硬件, 机器学习经验, 智能驾驶, 人工智能, 软件工程师, 高级软件工程师, 大数据, Python, 云计算",15-25K·13薪,北京,,2026-05-25 16:15:15
d50fea3316229e5a0nB43tS7ElFT,招聘运维工程师助理,北京新域未来,20-99人,计算机软件,本科,经验不限,"桌面运维, 网络运维, 系统运维, IDC机房运维, 运维开发/DevOps, Redis, Nginx, Docker, Golang, MySQL/Oracle, 计算机相关专业, 通信相关专业, 电子/电气/自动化相关专业, 运维经验, 运维开发经验",4-8K,北京,,2026-05-25 16:15:56
3e41e7e60bfbfa8e1Xx-3tu8EVNX,北京驻场工程师,美煌信息,100-499人,计算机服务,大专,3-5年,"实施交付运维, 计算机相关专业, 通信相关专业, 运维经验",9-10K,北京,,2026-05-25 16:16:16
a3690df0377804230ndz39W6ElVV,应用运维工程师,杭州某大型通信/网络设备上市公司,10000人以上,通信/网络设备,本科,5-10年,,25-50K,北京,,2026-05-25 16:16:16
27b0d1a9d1f053201XZ909q6EVNS,服务器运维工程师,北京计算机研究所,1000-9999人,其他行业,硕士,3-5年,"Shell, Linux, MySQL, 系统运维, Ubuntu, Centos, Docker",12-20K·14薪,北京,,2026-05-25 16:16:16
2ac17199d1e2322e33B63t27EFY~,部署工程师,东方金信,500-999人,计算机软件,本科,5-10年,"Jenkins, Docker, K8s, ci/cd, gitlab, linux, 部署",12-21K,北京,,2026-05-25 16:16:16
7e6cf705f8bbf5231X150t-_FlpW,机器学习工程师实习生,北京工作魔法科技,20-99人,互联网,硕士,,"语音/图像识别, 云计算, Python, OpenCV, CNN/RNN/LSTM, 计算机相关专业, 机器学习算法/工程化经验, 深度学习经验",200-250元/天,北京,,2026-05-25 16:16:36
7749de7eb8607c610nVz3N-0FFdW,安全运维工程师,中测安华,100-499人,互联网,大专,3-5年,,10-13K·14薪,北京,,2026-05-25 16:16:36
0d744b2122e3a4a30nR-3N-1FltR,云计算/AI产品解决方案 J96152,百度,10000人以上,互联网,本科,5-10年,,25-50K·16薪,北京,,2026-05-25 16:20:45
ed7dfe01768370320nB43dm1EFtV,云计算资源运营经理,金山云,1000-9999人,互联网,本科,3-5年,"云计算, 资源运营",20-30K·15薪,北京,,2026-05-25 16:21:05
5390c65228252b8a0nd-09y9GVtY,驻场服务工程师,湖南宜速数智科技,20-99人,互联网,本科,3-5年,"计算机相关专业, 网络安全相关经验, 防火墙, 安全设备运维",10-12K,北京,,2026-05-25 16:21:48
d454b4af5a7a7bf70nR_2tq6ElZQ,网络集成工程师（北京）,国育科技,100-499人,通信/网络设备,大专,3-5年,"CCNP/HCIP等, CCIE/HCIE等, 不需要出差, 通信相关专业, 网络架构设计, 数据中心运维, 有网络工程师经验, 大型网络实施, 计算机相关专业, 3到5年网络工程师经验, 运营商, 云计算",12-20K,北京,,2026-05-25 16:21:48
1808ced1956bfc8b0nd52di4GFFQ,devops一线运维工程师,华苏科技,1000-9999人,互联网,本科,1-3年,,9-11K,北京,,2026-05-25 16:22:08
cdce7cbfeea93b9e031939-8FVJV,k8s运维工程师,成都创元聚星科技,100-499人,互联网,本科,10年以上,"Java, Python/Shell, Golang, Kubernetes, 计算机相关专业, 通信相关专业, 电子/电气/自动化相关专业, 运维经验",25-45K·18薪,北京,,2026-05-25 16:22:08
c41a9eaf82f873120nV939W4GFZV,解决方案工程师,快猫星云,20-99人,互联网,本科,3-5年,"计算机/通信相关专业, 可观测, 监控, 云计算",20-30K·14薪,北京,,2026-05-25 16:22:08
b1093433ab2965680nZ93tu8E1FQ,乐器技术工程师,北京好听音乐,20-99人,文化艺术/娱乐,学历不限,1-3年,"流行乐器, 乐助, 乐器, 演出调音, 演唱会",6-10K,北京,,2026-05-25 16:22:08
c9c4b6313eb7ae241HV80tu5GVVV,推理引擎研发工程师,百图生科,100-499人,医疗健康,硕士,5-10年,"业务导向, 云计算",30-50K·15薪,北京,,2026-05-25 16:22:29
a4ff3f4f9f69baa40nd839u7F1dW,算力运维工程师,云信航天,20-99人,互联网,本科,3-5年,"实施交付运维, Docker, 算力中心, 系统运维, HCIE, 服务器, 计算机相关专业, 算力, 运维经验, IDC机房运维",10-13K,北京,,2026-05-25 16:22:29
f9f8187ce95f65e51HB62tS7GFFS,linux系统运维工程师,嘉豪中尧,100-499人,通信/网络设备,本科,1-3年,"MySQL/Oracle, Docker, Linux, 计算机相关专业, 运维经验",9-12K·13薪,北京,,2026-05-25 16:22:29
d79ba8787fb16ee00nB529y7ElFV,网络实施工程师,控安,0-20人,信息安全,本科,3-5年,"网络运维, 实施交付运维",10-11K,北京,,2026-05-25 16:22:50
bb49a33c207779550nd73t61E1BX,安全运维工程师,北京闫王传媒有限公司,20-99人,文化艺术/娱乐,学历不限,经验不限,,8-13K,北京,,2026-05-25 16:22:50
347e606df2f33ed10nV53dq4FVJX,运维工程师,浙江徽创信息技术有限,100-499人,计算机软件,大专,5-10年,"系统运维, 实施交付运维, 运维经验, 国产数据库, 国产系统经验",10-15K,北京,,2026-05-25 16:22:50
6fea772e33cf69861Xx62t20EldT,运维工程师（北京）,中科全安,100-499人,信息安全,本科,1-3年,"网络运维, 防火墙, 实施交付运维, 入侵检测, 系统运维",8-13K·13薪,北京,,2026-05-25 16:22:50
6160e8c1d518372f0nB73Ny8FFVW,运维工程师,嘉为科技,500-999人,计算机服务,本科,,,150-180元/天,北京,,2026-05-25 16:23:11
7893d0ce0cbceefb1HF63967ElNQ,运维工程师,北京宏林海科贸,0-20人,新零售,本科,1-3年,"网络运维, 系统运维, 运维经验",4-8K,北京,,2026-05-25 16:23:11
3b930255140d920c0nd82964FltY,运维工程师,尚科数据无锡有限公司,0-20人,计算机服务,本科,3-5年,"IDC机房运维, GPU, IDC",11-16K,北京,,2026-05-25 16:23:11
158b6de0ed15512903x829q8GVNR,运维工程师,欧勤永嘉,0-20人,通信/网络设备,本科,5-10年,"网络运维, Nginx, Ansible/Salt/Puppet, Docker, 系统运维, Python/Shell, 计算机相关专业, 运维经验, IDC机房运维, Kubernetes",10-15K,北京,,2026-05-25 16:23:54
359280b51029e8680ndy2N21EVJQ,运维工程师,智诚民康,100-499人,医疗健康,本科,经验不限,,5-6K,北京,,2026-05-25 16:23:54
bfe9aba7ad78d72c0nZ72dq4FVNQ,机器人硬件运维工程师,生数科技,100-499人,互联网,本科,3-5年,"运维开发/DevOps, 硬件运维",35-55K,北京,,2026-05-25 16:23:54
ce5caeb4e5402e590nZ83tS8FVpW,IDC机房运维工程师,中兴通讯,10000人以上,互联网,本科,1-3年,"Java, Python/Shell, 计算机相关专业, 运维开发经验, IDC运维, AI",7-11K·13薪,北京,,2026-05-25 16:28:22
ae5907f4b1e5c0950nB709S1EltW,AI 运维工程师,微创软件,10000人以上,计算机软件,本科,1-3年,"Golang, Docker, 大数据运维经验, 运维开发/DevOps, 运维开发经验, Python/Shell, 计算机相关专业, Kubernetes, 云计算",9-10K,北京,,2026-05-25 16:29:05
852323db7bd3ddf30XN939-8FlE~,云计算研发工程师,华为成都研究所,10000人以上,通信/网络设备,本科,在校/应届,"C++, 分布式技术, 云计算, 计算机软件, 大数据, 软件工程师, C语言, Linux",15-30K,北京,,2026-05-25 16:29:26
5669c22da8b58fee1Xd-29u-FFZX,云计算软件开发工程师,华为,10000人以上,计算机软件,本科,经验不限,"Python, 消息队列",15-30K·15薪,北京,,2026-05-25 16:29:48
4fdaf42430e8f7a10nd-3dS0F1FQ,中级系统运维工程师,易凯联讯,100-499人,其他行业,大专,1-3年,,6-8K,北京,,2026-05-25 16:29:48
32099d68926d68531HZy0t6-GVRR,运维服务工程师,真视通,500-999人,计算机软件,大专,1-3年,计算机相关专业,6-11K,北京,,2026-05-25 16:29:48
739f2f3e341ef48e0nZz0tW9ElNW,感知算法工程师,某中型具身智能软硬件技术公司,100-499人,人工智能,本科,3-5年,"云计算, 智能驾驶, Hadoop/Hive/Spark, Java, TensorFlow/PyTorch, C/C++, Python, 计算机相关专业, 机器学习算法/工程化经验, 深度学习经验, 有国际期刊/会议论文发表",40-70K·14薪,北京,,2026-05-25 16:30:08
5d66618e7bebaeec1nV53d24ElBW,网络工程师,快手,10000人以上,社交网络与媒体,本科,经验不限,"网络运维, 云计算, 网络交换技术, 网络协议, CCIE证书",20-35K,北京,,2026-05-25 16:30:08
0878bc392a39f5d903Fy3Nq6E1tU,交付工程师,擎创信息,100-499人,计算机软件,本科,5-10年,"Nginx, 通信相关专业, 实施交付运维, MySQL/Oracle, 大数据运维经验, 系统运维, Redis, 计算机相关专业, Python/Shell, 电子/电气/自动化相关专业",15-18K,北京,,2026-05-25 16:30:08
9a079ecac58099c10nB53t61FVRV,IT工程师,中石油数智研究院,20-99人,石油/石化,大专,3-5年,,15-25K,北京,,2026-05-25 16:30:30
4f498b7e307148430nd-3tu_FVVY,运维工程师,极豆车联网,100-499人,计算机软件,大专,5-10年,"系统运维, Docker, Kubernetes, Python/Shell, 计算机相关专业, 运维经验, 云原生服务",10-13K,北京,,2026-05-25 16:30:30
28b9f3649a7681321nd70tm5FFFU,DevOps开发工程师,微博,1000-9999人,互联网,本科,1-3年,"Go, 容器技术, Linux, 架构师, 云计算",20-40K·14薪,北京,,2026-05-25 16:30:30
eb2c2bc8186ab6cd0ndz39u7ElFT,MaaS平台运维工程师,杭州某大型通信/网络设备上市公司,10000人以上,通信/网络设备,本科,5-10年,,30-60K·15薪,北京,,2026-05-25 16:30:30
3e5c8dd217bef1af0nB60tW5GVBY,运维工程师,天地通电信,100-499人,运营商/增值服务,学历不限,经验不限,,8-10K,北京,,2026-05-25 16:30:30
32370b16f376de660nd73Nm8FVNQ,运维工程师,上海思芮,1000-9999人,计算机软件,本科,3-5年,,12-13K,北京,,2026-05-25 16:30:30
8c9751a82893ce430nB52t60F1RY,运维工程师,网拓科技,20-99人,计算机服务,大专,1-3年,"桌面运维, 系统运维, 网络运维, 运维经验",6-7K,北京,,2026-05-25 16:30:51
10cb13d691514bbb0nd63du4FlFS,纪检系统运维工程师,四川中慧极智科技,20-99人,人工智能,本科,1-3年,,7-9K,北京,,2026-05-25 16:30:51
e5fef6e358d2795d1nZ82N26FFtU,高级系统运维工程师,量赞网络,20-99人,互联网,本科,3-5年,"分布式技术, Linux, 存储系统, K8S, 云计算, Redis, Shell, Python",20-30K,北京,,2026-05-25 16:31:13
ef3548d5e7015bd50nd_2Ny0EFJS,IT运维工程师,北京穿越者载人航...,20-99人,铁路/船舶/航空/航天制造,本科,3-5年,,10-15K·13薪,北京,,2026-05-25 16:31:13
f0ea8137ef6c67911XFy2N-0GFJW,云计算工程师,航天神舟软件,1000-9999人,计算机软件,本科,5-10年,计算机相关专业,16-30K,北京,,2026-05-25 16:35:23
68617fc658f026720nd929u4GFJY,推理框架工程师/实习生,北京某中型人工智能公司,100-499人,互联网,硕士,经验不限,"C/C++, 有国际期刊/会议论文发表, 业务导向/研究导向, 智能驾驶, 搜索/推荐, TensorFlow/PyTorch, 机器学习算法/工程化经验, 计算机相关专业, 语音/图像识别, 云计算, Python",100-200K·15薪,北京,,2026-05-25 16:35:42
f3c18fa431f16e9c0nB52tS9ElFV,SAP运维工程师,北京龙腾微时代,100-499人,计算机软件,本科,1-3年,SAP,6-7K,北京,,2026-05-25 16:37:28
feb61bbab0cde0ee1Xd90921F1dX,Linux高级软件工程师,信安世纪,500-999人,计算机软件,本科,3-5年,"C++, 网络协议, 数据结构, Linux, C语言, 网络交换技术, 网络安全, 云计算",20-35K·13薪,北京,,2026-05-25 16:37:28
aac65c280eeaebfd1XF42d-6GVdV,高级运维工程师,某良心公司,20-99人,基金,本科,1-3年,"系统运维, 运维开发/DevOps, 实施交付运维, Python/Shell, Docker, Kubernetes",25-40K·15薪,北京,,2026-05-25 16:38:07
94d42e5ed564469303N909i6E1VR,运维工程师,正元智晟,0-20人,人工智能,本科,,,150-260元/天,北京,,2026-05-25 16:38:07
d0980e50f72dace51XN-0ty0GVpU,机器学习分布式工程师,交叉科技,20-99人,人工智能,本科,3-5年,"云计算, Hadoop/Hive/Spark, TensorFlow/PyTorch, CNN/RNN/LSTM, 计算机相关专业, 机器学习算法/工程化经验, 深度学习经验, 高性能分布式计算引擎, 多线程开发",25-50K·14薪,北京,,2026-05-25 16:38:07
2f0c41c067ed34360nB52tq-GFFQ,SRE运维工程师,上海某中型人工智能算力服务公司,100-499人,人工智能,硕士,3-5年,"大数据运维经验, SRE运维, K8S, Linux, Python",35-45K,北京,,2026-05-25 16:38:28
0c6081445f4d585903N-292_FFRY,运维工程师,北京焱法科技有限公司,20-99人,人工智能,本科,5-10年,,15-25K,北京,,2026-05-25 16:38:28
8c031822463fc9d00nVz096-E1ZQ,系统运维工程师,北京兴琪信息科技,20-99人,互联网,本科,1-3年,"Docker, 系统运维, Python/Shell",8-10K,北京,,2026-05-25 16:38:28
c24c6aa1823127c10nB63t-9E1RT,云计算产品汽车pm,北京某大型IT解决方案公司,1000-9999人,互联网,本科,3-5年,pmp,13-18K,北京,,2026-05-25 16:42:57
c4190eee96e62b9d0nB529-8FVFY,运维工程师,北京宁诗雨商贸,0-20人,日化,本科,1-3年,"信息工程, 熟悉Matlab,python,C++, 系统运维, 计算机相关专业, 电子/电气/自动化相关专业",5-8K,北京,,2026-05-25 16:44:38
ed1accdddf3627ba0nV729-_GFRV,高级运维工程师,光宇游戏,1000-9999人,游戏,本科,3-5年,"DevOps, K8S, 集群运维, 游戏, Python",15-19K,北京,,2026-05-25 16:44:38
efdfd3bd2f8705ed0nd-39u0FVJU,运维工程师,涌跃智能,20-99人,人工智能,本科,经验不限,,15-30K·16薪,北京,,2026-05-25 16:45:42
a7d11ffd81da813a03N83di5EFdS,运维工程师,中科软,10000人以上,计算机软件,本科,3-5年,APM,9-12K,北京,,2026-05-25 16:45:42
1e8c993e1d6de85d0nZy09y7FVJR,云计算 & 模型API销售经理-BJ,图能科技,20-99人,云计算,大专,3-5年,,15-18K,北京,,2026-05-25 16:50:10
00ab129bcfc8135e1Xx50920FlNS,云计算平台产品经理(J10303),中电信数智,1000-9999人,通信/网络设备,本科,5-10年,"B端产品, 云计算产品, 云管平台",24-30K,北京,,2026-05-25 16:50:31
f8e4617605e9be680nV53dq7E1tW,运维工程师,浙江徽创信息技术有限,100-499人,计算机软件,大专,5-10年,,12-15K,北京,,2026-05-25 16:51:33
dacf27342e1f535b1nZ73ti-EVFZ,GO研发工程师,穿杨科技,20-99人,互联网,本科,1-3年,"Go, 网络协议, 容器技术, 微服务架构, Linux, 云计算, 分布式技术",15-30K,北京,,2026-05-25 16:51:33
9bd3d2f7dfbb0eee0nV839S1GVJU,系统运维工程师,神州信息,10000人以上,计算机软件,本科,3-5年,"系统运维, 计算机相关专业",10-12K,北京,,2026-05-25 16:52:59
a9ce36ea0489034303dy3928EVdT,云计算工程师（北京）,四川准达信息技术,1000-9999人,通信/网络设备,大专,3-5年,"kvm, 系统运维, 操作系统, 首信云, 网络安全",12-15K,北京,,2026-05-25 16:57:08
13b453681ac90c280nd82NW6FlBS,云计算项目经理,灵雀云,100-499人,计算机软件,本科,5-10年,"云计算, 容器, 项目管理, Kubernetes, docker",15-30K,北京,,2026-05-25 16:57:29
440923f1f179c9d8031z3N66EFpQ,中交信科集团云计算平台架构师(J45810),中交信科集团,500-999人,计算机软件,本科,5-10年,"Java, Go, 容器技术, 分布式技术, 云计算架构, 算力",30-40K,北京,,2026-05-25 16:57:29
ac1e5aeef75a57fb0nZ709y_EVpQ,高级运维工程师,HUNGRY STUDIO,500-999人,游戏,本科,5-10年,,30-50K·15薪,北京,,2026-05-25 16:58:51
0884a2154139df810nZ_2d-9FFVW,运维工程师,北京仟格科技有限公司,500-999人,互联网,大专,5-10年,"政府, 信创",10-15K,北京,,2026-05-25 16:58:51
83f99c4b07872f070nZz09q7EFRR,运维工程师,数聚智造,100-499人,互联网,本科,5-10年,,15-25K,北京,,2026-05-25 16:59:13
27e3a32eaa93bcd40nd83tm9FlBZ,IT运维工程师,知名公司,1000-9999人,电子商务,本科,3-5年,,35-65K,北京,,2026-05-25 16:59:56
6c143d7abe1c842d1Hx52di1ElVV,运维工程师,鸿泰卓华,20-99人,人工智能,本科,在校/应届,,7-8K·13薪,北京,,2026-05-25 17:00:17
6e0a46d2a126be170nRz3dm-GFVQ,运维工程师,中科芯磁,20-99人,半导体/芯片,本科,3-5年,,8-13K,北京,,2026-05-25 17:00:17
21d56e23f0f025370nV73927EVBR,售前工程师,网宿科技,1000-9999人,互联网,本科,3-5年,"云安全, AWS/Azure/阿里云相关认证, 计算机/通信相关专业, CISSP/CISP, 云服务, 云计算",15-25K·16薪,北京,,2026-05-25 17:05:06
350e61071eee8ccf1HBz2ti_ElU~,云计算研发工程师,汇智仁兴,0-20人,企业服务,本科,1-3年,"C/C++, Linux, 后端开发",20-35K,北京,,2026-05-25 17:05:48
4ba031f4e1efe6710nZ509S7FVVR,运维助理工程师,美亚宏信,20-99人,计算机软件,大专,,,100-150元/天,北京,,2026-05-25 17:06:31
cae7986bb2e7535e031539y5GFpS,高级云计算工程师,北京某大型计算机软件公司,1000-9999人,计算机软件,本科,3-5年,"云计算, OpenStack, python",23-40K·13薪,北京,,2026-05-25 17:06:51
3257b289e4a04f290nRz2tm9GVBS,运维工程师,奇安信集团,1000-9999人,信息安全,本科,1-3年,,13-16K,北京,,2026-05-25 17:07:13
933502e476c79cee1X183tW5ElJX,算法开发工程师,青萍科技,20-99人,互联网,本科,1-3年,"语音/图像识别, 云计算, Java, Python, TensorFlow/PyTorch, 计算机相关专业, 机器学习算法/工程化经验",15-30K,北京,,2026-05-25 17:07:34
8a740d37905631910nRy3Ni4FlRS,云计算交付工程师,新华三技术有限公司,10000人以上,计算机软件,大专,3-5年,,14-18K,北京,,2026-05-25 17:29:42
30bdaa9bcdd546420nV-2d26FVRW,云计算产品专家,某大型互联网公司,10000人以上,互联网,本科,5-10年,,50-80K·16薪,北京,,2026-05-25 17:30:25
c26ba6a83e67b3861nx409q_GVdT,云计算技术支持工程师,ZStack,100-499人,计算机软件,本科,3-5年,"云计算交付, 项目实施, 运维支持",10-15K·15薪,北京,,2026-05-25 17:30:46
8129d8914423b0630ndy09q-EVVZ,量子算法工程师,北京某小型量子计算硬件开发公司,20-99人,电子/硬件开发,博士,经验不限,"研究导向, 云计算, 语音/图像识别, 风控/反欺诈, Python, 英文读写能力良好, Grover, Pennylane, QuTiP",30-50K·14薪,北京,,2026-05-25 17:31:08
ec1f902910d74dc80nd40ty_EVNZ,运维工程师,星辰信安,20-99人,互联网,本科,3-5年,,11-12K,北京,,2026-05-25 17:32:10
14d8bbb166be2f851nZ909u5FlNY,前端开发工程师,有云数智,100-499人,互联网,本科,1-3年,"前端开发, CSS, React, 全栈开发, 云计算",12-24K,北京,,2026-05-25 17:32:32
5efc45c9929560ad1nZ_39-7EFVQ,云计算驻场运维工程师,中电信数智,1000-9999人,通信/网络设备,本科,3-5年,"Linux, 系统运维, 云计算",18-30K,北京,,2026-05-25 17:46:01
981225a65c736eb70nB53tu8EVRQ,设备安装工程师,河北润真科技,20-99人,通信/网络设备,本科,经验不限,"通信相关专业, 实施交付运维, 传输设备安装，设备安装",5-6K,北京,,2026-05-25 17:47:43
e2ae04d88ad10e233nd-3Ni_F1M~,GO语言开发工程师,合晟铭途,1000-9999人,互联网,本科,1-3年,"Go, 容器技术, 后端开发, 云计算, C++, Python, Java",12-18K,北京,,2026-05-25 17:48:24
0e6d3d7f9d6744210nd_29-0FVZU,污水处理工程师,怡家园北京分公司,100-499人,物业管理,大专,3-5年,,10-11K,北京,,2026-05-25 17:48:24
bdb5f315d1f8cd211HZ529m4EVJS,云计算工程师,峰潮信息,500-999人,计算机服务,大专,3-5年,"实施交付运维, 系统运维, HCIE, 华为云, 云计算",12-19K,北京,,2026-05-25 17:53:33
d19bdd80e8b3ba3b1Xd82N2-EFBZ,算法工程师,文安智能,100-499人,计算机软件,硕士,经验不限,"业务导向, 语音/图像识别, 云计算, 机器学习算法/工程化经验, 深度学习经验, 计算机相关专业",18-35K,北京,,2026-05-25 17:56:01
a340b3574be5571003B83t69EVNQ,技术翻译工程师,诚云科技,500-999人,互联网,本科,3-5年,"云产品, 云计算",20-40K·15薪,北京,,2026-05-25 18:03:33
a1902d970dc308961X192NW8EFtX,水文水动力模型算法工程师,泓曦科技,0-20人,计算机软件,本科,1年以内,"业务导向, 语音/图像识别, 云计算, Java, Python, 计算机相关专业",7-12K,北京,,2026-05-25 18:04:36
69961de2f9492d673nx-29-8EFE~,OpenStack运维工程师,SenseTime,1000-9999人,计算机软件,本科,1-3年,"运维, 运维工程师, 运维开发, 虚拟机技术, Ansible, Puppet, 云计算, openstack",15-30K·15薪,北京,,2026-05-25 18:10:49
6700cf7aca7a7caf0nV80924FlNX,运维工程师,五继网络,20-99人,通信/网络设备,学历不限,3-5年,系统运维,7-10K,北京,,2026-05-25 18:12:33
8013cf46ba7ceec81XNy09m_GVdQ,视频AI分析工程师,北京天璟空间,20-99人,计算机软件,本科,1-3年,"语音/图像识别, 云计算, 搜索/推荐, C/C++, Python, 数学/统计相关专业, 深度学习经验, 机器学习算法/工程化经验",15-16K,北京,,2026-05-25 18:20:53
a88dedad7518464303V72d-5FFBR,云计算高级工程师,空天院,1000-9999人,学术/科研,硕士,1-3年,"计算机/网络系统工程师, Docker/Kubernetes, 计算机相关专业, PMP, 系统集成项目管理工程师, 信息系统项目管理师",13-26K·13薪,北京,,2026-05-25 18:27:07
03cf555466bf32001XVz39W8FVs~,云计算技术支持工程师(Linux方向),NWCD,100-499人,互联网,硕士,3-5年,"Linux, 运维开发, 系统运维",18-36K,北京,,2026-05-25 18:27:07
4e77aede3b987d231Xd82d2_GFRV,云平台开发工程师,佳讯飞鸿研究院,20-99人,通信/网络设备,本科,经验不限,"云平台, 云计算, openstack, python, Linux",15-25K·13薪,北京,,2026-05-25 18:27:07
261372c25e2f6b571XF43ti4EVpX,算法工程师,中国航信,1000-9999人,互联网,本科,1-3年,"研究导向, 云计算, Java",20-21K,北京,,2026-05-25 18:28:34
e26486e1e21855301Xdz39y_GVpW,算法工程师,华为科技有限公司,10000人以上,通信/网络设备,本科,在校/应届,"云计算, 语音/图像识别, 搜索/推荐, Java, Python, C/C++, 计算机相关专业, 数学/统计相关专业, 机器学习算法/工程化经验",20-40K·16薪,北京,,2026-05-25 18:28:34
2913728e30005a6d0nd90924EFpQ,用友运维工程师,华佗药房,1000-9999人,医疗服务,本科,1-3年,,13-25K,北京,,2026-05-25 18:28:55
d2f994c73a144dea1HV92NW0E1NV,容器运维工程师,北京中电睿思技术服务,20-99人,企业服务,大专,5-10年,"Docker, CSI, 容器运维, Kubernetes, CNI",10-15K,北京,,2026-05-25 18:43:06
a0a8c12ed96fa3e41Xx539S7ElJU,毫米波雷达数据挖掘算法工程师,清雷,20-99人,医疗健康,本科,1-3年,"Python, HMM、LSTM, 时序数据分析与处理, 云计算",20-30K·13薪,北京,,2026-05-25 18:44:31
365be5e834116dd50ndy3d29FFFS,云计算运维工程师- (顺义-南法信-蒙商行）,先进数通,1000-9999人,计算机软件,本科,5-10年,云计算运维,12-13K,北京,,2026-05-25 19:18:32
152d35c2243b55a703V_0tW9FlpR,云计算售前工程师,国信新网,20-99人,运营商/增值服务,本科,1-3年,"系统集成, 计算机/通信相关专业, 云服务, HCIE, 招投标经验",20-25K,北京,,2026-05-25 19:18:32
d0f64ebd670967491H1z3928EVFZ,云计算高级工程师,讯为科技,20-99人,通信/网络设备,大专,3-5年,"实施交付运维, Docker, Kubernetes, 计算机相关专业, 通信相关专业, FusionCompute, hcs, IAAS",14-22K,北京,,2026-05-25 19:18:54
6ff97d458fc268871Hd909S1FVRR,交付运维工程师,海卫士电子,20-99人,通信/网络设备,本科,3-5年,"Java, 实施交付运维, Docker, 系统运维, 运维开发/DevOps, 运维开发经验, Python/Shell, 计算机相关专业, 网络安全相关经验",12-15K·13薪,北京,,2026-05-25 19:20:38
42679a14e4d4a5421nVz2967EVFT,Linux开发工程师,清华大学,1000-9999人,互联网,本科,5-10年,"云计算, 虚拟机技术, Linux",15-16K,北京,,2026-05-25 19:20:38
6764fcc022d043861nV52tq_FFBU,SDN网络工程师,滴滴出行,1000-9999人,互联网,本科,经验不限,"Shell, Go, 网络协议, 网络交换技术, 服务器配置, Linux, 架构师, 云计算",20-40K,北京,,2026-05-25 19:20:38
2e93b71c96582fbf1nB52tS1EVpS,网络工程师,楚越天下,20-99人,信息安全,大专,1年以内,"信息安全认证, 运维通信资格证书, CCNP证书, CCNA证书, 网络设备, 云计算, 安全设备",5-8K,北京,,2026-05-25 19:20:59
c9513bf46f63909c0nV729y0GFFS,游戏运维工程师,光宇游戏,1000-9999人,游戏,本科,3-5年,"运维开发/DevOps, Python/Shell, Kubernetes, 运维开发经验, Linux, Redis, MongoDB, Python, 游戏行业",13-19K,北京,,2026-05-25 19:21:19
38b04f942039c8080nV_3Nm9EFVV,运维工程师,深圳仰山投资有限公司,100-499人,投资/融资,本科,3-5年,,15-22K·15薪,北京,,2026-05-25 19:21:41
d30fdbfdc9292d781X182t-1EVJX,感知模型算法工程师,NIO蔚来,10000人以上,汽车研发/制造,硕士,经验不限,"智能驾驶, 深度学习, TensorFlow/PyTorch, 计算机相关专业, 深度学习经验, 云计算",50-80K,北京,,2026-05-25 19:29:38
55d8ad20375895380nB73tm0E1JV,IT工程师,北京朗杰,100-499人,培训/辅导机构,大专,3-5年,电子/电气/自动化相关专业,10-13K,北京,,2026-05-25 19:29:58
335d3db431205fe21Xd52d20GFpR,云计算工程师,中移系统集成有限公司,1000-9999人,通信/网络设备,本科,3-5年,"Python, Shell, 虚拟机技术, Linux, 安全运维, KVM, VMware, 运维通信资格证书",6-8K,北京,,2026-05-25 19:42:26
4b600238e67c21781nZy0t-_GFtV,OpenStack开发工程师,安码科技,100-499人,计算机软件,本科,3-5年,"分布式技术, Linux, 云计算, 虚拟机技术, 容器技术",20-30K·13薪,北京,,2026-05-25 19:42:26
dcc47f81b37086d80nV53d--EFRQ,云计算架构师,伊克罗德,20-99人,计算机软件,本科,1-3年,"云服务, 计算机/通信相关专业, 售前技术支持经验, AWS/Azure/阿里云相关认证, Azure",12-24K,北京,,2026-05-25 19:42:49
2dd524d25814eb4b1nZ62ti-GFVU,云计算架构工程师,极纳人工智能,20-99人,计算机软件,本科,1-3年,"容器技术, 云计算, 计算机软件, 人工智能, 英语, 神经搜索, 开源",25-45K·14薪,北京,,2026-05-25 19:42:49
50be2195058212f303F829--FFBX,云计算前端开发工程师,北京浩闰科技有限公司,20-99人,互联网,本科,1-3年,"前端开发经验, React 18 ,  TypeScrip",12-13K,北京,,2026-05-25 19:42:49
124e73f725e460f81HB52d-1GFNR,云计算网络数据面高级研发工程师,腾讯,10000人以上,互联网,本科,经验不限,"C, 网络, 基础核心技术, Linux开发/部署经验",30-60K·16薪,北京,,2026-05-25 19:43:10
71f759a6085c8d181Xd-39-4F1Y~,云计算技术支持工程师(大数据方向),NWCD,100-499人,互联网,硕士,3-5年,"Hadoop, Spark, 大数据",18-36K,北京,,2026-05-25 19:43:10
09b1622d6a8555c71XR63t29FlRT,云计算技术支持专家-火山引擎,北京字节跳动,1000-9999人,互联网,本科,3-5年,"Linux, Python, Shell, SQL, Java, 容器技术, 分布式技术, 搜索引擎技术",20-30K·15薪,北京,,2026-05-25 19:43:10
0c7870ab86cf563233R83d-4GFc~,信息化工程师,天鸿同信,20-99人,机电工程,本科,5-10年,"计算机软件, 大数据, 人工智能, 云计算, 机器人",12-20K,北京,,2026-05-25 19:43:30
363d0a92de34ae901nVz3tq9FlJZ,高级区块链开发工程师,磐沄科技,20-99人,互联网,本科,1-3年,"Python, 分布式技术, 后端开发, 云计算, 算法基础, 容器技术",25-50K·13薪,北京,,2026-05-25 19:43:30
a0421e122462cc391XN62dW9GFtV,[23春招]阿里云技术服务工程师[实习],阿里巴巴集团,10000人以上,互联网,本科,,"计算机/网络系统工程师, CentOS/RedHat/Ubuntu, Docker/Kubernetes, 计算机相关专业, 通信/工程相关专业, 系统建设/运维经验, HCIE, ITIL, RHCE/MCSE, 云计算, 系统架构师, 交付",350-450元/天,北京,,2026-05-25 19:43:30
47b5fefd86b1c6a01nZ82NW_EltS,Golang高级工程师,好未来,10000人以上,互联网,本科,5-10年,"容器技术, 后端开发, 架构师, 微服务架构, Linux, 高级软件工程师, 云计算, 人工智能",23-40K·14薪,北京,,2026-05-25 19:43:52
77dfdef47479174d1X1_2dW7EVJT,算法工程师,北京管云科技有限公司,20-99人,企业服务,硕士,3-5年,"无明显侧重, 语音/图像识别, 云计算, 生物医疗, Python, MATLAB, OpenCV, 数学/统计相关专业, 机器学习算法/工程化经验, 深度学习经验, 留学生优先, 国内院校优先",14-20K,北京,,2026-05-25 19:43:52
25e5c61de3e9fcfc1nVy3NS0F1dW,运维工程师,众鑫森焱,0-20人,计算机服务,本科,3-5年,"虚拟化运维, Linux, Windows, 虚拟机技术, 云计算, IT服务",16-18K,北京,,2026-05-25 19:43:52
cb653c58bf762cb41nd43t6_EVdT,网络安全维护工程师,汇通信源,0-20人,信息安全,本科,1-3年,"信息安全, SQL Server, 漏洞挖掘, 数据安全, 渗透测试, Java, Linux, 云计算",10-15K,北京,,2026-05-25 19:43:52
498252f24a97a9831Xd93dq8EVFY,高级算法工程师,华能新锐,20-99人,电力/热力/燃气/水利,硕士,1-3年,"语音/图像识别, 云计算, 数学/统计相关专业, 机器学习算法/工程化经验, 深度学习经验",30-40K·14薪,北京,,2026-05-25 19:43:52
90bf73cbb1273c0a0HFy3di7EVA~,软件开发工程师,钺云科技,0-20人,计算机软件,本科,3-5年,"Windows, 云计算, 计算机软件, 视觉图像算法, 软件工程师, Python, C#",11-20K,北京,,2026-05-25 19:43:52
fb4545ecbf4550880Xxy3di0F1I~,AIOps高级研发工程师,华为,10000人以上,计算机软件,本科,3-5年,"云计算, 人工智能",20-40K,北京,,2026-05-25 19:43:52
03d70051b1f5c73b0nd83d61F1tW,SRE 工程师,北京某小型人工智能互动内容平台公司（融资数千万美元）,20-99人,人工智能,本科,经验不限,,85-100K·16薪,北京,,2026-05-25 19:44:34
e91d382541b77f8103B839q6F1FY,设备维护工程师,北京恒昌新力技术服务,0-20人,计算机服务,中专/中技,经验不限,,4-6K,北京,,2026-05-25 19:44:34
21119cc8f275ced10nR-29-1ElNX,it工程师,四维图新,1000-9999人,互联网,本科,3-5年,"系统运维, 运维开发/DevOps, 实施交付运维, 运维经验, 网络, AI, 自动化",15-25K,北京,,2026-05-25 19:44:34
7355beaba66b8dda0nB53ti1EFdQ,运维工程师,星图智慧,100-499人,通信/网络设备,大专,3-5年,"系统运维, IDC机房运维, 网络运维",10-15K,北京,,2026-05-25 19:44:56
d723869c241f7d080nd40ti1E1dY,运维工程师,北京芊芃运程商贸,0-20人,计算机服务,大专,3-5年,,5-6K,北京,,2026-05-25 19:44:56
7aa0ee809a14dcfd0nZ539S7EFJX,运维工程师,北京生智数据科技,20-99人,互联网,本科,1-3年,"系统运维, 运维开发/DevOps, 实施交付运维, MySQL/Oracle, Docker, Redis, Nginx, Kubernetes, 计算机相关专业, 运维开发经验, 大数据运维经验, 运维经验",10-15K,北京,,2026-05-25 19:44:56
3edf597e86a0e5fe03x92tW1E1pY,视频会议工程师,中科创思,100-499人,计算机软件,大专,1-3年,"调音台, 音响调音师, 会议支持, 视频会议, 音频会议支持",6-8K,北京,,2026-05-25 19:44:56
a58ad1811eba564c0nR739u6GVZV,sre运维工程师,某中型互联网金融科技公司,500-999人,互联网,本科,10年以上,,40-60K·13薪,北京,,2026-05-25 19:44:56
47b01b378a7190820nB40t2_FFdV,二线运维工程师,云次方,0-20人,电子商务,本科,1-3年,"桌面运维, 网络运维, 系统运维, 计算机相关专业",6-10K,北京,,2026-05-25 19:44:56
58593d9dd40d71f403Ny2Ni6GFBQ,高级sre运维工程师,米可世界,1000-9999人,互联网,本科,5-10年,,20-30K·15薪,北京,,2026-05-25 19:44:56
c29d3ef63d089cd70X1y29S9F1E~,实施工程师,华胜信安,100-499人,机械设备/机电/重工,本科,1-3年,"系统集成, 系统集成工程师, IT项目管理, 服务器配置, 云计算, 网络安全, 高性能计算, 集群运维管理",8-9K·13薪,北京,,2026-05-25 19:53:56
93955bd6f6e929a01HB509-1GVNW,光学算法工程师,北京黑马数智科技,1000-9999人,在线教育,博士,经验不限,"研究导向, 云计算, 智能驾驶, Python, 计算机相关专业, 有国际期刊/会议论文发表, 光学, 光学论文, 光学算法",30-60K,北京,,2026-05-25 19:53:56
b528d2ee84a900501Xxz0tq-FFVW,存储运维工程师,信亦宏达,100-499人,大数据,本科,3-5年,系统运维,9-11K,北京,,2026-05-25 20:07:29
6adcb02d76eeb93d1XZ72t67EFJQ,云计算讲师,觉行私塾,100-499人,培训/辅导机构,大专,1-3年,"IT培训, 实施交付运维, 云计算讲师, Docker, Ansible/Salt/Puppet, 成人教育, 系统运维, 运维开发经验, 运维开发/DevOps, 运维经验, Kubernetes, 云计算",15-25K,北京,,2026-05-25 20:13:25
0e3a1cf82274682f1Xx-0tq1E1ZW,云计算大数据产品SRE工程师,抖音有限公司,10000人以上,互联网,本科,5-10年,"Java, Python/Shell, Golang, 计算机相关专业, 大数据运维经验",35-65K·15薪,北京,,2026-05-25 20:14:26
27c3953129b206e11HZy3925EVI~,边缘计算-计算虚拟化方向-资深研发工程师,百度,10000人以上,互联网,硕士,3-5年,"系统架构, Cloud Native, 云计算",25-35K,北京,,2026-05-25 20:30:18
0c8adea4edece1811Xd83dy7FlVY,机器学习算法工程师,大贤科技,0-20人,新能源,本科,1-3年,"云计算, Python, TensorFlow/PyTorch, CNN/RNN/LSTM, 数学/统计相关专业, 机器学习算法/工程化经验, 预测算法",18-25K,北京,,2026-05-25 20:31:01
32db6b0fa481c63e0nB73d25E1NR,SRE 工程师,北京启恒智联科技,20-99人,互联网金融,本科,5-10年,AWS,20-35K·15薪,北京,,2026-05-25 20:31:22
383f66d7e542af2d03Z-3tm4ElZX,云计算解决方案架构师,阿里云,10000人以上,互联网,本科,3-5年,"云计算架构, 大模型",30-40K·13薪,北京,,2026-05-25 20:53:49
2a2a0a6989eb6b831nB839W6FlRW,云计算研发工程师,怡和祥云,20-99人,计算机软件,学历不限,5-10年,"Python, 架构师, 全栈开发, Jenkins",20-30K,北京,,2026-05-25 21:09:10
e6202c6bacc80a573nR73dS0FlE~,资深程序化广告Node.js工程师,光音网络,100-499人,互联网,本科,3-5年,"JavaScript, SQL, 后端开发, 全栈开发, 大数据, 云计算, 管理系统",20-30K·14薪,北京,,2026-05-25 21:11:36
7b364ef5cf4d5c720nZ53dy1E1dW,资深it运维工程师,国科离子,20-99人,医疗器械,本科,5-10年,,15-20K·17薪,北京,,2026-05-25 21:27:14
c40eb8ef29c2319e1HVy39m7FlBZ,桌面运维工程师,北京国信祥云科技,0-20人,计算机硬件,大专,5-10年,"网络运维, 虚拟机, 实施交付运维, 超融合, MySQL/Oracle, 大数据运维经验, 桌面运维, 计算机相关专业, 网络安全相关经验, 运维经验, 打印机/复印机维修经验, 网络安全",6-8K,北京,,2026-05-25 21:33:31
37bfb44f8d5ce40b1nF439W9GVBV,运维工程师,美亚宏信,20-99人,计算机软件,大专,1-3年,"安全运维, 系统运维, 桌面运维, 机房运维",8-13K·13薪,北京,,2026-05-25 21:42:12
2605dbb135db5a450nB63tW4E1RT,高级运维工程师,某大型互联网公司,100-499人,互联网,本科,5-10年,"系统运维, Python/Shell, Kubernetes, Golang, 运维经验, 运维开发经验, 网络安全相关经验",35-65K·18薪,北京,,2026-05-25 21:49:55
ac1f2cb45e2cbc2b3nR80tS6FVE~,OpenStack开发工程师,ZStack,100-499人,计算机软件,本科,1-3年,"虚拟机技术, Linux, 云计算, openstack",15-30K·15薪,上海,,2026-05-25 21:52:45
e381bf0983c51b541Hx42d2-GVpU,云计算解决方案架构师,北京某大型互联网公司,10000人以上,互联网,本科,5-10年,"云服务, 金融信息化项目, 售前技术支持经验",35-45K·16薪,上海,,2026-05-25 21:52:45
c28903f221eed37d0nd-0t60ElNR,云计算解决方案架构师,某机械设备公司,20-99人,机械设备/机电/重工,本科,3-5年,"云计算架构, 解决方案, 产业云计算, 产业互联网, 智慧城市, 智慧交通",25-50K·15薪,上海,,2026-05-25 21:52:45
a594a5461fb240a41nZ62d-1FVdS,云计算工程师,eBay,500-999人,电子商务,本科,经验不限,"容器技术, Kubernetes, 云计算, Linux, 虚拟机技术, 网络协议",25-50K·13薪,上海,,2026-05-25 21:52:45
31bcc955cae0369b0nd-39y_ElNS,云计算架构师 - 上海(需要英文能力),亚马逊云科技,10000人以上,云计算,本科,10年以上,云计算架构,35-65K,上海,,2026-05-25 21:52:45
2dcd58934ccc5f7503F939u_GFJU,云计算高级销售经理（中企出海）,Agilewing,20-99人,计算机软件,本科,5-10年,,20-30K,上海,,2026-05-25 21:52:45
c71c0e4ac34fbefb1XJ82dq7ElBQ,云计算工程师,华为云,10000人以上,计算机服务,本科,经验不限,"C语言, C++, Python, 计算机相关专业, C语言开发经验, 嵌入式开发经验",15-30K·16薪,上海,,2026-05-25 21:52:45
c4fdfc0305cd8ba31XB50tS9GVBV,云计算工程师,仪电中央研究院,20-99人,互联网,本科,,"后端, Python, Golang, 计算机相关专业, 英语读写能力良好",200-250元/天,上海,,2026-05-25 21:52:45
6430a56f679f81110nZ93ti7E1FT,云计算业务经理,伊克罗德,20-99人,计算机软件,大专,1-3年,"软件/信息化服务销售经验, B端市场开发经验, 面销/陌拜经验, 公有云, 技术背景, 业务开拓能力, 互联网/科技, AWS, 新客户开发",15-25K,上海,,2026-05-25 21:52:45
775c8d995c3ca6d40nd-3Ni7E1FU,云计算平台运维开发工程师,新华三技术有限公司,10000人以上,计算机软件,大专,5-10年,,15-18K·13薪,上海,,2026-05-25 21:52:45
5f59ba9cd001f5300nd83Nm1EFdY,云计算销售经理,卓术科技,20-99人,互联网,大专,1-3年,"对企业/机构（To B）销售经验, 面销/陌拜经验, 电话销售经验, 企业（To B）, 互联网/科技, 软件/企业服务产品, 电话销售, 网络销售, 面销/陌拜, 不接受居家办公, 云计算",7-12K,上海,,2026-05-25 21:52:45
f6c00cde5826307c03F43NS9EFdT,云计算与数据平台总监,某大型人工智能公司,100-499人,人工智能,硕士,5-10年,,200-260K,上海,,2026-05-25 21:52:45
65a3243cbc893b370nZy3NW9EVVW,服务器运维工程师,某中型量化对冲基金公司,100-499人,基金,本科,经验不限,,20-35K·18薪,上海,,2026-05-25 21:53:05
28ea16e870a318210nB62Ny1GVBT,云计算项目经理,上海嘉驰信息技术咨询,100-499人,计算机软件,本科,5-10年,"PMP, 腾讯云, 云架构, 英语",28-30K,上海,,2026-05-25 21:53:05
ab452f5bc3c8a94903x50t-4EFdV,云计算架构研究/云计算,北京某大型航天科技公司,1000-9999人,其他行业,硕士,5-10年,"分布式技术, 云计算架构",100-150K,上海,,2026-05-25 21:53:05
4c3594b287fc10fe1Hd72tm5EVJT,云计算工程师,华为,10000人以上,计算机软件,本科,经验不限,"Java, Python, Spring, MySQL, PostgreSQL, 云计算经验, 大数据经验",20-40K,上海,,2026-05-25 21:53:05
50b35930416c44951H1_0tW0GVZQ,云计算,某大型知名通信上市公司,10000人以上,通信/网络设备,本科,5-10年,"云, 算力",35-65K·15薪,上海,,2026-05-25 21:53:05
4d34e5ae8c4d07c30nV-3966GVJZ,算力工程师,上海浦华永业,0-20人,其他新能源,本科,5-10年,"算力工程师, 云计算",20-21K,上海,,2026-05-25 21:53:05
2b03b4175e77c1050nZ63t-4F1FS,云计算对象存储研发,UCloud,1000-9999人,云计算,本科,经验不限,"C++, Golang, Linux开发/部署经验, 分布式经验",20-40K,上海,,2026-05-25 21:53:05
14f7c4080f9253690nB53Ny_EFpS,云计算运维工程师,诚云科技,500-999人,互联网,本科,3-5年,"专有云运维, 云平台运维, 云交付",20-29K·15薪,上海,,2026-05-25 21:53:05
884fcc9f558b24fd0nB43dy8FFZT,服务器交付工程师,上海埃迪希科技服务,100-499人,人工智能,本科,3-5年,,40-60K,上海,,2026-05-25 21:53:05
a15c7f580b3ced5603By2t-9E1tR,云原生开发工程师,北京某中型基金公司,100-499人,基金,本科,经验不限,,25-50K,上海,,2026-05-25 21:53:26
f9a44c8804739a5e0nd42di0EFBU,具身智能仿真工程师 (ManiSkill/RL 方向),某大型人工智能公司,100-499人,人工智能,本科,经验不限,"业务导向/研究导向, 智能驾驶, 语音/图像识别, 云计算, TensorFlow/PyTorch, Python, C/C++, OpenCV, Shell, 计算机相关专业, 机器学习算法/工程化经验, 深度学习经验, 有国际期刊/会议论文发表, ManiSkill, SAPIEN, 强化学习, 3D资产, 机器人仿真",35-65K·15薪,上海,,2026-05-25 21:53:26
9e3b672c99a13ad60ndz3t-4EVRW,初级运维工程师,华峰创享,20-99人,企业服务,大专,经验不限,,6-10K·13薪,上海,,2026-05-25 21:53:26
d09f408a18dedb5a0nV_3NS7F1pR,运维工程师,拼多多集团-PDD,1000-9999人,互联网,学历不限,经验不限,,25-50K,上海,,2026-05-25 21:53:26
8ed1589cce39ac5c0nd-3ti7ElVT,IDC运维工程师,联云世纪,100-499人,运营商/增值服务,大专,,"计算机相关专业, 运维经验, IDC机房运维",180-220元/天,上海,,2026-05-25 21:53:26
e75202e43200048f33V73dq0FVE~,运维工程师,金山云,1000-9999人,互联网,本科,3-5年,"运维工程师, 云计算",20-21K,上海,,2026-05-25 21:53:26
89f9f258cdfef8bf031729i6F1ZT,云原生开发工程师,泰则半导体,100-499人,半导体/芯片,本科,3-5年,"云计算, 人工智能, 分布式系统开发",20-30K·13薪,上海,,2026-05-25 21:53:26
78d31988238edbf91HB62dq8F1VX,云计算运维工程师,阿里巴巴集团,10000人以上,互联网,本科,1-3年,"系统运维, 运维开发/DevOps, 实施交付运维, Python/Shell, Kubernetes, 计算机相关专业, 运维经验, 运维开发经验",20-35K·16薪,上海,,2026-05-25 21:53:26
2b8d01d6a23ad9190nB429-8GVJS,服务器交付与售后技术工程师,挚科（ZHIKE）,100-499人,计算机硬件,大专,1-3年,计算机相关专业,8-13K,上海,,2026-05-25 21:53:26
1974ca3d5876e9800nd83N27E1JU,AI Ops 工程师,凯捷,10000人以上,计算机软件,学历不限,经验不限,"运维开发/DevOps, 计算机相关专业, AI Ops",19-29K·13薪,上海,,2026-05-25 21:53:26
a8bbdb78b742b15c0ndz29m-F1RW,IT售前工程师,上海某中型信息安全公司,100-499人,信息安全,本科,5-10年,"云计算, 混合云架构设计, 公有云和私有云技术栈",20-30K,上海,,2026-05-25 21:53:26
cb7b8507cdaf675b0nB43t67ElFQ,资深idc运维工程师（需要脚本能力）,润和软件,10000人以上,互联网,大专,3-5年,"IDC机房运维, Python/Shell, 计算机相关专业",15-18K,上海,,2026-05-25 21:53:26
86bdf479081e423b0nV439q1EVRQ,Linux运维工程师（外企驻场）,岱凯,100-499人,通信/网络设备,本科,5-10年,"系统运维, 运维经验, Linux",23-26K,上海,,2026-05-25 21:53:26
3bce175090eaba360nd60ti8FlVY,网络运维工程师,数隆信息,20-99人,计算机软件,本科,5-10年,,14-15K,上海,,2026-05-25 21:53:46
505f6e97945dd1f30ndz3960ElVQ,AI交付运维工程师,悦智人工智能,1000-9999人,互联网,本科,1-3年,"系统运维, Python/Shell, Docker, Kubernetes, MySQL/Oracle, 腾讯云经验, Linux内核, AI产品交付, AI编码能力",15-19K,上海,,2026-05-25 21:53:46
86656b6a170881410nd73dq0GFNZ,大数据迁移工程师,北京金道天成信息,1000-9999人,企业服务,本科,5-10年,,15-20K,上海,,2026-05-25 21:53:46
e03b6c9527b5578e0ndy2tq-EFVS,云平台运维工程师,文远知行,1000-9999人,人工智能,本科,1-3年,,20-35K·15薪,上海,,2026-05-25 21:53:46
8eec637bdc73cbec03J-29-9GFVS,2026届校招-数据库开发工程师,西安华为云计算技术,10000人以上,互联网,本科,在校/应届,"接受无数据开发经验, c/c++, Java, 云计算, 数据库",18-35K·15薪,上海,,2026-05-25 21:53:46
53c2d96fc89e775c1nRy29S7FVBU,百度云虚拟网络数据面研发工程师,百度,10000人以上,互联网,本科,经验不限,云计算,35-60K,上海,,2026-05-25 21:53:46
5ff5f8e2b430ff9c1nR829m7EFdX,容器云高级开发工程师,诗与远方公司,20-99人,互联网,本科,5-10年,"Go, 容器技术, 微服务架构, 云计算",30-35K·13薪,上海,,2026-05-25 21:53:46
0c2d6860a39e4c4e0nZ43t6_E1VQ,工程师,欧艾斯物业管理(...,10000人以上,物业管理,大专,5-10年,,9-10K,上海,,2026-05-25 21:53:46
030d0f285a7938c303162921GVNQ,大数据运维工程师,江苏苍龙琪信息技术,0-20人,通信/网络设备,学历不限,5-10年,"系统运维, 实施交付运维, 计算机相关专业, 大数据运维经验, 运维经验, Doris, ranger, kerberos, ansible, Hadoop",12-20K,上海,,2026-05-25 21:53:46
4589a5f2dcdda8d70nd83Ny5FFtR,云原生工程师（国企）,上海某大型互联网金融上市公司,10000人以上,互联网金融,硕士,3-5年,"运维开发/DevOps, Docker, Kubernetes, 运维经验, 云平台, 云原生",20-35K,上海,,2026-05-25 21:53:46
77e8ee917c3842ad0nd93N-1GVdV,运维工程师,新汉网络,20-99人,信息安全,本科,5-10年,"网络运维, 网络安全相关经验",7-10K,上海,,2026-05-25 21:53:46
2daed311f2a13a1e0nB73dy8E1ZY,运维工程师,天玑科技,500-999人,计算机服务,大专,,,140-160元/天,上海,,2026-05-25 21:53:46
bb6f6f293939fe041Hxz29S4F1c~,云计算Java开发工程师,云俱阵,20-99人,计算机软件,本科,5-10年,"Java, 后端开发, 数据库",11-20K,上海,,2026-05-25 21:53:46
f9d006d8fd9d28780nB62NW1EFBU,云桌面运维工程师,某基金公司,20-99人,基金,本科,3-5年,"桌面运维, Python/Shell, 全球化部署经验, 云桌面",20-40K·24薪,上海,,2026-05-25 21:53:46
45f001ccc8377ecc0nR939W6EVZU,云服务运维工程师,某互联网公司,0-20人,互联网,本科,3-5年,"实施交付运维, 系统运维, 计算机相关专业, 通信相关专业, AWS, 谷歌云, GCP",20-25K·13薪,上海,,2026-05-25 21:54:06
a05471f5760bb0e00nZy3dW9E1RX,【外包】Kubernetes 运维工程师,智元机器人,1000-9999人,智能硬件,本科,1-3年,,20-35K·13薪,上海,,2026-05-25 21:54:06
764ebf2c459bfe460nB43966EVtT,芯片CAD工程师（系统运维）,亿铸智能,100-499人,半导体/芯片,本科,5-10年,,20-30K·13薪,上海,,2026-05-25 21:54:06
5cbdb40a68fb48751nVz3di_FlBU,分布式存储研发工程师（上海）,百度,10000人以上,互联网,本科,1-3年,"分布式技术, 云计算, 后端开发, 高级软件工程师, 架构师, 大数据, 数据库",25-50K,上海,,2026-05-25 21:54:06
2d2d71c6e71e90e20nd82NS6FVJU,驻场技术支持工程师,奇安信集团,1000-9999人,信息安全,本科,3-5年,"运维开发/DevOps, 实施交付运维, Docker, Kubernetes, 计算机相关专业, 运维经验, 运维开发经验",15-25K·14薪,上海,,2026-05-25 21:54:06
4241eb4abffdfdcd1X192Ni6ElBZ,集成中级工程师,御舟,0-20人,医疗健康,大专,5-10年,"网络运维, IDC机房运维, 实施交付运维, Python/Shell, 计算机相关专业, 运维经验, 网络安全相关经验, 医疗信息化",10-12K,上海,,2026-05-25 21:54:06
e7c594994df1685103F63tm6E1BQ,空调运维工程师,上海晟之盛建筑安装,20-99人,房屋建筑工程,大专,3-5年,"电子/电气/自动化相关专业, IDC机房运维",6-7K,上海,,2026-05-25 21:54:06
7be1250e8c019f4d0HV63tW6FFE~,VMare运维工程师（统招大专及以上）,征岑信息,0-20人,企业服务,大专,3-5年,"虚拟机技术, 云计算, 运维工程师, 桌面运维, 运维开发, 运维监控",8-12K·13薪,上海,,2026-05-25 21:54:06
81acd827646755c00nR-0tm0EltU,网络与Linux运维工程师,锐天投资,20-99人,基金,本科,3-5年,网络运维,20-40K·17薪,上海,,2026-05-25 21:54:06
4f7ad1a0ba3b0f0c0nB52tm1FlRS,运维工程师【薪资面议】,小獐实业,1000-9999人,其他生活服务,大专,经验不限,,12-16K,上海,,2026-05-25 21:54:06
cf1b56a9dbf8aed20nB73Nq5EVBX,Lab高级工程师,上海合纽信息科技,0-20人,互联网,大专,5-10年,,9-11K,上海,,2026-05-25 21:54:06
65f4c1251ec881610nB42NS0EFtQ,云服务管理运维工程师,想象引擎,0-20人,互联网,本科,3-5年,,15-20K·15薪,上海,,2026-05-25 21:54:06
bb79931e44ebd7fa0ndy09m1GFVY,运维工程师,帧观科技,20-99人,互联网,本科,5-10年,,25-35K·14薪,上海,,2026-05-25 21:54:06
09bf506a127530540ndy092_FVtW,运维工程师,信管网科,20-99人,通信/网络设备,本科,经验不限,,12-20K,上海,,2026-05-25 21:54:06
ee22d0aa075d69b71Hd72920GVBZ,无人机生产测试工程师,上海曜宇航空,20-99人,智能硬件,本科,1-3年,"大数据, 智能硬件, 机器人, 测试工程师, 硬件, 云计算, 人工智能, 物联网",6-10K·13薪,上海,,2026-05-25 21:54:28
60ae6016b543b8d40Hx42tW7FVc~,专有云交付平台高级研发工程师-Go,腾讯,10000人以上,互联网,本科,5-10年,"Go, 云计算",30-60K·18薪,上海,,2026-05-25 21:54:28
0ec5cd27e1f4215f0ndz392_GFdT,系统运维工程师-上海,润建股份,1000-9999人,互联网,本科,5-10年,银行经验,18-20K,上海,,2026-05-25 21:54:28
f51f1eb1785619fc33d639y6GVA~,网络工程师（安全运维）,久事科技,20-99人,大数据,大专,3-5年,"安全运维, 网络运维, 网络协议, 网络交换技术, 服务器配置, 网络安全, 网络设备, 云计算",12-24K,上海,,2026-05-25 21:54:28
3d9c2ef7f10a596c0ndz09y0EFpR,AI数字员工综合管理运维工程师,上海同炬教育信息咨询,0-20人,人工智能,硕士,1-3年,,10-11K,上海,,2026-05-25 21:54:28
cfd493906418a8ac03N93ti6GFdT,运维工程师,宁波北仑明到信息...,20-99人,计算机软件,本科,3-5年,"Java, 系统运维, 运维开发经验",11-15K,上海,,2026-05-25 21:54:28
7af875398e1d5cbb03B73dW0GFZV,信息系统监理工程师,上海怀策,20-99人,咨询,本科,经验不限,"PMP, 信息系统项目管理师, 计算机相关专业, 大数据项目管理经验, 信息化监理, 云计算",7-12K·13薪,上海,,2026-05-25 21:54:28
c163c8ef61dbd5f80nZ72Ny1EFZS,现场调试工程师（上海）,劢擎科技,20-99人,人工智能,中专/中技,在校/应届,,6-8K·13薪,上海,,2026-05-25 21:54:28
bcb22ce86404fedc03Fy2tu6EVtY,对日JP1运维/构筑工程师,亦仁科技,20-99人,互联网,学历不限,3-5年,"JP1, 日语, 对日",11-22K,上海,,2026-05-25 21:54:28
fe97676221cd83961nR829W9GFFT,大数据开发工程师,百度,10000人以上,互联网,本科,3-5年,"Java, Hive, 分布式技术, Spark, Hadoop, 大数据, 云计算, 数据治理",15-25K·15薪,上海,,2026-05-25 21:54:28
0e300a0c1dc52ba80nB52d66EFRY,初级运维工程师,飞榴软件,100-499人,互联网,本科,1-3年,,9-14K,上海,,2026-05-25 21:54:28
6eeb71beca0f28de03N639q6FVBS,初中级运维工程师,51WORLD,100-499人,计算机软件,本科,3-5年,,11-20K,上海,,2026-05-25 21:54:28
a04e08705df7c8af0nd63dy9GFZW,光伏线上运维工程师,梦象智能,20-99人,储能,本科,1-3年,"电子/电气/自动化相关专业, 逆变器, 电流反灌, 光伏电站, 电化学储能",9-14K·13薪,上海,,2026-05-25 21:54:28
56e9dbae764fb85e1Xdz39q6F1BR,云工程师SE~PM,某知名企业,10000人以上,电子商务,本科,经验不限,"aws, 云计算",20-30K·14薪,上海,,2026-05-25 21:54:28
51ab79b7ac6d233f0nB43N-5FVdX,展厅运维工程师,捷尔讯,100-499人,计算机服务,大专,1-3年,,8-9K,上海,,2026-05-25 21:54:49
a6dc22d6e3cb27b51XR73d69EFZW,高级/资深 云计算开发工程师,XSKY星辰天合,100-499人,计算机服务,本科,3-5年,"容器技术, 分布式技术, 高级软件工程师, 后端开发, 虚拟机技术, 云计算, Go, C++",25-50K,上海,,2026-05-25 21:54:49
ec4983325cca52fd0nd82di4EVZT,TSE技术支持工程师（应届生）,上海展湾信息科技,100-499人,计算机软件,本科,在校/应届,,6-10K·13薪,上海,,2026-05-25 21:54:49
99492ee5e7e8b1e403dy3960GFZT,集中监控工程师,光环金网,100-499人,运营商/增值服务,大专,经验不限,计算机相关专业,5-9K,上海,,2026-05-25 21:54:49
e64e9996e82854d60nB529S0FVZT,驻场工程师,上海微迪加信息技术,0-20人,广告/公关/会展,大专,经验不限,,7-8K,上海,,2026-05-25 21:54:49
d153560343a5c420031839S9GFJS,运维工程师(应届生）,共联通信,500-999人,通信/网络设备,本科,经验不限,,8-12K·13薪,上海,,2026-05-25 21:54:49
abd0af51d425265d1XB43NW_FFQ~,运维工程师,携筑多媒体,20-99人,企业服务,大专,1年以内,"运维监控, 网络运维, IT支持, 系统运维",5-6K,上海,,2026-05-25 21:54:49
5b3eb5f90a438f541XB52961FlFX,ai算法工程师,上海洁玮自动化,0-20人,仪器仪表/工业自动化,本科,经验不限,"图像算法, 算法工程化经验, 大模型算法, 发表算法相关优秀论文, C/C++, CNN/RNN/LSTM, 机器学习, TensorFlow/PyTorch, 强化学习, 参加算法相关竞赛/获奖, 研究导向, 语音/图像识别, Python, 云计算",15-24K·13薪,上海,,2026-05-25 21:54:49
beb8885cb4203d0903180t6-GVdT,多模态算法工程师,合肥某大型人工智能与语音技术上市公司,10000人以上,互联网,硕士,经验不限,"搜索/推荐, 语音/图像识别, 云计算, 多模态引擎, 多模态研究",28-40K·15薪,上海,,2026-05-25 21:54:49
5a7d9d8c98c6ad741nx-09-8FVJZ,数据中心运维工程师,上海至杰环保,20-99人,环保,大专,3-5年,Idc 厂务 暖通 电气,6-8K,上海,,2026-05-25 21:54:49
c50cde8e1d414ead0nB73tS_ElVV,云平台运维工程师,新大洲本田摩托(...,1000-9999人,汽车研发/制造,本科,3-5年,"网络运维, 系统运维, Java, 运维经验, 运维开发经验",15-25K,上海,,2026-05-25 21:54:49
f256d9c9a4f36e7b0nR93NS9ElRV,infra工程师,SFS施福圣,20-99人,计算机软件,本科,1-3年,"路由器、防火墙等设置, 桌面运维, 计算机相关专业, 网络安全相关经验, IDC机房运维, 数据库部署运维",5-8K,上海,,2026-05-25 21:54:49
fcef044512b240c81nZ82NW7FFpS,高级系统测试工程师,速石科技,20-99人,企业服务,本科,3-5年,"云计算, 系统测试, Linux",15-30K,上海,,2026-05-25 21:54:49
00d47f5fb76286d81XB-29--ElJW,服务器工程师,海昌计算机,20-99人,企业服务,本科,1-3年,"系统运维, IDC机房运维",10-15K,上海,,2026-05-25 21:54:49
2bcd6994550ee54c0nB43N2_FFZW,网络运维工程师,神州新桥,1000-9999人,互联网,大专,1-3年,"网络运维, CCIE, HCIE",8-10K,上海,,2026-05-25 21:54:49
eb6598c70181caed03N63Ni6FFdW,运维工程师,太医管家,500-999人,医疗健康,本科,在校/应届,,9-13K·15薪,上海,,2026-05-25 21:55:09
36e603f8867033c90nB43Nq7E1BS,云运维工程师,北京软通动力云计...,10000人以上,互联网,本科,1-3年,"系统运维, Java, 计算机相关专业, 国网经验",9-11K,上海,,2026-05-25 21:55:09
b94e87b50e0292bc0nB42tu6GVtW,运维工程师（上海）,武汉源启科技,100-499人,计算机软件,本科,1-3年,"实施交付运维, 系统运维, 计算机相关专业",7-9K,上海,,2026-05-25 21:55:09
611754ff4f4ed9ca0nB40t-1EVFS,运维工程师,三问家居,1000-9999人,进出口贸易,本科,5-10年,,15-30K,上海,,2026-05-25 21:55:09
01d7f9023f964d790nB43Ny5E1VQ,直播运维工程师-需电商直播间运维经验,自然堂集团,1000-9999人,医疗服务,本科,1-3年,"直播技术, 电商, 直播设备",10-11K·13薪,上海,,2026-05-25 21:55:09
d234caf689bbf1ad0nV42tq9FVRT,驻场运维工程师,北京安普利,100-499人,计算机服务,本科,1-3年,"通信相关专业, 系统运维, 计算机相关专业, 运维经验",7-9K·13薪,上海,,2026-05-25 21:55:09
b6044a3d842bc91303V82du9E1JQ,运维工程师,上海淮合智能工程,0-20人,计算机服务,中专/中技,在校/应届,,5-6K·13薪,上海,,2026-05-25 21:55:09
8406aece6d37db830nB409m1F1dQ,运维工程师,元聚变科技,100-499人,大数据,本科,5-10年,,12-20K,上海,,2026-05-25 21:55:09
559351276d778e851nV83N64GVM~,售前支持工程师,首都在线,500-999人,云计算,本科,3-5年,"IT支持, IDC, 云计算",15-25K,上海,,2026-05-25 21:55:09
dc0cfa83640c872e0nd53tu8F1dQ,运维工程师,某计算机软件公司,20-99人,计算机软件,本科,3-5年,"系统运维, Python/Shell, Kubernetes, Ansible/Salt/Puppet, MySQL/Oracle, Nginx, 计算机相关专业, 通信相关专业, 运维经验, 可观测, 云原生",25-35K·15薪,上海,,2026-05-25 21:55:09
a1dc4438dea9b85003192Nu5FVNQ,运维工程师 / DevOps 工程师,上海奇绩智峰智能科技,20-99人,互联网,本科,3-5年,"Docker, 运维开发/DevOps, 运维开发经验, Python/Shell, 计算机相关专业, 运维经验",20-30K,上海,,2026-05-25 21:55:09
e64fa295edeeea710nd-09y0GFtV,高级系统运维工程师,公牛集团股份有限公司,10000人以上,智能硬件,本科,5-10年,,17-30K·14薪,上海,,2026-05-25 21:55:09
ddf2bb0ccf4c9f2a0ndy3d-5FlZW,上海驻点宽带运维工程师,浙江翼扬,20-99人,运营商/增值服务,学历不限,经验不限,,6-7K,上海,,2026-05-25 21:55:09
fa36872eaa53605e0HF839m-E1A~,kubernetes技术支持工程师,微软中国,10000人以上,计算机软件,本科,经验不限,"云计算, 系统运维, Linux, 容器技术, Kubernetes, 虚拟机技术, 运维工程师",15-30K,上海,,2026-05-25 21:55:09
2a1df7aaddfab0b403B73t6-GVRQ,交付运维工程师,小佑科技,100-499人,信息安全,本科,1-3年,,7-9K,上海,,2026-05-25 21:55:09
304e17c741b1af790nV72du1FFBZ,CIM工程师,上海某大型半导体上市公司,10000人以上,半导体/芯片,本科,3-5年,,30-60K·16薪,上海,,2026-05-25 21:55:29
9b8c945cafae62930nB52dW4EVFV,运维工程师,川淅,0-20人,半导体/芯片,大专,经验不限,"网络运维, 系统运维, 计算机相关专业, 通信相关专业, 电子/电气/自动化相关专业",2500-6000元/月,上海,,2026-05-25 21:55:29
afa50adc53b85be20nB63du-EFJV,智能体应用开发工程师,上海礼聪,20-99人,互联网,本科,1-3年,"openclaw,claude code",11-16K,上海,,2026-05-25 21:55:29
d2f45f16b1bb9f120HN42t28F1c~,网络工程师,百睿德,100-499人,企业服务,大专,经验不限,"网络协议, 网络设备, 管理系统, 网络安全, 云计算, 计算机软件",6-9K,上海,,2026-05-25 21:55:29
8f4428ac0abd2e7f1XZ439i0FlRX,技术工程师,睿恳信息,0-20人,计算机服务,大专,1-3年,"网络交换技术, 负载均衡技术, 服务器配置",6-11K,上海,,2026-05-25 21:55:29
98f07116bebb35950nB52d2-ElFY,sre运维工程师,云创佳华,100-499人,计算机服务,大专,3-5年,"SRE运维工程师, 阿里运维, SLA运维",12-15K,上海,,2026-05-25 21:55:29
8be7509ad4e5991b1H1439-4EFc~,售前工程师,北京云联,20-99人,计算机软件,本科,1-3年,"IT支持, 网络, 售前",7-12K,上海,,2026-05-25 21:55:29
bd40b9ffd6c1ab1c03152tm5FlZU,业务运维工程师,蛮啾网络,500-999人,游戏,本科,5-10年,"Golang, 游戏服务器, K8S, 运维开发经验, Python/Shell, 计算机相关专业",15-25K·16薪,上海,,2026-05-25 21:55:29
52b422100d9b6b610nV83d65EFRY,网络运维工程师,芯大通,100-499人,半导体/芯片,本科,1-3年,,15-25K,上海,,2026-05-25 21:55:29
1d253b4b54c2443d0nB43di_E1RQ,咪咕总控工程师,盛秦,500-999人,装卸搬运和仓储业,大专,1-3年,"网络运维, 系统运维, 计算机相关专业, 通信相关专业",7-9K·13薪,上海,,2026-05-25 21:55:29
9b025e6deb8597fe0nVz09W-GFFV,IT基础架构工程师,艾为电子,500-999人,半导体/芯片,本科,3-5年,"网络运维, Python/Shell, 计算机相关专业, 运维开发经验, 基础架构",16-20K,上海,,2026-05-25 21:55:29
0f6ea9ef11dbf9560nd409u4GVVR,资深游戏运维工程师(A234228),欢动科技,100-499人,游戏,本科,5-10年,"网络运维, 系统运维, Kubernetes, Docker, Python/Shell, 计算机相关专业, 运维经验, 网络安全相关经验",15-25K,上海,,2026-05-25 21:55:29
651686ed1ac4546103Nz2d-0EFRV,驻场服务工程师,格尔软件,500-999人,信息安全,本科,1-3年,"网络运维, Java, 系统运维, 计算机相关专业, 网络安全相关经验",10-15K,上海,,2026-05-25 21:55:29
55a578331eff3f1a0nRy2Nu1EFBQ,硬件运维工程师,上海鹏企,20-99人,其他行业,大专,5-10年,,9-11K,上海,,2026-05-25 21:55:29
34b5d75e35a4878f0nB629i7E1dT,运维工程师,寰擎信息,100-499人,计算机服务,本科,3-5年,运维经验,15-20K,上海,,2026-05-25 21:55:29
fae6d1f2f0ce09ca03Bz3dq5E1VY,系统运维工程师,佳期投资,100-499人,基金,本科,3-5年,"桌面运维, 网络运维, 系统运维, Docker, Kubernetes, Ansible/Salt/Puppet, 运维经验, 大数据运维经验, 计算机相关专业, 运维开发经验, 打印机/复印机维修经验",20-25K·14薪,上海,,2026-05-25 21:55:49
83a059b16acc33ad0nd72Ni0GVBY,运维工程师,上海寰润信息科技,20-99人,通信/网络设备,本科,1-3年,,8-13K,上海,,2026-05-25 21:55:49
25c2b529527bb0300nB73tu_F1BU,运维工程师,世纪利通数据服务,100-499人,计算机服务,大专,1-3年,,7-9K·14薪,上海,,2026-05-25 21:55:49
86e4d86234f7a0bb0nd909q4GVVV,运维工程师,交信北斗,100-499人,计算机服务,本科,5-10年,,18-22K,上海,,2026-05-25 21:55:49
3cdfceba7fcd4b7803xy2N-4F1pY,运维工程师,上海冬之坤信息技术,20-99人,互联网,大专,3-5年,网络运维,9-12K,上海,,2026-05-25 21:55:49
86f4383ae972f9780nB42ti4EVBT,高级运维工程师,网新恒天软件,1000-9999人,计算机软件,本科,1-3年,,9-13K·13薪,上海,,2026-05-25 21:55:49
c71bdf3d02fbd8171Hd409y5F1tR,高级运维工程师,中恒创科,20-99人,自动化设备,本科,5-10年,系统运维,15-25K·14薪,上海,,2026-05-25 21:55:49
718a8abf6ee7f7520ndy3920GVZW,运维工程师,某知名汽车研发上市公司,1000-9999人,汽车研发/制造,本科,5-10年,运维开发/DevOps,20-40K·14薪,上海,,2026-05-25 21:55:49
1653acb9593d82680nd73dW1FFNZ,运维工程师,上海瑟服科技有限公司,20-99人,计算机服务,本科,5-10年,"网络运维, 通信相关专业, Docker, 系统运维, 运维开发/DevOps, 运维开发经验, Python/Shell, 计算机相关专业, 网络安全相关经验, 运维经验, Kubernetes",15-25K,上海,,2026-05-25 21:55:49
db4d0ec7290b7b640ndz0tW-ElNS,芯片IT工程师,广东先导稀材,10000人以上,半导体/芯片,本科,5-10年,,20-40K·13薪,上海,,2026-05-25 21:55:49
761c2d423493280e0ndz0tS8EFVV,运维工程师,某中型互联网金融公司,100-499人,互联网金融,本科,3-5年,,20-30K·20薪,上海,,2026-05-25 21:55:49
0c7f0ced660955cb0nRz2Nm4EFFZ,驻场运维工程师（金融行业经验优先）,上海嘉略网络科技...,20-99人,互联网,本科,3-5年,,10-12K·13薪,上海,,2026-05-25 21:55:49
1e0b5ecce56a302b0nd62926ElBV,运维工程师,上海益加很牛的科技,20-99人,互联网,大专,3-5年,"Nginx, 通信相关专业, MySQL/Oracle, Docker, 系统运维, 运维开发/DevOps, 运维开发经验, 计算机相关专业, 运维经验, Kubernetes",20-40K,上海,,2026-05-25 21:55:49
919e2546cc310fe90nZz3du9GVpW,资深运维工程师,芯耀辉科技,100-499人,半导体/芯片,本科,5-10年,,20-40K·15薪,上海,,2026-05-25 21:55:49
5a14b10fa4e1cc640nB43NS1FVdW,大数据运维工程师,诚迈科技,1000-9999人,计算机服务,本科,3-5年,"Redis, 大数据运维经验",15-23K,上海,,2026-05-25 21:55:49
cb82233fd48c3d9e03Zy2dW5FFdY,云计算销售,天弛,100-499人,通信/网络设备,本科,经验不限,"企业（To B）, 会展销售, 电话销售, 网络销售, 面销/陌拜, 公有云, 腾讯云, 阿里云, 火山云",15-25K,上海,,2026-05-25 22:00:56
f07eefa92b5b25730nZ52Ny4GVdQ,售前工程师-IT,中建材信息,1000-9999人,互联网,大专,1-3年,"HCIE, 超融合, 服务器, 存储, 云计算, 华为云",7-9K·17薪,上海,,2026-05-25 22:01:17
60e068fbb309bc500nB52NS5EVRY,无人驾驶运维工程师,上海优泉,1000-9999人,人力资源服务,本科,1-3年,,11-17K,上海,,2026-05-25 22:01:39
d000a9e565fde66f0nVy0ti0E1dY,数据中心运维工程师,北京某大型铁路/船舶/航空/航天制造公司,10000人以上,铁路/船舶/航空/航天制造,本科,3-5年,"终端设备, 储存运维, x86, 服务器, 云平台",20-30K,上海,,2026-05-25 22:01:39
97f2b5f721b989db0ndz092_FFBZ,网络运营中心工程师,上海牛智,20-99人,计算机服务,本科,1-3年,"网络运维, 计算机相关专业, 网络安全相关经验, cisco",8-12K,上海,,2026-05-25 22:02:01
04ea26b20c33bfe30nZ509u8FlZY,Linux运维工程师实习生,天天拍车,1000-9999人,汽车研发/制造,本科,,"网络运维, 系统运维, 桌面运维",150-180元/天,上海,,2026-05-25 22:02:01
3d4e147cc174af940nZy3dq7F1FS,【外包】高级网络运维工程师,智元机器人,1000-9999人,智能硬件,学历不限,经验不限,,25-40K·13薪,上海,,2026-05-25 22:02:01
3b797f80fbf7455e0nZ73du9ElZQ,高级售前工程师,宝兰德,500-999人,计算机软件,本科,5-10年,"售前技术支持经验, K8s, 中间件, AI, 智能运维, 云计算",22-35K,上海,,2026-05-25 22:02:22
5b2855d3b12a3f2f0nB43Nq5FFtU,AI 基础设施运维工程师,模思,20-99人,人工智能,本科,1-3年,,20-40K·15薪,上海,,2026-05-25 22:02:22
881b3e76618f21f40nZy3d69FFNZ,ICT技术工程师,中申国智数字科技,20-99人,通信/网络设备,本科,1-3年,"网络运维, 计算机相关专业, 通信相关专业, Linux, HCIP, HCIE",10-15K,上海,,2026-05-25 22:02:22
adca17c81003547603J_2tq7E1tQ,外呼语音线路维护工程师,物际网络,0-20人,通信/网络设备,本科,经验不限,,6-10K,上海,,2026-05-25 22:02:22
8982b6b66d13adcb0nB53ty_EFdV,基础设施工程师（网络）,某人工智能公司,20-99人,人工智能,本科,3-5年,,20-40K,上海,,2026-05-25 22:02:22
78de92c6b113bea61Xxz3ti9E1JZ,通信/运维工程师,信大网御,100-499人,计算机软件,本科,3-5年,"网络运维, MySQL/Oracle, 系统运维, 桌面运维, Redis, Python/Shell",10-13K,上海,,2026-05-25 22:02:44
087000f877c1110e0nd_2ti8EVZV,SRE工程师-容器方向,上海某大型物流/仓储公司,10000人以上,物流/仓储,本科,5-10年,"Python/Shell, Elasticsearch, Kubernetes, 运维经验, 运维开发经验, Kubernetes Operator, Kubernetes核心机制, 调度、网络CNI, 存储CSI、RBAC等, SRE或容器平台",26-35K,上海,,2026-05-25 22:02:44
6c136f781d25751703xz3NS6GFpY,交易运维工程师,某基金公司,20-99人,基金,本科,1-3年,"Linux, 交易系统运维, 系统运维, 低延迟系统优化, 量化交易运维, 二级市场, Python/Shell",20-40K·18薪,上海,,2026-05-25 22:02:44
eabca11b6432edeb0nZy3tm8FFpQ,运维工程师,某中型航空制造公司,100-499人,铁路/船舶/航空/航天制造,本科,3-5年,,15-25K,上海,,2026-05-25 22:02:44
f5504da94a6d8d8e0nR50tS_E1ZW,2026届秋招-运维工程师,波克城市,1000-9999人,游戏,本科,在校/应届,"Golang, 通信相关专业, Docker, 运维开发经验, Python/Shell, 计算机相关专业, 网络安全相关经验, 运维经验",15-25K·15薪,上海,,2026-05-25 22:03:05
a220c182278976720XN-3tS4GVA~,微软技术支持工程师（上海/无锡）,微软中国,10000人以上,计算机软件,本科,经验不限,"运维开发, 容器技术, 云计算, 系统运维, 网络运维, IT技术支持, 虚拟机技术, MySQL",15-30K,上海,,2026-05-25 22:03:05
b7c6f8a9d450b0c30nd83ty8GFFQ,运维工程师,上海华泰,100-499人,计算机软件,本科,3-5年,,11-19K·14薪,上海,,2026-05-25 22:03:05
b25ae4b7e06b95cb0nB52N-6FFpY,电力运维工程师,力德恒业,100-499人,移动互联网,大专,1-3年,"系统运维, 计算机相关专业, 通信相关专业, 电子/电气/自动化相关专业, 运维经验, 电力, D5000",6-8K,上海,,2026-05-25 22:03:05
73bce904fd257b920nd62929GVNV,网络工程师,华测导航,1000-9999人,电子/硬件开发,本科,5-10年,"路由交换, 防火墙, 服务器&信息安全, 信息安全体系建设",15-25K·16薪,上海,,2026-05-25 22:03:05
248bbe6b6163a43c0nB42967EVNZ,交易运维工程师(A62369),量派投资,20-99人,基金,本科,,"运维开发/DevOps, Docker, ansible、airflow, k8s、docker、gitea",1000-2000元/天,上海,,2026-05-25 22:03:05
887c6499dba545f10nB629q6E1ZY,游戏运维工程师,上海艾斯昂游戏,20-99人,游戏,本科,5-10年,"网络运维, 计算机相关专业, 运维经验",15-25K,上海,,2026-05-25 22:03:26
10d31babd86f98091XB_3du0GVBQ,调试工程师,杭途科技,100-499人,仪器仪表,本科,1-3年,,7-12K·14薪,上海,,2026-05-25 22:03:26
658419fa66b21fa91XR5096_EVNU,IDC基础设施工程师,科华数据,1000-9999人,大数据,大专,3-5年,"UPS, 电气工程师, 高低压",10-12K·13薪,上海,,2026-05-25 22:03:26
6628d5247782741f0nZz0t6_GFpT,高级运维工程师,上海能良,1000-9999人,电子商务,本科,5-10年,,15-25K,上海,,2026-05-25 22:03:26
0c69121f5ff1008d0nZ93dq6E1RV,运维工程师,某大型期货公司,500-999人,证券/期货,硕士,3-5年,,25-35K·14薪,上海,,2026-05-25 22:03:26
ad2a1ec2ac0dfe760nB73tu8EVNS,H89397岗SRE工程师（运维工程师）,武汉佰钧成技术,1000-9999人,计算机软件,大专,3-5年,,12-14K,上海,,2026-05-25 22:03:26
218f5c56c18d3130031z2tS-EFJW,智能仓储运维售后工程师,方仓,100-499人,其他制造业,大专,1-3年,"SQL数据库, 网络设备上架部署, 解决故障, 客户培训, 排查异常",8-13K,上海,,2026-05-25 22:03:26
36fb0bf5e88a2da51XJ43d26E1BZ,运维工程师,中驹系统工程,20-99人,计算机软件,学历不限,1-3年,弱电运维,7-10K·13薪,上海,,2026-05-25 22:03:46
2c25624189fa7a7a1nJ53N-1EVBS,运维工程师,上海翕振信息技术...,500-999人,互联网金融,本科,1-3年,"桌面运维, Python/Shell, 运维经验",10-14K,上海,,2026-05-25 22:03:46
bec8127b3784465a0nV_3tq0F1FQ,高级/资深运维工程师,涂家智能,20-99人,物联网,大专,5-10年,"Elasticsearch, ELK, Kubernetes",21-40K·13薪,上海,,2026-05-25 22:03:46
7694b4a3834c7a700nV63966EVZX,安检运维工程师,上海邑辉信息科技,0-20人,智能硬件,大专,1-3年,,6-9K,上海,,2026-05-25 22:03:46
27691e103f1eb1fc0ndy2921FFtT,运维工程师,申朴信息,10000人以上,互联网金融,本科,5-10年,"运维开发/DevOps, Docker, 计算机相关专业, 运维开发经验, K8S, 云平台, 中间件",14-16K,上海,,2026-05-25 22:03:46
643426aa6e958bc10nZy3d27FFZY,系统运维工程师,酷哇科技,1000-9999人,人工智能,本科,5-10年,,18-28K·15薪,上海,,2026-05-25 22:03:46
4556265dd8dd817c0ndz3tq-GFFV,运维工程师,成熙知识,500-999人,互联网,本科,3-5年,,25-50K·14薪,上海,,2026-05-25 22:04:06
f457e802156f5f190ndz0925ElRR,桌面运维工程师,因诺资产,100-499人,证券/期货,本科,1-3年,"桌面运维, 网络运维, IDC机房运维",15-30K·16薪,上海,,2026-05-25 22:04:06
e8c60649599618180nB73N66EVJX,云运维/网络运维工程师,慧博云通,10000人以上,计算机软件,本科,5-10年,"系统运维, 网络运维, Python/Shell, Nginx, Redis, Elasticsearch, Docker, 阿里云, 云平台运维, 私有云, 局域网",10-12K,上海,,2026-05-25 22:04:06
a62c4ff54fab5a0a1nJ73NS1EVNZ,运维工程师,上海瑞致计算机科...,20-99人,计算机硬件,本科,经验不限,"桌面运维, 自动化运维, 打印机/复印机维修经验, 运维经验",5-6K,上海,,2026-05-25 22:04:06
8720f6433d5b81390nRy2tW_ElZV,系统可靠性工程师 (SRE),某基金公司,20-99人,基金,本科,3-5年,,40-60K,上海,,2026-05-25 22:04:06
461d82ae30577b791Xd529q_GVNU,通信设计工程师,上海邮电设计院,1000-9999人,通信/网络设备,本科,1年以内,"传输线路设计, 网络安全/信息安全, 大数据, 国企, 云计算, 算力网络",9-14K·13薪,上海,,2026-05-25 22:09:35
7c5fce30e2981ac00nV439i4EVNX,云计算科学家,某大型网络设备公司,100-499人,通信/网络设备,硕士,10年以上,"云计算系统, 算力调度, 储存虚拟化",60-90K,上海,,2026-05-25 22:09:35
5ebb1b63a328c4060nVy0920EFZS,分布式存储运维工程师,拼多多集团-PDD,1000-9999人,互联网,本科,经验不限,,30-60K·16薪,上海,,2026-05-25 22:09:56
465c30ca1c50815003F50tu0FFFU,高级网络工程师,SenseTime,1000-9999人,计算机软件,本科,3-5年,"CCNP/HCIP等, 网络拓扑, 网络架构设计, 有网络工程师经验, Zabbix/Prometheus, 数据中心运维, 大型网络实施, 3到5年网络工程师经验, 甲方企业, 物理网络, CCIE/HCIE等, 不需要出差, 5年以上网络工程师经验, 大型网络运维, Python, 云计算",25-50K·15薪,上海,,2026-05-25 22:10:17
79f915223f9251990nB739q-E1tY,服务器运维工程师（GPU方向）,米哈游,1000-9999人,游戏,本科,3-5年,,30-50K·16薪,上海,,2026-05-25 22:10:17
b60a9e9d753687e00nV92dy-ElNZ,运维工程师,上海乡音不改网络,0-20人,在线教育,本科,5-10年,,20-35K,上海,,2026-05-25 22:10:37
151d3b3cb113c4d90nd62t65F1BZ,DevOps工程师(Web3/DEX-Remote）,某知名互联网公司,10000人以上,互联网,本科,5-10年,"Perp DEX（远程）, opentelemetry, terraform、saltstack, DevOps工程师, AWS",35-55K·15薪,上海,,2026-05-25 22:10:37
37a0af4296dce4310nZ42du_E1NV,光储充运维工程师,上海千里风光新能...,0-20人,光伏,大专,3-5年,,6-8K·13薪,上海,,2026-05-25 22:10:37
a847fdf4fedd9f7c03N639u6FltY,中级Java开发工程师,金仕达,1000-9999人,计算机软件,本科,1-3年,"Java, Nginx, 不接受居家办公, PostgreSQL, SpringCloud, Kafka, 计算机软件, Redis, Spring, SQL, Web端, GIT, 微服务经验, Linux, MySQL, MyBatis, Python, 云计算, 管理系统",12-20K,上海,,2026-05-25 22:10:57
94036f2d4f36e1fe03Fy29-1ElRV,运维工程师,临港算力,20-99人,计算机服务,本科,3-5年,"通信相关专业, 计算机相关专业, 运维经验, IDC机房运维",15-30K·13薪,上海,,2026-05-25 22:10:57
a5da4dafdb59249c03xz29i7E1VR,综合布线工程师,中芯国际,10000人以上,半导体/芯片,本科,5-10年,,13-16K·15薪,上海,,2026-05-25 22:10:57
ea52aa7848e220391nB62920GVQ~,运维工程师(全职/兼职/实习),玉数投资,20-99人,基金,大专,经验不限,"运维, 网络, Linux",12-24K·14薪,上海,,2026-05-25 22:11:20
ac9ab503645f2df70nd52t27EFdT,运维工程师（空气站）,普适导航科技,100-499人,互联网,大专,1-3年,,6-8K,上海,,2026-05-25 22:11:20
47b985a863b2dbe203d62d24FFFX,会议AV工程师,万物梁行,10000人以上,物业管理,本科,3-5年,"IDC机房运维, 系统运维, 网络运维, 运维经验, 通信相关专业, 计算机相关专业, 会议室机房, 会议大屏",12-15K,上海,,2026-05-25 22:11:40
de7ee57ff5d6ddd703By29W-GFZU,市场维护工程师,思格新能源,1000-9999人,储能,本科,1-3年,"电子/电气/自动化相关专业, 运维经验",15-30K·15薪,上海,,2026-05-25 22:11:40
749e093ae3a312b00ndy0tm8GFpT,IT运维工程师,上海美生医疗,20-99人,医疗器械,学历不限,3-5年,,12-20K·13薪,上海,,2026-05-25 22:11:40
bc827b95b6732c100nV43969FFs~,网络工程师,艾华斯奥,20-99人,计算机服务,大专,3-5年,"网络设备, 云计算, 项目实施, 网络工程师证",10-15K,上海,,2026-05-25 22:12:01
5e4a343bf8bcc7a50nB63966FVdV,网络工程师,爱凡哲投资管理,20-99人,投资/融资,本科,1-3年,,15-25K·14薪,上海,,2026-05-25 22:12:01
06b9f1e31959484903N83dq5FFdS,运维工程师,沪上阿姨,1000-9999人,食品/饮料/烟酒,本科,5-10年,,20-26K·15薪,上海,,2026-05-25 22:12:01
74f13733673d64200nB43d24E1JW,上海太保-运维告警分析工程师,东软集团,10000人以上,计算机软件,本科,5-10年,,15-16K·14薪,上海,,2026-05-25 22:12:22
fcd356264cfcaf0503x43d-0FFNS,运维工程师/专家,某知名互联网公司,1000-9999人,互联网,本科,5-10年,,40-60K·15薪,上海,,2026-05-25 22:12:22
10ce0d4a71cf3b2b0nR40tm8F1BQ,运维工程师,德勤,10000人以上,咨询,本科,5-10年,,25-35K,上海,,2026-05-25 22:12:22
4c1566e843e51c4d03Vy2dy-EFVV,安全运维工程师,上海安亮,0-20人,医疗健康,本科,经验不限,,6-8K,上海,,2026-05-25 22:12:22
ba65547d03eef9320nB62N69GVBU,IT售前工程师-华为,佳杰科技,1000-9999人,计算机软件,大专,3-5年,"系统集成, 计算机/通信相关专业, 售前技术支持经验, HCIE, 服务器, 云计算, 存储, 大数据",14-20K,上海,,2026-05-25 22:16:52
12defaba7027f1f503Vy0965EFZY,运维工程师（国企）急招,某中型铁路/船舶/航空/航天制造公司,100-499人,铁路/船舶/航空/航天制造,本科,3-5年,"网络运维, 终端及网络运维经验, MySQL/Oracle, Docker, 大数据运维经验, 系统运维, 运维开发经验, 运维经验, 安全运维经验, IDC机房运维",18-22K,上海,,2026-05-25 22:17:55
fcc5f6dbf62039e203xy3dq1EVJW,算法工程师（商家方向）,上海从鲸信息技术,500-999人,互联网,硕士,经验不限,"业务导向, 搜索/推荐, 风控/反欺诈, 语音/图像识别, 翻译, 云计算, 计算机相关专业, 机器学习算法/工程化经验, 深度学习经验",35-65K·18薪,上海,,2026-05-25 22:17:55
e307e1f634a353640ndy2t27FFZW,DevOps / SRE 工程师,LiblibAl,100-499人,互联网,本科,3-5年,"运维开发/DevOps, 实施交付运维, DBA, Golang, Docker, Python/Shell, Java, 计算机相关专业",25-35K·15薪,上海,,2026-05-25 22:18:39
61719145731653020nd609S7GVBR,云工程师,云边云科技,100-499人,云计算,大专,3-5年,"Nginx, 运维开发/DevOps, 计算机相关专业, Kubernetes",10-15K,上海,,2026-05-25 22:18:59
7e845a75f8f153130nd93Ni-FVFT,运维工程师,润之科技,20-99人,计算机软件,大专,1-3年,,9-14K,上海,,2026-05-25 22:19:20
2ee00858b44ab06b0nR90tu4EVFQ,运维工程师,中莱建,100-499人,房屋建筑工程,学历不限,经验不限,"大数据运维经验, IDC机房运维",8-13K,上海,,2026-05-25 22:19:20
f8806d539158ca471XB83tm-FlNS,技术经理售前工程师,昆仑联通,100-499人,计算机服务,本科,1-3年,"云计算, 云平台, 云安全, 架构设计, 公有云, 售前",11-20K,上海,,2026-05-25 22:19:20
b83f1349f60af9820nB62Nu-FVZY,实施运维工程师,智数软件,20-99人,计算机软件,本科,3-5年,,17-22K,上海,,2026-05-25 22:19:20
ead2349b9323e5e503V639i4FVBR,运维工程师,上海诚进网络科技,0-20人,企业服务,学历不限,1-3年,"运维开发经验, 桌面运维, 计算机相关专业, 运维经验",5-8K·14薪,上海,,2026-05-25 22:19:41
36794f06c9b94cd10nd709W0GFtV,运维工程师,上海语生科学技术,100-499人,互联网,本科,3-5年,,20-40K,上海,,2026-05-25 22:19:41
b96ff2ab6bf549e30nZ42NW5ElFR,网络运维工程师,北京一芥科技有限公司,20-99人,计算机硬件,本科,1-3年,"网络运维, 网络安全相关经验",9-10K,上海,,2026-05-25 22:19:41
0a67e79f6d7ce0e01nZ63t-0F1BX,网络工程师,晓通宏志科技,100-499人,移动互联网,本科,1-3年,"有网络工程师经验, 1到3年网络工程师经验, 计算机相关专业, 网络架构设计, 大型网络实施, 英文听说读写能力, CCNP/HCIP等, CCIE/HCIE等, PMP证书, 其他, Python, Zabbix/Prometheus, SQL, 其他, 运营商, PMP, CCIE证书, CCNP证书, 网络安全, 云计算",20-30K,上海,,2026-05-25 22:24:30
0b8748574e0bed260nB43Nu5EVJQ,运维工程师,某中型基金公司,100-499人,基金,本科,经验不限,,18-35K·24薪,上海,,2026-05-25 22:25:13
582decbc86c5fa0a0nR52dW8EVdT,海外交付运维工程师,依图,100-499人,人工智能,本科,3-5年,"实施交付运维, 通信相关专业, Docker, 大数据运维经验, 系统运维, 运维开发/DevOps, 运维开发经验, Python/Shell, 计算机相关专业, 电子/电气/自动化相关专业, Kubernetes",20-30K·15薪,上海,,2026-05-25 22:25:36
c17fe50c30ff52ae0nB62tu1GVtR,运维工程师（外包）,阳光雨露,1000-9999人,企业服务,大专,10年以上,"桌面运维, 网络运维, 系统运维, 计算机相关专业",12-15K,上海,,2026-05-25 22:25:57
65406c827c7467c70nR52du4FVBX,动力运维工程师,重庆昌泰衡明科技,500-999人,运营商/增值服务,大专,1-3年,"IDC机房运维, 电子/电气/自动化相关专业, 高压证, 制冷与空调证, 供用电技术",5-8K,上海,,2026-05-25 22:26:17
5f30ab178e549c9d0X1939y4ElE~,资深运维工程师,阿里巴巴集团,10000人以上,互联网,本科,3-5年,"运维工程师, 运维监控, 云计算",10-15K,上海,,2026-05-25 22:26:59
4e6ac8b7c60de7d90nd-2N60GFNQ,网络运维工程师,极豆车联网,100-499人,计算机软件,本科,5-10年,,10-13K,上海,,2026-05-25 22:32:13
8bece4b0803ada560nB70ti6FFFV,IT 全栈运维工程师,北京艾捷科芯科技,100-499人,互联网,本科,5-10年,,30-50K·16薪,上海,,2026-05-25 22:32:13
3d81ce0d4e46e2691HNz0ti5E1VU,资深golang开发工程师,上海从鲸信息技术,500-999人,互联网,本科,3-5年,"Golang, Golang服务端开发经验, 计算机相关专业, 中大型项目开发经验, 云计算",20-40K·16薪,上海,,2026-05-25 22:32:35
7fa8bbe1805da3160ndy3t6_GVNU,（热线/IT桌面）服务台运维工程师,法本,10000人以上,计算机软件,本科,1-3年,"桌面运维, 系统运维, IDC机房运维, 计算机相关专业, 运维经验, 通信相关专业",7-9K·13薪,上海,,2026-05-25 22:32:56
2494e5f350f77c5703B42d64FFBX,运维工程师,阿里巴巴国际事业部,10000人以上,互联网,本科,3-5年,"Nginx, Docker, 系统运维, 运维开发/DevOps, Kubernetes",12-18K,上海,,2026-05-25 22:33:17
8d4e9e20aa2868b70nB7096-F1RW,运维工程师,航空工业上电,1000-9999人,铁路/船舶/航空/航天制造,本科,3-5年,"网络运维, IDC机房运维, 运维经验, 网络安全相关经验",9-12K·14薪,上海,,2026-05-25 22:33:17
641c9dfe358ec3760nd639u4EVpR,运维工程师（27届实习岗）,紫越,100-499人,互联网,大专,,"网络运维, 实施交付运维, 通信相关专业, 系统运维, 桌面运维, 计算机相关专业, 网络安全相关经验, 运维经验, 打印机/复印机维修经验, IDC机房运维",150-200元/天,上海,,2026-05-25 22:33:37
bb6f1dfb3fc35cbb0nZ_2N68EFVR,运维工程师,利宏科技,500-999人,计算机软件,中专/中技,1-3年,"系统运维, IDC机房运维",6-7K·13薪,上海,,2026-05-25 22:33:37
8870bec91d75ffd80nB40tS4FldR,运维工程师,金锐,500-999人,银行,本科,3-5年,"腾讯TCE, 证券, 云宏, SmartX",13-16K,上海,,2026-05-25 22:33:57
3c9f91ab5498e0290nd63N64EFJX,技术支持工程师MT4/MT5,敬衡,100-499人,企业服务,本科,经验不限,,15-30K·13薪,上海,,2026-05-25 22:33:57
929033d947b1d2b803F93tu6FVBZ,运维工程师,彩付智能,20-99人,计算机软件,学历不限,1-3年,"网络运维, 实施交付运维, 通信相关专业, 系统运维, 运维开发经验, 计算机相关专业, 网络安全相关经验, 运维经验",6-8K,上海,,2026-05-25 22:34:18
149dce261dd48e4a1Xx_3t6-FVJR,运维工程师,高顿教育集团,1000-9999人,在线教育,本科,5-10年,"云原生, Ansible/Salt/Puppet, k8s, 运维经验, Kubernetes",15-20K·13薪,上海,,2026-05-25 22:34:18
5491e7c749b64f7b0nR82tm7E1VW,运维工程师,上海思亮,100-499人,互联网,本科,经验不限,,12-20K,上海,,2026-05-25 22:34:18
f9a9d712e69c64520nB63Ni9EFJZ,高级IT运维工程师(J10033),上海可镭技术有限公司,100-499人,电子/硬件开发,本科,5-10年,,17-28K·14薪,上海,,2026-05-25 22:34:18
079a19612fa0bf7d0nB-29i7GVJY,云计算运维工程师（中级）,某知名企业,10000人以上,计算机软件,本科,3-5年,,19-23K,上海,,2026-05-26 18:22:07
3a528cb1b0cf897d03Vy2Ni7FlZY,云计算开发工程师,华为云计算,10000人以上,计算机服务,本科,经验不限,"Golang, Kubernetes, Docker, 计算机相关专业, Golang服务端开发经验, 中大型项目开发经验, 系统架构设计经验, 英语读写能力良好",20-40K,上海,,2026-05-26 18:22:07
1593422768f1c3d703R42dm8EFpQ,云计算开发工程师,华为,10000人以上,计算机软件,本科,经验不限,"Golang, Docker, Golang服务端开发经验, Kubernetes",15-30K·14薪,上海,,2026-05-26 18:22:07
8b9eecd418d7b79b0ndz09u-EVBV,云计算技术支持专家（MaaS方向）-火山引擎,字节跳动,10000人以上,互联网,本科,1-3年,"售前/售后技术支持, 售后支持/客户响应经验, maas",25-50K·18薪,上海,,2026-05-26 18:22:28
78e4f6867beed9251XF709m4EVVS,云计算网络研发工程师,某大型知名互联网公司,10000人以上,互联网,学历不限,5-10年,"网络协议, 虚拟机技术, 网络交换技术, NFV, SDN, dpdk, P4, OVS",40-70K,上海,,2026-05-26 18:22:28
cf8ca241be51830e03B50t25ElBZ,idc运维工程师,广东维云信息科技,100-499人,计算机服务,大专,1-3年,"Linux, gpu服务器, 硬件故障处理分析, 运维经验, IDC机房运维",6-11K,上海,,2026-05-26 18:22:28
3c8dc8824c89022e031_0t65FlJX,存储工程师,上海信弘智能,100-499人,计算机服务,大专,3-5年,,12-20K,上海,,2026-05-26 18:22:48
72408cabf110ea5303N43Ny5F1ZZ,人工智能算法研究员/高级算法工程师,上海追梦逐光科技,100-499人,人工智能,博士,3-5年,"C/C++, 生物医疗, 智能驾驶, 机器学习算法/工程化经验, 研究导向, 计算机相关专业, 语音/图像识别, 深度学习经验, 风控/反欺诈, 云计算, Python, 数学/统计相关专业",300-1000元/时,上海,,2026-05-26 18:22:48
072e695e6e1239b803x639q0ElFQ,存储工程师,仁科,100-499人,互联网,学历不限,5-10年,"网络运维, MySQL/Oracle, 系统运维",12-18K,上海,,2026-05-26 18:22:48
80be5e9dcbd05b780nd73tm7FVdQ,运维工程师,上海粒子跃动私募基金,0-20人,基金,本科,1-3年,,10-15K,上海,,2026-05-26 18:22:48
a28010bcee7c76120nB53NW-E1pR,深信服超融合工程师,上海智筑数科信息技术,20-99人,计算机服务,大专,1-3年,"桌面运维, 网络运维, 计算机相关专业, 通信相关专业, 运维经验, HCI, 云计算, 虚拟化, 超融合, PT1",7-8K,上海,,2026-05-26 18:22:48
6f65d5f38e58add00nB409i_FVFW,A_运营管理-016-后端开发工程师(J11377),中软国际,10000人以上,计算机软件,本科,3-5年,"Java, 数据库, 云计算, 内部运营平台开发",15-16K,上海,,2026-05-26 18:22:48
8a1b94c1d8b30d241Xdz2Ni8FlpS,idc运维工程师,秉升,20-99人,运营商/增值服务,学历不限,1-3年,"电子/电气/自动化相关专业, IDC机房运维",7-9K,上海,,2026-05-26 18:22:48
60f6d9483423875b031y3N2_EFZV,芯片cad工程师,深圳云天励飞,500-999人,半导体/芯片,本科,5-10年,,30-40K·14薪,上海,,2026-05-26 18:23:09
c6e5a67b0dafd5480nd82dy5FlFX,云平台运维工程师,上海夷微网络科技...,20-99人,计算机软件,本科,5-10年,"网络运维, 系统运维, Nginx, Redis, Elasticsearch, Docker, Kubernetes, 计算机相关专业, 运维经验, 运维开发经验, 网络安全相关经验, 大数据运维经验, 云平台运维, AWS, 阿里云",10-15K,上海,,2026-05-26 18:23:09
119ddb7ce645e39903V_0t--FlZV,云运维工程师,东方航空,10000人以上,计算机软件,本科,5-10年,"公有云, 混合云管",25-35K,上海,,2026-05-26 18:23:09
b24c18938743c16b0nd-3964GFFU,运维工程师,上海某大型互联网金融公司,1000-9999人,互联网,硕士,1-3年,,20-35K,上海,,2026-05-26 18:23:09
e9dfeb79150851d003B_3N24FVFX,linux运维工程师,上海开赟,20-99人,计算机服务,本科,在校/应届,"实施交付运维, 系统运维, 桌面运维, 计算机相关专业, 运维经验",7-8K,上海,,2026-05-26 18:23:09
3b4c907009ba2d480nB43dq4FVBR,运维工程师,联想利泰,1000-9999人,互联网,本科,1-3年,"计算机相关专业, 运维经验, 大模型, 算力资源",11-12K,上海,,2026-05-26 18:23:09
8220d8d70c6b38840nZ529-4F1RT,K8S运维工程师,TEKsystems,1000-9999人,企业服务,本科,经验不限,"运维开发/DevOps, Kubernetes, 计算机相关专业, 运维经验, K8s, Istio, 排障, CICD",18-24K,上海,,2026-05-26 18:23:09
9f52c9e0e1fc83060ndz3N29GVJS,网络工程师,米哈游,1000-9999人,游戏,本科,5-10年,,20-40K·16薪,上海,,2026-05-26 18:23:09
cb6c25bf2624175a0nB73dq5FVBY,交易运维工程师,量派投资,20-99人,基金,本科,经验不限,"pandas, 交易运维, 系统运维, 运维开发/DevOps, 金融数据, 量化交易系统, Python/Shell, 计算机相关专业, 软件系统测试",40-60K,上海,,2026-05-26 18:23:30
004809514a9b87d80nd_0ty-E1RV,高级网络运维工程师,某大型基金公司,100-499人,基金,本科,1-3年,"网络运维, IDC机房运维, Python/Shell, 计算机相关专业, 运维经验, 运维开发经验, IDC",30-40K,上海,,2026-05-26 18:23:30
6cf91f2a702a64b603V-3tm5FVdR,ECC工程师,深圳维谛技术服务,100-499人,通信/网络设备,大专,3-5年,"电子/电气/自动化相关专业, 运维经验, 数据中心运维",12-14K,上海,,2026-05-26 18:23:30
8536007305b477c70nB42NW5EFBU,sre运维工程师,云创佳华,100-499人,计算机服务,学历不限,3-5年,"阿里云, 英文, SRE",18-25K,上海,,2026-05-26 18:23:30
c3b1f7dd34fdf6910nZ82Nu8EFRV,中级运维工程师,乐政(上海)科技,20-99人,互联网,本科,3-5年,必须目前人在上海可线下面试,9-13K,上海,,2026-05-26 18:23:30
e2e44d3203b928b703V93N69EFFX,安防监控工程师,上海夏惠,0-20人,计算机硬件,高中,1年以内,网络运维,6-9K,上海,,2026-05-26 18:23:30
86016b9ab2136f240XF409u8EFA~,IBMS系统高级工程师,华建数创,100-499人,互联网,本科,5-10年,"系统运维, 计算机软件, 云计算, 大数据",15-20K,上海,,2026-05-26 18:23:30
8492e90632451bd00nB70ti7FFRY,IT全栈运维工程师,北京艾捷科芯科技,100-499人,互联网,本科,5-10年,,30-45K,上海,,2026-05-26 18:23:30
b554075e6a4f125103B-29m0EVdV,售后运维工程师,盛视科技股份有限公司,500-999人,智能硬件,大专,1-3年,"通信相关专业, 系统运维, 计算机相关专业, 电子/电气/自动化相关专业, IDC机房运维",4-6K,上海,,2026-05-26 18:23:52
06c1213ff5dc738c0nV73N-9FltY,驻场工程师,天玑科技,500-999人,计算机服务,大专,1-3年,"通信相关专业, 计算机相关专业, IDC机房运维",8-10K,上海,,2026-05-26 18:23:52
e17a48fdc89f0d731HZ_2tW8F1pV,运维工程师,曜印,0-20人,信息安全,大专,,,140-160元/天,上海,,2026-05-26 18:23:52
80904410584566430nd83t60FlVR,运维开发工程师,某大型互联网公司,100-499人,互联网,本科,5-10年,,40-60K,上海,,2026-05-26 18:23:52
95f55f5a61be67750nB53N66EVFS,项目运维工程师,上海知书万卷,20-99人,人工智能,大专,1-3年,,4-5K,上海,,2026-05-26 18:23:52
2b4dea60da5d9eb20ndz3NS_FVNS,系统运维工程师,润建股份,1000-9999人,互联网,本科,5-10年,,17-21K,上海,,2026-05-26 18:23:52
ac942041d80c421d0nZy29q6EldX,智算平台解决方案工程师,国创驭算,20-99人,人工智能,本科,3-5年,"云服务, 计算机/通信相关专业, PMP, 算力平台, 售前支持, 云计算, 算力",20-30K,上海,,2026-05-26 18:23:52
1a3f190fef19a5870nV_3tW1EFZT,海外运维工程师,博雷顿科技股份公司,100-499人,汽车研发/制造,大专,3-5年,,15-25K·13薪,上海,,2026-05-26 18:23:52
284a80761018ec980nB439u7EFNZ,中级Linux运维工程师,上海东尚信息,100-499人,计算机软件,本科,3-5年,"Linux运维, Prometheus+Grafana, Kubernetes&Docker, AI基建, K8s集群生产环境运维",12-15K·13薪,上海,,2026-05-26 18:23:52
91157b41ad1f86800nd829-1FVBY,运维工程师,长沙市肃载士商贸,0-20人,批发/零售,大专,1-3年,,15-16K·13薪,上海,,2026-05-26 18:24:13
223b18bfa14553190nd9296_GFFV,运维工程师,普适导航科技,100-499人,互联网,大专,1-3年,,6-9K·14薪,上海,,2026-05-26 18:24:13
0f3bb037e0294e6403x93dW6FFdX,系统运维工程师,卡里司马,100-499人,计算机软件,本科,5-10年,,15-25K,上海,,2026-05-26 18:24:13
4b0f122aa52895710nB73969ElRS,运维工程师,上海某小型游戏公司,20-99人,游戏,本科,5-10年,"运维开发/DevOps, 计算机相关专业, 运维开发经验",25-35K·13薪,上海,,2026-05-26 18:24:13
578ce206e5018ae40nB63t-1EVNV,弱电工程师,特发服务,1000-9999人,物业管理,大专,3-5年,"IDC机房运维, 运维开发/DevOps, 计算机相关专业, 通信相关专业, 电子/电气/自动化相关专业, 慧云, BA系统, 阿里, 字节, 腾讯",12-14K·13薪,上海,,2026-05-26 18:24:13
08f1f3d39bb79ec90nd73di9F1NZ,运维工程师,智辰半导体,100-499人,半导体/芯片,本科,5-10年,,15-25K·16薪,上海,,2026-05-26 18:24:13
81cc71d9e83e0f700nd72ty4GFNZ,咪咕总控工程师,盛秦,500-999人,装卸搬运和仓储业,大专,1-3年,"影视技术, 广播电视工程, 体育赛事",7-9K·13薪,上海,,2026-05-26 18:24:13
7917d58d1cd6c7000nRz3Nq0FlpT,资深IT基础架构工程师,北京科信安技术,20-99人,计算机软件,本科,5-10年,,20-35K,上海,,2026-05-26 18:24:13
1f55bf0982e6b5780nB509i_EVRW,运维工程师,佳期投资,100-499人,基金,本科,3-5年,,20-40K,上海,,2026-05-26 18:24:13
eaa31209a7ff09d90nB50t20FFdT,游戏运维工程师,乘风云起,100-499人,游戏,本科,5-10年,"运维开发/DevOps, 计算机相关专业, 运维经验, 服务器运维, AWS",20-40K·15薪,上海,,2026-05-26 18:24:35
09cbe510dc11aa680nB53dy-FVdW,it支持工程师,利幄基金,20-99人,基金,本科,1-3年,,15-30K,上海,,2026-05-26 18:24:35
db065bec5b5148690nd72967E1RY,高级devops工程师,某大型互联网金融公司,1000-9999人,互联网金融,本科,5-10年,"运维开发/DevOps, Python/Shell, Golang, 运维开发经验, opentelemetry, dex",40-45K·14薪,上海,,2026-05-26 18:24:35
7361620dcdc92e7f03143dS9FlJU,运维工程师助理,海驰数码,20-99人,计算机硬件,大专,经验不限,"设备运维, 现场运维",5-7K,上海,,2026-05-26 18:24:35
4995c66461ab0f280ndz2tm-FlBT,java运维工程师,暖哇科技,500-999人,互联网金融,学历不限,,,190-210元/天,上海,,2026-05-26 18:24:35
93bade1d9e7adbf00nd40tm8ElBX,it运维工程师,丰蕾科技,20-99人,计算机软件,本科,3-5年,"桌面运维, 网络运维, 系统运维, IDC机房运维, Python/Shell, Kubernetes, VMware 虚拟化平台, 自动化运维, AI Claude CURSOR, OpenStack K8S, AI运维 自动化 VMware",15-20K·14薪,上海,,2026-05-26 18:24:35
b44e139ea589e7be0nd_39W5F1tV,实施运维工程师,上海端云信息技术,20-99人,计算机软件,本科,1-3年,"集成实施项目, RHCE, 部署",9-10K,上海,,2026-05-26 18:24:35
487427cbf099a9860nB639m5F1BZ,资深运维工程师,神蓍,20-99人,文化艺术/娱乐,本科,5-10年,,20-40K,上海,,2026-05-26 18:24:35
0710978b818ec1da0nd83tW4FFJZ,GPU运维工程师,北京德元方惠科技开发,0-20人,通信/网络设备,本科,3-5年,,13-20K,上海,,2026-05-26 18:24:57
1cf5bfd3957149fe0ndy29-8GFVS,ups机房工程师,日隽,0-20人,进出口贸易,学历不限,1-3年,,8-9K·14薪,上海,,2026-05-26 18:24:57
e9dc1de7a1f0bf3603d43920FVJU,运维工程师,紫越,100-499人,互联网,大专,经验不限,系统运维,6-8K,上海,,2026-05-26 18:24:57
597f1cfa5c22aa670nB42di7GVpR,AI DevOps 工程师,美高域科技开发,20-99人,人工智能,本科,3-5年,"桌面运维, 网络运维, 系统运维, 运维开发/DevOps, Python/Shell, Java, 运维经验, 运维开发经验, 网络安全相关经验, 计算机相关专业, 大数据运维经验",20-30K,上海,,2026-05-26 18:24:57
a62910eb16e5f69a0nV83961FltU,产品技术支持工程师,蜚语,20-99人,信息安全,本科,经验不限,,18-23K,上海,,2026-05-26 18:24:57
fa00a157f69ec7690ndy09q-ElFQ,运维工程师,上海声联无界科技,20-99人,人工智能,本科,5-10年,,20-30K·14薪,上海,,2026-05-26 18:24:57
24b911ac932966ce0nR_29S_FldV,长管工程师,蓝箭鸿擎科技,100-499人,铁路/船舶/航空/航天制造,硕士,3-5年,,15-25K·14薪,上海,,2026-05-26 18:24:57
ee236f70b08389b80nV_3d67GFpT,高级运维工程师,中惠盈科技,20-99人,互联网,本科,1-3年,,12-18K,上海,,2026-05-26 18:24:57
b36f1afbf9aee2f70Xd_3N66F1U~,大数据开发工程师,腾讯,10000人以上,互联网,本科,3-5年,"Java, 分布式技术, Hadoop, Spark, HBase, 大数据, 云计算",20-40K·16薪,上海,,2026-05-26 18:25:19
2dbe187d12fa5f8d0nB42dS_E1pY,助理运维工程师,上海国智技术有限公司,20-99人,其他金融业,本科,3-5年,,15-30K·14薪,上海,,2026-05-26 18:25:19
9b7e6584f2eaabbf031z3t-7GFZU,运维工程师,领科物联网,100-499人,运营商/增值服务,本科,3-5年,,10-15K,上海,,2026-05-26 18:25:19
d95a7f40de65e4911HV82Ni6ElBS,发行游戏运维工程师,灵刃游戏,100-499人,互联网,本科,3-5年,"发行运维, 游戏运维, Python/Shell, SaltStack",11-22K·13薪,上海,,2026-05-26 18:25:19
80e219f9cd020edb1XF-3NW_F1JX,算法工程师,某大型人工智能上市公司,10000人以上,互联网,本科,经验不限,"研究导向, 语音/图像识别, 智能驾驶, 云计算, Python, C/C++, 计算机相关专业, 数学/统计相关专业, 机器学习算法/工程化经验, 工业智能, 智能语音, 计算机视觉",25-30K·14薪,上海,,2026-05-26 18:25:19
bfd1be1eb729b6e80nZ82t-4F1RY,运维工程师,恩士迅信息科技上海,10000人以上,计算机软件,本科,经验不限,银行IT运维项目,12-20K·13薪,上海,,2026-05-26 18:25:19
78fad3a66f4694440ndz2tS7EFtY,高级运维工程师,左庭右院餐饮有限公司,1000-9999人,餐饮,本科,5-10年,,10-15K,上海,,2026-05-26 18:25:19
656b5df7c20f251e0ndz096-GFJX,云计算售前产品经理,金华威,500-999人,通信/网络设备,本科,1-3年,,8-10K·14薪,上海,,2026-05-26 18:30:27
1182fdd4a2c09c720nd_0ty6FVZQ,云运维工程师,联奇云,20-99人,计算机软件,本科,3-5年,"Nginx, 实施交付运维, Ansible/Salt/Puppet, 系统运维, Redis, Python/Shell, 计算机相关专业, 运维经验, Kubernetes",10-15K·15薪,上海,,2026-05-26 18:30:47
e580d28ddc7f7ac50nB70ty7EFpR,云计算产品社群运营（大厂外包 包三餐）,某大型知名互联网公司,10000人以上,互联网,本科,1-3年,"科技, 策划社区活动, 促进用户生产内容, 社区数据分析, 数据分析能力, 开发者社区, 云通信",15-25K,上海,,2026-05-26 18:30:47
0b52862f54eda2800nZ-0928FFFZ,云平台运维工程师,翌擎科技,100-499人,计算机软件,大专,3-5年,,14-20K,上海,,2026-05-26 18:31:09
053012e2919e45220nB409q-EVRQ,运维工程师,北京网安捷通上海办,20-99人,计算机服务,大专,,"系统运维, 网络运维, IDC机房运维, 计算机相关专业",200-250元/天,上海,,2026-05-26 18:31:09
0a4ffc145a2b1d801nR53NS6FlBQ,售后工程师,网正信息,0-20人,计算机软件,大专,1-3年,"IT技术支持, 计算机软件, IT服务, 网络设备, 网络安全, 云计算, 管理系统, 实验室管理平台",4-7K,上海,,2026-05-26 18:31:31
d6119a72e097e16a0nB62Ny1FFJZ,运维工程师,声阅智能,20-99人,智能硬件,大专,,,150-160元/天,上海,,2026-05-26 18:31:50
85663a4ea39182b91XR739S5GVJQ,EDA运维工程师,酷芯微,100-499人,半导体/芯片,本科,经验不限,EDA,15-25K·13薪,上海,,2026-05-26 18:31:50
63a723dc20d0ccdf0ndz3d-4FFJS,桌面运维工程师,因诺资产,100-499人,证券/期货,本科,1-3年,,15-30K·16薪,上海,,2026-05-26 18:31:50
cd6c260f5ccf88400nB73Nq-FlBQ,智家工程师,宽度网络,100-499人,通信/网络设备,初中及以下,经验不限,,8-12K,上海,,2026-05-26 18:32:12
a7a89726862929770nV92Ni0EFVQ,测试运维工程师,海兰轻舟,20-99人,人工智能,本科,经验不限,运维经验,12-24K,上海,,2026-05-26 18:32:12
f532c7f0e550ccde0nB70ti4E1pV,运维工程师,北京艾捷科芯科技,100-499人,互联网,本科,5-10年,,25-50K·16薪,上海,,2026-05-26 18:32:12
5a0298dba507181e03B82Nq0FlpW,监控运维工程师,小泽,0-20人,通信/网络设备,本科,3-5年,,15-20K,上海,,2026-05-26 18:32:12
0d91ede85d1223a20nZ72ti7GVZU,监控运维工程师,骞行智能(武汉),100-499人,计算机软件,本科,3-5年,,11-17K,上海,,2026-05-26 18:32:33
ebd0fda3a689196e0nB40tS5EVpY,运维工程师,梦创双杨,1000-9999人,计算机软件,本科,经验不限,"MySQL/Oracle, Java, Python/Shell, 计算机相关专业",3-4K,上海,,2026-05-26 18:32:55
ae64c1eacbb1c4940nZ_39u4FlVY,海外现场部署工程师,上海友升铝业,1000-9999人,汽车零部件,本科,3-5年,"电子/电气/自动化相关专业, 通信相关专业, 计算机相关专业",15-25K·13薪,上海,,2026-05-26 18:32:55
e80e077afd10dc081XN_3t-0FVZZ,现场工程师,宏泓信息,20-99人,计算机服务,中专/中技,1-3年,系统运维,5-7K·13薪,上海,,2026-05-26 18:32:55
179e1195a03243601HZ63ti7GVFX,服务器存储工程师,沐高网络,20-99人,智能硬件,大专,1-3年,"服务器存储虚拟化运维, 系统运维, 计算机相关专业, 运维经验, IDC机房运维",6-8K,上海,,2026-05-26 18:32:55
df8814be6901adbd03x52d6_E1FT,服务端开发工程师,上海毓翊信息科技,20-99人,人工智能,本科,5-10年,"全栈侧重后端, 英语读写能力良好, 后端开发经验, 云计算",22-35K,上海,,2026-05-26 18:32:55
3ada5fd485a79ec80nd-09y4FlNQ,运维工程师,PPIO,100-499人,云计算,本科,5-10年,"Python/Shell, Kubernetes, Nginx, 运维开发/DevOps, 运维开发经验, 计算机相关专业, AWS云, 腾讯云, Gitlab-Runner, ArgoCD, VictoriaMetrics",20-30K·15薪,上海,,2026-05-26 18:33:16
28cd4071c83453d90nd-3tW7F1JU,运维工程师,上海佳看得信息技术,500-999人,互联网,本科,3-5年,"网络运维, Linux, 系统运维, 运维经验",10-15K,上海,,2026-05-26 18:33:16
e1ef2954a3b64b830ndy2960EFVR,运维工程师,上海爱数伴人工智...,20-99人,人工智能,大专,1-3年,,8-12K,上海,,2026-05-26 18:33:16
e343fcba5930821b1nF73Nm1EVJQ,开源和AD工程师,DaoCloud,100-499人,互联网,本科,3-5年,"golang, 云计算, 分布式技术, linux, 容器技术",20-40K·13薪,上海,,2026-05-26 18:33:16
8fdd711eded474221nx93tu5FFpT,运维工程师,骏聿科技,20-99人,计算机软件,本科,经验不限,"Tomcat, Linux, Docker, SAAS, MySQL, 分布式技术, Centos, SQL",9-14K·13薪,上海,,2026-05-26 18:33:16
ddc54e783e8ec2dc1nVy3965GFRZ,网络工程师,云冥科技,20-99人,互联网,大专,1-3年,"运维通信资格证书, CCNP证书, CCNA证书, Linux, Windows, 网络设备, 云计算, 大数据",7-10K,上海,,2026-05-26 18:33:16
70d90b80ee2d307c0nB70tm_FVVY,中高级运维工程师,香港某中型互联网公司,500-999人,互联网,本科,3-5年,,40-50K,上海,,2026-05-26 18:33:36
71501a488df8a74a03Ny0t27EFJZ,游戏运维工程师,泰乐坊科技有限公司,20-99人,游戏,本科,3-5年,"网络运维, 通信相关专业, Python/Shell, 计算机相关专业, 电子/电气/自动化相关专业",15-25K·15薪,上海,,2026-05-26 18:33:36
bd819a4e01c06c950nd40t21F1BS,SRE运维工程师,上海前捷,20-99人,计算机软件,本科,5-10年,"自动驾驶, SRE SLO, Docker, 系统运维, 智能制造, 运维经验, on-call, Kubernetes",16-24K,上海,,2026-05-26 18:33:36
b6ada934446990ad0nR72di_E1NQ,高级系统运维工程师,上海万得基金,100-499人,基金,本科,3-5年,"MySQL/Oracle, Docker, 大数据运维经验, 系统运维, 运维开发经验, Redis, Python/Shell, 计算机相关专业, 网络安全相关经验, 运维经验, Kubernetes",15-28K·14薪,上海,,2026-05-26 18:33:36
07e076d3adad27a11nZ60t-8GFVU,区块链开发工程师,泽坤,0-20人,计算机服务,本科,经验不限,"区块链, 云计算, 数据处理, 量化",15-30K,上海,,2026-05-26 18:33:36
008cb0db133367eb0nd73N-_ElBX,网络运维工程师,星辰信安,20-99人,互联网,大专,3-5年,"网络运维, Nginx, 防火墙, 上网行为管理",12-15K,上海,,2026-05-26 18:33:36
e8eb2560c094d53a0nZ-3d-9EFRR,Openstack平台驻场运维工程师,海卓云智,20-99人,运营商/增值服务,大专,1-3年,"Ansible/Salt/Puppet, Elasticsearch, Docker, 系统运维, 运维开发/DevOps, 运维开发经验, 桌面运维, 计算机相关专业, 运维经验, Kubernetes",10-11K,上海,,2026-05-26 18:37:44
e392cb7dc351c1a50nB73t61GVNZ,idc机房运维工程师,国富光启,100-499人,通信/网络设备,大专,1-3年,"IDC机房运维, 网络运维, 计算机相关专业, 通信相关专业, 网络安全相关经验, 大数据运维经验, 运维经验",6-7K,上海,,2026-05-26 18:38:27
462bc048b60214e60nZz09--FlBV,服务器技术支持工程师,世纪利通数据服务,100-499人,计算机服务,大专,5-10年,,10-15K·14薪,上海,,2026-05-26 18:38:27
9cf71b1fba2d48a20nR93tu5FVpT,运维工程师,灵冰网络,20-99人,互联网,大专,3-5年,网络运维,25-35K·13薪,上海,,2026-05-26 18:38:27
24da30bf028cbd870nR-3dS1GFdX,IBMS运维工程师,吾盛能源,20-99人,新能源,大专,1-3年,,10-15K,上海,,2026-05-26 18:38:48
0080e5137c337cad03x-3tu7FldR,服务器运维工程师,九算迅维,20-99人,计算机硬件,大专,3-5年,,10-15K·14薪,上海,,2026-05-26 18:38:48
11a09cee5d96e0400nd52d-0EVdX,高级网络工程师,某大型休闲游戏公司,1000-9999人,游戏,本科,5-10年,"游戏, 互联网, 云计算",30-45K·15薪,上海,,2026-05-26 18:38:48
3043fe5eb3e475720nV-09i9FFJX,运维工程师助理,恢弘科技,100-499人,电气机械/器材,本科,1-3年,,6-8K,上海,,2026-05-26 18:39:09
b7e726704a4ba4e10nB50t2_GVZY,AI算力平台运维工程师,上海玳慧,20-99人,计算机软件,本科,3-5年,"Docker, Python/Shell, 计算机相关专业, 运维经验",15-22K·13薪,上海,,2026-05-26 18:39:09
a44d6628b7be22310nZy3dm1FVBZ,SRE工程师-容器方向,上海某大型物流/仓储公司,1000-9999人,物流/仓储,本科,5-10年,"网络运维, Docker, Kubernetes, 运维开发经验, 运维经验, Operator, SRE, 应用运维",28-40K,上海,,2026-05-26 18:39:30
302d6280e79074550nB509u7F1ZQ,系统运维工程师,北京澜海微科技,0-20人,半导体/芯片,本科,3-5年,,20-30K·16薪,上海,,2026-05-26 18:39:30
ac5b5f0d66ef9b930ndy3ti4EVBR,技术支持工程师,百得思维,1000-9999人,计算机软件,本科,3-5年,,7-9K,上海,,2026-05-26 18:39:30
f86c3f1670546f6f0nB609q1F1RY,系统运维工程师,永映软件,100-499人,计算机软件,大专,3-5年,,10-15K,上海,,2026-05-26 18:40:13
432012de7ee27ead1Hxy29-0F1NV,高级游戏运维工程师,赫鲁丝网络,20-99人,游戏,本科,3-5年,"系统运维, 网络运维, 运维开发/DevOps",12-20K,上海,,2026-05-26 18:40:13
1941c3b099f10f1403N-3ty0GFBX,初级硬件运维工程师,神禾,0-20人,计算机硬件,大专,1-3年,"IDC机房运维, 电子/电气/自动化相关专业, 运维经验",5-6K,上海,,2026-05-26 18:40:34
62b6c5e7d264aab503x_29y5EFZR,cdn运维工程师,上海翌旭网络科技,100-499人,通信/网络设备,本科,1-3年,,8-13K·13薪,上海,,2026-05-26 18:40:55
570392de8f2e79dc3nN_3NW8GFI~,技术工程师,趣阔仪器,20-99人,进出口贸易,本科,3-5年,"工程师，技术, 运维经验",8-13K·13薪,上海,,2026-05-26 18:40:55
fc9119aef38e5e6e03R709S5FVRQ,云计算销售,九章云极,100-499人,计算机软件,学历不限,经验不限,"人工智能, IDC, 云产品, gpu",15-25K,上海,,2026-05-26 18:46:04
9cc584a1b54960020nRy2Nu_E1VV,Linux系统运维工程师,羽持,20-99人,计算机服务,大专,5-10年,"系统运维, 计算机相关专业, 外企工作, Linux运维, 运维工程师, 虚拟化系统, VEEAM",10-15K,上海,,2026-05-26 18:47:07
ba695f18037cdc270nB63NS5FVpY,模建工程师,世纪利通数据服务,100-499人,计算机服务,本科,3-5年,,15-25K·14薪,上海,,2026-05-26 18:47:07
9af9418716c0915d0nR92Nm0F1RV,具身智能算法工程师（VLA）,上海某大型人工智能公司,1000-9999人,人工智能,硕士,经验不限,"业务导向/研究导向, 云计算, C/C++, 计算机相关专业, 机器学习算法/工程化经验, VLA, ROS, 强化学习, 模仿学习, VLMS\llmS",60-90K·15薪,上海,,2026-05-26 18:47:27
ca7f9a794b02f0ad0nZz0tu1FVNS,资深全栈开发工程师,上海某小型量化交易基金公司,20-99人,基金,本科,经验不限,"agent, 可视化, 云计算",35-55K·17薪,上海,,2026-05-26 18:47:27
1c137ea364f911420nV_3dm5FlZY,运维工程师,海卓云智,20-99人,运营商/增值服务,本科,3-5年,,15-30K·13薪,上海,,2026-05-26 18:47:48
1e5e1cfdf3861c993nR53dW0FFc~,Go开发工程师,钛雾,0-20人,互联网,本科,3-5年,"Go, SQL, Linux, 云计算",15-30K,上海,,2026-05-26 18:47:48
8c9cd7756d9905201XN529W6EFVW,IDC运维工程师,共启网络,20-99人,互联网,大专,1-3年,"系统运维, IDC机房运维",6-8K,上海,,2026-05-26 18:48:09
e8c8f4551485fbfa1HN63Ni6E1FQ,智能化弱电工程师,中科泰元,100-499人,计算机软件,大专,经验不限,弱电,5-7K,上海,,2026-05-26 18:48:09
85ac1866b14de51303F60tm_FFNQ,运维平台资深研发工程师-视频与边缘,字节跳动,10000人以上,广告营销,本科,5-10年,"Golang, Java, DevOPS, SRE, 计算机相关专业, 中大型项目开发经验, Kubernetes, 云计算",40-60K·15薪,上海,,2026-05-26 18:48:51
555505d7af144e690nZ-3tm1FFRV,运维工程师,三盈集团,100-499人,进出口贸易,大专,1-3年,,6-9K,上海,,2026-05-26 18:49:12
0b1f08a6ddbfc160031729u-FVBX,WPS技术工程师,昆联数码,100-499人,计算机软件,本科,1-3年,,10-15K,上海,,2026-05-26 18:49:12
22c405fa17069a6403J72964F1NS,运维工程师,豆糖网络,20-99人,电子商务,大专,3-5年,"网络运维, 系统运维, 运维开发/DevOps, IDC机房运维",8-13K,上海,,2026-05-26 18:49:12
54d55857e02c36c90nB73d24E1BV,云计算开发,中国银联,10000人以上,互联网金融,本科,3-5年,"Java, Nginx, Kafka, Redis, Kubernetes, 计算机相关专业, 运维开发经验, 网络安全相关经验, 云计算开发, 云平台开发",16-30K,上海,,2026-05-26 18:53:21
2360bbd04fc131800nV50tS7GFVW,云计算运维工程师,国安信息科技,100-499人,计算机软件,本科,3-5年,"运维开发/DevOps, 系统运维, Python/Shell, Kubernetes, Docker, 运维经验",11-14K,上海,,2026-05-26 18:53:42
18945a36cc69f4af031939-8E1ZW,k8s运维工程师,成都创元聚星科技,100-499人,互联网,本科,10年以上,"系统运维, Java, Python/Shell, Golang, Kubernetes, 计算机相关专业, 通信相关专业, 电子/电气/自动化相关专业, 运维经验",25-45K·18薪,上海,,2026-05-26 18:54:25
0de3dbb680eae1140nB40tS5FFdW,AI运维测试工程师,珑京信息,500-999人,计算机硬件,本科,,"计算机相关专业, 运维经验",200-250元/天,上海,,2026-05-26 18:54:25
beb75b8c99ea9bc30nR92dy6FVZS,阿里云运维工程师,百思奥,20-99人,计算机软件,本科,5-10年,,13-20K,上海,,2026-05-26 18:54:44
5d105a94ef1b4d6c0nd82ti8E1VW,网络运维工程师,华卿网络,20-99人,运营商/增值服务,大专,3-5年,,9-14K,上海,,2026-05-26 18:54:44
10e33782a7e430101Xx609i5E1BW,高级测试工程师,某良心公司,20-99人,基金,本科,5-10年,"功能测试, 性能测试, 计算机相关专业, 通信相关专业, 测试工作经验, 云原生, 云计算, Kubernetes",30-60K·16薪,上海,,2026-05-26 18:55:47
fc3113bb964fa7100ndy3d-4F1dY,网络运维工程师,芯大通,100-499人,半导体/芯片,本科,1-3年,"IDC机房运维, 运维开发经验, 运维经验",10-12K,上海,,2026-05-26 18:55:47
54f8be35089f424103N_2tu9FltY,云平台高级运维工程师,湘财证券,1000-9999人,证券/期货,本科,5-10年,,25-40K,上海,,2026-05-26 18:55:47
14f1d318b2da9d8b0nd83Ny6FFtQ,AGV运维工程师,沈阳富沛自动化科技,0-20人,自动化设备,大专,1-3年,"AGV实施工程师, 实施交付运维, 电子/电气/自动化相关专业, AGV运维工程师",8-10K,上海,,2026-05-26 18:56:07
d9027c3ffee7816a0nR72du1F1JV,运维工程师,漳州睿创科技有限公司,0-20人,大数据,本科,1-3年,,11-16K,上海,,2026-05-26 18:56:27
52ae7ebe03314a930ndy2927GVJU,驻场运维工程师,北京嘉和美康,1000-9999人,互联网,大专,3-5年,,9-11K,上海,,2026-05-26 18:56:27
2045d5c347365c9003By2ty_EVFY,网络与基础设施工程师,上海库帕思,100-499人,大数据,本科,5-10年,,18-35K·14薪,上海,,2026-05-26 18:56:27
c1d56009d799882c0nd-09q0F1dW,Infra基础架构工程师,上海某小型对冲基金公司,20-99人,基金,本科,经验不限,,25-50K·14薪,上海,,2026-05-26 19:02:15
14914f73ea4fe3b603V809m5E1FQ,初级运维网络工程师,上海衡翔,100-499人,运营商/增值服务,学历不限,在校/应届,,5-6K·13薪,上海,,2026-05-26 19:02:36
4af421310285a3200nVy0ti1FFNV,数据中心运维工程师,某大型航空公司,100-499人,铁路/船舶/航空/航天制造,本科,3-5年,"桌面运维, 网络运维, 系统运维, 网络安全相关经验, 运维经验, 云平台, 路由交换, 网络安全",20-30K,上海,,2026-05-26 19:02:36
6f6449aa98d0277c0nB42dW6EldY,运维工程师,正新集团,10000人以上,餐饮,本科,5-10年,,7-9K·13薪,上海,,2026-05-26 19:03:41
c0569b0b10bcdf2b0nV7096-FlJZ,sre高级工程师,北京某小型量化资产管理公司,20-99人,基金,本科,3-5年,,80-110K,上海,,2026-05-26 19:04:23
c0af0efd7fba54040nd73di9FFJS,网络运维工程师,拓达电子科技,100-499人,通信/网络设备,本科,3-5年,"网络运维, Redis, 计算机相关专业, 运维经验, IDC机房运维",12-15K,上海,,2026-05-26 19:04:44
0e848888e4b13d1d0nB63dq1FVRX,售后运维工程师,某计算机软件公司,20-99人,计算机软件,本科,5-10年,"网络运维, 系统运维, 运维经验, 网络安全相关经验, 计算机相关专业, 金融行业, 银行负载均衡系统, Linux, Windows",25-30K,上海,,2026-05-26 19:04:44
3d8f9f1d03daa066031-2t--FlNQ,IT运维工程师,灵童机器人,20-99人,人工智能,本科,3-5年,,12-15K,上海,,2026-05-26 19:04:44
b8a88d74538470540nZy09i4GVBR,算力交付工程师,上海硕曜科技有限公司,500-999人,通信/网络设备,本科,3-5年,"IDC机房运维, 实施交付运维, 运维经验, 计算机相关专业, 智算中心",15-28K,上海,,2026-05-26 19:09:37
6aa4acaf1ff161cd03x729-8FFZS,idc运维工程师,兆程网络,20-99人,通信/网络设备,本科,1-3年,网络运维,13-15K,上海,,2026-05-26 19:09:58
79dd8008378843a90nZ52Nm1F1pY,算法工程师,上海某小型人工智能公司,100-499人,人工智能,本科,1-3年,,25-50K,上海,,2026-05-26 19:11:01
c83e9e757d648edd1nZ63tu4F1dQ,大数据开发工程师,51WORLD,100-499人,计算机软件,本科,1-3年,"Java, Scala, Kafka, Spark, Hbase, 大数据, 云计算",15-25K·13薪,上海,,2026-05-26 19:11:45
dc60f3ed61d0af3b03J90tu_ElFY,AI infra工程师,PPIO,100-499人,云计算,本科,5-10年,"Golang, Kubernetes, 计算机相关专业, Golang服务端开发经验, infra, 云计算, AI",35-45K·15薪,上海,,2026-05-26 19:11:45
ebf258be933df7391HZ439y4EFFV,设施运维工程师,中航信柏润,500-999人,互联网,大专,1年以内,IDC机房运维,5-6K·13薪,上海,,2026-05-26 19:18:22
c86a3156ea97c8e70ndz09S6GVtR,产线软件部署工程师,墨奇智能,100-499人,人工智能,大专,1-3年,"网络运维, Python/Shell, 部署, 传感器, ROS",13-17K·13薪,上海,,2026-05-26 19:19:04
8f79e0f294f520870nR_2dm7GVVQ,运维工程师,匠昕科技,100-499人,计算机软件,本科,3-5年,,10-12K,上海,,2026-05-26 19:19:04
8f318600bcb90cda03Ry2d24E1VT,值班运维工程师,新纽科技,500-999人,计算机软件,本科,1-3年,"通信相关专业, 计算机相关专业, 电子/电气/自动化相关专业",8-13K,上海,,2026-05-26 19:19:26
16d54c9fdb3d8de00nZy0tS1FVVR,云计算售前工程师,上海勤网,20-99人,互联网,大专,3-5年,,13-17K,上海,,2026-05-26 19:24:56
4115961ae7661b420nZ_396_FFpQ,运维开发工程师,KN Group,100-499人,互联网,本科,3-5年,,20-30K·16薪,上海,,2026-05-26 19:27:22
b279a634ac4e76d20nB42NS0GFZQ,运维工程师,上海海万信息科技,1000-9999人,互联网,本科,3-5年,"Docker, Nginx, 大数据运维经验, Ansible, K8S",9-10K,上海,,2026-05-26 19:27:22
bd9925fde392122a0nB73tm9FVRV,服务器交付工程师,上海埃迪希科技服务,100-499人,人工智能,本科,3-5年,"GPU服务器, 集群, 交付, 环境部署, 稳定性测试",30-60K,上海,,2026-05-26 19:33:12
4c33d61c830726411X162t29EFVR,数据中心运维工程师,恩晴,20-99人,运营商/增值服务,大专,经验不限,IDC机房运维,10-12K,上海,,2026-05-26 19:33:53
59f119ca7d8949a60ndz09W9F1FY,中级运维工程师,上海华鲲立德智能科技,0-20人,人工智能,大专,3-5年,,8-13K,上海,,2026-05-26 19:34:15
5399e7ac82c1ed6e0nR60925GFZW,服务器运维工程师,亚康万玮,1000-9999人,互联网,大专,1-3年,"IDC机房运维, 数据中心",7-8K,上海,,2026-05-26 19:40:24
d0c0f81ba957eba81XB63du7EFRW,机房运维工程师,秉升,20-99人,运营商/增值服务,大专,3-5年,"IDC机房运维, 电子/电气/自动化相关专业, 运维经验, 巡检",7-8K,上海,,2026-05-26 19:40:46
e8507dd07cae82d20nB70ti4GVRV,全栈运维工程师,北京艾捷科芯科技,100-499人,互联网,本科,5-10年,"网络运维, 系统运维, IDC机房运维",20-40K·14薪,上海,,2026-05-26 19:49:05
9782cc2d834dab15031-09m_ElVT,资深运维工程师,锐澳酒业,1000-9999人,食品/饮料/烟酒,本科,5-10年,,11-18K·14薪,上海,,2026-05-26 19:50:32
83eb8cfb940223b503N62dy-F1VW,云计算开发工程师,华为,10000人以上,计算机软件,本科,在校/应届,"Golang, Java, C++, C, MySQL, Spring, Python",20-25K,上海,,2026-05-26 19:55:02
379c8b20a635f4840nVy3d-5FVRY,交付运维工程师,悦智人工智能,1000-9999人,互联网,大专,5-10年,"交付运维, K8S, 运维经验",10-15K,上海,,2026-05-26 19:55:23
f2ed29528d883ed00nZ-39q1F1NR,服务器标准化工程师,上海埃迪希科技服务,100-499人,人工智能,本科,5-10年,,20-40K·16薪,上海,,2026-05-26 19:55:44
7f0260217e0ad4ad0nB63di7ElFX,高级运维工程师,南凌科技,500-999人,通信/网络设备,本科,3-5年,,10-15K,上海,,2026-05-26 19:56:25
d3a0baea168380c80nB73N2_GVFX,系统运维工程师,五矿期货,100-499人,证券/期货,本科,1-3年,,15-25K,上海,,2026-05-26 19:57:52
692dfaadffa91bc50nZ-3di1E1FQ,云平台运维工程师,中泰信托有限责任公司,100-499人,信托,本科,5-10年,,15-20K·15薪,上海,,2026-05-26 20:03:02
2f9a609d85a4ebd70nd83Ni7GVZT,运维工程师,风火轮萤图,20-99人,计算机软件,本科,5-10年,,12-18K·14薪,上海,,2026-05-26 20:05:10
26d3d0bf105b5aa70nZy29W4GFZR,云平台开发leader/工程师（国资）,某大型人工智能公司,100-499人,人工智能,本科,经验不限,"Golang, 云原生, 云, 调度, Docker, 集群调度, 中大型项目开发经验, 系统架构设计经验, Kubernetes, 云计算",35-65K·15薪,上海,,2026-05-26 20:10:41
edbdd73f8d3c2df91Hx62921ElBU,云资源规划管理(专家/架构师/工程师),上海从鲸信息技术,500-999人,互联网,硕士,1-3年,"运维, 网络交换技术, 虚拟机技术, 容器技术, 云计算架构, 云计算",20-40K·16薪,上海,,2026-05-26 20:19:38
1001bfa8e5bb9ef00nd90ti7FFpW,IT运维工程师,某大型基金公司,100-499人,基金,本科,经验不限,,20-40K,上海,,2026-05-26 20:21:47
3a6465111d59c4a903d72NS9E1ZY,云计算工程师,聚迅科技,20-99人,计算机硬件,大专,经验不限,"计算机/网络系统工程师, 华为云, 云平台, 云计算, HCS搭建",12-20K·13薪,深圳,,2026-05-26 20:27:58
5f0440916951574c1X1y2Nm1FVRS,云计算工程师,深圳小牛云计算科技,0-20人,智能硬件,本科,3-5年,"计算机/网络系统工程师, Ansible/Salt/Puppet, CentOS/RedHat/Ubuntu, Docker/Kubernetes, 系统建设/运维经验, Linux运维经验",10-13K,深圳,,2026-05-26 20:27:58
1c977a9d58a463d60nR_09S5FVdY,云计算运维工程师（外包 深圳）现场面试,新华三技术有限公司,10000人以上,计算机软件,本科,3-5年,"Golang, 通信相关专业, Ansible/Salt/Puppet, Elasticsearch, MySQL/Oracle, 虚拟化, Open stack, 运维开发/DevOps, Python/Shell, 计算机相关专业, 运维经验, 云计算",20-27K,深圳,,2026-05-26 20:27:58
2bf6ce5e85273d8b0nd93N2-EFtZ,云计算工程师（深圳）,网眼信息技术,500-999人,互联网,本科,3-5年,"网络运维, 实施交付运维, Kubernetes, 运维经验, 计算机相关专业",12-20K·14薪,深圳,,2026-05-26 20:27:58
9d2df700b4b230501HB52dW1GFBQ,云计算架构师 - 深圳,亚马逊云科技,10000人以上,云计算,本科,10年以上,云计算架构,35-65K,深圳,,2026-05-26 20:27:58
d0122eb8100b40a01HF529-5EFFV,云计算工程师,美的,10000人以上,其他行业,本科,在校/应届,计算机相关专业,17-19K·14薪,深圳,,2026-05-26 20:27:58
8b5ac08da03723c21nZ72t28EVVW,云计算工程师,华为技术有限公司,10000人以上,计算机软件,本科,1-3年,"数据结构, Linux, 软件工程师, 云计算",15-30K,深圳,,2026-05-26 20:27:58
3d728d68abb58af40nR50tm_EFtQ,云计算销售经理,卓术科技,20-99人,互联网,大专,1-3年,"电话销售, 软件/企业服务产品, 不接受居家办公, 对企业/机构（To B）销售经验, 企业（To B）, 网络销售, SaaS, 互联网/科技, 云计算",6-11K,深圳,,2026-05-26 20:27:58
788eeb81dd7618481H180tq5GVNQ,云计算运维工程师,华润数科控股有限公司,500-999人,计算机服务,本科,3-5年,,12-20K·14薪,深圳,,2026-05-26 20:28:18
bb19bee52ee3fe720nZ50tq-GFVW,云计算大模型泛科技行业售前解决方案架构师,百度,10000人以上,互联网,本科,3-5年,,25-45K·16薪,深圳,,2026-05-26 20:28:18
261272a20f10dff70nB72dq8FFdW,云计算平台架构师,深圳某大型互联网金融上市公司,10000人以上,互联网金融,本科,3-5年,"Java, Python, JavaScript, Go, ActionScript, 微服务架构, 算法基础, 多线程",27-35K·16薪,深圳,,2026-05-26 20:28:18
a0d32d4042c0e2ba1Xx_3Ny8ElVV,云计算高级销售经理,Agilewing,20-99人,计算机软件,大专,5-10年,"面销/陌拜, 软件/企业服务产品, 企业（To B）, 会展销售",18-25K,深圳,,2026-05-26 20:28:18
e7296ed93fd3ddcd031_39u-E1VR,云计算/服务器总监（top外企 英语好优先）,某大型生活服务(O2O)平台公司,10000人以上,生活服务(O2O),本科,10年以上,"云计算, 服务器, 英语, 虚拟化/存储",60-80K·16薪,深圳,,2026-05-26 20:28:18
bb7343cb5c67c03d1n153di_FFdX,云计算售前工程师 深圳,UCloud,1000-9999人,云计算,本科,3-5年,"云服务, 产品咨询, AI, 售前, 技术能力",23-35K·15薪,深圳,,2026-05-26 20:28:18
21fb4c25b0af0dd703V63NW8F1ZX,云计算销售经理,致远云,0-20人,云计算,本科,1-3年,"面销/陌拜, 软件/企业服务产品, 对企业/机构（To B）销售经验, 企业服务, 企业（To B）, 互联网/科技",6-10K,深圳,,2026-05-26 20:28:18
c9f863416805058c0ndz3di8FldY,云计算资深专家,某大型国企云计算公司,1000-9999人,计算机软件,本科,10年以上,"互联网/AI, 云计算, AI",100-200K,深圳,,2026-05-26 20:28:18
52644ee749f84fdd0ndz0ty1GFNS,智能系统运维工程师,某知名互联网公司,1000-9999人,互联网,本科,3-5年,,20-35K·13薪,深圳,,2026-05-26 20:28:38
7315e2c3888144890nB53d69EFJU,机房运维工程师,数智银河,20-99人,通信/网络设备,本科,10年以上,,8-12K,深圳,,2026-05-26 20:28:38
e5a58a953ced35760nB72965E1JX,监控运维工程师,寰宇科技,100-499人,计算机软件,大专,1-3年,,6-9K,深圳,,2026-05-26 20:28:38
d60d0dbb8a6c45f40nV82tS-EFZQ,idc运维工程师,腾云智算,20-99人,云计算,大专,1-3年,"故障处理, 硬件, 服务器, GPU",10-15K,深圳,,2026-05-26 20:28:38
2475616bfe392cd60ndz39S6ElZX,香港H3C驻场云计算项目经理（无HKID勿扰）,环迅通,100-499人,通信/网络设备,本科,5-10年,"企业内部技术项目管理, 计算机相关专业, 管理相关专业, 团队管理经验, 实施交付经验, PMP, PMI-ACP",30-50K,深圳,,2026-05-26 20:28:38
93e71b22b2532a0b03N93tm1F1VW,云计算平台研发工程师,道通智能航空技术,1000-9999人,智能硬件,本科,3-5年,,25-50K,深圳,,2026-05-26 20:28:38
e0abdd87904757580nd83Nm7FlRS,高级服务工程师,smoore,10000人以上,智能硬件/消费电子,本科,5-10年,,30-40K·14薪,深圳,,2026-05-26 20:28:38
df552707aeeffe270nB709-4E1JU,AI平台运维工程师,影石Insta360,1000-9999人,智能硬件,本科,3-5年,,18-35K·15薪,深圳,,2026-05-26 20:28:38
be1e4dc9902fec281HV_2tS8F1VT,AI大模型应用工程师,有德者科技,20-99人,计算机软件,学历不限,1年以内,"云计算, C/C++, 计算机相关专业",9-10K,深圳,,2026-05-26 20:28:38
b24f36301ce378bd1nF-3tu7FVtY,Linux/Windows软件开发工程师,青葡萄科技,20-99人,计算机软件,本科,,"C, Python, 云计算, 网络编程, Linux",100-150元/天,深圳,,2026-05-26 20:28:38
55029054e1a6e4d11nV73dy1GFNZ,Golang资深开发工程师,毛孩儿宠物科技,0-20人,智能硬件,本科,3-5年,"区块链, Go, Python, PHP, SQL, 微服务架构, 搜索引擎技术, 云计算",18-35K,深圳,,2026-05-26 20:28:38
4d254217db1cfc6e0ndz29i7EFFY,服务器运维工程师,中电金信,10000人以上,计算机软件,本科,3-5年,,12-18K,深圳,,2026-05-26 20:28:38
312e9151a73113b60nZ53tq6FFpT,idc运维工程师,鼎峰网络科技,20-99人,大数据,大专,经验不限,"大数据运维经验, 系统运维, 计算机相关专业, IDC机房运维",8-12K·13薪,深圳,,2026-05-26 20:28:38
3804294668dfa40503183d2_EVZT,运维工程师,深圳阿基米德猫科技,20-99人,计算机软件,学历不限,1-3年,,8-13K·13薪,深圳,,2026-05-26 20:28:38
0c3d4ade5cae14a003N_3N-6FVdW,FOC工程师,重庆昌泰衡明科技,500-999人,运营商/增值服务,大专,1-3年,"电子/电气/自动化相关专业, 运维经验, IDC机房运维",7-8K,深圳,,2026-05-26 20:28:58
5428a821baf42ad90nVz3dW-FVJX,服务器运维工程师,嘟嘟牛,20-99人,计算机软件,大专,1-3年,,6-11K,深圳,,2026-05-26 20:28:58
27c73c8e658b5fb80nVy39i4GFBX,初级运维工程师,深圳市智元数创科技,0-20人,人工智能,本科,1-3年,,7-10K·13薪,深圳,,2026-05-26 20:28:58
11c10c29b73ee76603F_092_FVVV,linux运维工程师,松果金融,20-99人,广告营销,本科,1-3年,,7-12K,深圳,,2026-05-26 20:28:58
b6baeff7fddeb5541nR-3Nm8ElpQ,网络工程师讲师,51itlab,20-99人,职业培训,大专,经验不限,"网络运维, 网络交换技术, 网络设备, 网络安全, 云计算, 网络工程师证, CCNP证书, CCIE证书",10-15K,深圳,,2026-05-26 20:28:58
9b7a6d4a444a4d490nVy2NS4F1JU,云网络运维工程师,正浩创新,1000-9999人,储能,本科,3-5年,,12-24K·13薪,深圳,,2026-05-26 20:28:58
3c3dd4482fd6d5111nZ909W_FlA~,售前工程师,连用科技,100-499人,大数据,本科,5-10年,"云计算, AI智能体, AI知识库",12-18K·13薪,深圳,,2026-05-26 20:28:58
c0950eb84b42da7f0nd72Nu-FFVT,交付运维工程师,悦智人工智能,1000-9999人,互联网,大专,5-10年,"实施交付运维, Docker, Kubernetes",12-15K,深圳,,2026-05-26 20:28:58
e6608b2e11a00b560nd52d6_EVJZ,值班工程师,证通电子,500-999人,互联网,大专,3-5年,,8-12K,深圳,,2026-05-26 20:28:58
596004c065615cd00nB509W1FVNR,售前工程师（数通/安全必备其一）,神州新桥,1000-9999人,互联网,本科,3-5年,"系统集成, HCIE, CCIE, 数通网络, 网络安全, 云计算, 存储",11-16K·13薪,深圳,,2026-05-26 20:28:58
31e658e4f03dc4130nZy3dS7GVpW,网络运维工程师,研祥高科技控股,1000-9999人,物联网,本科,5-10年,"IDC机房运维, 数据中心",12-24K,深圳,,2026-05-26 20:28:58
e12f742733abd5b50nB43dS1GFFX,AI运维工程师,维创,100-499人,通信/网络设备,本科,5-10年,,19-28K,深圳,,2026-05-26 20:28:58
cc327dee26bb80100nB73ti5GVJS,k8s运维工程师,东南亚某大型互联网金融公司,1000-9999人,互联网金融,本科,10年以上,"系统运维, Kubernetes, 计算机相关专业, 居家办公",30-45K·18薪,深圳,,2026-05-26 20:28:58
d3287d65fc7633481XR73d6_FlVR,云计算测试工程师,XSKY星辰天合,100-499人,计算机服务,本科,3-5年,"Python, Shell, 自动化测试, 测试开发, 功能测试, 性能测试, 系统测试, 高并发测试",15-30K,深圳,,2026-05-26 20:28:58
65aef64b8a4e52d63nZ42N-0ElI~,云计算python开发工程师,华为,10000人以上,计算机软件,本科,经验不限,"python, 人工智能, 大数据",15-30K·16薪,深圳,,2026-05-26 20:29:19
5ae79b4075881bea0nZy39-_EldT,硬件运维工程师,壹创云科技,20-99人,计算机服务,大专,3-5年,"IDC机房运维, 运维经验, PVE, BGP",10-15K,深圳,,2026-05-26 20:29:19
7122f183b8a8efce0nB62dW-EVVV,运维工程师GPU,沈阳共识企业管理,0-20人,互联网,本科,1-3年,,15-20K,深圳,,2026-05-26 20:29:19
a09aef010c7c2cbc03Ry0tq0GFBY,交付实施工程师,北京博睿宏远,500-999人,计算机软件,本科,1-3年,"大数据运维经验, 非外包岗, 运维实施, to B项目交付",15-20K·13薪,深圳,,2026-05-26 20:29:19
a5d049d3724d476403Z53dS8GVo~,全栈工程师,穹理SkyPhy,0-20人,计算机软件,中专/中技,在校/应届,"Java, 爬虫, PHP, Uniapp, 计算机相关专业, 小程序, Taro, 业务导向, 云计算, Python, Kubernetes",13-18K,深圳,,2026-05-26 20:29:19
75f85b0f710583e10nd43tm6EldV,运维实施工程师,广州衡联,20-99人,计算机软件,本科,5-10年,,10-15K,深圳,,2026-05-26 20:29:19
05e98f8a6964cb0c0ndz09-_E1tU,运维工程师,深圳市幻游时空科技,0-20人,互联网,大专,5-10年,,20-30K·13薪,深圳,,2026-05-26 20:29:19
4607daccd40df3830nB52di8GFNU,高级运维工程师,雷特科技,1000-9999人,电子商务,本科,3-5年,,20-40K·13薪,深圳,,2026-05-26 20:29:19
3cc5e17538953cb80ndz29W6E1dY,CT包人工程师,绿色苹果,100-499人,计算机服务,大专,1-3年,,10-12K·13薪,深圳,,2026-05-26 20:29:19
e90820b0ba187f1b0nB43ti-GFdR,运维专家工程师,深圳某大型保险上市公司,10000人以上,保险,本科,经验不限,,30-60K·16薪,深圳,,2026-05-26 20:29:19
f042a852fac316b403d63929FFVY,PAAS平台运维工程师,招商证券,10000人以上,互联网金融,本科,3-5年,,20-35K·18薪,深圳,,2026-05-26 20:29:19
7d72eb1ec4661cf61X1829i7FlNQ,机房运维工程师,普汇智为,100-499人,物联网,大专,1-3年,"电工证, 运维经验, IDC机房运维, 数据机房运维, BA",7-8K,深圳,,2026-05-26 20:29:19
88cb093e928c2b760nB62di7EFZV,SOC业务运维工程师,启朔科技,100-499人,互联网,大专,3-5年,"SOC, Grafana, 云平台, 安卓容器, 机房",15-17K,深圳,,2026-05-26 20:29:19
c413e1ccf1b2d20f1HFy09W6FVFZ,全栈工程师,有鸣技术,0-20人,互联网,本科,经验不限,"docker, 云计算",30-35K,深圳,,2026-05-26 20:29:19
927796e20a27ec121HB83dW4EVtQ,运维工程师,圣策贸易,0-20人,旅游/景区,本科,5-10年,,25-26K,深圳,,2026-05-26 20:29:19
a2735c9a8c96db8d03N93dS-F1dQ,运维工程师,歌尔,10000人以上,智能硬件,本科,,,170-200元/天,深圳,,2026-05-26 20:29:40
5c5be1c38469362d0XN639W4FVo~,华为java开发工程师（OD）,华为成都,10000人以上,计算机软件,本科,经验不限,"Java, 分布式技术, 服务器配置, Redis, Linux, 架构师, 计算机软件, 云计算",20-40K,深圳,,2026-05-26 20:29:40
42490dd3426b69520nB6396-FFtQ,运维工程师/DevOps 工程师,深圳某小型互联网公司,20-99人,互联网,本科,5-10年,"运维开发/DevOps, Docker, Kubernetes, 运维经验, 运维开发经验, DevOps, 云计算技术",15-30K,深圳,,2026-05-26 20:29:40
bba473facde3a89a0nV83ty8GFJX,私有云运维工程师,思特顺,100-499人,互联网,本科,5-10年,,15-20K,深圳,,2026-05-26 20:29:40
8db95a47bdb52f3d1HJ43tq1F1JV,运维工程师,深圳吉兰丁,20-99人,电气机械/器材,大专,1-3年,"物联网智能软件, 工业自动化设备, 熟悉机加工流程, 数据采集运维, 刀具监控产品的远程",8-12K,深圳,,2026-05-26 20:29:40
40f240b6346b3d9003dy39-_FFRV,风电运维工程师,深圳量云能源,1000-9999人,电力/热力/燃气/水利,大专,3-5年,"风电, 一次调频, AGC",8-13K·13薪,深圳,,2026-05-26 20:29:40
05f8e4eac8558ac90nRy09m-EVFV,运维高级工程师,优必选机器人,1000-9999人,智能硬件,本科,5-10年,,20-40K,深圳,,2026-05-26 20:29:40
6bf39456c43915b20nV52ty7EVZY,k8s运维工程师,北京某中型计算机服务公司,500-999人,计算机服务,本科,5-10年,,45-65K,深圳,,2026-05-26 20:29:40
99fcb8f55909667d1HR52N-9FVZT,现场运维工程师,Bitean,20-99人,新能源,大专,经验不限,客户现场技术运维,5-10K·13薪,深圳,,2026-05-26 20:29:40
0d4a5407e4932c8c0ndy2Nm0FFRT,运维工程师,精度创展,20-99人,广告/公关/会展,大专,经验不限,,5-6K,深圳,,2026-05-26 20:29:40
ee37cfc91b3038ce03152d-0EFdS,运维工程师,深圳曈毅,100-499人,计算机软件,大专,1年以内,"桌面运维, 网络运维, Python/Shell, 计算机相关专业, 运维经验, 网络安全相关经验",5-7K,深圳,,2026-05-26 20:29:40
6b90ba17529aff2b0nZ93t69EFNS,运维工程师,维璟云科技,0-20人,互联网,大专,1-3年,,12-13K,深圳,,2026-05-26 20:29:40
5c8f868f427161a80nd_2N65E1pS,运维技术工程师,蔚蓝电动,100-499人,其他新能源,本科,1-3年,"电子/电气/自动化相关专业, 运维经验",8-12K,深圳,,2026-05-26 20:29:40
6b5619d4f58cc8350nZy3tq5E1JS,大数据运维工程师,诚迈科技,1000-9999人,计算机服务,本科,1-3年,"CDH, 大规模离线集群运维",18-22K,深圳,,2026-05-26 20:29:40
c3e1d91a492d58330nd72965ElpR,游戏运维工程师,紫晓,100-499人,游戏,本科,3-5年,,12-20K,深圳,,2026-05-26 20:29:40
3214ad1c3d8dd7f91HBy2Nu7ElFR,设备工艺工程师,湾泰若科技,20-99人,通信/网络设备,大专,1-3年,实施交付运维,8-13K,深圳,,2026-05-26 20:30:01
8f7417614bbf41e71nVy2dW_GFpV,Linux服务节点运维与技术支持工程师,Pear,20-99人,运营商/增值服务,本科,经验不限,"自动化运维, Linux, 云计算, P2P, 网络协议",10-15K,深圳,,2026-05-26 20:30:01
da5647d9b31fa2ce0nZ-2d60ElZX,技术运维工程师,巨友通,20-99人,计算机软件,大专,3-5年,实施交付运维,12-17K,深圳,,2026-05-26 20:30:01
0b6efbd527770b4d1nZ80929GFNV,PHP工程师,麦尔思行,20-99人,计算机软件,大专,5-10年,"PHP, PHP开发经验, 架构设计经验, 大数据项目开发经验, 支付, SaaS, 云计算",15-16K,深圳,,2026-05-26 20:30:01
e67752391b4735401HNz2dy0E1dS,SLAM算法工程师,探索前源,0-20人,智能硬件/消费电子,硕士,3-5年,"C/C++, CNN/RNN/LSTM, SLAM, 业务导向/研究导向, OpenCV, 智能驾驶, 机器学习算法/工程化经验, 语音/图像识别, 深度学习经验, 云计算, 数学/统计相关专业",15-28K,深圳,,2026-05-26 20:30:01
638a9c2e77da1e751nZ_2d66FldQ,机器人应用与开发工程师,中科银狐,20-99人,仪器仪表/工业自动化,本科,1-3年,"机器人, 计算机软件, 网络协议, 云计算",8-13K,深圳,,2026-05-26 20:30:01
d309697eb2f33efa1Hdy2d60GFFQ,网络运维工程师,海域科技集团,100-499人,其他专业服务,本科,3-5年,"网络运维, 通信相关专业, 运维开发经验, 计算机相关专业, 网络安全相关经验, 运维经验, IDC机房运维",11-18K,深圳,,2026-05-26 20:30:01
378ee130b97ee7fe0nd609u0FlJW,安防运维工程师,智亿旭科技,20-99人,建筑工程咨询服务,大专,1-3年,"桌面运维, 网络运维, 系统运维, 实施交付运维, 公安与司法, 安防系统运维",7-8K,深圳,,2026-05-26 20:30:01
32711b20f9c17b4d03Jy2Ny6F1pT,网络运维工程师,网思科技,1000-9999人,计算机软件,本科,1年以内,,5-6K,深圳,,2026-05-26 20:30:01
907334d618dceab00nd509m7EFFY,高级sre工程师,嘉信恒泰,500-999人,计算机软件,本科,5-10年,,25-50K·16薪,深圳,,2026-05-26 20:30:01
12839e159ae483f21HZ_0tm7ElRS,阿里云-客户稳定性工程师CRE-上/杭/广/深,阿里巴巴集团,10000人以上,互联网,本科,3-5年,"DBA, Kubernetes, Docker, Redis, 运维经验, 运维开发经验, 计算机相关专业, 运维经验, 运维开发经验, 云计算, 数据库运维, 云原生",25-45K·18薪,深圳,,2026-05-26 20:30:01
54b1efbe91f0dcf50Hx42ti4GVE~,专有云交付平台高级研发工程师-Go,腾讯,10000人以上,互联网,本科,5-10年,"Go, 云计算",30-60K·18薪,深圳,,2026-05-26 20:30:01
f363fcc9a7c004740nV-2N61GFRT,AI运维工程师,中瑞科,100-499人,通信/网络设备,本科,5-10年,,15-30K,深圳,,2026-05-26 20:30:01
2554a7131b995cfb0nVz2Nu0F1dV,k8s运维工程师,华强方特,10000人以上,文化艺术/娱乐,本科,3-5年,"系统运维, Redis, MySQL/Oracle, Docker, Kubernetes, Nginx, 计算机相关专业, 运维经验, 大数据运维经验",15-20K,深圳,,2026-05-26 20:30:01
fbf32f379ebf907f0nZ53t69FVZT,金融系统维护工程师,深圳范联科技有限公司,20-99人,计算机软件,本科,1-3年,,9-12K·14薪,深圳,,2026-05-26 20:30:22
b9686db1188094681HBz09q8E1JS,动力定位控制算法工程师,央联电力,20-99人,人工智能,硕士,3-5年,"业务导向/研究导向, 云计算, 智能驾驶, Python, C/C++, 英文读写能力良好",25-35K,深圳,,2026-05-26 20:30:22
d01cc63abc132c080XB60ty6EFo~,运维工程师,旷云智能科技,0-20人,计算机软件,硕士,5-10年,"运维工程师, 安全运维, 网络安全, 云计算, 系统运维, IT服务, 运维监控, IT技术支持",10-13K,深圳,,2026-05-26 20:30:22
c47783891315fc770nd40ti1FVJS,it运维工程师,深圳启道科技信息,100-499人,其他专业服务,本科,3-5年,,10-15K,深圳,,2026-05-26 20:30:22
64a03a1e421a8be50nB50t-4FFRT,运维工程师,无穹创新,20-99人,智能硬件,大专,1-3年,,8-13K,深圳,,2026-05-26 20:30:22
bcd2991887969a050nB709y0F1VT,中高级运维工程师,小赢科技,100-499人,互联网,本科,3-5年,,22-26K·15薪,深圳,,2026-05-26 20:30:22
2c23bfd55116a4ad0nB40t-9GFRX,运维工程师,深圳市龙岗区晨胡...,0-20人,通信/网络设备,学历不限,1年以内,,4-9K,深圳,,2026-05-26 20:30:22
df39ba6da428211403B_3N-6E1ZW,运维工程师,汇通国信,500-999人,计算机服务,大专,3-5年,"南网, 电网",7-9K,深圳,,2026-05-26 20:30:22
ddc4181648ee26120nd90ty0GVZZ,AI 运维工程师,某大型知名互联网上市公司,10000人以上,互联网,本科,5-10年,"AI, 大模型, 智能体",25-35K·16薪,深圳,,2026-05-26 20:30:22
2052574091bd54ef0nd83Ni0E1RY,运维工程师,路特,1000-9999人,电子商务,本科,1-3年,,12-20K·15薪,深圳,,2026-05-26 20:30:22
834aed6bfd4e6d010nR90tu0EVBZ,运维工程师,平安银行,1000-9999人,互联网,本科,在校/应届,"Golang, 网络运维, Java, DBA, 系统运维, 运维开发/DevOps, Python/Shell, 计算机相关专业, IDC机房运维",13-16K·15薪,深圳,,2026-05-26 20:30:22
f1cff0602925d13d0nB63NS4GVVT,波分网络建设运维工程师,鸿云恒达,500-999人,通信/网络设备,大专,1-3年,"网络运维, 计算机相关专业, 通信相关专业",9-11K,深圳,,2026-05-26 20:30:22
e3761c900963012c03x63tq0FVJR,运维工程师,乘乘智数,100-499人,大数据,本科,5-10年,"网络运维, Elasticsearch, MySQL/Oracle, 系统运维, 运维开发/DevOps, Redis",10-15K,深圳,,2026-05-26 20:30:22
c52fcabf48becf640ndz2tW9EVpT,信息化工程师,爱为视智能科技,100-499人,计算机硬件,大专,5-10年,,13-18K,深圳,,2026-05-26 20:30:22
5c53eed83ae9066c1HRz2tm7GVZQ,ai深度学习算法工程师,笔果教育科技,100-499人,在线教育,本科,3-5年,"云计算, 搜索/推荐, Python, C/C++, 计算机相关专业, 机器学习算法/工程化经验, 深度学习经验",8-13K,深圳,,2026-05-26 20:30:42
2c4510096733fc8603Vy3960EVRX,AI运维工程师,诺龙技术,20-99人,通信/网络设备,本科,1-3年,"Java, 数据标注, 实施交付运维, 大数据运维经验, 系统运维, 定位, 计算机相关专业, 运维经验",5-6K·13薪,深圳,,2026-05-26 20:30:42
f1cf5e0bb10110460nB72921EVVV,技术运维工程师,爱华智能,100-499人,仪器仪表,本科,1-3年,"实施交付运维, MySQL/Oracle, 运维经验",8-10K,深圳,,2026-05-26 20:30:42
02baeac29147d11c0nR83t64EFNU,多模态算法工程师vla+年薪70w起（急聘）,深圳某大型智能硬件上市公司,1000-9999人,智能硬件,硕士,5-10年,"研究导向, 云计算, Python, TensorFlow/PyTorch, 计算机相关专业, 机器学习算法/工程化经验, 深度学习经验, Diffusion、GAN、Flow, 参与ACM程序设计比赛",90-120K·15薪,深圳,,2026-05-26 20:30:42
cc7e2474aa9d90600nd43dS1EVFV,冰水机组运维工程师,深圳市康众实业,0-20人,其他行业,中专/中技,经验不限,"空调工, 制冷, 电工, 冰水机",5-8K,深圳,,2026-05-26 20:30:42
4338d11155fd18b40nB439i4FVJR,高级sre运维工程师,陆控,1000-9999人,互联网金融,本科,5-10年,,15-25K·16薪,深圳,,2026-05-26 20:30:42
64ebcb432a3d795c0nVy3NW6FlBQ,ops运维工程师,某大型半导体公司,100-499人,电子/半导体/集成电路,本科,5-10年,"Java, Docker, Kubernetes, 运维开发经验, 运维经验, K8S, Springboot, springMVC, SpringCloud",40-50K·15薪,深圳,,2026-05-26 20:30:42
979eff821f4f720c0nd62NW1EVpU,运维工程师,九测科技,20-99人,智能硬件,大专,1-3年,,6-9K,深圳,,2026-05-26 20:30:42
717116bdee68a2980nB73Ni_GVZT,运维工程师,力合科创,1000-9999人,其他行业,大专,1-3年,"机电一体化, 高压电工证, 制冷作业证, 电子/电气/自动化相关专业, 动力运维, 低压电工证, IDC机房运维",7-9K,深圳,,2026-05-26 20:30:42
9b63406f037f939c1HF729u1EVVY,技术工程师,四通科技,100-499人,计算机硬件,大专,1-3年,"运维开发经验, 服务器, 机房, 计算机相关专业, IDC机房运维",9-13K,深圳,,2026-05-26 20:30:42
02869268603d176c03153Nu8FFNZ,应用运维工程师,科荣软件,100-499人,计算机软件,本科,3-5年,,12-16K,深圳,,2026-05-26 20:30:42
30f3b989cad1b0280nZ-39-7ElRR,运维工程师,深圳云译,100-499人,互联网,本科,3-5年,,10-14K,深圳,,2026-05-26 20:30:42
1f1de03f04f2bd6403R-29m9EFZX,运维工程师,西舟鲤,100-499人,互联网,本科,3-5年,"网络运维, 系统运维",10-15K·13薪,深圳,,2026-05-26 20:30:42
26bc82f0be1bd9ad0nd-2Ni4EVBT,高级sre工程师,VDX,20-99人,计算机软件,本科,5-10年,,40-50K·14薪,深圳,,2026-05-26 20:30:42
b46faddea6e1b82603d-2929FFBZ,售后运维工程师,合一智控,20-99人,人工智能,本科,1-3年,,6-9K,深圳,,2026-05-26 20:30:42
e36721de869294291nZ83N-6GVJY,JAVA开发工程师,润诚达,500-999人,智能硬件,本科,3-5年,"计算机软件, 云计算, 物联网, Web开发, 小程序, 平台APP",15-18K,深圳,,2026-05-26 20:31:02
154f328404d3de880nB50964FFFU,能源运维工程师,海博工程,1000-9999人,物业管理,本科,3-5年,,8-12K,深圳,,2026-05-26 20:31:02
454d2e556e30ba6f0nd-39y6FlJV,运维工程师,拓课云,100-499人,计算机软件,本科,3-5年,"Nginx, DBA, Docker, MySQL/Oracle, 大数据运维经验, 运维开发经验, Redis, Python/Shell, 计算机相关专业, 运维经验",25-40K,深圳,,2026-05-26 20:31:02
6b21e43f1abc9ed40nB729W5F1BZ,物流系统运维工程师,伯聚世通,20-99人,跨境物流,本科,1-3年,,7-10K,深圳,,2026-05-26 20:31:02
90091f75977b82dc0nR43di7FldQ,it运维工程师,微源半导体,100-499人,半导体/芯片,本科,经验不限,"MySQL/Oracle, 桌面运维, 计算机相关专业, 运维经验, 打印机/复印机维修经验",10-15K·13薪,深圳,,2026-05-26 20:31:02
77617f2a9bbedaf00nV-29q8GVBX,高级运维工程师,MDPI,1000-9999人,新闻/出版,本科,5-10年,,23-30K,深圳,,2026-05-26 20:31:02
08fd75263b1771c30ndz3t-8E1FR,运维工程师,宽算液冷,0-20人,计算机服务,本科,1-3年,,5-7K,深圳,,2026-05-26 20:31:02
512b48c053fbf5b81XVz09m8FlZZ,运维工程师,天锐计算机,20-99人,通信/网络设备,本科,1-3年,"存储运维, 网络交换技术, 系统运维, 机房运维, 服务器配置, 虚拟机技术, 桌面运维, 网络协议",6-10K,深圳,,2026-05-26 20:31:02
990b57c21a33c29a0nR_29i0E1RQ,AWS运维工程师,深圳火蚁数字信息技术,20-99人,互联网金融,大专,10年以上,"桌面运维, 网络运维, 系统运维, DBA, MySQL/Oracle, 计算机相关专业, 通信相关专业, 运维经验",20-30K·13薪,深圳,,2026-05-26 20:31:02
fb6e968cd09abd770nZ_0tu0EFdS,驻场运维工程师,深圳众安在线技术,100-499人,信息安全,大专,1-3年,"桌面运维, 网络运维, 计算机相关专业, 通信相关专业",6-9K,深圳,,2026-05-26 20:31:02
90fc8808df5870240ndy09S8FFBZ,运维工程师,视研智能,20-99人,智能硬件,本科,3-5年,"实施交付运维, 中间件运维, 基础架构运维工程师, 云原生运维, 私有云运维",12-15K,深圳,,2026-05-26 20:31:02
273552f067118e6503Fy39i0FFBQ,浮标运维工程师,朗诚科技,100-499人,环保,本科,1-3年,,6-8K·13薪,深圳,,2026-05-26 20:31:02
fd85d591ace4a8a00nd_39i4E1BV,crm运维工程师,海柔创新科技有限公司,1000-9999人,计算机软件,本科,3-5年,,20-35K·15薪,深圳,,2026-05-26 20:31:02
ca26a24f37ed236f0nR90920EVNS,运维工程师,华信设计,1000-9999人,通信/网络设备,大专,3-5年,,8-12K,深圳,,2026-05-26 20:31:02
31b2ce5a076b34590nRz3t65EFFX,高级控制算法工程师,思拟环保科技,0-20人,物联网,本科,5-10年,"业务导向/研究导向, 云计算, Python, TensorFlow/PyTorch, 机器学习算法/工程化经验, 英文读写能力良好, AIoT, 节能, 虚拟电厂, 储能, AIDC",30-60K,深圳,,2026-05-26 20:31:02
74175fff87247c4e0nZy09y6GVRR,云计算 & 模型API销售经理-SZ,图能科技,20-99人,云计算,大专,3-5年,,15-18K,深圳,,2026-05-26 20:35:31
27deb00ae61ce2d10nd52tu5EFRQ,云计算客户技术支持,腾讯,10000人以上,互联网,硕士,,,200-300元/天,深圳,,2026-05-26 20:35:31
8d0094afa347e8f70nd839i-FFNX,云计算项目经理（海外常驻）,灵雀云,100-499人,计算机软件,本科,5-10年,,15-30K,深圳,,2026-05-26 20:35:31
ac1205a8ce7542970ndz09u-FFJU,云计算技术支持专家（MaaS方向）-火山引擎,字节跳动,10000人以上,互联网,本科,1-3年,"售前/售后技术支持, 售后支持/客户响应经验, maas",25-50K·18薪,深圳,,2026-05-26 20:35:52
ee24ca7a94d406c30nd_2Nu4ElFV,AI 技术交付工程师,杭州瀚云动力技术,0-20人,云计算,本科,1-3年,"实施交付运维, Python/Shell, Ansible/Salt/Puppet, Docker, Kubernetes, 计算机相关专业, 通信相关专业, 运维经验",15-20K·13薪,深圳,,2026-05-26 20:35:52
119379045525abb11Xx52du7EFBS,项目交付工程师,博睿互联,0-20人,通信/网络设备,本科,1-3年,"实施交付运维, HICP/HCIE",10-15K,深圳,,2026-05-26 20:36:14
7828fe4702c9ee2c0nB53Nu-EFRR,高级基础架构工程师,芯思杰,100-499人,半导体/芯片,大专,10年以上,,18-25K,深圳,,2026-05-26 20:36:14
023ee2e266f90d460nB729u1GFpR,高级虚拟化运维工程师,乐信集团,1000-9999人,互联网金融,本科,5-10年,,30-40K·15薪,深圳,,2026-05-26 20:36:14
a499cee74e12a8900nVy2dW1E1pS,存储运维工程师,天行物联,20-99人,计算机硬件,大专,3-5年,"HPE存储    EMC存储, 网络安全相关经验, 运维经验",8-13K,深圳,,2026-05-26 20:36:14
60f15a771e57819403d63du8FlJQ,运维工程师,明晟通信,20-99人,通信/网络设备,大专,经验不限,"网络运维, 通信相关专业, 系统运维, 桌面运维, 计算机相关专业, 电子/电气/自动化相关专业, 运维经验, IDC机房运维",5-8K·13薪,深圳,,2026-05-26 20:36:36
29e6ea51def701180nVz39W7FVVQ,系统运维工程师,锐金智能,20-99人,消费电子,大专,10年以上,,7-11K,深圳,,2026-05-26 20:36:36
9a342fc89db4089003F639S7E1BZ,运维工程师,广东国科城市大脑科技,20-99人,计算机软件,本科,1-3年,"网络运维, Java, 通信相关专业, 系统运维, 计算机相关专业, 电子/电气/自动化相关专业, 运维经验, IDC机房运维",6-9K,深圳,,2026-05-26 20:36:36
f670c868daf68dd30nZ62ty9F1JS,EMS算法工程师,深圳市德兰明海新能源,1000-9999人,储能,本科,5-10年,"图像算法, 深度学习, 算法工程化经验, BMS, EMS, MATLAB, 嵌入式开发, 优秀开源项目经历, VPP/动态电价, 发表算法相关优秀论文, C/C++, 机器学习, 强化学习, 参加算法相关竞赛/获奖, 模型加速/性能优化, Python, 储能, 云计算",30-50K,深圳,,2026-05-26 20:36:36
8373d282f85fe9160nZ-09u1E1VS,迅雷游戏分析工程师,迅雷,500-999人,互联网,大专,1-3年,"网络运维, 系统运维, 运维开发经验, 计算机相关专业, 网络安全相关经验, 运维经验",10-12K,深圳,,2026-05-26 20:36:57
15cbc7b3483a137a0nR43dy-FVZS,硬件运维工程师,誉托科技,100-499人,互联网,本科,1-3年,,6-8K,深圳,,2026-05-26 20:36:57
b4ec4a869aa381d20nZ70tW_FFBT,AI运维工程师,弘量科技,100-499人,互联网金融,本科,3-5年,,15-25K,深圳,,2026-05-26 20:36:57
962821f60ca23e260nd52d-_FFZQ,容器运维工程师,豪鹏集团,1000-9999人,其他新能源,本科,5-10年,,20-25K,深圳,,2026-05-26 20:36:57
77f18db71af631730nB729y-GFFY,机器学习平台 SRE 工程师,月之暗面,100-499人,互联网,本科,3-5年,,25-50K·16薪,深圳,,2026-05-26 20:37:16
07fad6ac81a5fb631n1y3dS_GVFW,高级AI工程师,沃思通,20-99人,智能硬件/消费电子,博士,5-10年,"Golang, 搜索算法, 机器学习算法, 算法工程化经验, 自然语言处理算法, GBDT, MATLAB, 优秀开源项目经历, CNN/RNN/LSTM, 数据开发, 生物医疗, PyTorch, 机器学习, 机器学习算法/工程化经验, 强化学习, Python, 模型加速/性能优化, 云计算, TensorFlow, Java, 英文读写能力良好, 图像算法, 分布式训练, Hadoop, 多模态算法, 大模型算法, 计算机相关专业, 深度学习算法, 发表算法相关优秀论文, TensorFlow/PyTorch, 搜索/推荐, 参加算法相关竞赛/获奖, 大数据处理工具(Spark/Hadoop/Hive)",40-50K,深圳,,2026-05-26 20:37:16
3943cdb2158689021nZ42t-5F1tY,高级PE工程师,钧捷智能,100-499人,汽车零部件,大专,5-10年,"车载领域, CAD, 电子组装, 汽车零部件",10-14K,深圳,,2026-05-26 20:37:16
529162c0c676c3060nR92Ni_FldV,具身智能算法工程师（VLA）,深圳某中型智能硬件公司,100-499人,智能硬件,硕士,经验不限,"业务导向/研究导向, 云计算, C/C++, 计算机相关专业, 机器学习算法/工程化经验, VLA, 多模态（VLMs, LLMs）, 强化学习（PPO、SAC）, 模仿学习（BC、GAIL）, 模仿学习",60-90K·15薪,深圳,,2026-05-26 20:37:16
8da7a14cb4f738d303B92N67ElRT,高级网络运维工程师,拓竹科技,1000-9999人,智能硬件,本科,5-10年,,25-50K·15薪,深圳,,2026-05-26 20:37:37
12d2fa220e6476b70nB60t27FlFV,运维工程师,中电金信,10000人以上,计算机软件,本科,3-5年,"Python/Shell, Ansible/Salt/Puppet, Docker, Kubernetes, SRE",10-12K,深圳,,2026-05-26 20:37:37
d1feb7caa93094e01HZ-2Ny_FFRT,机房运维工程师,深圳市乾瀚元,0-20人,计算机硬件,大专,1-3年,"通信相关专业, 大数据运维经验, 电子/电气/自动化相关专业, 运维经验",5-6K,深圳,,2026-05-26 20:37:37
b38e9cccc593a4e90nVz2dW0FVpR,运维工程师,深圳陨铁管理咨询...,0-20人,咨询,大专,1-3年,,9-11K,深圳,,2026-05-26 20:37:37
542708d5e07e6c850nd_2tW1F1pT,电力 AMI 工程师,讯拓科技,0-20人,计算机软件,本科,5-10年,,15-18K,深圳,,2026-05-26 20:37:37
3beb74e4e8c2664f0nB72dm6E1pY,运维工程师,北京人外人科技,20-99人,互联网,本科,经验不限,,20-40K,深圳,,2026-05-26 20:37:37
8274e74f589b7e5b0nd43N2_FltR,维护工程师,深圳市云港科技,100-499人,互联网金融,本科,1-3年,,12-15K·14薪,深圳,,2026-05-26 20:37:59
f071986d981fd9450nZ63tS_GVVT,运维工程师,深圳艾维乐游科技,100-499人,游戏,本科,3-5年,"系统运维, 运维开发经验, 运维经验",15-30K·15薪,深圳,,2026-05-26 20:37:59
622b650f65ca29170nB73dm1F1ZU,网络运维工程师,巴德网络,20-99人,广告营销,本科,3-5年,"Shell, 网络交换技术, 机房运维, 自动化运维, 网络协议, CCNP证书, Python, Zabbix",10-15K,深圳,,2026-05-26 20:37:59
47f3b96898944c960nB63tu-EVpQ,运维工程师兼C++工程师,泊松软件,500-999人,计算机软件,本科,1-3年,运维开发/DevOps,20-30K,深圳,,2026-05-26 20:37:59
3ac190816b9347d41nd63di9FVdT,Golang开发工程师,即刻雾联,20-99人,互联网,本科,3-5年,"Shell, 数据结构, 网络协议, 算法基础, 后端开发, 架构师, 云计算",20-30K·13薪,深圳,,2026-05-26 20:38:20
e13518da639b95730nd62tm8GVdQ,运维工程师,京北方,10000人以上,互联网金融,本科,1-3年,,8-12K,深圳,,2026-05-26 20:38:20
aecc0ccee4729a2503J42ty5GFVQ,系统运维工程师,Beyond Power,100-499人,智能硬件/消费电子,本科,1年以内,"网络运维, MySQL/Oracle, Docker, 系统运维, Kubernetes",8-12K,深圳,,2026-05-26 20:38:20
9d2377e64056a74b0nd_39u5FVBS,云计算技术经理,阿里云,10000人以上,互联网,学历不限,在校/应届,,20-40K,深圳,,2026-05-26 20:42:27
d8fcfefc02b2b1360nB439y1FlNZ,初级算力交付工程师,芯大通,100-499人,半导体/芯片,本科,1-3年,,12-20K,深圳,,2026-05-26 20:43:11
aa9bdb19fdc215bb0nB639y_GVJQ,基础设施运维工程师,深圳某中型保险公司,100-499人,保险,本科,3-5年,,15-25K·13薪,深圳,,2026-05-26 20:43:11
8b5679f6968a05a80nZ43tW-ElBZ,平台运维工程师,北京浮点跃迁科技,0-20人,互联网,本科,经验不限,,12-20K,深圳,,2026-05-26 20:43:11
5a55e6cb7070e57f0nB43tq8FltT,茶饮设备运维工程师,浩方集团,100-499人,互联网,大专,经验不限,,8-13K,深圳,,2026-05-26 20:43:31
a301d5d877436b1d0ndz2t-1ElBR,软件测试工程师（移动端 APP）,以太芯智科技,20-99人,人工智能,本科,3-5年,"压力测试, 渗透测试, 自动化测试, 性能测试, 功能测试, 计算机相关专业, 测试工作经验, iOS/Android测试经验, 自动化测试经验, AI, 区块链, VM, 云计算",15-20K,深圳,,2026-05-26 20:43:31
9e0f6aa312738f241HBz2t-0GVA~,云计算后台开发工程师,汇智仁兴,0-20人,企业服务,本科,1-3年,"C/C++, Linux, 后端开发",20-35K,深圳,,2026-05-26 20:43:31
619528b721923c190nNy2Ni9EVE~,容器云平台工程师,腾乐科技,500-999人,大数据,本科,5-10年,"Java, 容器技术, Node.js, Linux, 云计算, golang",30-60K·14薪,深圳,,2026-05-26 20:43:31
26d1ad088718a6b60nZ92ty-FVZY,机房运维工程师,广和诚,20-99人,计算机服务,大专,1-3年,"电子/电气/自动化相关专业, IDC机房运维",7-9K,深圳,,2026-05-26 20:43:31
550d4472413540741Hd_3N67GFFQ,售后工程师,韵腾激光,100-499人,自动化设备,学历不限,经验不限,"玻璃切割, 激光设备, 激光钻孔",10-14K,深圳,,2026-05-26 20:43:31
ab4a2baffa2e408e03J53dW7F1pZ,解决方案工程师,快猫星云,20-99人,互联网,本科,3-5年,"计算机/通信相关专业, 可观测, 监控, 云计算",20-35K·14薪,深圳,,2026-05-26 20:43:52
de166c75dc41fb2a3n142dW9F1Y~,助理产品经理/助理开发工程师/助理项目经理,黑洞空间科技,0-20人,计算机软件,大专,,"云计算, 物联网",10-20元/天,深圳,,2026-05-26 20:43:52
8adb2425e9a175a80nB63tW7EltR,基础设施运维工程师,广州影子科技,100-499人,互联网,本科,5-10年,"网络运维, 系统运维, IDC机房运维, Python/Shell, Ansible/Salt/Puppet",20-35K·13薪,深圳,,2026-05-26 20:43:52
0f7c3b40429c64a30ndy0961FVtY,运维工程师,中科曙光,1000-9999人,互联网,大专,3-5年,,8-13K,深圳,,2026-05-26 20:44:13
60c3dd413851e0be0nd-29i_E1VQ,中高级运维工程师,极光矩阵科技有限公司,100-499人,互联网,大专,5-10年,,20-35K·14薪,深圳,,2026-05-26 20:44:13
411f352afa2d47221X1_2NS8EVpU,运维工程师,盛视科技股份有限公司,500-999人,智能硬件,大专,经验不限,"网络安全相关经验, 安防系统, 计算机网络系统, 项目现场, 硬件, 安装",5-6K,深圳,,2026-05-26 20:44:13
6703c58710a124fe0nB429i8EVBS,运维工程师,软盟技术,100-499人,互联网,大专,3-5年,"网络运维, 系统运维, 运维开发/DevOps, DBA, Java, Python/Shell, Ansible/Salt/Puppet, Redis, Docker, 计算机相关专业, 电子/电气/自动化相关专业, 运维经验, 运维开发经验, 大数据运维经验",13-16K,深圳,,2026-05-26 20:44:13
21f71aa4aecbdb1c0nd53tu8GFFV,运维工程师,某大型知名计算机软件公司,10000人以上,计算机软件,本科,3-5年,"系统运维, Python/Shell, Kubernetes, Docker, Ansible/Salt/Puppet, MySQL/Oracle, 计算机相关专业, 通信相关专业, 运维经验, 可观测, 云原生",25-35K·15薪,深圳,,2026-05-26 20:44:34
e0d7b856f584d92f1Hx-39y0E1dT,python运维工程师,得时智能,20-99人,计算机软件,学历不限,1年以内,"网络运维, Nginx, MySQL/Oracle, 系统运维, 运维开发/DevOps, 运维开发经验, Python/Shell, 计算机相关专业",5-7K,深圳,,2026-05-26 20:44:55
290d30846fc323760nB52ti0GVRY,系统运维工程师,源广讯达,100-499人,计算机软件,大专,5-10年,"系统运维, IDC机房运维, 计算机相关专业, 运维经验, 电子/电气/自动化相关专业",13-15K,深圳,,2026-05-26 20:44:55
840c9a1927cc925a1nZy2966FlZQ,地球物理正反演算法工程师,地下空间及能源研究院,20-99人,政府/公共事业,本科,3-5年,"Matlab, 大数据, 物联网, 描述统计, 聚类分析, 人工智能, 云计算",15-20K,深圳,,2026-05-26 20:44:55
b8f019a0434c789f0nd73NS4FlNS,运维工程师,TP-LINK,1000-9999人,通信/网络设备,本科,1-3年,"网络运维, 系统运维, 桌面运维",15-20K,深圳,,2026-05-26 20:44:55
52999fc03e35b1710nd_2N68EFJQ,运维工程师,华秋电子,1000-9999人,半导体/芯片,本科,5-10年,"网络运维, Nginx, 容器化与自动化, 负载均衡/反向代理, 数据库与中间件运维, 运维开发/DevOps, Linux系统管理, 计算机相关专业, 网络安全相关经验, 运维经验, 监控与日志系统, MySQL/Oracle, Elasticsearch, 大数据运维经验, 系统运维, 运维开发经验, IDC机房运维, Kubernetes",16-25K,深圳,,2026-05-26 20:45:15
4c1b46a753e04dfa1HRy29i-FFFV,环保工程师,富智环保,100-499人,环保,本科,经验不限,系统运维,6-10K·13薪,深圳,,2026-05-26 20:45:15
c467262ce6331eac0ndy3N-_FVBT,ai运维工程师,某中型互联网公司,500-999人,互联网,本科,3-5年,"系统运维, 系统稳定性, SRE运维, 云原生",20-40K·16薪,深圳,,2026-05-26 20:45:15
105efdc8828cbae71XZ629u6E1ZY,运维工程师,睿服科技,1000-9999人,计算机软件,本科,3-5年,"实施交付运维, MySQL/Oracle, Linux, 大数据运维经验, 系统运维, Python/Shell, 计算机相关专业, 应用系统运维, 云平台",12-16K,深圳,,2026-05-26 20:45:15
d6e56e0e50cf7ff40nZ929y1ElpY,运维工程师,某大型培训公司,100-499人,培训/辅导机构,本科,经验不限,"网络运维, 运维开发/DevOps, DBA, Kubernetes, Docker, Redis, 计算机相关专业, 电子/电气/自动化相关专业, 运维经验, 网络安全相关经验",25-40K,深圳,,2026-05-26 20:45:37
eb81cb99127fbee80nRz0ty_GFtU,云计算工程师（驻场）,新华三技术有限公司,10000人以上,计算机软件,本科,3-5年,"运维开发/DevOps, 实施交付运维, 网络运维, Kubernetes, Python/Shell, Golang, Docker, 计算机相关专业, 电子/电气/自动化相关专业, 运维开发经验, 网络安全相关经验, CCIE, HCIE, 路由器, 网络架构",20-27K,深圳,,2026-05-26 20:50:47
4d15b6853ef9c5470nd929u-ElNR,视觉算法工程师（多模态大模型）深、沪,深圳某大型智能硬件公司,10000人以上,智能硬件,硕士,3-5年,"有国际期刊/会议论文发表, 业务导向/研究导向, 计算机相关专业, MATLAB, 深度学习经验, CNN/RNN/LSTM, 智能营销/广告, OpenCV, 智能驾驶, 机器学习算法/工程化经验, TensorFlow/PyTorch, 搜索/推荐, 语音/图像识别, 数学/统计相关专业, Python, 云计算",50-80K,深圳,,2026-05-26 20:51:51
41d1c5c336521be61XN72t21GFRW,驻点运维工程师,华方信息,20-99人,计算机服务,大专,经验不限,"IT技术支持, 运维工程师, 桌面运维",4-7K,深圳,,2026-05-26 20:52:13
c90806934f3b0ec61XJ-3N6-FVpS,安防工程师,众云信息科技有限公司,20-99人,大数据,大专,5-10年,系统运维,7-12K,深圳,,2026-05-26 20:52:13
5173e59ef13a441d0nZ629m5FltU,AI运维工程师,快金数据,100-499人,大数据,本科,3-5年,,20-30K,深圳,,2026-05-26 20:52:34
dec067a65004b17f0nd70928E1pV,资深运维工程师,某互联网公司,20-99人,互联网,本科,5-10年,,40-60K,深圳,,2026-05-26 20:52:34
9176b902859f40320ndy2dS0FFNS,高级桌面运维工程师,TP-Link,10000人以上,通信/网络设备,本科,经验不限,,18-30K·16薪,深圳,,2026-05-26 20:53:15
aa200f01f8236aae0nd80tW9GFFY,运维工程师,北京中利恒优科技,500-999人,电子商务,本科,1-3年,,8-10K,深圳,,2026-05-26 20:53:15
1d13c1377caba1bd0nR83N60EFtV,应用运维工程师,盈立数智,100-499人,互联网金融,本科,经验不限,,15-25K,深圳,,2026-05-26 20:53:35
6bab45f91ffee8810nB63Ny4E1RV,运维工程师,深圳启疆科技,100-499人,电子商务,本科,5-10年,,12-20K,深圳,,2026-05-26 20:53:35
ff107eaf9820942b0nZz2dW-FlRS,系统运维工程师,深圳华资数智科技,20-99人,计算机软件,本科,5-10年,"Nginx, Elasticsearch, Docker, 系统运维, Python/Shell, 计算机相关专业, 运维经验, Kubernetes",15-25K,深圳,,2026-05-26 20:53:57
6770128760a34a2b0nB63d24F1BQ,IT运维工程师,北京诺亦腾机器人科技,20-99人,人工智能,本科,3-5年,"计算机相关专业, 运维经验, 运维开发经验",15-25K,深圳,,2026-05-26 20:53:57
4cb62e4313db39840nZ93dy_ElVT,云计算开发工程师,华为云计算,10000人以上,互联网,本科,,,200-400元/天,深圳,,2026-05-26 20:58:05
b0b7c949a2f32ee40nR_2Nu1GVJU,k8s运维工程师,深圳安信智科安防科技,20-99人,计算机/通信/其他电子设备,本科,5-10年,网络运维,20-40K,深圳,,2026-05-26 20:58:48
2ff440556601aaa10nd-0tS7FFVV,云平台运维工程师,乔安,1000-9999人,计算机软件,本科,3-5年,"运维开发/DevOps, 系统运维, 网络运维, Redis, Java, MySQL/Oracle, Docker, Kubernetes, 运维开发经验, 运维经验, 云平台",9-14K·14薪,深圳,,2026-05-26 20:59:09
f1e1428445d655cf0ndy3NS1F1ZW,业务运维工程师,协创数据,1000-9999人,互联网,本科,3-5年,"SOC, IaaS, SaaS, PaaS",12-18K,深圳,,2026-05-26 21:00:13
16315f0e7f479c51331539i7GFE~,工程师,语路科技,100-499人,智能硬件,本科,5-10年,"服务器配置, 计算机软件, 视觉图像算法, Windows, 深度学习算法, 人脸识别, 大数据, 云计算",10-15K,深圳,,2026-05-26 21:00:56
08d15c367e6c4a4803R42tu7E1JV,音视频运维工程师,深圳市鸿哲智能系...,20-99人,智能硬件,大专,1-3年,"通信相关专业, 系统运维, 桌面运维, 计算机相关专业",6-9K,深圳,,2026-05-26 21:01:17
0dac88a715c9b6c31HZ63t29FFdS,运维工程师,深圳市恒金网络科技,20-99人,计算机软件,本科,经验不限,"网络运维, Nginx, Docker, 系统运维, Python/Shell",10-15K·13薪,深圳,,2026-05-26 21:01:17
e3602e87e5ae4c191HR609-5F1dV,云计算,嘉环科技股份有限公司,10000人以上,通信/网络设备,大专,1-3年,"私有云, HCIE&HCIP, 存储存储存储",11-19K,深圳,,2026-05-26 21:06:26
9c8b1d4a1693db7d0nRz29S_FlRX,云计算,中科软,10000人以上,计算机软件,本科,3-5年,,15-18K,深圳,,2026-05-26 21:06:46
902421b2dc978bb303d62N67FVZW,云计算行业大客户销售,某大型国际互联网科技公司,10000人以上,互联网,本科,经验不限,"企业, 企业服务",30-60K·20薪,深圳,,2026-05-26 21:06:46
ddfc1b92673c61eb1nF-2Nu5FFVR,运维工程师,森玛工业设备有限公司,0-20人,物流/仓储,高中,3-5年,机房运维,8-9K,深圳,,2026-05-26 21:07:50
a7fb0c23f99539c80nZ82du1FlVR,运维工程师,卡儿酷,1000-9999人,进出口贸易,本科,1-3年,运维经验,13-17K,深圳,,2026-05-26 21:08:12
ae18aa8747c469ef0HR53Nm9ElM~,网络安全工程师,深圳蓝港,100-499人,游戏,大专,1-3年,"安全运维, 网络运维, 系统运维, 网络协议, 运维通信资格证书, 网络安全, 网络设备, 云计算",8-9K·13薪,深圳,,2026-05-26 21:08:12
a3dbfbd334b2fd1a0nd40tu8EVRV,高级运维工程师,极视角,100-499人,计算机软件,大专,10年以上,,18-25K,深圳,,2026-05-26 21:08:12
cc110ab52a26ac850nd83Nu8FVNQ,网络运维工程师,汝原,100-499人,智能硬件,本科,3-5年,"网络运维, IDC机房运维, Python/Shell, Nginx, 计算机相关专业, 通信相关专业, 运维经验, 运维开发经验, 网络安全相关经验",18-35K·15薪,深圳,,2026-05-26 21:08:33
7b9d788f6d3f115003Z_3d29FlZX,全栈开发工程师 （C#）,普瑞伟略,0-20人,计算机服务,本科,3-5年,"ASP.NET, C#, SQL Server, Python, C#开发经验, 中大型项目开发经验, .NET开发经验, RESTful Web API, AWS, 云计算",10-14K·13薪,深圳,,2026-05-26 21:08:33
0535b7806731db390ndy39m8GVtU,运维工程师,星屹鸿言,20-99人,计算机软件,本科,3-5年,,8-10K,深圳,,2026-05-26 21:08:33
e32dcb425d2ad8cd0nB52t21ElZT,AI售后运维工程师,忆享科技,1000-9999人,互联网,大专,3-5年,"系统运维, Python/Shell, WorkBuddy, vibe coding, AI解决方案",15-20K,深圳,,2026-05-26 21:08:55
a6abb255bcb71b2c0nB62Ny5FFZV,运维工程师,HOWUSN,500-999人,电子商务,大专,3-5年,"网络运维, 系统运维, 桌面运维, Redis, Python/Shell",13-20K,深圳,,2026-05-26 21:08:55
e3a35fef482892810nB73Nm_E1BV,实施工程师,金证股份,1000-9999人,计算机软件,本科,1-3年,,13-18K,深圳,,2026-05-26 21:09:36
d5b538fbacda90291H173d21GFZV,运维工程师,深圳城安软通达科技,20-99人,工程施工,大专,1-3年,"网络运维, 实施交付运维, 计算机相关专业, 通信相关专业, 电子/电气/自动化相关专业, 网络安全相关经验, 打印机/复印机维修经验",5-8K,深圳,,2026-05-26 21:09:36
de2e868053f726591XV629q_FlM~,运维工程师,深圳力豪,20-99人,信息安全,大专,1-3年,"网络运维, 运维开发/DevOps, 实施交付运维, MySQL/Oracle, 计算机相关专业, 网络安全相关经验",9-12K,深圳,,2026-05-26 21:09:36
4d696c26f037d9c50nB63NW1GVdV,运维工程师,银海互动,20-99人,互联网,本科,5-10年,"大数据运维经验, 系统运维, 网络安全相关经验",30-35K·13薪,深圳,,2026-05-26 21:09:36
fc44bb0be23fb13303Z93N65FFVW,运维工程师,RSQGJSM,20-99人,电子商务,大专,1-3年,,6-9K,深圳,,2026-05-26 21:09:36
99287051c5e97b440nB72t-6EFFY,云计算架构师,卓驭,1000-9999人,人工智能,本科,5-10年,"微服务架构, 容器技术, 分布式技术",40-70K·15薪,深圳,,2026-05-26 21:15:04
c6958ca552ff8dc20nVy3t-0EVRS,GPU服务器运维工程师,深圳市佰内科技,20-99人,计算机硬件,大专,3-5年,"高算力, H100, GPU服务器, H200",9-14K,深圳,,2026-05-26 21:15:26
a549cd5ce0d549b50nB-2dq6EFVS,售前工程师（base香港）,云宏信息,100-499人,计算机软件,本科,5-10年,"计算机/通信相关专业, 售前技术支持经验, 招投标经验, 英语可沟通, 解决方案, 售前技术支持, 云计算, 超融合, 虚拟化",25-30K,深圳,,2026-05-26 21:15:47
45e58b7c9e60d2750nB53Ni0GFNR,Google运维工程师,名扬科技,500-999人,计算机软件,本科,5-10年,"实施交付运维, 系统运维, Python/Shell, Golang, 运维经验, Google运维",11-22K,深圳,,2026-05-26 21:15:47
8baf50330db56f4e0nZ-29u9EFZX,中级网络运维工程师,海目星激光,1000-9999人,专用设备,大专,5-10年,,15-17K,深圳,,2026-05-26 21:16:29
3b8bc469e589ff3d0nZ_3NS8EFBX,H82141岗运维工程师,武汉佰钧成技术,1000-9999人,计算机软件,本科,3-5年,"系统运维, 实施交付运维, Python/Shell, 运维经验, 网络安全相关经验",9-14K,深圳,,2026-05-26 21:16:29
fb83f6271470f7c90nV73N67ElFS,交付工程师,国安信息科技,100-499人,计算机软件,本科,5-10年,"实施交付运维, Docker, 系统运维, Python/Shell, 计算机相关专业, 运维经验, Kubernetes",13-16K,深圳,,2026-05-26 21:17:12
f913f83a412276260nZ-2t-9FlFY,mes运维工程师,长盈精密,10000人以上,金属制品,大专,1-3年,,9-13K,深圳,,2026-05-26 21:17:33
0c3b4791d6eb75100ndz2tu5GFpT,网络工程师,深圳思特顺科技,100-499人,计算机软件,大专,3-5年,"网络运维, 通信相关专业, 计算机相关专业",10-15K,深圳,,2026-05-26 21:17:33
018d90e8b1f36a840ndy39m6F1ZU,运维工程师,树米科技,20-99人,通信/网络设备,本科,5-10年,"网络运维, IDC机房运维, 实施交付运维, 计算机相关专业, 通信相关专业, 电子/电气/自动化相关专业, 运维经验, 网络安全相关经验, 机房部署, 加密机, 全链路, 防火墙, 自动化运维",12-18K,深圳,,2026-05-26 21:17:55
0302bf5279d8a4741XN52t2-EFdS,云计算网络工程师,富途,1000-9999人,互联网,本科,3-5年,"Python, 网络运维, TCP/IP, 云计算",28-35K·14薪,深圳,,2026-05-26 21:22:47
f3a190670321a3540nd_29i_GFZV,云平台运维工程师,乔安,1000-9999人,计算机软件,本科,3-5年,"Golang, 华为/腾讯/AWS, 云平台运维, MySQL/Oracle, Docker, K8s, 运维开发/DevOps, 运维开发经验, 自动化运维, 云服务实战经验, Python/Shell",10-15K·14薪,深圳,,2026-05-26 21:23:08
1b8264fc6d6f46250nZ539i9EFBV,运维工程师,深圳边缘脉冲信息科技,100-499人,云计算,大专,3-5年,,10-15K·14薪,深圳,,2026-05-26 21:23:51
00d212398febaa660nB42Nu0E1BZ,游戏服务器运维工程师,诚优科技,100-499人,互联网,大专,3-5年,"K8S, 游戏运维, 游戏, 棋牌, 运维经验",12-20K,深圳,,2026-05-26 21:23:51
5c3492cf4477badc1Xxz2Ny-FlJW,运维开发工程师,互邦信息集团,0-20人,计算机软件,学历不限,经验不限,"桌面运维, 网络运维, 系统运维",7-12K,深圳,,2026-05-26 21:24:12
5005146253c5dee90nZz3di5E1dW,运维工程师,深圳市晶澜视界科技,0-20人,计算机/通信/其他电子设备,大专,1-3年,电子/电气/自动化相关专业,8-10K,深圳,,2026-05-26 21:24:33
74bf5046052e3fd40nB50t2_FlNZ,云手机运维工程师,深圳玛里纳斯信息科技,20-99人,计算机软件,大专,1年以内,"网络运维, Python/Shell, 运维开发经验, 云手机, 海外",8-13K,深圳,,2026-05-26 21:24:33
753bef595a87cc870nRz2t-6EFdQ,高级sre工程师,朵风科技,100-499人,人工智能,本科,3-5年,"网络运维, 系统运维, IDC机房运维, 运维开发/DevOps, Java, MySQL/Oracle, 计算机相关专业, 通信相关专业, 运维开发经验, 网络安全相关经验",20-30K,深圳,,2026-05-26 21:24:33
fb6146ebdb3300480nZ-09-1EFBS,运维服务工程师,谱育科技,1000-9999人,仪器仪表,本科,1-3年,,6-7K·16薪,深圳,,2026-05-26 21:25:13
96c2c339db826c100nZy2NS1F1dX,aws运维工程师,PatPat,500-999人,电子商务,本科,5-10年,"计算机相关专业, 运维开发经验, 运维经验, 大数据运维经验",15-25K,深圳,,2026-05-26 21:25:13
d52253a38fe56b660nB429S8EVtY,初级运维工程师,亮亮欣控股,100-499人,电子商务,本科,1-3年,,6-8K,深圳,,2026-05-26 21:31:48
3039623e168bb67b0nZy39i-FFdR,Openclaw 运维工程师,优派曼,20-99人,进出口贸易,本科,1-3年,,7-10K,深圳,,2026-05-26 21:32:30
c365e63f4accbedc03xz3t60E1RQ,IT运维工程师,飞思仪表,20-99人,仪器仪表,本科,3-5年,"网络运维, 系统运维, Python/Shell, 计算机相关专业, 运维经验, IDC机房运维",10-12K,深圳,,2026-05-26 21:32:51
dda51195ffb2fc221HN92924F1FQ,运维工程师,深圳恒好,20-99人,其他制造业,大专,1-3年,"网络运维, Java, 系统运维, 计算机相关专业, 运维经验",5-10K,深圳,,2026-05-26 21:33:35
e9a62c1f42c718480nV80tW4EFdX,基础运维工程师,卡牛科技,100-499人,移动互联网,本科,1-3年,"桌面运维, 计算机相关专业",7-9K,深圳,,2026-05-26 21:33:35
764e1c8aab7a97690nV92dm-EFZZ,AI平台工程师,明心数智,100-499人,大数据,本科,5-10年,"云计算, 云部署, AI应用开发, 大模型开发",30-50K,深圳,,2026-05-26 21:39:08
6f2fb6ee7f8c782c03F_39u5EFJQ,物联网运维工程师,广东国科城市大脑科技,20-99人,计算机软件,本科,3-5年,"运维开发经验, 物联网, 智慧城市, 运维经验, 化工/能源/制造行业",7-12K,深圳,,2026-05-26 21:39:50
2e091009b7d381180nV63d-7GFBT,交易运营工程师,茂源量化,100-499人,基金,本科,3-5年,,15-30K·15薪,深圳,,2026-05-26 21:39:50
cde4b09a7c9407e40nZy3tq8FltR,AWS运维工程师,速境生活科技,100-499人,智能硬件,本科,5-10年,"Docker, 系统运维, 运维开发/DevOps, 运维经验, AWS",15-30K·15薪,深圳,,2026-05-26 21:40:11
fe9614b6033fec8303x_2dm-FFtV,高级运维工程师,和生创新技术,500-999人,智能硬件,本科,5-10年,,20-30K,深圳,,2026-05-26 21:40:33
f96f2cfa3f4c4b890nd-2dq_E1FQ,运维工程师,货拉拉科技,10000人以上,互联网,本科,经验不限,"Docker, 运维经验, IDC机房运维",15-19K·13薪,深圳,,2026-05-26 21:40:52
402a50ae7e24091303J939u7ElJS,系统运维工程师,德鼎信达,0-20人,运营商/增值服务,大专,1-3年,"网络运维, 通信相关专业, MySQL/Oracle, 系统运维, 英语四级, 短信息, 通信行业, 桌面运维, 计算机相关专业, 运维经验",8-13K,深圳,,2026-05-26 21:40:52
61b3011828e8caf10nB63Ni6FlVW,交付工程师,赛特智能,100-499人,自动化设备,大专,1-3年,,6-8K,深圳,,2026-05-26 21:45:43
9917df6675a871240nR929W9FFRV,云服务器运维工程师,朗强科技,100-499人,智能硬件,本科,3-5年,,10-15K,深圳,,2026-05-26 21:46:03
f636017679da12cf0nd8292_ElRT,运维工程师-26届,领星,1000-9999人,计算机软件,本科,在校/应届,,15-20K·14薪,深圳,,2026-05-26 21:46:24
d42f5074b26d20860nB42Nu7F1JQ,游戏服务器运维工程师,诚优科技,100-499人,互联网,大专,3-5年,,12-18K,深圳,,2026-05-26 21:46:45
357656bacad813900nZ52dW8F1ZQ,现场运维工程师 深圳,猫眼微影,100-499人,互联网,本科,3-5年,,6-10K·13薪,深圳,,2026-05-26 21:48:09
65105ad91eea2a430nd82NS8GVRR,资深运维/DBA 工程师,深圳聚跃互动科技,100-499人,游戏,大专,1-3年,DBA,30-50K,深圳,,2026-05-26 21:54:21
a7505576051a92cc0nB4292-EVZT,计算运维驻场支持工程师,嘉和众拓,1000-9999人,通信/网络设备,本科,1-3年,,12-16K,深圳,,2026-05-26 21:54:21
3b688495d655fe6c1HB63dm5EVRT,移动机器人算法工程师,凯之成,20-99人,智能硬件/消费电子,本科,1-3年,"C/C++, R, 机器人, 导航, 智能驾驶, 机器学习算法/工程化经验, TensorFlow/PyTorch, Hadoop/Hive/Spark, 深度学习经验, 业务导向, 云计算, 路径规划",25-50K,深圳,,2026-05-26 21:54:41
abaf1e33b1faa84b0nB42Nm8GVRR,系统运维工程师,中电金信,10000人以上,计算机软件,本科,3-5年,"系统运维, 计算机相关专业, 通信相关专业, 运维经验, 运维开发经验, 云运维, 阿里云, K8S, 腾讯云, 华为云",14-18K,深圳,,2026-05-26 21:55:02
4daee1613e754e010nB52tm0FVRS,运维工程师,衡泰技术,1000-9999人,计算机软件,本科,3-5年,"系统运维, 运维经验, IDC机房运维",12-14K,深圳,,2026-05-26 21:55:25
1d5cc959b56cb3ab0ndz3d68GFtV,大数据处理运维工程师,幻境游戏,20-99人,游戏,本科,3-5年,,15-25K·13薪,深圳,,2026-05-26 21:55:45
de3d23255db1726c0nZ_0t65E1dV,高级运维工程师,和生创新技术,500-999人,智能硬件,本科,5-10年,,20-35K·14薪,深圳,,2026-05-26 21:56:06
62b8cd81a4adf6ac03F509W7EVJQ,高级/资深运维工程师,深圳市光子跃动科...,100-499人,互联网金融,本科,5-10年,"Docker, Linux, K8S, SRE, 容器技术, 安全运维, 数据库运维, 应用运维",25-35K·14薪,深圳,,2026-05-26 21:56:27
d934f5204310a4970ndy3tW7GFBR,运维工程师,深圳逸居科技有限公司,20-99人,财富管理,本科,3-5年,,15-30K,深圳,,2026-05-26 22:11:43
0ce495f6e9a6693c1XN-0tu8EVNU,运维工程师,深圳金元盛世科技...,20-99人,计算机服务,大专,3-5年,"网络运维, 实施交付运维, 金蝶，用友，ERP, MySQL/Oracle, 系统运维",6-11K,深圳,,2026-05-26 22:12:04
2c6c0646fc8387130nZ73Nq7GVZQ,蚂蚁集团-系统运维工程师,蚂蚁集团,10000人以上,互联网,本科,5-10年,,35-60K·15薪,深圳,,2026-05-26 22:16:55
d32b986b2b264b910nB52tS6EFFU,基础设施运维工程师,金锐,500-999人,银行,大专,3-5年,"机房运维, 证券",12-14K,深圳,,2026-05-26 22:17:15
88c46bedbdebd59a0nd_2Nu7FlVW,数据和AI交付运维工程师,杭州瀚云动力技术,0-20人,云计算,本科,1-3年,"系统运维, 运维开发/DevOps, 实施交付运维, Docker, Kubernetes, 计算机相关专业, 通信相关专业, 运维经验, 大数据",15-20K·13薪,深圳,,2026-05-26 22:17:35
ed75f037fbf6d0f903Z42Nu5ElY~,云计算高级研发工程师,华为成都研究所,10000人以上,通信/网络设备,本科,3-5年,"C/C++, Linux",20-40K·18薪,深圳,,2026-05-26 22:17:35
01f69daf5da3cde10nB52dm4F1ZU,兼职运维工程师,厦门星鹭启元机器...,20-99人,专用设备,大专,1年以内,"系统运维, 实施交付运维, 计算机相关专业, 通信相关专业, 电子/电气/自动化相关专业, 运维经验",35-70元/时,深圳,,2026-05-26 22:17:35
0b4299b689827c130nd_2t28F1pT,维护工程师（校招）,深圳市云港科技,100-499人,互联网金融,本科,在校/应届,,9-13K·13薪,深圳,,2026-05-26 22:17:56
785ff26cac9885940nZ_3d21FFFY,运维值班工程师,普汇智为,100-499人,物联网,大专,经验不限,"特种作业操作证, 低压电工证, IDC机房运维, 制冷证",6-9K,深圳,,2026-05-26 22:17:56
82dd97b584a5f85903160ti7EFBV,金融平台-SRE工程师,深圳富途网络科技,1000-9999人,互联网,本科,5-10年,"Golang, MySQL/Oracle, 系统运维, 运维开发经验, 运维开发/DevOps, Python/Shell, 运维经验",25-50K·16薪,深圳,,2026-05-26 22:17:56
12b3bc6f85fb7b290ndy39m7FlFV,运维工程师,盈创新(深圳)科技,20-99人,互联网,本科,3-5年,,20-40K·13薪,深圳,,2026-05-26 22:18:19
bff7e8033bbb94350nB609W4F1dV,交易运维工程师,深圳知行通达私募基金,20-99人,基金,本科,在校/应届,,15-30K·15薪,深圳,,2026-05-26 22:26:13
4081209e263dda240ndz0ti-GVZY,网络运维工程师,深圳启道科技信息,100-499人,其他专业服务,本科,3-5年,"网络运维, Python/Shell, 计算机相关专业, 通信相关专业",10-15K,深圳,,2026-05-26 22:26:33
950614c05d47519e0nV43tm4GFNT,云计算运维工程师（金融驻场）,新华三技术有限公司,10000人以上,计算机软件,本科,3-5年,,20-27K,深圳,,2026-05-26 22:31:46
4403d46bc311fc060nVy2NW1GVRY,中级运维工程师,深圳市佰内科技,20-99人,计算机硬件,本科,3-5年,"H100服务器, H200服务器, GPU服务器",9-13K,深圳,,2026-05-26 22:33:11
b34958a1fe24afb11XR60967EVFX,工程师,惠联网络,0-20人,计算机服务,中专/中技,1-3年,"运维监控, 实施交付运维, 机房运维, 运维工程师, 电子/电气/自动化相关专业, 运维经验",6-7K,深圳,,2026-05-26 22:33:11
ff213770633867ce0nd82tu_EldY,网络安全运维工程师,深圳易航智联科技,20-99人,跨境物流,本科,3-5年,"网络运维, Linux/Windows, DevSecOps, 系统运维, CISP/CISSP/CISA, 腾讯云, Python/Shell, 计算机相关专业, 网络安全相关经验, 运维经验, TCP/IP协议",10-15K,深圳,,2026-05-26 22:34:56
91036e1d895037ad03173t20F1ZV,云计算AI解决方案工程师,华为云计算,10000人以上,计算机服务,本科,在校/应届,,20-25K,深圳,,2026-05-26 22:40:03
686f43ebc37400201nZ-3d29EVBS,技术服务工程师,诺美特,20-99人,计算机软件,大专,在校/应届,"系统运维, 数据库运维, SQL, 计算机软件, IT服务, 大数据, 管理系统, SQL Server",5-7K·13薪,深圳,,2026-05-26 22:43:14
54b09fcbb6c7e59e0nV42d-9GVNS,安防监控驻场工程师,深圳市维安技术服务,20-99人,互联网,大专,1-3年,"监控, LED系统, 安防监控",5-8K,深圳,,2026-05-26 22:49:09
8df4dc3778bb5d010nB52dm4GFpY,运维开发工程师,某大型消费电子公司,1000-9999人,消费电子,本科,5-10年,"计算机相关专业, 通信相关专业, AI 训练, Kubernetes 集群, 服务器与硬件平台, K8s",45-65K·13薪,深圳,,2026-05-26 22:50:10
1bad90bfba3229e40nZ639W7FVpY,视频监控工程师,天衍网科,0-20人,计算机服务,大专,经验不限,,4-5K,深圳,,2026-05-26 22:56:00
638d20e079ca04a20nR729m1GVVT,高级运维工程师,vivo,10000人以上,互联网,本科,5-10年,业务运维,30-50K,深圳,,2026-05-26 22:57:23
ab24e97548c3fa4a0nd-3ti_FlVT,IT工程师,谷东智能,100-499人,智能硬件/消费电子,本科,1-3年,,10-15K·13薪,深圳,,2026-05-26 22:57:43
7511cfb0b59428b60nB62di-FFBX,飞书搭建工程师,云南光筑农业有限公司,1000-9999人,农/林/牧/渔,本科,3-5年,,10-15K·14薪,深圳,,2026-05-26 22:57:43
82fa0db216c094790nd92N65EFFY,资深 SRE 工程师,Shoplazza,100-499人,互联网,本科,5-10年,,25-45K·15薪,深圳,,2026-05-26 23:04:03
c48a7d49047e8c020nRy3NS9EFVY,运维工程师,麦瑞克科技,1000-9999人,智能硬件/消费电子,本科,经验不限,,20-35K·14薪,深圳,,2026-05-26 23:04:45
6adc1128fb7c0a680nZ-2tq-FVZW,高级sre运维工程师,某小型人工智能风险投资公司,0-20人,投资/融资,本科,经验不限,,40-70K·14薪,深圳,,2026-05-26 23:13:22
a07007edb75fedc703V-09i-FFFS,云计算运维工程师,鸿普森,100-499人,大数据,大专,1-3年,"实施交付运维, 运维开发经验, 华为HCS交付经验, Python/Shell, 计算机相关专业, 运维经验, 云计算",6-8K,深圳,,2026-05-26 23:18:30
fb894da43a5dec481XN_3dy6FlJU,云计算高级工程师,深圳优特,20-99人,大数据,本科,3-5年,"计算机/网络系统工程师, Python/Shell, MySQL/Oracle, Docker/Kubernetes, 系统建设/运维经验, 网络安全相关经验, 英文可沟通",20-35K,深圳,,2026-05-26 23:26:07
8106ccf4aed0c7d20nV52Nm8F1tT,资深idc运维工程师,力云科技,100-499人,通信/网络设备,大专,1-3年,"电气, 基础设施, 暖通, IDC机房运维, 数据中心",9-11K,深圳,,2026-05-26 23:26:30
ad18b3e8d7f801930nVy0924FlZW,系统网络运维工程师,锐速云,20-99人,互联网,本科,1-3年,"网络运维, 系统运维, 实施交付运维, 运维经验, 计算机相关专业",6-10K,深圳,,2026-05-26 23:28:57
e157abed3b916b050nd80tu6F1FX,云计算架构师 - 广州,亚马逊云科技,10000人以上,云计算,本科,10年以上,云计算架构,35-65K,广州,,2026-05-26 23:50:33
10994b30e089137c1nx429i8ElZZ,网络工程师（安全与云计算）,睿程科技,0-20人,信息安全,大专,经验不限,"网络安全, 云计算, 项目实施",5-8K,广州,,2026-05-26 23:50:33
19a17d29e9e2026b1HJ_09S-F1pT,云计算销售（可小白/双休/13薪）,西骋网络,20-99人,运营商/增值服务,学历不限,经验不限,"销售/大客户销售, To B销售经验, 云服务器, 互联网, 公有云, 商务合作拓展, 商务洽谈能力, 文娱/游戏, 金融, 云计算",4-9K·13薪,广州,,2026-05-26 23:50:33
f6a4f1b043bf378f0nB62NS7GVFZ,云计算销售经理,得云,20-99人,云计算,大专,1-3年,,10-15K,广州,,2026-05-26 23:50:33
a538851b0cfb15fc0ndz2ti6GFtS,零信任运维工程师,湖南宜速数智科技,20-99人,互联网,大专,3-5年,"网络运维, 计算机相关专业, 网络安全相关经验",12-15K,广州,,2026-05-26 23:50:33
16d2ac27f9d37ed90nd-3Ni4EVFV,云计算售前工程师,万宝盛华企业管理...,1000-9999人,生活服务(O2O),本科,1-3年,"解决方案, AWS/Azure/阿里云相关认证, CCIE, 计算机/通信相关专业, 云服务, HCIE, 混合云, 公有云, 上云, 其他类型SaaS/PaaS, 云计算",11-20K,广州,,2026-05-26 23:50:33
656d41ea87976b090nB73Ny7EFdS,云计算运维讲师（上市公司急聘）,传智教育,1000-9999人,培训/辅导机构,本科,5-10年,"MySQL/Oracle, Docker, 运维开发/DevOps, Kubernetes",20-35K,广州,,2026-05-26 23:50:33
beddd3a5d8cd9e0903x92ty0EFJR,云计算销售经理,御云网络,20-99人,互联网,大专,1-3年,"天翼云, 阿里云, 华为云, 公有云, 企业/机构（To B）",15-20K,广州,,2026-05-26 23:50:33
d7411258950d76a303Z83dm7GFFR,云计算解决方案,深圳某大型ICT基础设施与智能终端公司,10000人以上,计算机软件,大专,3-5年,"AWS/Azure/阿里云相关认证, 云服务, HCIE, 业务上云",15-25K·13薪,广州,,2026-05-26 23:50:33
fd867eb28fa8648103xy3N2-FVpR,服务器交付工程师,盛富和科技,20-99人,计算机软件,大专,1-3年,,5-6K,广州,,2026-05-26 23:50:54
93fd7d8dce5b3f500nB43ty5EVNW,服务器工程师,银信科技,1000-9999人,计算机软件,大专,5-10年,服务器,6-7K,广州,,2026-05-26 23:50:54
aba44427aa7bbb120ndz29u7FFRZ,零信任运维工程师,星辰信安,20-99人,互联网,大专,3-5年,"计算机相关专业, 运维经验, 零信任, VPN",12-15K,广州,,2026-05-26 23:50:54
73339f439ad738370nB53t-4FlNR,算力运维工程师,广州市诚品网络科技,0-20人,批发/零售,本科,1-3年,"IDC机房运维, 通信相关专业, 运维经验, 大数据运维经验",8-13K,广州,,2026-05-26 23:50:54
0a2ef07be0bf374d0nV-2t--FFZQ,云计算销售经理/总监（运营商）,佑瞻,100-499人,信息安全,本科,5-10年,,20-40K,广州,,2026-05-26 23:50:54
0850d55fc66716e40nd509S-ElNU,嵌入式Linux工程师（云计算、云手机）,某小型信息安全公司,0-20人,信息安全,本科,3-5年,"云手机, 云桌面, Linux, 云计算, 虚拟化",40-60K,广州,,2026-05-26 23:50:54
4ab3164539475eb20nB42du9EVJZ,linux系统运维工程师,赛讯数科,100-499人,通信/网络设备,本科,,,150-200元/天,广州,,2026-05-26 23:50:54
78455502e1b450e91Hx409q6GFdR,运维工程师,一邦科技,0-20人,通信/网络设备,中专/中技,1-3年,"计算机相关专业, 通信相关专业, 运维经验",4000-4500元/月,广州,,2026-05-26 23:50:54
66055435db41c0951nx43tW6GFZS,华为广东政企服务IT工程师（外协岗位）,CloudBU,10000人以上,互联网,本科,3-5年,"存储, 云计算, PaaS, HCIE",14-28K·13薪,广州,,2026-05-26 23:50:54
3fa96f2d3ec86acc1XN829-9E1ZY,云计算研发工程师,机智云,100-499人,互联网,本科,3-5年,"Golang, Docker, Kubernetes, 计算机相关专业, Golang服务端开发经验, 中大型项目开发经验, 物联网, AI, 人工智能",15-20K·14薪,广州,,2026-05-26 23:50:54
3158de18036c68260nB42ti0GFtX,idc运维工程师,联想云领,1000-9999人,计算机硬件,大专,1-3年,IDC机房运维,6-7K,广州,,2026-05-26 23:50:54
58a724984b5de9e70nR939S8EFJQ,云平台开发工程师,爱浦路(IPLOOK),100-499人,通信/网络设备,本科,3-5年,"Docker, Kubernetes, 虚拟化, 云平台, 云计算, 云原生",11-20K,广州,,2026-05-26 23:50:54
bd36b9525c5fc62a0ndy3N64FlNW,云平台运维工程师,润建股份,1000-9999人,互联网,大专,1-3年,"阿里云, 云平台运维",7-8K,广州,,2026-05-26 23:50:54
8323f4e8c4770ec70nV60tS6FVtV,技术支持工程师（广东）(J10505),噢易云计算,500-999人,计算机软件,大专,1-3年,"售前/售后技术支持, IT技术支持经验, 售后支持/客户响应经验, 可适应出差, 云桌面, 云计算, vdi, 虚拟化",8-10K,广州,,2026-05-26 23:50:54
cdb6ec3e56021cce1HV70tm8FFBT,政务云运维工程师,同道科技,20-99人,计算机软件,本科,1-3年,"数据安全, 密码, 实施交付运维, 通信相关专业, Ansible/Salt/Puppet, MySQL/Oracle, 系统运维, 计算机相关专业, 运维经验, 云灾备",7-9K,广州,,2026-05-26 23:51:15
50cbca7a40f94aff1HFz0tS5FFRU,初级服务器存储工程师,慧云,20-99人,通信/网络设备,本科,1-3年,存储、华为、服务器,6-8K,广州,,2026-05-26 23:51:15
4b9bba1835011f230nB60927E1RX,初级运维工程师,同方鼎欣,1000-9999人,计算机软件,大专,1-3年,运维经验,7-8K,广州,,2026-05-26 23:51:15
8148cf1c23131ece0nd_39y9FlNW,算力工程师,深度演化,0-20人,其他行业,本科,3-5年,"机器学习, 大模型算法, 其他, 运筹优化算法, 模型加速/性能优化, 风控算法, SQL, Shell, 算法工程化经验, 云计算, FinOps, GPU/NPU, 公有云, PyTorch/TensorFlow",15-30K,广州,,2026-05-26 23:51:15
e066d1919b19c0fd0nB-2t6-FlRX,运调工程师,法本,10000人以上,计算机软件,大专,3-5年,,9-11K,广州,,2026-05-26 23:51:15
fcb723c4e1e1d1070nd729y-GVJQ,云运维工程师,德勤,10000人以上,咨询,本科,3-5年,,9-11K,广州,,2026-05-26 23:51:15
14e575262bbfb2a50nd839m6ElFX,Linux 运维工程师,华苏科技,1000-9999人,互联网,大专,3-5年,"Java, Docker, 系统运维, k8s, 运维开发经验, 中间件, Redis, 达梦, 计算机相关专业, 安全运维",10-11K,广州,,2026-05-26 23:51:15
90c949cf1bb7bc930nd82du-F1dV,交付工程师-广州,广州云趣,100-499人,计算机软件,本科,3-5年,,8-11K,广州,,2026-05-26 23:51:15
c5b5ed859d854e610nB639S_EVVX,数据运营工程师,乐享信息,500-999人,计算机软件,大专,10年以上,"数据运营, 数据治理, 身份认证",9-11K,广州,,2026-05-26 23:51:15
1978c7d02532d7961HZ63dq9F1dY,安防运维工程师,融新智能科技,20-99人,智能硬件,中专/中技,1-3年,"实施交付运维, 电子警察运维, 系统运维, 安防监控运维",5-8K,广州,,2026-05-26 23:51:15
7be7e270e176ed510nB-2di-F1RV,运维工程师,广州刘关张,20-99人,房屋建筑工程,本科,5-10年,,15-18K·13薪,广州,,2026-05-26 23:51:15
fa2d33f992f9f97f0ndy3d-1EVdQ,云平台运维工程师,文远知行,1000-9999人,人工智能,本科,1-3年,,20-35K·15薪,广州,,2026-05-26 23:51:15
e4aa2847b4e681680nd_2tW7EFBQ,空调运维工程师,飞谷电子,20-99人,通信/网络设备,大专,经验不限,,5-8K,广州,,2026-05-26 23:51:15
5a5abf125e66e1ec03F92tu-FFVS,k8s运维工程师,广东智帆海洋科技,100-499人,计算机软件,大专,10年以上,"私有化部署, Docker, 系统运维, 内网, CI/CD, Redis, Prometheus, Kubernetes",11-22K,广州,,2026-05-26 23:51:15
cec816c53b61740c0nB729y6ElNZ,现场运维工程师,完美世界,1000-9999人,游戏,本科,5-10年,"网络运维, 系统运维, IDC机房运维, 运维经验",20-30K·14薪,广州,,2026-05-26 23:51:15
beaf9ae2d35572081n1z2t20E1dR,系统部署运维工程师,图灵智新,100-499人,人工智能,本科,3-5年,"存储运维, Linux, Docker, 系统运维, K8S, 虚拟化运维, 集群运维",8-13K·13薪,广州,,2026-05-26 23:51:35
44348a4e65b0028b0nB52dm4E1FY,兼职运维工程师,厦门星鹭启元机器...,20-99人,专用设备,大专,1年以内,"系统运维, 实施交付运维, 计算机相关专业, 电子/电气/自动化相关专业, 运维经验",35-70元/时,广州,,2026-05-26 23:51:35
fc772d8733e446270nd83927EVVR,驻场运维工程师,蓝爵网络,20-99人,信息安全,本科,1-3年,,10-15K,广州,,2026-05-26 23:51:35
6d9a47a3f67ec3920nB53N24E1RW,运维工程师,软通动力,10000人以上,计算机软件,大专,1-3年,,7-8K,广州,,2026-05-26 23:51:35
d26dab934ce9889e0nZ829y-EVpT,运维工程师（双休）,广州寰越创新技术,100-499人,人工智能,大专,5-10年,"云原生, 阿里云, Docker, 云服务, Kubernetes",10-15K,广州,,2026-05-26 23:51:35
61b061510054e3d31HB-2N-5F1VV,光伏运维工程师,晶正科技,20-99人,新能源,大专,1-3年,,7-9K·13薪,广州,,2026-05-26 23:51:35
b79cf1150e50f6150nB50961EFRS,安防运维工程师,小一水运,20-99人,计算机服务,大专,1-3年,"桌面运维, 网络运维, 系统运维, IDC机房运维, 计算机相关专业, 运维经验, 运维开发经验, 网络安全相关经验, 大数据运维经验, 软考中级证书",4-8K,广州,,2026-05-26 23:51:35
912922259ee6cf721H1y0t-7EltX,运维工程师,正国,0-20人,其他专业服务,大专,,实施工程师,100-180元/天,广州,,2026-05-26 23:51:35
a376f5e3b4a7ec630nd90tW5FlpZ,云运维工程师,中电金信,10000人以上,计算机软件,本科,5-10年,"Java, Terraform, Linux  paas, M365与Power Platform, Python/Shell",15-25K,广州,,2026-05-26 23:51:35
e141d57a0f158a3f1XV-39i7GVVU,技术服务工程师,止至技术有限公司,20-99人,通信/网络设备,大专,1-3年,"Linux, 网络交换技术, 服务器配置",6-9K,广州,,2026-05-26 23:51:35
b66255587eecd4780nR639u9GVtZ,中级软件工程师,广州翼象,20-99人,计算机软件,大专,1-3年,"Java, spring boot, Docker, 微服务经验, SpringCloud, MySQL, k8s, Ai, docker, 云计算",8-10K,广州,,2026-05-26 23:51:35
cb339972bdce8c6503R63N21FVtS,信息化咨询工程师,城图科技广州分公司,20-99人,计算机服务,本科,3-5年,"计算机专业, XMind, 信息化项目, 云计算",12-16K,广州,,2026-05-26 23:51:35
f44b308c9dc1e1c01XB_3t20ElJQ,驻场工程师,远丰电子科技,20-99人,通信/网络设备,大专,1-3年,"网络运维, 系统运维, 实施交付运维, 计算机相关专业, 通信相关专业, 运维经验",4-8K,广州,,2026-05-26 23:51:35
f1660cc710ba54120nB53Nq5EltS,运维工程师,北京国安信息科技,100-499人,计算机服务,大专,3-5年,,10-12K,广州,,2026-05-26 23:51:35
0b7f8c412a3599740nV-09i9EldS,运维工程师助理,恢弘科技,100-499人,电气机械/器材,本科,1-3年,,6-8K,广州,,2026-05-26 23:51:56
c5ceda709306a1ca1HJ40ti-GFFR,助理运维工程师,智光研究院(广州),20-99人,电力/热力/燃气/水利,大专,经验不限,"实施交付运维, 运维经验",7-8K·13薪,广州,,2026-05-26 23:51:56
599d37220f66193b0ndy39S_FVpV,运维工程师,钛动科技,1000-9999人,互联网,本科,在校/应届,,15-25K·15薪,广州,,2026-05-26 23:51:56
2991d8031786b2df0nB-2dm8GFFV,驻外矿机运维工程师,红球进出口贸易,20-99人,进出口贸易,大专,3-5年,"网络运维, 通信相关专业, 系统运维, 计算机相关专业, 电子/电气/自动化相关专业, 运维经验, IDC机房运维",15-20K,广州,,2026-05-26 23:51:56
0730f99e86701d650nd_29S8GFZZ,光伏运维工程师,大洲设计咨询,20-99人,房屋建筑工程,大专,3-5年,"系统运维, 实施交付运维, 运维经验, 电子/电气/自动化相关专业, 运维开发经验",5-7K·13薪,广州,,2026-05-26 23:51:56
af073b6c6ea55a9c03F_0t28FFBQ,运维工程师跟进员,广州灏沣信息科技,100-499人,大数据,本科,1-3年,,6-9K·13薪,广州,,2026-05-26 23:51:56
bf9ffffd683b59c203193dW0EVVZ,交付技术支持工程师,众云信息科技有限公司,20-99人,大数据,大专,1-3年,"网络运维, 通信相关专业, 系统运维, 计算机相关专业, 运维经验, IDC机房运维",7-10K,广州,,2026-05-26 23:51:56
6fb53f7bd6eeb92f1XF93960EFdX,机器人研发工程师,电安电力,0-20人,检测/认证,硕士,3-5年,"研究导向, 语音/图像识别, 智能驾驶, 云计算, Java, Python, C/C++, 计算机相关专业, 机器学习算法/工程化经验, 深度学习经验, 有过平衡步兵经验的优先",20-40K,广州,,2026-05-26 23:51:56
29076aac66e57f800nB529m8ElJR,初级运维工程师,道然,100-499人,互联网,本科,1-3年,,5-7K,广州,,2026-05-26 23:51:56
feae79e1a99bcb7f0nB509-4EFZW,运维工程师,四川人瑞,500-999人,人力资源服务,本科,3-5年,,9-10K,广州,,2026-05-26 23:51:56
37275017c95cd9b403Jy2t29GVZW,运维交付工程师,北京博睿宏远,500-999人,计算机软件,本科,1-3年,"大数据运维经验, 非外包岗, 运维实施, to B项目交付",15-20K·13薪,广州,,2026-05-26 23:51:56
adae0a6800c9fac00nB42t-_FlZS,通信运维工程师,巨辰集团,20-99人,互联网,大专,3-5年,,10-13K,广州,,2026-05-26 23:51:56
54067d728f2b331603B50t-0F1dW,高级游戏运维工程师,上海游坦网络科技,20-99人,游戏,学历不限,5-10年,"Shell, 服务器配置, MySQL, 运维开发/DevOps, Redis, 计算机相关专业, 网络协议",15-25K,广州,,2026-05-26 23:51:56
a19e32aacf3ce9360nB529i5EFdR,运维工程师,慧博云通,10000人以上,计算机软件,大专,3-5年,"网络运维, 系统运维, 实施交付运维, Python/Shell, Ansible/Salt/Puppet, Nginx, Redis, Elasticsearch, 运维经验, 运维开发经验, 大数据运维经验",8-11K,广州,,2026-05-26 23:51:56
27b066e0628081921Hx429S6E1NQ,智能化运维工程师,广州宏健,20-99人,通信/网络设备,大专,3-5年,"实施交付运维, 通信相关专业, 系统运维, 计算机相关专业",6-8K,广州,,2026-05-26 23:52:17
159d03f21836a1ef0nB53dq-ElpT,运维工程师,BIGO,1000-9999人,计算机软件,本科,3-5年,,25-35K·16薪,广州,,2026-05-26 23:52:17
8ab9263ed39488660nd82Nq9ElpW,运维工程师,天盛跨境,100-499人,跨境物流,大专,3-5年,,11-15K,广州,,2026-05-26 23:52:17
3b763b48e4d88bd90nZ63dW8ElVZ,运维部署工程师,广州普鸿,20-99人,物联网,本科,1-3年,"Python/Shell, Ansible/Salt/Puppet, 计算机相关专业, 运维开发经验",7-9K,广州,,2026-05-26 23:52:17
663421faca021c130nB42N-6FltY,安全设备运维工程师,知一数据,100-499人,大数据,大专,5-10年,"网络运维, 提设备流量规则, 系统运维, IDC机房运维, 设备选型",9-14K,广州,,2026-05-26 23:52:17
472bc0465175eb930nZ92d29FlFR,高级运维工程师,客如云,1000-9999人,计算机软件,大专,1-3年,"网络基础能力, PMP, 实施交付运维, 服务意识强, 计算机相关专业",7-12K,广州,,2026-05-26 23:52:17
5ef096e24f42e3441HN_39i-EFVW,中级运维工程师,一科智能,100-499人,计算机服务,大专,3-5年,"网络运维, IDC机房运维, Python/Shell, Docker",10-12K,广州,,2026-05-26 23:52:17
b17dc8631725711603R_2dm6FVFW,服务器运维工程师,彦诺智能,20-99人,新零售,本科,1-3年,"系统运维, 运维开发/DevOps, Nginx, Redis, MySQL/Oracle, 运维开发经验",5-8K,广州,,2026-05-26 23:52:17
fcca821cfc0f043203Z439y1ElRQ,高级软件测试工程师,派宝机器人,100-499人,人工智能,本科,5-10年,"功能测试, 性能测试, 计算机相关专业, 通信相关专业, 测试工作经验, iOS/Android测试经验, 自动化测试经验, APP测试, 接口测试, 云计算",9-12K,广州,,2026-05-26 23:52:17
2db973b02f3e537b0nd53tu8GVFU,运维工程师,某大型移动互联网公司,100-499人,移动互联网,本科,3-5年,"系统运维, DBA, Python/Shell, Kubernetes, Ansible/Salt/Puppet, MySQL/Oracle, Docker, 计算机相关专业, 通信相关专业, 运维经验, 可观测, 云原生",25-35K·15薪,广州,,2026-05-26 23:52:17
ac1549dc577da7140nd_3tm-FFdW,zabbix运维工程师,谷威科技,0-20人,计算机软件,本科,5-10年,"IDC机房运维, 运维开发/DevOps, 实施交付运维, Java, Golang, Elasticsearch, 计算机相关专业, 运维开发经验, 网络安全相关经验, 大数据运维经验",8000-12000元/月,广州,,2026-05-26 23:52:17
dad45c3e0c5c71060nV-29S8E1dV,售后运营工程师,塞安科技,100-499人,智能硬件,大专,1-3年,,8-12K·13薪,广州,,2026-05-26 23:52:17
1b3a50b0233f678403d82Ny6EVtQ,驻点运维工程师,华南智汇,0-20人,计算机软件,大专,1-3年,"网络运维, 系统运维, 桌面运维, 计算机相关专业, 运维经验, IDC机房运维",4-6K,广州,,2026-05-26 23:52:17
07fd251e631018fa0nd-2ti_FltR,运维工程师,爱音乐,100-499人,运营商/增值服务,本科,5-10年,,10-15K·15薪,广州,,2026-05-26 23:52:17
ad1a0a13b5fe261803Z50tm0EVpS,运维工程师,芳禾数据,20-99人,大数据,本科,3-5年,"网络运维, Docker, 大数据运维经验, 运维开发经验, 网络安全相关经验, 运维经验",10-15K,广州,,2026-05-26 23:52:17
cef87c21379d17420nB42dW-GFZU,运维工程师,广州不凡信息技术,20-99人,医疗健康,大专,3-5年,,8-10K,广州,,2026-05-26 23:52:38
775300d00f2b878c0nZz2967FFBQ,运维工程师,广州创域,100-499人,游戏,本科,3-5年,"网络运维, 系统运维, 桌面运维, 计算机相关专业, 运维经验",12-17K,广州,,2026-05-26 23:52:38
795f6f246134298d1Xxz39W_E1BZ,运维工程师,星空数据,20-99人,计算机软件,本科,5-10年,"网络运维, 系统运维, IDC机房运维",6-10K,广州,,2026-05-26 23:52:38
2a7352fdb66c625c0nB53t60EFtW,技术运维工程师,广州群杰共创云科技,0-20人,物联网,大专,3-5年,,3-6K,广州,,2026-05-26 23:52:38
d765942e89200f1b0nd62Nm_E1pW,大数据运维工程师,诚迈科技,1000-9999人,计算机服务,本科,3-5年,"Java, Redis, 运维经验, Hadoop, 大数据平台, 离线, 集群",15-22K,广州,,2026-05-26 23:52:38
de5aa116406c959603x63N-8FFNW,运维工程师,博依特智能,100-499人,互联网,本科,3-5年,"MySQL/Oracle, Docker, Linux, 系统运维, K8S, 运维开发经验, Redis, 计算机相关专业, 运维经验",12-18K,广州,,2026-05-26 23:52:38
9e4b0323c350123f0nZy2dW7GFNX,IT运维工程师,欢聚集团,1000-9999人,互联网,本科,3-5年,,16-28K·16薪,广州,,2026-05-26 23:52:38
d99a0d7116fab0140nR72tm7FVNS,运维工程师,艾瓦智能,20-99人,人工智能,本科,5-10年,"系统运维, Kubernetes, Golang, MySQL/Oracle",12-18K·13薪,广州,,2026-05-26 23:52:38
a666349d9ae1484c03193tq6GVRS,高级运维工程师,江楠集团,1000-9999人,农/林/牧/渔,本科,5-10年,"实施交付运维, 系统运维, IDC机房运维",15-25K,广州,,2026-05-26 23:52:38
dc77509bf0fd929d1XZ40ti9GVtT,算法工程师（数据挖掘方向）,小鲲智能,20-99人,人工智能,本科,1-3年,"业务导向, 云计算, Python, CNN/RNN/LSTM, 数学/统计相关专业, 机器学习算法/工程化经验, 深度学习经验, 数据分析, PyTorch, DNN, 算法基础, 机器学习算法, GBDT, Keras, Python",20-40K·13薪,广州,,2026-05-26 23:52:38
8d12c5b99cdbefab03d82964FFtY,初级运维工程师,智威智能,20-99人,计算机软件,本科,1-3年,,6-9K,广州,,2026-05-26 23:52:38
2f549a1c36f9889703Ny39i8F1RW,PaaS云平台运维工程师,巨晟,100-499人,计算机软件,本科,5-10年,"Golang, RDS, PaaS, PAAS, K8S, 运维开发/DevOps, Redis, 计算机相关专业, 运维经验, Docker, 系统运维, 运维开发经验, 云平台, Kubernetes",12-15K,广州,,2026-05-26 23:52:38
6aaf42229888f3e31HR609m_GFNU,AI算法工程师,广州宏颖,20-99人,人工智能,本科,1-3年,"语音算法, Java, 图像算法, 深度学习, 大模型算法, 自然语言处理算法, 算法工程化经验, C/C++, 机器学习, 搜索/推荐, 强化学习, 研究导向, 语音/图像识别, 模型加速/性能优化, Python, 云计算",10-13K,广州,,2026-05-26 23:52:38
36841f1b6d582a390nZ93dm-F1pV,运维工程师,江西腾里跳信息技术,100-499人,互联网,大专,经验不限,"五险一金, 双休, 包中餐",6-8K·13薪,广州,,2026-05-26 23:52:38
e34cbc3d387998a80nd809m0ElVS,风电机组运维工程师,金风电控,500-999人,风电,大专,1-3年,,6-10K,广州,,2026-05-26 23:52:38
eb136047282fb8560nV_0ti5GFNX,运维工程师,酷印数码设备,20-99人,通用设备,中专/中技,经验不限,"实施交付运维, 计算机相关专业, 电子/电气/自动化相关专业, 打印机/复印机维修经验",4-6K,广州,,2026-05-26 23:53:00
8c2ef5292e3cbe8d0nd63tu5GVZT,运维工程师,中移湾区创新研究院,100-499人,人工智能,硕士,1-3年,,20-40K,广州,,2026-05-26 23:53:00
adc142ec455516560nR43tm0ElRR,系统运维工程师,键讯科技,20-99人,计算机服务,大专,1-3年,,7-9K,广州,,2026-05-26 23:53:00
1bc53c79570af4df0nd_3N26F1pV,高级it运维工程师,温超集团,1000-9999人,批发/零售,学历不限,3-5年,"桌面运维, 网络运维, 系统运维, 实施交付运维, MySQL/Oracle, 运维开发经验, 运维经验, 网络安全相关经验",13-15K·13薪,广州,,2026-05-26 23:53:00
d21de041da56fcea0nZy3tq4EFZV,运维工程师,芝麻加油,100-499人,生活服务(O2O),大专,1-3年,"Docker, 系统运维, 运维开发/DevOps, 运维开发经验, 计算机相关专业, 运维经验",9-11K,广州,,2026-05-26 23:53:00
582db5c11c99cbec0ndz29y9FFdQ,运维工程师,睿峰信息,0-20人,智能硬件,大专,,"系统运维, 实施交付运维, MySQL/Oracle, 计算机相关专业, 运维经验",130-160元/天,广州,,2026-05-26 23:53:00
99d62da932f069a50nZ809-8FFRT,数据中心运维工程师,菲利斯太阳能,1000-9999人,储能,本科,3-5年,"桌面运维, 网络运维, DBA, MySQL/Oracle, 网络安全相关经验, 大数据运维经验",10-15K·14薪,广州,,2026-05-26 23:53:00
56e40f533d6a231c0nd93Nm7FldU,空气站运维工程师,禾信仪器,100-499人,仪器仪表,本科,3-5年,"空气站, 国标六参数",8-12K·15薪,广州,,2026-05-26 23:53:00
cd86941938d6c44b0nZ83t29GFNS,运维工程师,广州市启一科技,0-20人,计算机服务,学历不限,1-3年,,7-10K,广州,,2026-05-26 23:53:00
b989f002f242d56c03B92tm-FVJS,技术工程师（广州）,交大光芒,100-499人,计算机软件,本科,1-3年,,5-9K·13薪,广州,,2026-05-26 23:53:00
48c1e36c5382607803V809m6EVRS,线上运维工程师,拳游,100-499人,游戏,本科,5-10年,"计算机相关专业, 运维开发经验, 游戏",15-25K,广州,,2026-05-26 23:53:00
b99ce5e0cdd6f37103F93ti6F1NT,运维工程师,恒利创优,100-499人,通信/网络设备,大专,经验不限,,6-11K,广州,,2026-05-26 23:53:00
7b14a16808fd1cc71HV-3di-FVpX,项目实施工程师,翊昊科技,0-20人,计算机软件,大专,,"实施交付运维, MySQL/Oracle, 系统运维, Redis",120-150元/天,广州,,2026-05-26 23:53:00
a53f33b48999091503F-2dq-EFdS,初级驻场工程师,广州向中科技有限公司,20-99人,信息安全,大专,1-3年,"系统运维, 桌面运维, IDC机房运维",5-7K,广州,,2026-05-26 23:53:00
52f6d16c179b7b8f0nB42tu9GVtS,运维工程师,瀚聚辉业,100-499人,互联网,大专,经验不限,,8-10K,广州,,2026-05-26 23:53:00
3a65616549b46ea50nB73Nm_FFBV,运维工程师,广东智源,100-499人,计算机软件,本科,,"网络运维, 实施交付运维, 系统运维, MySQL/Oracle, Redis, 计算机相关专业, 运维经验, 运维开发经验",180-250元/天,广州,,2026-05-26 23:53:19
75e04d0abcf982ff0nd-2N26F1tR,游戏运维工程师,幻动无极,20-99人,游戏,本科,1-3年,,7-12K,广州,,2026-05-26 23:53:19
51479a8314c717880nB73du9E1ZS,信息化运维工程师,广东信安,0-20人,信息安全,大专,1-3年,,5-10K,广州,,2026-05-26 23:53:19
aee461a027a39b1603xz3Nu1F1VT,大数据运维工程师,名道恒通,100-499人,计算机软件,本科,5-10年,"flink, 实施交付运维, 通信相关专业, 大数据运维经验, 系统运维, CDH, k8s, Redis, 计算机相关专业, 电子/电气/自动化相关专业, azkaban, 大数据",12-22K,广州,,2026-05-26 23:53:19
1de46422ca4abea003V-29y4FFtX,运维工程师,荔源科技,0-20人,通信/网络设备,中专/中技,1-3年,,4-7K,广州,,2026-05-26 23:53:19
79765e8f4c837c870nB-29W0FVZZ,系统运维工程师,中科软,10000人以上,计算机软件,本科,经验不限,"系统运维, MySQL/Oracle, 计算机相关专业, 运维经验, 通信相关专业, 电子/电气/自动化相关专业",6-7K,广州,,2026-05-26 23:53:19
628d8b4a34662ce80nV80tu0E1JS,noc运维工程师,广州美兆通信息科技,20-99人,互联网,本科,1-3年,,8-13K·13薪,广州,,2026-05-26 23:53:19
8c5ca98f87773a4b0nB72tm6GFBW,兼职电商平台运维工程师,广州世宝会网络科技,20-99人,互联网,本科,10年以上,"Golang, 网络运维, Java, Nginx, 桌面运维, Python/Shell, 计算机相关专业, 网络安全相关经验, 运维经验, Ansible/Salt/Puppet, 系统运维, 运维开发经验, IDC机房运维",4-9K,广州,,2026-05-26 23:53:19
f3b9d7bd4305ade00nR_2N64GVtQ,驻场运维工程师,广州华景科技,0-20人,运营商/增值服务,本科,3-5年,"网络运维, 实施交付运维, 系统运维, 桌面运维, 运维经验",6-8K,广州,,2026-05-26 23:53:19
40b467d29fea4f771HZy2Nq5GVtW,运维工程师,鼎鼎信息科技,20-99人,计算机软件,本科,1年以内,"DBA, 实施交付运维, 系统运维, 运维开发/DevOps, Docker, MySQL/Oracle, Python/Shell, 计算机相关专业, 通信相关专业",6-10K,广州,,2026-05-26 23:53:19
b4968c0487523abc03Bz3tW4FldZ,运维工程师,广州联深计算机科技,20-99人,计算机服务,本科,5-10年,,10-11K·13薪,广州,,2026-05-26 23:53:19
d296a4aab05c85c00nd90960FVNX,资深系统网络运维工程师,广州与搏科技有限公司,20-99人,互联网,本科,5-10年,"网络运维, 系统运维, 运维经验",20-25K·13薪,广州,,2026-05-26 23:53:19
f26411fd579f52c50nB42d2_FVFQ,运维工程师,广东智脑链科技,20-99人,电子/硬件开发,大专,1-3年,"系统运维, 网络运维, 实施交付运维, IDC机房运维, 运维开发/DevOps, Golang, MySQL/Oracle, Python/Shell, Ansible/Salt/Puppet, Docker, 计算机相关专业, 通信相关专业, 运维经验, 运维开发经验, 网络安全相关经验, 云原生运维, DevOps, 数据库运维, 运维体系搭建, 容器编排",8-13K,广州,,2026-05-26 23:53:19
1d05135d34ac149c0nB52966F1NU,运维工程师,星绘动漫,100-499人,文化艺术/娱乐,本科,3-5年,"Golang, 网络运维, Java, 通信相关专业, 系统运维, 运维开发经验, 桌面运维, Python/Shell, 计算机相关专业, 网络安全相关经验, IDC机房运维",13-18K,广州,,2026-05-26 23:53:19
f083c80eefa960820nV83N29F1FY,运维工程师,康合慢病,100-499人,医疗服务,本科,5-10年,"系统运维, 网络运维, IDC机房运维, 运维经验, 运维开发经验, 网络安全相关经验, 大数据运维经验, 打印机/复印机维修经验",10-15K,广州,,2026-05-26 23:53:19
c19d35a36bc2bf380nV-2dS7EVtZ,运维工程师,天翼视联,100-499人,专用设备,硕士,在校/应届,,10-15K·14薪,广州,,2026-05-26 23:53:40
2bafc9af84042c051H1639y9GFFW,AGV维护调试工程师,丰桥智能装备有限公司,100-499人,自动化设备,大专,1-3年,AGV,5-9K,广州,,2026-05-26 23:53:40
f8688f7330d198da0nVy2du_ElVV,运维工程师,三未信安,500-999人,信息安全,本科,1-3年,,9-14K,广州,,2026-05-26 23:53:40
4d3e2a038fd8915e03J42Nq5FFJX,运维工程师,中欧卡航,20-99人,跨境物流,本科,在校/应届,"C#, Nginx,  Visual Studio, · Git（GitHub、GitLab、, ASP.NET Web Forms, HTML/CSS/JavaScript, 系统运维, 运维开发/DevOps, 运维开发经验, Python/Shell, 计算机相关专业, 运维经验",3-5K,广州,,2026-05-26 23:53:40
90232e871bc574251HJz3dq9FFZR,初级运维工程师,爱知之星,100-499人,计算机软件,本科,1-3年,"MySQL/Oracle, Docker, 系统运维, Redis",8-10K,广州,,2026-05-26 23:53:40
2d42797ea92dd2f80nd609S_EFNR,运维工程师,喜玩,500-999人,生活服务(O2O),大专,3-5年,"网络运维, 系统运维, VPN, 邮箱, 局域网, 无线网络布置",6-7K,广州,,2026-05-26 23:53:40
40ec165aaaf63dae0ndy29u1ElJY,运维工程师,因湃电池科技有限公司,500-999人,其他新能源,学历不限,经验不限,"网络运维, 系统运维, IDC机房运维",3-5K,广州,,2026-05-26 23:53:40
3a3270757b77764e0nZ93dm_EVdV,运维工程师,易维迅信息科技,100-499人,计算机软件,大专,3-5年,"网络运维, 计算机相关专业, 网络安全相关经验, 运维经验",6-8K,广州,,2026-05-26 23:53:40
8894b0cf52c5e0590ndz3d61F1tX,直播技术工程师,智千数码科技,0-20人,互联网,大专,1-3年,,2000-3000元/月,广州,,2026-05-26 23:53:40
ee08ced113b0a5750nd82N--GVtT,高级运维工程师,崇业网络科技,100-499人,计算机软件,本科,5-10年,"运维开发/DevOps, 云平台建设, Redis, 自动化运维, Python/Shell, 计算机相关专业, 运维经验, Docker, MySQL/Oracle, 大数据运维经验, 系统运维, 运维开发经验, Kubernetes, 开源组件",9-11K,广州,,2026-05-26 23:53:40
b2cea269a48b01111nB_0t-8EFdR,实施工程师,铭和科技,20-99人,通信/网络设备,中专/中技,1-3年,"网络能源工程师, 实施交付运维, 运维经验, IDC机房运维",4-9K,广州,,2026-05-26 23:53:40
bee4802c25fe63f20nV50928GVdX,运维工程师,越秀金科,20-99人,计算机软件,本科,经验不限,"K8s, Hbase, Mongodb, MQ",18-35K,广州,,2026-05-26 23:53:40
86e64a67529e9f490nB40t-1GFNX,环保在线监控运维工程师,广州市润和环保技术,20-99人,环保,大专,经验不限,"实施交付运维, 大数据运维经验, 系统运维, 运维经验",3-4K,广州,,2026-05-26 23:53:40
19401f608a4ddf840nB43tW5FFdW,跨境网络运维工程师,鸿骏国际,20-99人,电子商务,本科,1-3年,,6-11K,广州,,2026-05-26 23:53:40
786c3d5046b09ece03B82tm1EFFT,驻场运维工程师,广东华亚信息技术...,20-99人,通信/网络设备,大专,1-3年,,5-6K,广州,,2026-05-26 23:53:40
842f6cd6a3706d620nd82N61EVNZ,云计算销售,云创得力数据,20-99人,大数据,大专,3-5年,"软件/信息化服务销售经验, 商务谈判技巧, B端市场开发经验, 面销/陌拜经验, 电话销售经验, 软件/SaaS, 互联网/科技",10-15K,广州,,2026-05-26 23:58:49
26d41933e4880a270nd-0966GVVU,云计算技术经理,阿里云,10000人以上,互联网,学历不限,在校/应届,,20-40K,广州,,2026-05-26 23:58:49
5b465436b7328fca0nZ-2tm1FFZX,HCS云计算工程师,恒驰信息,100-499人,通信/网络设备,大专,3-5年,,10-15K,广州,,2026-05-26 23:59:09
93840fb9b801c41e0nB73tq6ElRU,云平台运维工程师,颐能软件,500-999人,计算机软件,大专,3-5年,"Python/Shell, MySQL/Oracle, Kubernetes, Docker, 计算机相关专业, 云计算核心技术原理, 向上汇报与沟通表达, 精通Linux操作系统, 私有云",9-11K,广州,,2026-05-26 23:59:30
adafe70ac67f0681031-3Ny7FlVT,智能云服务交付工程师,胜通和科技,500-999人,运营商/增值服务,大专,经验不限,"网络运维, 通信相关专业, 计算机相关专业, 装维, 家庭智慧工程师",6-8K,广州,,2026-05-26 23:59:30
97fabfd1349beef70nB-2tW5E1NX,值班工程师,舜航,20-99人,运营商/增值服务,大专,1-3年,"网络运维, 计算机相关专业, 通信相关专业, 运维经验",5-7K,广州,,2026-05-26 23:59:30
1b2d6819011ef01c0nV_3dS0GFpR,驻场服务器存储工程师,慧云,20-99人,通信/网络设备,大专,3-5年,"网络运维, 计算机相关专业, 服务器、存储, 运维经验",7-10K,广州,,2026-05-26 23:59:30
3e9240049ab358820nd_3t2-GFBQ,服务器运维工程师,新华三技术有限公司,10000人以上,计算机软件,大专,3-5年,,6-9K,广州,,2026-05-26 23:59:30
d690538d01067f040nZ729S7F1FV,资深云运维工程师,创想三维,1000-9999人,智能硬件,本科,5-10年,"运维开发/DevOps, Docker, Kubernetes",28-35K,广州,,2026-05-26 23:59:51
28ba950ee2d2a27703d92tq1FlBY,驻场运维工程师,平云小匠,500-999人,互联网,大专,经验不限,,200-240元/天,广州,,2026-05-26 23:59:51
cbf09af3c18127f40nV52t-5ElpZ,IDC空调设施维保工程师,通力公司,20-99人,互联网,大专,3-5年,"IDC机房运维, 机房空调维保, 制冷专业",7-8K,广州,,2026-05-26 23:59:51
f893eefae853e85e0nB-29W-F1BX,运维工程师,广州斯金纳信息科技,0-20人,计算机软件,大专,1-3年,,5-10K,广州,,2026-05-27 00:00:12
551bb3959b7c9b4f1HVz3d-6FVpS,弱电运维工程师,大海公司,0-20人,通信/网络设备,中专/中技,3-5年,"网络运维, 监控、安防、弱电维保",6-8K·13薪,广州,,2026-05-27 00:00:12
14398d129630c0b80nB629W4FFpT,运维技术支持工程师,视源股份(CVTE),1000-9999人,电子/硬件开发,本科,1-3年,"系统运维, 实施交付运维, Kubernetes, Nginx, Redis, 运维经验",12-20K·13薪,广州,,2026-05-27 00:00:12
ea1807874ea6c4e20nB40ty6ElpT,中级运维工程师,药师帮,1000-9999人,互联网,本科,1-3年,,10-15K·14薪,广州,,2026-05-27 00:00:12
940f46a0d74eef390nd42t27E1RU,运维工程师/支持校招,北京杉数智能科技,100-499人,大数据,本科,1-3年,,10-15K·14薪,广州,,2026-05-27 00:00:12
b9cc0415062862590nV409u_FFRS,性能压测工程师,广州百瑞新能源技术,100-499人,物联网,本科,10年以上,"系统运维, Kubernetes, 物联网测试, 性能压力测试",15-20K,广州,,2026-05-27 00:00:12
8853c8c7f50dfe680nZ63N-5GFdV,硬件运维工程师,网络服务有限公司,0-20人,计算机服务,学历不限,1-3年,"网络运维, 系统运维, IDC机房运维, 桌面运维, 计算机相关专业, 运维经验, 希沃, 教育一体机, LED屏, 上门工程师, 电脑维修",4-9K,广州,,2026-05-27 00:00:12
94ce2ab912204f850nB42d27EVpZ,运维工程师,绿瘦健康产业集团,1000-9999人,互联网,大专,5-10年,,7-9K,广州,,2026-05-27 00:00:32
95a919597338209f0nB40tq1F1tU,运维工程师,蜂助手,100-499人,互联网,本科,3-5年,"实施交付运维, 算力集群搭建, 智算硬件集成",15-20K,广州,,2026-05-27 00:00:32
9adb1c106fed1a0c0nVz2N69ElZU,安防工程师,盐城英安信息科技,0-20人,机电工程,大专,3-5年,"网络运维, 实施交付运维, 系统运维",4-7K,广州,,2026-05-27 00:00:32
b7a7b99762a656f31nZ609q4F1pU,高级网络工程师,中移集成,1000-9999人,人工智能,本科,3-5年,"IT服务, 云计算, 大数据, 网络规划设计, 交换机配置, 故障处理, IDC建立, 路由器配置",12-15K,广州,,2026-05-27 00:00:32
5e39a348d6d750ff0nZ53tW9FFVY,中级运维工程师,广州索答,20-99人,计算机软件,本科,3-5年,"网络运维, Docker, 容器化, Linux, 运维开发经验, 计算机相关专业, 网络安全相关经验, 运维经验, 出差",7-9K,广州,,2026-05-27 00:00:32
d5a409b39118194d1HNz29W8F1Y~,网络工程师,丰通科技,20-99人,通信/网络设备,大专,3-5年,"系统运维, 虚拟机技术, 服务器配置, 云计算, 网络, IT技术支持, Oracle, SQL Server",8-13K·13薪,广州,,2026-05-27 00:00:54
c870ed9319174e390nd82dW1GFBS,运维工程师,上海新炬,1000-9999人,计算机软件,大专,1-3年,"系统运维, DBA, 运维开发/DevOps, Python/Shell, MySQL/Oracle, Docker, Kubernetes, 运维经验",6-8K·13薪,广州,,2026-05-27 00:00:54
b99b12a86e75cc730nB509u5ElNV,运维实施工程师,观安信息,500-999人,信息安全,本科,3-5年,,15-20K,广州,,2026-05-27 00:00:54
bddf7a6a90f87ca10nB73dy7E1FR,mes系统运维工程师,豪美新材,1000-9999人,金属制品,大专,3-5年,,10-12K,广州,,2026-05-27 00:00:54
dda6af4ba4603a6a0nB63Nq6EVdU,数据库运维工程师,煜邦,500-999人,计算机软件,大专,3-5年,"DBA, Docker, Elasticsearch, 计算机相关专业, Kubernetes",9-11K,广州,,2026-05-27 00:01:16
4652b177ede4da380nV_3tq5FlpU,高级/资深运维工程师,涂家智能,20-99人,物联网,大专,5-10年,"系统运维, 运维开发/DevOps, Docker, Kubernetes, elk",21-40K·13薪,广州,,2026-05-27 00:01:16
7138129b632a3cd30nd83Nm1FlZX,运维工程师,腾方科技,20-99人,计算机服务,大专,经验不限,,3-8K,广州,,2026-05-27 00:01:16
2c987cd1de11f8120nB-2tS_FlFX,高级运维工程师,购酷技术,20-99人,互联网,本科,5-10年,,13-26K,广州,,2026-05-27 00:01:16
5d08a5ca25c0d0ca0nB-2tq6FVNR,售后工程师,边界无限,20-99人,信息安全,本科,1-3年,,8-10K,广州,,2026-05-27 00:01:16
7ef1aa5642e9eefb0nB43Nq5FVdS,运营工程师,怡文环境,100-499人,仪器仪表,中专/中技,1-3年,"电子/电气/自动化相关专业, 环境监测, 水、气在线监测",6-7K,广州,,2026-05-27 00:01:16
cfcf61af2172c85903xz2dW1GVNS,云原生运维工程师,广发证券,10000人以上,互联网金融,本科,1-3年,"系统运维, 计算机相关专业, 通信相关专业, 电子/电气/自动化相关专业, 运维经验",22-40K,广州,,2026-05-27 00:01:16
3857a54d099b736f0nZ52ti0FVdX,功率预测运维工程师,明扬新能源,20-99人,风电,本科,1-3年,"实施交付运维, 运维开发经验",9-14K·13薪,广州,,2026-05-27 00:01:36
a4d23f749563ce4e1HZz3Ni7EFVS,运维工程师,广州网乐,0-20人,通信/网络设备,中专/中技,1-3年,"电子/电气/自动化相关专业, 运维经验",10-15K·13薪,广州,,2026-05-27 00:01:36
0741e2022b0ed4fe0nB60tu6GVJS,RTK基站运维工程师,极云地理,20-99人,其他专业服务,本科,1-3年,,6-9K·13薪,广州,,2026-05-27 00:01:36
3da21170785e4ce80nV_09q7EFpZ,运维工程师,辰蓝建设,20-99人,房屋建筑工程,本科,1-3年,,6-8K,广州,,2026-05-27 00:01:36
23b9cd33512c991d0nd72Nq6ElJQ,技术支撑工程师,云臻科技,20-99人,计算机软件,本科,3-5年,"网络运维, 系统运维, 运维开发/DevOps, DBA, Java, MySQL/Oracle, Docker, Kubernetes, 计算机相关专业, 通信相关专业, 运维开发经验, 网络安全相关经验, 大数据运维经验, zabbix, ITSM, ITIL, 运维, 售前",8-13K,广州,,2026-05-27 00:01:36
9f8a0ab1705f36920nB42tq1GFRR,运维工程师,廿玖贸易,20-99人,互联网金融,大专,1-3年,"系统运维, 计算机相关专业",7-9K,广州,,2026-05-27 00:01:36
8d2fe9ee10d91de20XN539q-F1Q~,技术市场工程师,广州西森自动化控...,20-99人,仪器仪表,大专,经验不限,"运维工程师, 自动化运维",3-5K,广州,,2026-05-27 00:01:36
b2d7925d4e859a300nd909-_E1BT,运维工程师（双休）,中杰宝科技,20-99人,计算机服务,本科,3-5年,"系统运维, MySQL/Oracle, Nginx, Redis, 运维经验, 计算机相关专业, 运维开发经验, MySQL、Redis, Prometheus等监控系统, SpringCloud, 微服务运维管理, Tomcat、ELK",7-10K,广州,,2026-05-27 00:01:57
725ffea7e30eb48303Z63NS1GFtY,运维工程师,广州麦天信息科技,0-20人,其他专业服务,高中,经验不限,"网络运维, 通信相关专业, 系统运维, 维保技术人员,运维工程师，售后技术员, 计算机相关专业, 电子/电气/自动化相关专业, 网络安全相关经验, 运维经验",3-5K,广州,,2026-05-27 00:01:57
7c5cd47c7c3a6a450nB62tq0FFVY,高级运维工程师,枫车创,100-499人,电子商务,本科,3-5年,,10-15K,广州,,2026-05-27 00:01:57
5e332bf29c6a222d0nd509y1E1NW,业务运维工程师,福富公司,1000-9999人,计算机软件,本科,1-3年,,9-11K,广州,,2026-05-27 00:01:57
7233373e5b9f80c00nd-2tq6GVRS,华为政企上门工程师,广州某中型通信/网络设备公司,100-499人,通信/网络设备,学历不限,经验不限,,15-25K,广州,,2026-05-27 00:07:46
041f65f21b7cca020nV42N-1EVVZ,中高级运维工程师,广州星火象限科技,20-99人,计算机软件,大专,5-10年,"ERP, 企业大运维, 统一运维, 饲料行业, 农牧行业",12-13K,广州,,2026-05-27 00:07:46
288f1c90df4314bf0ndz3tS8FFBX,存储工程师,中软国际,10000人以上,计算机软件,本科,3-5年,,10-11K·13薪,广州,,2026-05-27 00:07:46
9e0d03bc96645fc00nV72Nu0E1NU,运维网络工程师,上海朴聚,20-99人,通信/网络设备,大专,1-3年,"网络运维, 实施交付运维, IDC机房运维",8-10K,广州,,2026-05-27 00:08:07
279689286fd111430nB-2tq5FFFT,云平台技术咨询工程师,中航云测,20-99人,计算机软件,本科,3-5年,"系统运维, 实施交付运维, Python/Shell, Docker, MySQL/Oracle, 计算机相关专业, 运维经验, 阿里云平台运维经验, 电网项目经验",15-18K,广州,,2026-05-27 00:08:07
6676b7c696e5ebd31nZ739y1GFNU,测试运维工程师,广东保伦电子,1000-9999人,电子/硬件开发,本科,1-3年,"Linux, 音视频, 系统运维, 服务器配置, 测试",6-9K·13薪,广州,,2026-05-27 00:08:28
d76b3c8c029994fe0nV83926EVVX,运维工程师（K8S）,丽晶软件,100-499人,计算机软件,大专,3-5年,"Nginx, 实施交付运维, Docker, 系统运维, K8S, 运维开发/DevOps, 运维开发经验, 计算机相关专业, 运维经验",9-14K,广州,,2026-05-27 00:08:28
525ede86bbafff8003B529i8FlNS,初级运维工程师,广州协方差科技,0-20人,互联网,本科,,,200-250元/天,广州,,2026-05-27 00:08:49
877df2147af33e720nd929m4F1VU,测试运维工程师,深圳市万引智算技...,0-20人,人工智能,学历不限,经验不限,,6-11K·13薪,广州,,2026-05-27 00:08:49
89530c420789f82703142dm5FFVW,运维工程师（外企）,橙色魔方,500-999人,互联网,大专,3-5年,"运维开发/DevOps, Python/Shell, Ansible/Salt/Puppet, Java, 计算机相关专业, 外企",13-21K,广州,,2026-05-27 00:08:49
aa64d7eb4586f2900nB509m5GVpY,驻场运维工程师,税友集团,1000-9999人,互联网,本科,1-3年,"系统运维, Docker, MySQL/Oracle, zabbix, nginx",9-10K·14薪,广州,,2026-05-27 00:09:11
5d49ab47a6415a9b1Hd52du5FVpU,运维驻场工程师,广州蓝光图灵,0-20人,计算机服务,大专,1-3年,"桌面运维, 值班, 驻场, 打印机/复印机维修经验",4-6K,广州,,2026-05-27 00:09:11
5f4cab06d23f65c00ndy2d-1FFtV,监控平台运维工程师,金座,20-99人,通信/网络设备,大专,3-5年,,5-7K,广州,,2026-05-27 00:09:11
879a16b053eaa4321Xxy3d6-E1JQ,运维工程师,广州慧泉,20-99人,计算机服务,学历不限,经验不限,"网络运维, 桌面运维",7-8K·13薪,广州,,2026-05-27 00:09:11
81977121441c871f0nZ93du8EFFV,暖通运维工程师,科华数据,1000-9999人,大数据,大专,1-3年,IDC机房运维,6-8K,广州,,2026-05-27 00:09:11
2b4da26df60081480nB42tq0F1BX,运维工程师,新讯数字科技有限公司,1000-9999人,计算机软件,本科,1-3年,"网络运维, linux操作系统, TCP/IP网络基础, 数据库, 运维经验",10-15K,广州,,2026-05-27 00:09:11
fcde10a055e93e7803x-2ty9ElBV,技术实施运维工程师,科迅电子,20-99人,计算机软件,大专,,,60-110元/天,广州,,2026-05-27 00:09:11
c95cbe9586c241f50nd80tq0FVdU,运维工程师,云海技术,0-20人,互联网,大专,1-3年,,5-7K,广州,,2026-05-27 00:09:11
0df9103b63c3ec3e0nB63NS6EVJU,网络运维工程师,雷焰游戏,100-499人,游戏,大专,3-5年,"网络运维, 系统运维, IDC机房运维",9-14K,广州,,2026-05-27 00:09:30
ce26143648ad50f60nd60tm_E1tZ,运维工程师（广州）,天玑科技,500-999人,计算机服务,大专,1-3年,线上客服,4-6K,广州,,2026-05-27 00:09:30
c1150208f4d4423f0nB63tS5E1pW,电力运维工程师,东和电力技术,20-99人,电力/热力/燃气/水利,大专,1-3年,,6-10K,广州,,2026-05-27 00:09:30
6f5a6e39a64df3961nF_3dW-E1tV,运维工程师,广州驰腾软件科技...,20-99人,计算机软件,本科,经验不限,"计算机相关专业, 数据库运维",3-8K,广州,,2026-05-27 00:09:30
d7becca82cddbd1c0ndy2N-0GFJU,DevOps工程师,广州市阿理好钢业,0-20人,机械设备/机电/重工,本科,1-3年,"Docker, 运维开发/DevOps, 运维开发经验",6-10K,广州,,2026-05-27 00:09:30
cf990dc07c74ce7b0XN50ty1E1Y~,技术工程师,广州鑫梦达,20-99人,通信/网络设备,大专,经验不限,"Cisco, 网络设备, 网络安全, 计算机软件, 大数据, 云计算, SaaS, 人工智能",3-5K,广州,,2026-05-27 00:09:30
4f7a2fce4c6a32360nB729i4E1JT,运维工程师,宇信科技,1000-9999人,计算机软件,本科,5-10年,,10-15K,广州,,2026-05-27 00:09:30
5aafccd1aafd69fc0nd72ty6FFdW,运维工程师  （双休）,大白潮玩,100-499人,文化艺术/娱乐,本科,3-5年,"网络运维, Nginx, MySQL/Oracle, ClickHouse, 系统运维, Linux系统运维, PHP",13-18K,广州,,2026-05-27 00:09:30
fae505c5e475669b0nB439y_FFRZ,系统运维工程师,茵凯,20-99人,计算机服务,本科,经验不限,,4-5K,广州,,2026-05-27 00:09:51
f1caf8acf78c30d70nB73d67GFFW,it运维工程师,广州商学院,1000-9999人,学校/学历教育,本科,3-5年,,8-10K,广州,,2026-05-27 00:09:51
3704c7eaea5dc9350nVy2d-0GFVX,运维工程师,MICAS,100-499人,电子商务,大专,5-10年,"网络运维, 大数据运维经验, 系统运维, 运维开发/DevOps, 运维开发经验, Python/Shell, 计算机相关专业, 网络安全相关经验, 运维经验",12-18K,广州,,2026-05-27 00:09:51
ad5f6b9b7ed4e9dc1nZ-39u7EVZW,C++工程师-产业互联网,国科恒通,100-499人,计算机软件,本科,经验不限,"分布式技术, 微服务架构, 云计算",25-40K,广州,,2026-05-27 00:10:14
1c2732ffc234d7030nB60t-6ElFZ,空气站运维工程师,禾信仪器,100-499人,仪器仪表,本科,3-5年,"空气站, 国标六参数",8-12K·15薪,广州,,2026-05-27 00:10:14
023cf22663c9ebe40XV72N-_F1o~,复印机维修工程师,新盛楚,20-99人,批发/零售,中专/中技,1-3年,实施交付运维,4-9K·13薪,广州,,2026-05-27 00:10:14
cf50801104f4ec5c03By0tm8EVZR,IDC运维值班工程师,有孚网络,100-499人,互联网,大专,1-3年,,7-9K,广州,,2026-05-27 00:14:42
ee1cce6da106b3cd0nB43d66EFpT,数据中心运维工程师,新榞,100-499人,人力资源服务,大专,3-5年,"IDC机房运维, 计算机相关专业, 运维经验, 存储, 电网, X86, ARM, 数据中心",9-12K,广州,,2026-05-27 00:14:42
fd2cc6400cd762370nB52dy5EVNQ,GIS应用运维工程师,广州九雏科技有限公司,20-99人,计算机软件,大专,3-5年,"IDC机房运维, 运维开发/DevOps, 实施交付运维, 系统运维, Python/Shell, Kubernetes, Elasticsearch, Ansible/Salt/Puppet, 运维经验, GIS",10-13K,广州,,2026-05-27 00:15:04
f0ed3b0212d9f1430ndy3ty-EVFV,监测系统运维工程师,一科智能,100-499人,计算机服务,大专,3-5年,"网络运维, Nginx, 通信相关专业, Windows Server, PostgreSQL, Python/Shell, 计算机相关专业, 网络安全相关经验, 运维经验, IIS, MySQL/Oracle, 系统运维, Kingbase, 麒麟",10-12K,广州,,2026-05-27 00:15:45
84efacb57cf8666e0nV539u4GVFU,信息安全等级保护测评工程师（中级）,国源天顺,100-499人,信息安全,本科,1-3年,"数据安全, Linux, 渗透测试, 信息安全, 网络设备, SQL Server, 大数据, 云计算",12-18K,广州,,2026-05-27 00:16:07
cab786f3aabea80c0ndz3NS4FldT,运维工程师,中长康达,100-499人,计算机软件,大专,1-3年,"计算机相关专业, 电子/电气/自动化相关专业, 运维经验, 安防监控设备, 门禁系统, 信创, 国产化系统维护, 弱电",5-6K,广州,,2026-05-27 00:16:26
a03b1e211c71b4531HF63t-8E1JZ,设备运维工程师,友仪机电,20-99人,企业服务,大专,5-10年,电子/电气/自动化相关专业,13-16K·13薪,广州,,2026-05-27 00:16:48
e669ca49f18423be1nN_3Nu4FlRZ,项目实施工程师,派客朴食信息科技,100-499人,计算机软件,大专,1-3年,"软件安装培训, 实施交付运维, 设备安装, 售后技术支持",4-7K,广州,,2026-05-27 00:17:09
7bb61fc2b5e961c70nB62Ni_GFtV,运维工程师,9377游戏,500-999人,游戏,本科,1-3年,"计算机相关专业, 运维经验, 网络安全相关经验",10-15K,广州,,2026-05-27 00:17:31
03d7e72e223243ac0nZ73N2_ElFU,软件实施工程师,英诺威尔,1000-9999人,通信/网络设备,本科,3-5年,,7-11K·13薪,广州,,2026-05-27 00:17:31
05703079741046d80nB-29i4GFtU,云运维工程师（某运营商）,神州信息,10000人以上,计算机软件,本科,1-3年,"系统运维, 实施交付运维, Python/Shell, 一线运维, 云运维, 云计算, 云计算技术支持, 云平台",8-13K,广州,,2026-05-27 00:22:40
0ae998db383309991nZ_0tW7E1pU,技术支持（实习生/应届生）,讯方技术股份,1000-9999人,计算机软件,大专,,"IT技术支持经验, 计算机/通信相关专业, 运维工程师, 云计算工程师, 数通工程师, 售后支持/客户响应经验, 可适应出差, 网络工程师",100-150元/天,广州,,2026-05-27 00:22:40
8873ad1692c11e0803N-2N65FFdU,GPU服务器运维工程师,宏景科技,100-499人,计算机软件,大专,1-3年,,8-13K,广州,,2026-05-27 00:23:20
32df24459e1dba3e0nZ929W5FVBU,安全运维工程师,安恒信息,100-499人,信息安全,学历不限,3-5年,,12-15K,广州,,2026-05-27 00:23:41
2b6aff4b033106240nZ-3ti8EltV,自动驾驶车辆运维工程师,京东世纪贸易有限公司,10000人以上,互联网,大专,5-10年,,18-35K·20薪,广州,,2026-05-27 00:24:03
45d031f392fdcaa10ndz3d2-GVNS,国企-运维工程师,广东某中型人工智能公司,100-499人,人工智能,硕士,5-10年,,20-35K,广州,,2026-05-27 00:24:03
619e3946d7f103bd0nB62d--GFBV,it运维工程师,铁腾科技,20-99人,通信/网络设备,大专,1-3年,"网络运维, IDC机房运维, IT运维, 数据中心",6-9K·13薪,广州,,2026-05-27 00:24:23
1b1b7f4d5b0c6fba0nB4096-GVdR,运维工程师—广州,中电科安全科技,100-499人,计算机软件,本科,1年以内,,7-9K,广州,,2026-05-27 00:24:23
78b484453e1f5c170nR-39-8FlJR,运维工程师,实丰互娱(广州),20-99人,游戏,大专,3-5年,,8-11K,广州,,2026-05-27 00:24:45
949634c66be8c1711XFy3d20FltY,充电桩工程师,讯腾新能源,0-20人,新能源,大专,1-3年,"计算机相关专业, 电子/电气/自动化相关专业, 运维经验",10-11K·13薪,广州,,2026-05-27 00:25:29
cee63186ef0703790nB-296_GVdV,云平台运维工程师—长期驻场某通信运营商,神州信息,10000人以上,计算机软件,本科,3-5年,"云平台, 云计算",10-14K,广州,,2026-05-27 12:26:36
0ae998db383309991nZ_0tW7E1pU,技术支持（实习生/应届生）,讯方技术股份,1000-9999人,计算机软件,大专,,"IT技术支持经验, 计算机/通信相关专业, 运维工程师, 云计算工程师, 数通工程师, 售后支持/客户响应经验, 可适应出差, 网络工程师",100-150元/天,广州,,2026-05-27 12:26:36
d6cebd07f0b7cfdf0nB-2Nu5EVFW,解决方案/架构师（云计算/iaas/云业务）,某知名央企,1000-9999人,计算机服务,本科,10年以上,"负载均衡技术, 虚拟机技术",35-60K·15薪,广州,,2026-05-27 12:26:36
4fe5ddc3747b2e9803Z52tu6FldZ,云计算咨询项目技术人员,广东电信设计院,1000-9999人,通信/网络设备,本科,1-3年,"PMP, 信息系统项目管理师, 系统集成项目管理",5-10K·13薪,广州,,2026-05-27 12:26:36
42932e9d24399ef40nR739m-GFpZ,云运维工程师,软通动力,10000人以上,计算机软件,本科,3-5年,"Prometheus/Grafana,, 系统运维, terraform,ansible, k8s, 运维开发经验, 阿里云/腾讯云/华为云, 公有云, 运维经验",15-23K,广州,,2026-05-27 12:26:56
c1037c02f2c544410nVz0ty9GFtT,云计算 + AI 设备与服务运维专家,广东甜秘密创新科技,500-999人,家具/家居,本科,10年以上,,30-50K,广州,,2026-05-27 12:26:56
d2abd2a816cd19670nB-2Nq0FlBY,运维工程师,炜城智能科技,20-99人,计算机软件,本科,经验不限,运维工程,5-8K·13薪,广州,,2026-05-27 12:26:56
ec47daaad340140d0nB53dm0GFFU,中级运维工程师,华苏科技,1000-9999人,互联网,大专,3-5年,,9-12K,广州,,2026-05-27 12:26:56
244c877033ad83211XJy3dS-EVBZ,云计算高级研发工程师,云宏信息,100-499人,计算机软件,本科,3-5年,"虚拟化, 云平台, 分布式存储",18-35K,广州,,2026-05-27 12:26:56
39fa14ad011c555a03N-0928GVBV,云计算研发工程师,网易,10000人以上,互联网,本科,3-5年,"Golang, Python, Kubernetes, Docker",30-55K·16薪,广州,,2026-05-27 12:26:56
b4ad68813f3c41e3031539m6E1JY,售前工程师(自研+双休+年终+补贴),群顶科技,100-499人,计算机软件,本科,1-3年,"云服务, 虚拟机技术, 分布式技术, 云计算",15-25K·13薪,广州,,2026-05-27 12:27:18
5aed2708cfcb71360nRy2N26GFFX,运维工程师,广州灵创未来网络,0-20人,互联网,学历不限,3-5年,,11-22K,广州,,2026-05-27 12:27:18
b4b9581e3037970303192N-6EFVX,售后网络工程师,汇通国信,500-999人,计算机服务,本科,5-10年,"等保、密评, 调数网、综数网, BGP, 云计算",10-15K·14薪,广州,,2026-05-27 12:27:18
d6ff542263acef2e0nd429i8F1ZU,人工智能运维工程师,博纳,100-499人,计算机服务,大专,1-3年,,8-13K,广州,,2026-05-27 12:27:18
e2a26f80970e26f60nB73tm8EVVQ,linux运维工程师,丰德科技,100-499人,计算机软件,本科,3-5年,"Linux运维, 系统运维, RHCE",8-9K,广州,,2026-05-27 12:27:18
cea40010567fab781Xxy3NS_FFZU,算法工程师（三轴云台）,天域创智,20-99人,智能硬件,大专,1-3年,"研究导向, 云计算, C/C++, 机器学习算法/工程化经验",15-25K·13薪,广州,,2026-05-27 12:27:40
b329ecb05f7d4a1c0ndy3967ElNV,基础设施运维工程师,上海鑫亿诚宸信息技术,100-499人,互联网,大专,1-3年,"SOP，MOP, 制冷， 暖通，弱电, UPS，BA动环监控",12-18K,广州,,2026-05-27 12:27:40
d1c4244b5dc4a9e603Ny3du4FlpW,运维交付工程师,HyperAI,20-99人,计算机软件,本科,5-10年,,15-20K·13薪,广州,,2026-05-27 12:27:40
b4f371c68bb1d9281X1639i0FlJS,服务器运维工程师,广州美央创新科技,100-499人,医疗器械,本科,1-3年,网络运维,15-30K,广州,,2026-05-27 12:27:40
de27037bd3d591e61XF-2ti_GFFS,驻点工程师,斯比得复印机中心,0-20人,计算机服务,本科,经验不限,"网络运维, 系统运维, 桌面运维",3-6K,广州,,2026-05-27 12:27:40
e2c8bd42ee59fdc10nB53dS0FlRV,初级运维工程师,广州洛益网络科技,0-20人,人工智能,本科,1-3年,,10-15K,广州,,2026-05-27 12:27:40
6d3117b94d8225e203x_3du-GVBU,中级运维工程师,稳态超界,20-99人,计算机软件,本科,3-5年,"实施交付运维, 运维开发/DevOps",12-17K,广州,,2026-05-27 12:27:40
6d5576c03b263df10nV50tu9F1ZZ,运维工程师,光影播播,20-99人,广播/影视,大专,1-3年,"IT技术支持, 展厅运维, 多媒体系统, 会议系统, 硬件设备维护",7-10K,广州,,2026-05-27 12:28:00
f01f957cf34769a40nZ62t-6GFZV,运维工程师,上海递归未来网络科技,100-499人,互联网,本科,10年以上,,9-11K,广州,,2026-05-27 12:28:00
32e8b8afc576c32c03N429i4EFBY,运维工程师,零一空间,20-99人,广告/公关/会展,本科,3-5年,"Docker, Elasticsearch, 运维开发/DevOps, Redis, Python/Shell, 计算机相关专业, 运维经验, Kubernetes",12-15K,广州,,2026-05-27 12:28:00
dcf296c2b9ce635c1HZ80t--ElRU,阿里云-客户稳定性工程师CRE-上/杭/广/深,阿里巴巴集团,10000人以上,互联网,本科,3-5年,"系统运维, 网络运维, DBA, Kubernetes, Docker, Elasticsearch, 运维经验, 计算机相关专业, HCIE, SRE, 云计算",25-45K·16薪,广州,,2026-05-27 12:28:00
0973edc6adf5c8340nB509q4FFRY,运维工程师,星绘动漫,100-499人,文化艺术/娱乐,本科,3-5年,"Golang, 网络运维, Java, 通信相关专业, 系统运维, 运维开发经验, 桌面运维, Python/Shell, 计算机相关专业, 网络安全相关经验, IDC机房运维",13-18K,广州,,2026-05-27 12:28:21
fe427f3bb2c4ba8c0nB63N67GVpW,IT安全运维工程师,好太太集团,1000-9999人,家具/家居,本科,3-5年,,12-15K·13薪,广州,,2026-05-27 12:28:21
d4b2c00b90d6251e0nV_0t26GFFQ,游戏运维工程师,尼欧网络,100-499人,游戏,本科,1-3年,"Linux, Windows, 数据库运维, Python",4-8K,广州,,2026-05-27 12:28:42
3e91bef856fb46d003Ny0tS7FlBU,系统运维工程师,广东三正建设有限公司,20-99人,土木工程,大专,5-10年,,10-15K,广州,,2026-05-27 12:28:42
a72a03fcffc306a70nV93tq7F1ZW,值班工程师,广州高境酒店管理,100-499人,酒店/民宿,高中,1-3年,,6-7K,广州,,2026-05-27 12:29:05
57dd736c7ca9cc7f0nB409u-F1NU,运维工程师,广州溪源信息技术,0-20人,互联网,大专,1-3年,"Golang, 网络运维, 大数据运维经验, 运维开发/DevOps, 运维开发经验, 桌面运维, Python/Shell, 计算机相关专业, 运维经验, 打印机/复印机维修经验",5-10K,广州,,2026-05-27 12:29:05
be4781f11466402b1H1z3N26EFtV,兼职工程师,美天科技,20-99人,信息安全,大专,经验不限,"桌面运维, 网络运维, 系统运维, IDC机房运维, DBA",5-10K,广州,,2026-05-27 12:29:05
95c49542999cd9220nR40ti_GVRW,运维工程师,广州开付信息科技,100-499人,互联网,大专,3-5年,"系统运维, 运维开发/DevOps, 运维经验, Kubernetes",10-15K,广州,,2026-05-27 12:29:26
bfad50dca9f4d22d03d42tq7GVRT,运维工程师,广州欧科,100-499人,大数据,本科,3-5年,,6-10K,广州,,2026-05-27 12:29:26
2c4f5e181a7c8e480nB62tS6GVZQ,运维工程师,迷你玩科技游戏,1000-9999人,游戏,大专,3-5年,,11-22K,广州,,2026-05-27 12:29:26
be78e765cd2989710nB4092-ElZW,门店运维工程师,微创网络,10000人以上,计算机软件,大专,5-10年,,6-8K,广州,,2026-05-27 12:29:48
07225a0779bdf72603J62di-FlBV,运维工程师,广东乐维,20-99人,计算机软件,本科,经验不限,"Linux, 系统运维, 计算机相关专业, Zabbix",4-6K,广州,,2026-05-27 12:29:48
6f3a7e4a32e8ccf30nB43t26FltZ,运维工程师,广州云能科技有限公司,20-99人,互联网,本科,5-10年,"网络运维, 系统运维, Python/Shell, MySQL/Oracle, Docker, Kubernetes, 计算机相关专业, 运维开发经验, 运维经验, 网络安全相关经验",14-22K,广州,,2026-05-27 12:29:48
977d466e555c3bc303xz3d26F1ZR,运维工程师,广东睿云,100-499人,互联网,本科,1-3年,,8-10K,广州,,2026-05-27 12:29:48
a586506f81b502290ndy2Nu_ElVR,IT运维主任工程师,简知科技,1000-9999人,互联网,本科,5-10年,,15-25K·14薪,广州,,2026-05-27 12:29:48
9bb0b8fcbd714f990ndz29-7ElFZ,运维开发工程师,巨风科技,20-99人,互联网,大专,1-3年,,12-15K,广州,,2026-05-27 12:29:48
263b5e6542a1e4280nB709W4EVpW,IT运维工程师,衬衫老罗,100-499人,服装/纺织,大专,3-5年,"桌面运维, 网络运维, 系统运维, IDC机房运维, 运维开发/DevOps, MySQL/Oracle, 计算机相关专业, 运维经验, 网络安全相关经验, 打印机/复印机维修经验",7-9K,广州,,2026-05-27 12:29:48
d5b64e4ecc1b5bea03B52dm1FFtV,运维工程师,三维天地,1000-9999人,计算机软件,本科,经验不限,"实施交付运维, 运维开发/DevOps, MySQL/Oracle, 计算机相关专业, 运维开发经验, 服务器部署",9-14K,广州,,2026-05-27 12:29:48
eaf5c76f5cca62260nB50966FVFT,云平台交付工程师,浩鲸科技,10000人以上,通信/网络设备,本科,1-3年,"腾讯TCE, Docker, MySQL/Oracle, 系统运维, 运维开发/DevOps, 云平台交付, 运维经验, Kubernetes, 云计算",10-15K,广州,,2026-05-27 12:34:17
1f45b9ed6ac92a8a1XN_2tW5GFZT,【华为&德科联合】算法工程师,华为云计算,10000人以上,计算机服务,硕士,经验不限,"无明显侧重, 生物医疗, 云计算, Python",20-40K,广州,,2026-05-27 12:34:59
67c5ae92006213fb0nB-2ti1FVRQ,专有云运维工程师,北京软通动力云计...,10000人以上,互联网,本科,3-5年,"网络运维, Kubernetes, Docker, 计算机相关专业, 大数据运维经验, 专有云, 煜象, 润和, 浩鲸",11-15K,广州,,2026-05-27 12:34:59
ceaf692798e4c4fb0HF53tu0EVM~,存储研发工程师,腾讯,10000人以上,互联网,本科,经验不限,"C++, 分布式技术, 云计算",30-60K·14薪,广州,,2026-05-27 12:35:18
e28488d6d6e50cb21Xd73dq_F1dQ,智能化运维工程师,宏景科技,100-499人,计算机软件,大专,经验不限,"系统运维, 桌面运维, 存储运维, 自动化运维, 机房运维",5-10K·13薪,广州,,2026-05-27 12:35:40
edab3be6e88ccedf1XBy2tm7EVJR,运维工程师,浙江应杰科技有限...,100-499人,计算机服务,大专,1-3年,"Golang, Java, 运维开发/DevOps, Python/Shell",6-10K,广州,,2026-05-27 12:35:40
1505e909e9d3904f031_39-7EFJZ,高级运维工程师,魔橙,100-499人,互联网,本科,5-10年,"网络运维, Docker, Python/Shell, 运维经验, Kubernetes",15-20K,广州,,2026-05-27 12:35:40
eb32c540218100ca1HZ92di8EFBY,智能弱电工程师,德勒科技,0-20人,工程施工,学历不限,3-5年,网络运维,5-8K,广州,,2026-05-27 12:36:01
da7ca78fede49b7803N63N60F1tX,运维工程师,广州拳游科技有限公司,100-499人,游戏,本科,5-10年,"Linux, Jenkins、dockers, 运维开发/DevOps, 运维开发经验, 计算机相关专业, Kubernetes",15-30K,广州,,2026-05-27 12:36:23
0aa2bee89180542f0nd82di4FlJS,医疗实施工程师,创惠科技,100-499人,医疗健康,本科,经验不限,"计算机相关专业, 医疗实施, 医疗信息化, HIT实施",4-7K,广州,,2026-05-27 12:36:23
a4356f64ebdde76403Nz29q-ElVQ,业务运维工程师,广州中钦科技服务,20-99人,互联网,大专,3-5年,"MySQL/Oracle, Docker, 系统运维, 运维开发/DevOps, Python/Shell, 计算机相关专业, 运维经验, Kubernetes",9-10K,广州,,2026-05-27 12:36:43
d7e6d3560d67cd9d0ndz0t64FFpU,运维工程师,源雅学校,1000-9999人,学校/学历教育,大专,1-3年,"网络运维, 桌面运维, 系统运维",6-7K,广州,,2026-05-27 12:36:43
2b01d5112851cde90nB53dW_E1pV,运维工程师/资深运维工程师,九安物联,500-999人,智能硬件,本科,3-5年,"MySQL/Oracle, Linux, 云体系, 计算机相关专业, Python/Shell",11-19K,广州,,2026-05-27 12:37:04
05418188d62e5ee80nV63ty0E1pU,软件运维实施工程师,广东迈科,20-99人,医疗健康,本科,1年以内,,5-6K,广州,,2026-05-27 12:37:04
f99cf4522bda7fd60nZz3Nu-EVZV,软件运维工程师,绿能中环,100-499人,光伏,本科,3-5年,"CI/CD流程, Docker容器, 生产环境K8s, Linux",8-13K,广州,,2026-05-27 12:37:04
8f154eca353976610ndy3tS4FlFX,SRE运维工程师,开源中国,100-499人,互联网,本科,3-5年,"Golang, 实施交付运维, Docker, 运维开发/DevOps, 计算机相关专业, 运维经验, Kubernetes",15-25K·14薪,广州,,2026-05-27 12:37:04
1ec463ee9b28ff890nZ909S4EFdX,门店运维工程师,鸣鸣很忙集团,10000人以上,新零售,大专,1-3年,,8-12K·13薪,广州,,2026-05-27 12:37:04
0d248d3ac43858d71X1y0t-_EFFU,运维工程师,仪速安,100-499人,仪器仪表,大专,3-5年,"系统运维, 运维开发/DevOps, IDC机房运维",8-12K,广州,,2026-05-27 12:37:04
5213f7d4dfb6038d1XF83du7E1tU,云计算工程师,广州中铁信,100-499人,企业服务,本科,1-3年,"计算机/网络系统工程师, 计算机相关专业, 通信/工程相关专业, 系统建设/运维经验, HCNA/HCNP, CCNA/CCNP, 信息系统项目管理师",8-13K,广州,,2026-05-27 12:42:12
4e769c283ddc04840nB53Ny7E1tX,服务器系统运维工程师,恩士迅,1000-9999人,计算机服务,本科,5-10年,,10-15K,广州,,2026-05-27 12:42:12
9649e2bcb4afc9e103J6396-GVVT,云计算Golang研发工程师（IoT方向）,霍曼科技,100-499人,家用电器,本科,1-3年,,8-13K,广州,,2026-05-27 12:42:12
1e918a7fdbed545c0nB429m-FFdR,云计算售前技术支持,万宝盛华企业管理...,1000-9999人,生活服务(O2O),本科,1-3年,"ERP/OA/CRM系统, 云服务, AI, ICT, 其他类型SaaS/PaaS, 云计算",10-13K,广州,,2026-05-27 12:42:33
6890b620bf67210c1XR409q5EFtZ,云计算开发工程师,安颖智慧,100-499人,互联网,本科,3-5年,"Java, 容器技术, 虚拟机技术, 分布式技术, 网络协议, K8S, Docker",30-60K·15薪,广州,,2026-05-27 12:42:33
58ce059176b3d8410nZ42Nu1FlFY,linux内核开发工程师,广州湛蓝空域网络科技,100-499人,信息安全,学历不限,5-10年,"Linux开发/部署经验, 云手机, 云计算, 云桌面, docker, 虚拟化",40-65K,广州,,2026-05-27 12:42:33
c69675244601f99d1Hx92ti-GVJS,测试运维工程师,抵奥云,20-99人,互联网,大专,1-3年,"运维开发/DevOps, 实施交付运维, Java, Python/Shell, MySQL/Oracle",5-8K,广州,,2026-05-27 12:42:33
518fa3633e78ffdb0nB-2NS_E1BU,运维工程师,多益网络,1000-9999人,互联网,本科,经验不限,"DBA, Docker, ceph, 运维开发/DevOps, DNS, openstack, Python/Shell",16-28K·14薪,广州,,2026-05-27 12:42:33
a298e4db4575d3490nZ929W6FFVS,运维工程师,青莲网络,100-499人,互联网,本科,1-3年,"阿里云, 系统运维, 火山云, 云平台, AWS, 云计算",7-9K·13薪,广州,,2026-05-27 12:42:33
85612ed6fa37bb3b03J62Ni_F1RR,桌面运维工程师,超众服务,100-499人,计算机软件,大专,经验不限,"桌面运维, 计算机相关专业",3-5K,广州,,2026-05-27 12:42:54
55e6bc00538f4b910nB73tS7GVtT,自动化运维工程师,云积软件,100-499人,计算机软件,本科,1-3年,"MySQL/Oracle, Docker, 运维开发经验, Python/Shell, 计算机相关专业, Kubernetes",4-7K,广州,,2026-05-27 12:42:54
dd7882492ff4fc6a0nZy2t6-GVZR,运维工程师,视源股份(CVTE),1000-9999人,电子/硬件开发,本科,5-10年,,20-30K·13薪,广州,,2026-05-27 12:42:54
066fde62ee3650030XV93Ni1F1M~,运维工程师,正国,0-20人,其他专业服务,大专,在校/应届,实施工程师,5-6K·13薪,广州,,2026-05-27 12:42:54
367dea5c12bee9ed0ndy3Nu4EFRQ,运维工程师,药师帮,1000-9999人,互联网,本科,1-3年,"DBA, Elasticsearch, Docker, 系统运维, Redis, 运维经验",11-20K·14薪,广州,,2026-05-27 12:42:54
132a148a3decff810nB609m-E1VT,视觉调试工程师6K,腾哲公司,100-499人,人力资源服务,大专,经验不限,实施交付运维,5-6K,广州,,2026-05-27 12:42:54
db8dae6d4bf4273d1XJ42t-_GFBU,云计算运维开发工程师,CVTE,1000-9999人,智能硬件/消费电子,本科,1-3年,"Docker, Kubernetes, Golang, 运维开发经验, 自动化运维",15-20K,广州,,2026-05-27 12:42:54
b9df8aa7f73a1114031z3NS6FltR,运维工程师,乐享信息,500-999人,计算机软件,大专,5-10年,,10-15K,广州,,2026-05-27 12:42:54
8873ad1692c11e0803N-2N65FFdU,GPU服务器运维工程师,宏景科技,100-499人,计算机软件,大专,1-3年,,8-13K,广州,,2026-05-27 12:43:16
3e9e0820554147dc1XNy09W_EVJX,运维工程师,泺立能源科技,100-499人,电力/热力/燃气/水利,本科,3-5年,"网络运维, 实施交付运维, 系统运维, 项目管理",5-10K,广州,,2026-05-27 12:43:16
7a1c40d4557435450nZ53Nm4FVtY,平台可靠性工程师,广州极醋国际商务服务,100-499人,批发/零售,本科,3-5年,,20-27K,广州,,2026-05-27 12:43:35
1bd14fffe2ed81150nd-29m-ElFR,机器人运维工程师,利贝拉,0-20人,其他专业服务,大专,经验不限,"桌面运维, 网络运维, 计算机相关专业, 运维经验, 大数据运维经验, 机器人",5-8K,广州,,2026-05-27 12:43:35
c0ad7012e47d403d03B529i8FVRT,运维工程师,广州协方差科技,0-20人,互联网,本科,经验不限,,7-8K,广州,,2026-05-27 12:43:35
515082b33776216003F-3tq7ElRZ,技术支持工程师,澳盾智能,20-99人,互联网,本科,3-5年,"大数据运维经验, 系统运维, 运维经验, 项目实施及运维",6-8K,广州,,2026-05-27 12:43:35
7e03d66eb739fe0c0nB52t-9FFBU,应急运营工程师,新榞,100-499人,人力资源服务,大专,3-5年,网络运维,9-13K,广州,,2026-05-27 12:43:35
d113dcdbdaac7f960H1-29-8FVY~,网络工程师,广州安客,0-20人,信息安全,大专,1-3年,"网络安全, 网络设备, IT服务, 计算机软件, 云计算",5-7K,广州,,2026-05-27 12:43:55
9394e1f708177d980nB-39-_E1BZ,运维工程师,广州飞豹网络,20-99人,互联网,本科,3-5年,,12-16K,广州,,2026-05-27 12:43:55
8de88ac245a472cb1Xx92NS4EldX,运维工程师,港鑫科技,100-499人,计算机软件,本科,1-3年,弱电、监控,5-7K,广州,,2026-05-27 12:43:55
db38f3b3dc32d9e90nB53du5GVtS,运维工程师,广东亿迅科技有限公司,1000-9999人,互联网,本科,1-3年,,8-10K,广州,,2026-05-27 12:43:55
5cd69e4210da0d5c0nd42di9FlJY,运维工程师,星鼎,20-99人,信息安全,本科,,"IDC机房运维, 系统运维, 网络运维, 计算机相关专业, 运维经验",160-180元/天,广州,,2026-05-27 12:43:55
45d031f392fdcaa10ndz3d2-GVNS,国企-运维工程师,广东某中型人工智能公司,100-499人,人工智能,硕士,5-10年,,20-35K,广州,,2026-05-27 12:44:17
74c86b9d9c2e193a0nB42tq5FFRU,高级运维工程师,某大型互联网公司,100-499人,互联网,大专,5-10年,"系统运维, 网络运维, Python/Shell, Kubernetes, k8s运维",30-60K·16薪,广州,,2026-05-27 12:44:17
1b1b7f4d5b0c6fba0nB4096-GVdR,运维工程师—广州,中电科安全科技,100-499人,计算机软件,本科,1年以内,,7-9K,广州,,2026-05-27 12:44:17
3fabf5dc3b1ff6d60nR43Ni-EVtQ,运维网络工程师,上海朴聚,20-99人,通信/网络设备,大专,1-3年,"网络运维, 实施交付运维, IDC机房运维",8-10K,广州,,2026-05-27 12:44:17
8b7ece20c7d5f4e50nB52t-4GVpT,运维工程师,煜邦,500-999人,计算机软件,大专,1-3年,"系统运维, 运维经验",7-8K,广州,,2026-05-27 12:44:17
72ee3b5016c335c403F_3NW8E1NZ,运维工程师,广州医博,100-499人,医疗健康,本科,1-3年,,7-12K,广州,,2026-05-27 12:44:40
949634c66be8c1711XFy3d20FltY,充电桩工程师,讯腾新能源,0-20人,新能源,大专,1-3年,"计算机相关专业, 电子/电气/自动化相关专业, 运维经验",10-11K·13薪,广州,,2026-05-27 12:44:40
0c7764fd2f9fc8d803dz3d-9FFdR,运维工程师,汇聚智能,20-99人,智能硬件,本科,1-3年,"系统运维, Docker, 计算机相关专业, 运维开发经验, 运维经验, 网络安全相关经验",6-9K,广州,,2026-05-27 12:45:01
128e5769c28ef4d50nR_2dy5FVRR,主站调试工程师,广州兆能,100-499人,电力/热力/燃气/水利,本科,经验不限,,5-7K·13薪,广州,,2026-05-27 12:45:01
a14b1e5d52495ded1XN53927E1FZ,运维工程师,广州大海科技信息,0-20人,通信/网络设备,学历不限,1-3年,"网络运维, 实施交付运维, 通信相关专业, 大屏KVM系统, 系统运维, 音视频系统, 桌面运维, 计算机相关专业, 网络安全相关经验, 运维经验, 打印机/复印机维修经验",4-6K,广州,,2026-05-27 12:45:01
6e1fa2a9ece6985b1n1909i8F1pW,信息化咨询工程师,城图,20-99人,计算机服务,本科,5-10年,"需求分析工程师, 咨询师, XMind, 云计算, 物联网",11-17K,广州,,2026-05-27 12:45:01
3bee401d404e14de1XZ92965FVFR,运维工程师,广东正邦电力通信,100-499人,电力/热力/燃气/水利,大专,3-5年,"网络运维, Nginx, 服务器配置, 运维开发/DevOps, 分布式技术, Redis, 网络协议, Shell, Linux, 系统运维, MySQL, 容器技术, Kubernetes, Python",7-8K,广州,,2026-05-27 12:45:01
fb77afd0c7fb98d903Z839W5FFBX,Android高级工程师,零一万物,100-499人,计算机服务,本科,3-5年,"Java, Android开发经验, 架构设计/优化, Android客户端产品研发, AI, 人工智能, Flutter, 大模型, 大规模应用开发/维护经验, Kotlin, AI Agent, 云计算",12-18K·14薪,广州,,2026-05-27 12:45:23
52b0d47e08fd4b750nZ82dy7EVpQ,运维工程师,沃尔世家,0-20人,建筑材料,本科,1-3年,"桌面运维, 网络运维, 系统运维, Golang, Docker, 运维经验, 大数据运维经验",6-10K,广州,,2026-05-27 12:45:23
742a89baf4c2ba050nB53dS4ElpV,电力运营工程师,新奥集团,10000人以上,互联网,本科,3-5年,,9-13K·14薪,广州,,2026-05-27 12:45:23
619e3946d7f103bd0nB62d--GFBV,it运维工程师,铁腾科技,20-99人,通信/网络设备,大专,1-3年,"网络运维, IDC机房运维, IT运维, 数据中心",6-9K·13薪,广州,,2026-05-27 12:50:15
25429e3ff8651d381XJy3dq5F1BY,实施工程师（广州）,绿力网络,100-499人,计算机软件,大专,3-5年,实施交付运维,5-10K,广州,,2026-05-27 12:50:36
88520fc98c1448e00ndz3Ny7GFZZ,运维工程师,视源股份(CVTE),1000-9999人,电子/硬件开发,本科,3-5年,,15-20K·13薪,广州,,2026-05-27 12:51:17
dc5fa2a80748e6b603Bz2ty6F1tU,运维工程师,晟烨股份,100-499人,互联网,大专,1-3年,"网络运维, 通信相关专业, MySQL/Oracle, 系统运维, 桌面运维, 计算机相关专业",4-5K,广州,,2026-05-27 12:51:39
78b484453e1f5c170nR-39-8FlJR,运维工程师,实丰互娱(广州),20-99人,游戏,大专,3-5年,,8-11K,广州,,2026-05-27 12:51:39
9f59a655a5186acc1XRz3t29FVBT,游戏运维工程师,有玩网络,20-99人,游戏,大专,1-3年,"Python, Shell, 服务器配置, Linux, Zabbix, Apache, Nginx",8-10K,广州,,2026-05-27 12:52:45
d31d6940c28bdf4d0nZ_3Ni6FlJT,云平台运维工程师,赛姆科技,100-499人,计算机服务,大专,3-5年,"大数据运维经验, 华为云, Openstack, 金融数据中心, 计算机相关专业, 存储, 运维经验, 打印机/复印机维修经验, 数据中心",7-8K,广州,,2026-05-27 12:58:14
da9bd162c55af2e30nZz2N64E1BR,k8s运维工程师,敢想互联,0-20人,移动互联网,本科,5-10年,,15-16K,广州,,2026-05-27 12:58:56
32df24459e1dba3e0nZ929W5FVBU,安全运维工程师,安恒信息,100-499人,信息安全,学历不限,3-5年,,12-15K,广州,,2026-05-27 12:59:38
9397016cec7e766503N93tW1GFpW,高级linux运维工程师,高专资讯科技有限公司,1000-9999人,计算机软件,本科,10年以上,"Docker, MySQL/Oracle, 系统运维, K8S, 运维开发/DevOps, 运维开发经验, Openstack, Python/Shell, 计算机相关专业, 运维经验, Kubernetes",21-30K,广州,,2026-05-27 13:00:00
7edb9dfdd761f1b60nB62Nq-E1FZ,自控工程师,广州昊铭管家,20-99人,机电工程,大专,经验不限,"空调运维, 系统运维, 运维开发经验, 中央空调维保, 电子/电气/自动化相关专业, 运维经验, 低压电工证",4-5K,广州,,2026-05-27 13:01:05
0fc7360ed18febc51XN909i7EFBR,运维工程师,昂宝电子/On-Bright,100-499人,半导体/芯片,本科,3-5年,"运维经验, 运维开发经验",13-18K,广州,,2026-05-27 13:01:05
0b4ef9fbd09aeb920nZ629i6FVtU,IT运维工程师,广州市黄埔区华工...,20-99人,印刷/包装/造纸,大专,1-3年,,6-8K·13薪,广州,,2026-05-27 13:07:59
227fe145e6fe7ac20nZy29y6EFNS,运维工程师,易维迅信息科技,100-499人,计算机软件,大专,3-5年,"计算机相关专业, H3CSE证书",5-7K,广州,,2026-05-27 13:08:19
207386d3ae31e0520nVy29S-GFtZ,高级系统运维工程师,广州百云互联科技,0-20人,计算机服务,大专,3-5年,,8-12K,广州,,2026-05-27 13:08:19
4afedb156f978fbf33Fy2tu_E1I~,高级Java工程师,数砚科技,20-99人,大数据,本科,3-5年,"软件工程师, 架构师, 分布式技术, 微服务架构, IT项目管理, 大数据, 人工智能, 云计算",15-18K·13薪,广州,,2026-05-27 13:08:19
f800615e08674baf1HN53t69FltS,高级技术服务工程师,阿里巴巴集团,10000人以上,互联网,硕士,经验不限,"互联网/AI, 数据库, 大数据, 云计算",25-50K·15薪,广州,,2026-05-27 13:08:19
69b6b971d332eaa60nd-2t68F1ZW,云计算销售顾问,广州云盾科技有限公司,20-99人,云计算,大专,1-3年,"电话销售, 面销/陌拜, 软件/企业服务产品, 互联网金融, 先进制造, 对企业/机构（To B）销售经验, 企业服务, 企业（To B）, 面销/陌拜经验, 互联网/科技, 招商/商户拓展",10-15K,广州,,2026-05-27 13:27:24
33c4e9af891956b10ndy39W-FVVZ,运维工程师,晔兴科技,20-99人,咨询,大专,1-3年,"桌面运维, 网络运维, 系统运维, 运维开发/DevOps, Python/Shell, MySQL/Oracle, 计算机相关专业, 通信相关专业, 电子/电气/自动化相关专业, 运维经验, 大数据运维经验",12-15K,广州,,2026-05-27 13:27:45
b46366d7093f539a0nZ70t27E1VY,数据机房带电清洗工程师,绿洁科技,0-20人,其他专业服务,大专,1-3年,"网络运维, 系统运维, IDC机房运维, 通信相关专业, 电子/电气/自动化相关专业, 运维经验, 网络安全相关经验, 大数据运维经验",7-12K,广州,,2026-05-27 13:28:05
4d3cde71e4aea34e0nd82t25E1BT,云安全服务运维工程师,海智诺维,20-99人,咨询,本科,3-5年,,9-14K,广州,,2026-05-27 13:28:27
c28b619284077ff60nB40965E1VR,网络工程师,广州鹏铭,0-20人,计算机服务,大专,1-3年,IT技术支持,4-5K,广州,,2026-05-27 13:29:11
6fc49e26d85c366b0nB73NS-FlVR,交付运维工程师实习岗,和宇健康,100-499人,计算机软件,本科,,,100-120元/天,广州,,2026-05-27 13:29:31
7595f71f8af437c30nB529u-F1RR,网络运维工程师,暨大美塑,500-999人,美容,本科,5-10年,"网络运维, Python/Shell, 计算机相关专业, 通信相关专业, 网络安全相关经验, 运维经验, 自动化运维, AI化运维, 监控告警, 故障排查, 路由交换",12-18K,广州,,2026-05-27 13:30:15
d7faf9c1d0b9084603Vz3tW8F1RW,运维工程师,广州智启工程,0-20人,仪器仪表,大专,3-5年,"系统运维, IDC机房运维, 实施交付运维, 电子/电气/自动化相关专业, 运维经验, 蓄电池",8-12K,广州,,2026-05-27 13:36:08
4467dc05acb92d5d03F509m1E1VZ,HCS运维工程师,恒驰信息,100-499人,通信/网络设备,本科,3-5年,,11-16K,广州,,2026-05-27 13:37:30
bcac533d6465c76a0nRy0tm6FFFS,QMS系统管理工程师,广东芬尼克兹,1000-9999人,其他行业,大专,1-3年,"质量管理, 通信相关专业, MySQL/Oracle, 大数据运维经验, 系统运维, QMS, 运维开发/DevOps, 运维开发经验, 计算机相关专业, 运维经验",10-12K,广州,,2026-05-27 13:37:51
69e9050024547b7a0nB62di0EFpV,运维工程师,友声科技,500-999人,互联网,本科,3-5年,运维经验,8-9K,广州,,2026-05-27 13:37:51
d66285fa01f5b1d11XF-09S5FVZX,云计算售前产品经理,金华威,500-999人,通信/网络设备,本科,1-3年,售前,8-9K·14薪,广州,,2026-05-27 13:43:19
c1330ffaa35c78f71nR73du0FVtX,信息化咨询工程师,艾发信创设计院,20-99人,计算机服务,大专,3-5年,"计算机软件, IT咨询, IT项目管理, 大数据, 信息化, 云计算",10-15K·13薪,广州,,2026-05-27 13:44:22
eede22fc69ca5aef0nd93Nu5E1tZ,实施运维工程师,精点数据,100-499人,计算机软件,本科,3-5年,实施运维,8-13K·13薪,广州,,2026-05-27 13:46:08
a87c2d44ec1ab90003F92ti0GFpQ,k8s运维工程师,广东智帆海洋科技,100-499人,计算机软件,大专,10年以上,"本地部署, 私有化部署, Docker, 系统运维, CI/CD, Redis, Prometheus, 自研平台运维, Kubernetes",11-22K,广州,,2026-05-27 13:51:59
c262c606432a25fb0nV82dy9ElpW,运维工程师,信巴迪,20-99人,互联网金融,本科,经验不限,"实施交付运维, 运营专员, MySQL/Oracle, B2B平台运维, 财务管理, 用户指导, 财务系统运营",3-7K,广州,,2026-05-27 13:53:43
f1777a9dc0ab75f00nB-39W0GFBQ,实施维护工程师,施特伟,0-20人,人力资源服务,大专,1-3年,"系统运维, 实施交付运维, 计算机相关专业, 运维经验",6-10K,广州,,2026-05-27 14:00:13
3128238de46967590nZz09y7GFZQ,系统运维工程师,娇兰佳人,500-999人,美容,大专,1-3年,"系统运维, 实施交付运维, 计算机相关专业, 大数据运维经验, 运维经验, 零售连锁, 美容院, 门店业务流程",8-12K,广州,,2026-05-27 14:01:58
83b8187df4c90c880nB-2tq5EFFZ,运维工程师,广州蓝博网络,0-20人,计算机服务,大专,1-3年,"网络运维, 系统运维, 桌面运维, 计算机相关专业, 运维经验",4-6K,广州,,2026-05-27 14:02:40
25252208628225650nB-2Ni5E1VT,流程实施工程师,浙江优爱佳科技,20-99人,互联网,大专,3-5年,"实施交付运维, Codex, Claude Code",15-18K,广州,,2026-05-27 14:08:05
7f7d33d26b9532d903Ry2di6GVVT,云计算开发工程师,华为,10000人以上,计算机软件,本科,经验不限,"Python, Golang, Kubernetes, Docker, MySQL, Redis, Hadoop, 运维开发经验, 微服务经验",15-30K,杭州,,2026-05-27 14:09:29
f529563f839f1b2e1nx429i6EFZR,云计算开发工程师,华为技术有限公司,10000人以上,计算机软件,学历不限,经验不限,"Python, 多线程, 容器技术, 多进程",15-30K,杭州,,2026-05-27 14:09:29
84e8372ff749c7900nB50ty8EFZQ,售前工程师/架构师（云计算）,杰创智能,500-999人,人工智能,本科,5-10年,,20-30K,杭州,,2026-05-27 14:09:29
a2c8745e1fa08e041XJ_09y4FlNQ,云计算高级工程师,中港科技,500-999人,智能硬件,大专,3-5年,"虚拟化, hcie, 云计算",13-18K,杭州,,2026-05-27 14:09:29
09b1d32ee0931afd0nB72tm5EFNR,云计算技术支持（SRE/CRE/TAM优先),软通动力,10000人以上,计算机软件,本科,3-5年,"系统运维, 运维经验, 大数据运维经验, 网络安全相关经验",12-13K,杭州,,2026-05-27 14:09:29
900630e100bc727a03Vy2Ni9EVJW,云计算开发工程师,华为云计算,10000人以上,计算机服务,本科,经验不限,"Golang, Docker, Kubernetes, Golang服务端开发经验, 计算机相关专业, 英语读写能力良好, 中大型项目开发经验, 系统架构设计经验",20-40K,杭州,,2026-05-27 14:09:29
311b55d3a9e392a80nB52N61EFtV,云计算讲师,宇日,20-99人,计算机服务,大专,3-5年,"系统运维, 运维开发/DevOps, Nginx, Redis, MySQL/Oracle, Docker, Kubernetes, 计算机相关专业, 运维开发经验, 运维经验, 大数据运维经验, 阿里云, 华为云, 云产品, 监控",18-23K,杭州,,2026-05-27 14:09:29
b3c0b4252e2cbb9603N_39q8GVpV,云计算高级销售经理（中企出海）,Agilewing,20-99人,计算机软件,本科,5-10年,,20-30K,杭州,,2026-05-27 14:09:29
aaeeea6d3673fb261XV_3N-9F1c~,OpenStack开发工程师,杭州瑞网广通,20-99人,计算机软件,本科,3-5年,"Python, 云计算, Openstack",20-30K,杭州,,2026-05-27 14:09:29
67430ff32b17c72f0ndz392_EVFZ,中级运维工程师,特泽科技,20-99人,医疗健康,本科,3-5年,,8-10K,杭州,,2026-05-27 14:09:29
ed83b76f53a365e61HVy3tq8EVtS,云计算售前工程师,观格信息,0-20人,计算机服务,本科,经验不限,"云服务, 计算机/通信相关专业, 售前技术支持经验",7-10K,杭州,,2026-05-27 14:09:29
f2e2c1c4e0598a880ndz3tm8GVVV,云计算ai架构师,阿里云计算有限公司,1000-9999人,企业服务,本科,5-10年,"亿级用户金融产品, AI Native项目, 千问C端, 通义千问, AI推理优化, 云计算架构",35-65K·16薪,杭州,,2026-05-27 14:09:29
43ad15f060e42a013nJy3d69GFI~,云计算技术支持工程师,浙江大华,10000人以上,互联网,本科,1-3年,"运维, 运维工程师, 大数据运维, Linux, SQL, Shell, 云计算, 大数据",10-15K,杭州,,2026-05-27 14:09:50
48bd7114ca7b40aa1XRz0tm6FFJV,云计算开发工程师,华为,10000人以上,计算机软件,本科,经验不限,"Python, Spring, SpringMVC, SpringBoot, java",15-30K·14薪,杭州,,2026-05-27 14:09:50
579d5a03fd7d1daa03183Ny4EVFY,云计算软件开发工程师,上海华为技术有限公司,10000人以上,通信/网络设备,本科,经验不限,,15-30K,杭州,,2026-05-27 14:09:50
f7ab8ede84f5488a0nB50tW7F1FW,实习运维工程师,上海掌茗实业有限公司,20-99人,互联网,大专,,桌面运维,150-200元/天,杭州,,2026-05-27 14:09:50
b36453de3e0c4df31HB62ty8GVVY,云计算售前工程师,上海勤网,20-99人,互联网,大专,3-5年,"AWS/Azure/阿里云相关认证, 计算机/通信相关专业, 云服务",12-16K,杭州,,2026-05-27 14:09:50
a470678edcd2903403V93du0GFdW,云计算/大模型解决方案工程师,巨冷科技,0-20人,人工智能,本科,3-5年,"系统集成, 团队管理经验, 计算机/通信相关专业, 机械/电子工程相关专业",15-30K,杭州,,2026-05-27 14:09:50
d579c650ba6b98cb1XV529W5EVBW,云计算架构师及工程师,中国移动浙江公司,10000人以上,通信/网络设备,硕士,3-5年,"云计算, 架构师",18-35K·16薪,杭州,,2026-05-27 14:09:50
ec9e8bf6dd1e62620nR829u1EVVS,售前工程师（自研+双休+年终）,群顶科技,100-499人,计算机软件,本科,3-5年,"运营商, 数据中心, 云计算",15-25K·13薪,杭州,,2026-05-27 14:09:50
5bd30b16d6cab9100nB529S0GVVY,PaaS平台开发工程师（中间件方向）,诚云科技,500-999人,互联网,本科,3-5年,"Java, Kafka, 区块链经验, 云计算经验, PaaS平台, 中间件研发, Kafka管控, 容器服务, 云计算",15-25K·15薪,杭州,,2026-05-27 14:09:50
7ba208cb60a49eed03F_0961ElFT,海外博士工程师（人工智能/通信/大数据等）,北京某中型通信/网络设备公司,100-499人,通信/网络设备,博士,1-3年,"人工智能, 大模型, 通信, 大数据, 量子, 计算机视觉, 芯片, 云计算",25-50K·16薪,杭州,,2026-05-27 14:09:50
53df1dd4c82a99081HZz392-GFRX,容器云实施工程师-杭州,灵雀云,100-499人,计算机软件,本科,经验不限,"可适应出差, 软件实施经验, k8s, 云计算, docker",11-22K,杭州,,2026-05-27 14:09:50
7cd94f0a8d58b35503x729u9E1BX,运维工程师,卓越际联科技有限公司,1000-9999人,互联网,本科,3-5年,"Java, Python/Shell, NAS, Linux, 云计算, 热线",9-13K,杭州,,2026-05-27 14:09:50
28969d1f3c3e472803x72ti7F1VQ,云计算平台横向架构师（高阶）-杭/北,某大型已上市互联网云服务公司,10000人以上,互联网,本科,10年以上,"分布式技术, 平台架构, 数据结构",90-120K·16薪,杭州,,2026-05-27 14:09:50
2a136c33f271564e0nB-29-6GVBT,运维工程师,浙江龙禧,100-499人,通信/网络设备,本科,3-5年,,10-15K,杭州,,2026-05-27 14:09:50
17dc15af64f8bc6c1n1_29q1FFBS,无人车后台研发工程师(管控平台方向),深中青云谷智游,20-99人,移动互联网,学历不限,5-10年,"Java, 网络协议, mmqt, 管控平台, 云计算",25-40K·14薪,杭州,,2026-05-27 14:10:12
1a96171b02b41abf1nZy39m-F1JU,数据挖掘工程师,蚂蚁集团,10000人以上,互联网,本科,1年以内,"SAS, BI, 大数据, 云计算",10-15K·18薪,杭州,,2026-05-27 14:10:12
8ec5a5754f0237980nZz2t27GVdU,解决方案工程师（鑫能-发电侧）,蚂蚁鑫能科技,20-99人,互联网,本科,3-5年,"发电侧电力交易, 云计算, BD经验",15-25K·15薪,杭州,,2026-05-27 14:10:12
7716ab6b03032a1f0nB-2968GFtS,高级devops工程师,远和资产,20-99人,基金,本科,3-5年,,20-35K·14薪,杭州,,2026-05-27 14:10:12
be36cbdbe42c5dc50nZ_3t20EFpZ,解决方案工程师-国.企社招,浙江某小型医疗健康公司,20-99人,医疗健康,本科,3-5年,"售前技术支持经验, 医疗/大健康信息化项目, 云服务, 云计算",20-21K,杭州,,2026-05-27 14:10:12
c28f3589657f27541HR939i0EVpU,光伏运维工程师,吉利科技集团,10000人以上,其他新能源,大专,经验不限,"光伏, 组件, 逆变器",7-10K,杭州,,2026-05-27 14:10:12
5405a5fd290584871HZ83N--F1BU,云计算数据库产品SRE工程师（Cloud DBA）,杭州今日头条科技,10000人以上,互联网,本科,经验不限,"Python, Golang, Kubernetes, MySQL, PostgreSQL, Redis, DBA工作经验, MySQL数据库管理经验, 熟悉Linux/Unix系统",20-40K·15薪,杭州,,2026-05-27 14:10:12
8a87d2cf2e3a216b0nV-39u9GFNU,高级网络工程师,古茗茶饮,1000-9999人,批发/零售,本科,3-5年,"CCIE/HCIE等, 5年以上网络工程师经验, 不需要出差, 网络架构设计, 有网络工程师经验, 大型网络实施, 网络设备, CCIE证书, 3到5年网络工程师经验, 甲方企业, 大型网络运维, 云计算",12-15K·14薪,杭州,,2026-05-27 14:10:12
3c0cd464212cad670nV42dq4GFFU,运维工程师,寰信,20-99人,通信/网络设备,大专,经验不限,,5-6K,杭州,,2026-05-27 14:10:12
63490b1c11f857ca0nB50920GFVS,中级运维工程师,科大讯飞,10000人以上,互联网,本科,3-5年,"运维开发/DevOps, 实施交付运维, Docker, Kubernetes, 运维开发经验, AI引擎",12-19K·14薪,杭州,,2026-05-27 14:10:12
3dcfd7f37cd663a10nd82d-1E1JR,运维工程师,码力机器人,20-99人,人工智能,本科,1-3年,,5-7K,杭州,,2026-05-27 14:10:12
3381e5a153737b1433N_3di8ElY~,Go高级开发工程师,虎符网络,20-99人,信息安全,本科,5-10年,"云计算, 网络协议, 负载均衡技术, Go",18-35K·14薪,杭州,,2026-05-27 14:10:12
b127eb6a7ff9fb7e0ndz0ti5FVdX,网络运维工程师,阅动(新华三),100-499人,通信/网络设备,本科,5-10年,"网络运维, 系统运维, IDC机房运维, 实施交付运维, Redis, 运维经验, 网络安全相关经验, 监控运维, Prometheus, zabbix, 网络协议, 交换机",8-13K,杭州,,2026-05-27 14:10:12
e149972061702a350nZy09S8EVNW,Robotaxi运维工程师,曹操出行,1000-9999人,互联网,本科,3-5年,,20-30K·14薪,杭州,,2026-05-27 14:10:12
af3388ab2263e5b61nZ9396_EFFV,软件实施工程师,希易软件,20-99人,计算机软件,学历不限,1-3年,"计算机软件, 云计算, 管理系统",5-10K·13薪,杭州,,2026-05-27 14:10:12
2420c8de36cfa8480nB439-6E1RX,运维工程师,杭州露米智能科技,100-499人,智能硬件/消费电子,本科,1-3年,,15-28K·13薪,杭州,,2026-05-27 14:10:34
58edb482e272e0690nB439m0EFNZ,运维工程师,博彦科技,10000人以上,计算机软件,大专,3-5年,"系统运维, 故障排查, 系统OS, CentOS, 系统操作, linux运维",10-14K,杭州,,2026-05-27 14:10:34
ef0cdac2a5c38e4f1XB83d-_EVtR,fpga开发工程师,阿里巴巴集团,10000人以上,互联网,本科,3-5年,"Verilog, ModelSim, Vivado, 计算机相关经验, FPGA开发/验证经验, PCIe开发经验, FPGA, 云计算, 逻辑设计",20-40K·15薪,杭州,,2026-05-27 14:10:34
86fc9a515c4677b80nVz3dW_GFFU,高性能计算平台开发工程师-视频与边缘,字节跳动,10000人以上,互联网,本科,1-3年,"Golang, Kubernetes, C++, Docker, 计算机相关专业, Golang服务端开发经验, 中大型项目开发经验, 系统架构设计经验, 云计算, 云原生",25-50K,杭州,,2026-05-27 14:10:34
e50e69ac8f0d33bc0X1539u4E1I~,高级开发工程师/技术专家,菜鸟网络,10000人以上,互联网,学历不限,3-5年,"Java, 架构师, 软件工程师, 大数据, 云计算, IDEA, 全栈开发, Spring",25-50K,杭州,,2026-05-27 14:10:34
b48d019da75ebf8a0nB60t28EVRZ,运维工程师,浙江智慧网络医院,100-499人,生活服务(O2O),本科,3-5年,,12-16K,杭州,,2026-05-27 14:10:34
90d7b66c803f07fe03x439W7EFJX,资深c++研发工程师,某中型人工智能公司,100-499人,人工智能,硕士,经验不限,"C++, 分布式经验, 微服务经验, 云计算, 消息队列, 高并发, 开源",50-80K·16薪,杭州,,2026-05-27 14:10:34
1d68499bd90a0e470nB62tu8FlVQ,运维工程师,烈火科技,20-99人,通信/网络设备,大专,经验不限,,5-8K,杭州,,2026-05-27 14:10:34
0c97b3fc3edb00ec0nB43926F1BX,运维工程师,绛门科技,500-999人,计算机软件,本科,3-5年,,9-11K,杭州,,2026-05-27 14:10:34
ce21c2569b03afc80nVy2960ElJV,高级运维工程师,杭州肃羽科技有限公司,20-99人,计算机软件,本科,5-10年,,11-13K,杭州,,2026-05-27 14:10:34
ac385d24defe92200nB-2t-4EFtR,运维工程师,蛙喔,1000-9999人,餐饮,大专,3-5年,,7-11K,杭州,,2026-05-27 14:10:34
e52855a13cb328ba0nB50964FVJX,运维工程师,渤海新能电力,100-499人,电力/热力/燃气/水利,本科,1-3年,实施交付运维,6-8K,杭州,,2026-05-27 14:10:34
fde4d90cd0a9fcf00nB609S9FlRW,实施工程师,华苏科技,1000-9999人,互联网,本科,3-5年,,7-10K,杭州,,2026-05-27 14:10:34
c8239f94a431bbd21nx-39q7FVJY,云计算研发工程师,德量云计算,100-499人,计算机软件,硕士,3-5年,"Java, 容器技术, Linux, NoSQL, MySQL, Redis, MongoDB, Kubernetes",15-20K,杭州,,2026-05-27 14:10:34
3dabb3933db768660nd72du1FVZU,运维工程师,杭州白犀灵选科技,0-20人,互联网,大专,3-5年,"系统运维, Python/Shell, 计算机相关专业",6-11K,杭州,,2026-05-27 14:10:34
f718442a7e40c7f003Jz09-8FFVV,驻场运维工程师,惠恒科技,20-99人,其他行业,大专,1-3年,"网络运维, 安防行业, 熟悉海康、大华主流产品",6-7K·14薪,杭州,,2026-05-27 14:10:55
4a14a9ea21969ee00ndy2d-5GFFW,运维工程师,东鼎股份,100-499人,大数据,本科,1-3年,,7-11K·13薪,杭州,,2026-05-27 14:10:55
0675c9ca586192bb0nB629q6GFRR,运维工程师,远算科技,100-499人,计算机软件,本科,5-10年,,20-30K·14薪,杭州,,2026-05-27 14:10:55
567be2a5d492443903Z52Ni-E1BX,初级运维工程师,提瑞,20-99人,云计算,大专,1-3年,"网络运维, 系统运维, 计算机相关专业, 网络安全相关经验, 阿里云运维、K8S",7-10K,杭州,,2026-05-27 14:10:55
ccf9e27beedcc2d31nZ70t-8FlVT,大数据安全研发工程师/项目经理,火眼金睛数据科技,100-499人,信息安全,硕士,,"Python, 大数据, 云计算, 人工智能, 网络安全, 消费金融, DataX",200-250元/天,杭州,,2026-05-27 14:10:55
2efa6ace65ed9cae1nB5392_F1VS,高级网络工程师,群核科技,1000-9999人,互联网,本科,5-10年,"5年以上网络工程师经验, 不需要出差, 有网络工程师经验, CCIE证书, 网络设备, 网络工程师证, IDC维护, 甲方企业, 网络安全, 网络规划设计, 云计算",15-25K·15薪,杭州,,2026-05-27 14:10:55
aeff6c2de2869f0f0nd80t25E1pY,运维工程师,上海恒煜睿安,20-99人,互联网,本科,5-10年,运维开发/DevOps,35-45K,杭州,,2026-05-27 14:10:55
a6392a66786990b61HR82964E1dU,云平台售前工程师,众拓网通,20-99人,互联网,本科,1-3年,"网络协议, 容器技术, 服务器配置, shell, 技术支持, 售前, 云计算, 云服务",13-26K,杭州,,2026-05-27 14:10:55
2ccd9bf32f6ecdae0ndy3tq6E1tR,运维工程师,杭州蓝盾国际安保...,20-99人,计算机软件,本科,经验不限,,12-14K,杭州,,2026-05-27 14:10:55
8271a85d891751d10nB-2dq6GFFT,运维工程师,和慧眼,0-20人,计算机软件,本科,3-5年,,6-8K,杭州,,2026-05-27 14:10:55
e2a5958eea05abb203N639u1E1RX,运维工程师,杭州图灵求索科技,20-99人,互联网,本科,3-5年,,11-16K,杭州,,2026-05-27 14:10:55
dc1b582d27b53e960nB40ty8ElBT,运维工程师,杭州海信星海科技,100-499人,智能硬件,本科,3-5年,,15-20K,杭州,,2026-05-27 14:10:55
61b5edac6ef6ffa40nd_29S1F1dR,大数据应用运维工程师,每日互动,500-999人,互联网,本科,5-10年,"Java, Nginx, 大数据运维经验, 系统运维, Redis, 计算机相关专业, hadoop, 网络安全相关经验, 运维经验, 大数据运维, Kubernetes, 云计算",15-26K·14薪,杭州,,2026-05-27 14:10:55
4675434324b9738a1Xx_3tW5EFtS,人工智能专利工程师（兼职）,十越科技,100-499人,智能硬件,本科,1-3年,"云计算, OpenCV, TensorFlow/PyTorch, CNN/RNN/LSTM, 数学/统计相关专业, 机器学习算法/工程化经验, 深度学习经验, 人工智能, 专利挖掘",15-20K,杭州,,2026-05-27 14:10:55
f56d8634fbcff8dc0nV729m-ElU~,售后工程师,海悦渡浜环保,20-99人,环保,中专/中技,经验不限,"故障排查, 机房运维, 现场运维",6-10K,杭州,,2026-05-27 14:10:55
d2abd1f27e903d750nZ50tW4GVZQ,运维工程师,杭州龙源壹度空间科技,20-99人,铁路/船舶/航空/航天制造,本科,1-3年,,8-13K·13薪,杭州,,2026-05-27 14:11:16
a4fe5e2dea2a4e2b03x83d69GVpR,运维工程师,广域铭岛数字科技...,500-999人,互联网,本科,5-10年,,16-30K,杭州,,2026-05-27 14:11:16
30cfea8c0cf89d641nZy29W_GVJY,中间件工程师golang,小电科技,1000-9999人,O2O,本科,1-3年,"云计算, 容器技术, 微服务架构, 服务端开发, Linux, k8s",15-30K·14薪,杭州,,2026-05-27 14:11:16
8cae8fc004aca5760nV52dW7FVFR,运维工程师,顾家家居股份有限公司,10000人以上,家具/家电/家居,本科,5-10年,"MES, 订单管理, 定制家居, ERP",20-26K·14薪,杭州,,2026-05-27 14:11:16
fcf3ab8bb3aa714a0nRy2ti0FlNZ,算法应用开发工程师 急年薪60w起,杭州某中型电子/半导体/集成电路公司,100-499人,电子/半导体/集成电路,本科,1-3年,"系统集成与现场部署, 计算机相关专业, 深度学习经验, 开发具身智能核心算法, OpenCV, 算法性能优化, 智能驾驶, TensorFlow/PyTorch, 机器学习算法/工程化经验, 研究导向, 机器人项目交付经验, 云计算, 数学/统计相关专业",70-100K·16薪,杭州,,2026-05-27 14:11:16
e768dcfdaf5f4b541HB809W4EVBV,交付工程师（数据库）,优云国际,20-99人,计算机服务,本科,3-5年,"计算机相关专业, PMP, 数据库, 云计算",12-20K,杭州,,2026-05-27 14:11:16
924ae58483d91bed0ndy3N29F1dQ,运维工程师,老爸评测,100-499人,互联网,本科,5-10年,"Kubernetes, Docker, Python/Shell, Ansible/Salt/Puppet, Prometheus, Ansible, 存储, 阿里云/AWS, 自动化运维",15-25K·16薪,杭州,,2026-05-27 14:11:16
661ee29ac88bd06f0nd_39W1EFtW,运维工程师,嗨聚客网络,100-499人,电子商务,大专,1-3年,"Golang, 系统运维, 运维开发经验, Python/Shell",10-15K,杭州,,2026-05-27 14:11:16
b9a52c999a4218510ndy09m6GFVW,运维工程师,观妙科技,100-499人,计算机软件,大专,1-3年,,12-18K,杭州,,2026-05-27 14:11:16
550727a400ed9d6a0nd50tq8E1JX,运维工程师,联运环境工程股份,1000-9999人,环保,本科,5-10年,"运维服务, DBA, Docker, MySQL/Oracle, 系统运维, k8s, 运维工程师, 运维开发/DevOps, 中级运维, 运维经验",12-15K,杭州,,2026-05-27 14:11:16
e14a8caffb24b0c3331z3Ni8EFM~,高级Java工程师,蚂蚁集团,10000人以上,互联网,本科,3-5年,"分布式技术, 区块链, 云计算",20-40K·19薪,杭州,,2026-05-27 14:11:16
f677e2521dd8ff850ndz3N66F1RY,运维工程师,偶然与必然,0-20人,人工智能,本科,3-5年,,14-20K,杭州,,2026-05-27 14:11:16
9814c345350644470nB72tm7ElJW,运维工程师,浙江利星能实业发展,100-499人,储能,大专,5-10年,"运维, 集中式, 储能, 资产管理",8-13K,杭州,,2026-05-27 14:11:16
afc33cdbb8d92b420nd83Nq8GFtX,服务工程师,明仪科技,0-20人,进出口贸易,高中,1-3年,"直读光谱仪, 服务工程师",5-6K,杭州,,2026-05-27 14:11:16
96f27da7bb114c030nR-2NS5GVFQ,运维工程师,道然进出口,500-999人,进出口贸易,本科,1-3年,"网络运维, Nginx, 通信相关专业, Docker, MySQL/Oracle, 系统运维, 运维开发/DevOps, 桌面运维, Python/Shell, 计算机相关专业, 运维经验",10-15K,杭州,,2026-05-27 14:11:16
0705ea9ee3643f0a1Hd_09S4E1JR,运维工程师,宏仑数字科技,20-99人,通信/网络设备,本科,经验不限,"Java, 网络运维, 实施交付运维, 通信相关专业, 系统运维, 运维开发经验, 计算机相关专业",5-8K,杭州,,2026-05-27 14:11:37
2c266a15bdaba1041Hd-3dm-E1NW,运维工程师,阿里巴巴集团,10000人以上,互联网,本科,3-5年,"系统运维, Python/Shell, Nginx, Docker, 计算机相关专业, 运维经验, 运维开发经验, 云主机, 虚拟化, 云计算",15-25K,杭州,,2026-05-27 14:11:37
b4b91094cc65adcf0nVy09W6F1VS,运维工程师,同川工程,20-99人,其他专业服务,本科,经验不限,,8-12K·13薪,杭州,,2026-05-27 14:11:37
fd0aa9b6cb04a7da0nB609m6GFtU,运维工程师,中汇通航,20-99人,计算机软件,本科,5-10年,"k8s, 公安系统, 政务系统, 私有云, 公有云",12-18K,杭州,,2026-05-27 14:11:37
8c016ca8f9d7cd921nZ40tm8FFVZ,软件测试工程师,阿里巴巴集团,10000人以上,互联网,本科,在校/应届,"大数据, 人工智能, 智能硬件, 云计算, SaaS, 自动化测试, 软件测试",20-21K·13薪,杭州,,2026-05-27 14:11:37
09e9e1fdfa8b91430nd53Nu6ElBT,运维工程师,晨宇,20-99人,餐饮,大专,3-5年,"网络运维, Nginx, 通信相关专业, MySQL/Oracle, 系统运维, 独立完成过系统建设, Python/Shell, 计算机相关专业, 网络安全相关经验, 运维经验, 打印机/复印机维修经验",8-9K,杭州,,2026-05-27 14:11:37
922c7f28385c24741HN82ti_ElFV,运维工程师,正轩电子,20-99人,计算机服务,学历不限,经验不限,桌面运维,4-7K,杭州,,2026-05-27 14:11:37
4544d80c101588060ndz0tW_EFFW,综合运维工程师,华云科技,1000-9999人,计算机软件,本科,经验不限,,6-8K,杭州,,2026-05-27 14:11:37
afe3f55eadfafe180nB-29m0E1ZT,运维工程师,海致星图,500-999人,计算机软件,本科,1-3年,,10-12K,杭州,,2026-05-27 14:11:37
6c33d0c827fbb0cf0Xx_39m0ElI~,技术专家/高级Java工程师,阿里巴巴集团,10000人以上,互联网,本科,经验不限,"云计算, 人工智能, SaaS, 信息化, Java, 分布式技术",20-40K,杭州,,2026-05-27 14:11:37
727e32fad8e300b20nZ83N2-FVpQ,Kubernetes 高级资深专家 工程师,深灼科技,20-99人,互联网,本科,1-3年,,18-25K,杭州,,2026-05-27 14:11:37
56db6c58b8af9e8d0nB53Ni9GFNY,运维工程师,卓有科技,500-999人,计算机软件,大专,1-3年,"桌面运维, 计算机相关专业, 视频会议, IT资产, 门禁、监控, Windows、mac",4-5K,杭州,,2026-05-27 14:11:37
5ff45f3914bec7321nZ63t26EVNR,网络安全开发工程师,则光信息,20-99人,运营商/增值服务,本科,3-5年,"Python, 信息安全认证, 云计算, 信息安全",10-14K·14薪,杭州,,2026-05-27 14:11:37
504aed7dc3fe8f5c0ndz3tq5E1ZU,运维工程师,成熙知识,500-999人,互联网,本科,3-5年,,25-50K·14薪,杭州,,2026-05-27 14:11:37
85f50b587e17f9280ndz39i6GFdW,数据工程师,优碧科技,100-499人,智能硬件,本科,3-5年,"Java, 计算机相关专业, 大数据运维经验",10-15K,杭州,,2026-05-27 14:11:37
e697215642edaae80ndy2du7FlJW,运维工程师,壹锐科技,20-99人,互联网,本科,3-5年,"系统运维, 运维开发/DevOps, Java, Python/Shell, Docker, Kubernetes, 计算机相关专业",12-14K,杭州,,2026-05-27 14:11:58
0cb2ef24d45d32d50nZ72t61GFdW,系统运维工程师,华正新材,1000-9999人,新材料,本科,5-10年,,10-15K·13薪,杭州,,2026-05-27 14:11:58
2e1161989c5294a90nRz3t-6FlFW,运维工程师,优财云链,100-499人,计算机软件,本科,3-5年,"Nginx, 通信相关专业, Docker, MySQL/Oracle, 系统运维, k8s, 计算机相关专业, 运维经验",9-14K,杭州,,2026-05-27 14:11:58
234634a3503e55550nB63Nm7GFtY,桌面运维工程师,趣猿,20-99人,人工智能,本科,1-3年,"桌面运维, 网络运维, 系统运维, IDC机房运维",8-10K,杭州,,2026-05-27 14:11:58
e7295690aef77cff1nN_3ti8E1VZ,运维工程师,CHUU,100-499人,服装/纺织,本科,3-5年,"MySQL, SQL Server, Python",8-13K,杭州,,2026-05-27 14:11:58
9178d1d70d119b640nV-2dS1GFBZ,软件运维工程师,鼎永科技,20-99人,互联网,本科,3-5年,"网络运维, 实施交付运维, 大数据运维经验, 系统运维, 计算机相关专业, 网络安全相关经验, 运维经验",8-13K,杭州,,2026-05-27 14:11:58
d787424bc9201cb31XB92dy5GVpX,运维工程师,印途信息技术有限公司,0-20人,计算机硬件,大专,3-5年,OA办公自动化,5-10K,杭州,,2026-05-27 14:11:58
28fdfc6a57f20b150HR43Nu-Elc~,运维工程师,联旭科技,20-99人,计算机硬件,中专/中技,,桌面运维,150-200元/天,杭州,,2026-05-27 14:11:58
67afffa93999327d0nB70tq0FVpX,运维工程师,网易杭州,10000人以上,互联网,大专,3-5年,"Python/Shell, Ansible/Salt/Puppet, Nginx, Docker, Kubernetes, 计算机相关专业, Jfrog, Nexus, 制品库",15-22K,杭州,,2026-05-27 14:11:58
b269fec73d07a20a1HJ82dm_EVBT,服务工程师,卫宁健康,1000-9999人,医疗健康,本科,3-5年,"运维经验, His, 医疗软件, 运维",8-12K·14薪,杭州,,2026-05-27 14:11:58
d19f13349ec26cc403F92ti-FFRV,网络运维工程师,浙江信创安全技术,0-20人,信息安全,大专,,,120-150元/天,杭州,,2026-05-27 14:11:58
1ff589fc6886e1d603Nz09y0FVZU,运维工程师,京信智能科技,20-99人,自动化设备,本科,经验不限,"Docker, Redis, 计算机相关专业, 运维经验, Kubernetes",15-30K·14薪,杭州,,2026-05-27 14:11:58
ab56837830aa8c9b1HV43N60E1NQ,高级运维工程师,某移动互联网公司,20-99人,移动互联网,本科,3-5年,"Python, 容器技术, 自动化运维, K8S, Ansible, Docker, Jenkins, Kubernetes",30-50K·13薪,杭州,,2026-05-27 14:11:58
93e2a73172fa2f320nB629y8FlpX,运维工程师,亚信科技,10000人以上,计算机软件,大专,经验不限,"网络运维, 系统运维, Nginx, Redis, MySQL/Oracle, Docker, 计算机相关专业, 通信相关专业, 运维经验",7-8K,杭州,,2026-05-27 14:11:58
11a60151c92cf3fd0nB73tm_GVJT,运维工程师,三维天地,1000-9999人,计算机软件,本科,经验不限,"系统运维, 计算机相关专业, 运维经验",5-8K,杭州,,2026-05-27 14:11:58
eb288afaf241840b0ndy2Ni8EVJV,运维工程师,钛比科技,20-99人,智能硬件,本科,1-3年,"Nginx, MySQL/Oracle, Docker, 系统运维, 计算机相关专业, Kubernetes",12-20K,杭州,,2026-05-27 14:12:18
623703f608e9d8cf1n1z09i-ElRW,运维工程师,佰安信息,20-99人,计算机软件,大专,3-5年,"Linux, 系统运维, MySQL, 集群运维, Centos, 大数据运维, SQL, HBase",7-12K·13薪,杭州,,2026-05-27 14:12:18
787ac608f58c42e80nB43d-_EVRW,it工程师,上海济煜,500-999人,生物/制药,本科,1-3年,,6-10K,杭州,,2026-05-27 14:12:18
40607d99222daaa00nZ63ti0GVJZ,运维工程师,佰聆数据,1000-9999人,互联网,本科,3-5年,,7-9K,杭州,,2026-05-27 14:12:18
3edf5e92992de4eb1Xd83du0FltW,运维工程师,三替好生活,1000-9999人,生活服务(O2O),大专,1-3年,"系统运维, MySQL/Oracle, Redis, Kubernetes",8-13K,杭州,,2026-05-27 14:12:18
d3da86984946de351nVz3ty-F1dX,java技术专家/资深java工程师,小电科技,1000-9999人,互联网,本科,5-10年,"分布式技术, 多线程, MySQL, Redis, Linux, 架构师, 计算机软件, 云计算",18-35K·14薪,杭州,,2026-05-27 14:12:18
3b25a9b1fdf540711HB62Nu_ElJZ,运维工程师,万朋数智,500-999人,计算机软件,本科,3-5年,"网络运维, 实施交付运维, 系统运维",10-15K·13薪,杭州,,2026-05-27 14:12:18
95391db0f309245d0nd63tS6FlVW,运维工程师,金域医学,1000-9999人,医疗健康,本科,1-3年,"网络运维, 桌面运维, 系统运维, IDC机房运维, 计算机相关专业",7-9K,杭州,,2026-05-27 14:12:18
16257fe77a52a2141XZ83Ni5GVdQ,运维工程师,智享新电,20-99人,其他新能源,大专,3-5年,"搜索引擎技术, 容器技术, Windows, MySQL, Redis, 自动化运维, Zabbix, Docker",12-16K·13薪,杭州,,2026-05-27 14:12:18
ed5a4055581c51ac0nZ_2du1GFpZ,运维工程师,杭州云狐数康科技,20-99人,互联网,硕士,经验不限,"Java, Nginx, Tomcat, Linux/Windows, Docker, K8s, Redis, Python/Shell",20-40K·14薪,杭州,,2026-05-27 14:12:18
cd0218ee6489a4900nR73tq-ElRV,视频会议工程师,荣志网络,20-99人,企业服务,大专,1-3年,"IP电话, 统一通信, collaboration, 华为视讯, 思科协作",9-13K·15薪,杭州,,2026-05-27 14:12:18
21c1c438bd9e20971HB409W6FlZZ,运维工程师,浙江禹控,20-99人,计算机硬件,高中,经验不限,"电子/电气/自动化相关专业, 运维经验",5-6K,杭州,,2026-05-27 14:12:18
330be231a0ec321e1nV52du9FVVR,（高级）前端开发工程师- 云平台方向,今日头条,10000人以上,互联网,本科,经验不限,"前端开发, Node.js, React, Vue, 云计算, JavaScript, TypeScript, HTML",25-40K·15薪,杭州,,2026-05-27 14:12:18
f0bdbef9e7bc96b61H1_29y0EVFS,运维工程师,浙江浙泊,20-99人,智能硬件/消费电子,本科,在校/应届,"网络运维, Nginx, 通信相关专业, MySQL/Oracle, 系统运维, 运维开发经验, 桌面运维, Python/Shell, 计算机相关专业, 电子/电气/自动化相关专业, 网络安全相关经验",5-7K,杭州,,2026-05-27 14:12:18
186bd14913e1ca5c0nZ-09y_ElFQ,桌面运维工程师,长川科技,1000-9999人,半导体/芯片,本科,3-5年,桌面运维,10-15K,杭州,,2026-05-27 14:12:18
a18b3f00440c9a6f1nJ40tS0FVpT,运维工程师,圣辰科技,0-20人,计算机软件,大专,1-3年,"系统运维, 医院，医药公司系统, SQL, Windows, his系统, erp进销存",5-7K·13薪,杭州,,2026-05-27 14:12:39
b3321fef7658e07033Vy39q8ElA~,高级开发工程师,阿里巴巴集团,10000人以上,互联网,本科,3-5年,"Java, 分布式技术, 微服务架构, 后端开发, 软件工程师, 供应链, 云计算",20-40K·16薪,杭州,,2026-05-27 14:12:39
57aa806583d0bc570nZz0ti6GFNV,初级桌面工程师,中电金信,10000人以上,计算机软件,本科,1-3年,"资产管理, 桌面运维",6-7K,杭州,,2026-05-27 14:12:39
a83506c200efb1c21HB63tW9F1RT,软件运维工程师,唐古信息,20-99人,互联网,本科,1年以内,"系统运维, Java, MySQL/Oracle, 计算机相关专业, 自动化部署, Linux, Shell",6-9K,杭州,,2026-05-27 14:12:39
d757eefe7af2dc481Xd53dW9GFBZ,云计算开发工程师,华为,10000人以上,计算机软件,学历不限,经验不限,云计算,15-30K·14薪,杭州,,2026-05-27 14:12:39
a4e84272af62e99e1Xxz0t29GVdX,云计算开发工程师,杭州华为云计算,1000-9999人,计算机软件,学历不限,经验不限,"Golang, Java, C++, 不接受居家办公, C, MySQL, Go, 云计算经验, 后端, Spring, Python",15-30K·16薪,杭州,,2026-05-27 14:12:39
eb4953eeb72f1f160nB439m6EFFV,云计算运维工程师,中软国际,10000人以上,计算机软件,本科,3-5年,"SRE, 计算机相关专业, 运维经验, AWS",14-15K,杭州,,2026-05-27 14:12:39
9e935be7a8c2fc541nBz3t-9EFNZ,云计算开发工程师,华为技术有限公司,10000人以上,计算机软件,学历不限,经验不限,"分布式技术, Java, Python, Go, 容器技术, 云计算架构, serveless；云计算",17-30K·14薪,杭州,,2026-05-27 14:12:39
e919c458c089a4fc0XZ92di1GVo~,云计算工程师,CloudBU,10000人以上,互联网,本科,经验不限,"Python, C/C++, Java, GIT, 容器技术",15-25K·14薪,杭州,,2026-05-27 14:12:39
f0be78bdd867c2341Xxy09S1F1BU,云计算工程师,华为云计算,10000人以上,计算机服务,本科,1-3年,"后端, Python, Java",20-40K,杭州,,2026-05-27 14:12:39
392ee41dafbfc6930nB509u_FldX,云计算-存储运维工程师,新华三技术有限公司,10000人以上,计算机软件,大专,3-5年,"分布式存储, 运维流程规范, 混合云IaaS, 驻场运维服务",10-15K·13薪,杭州,,2026-05-27 14:12:39
7e551563dcf2ad0303dy3Ny4EFJS,云计算开发工程师,阿里巴巴集团,10000人以上,互联网,硕士,,"不接受居家办公, Java, Python, Spring, SpringCloud, MyBatis, Nginx, Docker, MySQL, Redis, 云计算经验",400-600元/天,杭州,,2026-05-27 14:12:39
e7853a136c3c43751XR72929ElZZ,云计算开发工程师,华为,10000人以上,计算机软件,本科,经验不限,"容器技术, Linux, 软件工程师, 多线程, 网络编程, 网络协议, 数据结构, 多进程",15-30K,杭州,,2026-05-27 14:12:39
d1dd803d634247950nZ509i-GFFQ,云计算产品经理,浙江省健康云有限公司,20-99人,医疗健康,本科,3-5年,"B端产品, G端产品/政务产品, 用户/功能产品, 商业产品, 其他产品方向, 云计算产品, 医疗产品",16-20K,杭州,,2026-05-27 14:12:39
8c1c6016b8d344690nZy3tS5F1ZY,云计算 Serverless AI 产品专家,阿里云,10000人以上,互联网,本科,5-10年,"B端产品, 中后台产品, AI产品, 云计算产品, Serverless, Kubernetes, 函数计算, 容器服务",30-60K·15薪,杭州,,2026-05-27 14:12:39
5b1efa41fb609eaf0nB73Nq7FFpW,云计算就业指导,杭州文域科技服务,20-99人,其他生活服务,大专,3-5年,,10-15K,杭州,,2026-05-27 14:16:46
d56159caae7a51781XRz39u0FlNW,远程技术支持工程师,安恒信息,1000-9999人,信息安全,本科,经验不限,"数据安全, Linux, MySQL, CCIE证书, openstack, CCNP证书, RHCSA, 云计算",10-12K·13薪,杭州,,2026-05-27 14:16:46
5f4f7c3d6e29b0551Hdy2t24EFdS,云计算解决方案专家,深信服科技,1000-9999人,计算机软件,本科,3-5年,"云服务, 计算机/通信相关专业",25-35K,杭州,,2026-05-27 14:17:06
9ebea84d7f6b3dce0nB42968ElZR,K8S工程师,帆软软件,1000-9999人,计算机软件,本科,1-3年,,13-20K,杭州,,2026-05-27 14:17:06
737624ef3067b7e20nZ42Nm9GVtU,弱电工程师,中联云港,100-499人,互联网,大专,3-5年,,12-16K·14薪,杭州,,2026-05-27 14:17:06
db4e94835309a5151Xd93t69GFNW,云计算技术负责人,某大型互联网公司,10000人以上,社交网络与媒体,本科,5-10年,"Go, 容器技术, 虚拟机技术, 云计算架构, 虚拟化, KVM, Libvirt, QEMU",60-90K·16薪,杭州,,2026-05-27 14:17:26
818e37d6980822cd0nR73dW9E1FR,服务器工程师,山子有谦科技,1000-9999人,新能源汽车,本科,5-10年,,20-35K,杭州,,2026-05-27 14:17:26
80a94d509f7150960nB-29q1EFZU,运维实施工程师,合肥正恩,100-499人,互联网,大专,1-3年,,10-11K,杭州,,2026-05-27 14:17:26
04b575c77720111403J529u1FldT,运维工程师,浙江爱客,20-99人,计算机软件,大专,3-5年,,10-15K,杭州,,2026-05-27 14:17:26
ce11778353ba48360nV_39u5GFFY,软硬件工程师,浙江新砺科技有限公司,0-20人,计算机硬件,大专,5-10年,,9-14K·13薪,杭州,,2026-05-27 14:17:26
034d8373cc81840203B_09m9FFdZ,高级flutter开发工程师,诺领,20-99人,计算机软件,本科,3-5年,"dart, 混合开发经验, Flutter, iOS原生开发, 计算机/软件工程相关专业, Google上架, 云计算",15-28K,杭州,,2026-05-27 14:17:26
ac70c8049d2401a61Hx929u9ElpY,SRE运维工程师,零跑科技,10000人以上,新能源汽车,本科,5-10年,"K8S, SRE, 车联网",15-25K,杭州,,2026-05-27 14:17:46
f6e038f5aa05844b0nd82tW0GVFQ,运维工程师,杭州航墨机器人,20-99人,计算机/通信/其他电子设备,本科,3-5年,,15-22K,杭州,,2026-05-27 14:17:46
3bbe8d6609ded3a30nd53N66GFJR,储能运维工程师,之江能谷,20-99人,运营商/增值服务,大专,1-3年,"通信相关专业, 电子/电气/自动化相关专业, 运维经验, 运营商, IDC机房运维",6-10K·13薪,杭州,,2026-05-27 14:17:46
3000ea899da3090a0nRy2d60FFJW,运维工程师,天彩汇诚,100-499人,互联网,本科,5-10年,,10-15K,杭州,,2026-05-27 14:17:46
73209ff80482fb970nV-09i9EVZU,运维工程师助理,恢弘科技,100-499人,电气机械/器材,本科,1-3年,,6-8K,杭州,,2026-05-27 14:17:46
2381984aad4de66f0nd83d6_GVBQ,运维工程师,匠制科技,20-99人,计算机软件,本科,1-3年,"网络运维, Java, 大数据运维经验, 系统运维, Python/Shell, 计算机相关专业, 运维经验",6-9K·13薪,杭州,,2026-05-27 14:17:46
ca2fcb1ed17dd11e1nZy39-_FFBS,高级K8S运维开发工程师,涂鸦智能电子,20-99人,互联网,本科,经验不限,"自动化运维, Java, 容器技术, Docker, K8S, DevOps, 云计算, 管理系统",15-30K·15薪,杭州,,2026-05-27 14:18:07
eceb1fbc930432140nB53d-0EVZQ,业务运维工程师,紫钺科技,100-499人,互联网,本科,1-3年,,11-15K,杭州,,2026-05-27 14:18:07
feb4bfcbd241529d0nB63dy8GVJU,运维工程师,灵匠科技杭州分公司,500-999人,互联网,本科,3-5年,,10-15K,杭州,,2026-05-27 14:18:07
b068b108324ebb6e03R93dq9FFBZ,AV会议工程师,万物梁行,10000人以上,物业管理,本科,5-10年,"系统运维, 运维经验, 通信相关专业, 计算机相关专业, 会议室",12-16K·14薪,杭州,,2026-05-27 14:18:27
36877c37298a9f900nd53t-1GFJX,运维工程师,某移动互联网公司,20-99人,移动互联网,本科,3-5年,"系统运维, Python/Shell, Kubernetes, Docker, Ansible/Salt/Puppet, 计算机相关专业, 通信相关专业, 运维经验, 云原生, 可观测",20-35K·15薪,杭州,,2026-05-27 14:18:27
7554d9137893d2100nd90tu8E1NV,运维部署工程师,五疆发展,20-99人,计算机服务,本科,3-5年,"网络运维, Java, 实施交付运维, MySQL/Oracle, 系统运维, 运维开发/DevOps, Python/Shell, 计算机相关专业, 运维经验, Kubernetes",9-12K,杭州,,2026-05-27 14:18:27
3a7f07ef6e23c6a01HR53dS5F1pW,深度学习研发工程师,奎氪工业,20-99人,自动化设备,本科,1-3年,"语音/图像识别, 云计算, 计算机相关专业, 数学/统计相关专业, 机器学习算法/工程化经验",20-30K,杭州,,2026-05-27 14:18:48
fff24ab3fab439880nR939S1EFNS,运维工程师,同余信科,100-499人,计算机软件,本科,3-5年,"实施交付运维, 运维开发经验, 金融",13-25K,杭州,,2026-05-27 14:18:48
09fbfa5ad1c2d9c00nd839m7FFJZ,实施运维工程师,深圳易宝软件有限公司,1000-9999人,计算机软件,大专,3-5年,"实施交付运维, MySQL/Oracle, 运维经验, 大数据运维经验",14-16K,杭州,,2026-05-27 14:18:48
83414f3b70e21d230nZ829i6EFBX,平台运维工程师,数犀,20-99人,计算机软件,本科,3-5年,"Nginx, 实施交付运维, Docker, 系统运维, 运维开发/DevOps, Python/Shell",10-12K,杭州,,2026-05-27 14:18:48
454cdcd330c632f833Z_3d21ElQ~,运维工程师,浙江大华,10000人以上,互联网,本科,1-3年,"Oracle, 运维工程师, MySQL, 云计算, 海外技术支持",10-11K,杭州,,2026-05-27 14:19:09
53ba5993ce057f610nR_2Ny-F1NT,高级运维工程师,吉利控股集团,10000人以上,汽车研发/制造,本科,5-10年,"DevOps, SRE, 运维开发/DevOps, Python/Shell, Kubernetes",30-50K,杭州,,2026-05-27 14:19:09
329a43f534f2c22b0ndy3N65EldT,运维工程师,某中型人工智能公司,100-499人,人工智能,本科,3-5年,"运维经验, K8S, 容灾, 集群, 监控告警, GPU",30-50K·16薪,杭州,,2026-05-27 14:19:09
6ca4995258cff94a0nd43d2_E1VQ,运维工程师,浙江明日控股,500-999人,进出口贸易,本科,5-10年,,16-18K,杭州,,2026-05-27 14:19:09
b4b55513996104330nd-2dq7E1ZR,软件运维工程师,银都餐饮,1000-9999人,其他行业,本科,3-5年,,9-14K·13薪,杭州,,2026-05-27 14:19:32
d5e5497caa2fc2cc1nZ839S7FVBZ,运维开发工程师,e签宝,1000-9999人,企业服务,本科,3-5年,"运维开发, 云计算, CI/CD",15-25K·15薪,杭州,,2026-05-27 14:19:32
0faf4e210417b9c903Ny3N2_EFpW,运维工程师,CityDO,100-499人,计算机软件,本科,3-5年,"网络运维, Java, Docker, Python/Shell",11-20K,杭州,,2026-05-27 14:19:32
07e43020dd74ab500nZ82dS6FFtT,运维工程师,中焯信息,100-499人,互联网,大专,3-5年,DBA,10-15K·14薪,杭州,,2026-05-27 14:19:32
f75c86266fb20f9403172921FFVQ,桌面运维工程师,忠鼎安信,0-20人,检测/认证/知识产权,大专,3-5年,,6-7K,杭州,,2026-05-27 14:19:32
4810b8bc9e4621f40nB73tu6EFVX,运维工程师,鹏信科技,100-499人,计算机软件,本科,1-3年,,6-10K,杭州,,2026-05-27 14:19:32
2c5e064ef2f28ac10XF-2N25GVQ~,主机存储工程师,浙江慧优科技有限公司,20-99人,互联网,大专,3-5年,"运维工程师, 系统运维, IT技术支持, 服务器配置, 虚拟机技术, 实施工程师, 项目管理, 云计算",10-15K·13薪,杭州,,2026-05-27 14:19:32
205245f2187c6a441HF739m4FltU,云计算讲师,杭州文域科技服务,20-99人,其他生活服务,本科,10年以上,"网络运维, 运维开发/DevOps, Docker, MySQL/Oracle, Python/Shell, 计算机相关专业, 运维经验, 运维开发经验",20-35K,杭州,,2026-05-27 14:19:52
0c3a2e7ff011dd9003N80ty7GFRY,云计算高级运维（讲师）,杭州阿盛科技有限公司,100-499人,电子商务,本科,3-5年,"Nginx, MySQL/Oracle, Docker, 云计算运维, Prometheus, Python/Shell, 计算机相关专业, Kubernetes",20-40K,杭州,,2026-05-27 14:19:52
5534835bad43fa0c0nB53dW0EFtS,PaaS平台研发工程师（云原生/中间件方向）,诚云科技,500-999人,互联网,本科,3-5年,"Java, Kafka, 容器服务, PaaS平台, Kafka管控, 中间件研发, 云计算",15-25K·15薪,杭州,,2026-05-27 14:19:52
f299751f17177ad30nR-0tS4EltU,云计算高级讲师,权道智能科技,20-99人,计算机软件,大专,5-10年,,13-18K,杭州,,2026-05-27 14:25:21
aabe103d729aa0de0nB73Ni7FVNZ,AI运维工程师,亿达信息,1000-9999人,计算机软件,本科,3-5年,"网络运维, Python/Shell, Docker, Redis, Kubernetes, 运维经验, 运维开发经验, 网络安全相关经验, Postman、K8s, AI中台运维",12-14K,杭州,,2026-05-27 14:25:21
c575be9ae6ff804e0nVz2ty7EFVV,运维工程师,诚迈电力信息,1000-9999人,计算机软件,本科,3-5年,"Java, 阿里云, Docker, 华为云, Kubernetes",12-14K,杭州,,2026-05-27 14:25:42
15ff8a914d197f600nB52tS5F1BQ,AI/NLP/图像/推荐/运筹/运动控制算法工程师,外企德科数字,10000人以上,互联网,本科,经验不限,"C/C++, 机器学习算法/工程化经验, 搜索/推荐, 计算机相关专业, 语音/图像识别, 业务导向, 云计算, Python",20-30K·16薪,杭州,,2026-05-27 14:25:42
096f3fb5ca422a200nd839S1FFNV,AI运维工程师,润鲜,100-499人,食品/饮料/烟酒,本科,1-3年,,8-10K,杭州,,2026-05-27 14:26:04
33c6ee78e5520e6f0nd80tq8GVRZ,运维工程师,长城云智,100-499人,房屋建筑工程,学历不限,1-3年,,5-7K,杭州,,2026-05-27 14:26:04
12623503f9d88a690ndy3ty0EVJU,运维工程师,润和软件,10000人以上,互联网,大专,3-5年,"网络运维, Nginx, Ansible/Salt/Puppet, Docker, Terraform, 系统运维, 运维开发/DevOps, Prometheus, Python/Shell, 计算机相关专业, 云运维, Kubernetes",10-12K,杭州,,2026-05-27 14:26:04
559c13bc6218e9700nd52t2_GFdW,资深云计算开发工程师,网易,10000人以上,互联网,本科,3-5年,"Golang, Python, Java, C语言, 云计算, 容器",35-50K·16薪,杭州,,2026-05-27 14:26:04
8988646cad5c907d03B73tS1FFFQ,运维工程师,杭州云灵科技,20-99人,互联网,大专,1-3年,,8-12K,杭州,,2026-05-27 14:26:04
c3ad798d49b3c9710nd-0928EldZ,高级运维工程师,微特信息,100-499人,计算机软件,本科,3-5年,"计算机相关专业, 运维经验",10-12K,杭州,,2026-05-27 14:26:26
b13a1efc311502950nd709i7GFJZ,运维工程师,每日互动,500-999人,互联网,本科,在校/应届,"Golang, 网络运维, 通信相关专业, 运维开发/DevOps, 桌面运维, Python/Shell, 计算机相关专业, 电子/电气/自动化相关专业, Docker, 大数据运维经验, 系统运维, 运维开发经验, Kubernetes",10-15K·15薪,杭州,,2026-05-27 14:26:26
3b52bd201036f3d80nZ729u-GVtV,系统运维工程师,悦芯科技,100-499人,计算机软件,本科,3-5年,,9-14K·13薪,杭州,,2026-05-27 14:26:26
b4132bf336936f2c0nB50tW4FlpS,高级运维工程师,某大型人工智能公司,100-499人,人工智能,本科,5-10年,,40-65K·14薪,杭州,,2026-05-27 14:26:46
c10a1858c7e3e8ab0nV52tq7F1tQ,运维工程师,麦瑞克科技,1000-9999人,智能硬件/消费电子,本科,5-10年,,25-35K,杭州,,2026-05-27 14:26:46
5702959779e0cccb0nB63929E1BQ,IT运维工程师,杭州超会联网络科技,20-99人,智能硬件/消费电子,本科,3-5年,,8-13K·13薪,杭州,,2026-05-27 14:26:46
1fd895a5ecb7bf801nV82t6-GVdS,容器开发工程师,有赞,1000-9999人,互联网,本科,1年以内,"Go, Python, 容器技术, Linux, 架构师, 高级软件工程师, 云计算",20-40K·14薪,杭州,,2026-05-27 14:26:46
5d6092bd94ab08860nB539W-GFtX,运维工程师,中电安科,100-499人,信息安全,本科,1-3年,"系统运维, 计算机相关专业, 通信相关专业, 电子/电气/自动化相关专业, 运维经验, S6000, 供电公司运维",6-8K,杭州,,2026-05-27 14:26:46
811895f1a15aaccf0nZ60ti-EFtY,网络工程师,华光新材,500-999人,金属制品,本科,1-3年,"桌面运维, 网络运维, 系统运维, 计算机相关专业",7-10K,杭州,,2026-05-27 14:26:46
8140374a0da5be6e0nVz09-5FFtU,运维工程师,杭州三卓智能科技,0-20人,通信/网络设备,学历不限,1-3年,监控维修、门禁维修、弱电系统集成维护,6-9K,杭州,,2026-05-27 14:26:46
83736e1fa45d73d20nRz0961F1JU,信息化工程师,中美华东,10000人以上,医疗健康,本科,在校/应届,"桌面运维, 网络运维, 系统运维, IDC机房运维, 运维开发/DevOps, 计算机相关专业, 运维经验, 运维开发经验, 网络安全相关经验",8-9K·14薪,杭州,,2026-05-27 14:26:46
336554170479743c0nB-2ti-FVJT,运维工程师,苏州乐行,20-99人,计算机服务,本科,1-3年,,10-15K,杭州,,2026-05-27 14:27:07
ed8cee2fbfdb8ec71HBy39S1FFRR,运维工程师,苏州科达,1000-9999人,通信/网络设备,本科,1-3年,"k8s, 运维开发/DevOps, 英语",15-21K·15薪,杭州,,2026-05-27 14:27:07
e1e463dc76705d671XJ63924ElRR,Java研发工程师/专家,阿里巴巴云计算,1000-9999人,互联网,本科,3-5年,"Java开发经验, Java, 高并发, 分布式系统开发经验, 中大型项目架构设计经验, MySQL, 弹性计算, 后端工程师, Python, 云计算",25-50K,杭州,,2026-05-27 14:27:07
9721f837efcb45ea1nVz2N2-ElZZ,运维开发工程师,互联网交换中心,20-99人,通信/网络设备,本科,5-10年,"自动化运维, 运维开发, 虚拟机技术, Kubernetes, MySQL, 云计算",17-25K,杭州,,2026-05-27 14:27:07
7bf5da9a064b21c90nd-3Nq4FFFQ,运维工程师,源诚科技,100-499人,计算机软件,本科,5-10年,"运维开发/DevOps, Python/Shell, 计算机相关专业",15-20K·13薪,杭州,,2026-05-27 14:27:07
8e7201d41ed8a09e0nZy3di5FVNV,IT运维工程师,地芯引力,100-499人,半导体/芯片,本科,1-3年,,8-10K,杭州,,2026-05-27 14:27:07
0f7e91cf5ad45b680ndy2NS6EVdX,实施工程师,杭州海智拓信息科技,10000人以上,企业服务,大专,3-5年,"Nginx, 实施交付运维, MySQL/Oracle, Ansible/Salt/Puppet, 系统运维, 运维开发经验, Redis, 计算机相关专业, 运维经验",10-12K,杭州,,2026-05-27 14:27:29
de15dfea7b440d070nd53dq0E1NW,运维工程师,矩阵像素,20-99人,人工智能,大专,1-3年,"网络运维, 系统运维, 运维开发/DevOps, Nginx, Redis, Docker",12-20K,杭州,,2026-05-27 14:27:29
f8ed1b6b9c4a1df20nd92t-5FVtQ,技术支持工程师,云宏信息,100-499人,计算机软件,本科,1-3年,"系统运维, Python/Shell, 计算机相关专业, 运维经验, 虚拟化, kvm",8-12K,杭州,,2026-05-27 14:27:29
4713dd47f0f752180nB50921F1FZ,运维工程师,杭州可嗨品牌管理,100-499人,电子商务,大专,3-5年,"桌面运维, MySQL/Oracle, 计算机相关专业, 运维经验",8-10K·13薪,杭州,,2026-05-27 14:27:51
5aacec2e5b56ae9c1nd72ti4EFE~,Java工程师 工作地点 杭州,阿里巴巴集团,10000人以上,互联网,本科,5-10年,"Java, 后端开发, 系统架构, 微服务架构, 容器技术, 云计算",25-40K,杭州,,2026-05-27 14:27:51
85b6c47e85b1ae4e03x909i-E1dU,运维工程师,中控西子,100-499人,仪器仪表,本科,3-5年,"网络运维, 系统运维, 运维开发/DevOps, 运维开发经验, 计算机相关专业, 运维经验",8-10K·13薪,杭州,,2026-05-27 14:27:51
19a249ccac40b62d0ndz0924EFVW,高级运维工程师,虚之实科技,20-99人,智能硬件,本科,5-10年,"Golang, 本地化部署, Java, 私有化交付, 运维开发/DevOps, 现场运维  医疗运维, 计算机相关专业, Python/Shell",18-28K,杭州,,2026-05-27 14:27:51
f8d5f8b0935355950nd-2N27GFNV,IT运维工程师,诺泰诺和,1000-9999人,生物/制药,本科,3-5年,"桌面运维, 网络运维, 系统运维, 计算机相关专业, 运维经验, 网络安全相关经验",10-15K·13薪,杭州,,2026-05-27 14:27:51
742b548e08b172b603160tS0FlZT,桌面运维工程师,杭州忠鼎安信科技,20-99人,检测/认证/知识产权,大专,3-5年,"桌面运维, 运维经验, IT资产管理经验",6-7K,杭州,,2026-05-27 14:28:12
b14980b2d666181533d-2964FlQ~,安装调试工程师,杭州汉佰科技有限公司,20-99人,进出口贸易,中专/中技,1-3年,"电子/电气/自动化相关专业, 生产包装设备, 机械制造",4-8K,杭州,,2026-05-27 14:28:12
c7de523995b9ac9f0XJ72Nu7EFM~,软件实施工程师,杭州思锐,100-499人,计算机软件,本科,1年以内,"MySQL, 计算机软件, 网络运维, 运维开发",6-8K,杭州,,2026-05-27 14:28:12
45dd12092b4c41bc1nVy2NW_EVdS,桌面运维工程师,CTIT,0-20人,计算机软件,本科,3-5年,"硬件, 服务器配置, 桌面运维, 网络协议, 网络安全",5-7K,杭州,,2026-05-27 14:28:12
930374c0e854767f1H1-3tW_ElJR,云计算开发工程师,杭州华为云计算,1000-9999人,计算机软件,本科,经验不限,"Golang, Kubernetes",20-40K·14薪,杭州,,2026-05-27 14:33:18
a1250b6baba750b90nB-3ty9FVBV,MJ000104 云原生开发工程师（Golang）,骋风而来数字科技,100-499人,云计算,本科,3-5年,"Golang, 云计算, k8s, 云平台, 网络",18-28K,杭州,,2026-05-27 14:33:18
97f80e044e209faa1nF-2dm-FVE~,云计算开发工程师,赢莱云计算,20-99人,计算机软件,本科,1-3年,"Python, Java, GO",10-18K,杭州,,2026-05-27 14:33:40
6d0edcda301dab890nR83Ny4FVVZ,云计算技术支持工程师,ZStack,100-499人,计算机软件,本科,3-5年,"云计算交付, 项目实施, 运维支持",10-15K·15薪,杭州,,2026-05-27 14:33:40
b18bc42ea880526203d72Ny_FFFX,主机系统运维工程师,银信科技,1000-9999人,计算机软件,大专,3-5年,"系统运维, 虚拟化运维, Openstack",10-11K,杭州,,2026-05-27 14:33:40
10509e25da0ea5ee0nB-2di7GFNW,cdn运维工程师,武汉佰钧成技术,1000-9999人,计算机软件,大专,3-5年,,10-15K,杭州,,2026-05-27 14:33:40
305387e6914e16240nd42ty7FVpW,云运维工程师,上海新炬,1000-9999人,计算机软件,本科,1-3年,"Nginx, Docker, tomcat, 系统运维, Redis, Python/Shell, 计算机相关专业, 云平台, 运维经验, ES",8-12K,杭州,,2026-05-27 14:33:40
e114060f095e458103B93Ny5FFdT,超融合/云计算产品测试工程师,宏杉科技,500-999人,通信/网络设备,本科,经验不限,"自动化测试经验, Java, 测试工作经验, 性能测试, Fiddler, 功能测试, 计算机相关专业, 私有云/超融合, Shell, 自动化测试, LoadRunner, Selenium, 掌握软件测试理论和流程, 云计算",12-18K,杭州,,2026-05-27 14:34:01
a3cac57a61060898031829i7EVVY,机房运维工程师,特发信息,1000-9999人,通信/网络设备,大专,1-3年,"柴发, 机房暖通, 机房电气, UPS, 高低压, IDC机房运维",10-12K·13薪,杭州,,2026-05-27 14:34:01
12e8ba6614e584631Xx73t-9GVVY,机器学习算法工程师,纪数科技,20-99人,大数据,本科,1-3年,"深度学习, 大模型算法, 自然语言处理算法, 搜索算法, 模型加速/性能优化, 多模态算法, Python, SQL, Shell, Golang, CNN/RNN/LSTM, Shell, 机器学习算法/工程化经验, 计算机相关专业, 深度学习经验, 云计算, Python",15-30K·14薪,杭州,,2026-05-27 14:34:01
edd007f8425847db33dy3NW8EVM~,大数据开发/架构工程师,华驰科技,0-20人,计算机软件,本科,1-3年,"大数据, 云计算, Hadoop, Storm, HDFS, MapReduce, Hbase",8-12K,杭州,,2026-05-27 14:34:01
67fe13012e0088e21nR439m4EFpX,售前工程师,戈圣堡,20-99人,通信/网络设备,学历不限,1-3年,"售前技术支持, 数据中心, 云计算",9-14K·13薪,杭州,,2026-05-27 14:34:01
1bb9ad57ef1cb9851XJy2t25ElNV,运维实施工程师,智光一创,20-99人,计算机服务,大专,1-3年,Linux,6-8K·13薪,杭州,,2026-05-27 14:34:22
2b73f8e027a43b290nB-2dm9FlRU,运维工程师,浙大网新,1000-9999人,计算机软件,本科,在校/应届,"实施交付运维, 系统运维, 计算机相关专业, 网络安全相关经验",6-7K,杭州,,2026-05-27 14:34:22
fa6dc09b04eaa87e1HB82N61GVJZ,运维工程师,浩瀚深度,100-499人,通信/网络设备,本科,3-5年,"网络运维, 实施交付运维, 系统运维",9-11K,杭州,,2026-05-27 14:34:22
a0535ac6e850fcb90nB73NW4FlJX,系统运维工程师,亿达信息,1000-9999人,计算机软件,本科,3-5年,,11-14K,杭州,,2026-05-27 14:34:42
e5d70a5e0303d18c0nB52d28FlVS,项目工程师,杭州达利,10000人以上,企业服务,本科,经验不限,,7-9K,杭州,,2026-05-27 14:34:42
4ae8e9d50f5615bc0nZ43t6-FVNQ,运维工程师,脉博科技,20-99人,社交网络,本科,3-5年,"Nginx, Elasticsearch, MySQL/Oracle, 系统运维, 运维开发/DevOps, 运维开发经验, Python/Shell, 计算机相关专业, Kubernetes",11-16K,杭州,,2026-05-27 14:35:02
239d7262667ca6e71HR-3d65FFNQ,电力运维工程师,昱军新能源,0-20人,电力/热力/燃气/水利,大专,5-10年,"实施交付运维, 系统运维, 双休，调休，早九晚五",5-10K·14薪,杭州,,2026-05-27 14:35:23
e2cb6d18bc1319560nB439S7GVFX,应用运维工程师,质子科技,100-499人,互联网,大专,3-5年,"系统运维, Nginx, Redis, MySQL/Oracle, 计算机相关专业, 运维经验",7-12K,杭州,,2026-05-27 14:35:23
db9bb40427fdd24d03N93ty4EVZX,高级devops工程师,箴理科技,20-99人,人工智能,本科,1-3年,,12-24K·13薪,杭州,,2026-05-27 14:35:23
c70f84ba9963b51803N50t-1E1JS,MES应用工程师,康钡电机,100-499人,电气机械/器材,本科,10年以上,"MES系统, BI",10-15K·14薪,杭州,,2026-05-27 14:35:45
091d6f223bd8f11d03J73Ni-FlFR,it工程师,聚融医疗,100-499人,医疗器械,大专,经验不限,"桌面运维, 网络运维, 系统运维, IDC机房运维, 网络安全相关经验, 运维经验",6-10K·14薪,杭州,,2026-05-27 14:35:45
0c6d382ca2bd1d3b0nVz3d2_FVpV,业务运维工程师,悦芯科技,100-499人,计算机软件,本科,1-3年,,8-13K·13薪,杭州,,2026-05-27 14:36:06
4f85d3c66714d3c203x_0tq1ElZT,系统运维工程师,浙江正元智慧信息...,100-499人,互联网,本科,1-3年,"系统运维, Kubernetes, Redis, Nginx, MySQL/Oracle, 计算机相关专业",7-10K,杭州,,2026-05-27 14:36:06
67cad05959eb68fd0nRy3NW4FFtR,BA工程师,北京英沣特,100-499人,新能源,大专,5-10年,"BA维护, 运维, 工程交付经验, 暖通知识",11-20K,杭州,,2026-05-27 14:36:06
776c010a632f1f911HJ629i8FFdS,系统运维工程师,明天医网科技,100-499人,医疗健康,本科,3-5年,"网络运维, DBA, Docker, MySQL/Oracle, 系统运维, 计算机相关专业",15-20K·13薪,杭州,,2026-05-27 14:36:06
0819a746ab21329a1HN-0tW4ElZQ,erp服务工程师,杭州勤生,20-99人,计算机软件,大专,1-3年,"系统运维, 桌面运维, 网络运维, MySQL/Oracle, 计算机相关专业, 运维经验, 大数据运维经验",5-8K,杭州,,2026-05-27 14:36:06
a302d9bb2003bfa11XZz3d-8FlNX,服务工程师,艾康生物,1000-9999人,医疗健康,本科,3-5年,"实施交付运维, 系统运维, Java, MySQL/Oracle, 计算机相关专业, 运维开发经验, 医疗软件开发, 医疗软件实施",6-9K,杭州,,2026-05-27 14:36:06
b47fa489efb2250d0nB73dW8FlZU,云交付工程师,国安信息科技,100-499人,计算机软件,本科,3-5年,,11-18K,杭州,,2026-05-27 14:36:27
ecc49fe88055f9770nR-2NS1EFtY,交付运维工程师,XSKY星辰天合,100-499人,计算机服务,大专,3-5年,,9-14K,杭州,,2026-05-27 14:41:35
27be212c2381781503x-3tm8ElpS,运维工程师,诚云科技,500-999人,互联网,本科,1-3年,,16-20K·15薪,杭州,,2026-05-27 14:42:17
62f21cc97bb3fbf10nd50tm7FFRQ,AIGC运维工程师,浙江奥达思智慧云...,20-99人,人工智能,本科,3-5年,,12-15K,杭州,,2026-05-27 14:42:17
e45f22b627993a601Hx43dm6ElFX,K8S运维工程师,零跑科技,10000人以上,新能源汽车,本科,5-10年,"实施交付运维, Docker, 系统运维, 运维开发/DevOps, 运维开发经验, 计算机相关专业, 运维经验, Kubernetes",15-30K,杭州,,2026-05-27 14:42:17
78d740a4e656568c0nB42dW6EVZQ,安全运维工程师,杰峰,500-999人,通信/网络设备,本科,1-3年,"大数据运维经验, 网络安全相关经验, 计算机相关专业, 通信相关专业, 渗透测试",10-12K,杭州,,2026-05-27 14:43:01
ecf598065ac6f8b10nB62dS_FlNV,系统运维工程师,网鼎科技,20-99人,互联网,本科,3-5年,,10-15K·13薪,杭州,,2026-05-27 14:43:21
0fc4a1ed09d11d850nd_0ty0FFdS,网络运维工程师,中科智能,20-99人,机电工程,大专,1-3年,"代理商, 具备网络交付, 售前网络规划功能。, 路由和交换, 网络运行与维护",5-8K·14薪,杭州,,2026-05-27 14:43:21
0e8c6c75d2e8eab70nB70ty5GFFV,运维工程师,杭州浙大启真未来...,20-99人,大数据,本科,1-3年,,9-12K·13薪,杭州,,2026-05-27 14:43:42
4ea574f0aa6c71991X1_29y7EFpW,实施运维工程师,力德恒业,100-499人,移动互联网,本科,5-10年,"实施交付运维, 国家电网, 电气自动化, 系统运维, 电力, 开发",12-15K,杭州,,2026-05-27 14:43:42
b090db70f9f3e85c1XB62dq9EFpX,深度学习 - 高级算法工程师,杭州新生纪智能科技,100-499人,智能硬件,硕士,1-3年,"语音/图像识别, 智能驾驶, 云计算, C/C++, Python, TensorFlow/PyTorch, 计算机相关专业, 机器学习算法/工程化经验, 深度学习经验",30-50K·14薪,杭州,,2026-05-27 14:44:02
a4db3b6e19cf3ef50ndz096-FlFR,运维工程师,云裳羽衣,100-499人,电子商务,本科,5-10年,,10-15K,杭州,,2026-05-27 14:44:02
b66b0cc76e2d91271nZ83tW8GVFX,高级前端工程师,奇点云,100-499人,大数据,本科,3-5年,"前端开发, ES6, 大数据, Vue, 云计算",18-30K,杭州,,2026-05-27 14:44:02
6e20dae4ac91539903B539-5ElFV,运维工程师,杭州联发管业科技,100-499人,金属制品,大专,3-5年,,6-11K,杭州,,2026-05-27 14:44:02
295a0068e7dfd7590nZ439W9EVpX,云计算研发工程师,阿里巴巴集团,10000人以上,互联网,硕士,,"C++, C, Golang",400-600元/天,杭州,,2026-05-27 14:49:16
9a3dbc52adda103f0nB53Nu7FFVR,高级运维工程师,某知名计算机软件公司,1000-9999人,计算机软件,本科,经验不限,"IDC机房运维, 运维开发/DevOps, 系统运维, Python/Shell, 服务器运维, SRE运维, GitHub",30-40K·14薪,杭州,,2026-05-27 14:49:35
1c587c5f9eee2b750nB509u7FlJT,运维工程师,蛙喔,1000-9999人,餐饮,大专,3-5年,,7-11K,杭州,,2026-05-27 14:49:35
c65a6638dc1a06dc0nB42t-5GFpU,运维工程师,杭州文源智创科技,20-99人,互联网,本科,5-10年,,15-30K,杭州,,2026-05-27 14:49:57
5b55cb7aa5d1e9bd0nZ83tq_FVFV,运维工程师,数询,20-99人,大数据,本科,3-5年,,100-150元/时,杭州,,2026-05-27 14:50:39
8768b21c3d6f83b103Jz3N20F1RS,IT工程师,慕德微纳,20-99人,半导体/芯片,本科,3-5年,"网络运维, 生产制造业, 通信相关专业, 半导体, 光学, 运维开发/DevOps, MES, 计算机相关专业, 电子/电气/自动化相关专业, 运维经验",12-20K,杭州,,2026-05-27 14:51:22
924cb727c92cb1d70nV82d-8FlVQ,电力运维工程师,极能科技,100-499人,电力/热力/燃气/水利,大专,1-3年,电子/电气/自动化相关专业,6-10K·13薪,杭州,,2026-05-27 14:51:44
be82a31b990f97eb1nR92dq_GFtT,开发工程师,浙江阿里巴巴云计...,1000-9999人,互联网,本科,经验不限,"分布式技术, 微服务架构, 容器技术, 计算机软件, 云计算, 管理系统, Java",25-40K·16薪,杭州,,2026-05-27 14:52:04
e48308052874fc851HV53dS8FVtV,测试开发工程师,字节跳动,10000人以上,互联网,本科,1-3年,"测试工程师, 自动化测试, 软件测试, Java, 分布式技术, 大数据, 云计算",25-50K·13薪,杭州,,2026-05-27 14:52:04
754adbdda7e93b640nd83N21ElFX,运维工程师,杭州智象品牌管理,20-99人,广告营销,本科,1-3年,"网络运维, 系统运维, 计算机相关专业, 网络安全相关经验, 运维经验",5-7K,杭州,,2026-05-27 14:56:54
7907967460f89781031-09q5EVJY,安防运维工程师,深圳市唯诺信息技术,0-20人,电子商务,大专,经验不限,"计算机相关专业, 运维经验",4-5K,杭州,,2026-05-27 14:58:00
0190a6d36f68980e0nB53Ni6FlRW,运维工程师,杭州优财云科技,0-20人,计算机软件,本科,3-5年,,9-14K,杭州,,2026-05-27 14:58:00
26972de9c538a2b30HR-39S9FFU~,Java研发工程师,蚂蚁集团,10000人以上,互联网,本科,在校/应届,"Java, Spring, MySQL, 后端开发, 全栈开发, 云计算, JavaScript, C语言",15-25K·15薪,杭州,,2026-05-27 14:58:20
e1a0765661756bef1HF63tS_EFZX,技术支持工程师,华立电力,20-99人,仪器仪表,大专,经验不限,"实施交付运维, 电子/电气/自动化相关专业",5-8K·13薪,杭州,,2026-05-27 14:59:03
93fb3d5af602953203Z_09q-E1dT,电力运维工程师,浙江明耀,20-99人,电力/热力/燃气/水利,大专,1-3年,,5-8K,杭州,,2026-05-27 14:59:26
e49805e57321a5e51XR429i9E1FU,云计算工程师,中通服,10000人以上,互联网,大专,1-3年,云计算,12-20K,杭州,,2026-05-27 15:03:35
e01b483ef21421040nRy3d6_GFVT,云计算高级讲师,杭州未来康瑞教育...,100-499人,培训/辅导机构,学历不限,5-10年,"Nginx, Docker, 运维开发/DevOps, 运维开发经验, Python/Shell, 网络安全相关经验, 运维经验, Kubernetes",15-22K,杭州,,2026-05-27 15:03:35
75f45d63a5b33bd81HB60ti5F1tV,交付工程师,华鲲振宇,1000-9999人,通信/网络设备,本科,1-3年,"实施交付运维, 通信相关专业, MySQL/Oracle, 虚拟化, 系统运维, 服务器, 计算机相关专业, 运维经验, IDC机房运维, Kubernetes",11-18K·15薪,杭州,,2026-05-27 15:03:56
ebab4aa4b83a6d770nB439S6GVpT,算力平台运营工程师,之科云启,100-499人,计算机软件,本科,1-3年,,15-18K·14薪,杭州,,2026-05-27 15:04:17
f378b0f5cd901e1c1X1609i6FVtX,云网络管控面研发工程师,中移,1000-9999人,计算机软件,本科,3-5年,"后端工程师, Java, 分布式系统开发经验, Java开发经验, sdn, 网络, 云计算",30-60K,杭州,,2026-05-27 15:04:38
65cab09a107048b30nB43dW8F1ZX,技术运维工程师,明月华炎,100-499人,通信/网络设备,本科,1-3年,,11-17K,杭州,,2026-05-27 15:04:38
248517ac45eb9fca0nB-29y5EFBS,交付运维工程师,杭州润界医疗,20-99人,医疗器械,本科,1-3年,,11-18K,杭州,,2026-05-27 15:04:38
2506f91f2c6dfa3a03xy3d6_GFVT,运维工程师,特发信息,1000-9999人,通信/网络设备,大专,1-3年,"服务器维修, 机房IDC运维, 服务器运维, IT运维, 运维经验, IDC机房运维",6-8K·13薪,杭州,,2026-05-27 15:04:58
22d27adab11dc7260nd639q_FFdU,系统运维工程师,浙江甬易,20-99人,互联网,本科,3-5年,,20-28K,杭州,,2026-05-27 15:05:40
3a6834bcd71973341XV529W9GVRT,强电工程师,特发服务,1000-9999人,物业管理,大专,1-3年,"综合体, 强电, 机房运维, 工程师, 物业",10-14K·13薪,杭州,,2026-05-27 15:06:02
cba39c2605857b1303dz09q0ElpW,技术支持工程师,杭州图特科技,100-499人,计算机软件,本科,1-3年,"实施交付运维, MySQL/Oracle, 大数据运维经验, 运维开发经验, 计算机相关专业, 运维经验",6-9K,杭州,,2026-05-27 15:06:22
3009bb9dfe9636a603N72d60FlRR,IT运维工程师,杭州同创顶立机械,100-499人,其他制造业,大专,1-3年,,6-8K,杭州,,2026-05-27 15:06:22
a8c8ddc6a54587790nB409q4EFdQ,业务运维工程师,匠制科技,20-99人,计算机软件,大专,1-3年,,6-9K·13薪,杭州,,2026-05-27 15:11:56
f8f32a72b653fda30nB43Ny1F1FS,业务运维工程师,深圳市启明软件,20-99人,计算机软件,本科,经验不限,,10-15K,杭州,,2026-05-27 15:12:17
357c9461b070760b0nB73NS6FlBS,crm运维工程师,四川准达,1000-9999人,通信/网络设备,本科,3-5年,"运维开发/DevOps, 运维经验",10-15K,杭州,,2026-05-27 15:12:38
5c2817cb5cc1e6b40nB53Ni-F1VV,SRE运维工程师,泽鹿视界,100-499人,电子商务,本科,1-3年,"运维开发/DevOps, Docker, Kubernetes, 计算机相关专业, 运维开发经验, 运维经验, 大数据运维经验, AI运维, SRE运维",12-16K,杭州,,2026-05-27 15:12:59
c270c96043da83791nd639q9GFJT,软件工程师,蚂蚁集团,10000人以上,互联网,本科,1-3年,"微服务架构, Spring, 架构师, 大数据, 银行, 云计算, 支付, 人工智能",40-70K·16薪,杭州,,2026-05-27 15:13:40
d439e8161605345c0nRz29u4GVFS,云计算销售经理,小伙云,0-20人,云计算,大专,经验不限,"电话销售, 面销/陌拜, 对企业/机构（To B）销售经验, 企业服务, 企业（To B）, 网络销售, 面销/陌拜经验, 互联网/科技, 网络营销经验",7-12K,杭州,,2026-05-27 15:18:06
76b0d7b0318c95bd0nV83tW9EFFQ,虚拟化工程师,银信科技,1000-9999人,计算机软件,大专,3-5年,"Ansible/Salt/Puppet, 系统运维, Python/Shell, 计算机相关专业, 运维经验, IDC机房运维",10-11K,杭州,,2026-05-27 15:18:27
c77ff06fd02797190nZ529W6EVZQ,交付运维工程师,无限光年,100-499人,计算机软件,本科,3-5年,,25-50K·16薪,杭州,,2026-05-27 15:18:48
2c29c87d0686d0a80nZ83Nm7FFdY,it运维工程师,浙江天极集成电路技术,100-499人,半导体/芯片,大专,5-10年,,18-28K·13薪,杭州,,2026-05-27 15:27:55
54495c469244105903d909i6GFRY,运维工程师,特睿德弗,100-499人,互联网金融,本科,5-10年,"网络运维, 大数据运维经验, 运维开发/DevOps, Python/Shell, 计算机相关专业, Kubernetes",20-35K·16薪,杭州,,2026-05-27 15:28:16
bddb4d98ca00ca850nB709u1EVJZ,IT运维工程师,星汉信息,100-499人,大数据,大专,1-3年,,8-10K,杭州,,2026-05-27 15:28:37
dd9f5635236b4a160nR429u1FVNR,电力运维工程师,优碧科技,100-499人,智能硬件,本科,3-5年,"电子/电气/自动化相关专业, 继电保护, 变电, 故障指示器, 暂态工频录波数据分析",6-10K,杭州,,2026-05-27 15:28:59
b21c13b3ac4147de0nd82Nm-FFNU,系统运维工程师,QueenStudios,100-499人,其他消费品,大专,1-3年,"系统运维, 金蝶, 计算机相关专业, 运维经验, 吉客云, 电商erp, 电商, RPA系统",7-10K,杭州,,2026-05-27 15:29:41
10262bee71ed6a8003F439i8GFtW,云计算服务交付工程师,新华三技术有限公司,10000人以上,计算机软件,本科,1-3年,"上云迁移, IaaS/PaaS, 云网络, 实施交付, 云计算",12-20K,杭州,,2026-05-27 15:29:41
68a885c040f333de0nB53N25EFVQ,运维工程师,杭州三陆五,20-99人,互联网,大专,3-5年,,8-10K,杭州,,2026-05-27 15:36:34
a3828b4ed1505fb90nd83Ni-ElpR,运维工程师,谐云,100-499人,计算机软件,本科,5-10年,"实施交付运维, 运维开发/DevOps, 计算机相关专业, Kubernetes",17-25K,杭州,,2026-05-27 15:37:14
16f018ea54cdbaab03R93d-4EltR,运维工程师,广西信科普进智能科技,0-20人,互联网,大专,1-3年,"电子/电气/自动化相关专业, 运维经验",4-5K,杭州,,2026-05-27 15:37:58
42f4ff1d97e5d9e51nV73NW_EVA~,云计算开发工程师,华为,10000人以上,计算机软件,本科,经验不限,"后端开发, 分布式, 协议栈",20-40K,杭州,,2026-05-27 15:43:05
c25a3443d726f07603162dq9EVVR,云交付驻场工程师,数汉科技,0-20人,计算机硬件,本科,1-3年,"售前/售后技术支持, 超融合, 云计算, 存储, 服务器",6-9K·14薪,杭州,,2026-05-27 15:44:07
c382bf673d3cf66a1XN439W8EFZU,运维工程师,金华尚清,100-499人,环保,大专,1-3年,IDC机房运维,6-7K,杭州,,2026-05-27 15:44:27
d34f33ab7786d2e70nB43926EFRR,运维工程师,绛门科技,500-999人,计算机软件,本科,1-3年,"网络运维, Docker, MySQL/Oracle, 系统运维, 运维经验",8-11K,杭州,,2026-05-27 15:44:27
c765a3021f85e3340nd_39q5EVZY,Devops运维工程师,杭州梁才科技有限公司,100-499人,互联网,本科,3-5年,"运维开发/DevOps, Python/Shell, 计算机相关专业",15-25K,杭州,,2026-05-27 15:44:49
dfad1a03775d2b9e0nB52d-9FlpX,高级运维工程师,米尘,20-99人,社交网络与媒体,本科,5-10年,,15-30K·15薪,杭州,,2026-05-27 15:44:49
3c386636179b36000nd-3dW5F1FZ,内部运维工程师,源诚科技,100-499人,计算机软件,本科,3-5年,"运维开发/DevOps, 桌面运维, 网络运维, IDC机房运维, DBA, Python/Shell, MySQL/Oracle, Kubernetes, Docker, Elasticsearch, 计算机相关专业, 运维经验, 网络安全相关经验, 大数据运维经验, 打印机/复印机维修经验",15-20K,杭州,,2026-05-27 15:45:32
25130792e69fbb5e0nZ7396_F1NV,it运维工程师,灵匠科技,500-999人,互联网,本科,5-10年,,10-15K,杭州,,2026-05-27 15:45:32
b49cd228de16f10b1n1y2d6_E1NT,Java高级开发工程师,玖章算术,20-99人,计算机软件,本科,3-5年,"Java, 大数据经验, MySQL, 接受无前端经验/技能, 云计算经验, Spring, 数据库, 云计算",15-30K,杭州,,2026-05-27 15:46:16
1c12be367d75d50f1nZ_2tW5GFFU,软件开发工程师限校招,阿里巴巴,10000人以上,互联网,本科,经验不限,"云计算, Linux, Java, 软件工程师",20-26K·16薪,杭州,,2026-05-27 15:46:16
caab574ec4e441b20nB-2tS-GVVW,erp运维工程师,南湖脑机交叉研究院,100-499人,学术/科研,本科,1-3年,,8-13K·14薪,杭州,,2026-05-27 15:46:16
b87727856766fc880nB62928FVZQ,通信运维工程师,百应科技,100-499人,人工智能,本科,3-5年,,12-20K·15薪,杭州,,2026-05-27 15:52:06
db09b6d7b1d5f91f0nRz3NW7EFZT,现场运维工程师,图南益,20-99人,人工智能,中专/中技,1-3年,"电子/电气/自动化相关专业, 电工, 机修工",7-8K,杭州,,2026-05-27 15:52:27
1eb59f5b216830340nd82tm9EVBV,sap运维工程师,中力,1000-9999人,电气机械/器材,大专,1-3年,SAP运维,6-9K,杭州,,2026-05-27 15:52:48
c76ea2eca7d7c2de03dy2d60FVU~,运维工程师,意尔康股份有限公司,1000-9999人,其他行业,大专,3-5年,"Linux, 运维, MySQL, Oracle, 数据库运维",7-11K,杭州,,2026-05-27 15:53:10
d723708fd81c508b0nd909-6EVpT,运维工程师,浩瀚深度,100-499人,通信/网络设备,本科,3-5年,,9-11K,杭州,,2026-05-27 15:53:10
b67f54366990371f0nB43Nm6GVZZ,高级运维工程师,云深处科技,500-999人,人工智能,本科,3-5年,"系统运维, 运维开发/DevOps, Java, Python/Shell, Redis, Docker, Kubernetes, 计算机相关专业, 通信相关专业, 运维经验, 运维开发经验, 大数据运维经验",15-25K·14薪,杭州,,2026-05-27 15:53:50
e8f2c39daee3bb1d1Hdy2Ni-GVJT,终端运维工程师,三零卫士杭州分公司,100-499人,信息安全,大专,1-3年,桌面运维,5-6K,杭州,,2026-05-27 15:54:33
2648b53cec0797221nV82du6FlRS,DevOps开发工程师,小快科技,100-499人,移动互联网,大专,3-5年,"运维, Python, Shell, 容器技术, Docker, 云计算, 运维开发, 自动化运维",18-35K·15薪,杭州,,2026-05-27 16:01:06
24913a9b42a227310nB43Nm7GFtX,质量运维工程师,杭州海络,100-499人,计算机软件,本科,3-5年,,7-9K,杭州,,2026-05-27 16:01:06
71001e6ba8af6dc71nZ639q7GVtX,GO开发工程师,杭州博雅鸿图,100-499人,电子/半导体/集成电路,本科,3-5年,"Python, Java, 分布式技术, 微服务架构, 消息队列, 云计算, 大数据",15-25K,杭州,,2026-05-27 16:01:48
350e466ea5d980020HJy09u6E1U~,C++开发工程师,咚咚信息技术,20-99人,计算机软件,本科,1-3年,"C++, Shell, Linux, 驱动开发, 计算机软件, 人工智能, 云计算",9-14K·13薪,杭州,,2026-05-27 16:01:48
c2ff49cb57979ee70nZy2NS1F1FX,运维工程师,远和资产,20-99人,基金,本科,3-5年,"DBA, 实施交付运维, 系统运维, 计算机相关专业, IDC机房运维, Kubernetes",25-40K·16薪,杭州,,2026-05-27 16:01:48
83df6ac3e7a9174d0ndz2t65E1FW,系统运维工程师,浙江正凯集团,1000-9999人,其他行业,本科,3-5年,"实施交付运维, 系统运维",8-13K,杭州,,2026-05-27 16:02:28
c46392228d6402f003x80tW1FFRQ,运维工程师,安徽博思锐信息科技,20-99人,计算机服务,大专,经验不限,,4-7K,杭州,,2026-05-27 16:02:28
7c2d11422a02f6f33nF52dW8E1Y~,在线运维工程师,杭州环研科技有限公司,20-99人,环保,大专,1-3年,监测，环保,5-7K,杭州,,2026-05-27 16:02:49
0189021f9ac4ad223nx_2ti1FVs~,Java研发工程师,杭州蚂蚁智能科技,10000人以上,基金,本科,1-3年,"Java, Spring, 云计算, Web端, Linux, 分布式技术, 多线程, 容器技术",20-40K·17薪,杭州,,2026-05-27 16:14:38
93272c995cec34b11nRz3N-0EltT,云计算研发工程师,杭州优云,100-499人,计算机服务,本科,1-3年,"云计算, 云平台, 虚拟化, Linux, C语言, Openstack",13-20K·14薪,杭州,,2026-05-27 16:14:38
bd22d33e048051bf0nZ629m0FlRT,vmware运维工程师,银信科技,1000-9999人,计算机软件,大专,3-5年,"计算机相关专业, 通信相关专业, 运维经验, 电子/电气/自动化相关专业, 大数据运维经验, vmware, 虚拟化运维",10-11K,杭州,,2026-05-27 16:14:38
a042d421bdcd6b1d1nd73tS9GFNR,分布式工程师,夸克工业,0-20人,其他专业服务,本科,1-3年,"网络设备, 云计算, 区块链",8-12K,杭州,,2026-05-27 16:14:59
8282e6894a767a2d03Z_092-GVJZ,基础架构工程师,杭州图序信息技术,20-99人,企业服务,本科,3-5年,"网络运维, 实施交付运维, 系统运维, 计算机相关专业, 电子/电气/自动化相关专业, 网络安全相关经验, 运维经验, IDC机房运维",15-20K,杭州,,2026-05-27 16:15:21
c49ee68d74ab61170nB43t65FVZZ,IT运维工程师,环迅通,100-499人,通信/网络设备,大专,3-5年,"IDC机房运维, 数据中心",12-17K,杭州,,2026-05-27 16:15:21
6269148d037e65761nZy2NS9EFJQ,实施运维工程师,数域科技,20-99人,计算机软件,大专,1-3年,"云计算, 计算机软件, 大数据, 管理系统, 区块链, IT服务, 运维, 实施",4-9K·13薪,杭州,,2026-05-27 16:15:21
bb666b008c288dc3031939m0GVJR,机房运维工程师,德宁佳,0-20人,其他生活服务,学历不限,经验不限,"网络运维, 大数据运维经验, 系统运维, 网络安全相关经验, 运维经验, IDC机房运维",2-3K,杭州,,2026-05-27 16:15:21
6228593a9c0ef53c1nJ-2tS0F1VU,售前工程师,联云世纪,100-499人,运营商/增值服务,本科,1-3年,"产品咨询, 技术沟通, 云计算, 数据中心, 网络协议",10-15K,杭州,,2026-05-27 16:15:43
7829989418bdca9403172di_GVZQ,sre运维工程师,江苏达科,1000-9999人,通信/网络设备,本科,经验不限,"运维开发/DevOps, 系统运维, Kubernetes, Docker, Python/Shell, Redis, MySQL/Oracle, 计算机相关专业, 运维经验, 电子/电气/自动化相关专业",8-12K·13薪,杭州,,2026-05-27 16:16:25
edb4ae6066669a650nd63dW9F1tU,dba高级工程师,某知名互联网公司,1000-9999人,互联网,本科,3-5年,"DBA, Redis, 计算机相关专业",25-40K·14薪,杭州,,2026-05-27 16:16:25
38aad513b7d900181Xd72tm9GFJQ,实施运维工程师,佰安信息,20-99人,计算机软件,大专,3-5年,"Linux, 系统运维, MySQL, 集群运维, Centos, 大数据运维, SQL, HBase",7-12K·13薪,杭州,,2026-05-27 16:16:47
b9aa29c3467f63c233N-3Nm0ElM~,后端开发工程师,菜鸟网络,10000人以上,互联网,本科,5-10年,"分布式技术, DBA, Linux, 架构师, 云计算",30-50K·13薪,杭州,,2026-05-27 16:16:47
77134c22302f38c60XV629-1ElM~,工程师,皓清物资,0-20人,批发/零售,本科,3-5年,"Java, PHP, Python, SQL, Node.js, Spring, Redis, 云计算",15-25K,杭州,,2026-05-27 16:16:47
5b7933e970440ebe3nR63NS_F1Y~,技术支持工程师,它山石信息科技,0-20人,企业服务,本科,1-3年,"IT技术支持, 云计算",10-15K·13薪,杭州,,2026-05-27 16:17:09
dc1edf25bf61d2f00nB629y_E1ZQ,运维工程师,培慕,20-99人,咨询,本科,3-5年,"网络运维, 系统运维, 运维开发/DevOps, 实施交付运维, 运维开发经验, 运维经验, 网络安全相关经验, 信创项目",11-20K,杭州,,2026-05-27 16:17:09
17cd6ba62b9f8f9b1Xx62t28EVdV,技术运维工程师,中网智慧,0-20人,运营商/增值服务,本科,1-3年,"Java, 实施交付运维, Docker, MySQL/Oracle, 大数据运维经验, 系统运维, 运维开发/DevOps, 运维开发经验, 工业互联网平台运维, 计算机相关专业",7-12K,杭州,,2026-05-27 16:17:09
84b8e6d3cc14bb4c1H1_0t68FlNU,运维工程师,浙江码上智慧科技,20-99人,计算机软件,大专,1-3年,"网络运维, 实施交付运维, 大数据运维经验, 系统运维, 计算机相关专业, 运维经验",4-6K,杭州,,2026-05-27 16:17:09
fe21d8d33b8b0d1c1Xd90ty-F1BV,云计算售前工程师,杭州优云,100-499人,计算机服务,本科,3-5年,"云服务, 系统集成, 售前技术支持经验, 招投标经验, 计算机/通信相关专业",12-20K·14薪,杭州,,2026-05-27 16:17:30
8b687c83d3c5b36a1nV42t-5FlE~,云计算测试开发工程师,华为,10000人以上,计算机软件,本科,经验不限,"软件测试, 白盒测试, 测试开发, Python, Shell, 网络协议, 云计算",16-32K,杭州,,2026-05-27 16:17:30
c44d7d70212c6a271nZ60t26F1pS,云计算研发工程师,阿里巴巴集团,10000人以上,互联网,本科,在校/应届,"Python, Java, 分布式技术, 数据结构, 容器技术, 云计算, 人工智能",15-30K,杭州,,2026-05-27 16:17:30
b9c836b6041c8fcb1H1-3d28E1NY,云计算平台-资深研发工程师,杭州蚂蚁智能科技,10000人以上,基金,本科,5-10年,"Golang, Java, 不接受居家办公, 分布式经验, SpringCloud, MySQL, Redis, 云计算经验, 多云管控, 架构设计经验, 混和云, Python",40-70K·13薪,杭州,,2026-05-27 16:17:30
d3e234c79b51187a0Xx92d20FFM~,公有云技术服务工程师,中国移动浙江公司,10000人以上,通信/网络设备,硕士,3-5年,"容器技术, 售前工程师, 售后工程师, 云计算",30-50K,杭州,,2026-05-27 16:17:30
1f8fe916cb65339f03R_3tm7E1NY,Golang开发工程师（云原生方向）,灵雀云,100-499人,计算机软件,本科,经验不限,"Golang, Docker, PaaS, Golang服务端开发经验, 计算机相关专业, 云平台, 容器平台, operator, Kubernetes, 云计算",18-35K·13薪,杭州,,2026-05-27 16:17:30
8c30ace54cd5bd613nF-09m7E1A~,容器云golang开发工程师,浙江大华,10000人以上,互联网,本科,3-5年,"Go, 分布式技术, 容器技术, 云计算",20-40K·16薪,杭州,,2026-05-27 16:17:30
e1df5b0cf71384870nB43dS5EVNW,软件测试工程师（云计算方向，懂Java语言）,宏杉科技,500-999人,通信/网络设备,本科,1-3年,"功能测试, Java, 计算机相关专业, 云平台, 云计算",12-18K,杭州,,2026-05-27 16:17:30
d8c2f03a22e503f01Hd42N-0FlBT,AI/云计算工程师,华为,10000人以上,计算机软件,本科,经验不限,"C++, C, Python, Linux开发/部署经验, 图形开发经验, 嵌入式软件经验, 虚拟化, GPU, 云计算",20-40K·15薪,杭州,,2026-05-27 16:17:30
544e6a9ef97b9c9f1XNz39i7FVFR,云计算数据库产品SRE工程师（Cloud DBA）,杭州今日头条科技,10000人以上,互联网,本科,3-5年,"Python, Docker, Kubernetes, MySQL, PostgreSQL, Redis, 计算机相关专业, DBA工作经验, 熟悉Linux/Unix系统, 熟悉容器k8s，有相关工作经验者优先",25-50K·15薪,杭州,,2026-05-27 16:17:30
8c50a535a41f06da0nZ_39W1FVZS,运维工程师,古茗茶饮,1000-9999人,批发/零售,本科,5-10年,,20-30K·14薪,杭州,,2026-05-27 16:17:30
ac5aed79d5229d130nd639W7EVVW,电信智家工程师,珍园,10000人以上,通信/网络设备,高中,经验不限,,5-8K,杭州,,2026-05-27 16:22:57
877da7894cbe97020nZ_2925GVJS,云平台运维工程师,闪铸三维,1000-9999人,仪器仪表,本科,3-5年,"运维开发/DevOps, Kubernetes, Docker, Nginx, MySQL/Oracle, Python/Shell, 计算机相关专业, 通信相关专业, 运维经验, 网络安全相关经验, 运维开发经验",11-20K,杭州,,2026-05-27 16:23:19
d827c390256f071d33173d6_FVs~,云平台开发工程师,博联智能,100-499人,智能硬件,本科,经验不限,"Go, C++, 数据结构, 云计算, 网络协议, 分布式技术",15-27K,杭州,,2026-05-27 16:23:39
16bbcec8f4ffaf6d03N83ti8EFBW,云计算运维,杭州星溢,0-20人,电子商务,本科,1-3年,"网络运维, Java, 实施交付运维, 桌面运维, 计算机相关专业, 运维经验, IDC机房运维",6-11K,杭州,,2026-05-27 16:29:52
3d923bda1a9bc09203N43d-0EVdY,运维工程师,杭州鼎领科技有限公司,0-20人,互联网,本科,1-3年,通信相关专业,10-12K,杭州,,2026-05-27 16:31:33
5609ea5352d3f5c90nd_2NW7F1BW,资深运维工程师,杭州某大型互联网上市公司,10000人以上,互联网,本科,3-5年,,20-35K·16薪,杭州,,2026-05-27 16:31:54
00190de6f041dff10nB52Ni1FVBX,运维工程师,CHUU,100-499人,服装/纺织,本科,3-5年,"MySQL/Oracle, Redis, Nginx, Elasticsearch, 运维经验, 大数据运维经验, 服装服饰相关类目",10-12K,杭州,,2026-05-27 16:32:15
365cec970cf3dd261nV739-_FFVV,云计算技术支持实习生,ZStack,100-499人,计算机软件,本科,,"网络, 运维, linux, 云计算",150-200元/天,成都,,2026-05-27 17:38:44
14e94de114c291240nd_2NW7EFJZ,6k云计算客服,北京软通动力云计...,10000人以上,互联网,大专,1-3年,"电话客服, 办公室坐班, 不含销售的客服工作, 倒班工作制",6-7K,成都,,2026-05-27 17:38:44
d8e5bd4e035228d71Xxz29S8F1JV,云计算开发工程师,华为,10000人以上,计算机软件,本科,1年以内,"Golang, Docker, Golang服务端开发经验, 计算机相关专业, Kubernetes",15-30K·16薪,成都,,2026-05-27 17:38:44
301196f607889dc71HZ_2ti7FVZZ,HCS运维工程师,四川准达,1000-9999人,通信/网络设备,大专,3-5年,"HCS, openstack",8-13K,成都,,2026-05-27 17:38:44
964cdf39c0ecfc470nd-3Ny0FlVY,虚拟化工程师,新华三技术有限公司,10000人以上,计算机软件,大专,5-10年,,10-13K,成都,,2026-05-27 17:38:44
4d413b9b982cdfbc0nd-2du9EFBZ,云计算开发工程师 (实习),华为,10000人以上,计算机软件,本科,,"Golang, Java, Docker, MongoDB, Spring, Python",300-450元/天,成都,,2026-05-27 17:38:44
5a20e76bfeae47ba03162dm1EFFU,云计算大客户销售（成都）,青云,500-999人,企业服务,本科,3-5年,"B端市场开发经验, 软件/信息化服务销售经验, 计算机相关学历, 云计算, 软件, 虚拟化, AI, 智算",13-18K,成都,,2026-05-27 17:38:44
551d2144a1a999e81Hd70ty9E1VY,云计算开发工程师,华为,10000人以上,计算机软件,本科,经验不限,"C, Python, Java",20-40K,成都,,2026-05-27 17:38:44
31784737618f702a3nV-3t68FVs~,云计算工程师,华为技术有限公司,10000人以上,计算机软件,本科,1-3年,"运维工程师, 网络运维",11-22K·13薪,成都,,2026-05-27 17:38:44
96f5b4bd8b0b4c760nB70tu4GVVZ,IDC运维工程师（双休）,深圳维勤技术咨询,20-99人,财务/审计/税务,大专,3-5年,"IDC机房运维, Linux, windows, Ubuntu优先, bond, vlan",8-9K,成都,,2026-05-27 17:39:03
ab50f215f63d036e0nZ_2NW4EVJS,运维工程师（阿里云）,成都福客人工智能科技,100-499人,人工智能,本科,1-3年,,10-15K,成都,,2026-05-27 17:39:03
2012236d5de1d45303R72NS6EldW,销售工程师（云相关）,俊云科技,100-499人,游戏,大专,3-5年,"市场拓展能力, 大中型企业销售经验, 出海, 跨境, 对机构 (To B) 销售经验, 云计算",13-25K,成都,,2026-05-27 17:39:03
1c2f4d962f37ef260nd639q0FVtV,服务器硬件运维工程师,环天智慧,100-499人,云计算,本科,3-5年,,14-22K,成都,,2026-05-27 17:39:03
6159f9dddf4b56d10nV629-5GVFS,阿里云运维交付工程师,艾维登信息科技,500-999人,企业服务,本科,5-10年,"Golang, 飞天云企业版, 网络运维, 阿里云, 交付运维, 专有云, Python/Shell, 计算机相关专业, ACP",10-15K,成都,,2026-05-27 17:39:03
5a5e403f6ebcb6b61nV80960GVVS,云计算软件开发工程师,麦斯科技,20-99人,计算机软件,本科,1-3年,"虚拟机技术, Linux, 软件工程师, 云计算",15-16K,成都,,2026-05-27 17:39:03
841209efb7134db21nN82t2_ElBZ,云计算网络研发工程师,中科曙光,1000-9999人,互联网,学历不限,3-5年,"计算机网络, OVS, DPDK, OpenStack, SDN, DragonFlow, OVN, k8s",15-25K·13薪,成都,,2026-05-27 17:39:03
22f3c021feda70500nV42tm5FVRU,中级运维工程师,卡德智能,20-99人,计算机软件,大专,5-10年,,9-12K,成都,,2026-05-27 17:39:03
5a85a289536a8aa60nd63Ny7FFtV,运维工程师（本地服务器方向）,未尔科技,100-499人,计算机软件,本科,3-5年,,15-22K·13薪,成都,,2026-05-27 17:39:03
f1bee2270bf78f8803Jy3tS9FlpR,云计算解决方案售前工程师,四川浮点运算科技,0-20人,人工智能,本科,3-5年,"售前技术支持经验, 系统集成, 云服务, 招投标经验",13-15K,成都,,2026-05-27 17:39:03
23816602b63f67fc03Vy39S9EVdW,云计算-高级后端岗（国企）,某知名电力公司,1000-9999人,电力/热力/燃气/水利,本科,3-5年,"C, C++, Golang, Java, Spring, MySQL, Redis",18-28K,成都,,2026-05-27 17:39:03
d66cbe4b27e085600nB53NS5FVtZ,TCE交付工程师,腾云忆想,1000-9999人,互联网,大专,3-5年,"网络, 安全, iaas, 腾讯云TCE",13-18K,成都,,2026-05-27 17:39:03
4ec42f0d792850b60nR909-8EVdS,云计算行业总监,某计算机软件公司,20-99人,计算机软件,本科,10年以上,"计算机相关专业, 大数据项目管理经验, ERP项目管理经验, 售前支持经验, 实施交付经验, 系统集成项目管理工程师, 信息系统项目管理师",25-35K,成都,,2026-05-27 17:39:03
e01c27d1550881a11nZz2t67FFdS,云计算研发工程师,腾讯Tencent,10000人以上,互联网,本科,经验不限,"Java, Linux, 云计算, 管理系统",15-30K,成都,,2026-05-27 17:39:03
c101179671d9d6821nN63Ny5GVZW,机房精密空调运维工程师,优匹斯,0-20人,其他专业服务,大专,1-3年,"空调安装, 家电维修, 机房运维, 机房维护, UPS, 精密空调, IDC机房运维, 数据中心维护",6-10K,成都,,2026-05-27 17:39:23
0ebd6fdb352dac7a0nB709q5GFVZ,国网华为云运维工程师,中电金信软件有限公司,500-999人,计算机软件,本科,3-5年,"系统运维, 运维开发/DevOps, Docker, Java, 计算机相关专业, 通信相关专业, 电子/电气/自动化相关专业, 运维经验, 运维开发经验, 华为云",10-12K,成都,,2026-05-27 17:39:23
7a31e67d81e6a3de0nB50tS_F1dZ,上1休2助理运维工程师,时代骐骥,100-499人,其他新能源,大专,1-3年,,6-7K,成都,,2026-05-27 17:39:23
b54aec8cb70418970nZy3tW9F1JR,运维工程师,数媒公司,20-99人,政府/公共事业,本科,3-5年,,10-12K,成都,,2026-05-27 17:39:23
3485a02a3dd67ed60nV439m9FlJR,商密交付工程师,纽创信安(OSR),100-499人,信息安全,本科,1-3年,"实施交付运维, Docker, Kubernetes, 计算机相关专业, 通信相关专业, 电子/电气/自动化相关专业, 运维经验",10-14K,成都,,2026-05-27 17:39:23
b7bd82fd2cccc2a103R43927ElNQ,"云计算研发工程师(Java,Python,前端)",华为,10000人以上,计算机软件,本科,经验不限,"Java, Spring, 云计算经验, 微服务经验, 不接受居家办公",20-35K·14薪,成都,,2026-05-27 17:39:23
333be228b31d5a231HJ-3N2_FlZW,风机定检工程师,瀚城科技,20-99人,光伏,学历不限,经验不限,风机定检,7-12K,成都,,2026-05-27 17:39:23
479bafc2753354c20nB-3tS8EVdX,实施工程师,峰源银龄,0-20人,生活服务(O2O),大专,1-3年,,5-7K,成都,,2026-05-27 17:39:23
c8fca3c0d3d8f6460nVz09q9EVJV,运维工程师（外包）,美亚柏科,1000-9999人,计算机软件,大专,1-3年,,6-7K,成都,,2026-05-27 17:39:23
9f9b8630544143b803d43tq6GVZZ,云计算高级开发工程师,曙光,100-499人,计算机服务,本科,5-10年,"Linux, C\/C++, Shell",15-30K,成都,,2026-05-27 17:39:23
19984e76b2d175870nV629m-F1tV,云计算虚拟化开发,海艺互娱,100-499人,人工智能,本科,5-10年,"Go, 容器技术, 虚拟机技术, 云计算架构, K8S, KVM, QEMU",18-30K·13薪,成都,,2026-05-27 17:39:23
ae50fdc563172e190nB-3d21ElZV,初级实施运维工程师,众鹏科技,100-499人,计算机软件,大专,经验不限,,3-5K·13薪,成都,,2026-05-27 17:39:23
39114ffcc3a38e2c0nB53dy1FlBY,网络运维工程师-S4183P,京东物流,10000人以上,快递,学历不限,经验不限,"华为, 思科, 锐捷, 极进, H3C",10-15K·16薪,成都,,2026-05-27 17:39:23
5189259e251cdcda1Hdz3925F1pR,云计算技术服务工程师,阿里云,10000人以上,互联网,本科,3-5年,"系统运维, 网络运维, 运维开发/DevOps, Docker, 大数据运维经验, 运维经验, 计算机相关专业",25-45K·16薪,成都,,2026-05-27 17:39:23
d191699aa88851b90nd-29-9EVRS,中级运维工程师,明月互动,100-499人,计算机软件,大专,5-10年,,8-9K,成都,,2026-05-27 17:39:23
eed48fa69b41b33f0nB-2tq0ElNX,售后工程师,边界无限,20-99人,信息安全,本科,1-3年,,6-8K,成都,,2026-05-27 17:39:45
f5d6516ffdd3331c0nd_2t25F1pV,平台运维工程师,思朗科技,100-499人,电子/半导体/集成电路,本科,3-5年,"IDC机房运维, 实施交付运维",10-15K·15薪,成都,,2026-05-27 17:39:45
b2bc08d2d75b865d0nd_39i8FFtV,devops工程师/运维工程师,厉害宠物,100-499人,其他专业服务,本科,3-5年,"系统运维, 运维开发/DevOps, 运维经验, IDC机房运维",7-10K,成都,,2026-05-27 17:39:45
d6e2682463d6e9090nd92927ElRW,云运维工程师,某大型互联网公司,100-499人,互联网,大专,1-3年,"运维开发/DevOps, 实施交付运维, Java, Docker, Kubernetes, 日语",20-21K,成都,,2026-05-27 17:39:45
a5a45541810ad5680nB529q6FFJR,公有云MSP运维工程师,华讯网络,1000-9999人,计算机服务,本科,3-5年,"系统运维, 计算机相关专业, AWS, 阿里云, 华为云",10-15K·14薪,成都,,2026-05-27 17:39:45
6768f87397b74a900nd-0tm-E1RW,高级运维工程师（游戏）,五号玩家,100-499人,游戏,本科,5-10年,,12-18K,成都,,2026-05-27 17:39:45
989ec55c8ae916800nR929u-GVtT,运维工程师(DevOps/云原生),成都知达科技有限公司,0-20人,互联网,本科,3-5年,"云原生, Nginx, 通信相关专业, 运维开发/DevOps, Python/Shell, 计算机相关专业, GitLab维护, 网络安全相关经验, 运维经验, 阿里云产品配置与维护, Docker, 云设施管理/权限治理, 运维开发经验, Kubernetes",12-20K,成都,,2026-05-27 17:39:45
e15b97691b6e94c30nB729m0ElVU,云平台运维工程师,创世华软,100-499人,计算机服务,大专,1-3年,"Docker, 计算机相关专业, 云平台, k8s, Linux",6-8K,成都,,2026-05-27 17:39:45
f3468efe78b9aab00nd40ti8EFdT,DevOps 运维工程师,某小型新闻/出版公司,0-20人,新闻/出版,大专,经验不限,"运维开发/DevOps, Kubernetes, 计算机相关专业, 通信相关专业",20-35K,成都,,2026-05-27 17:39:45
37820fe0a68fc8440ndz3d26GFRZ,运维工程师,迪维勒普科技,100-499人,通信/网络设备,大专,1-3年,"Linux, 南瑞、科东、珠海鸿瑞",5-9K,成都,,2026-05-27 17:39:45
e05f74ffc70de1ae03J829m8FlVQ,技术运维（DevOps）工程师,商天下科技,100-499人,计算机软件,本科,5-10年,,10-15K,成都,,2026-05-27 17:39:45
6652de5d61302c4f0nV-09i9EVRW,运维工程师助理,恢弘科技,100-499人,电气机械/器材,本科,1-3年,,6-8K,成都,,2026-05-27 17:39:45
e205858a3c5aeccd03x-2ty1EFZY,中级运维工程师,军昊,20-99人,计算机软件,大专,1-3年,,5-7K,成都,,2026-05-27 17:39:45
b0c16ce360e1edd903d52tq1F1ZX,云网络运维工程师,中邮建,10000人以上,通信/网络设备,大专,3-5年,"网络运维, 系统运维, 运维经验",8-12K,成都,,2026-05-27 17:39:45
5a14f81b62acaeb61Hd_09m_E1RR,Linux运维工程师,RUNNET,100-499人,互联网,大专,3-5年,"Linux, 系统运维, MySQL, 集群运维, 自动化运维, Windows, 安全运维, 应用运维",6-8K,成都,,2026-05-27 17:39:45
a5cb67c2061873060nd80tW_FVtS,监控运维工程师,成都赛翁科技有限...,0-20人,运营商/增值服务,本科,1-3年,,10-15K,成都,,2026-05-27 17:40:07
458770f4528f13cf1Hd_3NW-GFZY,网上电网(PIS)系统运维工程师,川凡电力,20-99人,电力/热力/燃气/水利,大专,1-3年,"网上电网, PIS, 数据治理",8-12K,成都,,2026-05-27 17:40:07
1a8c1cc377cea0c60nZ82d6_E1JR,运维工程师,飓龙电竞酒店,100-499人,酒店/民宿,大专,3-5年,"网络运维, 装机硬件, 通信相关专业, 系统运维, 桌面运维, 计算机相关专业, 运维经验",4-9K,成都,,2026-05-27 17:40:07
707a1041f874ac530nB52t69ElNS,运维工程师,同方鼎欣,1000-9999人,计算机软件,本科,5-10年,,12-13K,成都,,2026-05-27 17:40:07
a859dbda007759a80nZz3dq5GVJT,运维工程师,四川高迪劳务有限公司,0-20人,人力资源服务,大专,5-10年,"通信相关专业, 计算机相关专业, 电子/电气/自动化相关专业, IDC机房运维",7-10K,成都,,2026-05-27 17:40:07
6be99c8b4b93a4260nB62tm_ElNU,运维工程师,乙宙科技,20-99人,人工智能,大专,1-3年,"实施交付运维, Linux, 软硬件联调测试, 无人机, 运维经验",9-12K,成都,,2026-05-27 17:40:07
34cbad725eadda4d0ndz09u1GVRY,安防运维工程师,亚润科技,0-20人,互联网,大专,1-3年,,5-6K·13薪,成都,,2026-05-27 17:40:07
290a47af24fd36fb0nd_39i9E1VZ,SASE平台运维工程师,CBC Tech,100-499人,运营商/增值服务,本科,3-5年,,12-18K,成都,,2026-05-27 17:40:07
9b0e1e47374d76390nd_39i1F1RW,驻场运维工程师（巴青项目）,四川易方智慧,100-499人,计算机软件,大专,1-3年,,10-12K,成都,,2026-05-27 17:40:07
a9c3719ec92197a50nd839y9GVBY,数据和AI交付运维工程师,亿达信息,1000-9999人,计算机软件,大专,经验不限,"实施交付运维, Docker, MySQL/Oracle, Linux, k8s, Redis, Python/Shell",11-17K,成都,,2026-05-27 17:40:07
e9522edd1185c7120nd_39y8EVtV,AI智能化系统运维工程师,成都鼓点赋能教育咨询,500-999人,其他专业服务,本科,1-3年,,15-21K,成都,,2026-05-27 17:40:07
f57765e1ca81cd600nd42tu7E1FU,运维助理工程师,星衢科技,20-99人,计算机软件,大专,经验不限,,4-6K·13薪,成都,,2026-05-27 17:40:07
3797b153ecf95af50nB52924GFdQ,智能化运维工程师,海科同创,100-499人,计算机软件,大专,1-3年,,5-7K,成都,,2026-05-27 17:40:07
85362014c2be08a20nZ-3N-_GVtR,交付工程师,中盈优创,1000-9999人,计算机软件,本科,1-3年,,8-10K,成都,,2026-05-27 17:40:07
f2ccfde0d462c01303J709y0EFc~,运维工程师（新能源）,特来电,1000-9999人,互联网,本科,1-3年,"电气自动化, 新能源充电桩",5-7K·13薪,成都,,2026-05-27 17:40:07
44bc4e1cda19220f0nB-3tW8GVVZ,中级运维工程师,西迪智慧,0-20人,人工智能,本科,3-5年,"网络运维, 系统运维, 运维开发/DevOps, Python/Shell, Nginx, Docker, Kubernetes, 计算机相关专业, 运维经验, 运维开发经验, 网络安全相关经验",7-12K,成都,,2026-05-27 17:40:29
96f62e930131b6d61HZ62tm6FFFQ,实习运维工程师,成都锐申,20-99人,通信/网络设备,大专,经验不限,"网络运维, 桌面运维",2-4K·13薪,成都,,2026-05-27 17:40:29
7e1c1c715d44e4f20nB509W1EVtU,运维工程师（综合）,四川福摩数字,100-499人,互联网,本科,3-5年,,8-10K,成都,,2026-05-27 17:40:29
61844f95b3fa9b241n160t29FlVT,容器云高级研发工程师,今日头条,10000人以上,互联网,本科,3-5年,"后端开发, K8s, Docker, 容器云, Golang, 云原生, PaaS, 云计算",20-40K·15薪,成都,,2026-05-27 17:40:29
22a2cf3056411db40ndz3tq7FFdY,设备运维工程师,易飞得材料科技,20-99人,新材料,大专,1-3年,,7-9K,成都,,2026-05-27 17:40:29
a7b87fa76ea9d5910nZ93d-6FlRW,高级云计算工程师,民航二所,1000-9999人,计算机软件,本科,5-10年,"云服务, 平台架构, 云计算",13-16K,成都,,2026-05-27 17:40:29
cc56c8cd8f5ae66c03Nz296_FVpX,k8s大数据运维工程师,慕康医疗,0-20人,医疗健康,本科,5-10年,"运维开发/DevOps, Python/Shell, Nginx, Kubernetes, 运维开发经验, 大数据运维经验",8-13K,成都,,2026-05-27 17:40:29
bf876e0b75262da40nd53t-0F1VY,运维工程师,某大型互联网公司,500-999人,互联网,本科,3-5年,"系统运维, DBA, Python/Shell, Ansible/Salt/Puppet, Kubernetes, Docker, Nginx, 计算机相关专业, 通信相关专业, 运维经验, 云原生, 可观测",20-35K·15薪,成都,,2026-05-27 17:40:29
645e6129feee7ae81XR73d-0F1dX,高级/资深 云计算开发工程师,XSKY星辰天合,100-499人,计算机服务,本科,3-5年,"容器技术, 分布式技术, 高级软件工程师, 后端开发, Go, C++, 云计算, 虚拟机技术",25-50K,成都,,2026-05-27 17:40:29
d26744752b7dcd300nB-2dm-GVZS,初级运维开发工程师,中国软件,1000-9999人,计算机软件,本科,在校/应届,"Java, MySQL/Oracle, 运维开发经验, 计算机相关专业",5-8K,成都,,2026-05-27 17:40:29
57525fe9c29f4ad90nd639W_GFpW,服务器硬件基础运维工程师,成都思锐信息技术,20-99人,计算机软件,本科,1-3年,"MySQL/Oracle, 系统运维, 计算机相关专业, 电子/电气/自动化相关专业, 运维经验",6-7K·13薪,成都,,2026-05-27 17:40:29
d5672b94c7f7754a1n143tu1EVNT,技术支持工程师,爱控电子,20-99人,智能硬件,大专,经验不限,"技术支持, 电机驱动器, 电机控制器, IT技术支持, 嵌入式技术, 人工智能, 机器人, 智能硬件",8-13K,成都,,2026-05-27 17:40:29
a98991ebfdff9bf603N62tW_GFNZ,高级网络运维工程师,君弘信通,0-20人,互联网,本科,5-10年,"网络运维, 通信相关专业",8-12K,成都,,2026-05-27 17:40:29
4eb2ff2c7b18097d03F_3dm7E1FS,充电桩运维工程师,洁靓汽车,0-20人,新能源汽车,大专,1年以内,MySQL/Oracle,5-7K,成都,,2026-05-27 17:40:29
997bb5861a4cb8a21Xxy2t69E1NX,运维工程师,北京人人出彩科技有限,20-99人,在线教育,本科,5-10年,"MySQL/Oracle, 系统运维",8-10K,成都,,2026-05-27 17:40:29
cdb433fa1cd1f4e80nB609W9GFdT,运维工程师,初灵信息300250,1000-9999人,通信/网络设备,本科,1-3年,"系统运维, 运维经验, 通信相关专业, 大数据运维经验, DPI, 运营商网络",10-14K,成都,,2026-05-27 17:40:50
68c1f7952a5e82c21HB72Nq_FltV,运维工程师,创力科技,100-499人,计算机软件,大专,1-3年,"OA, ERP, 实施交付运维, 软件运维, 计算机软件, 计算机相关专业, 运维经验",5-7K,成都,,2026-05-27 17:40:50
886535cd98756da1031829q5FltR,翻班运维工程师（常驻日本东京）,飞络信息,100-499人,计算机服务,本科,1-3年,"长期驻日, 商务日语, 网络安全相关经验",7-9K,成都,,2026-05-27 17:40:50
52cd8e5a30d1040f0nR-2dW1GFBX,中级运维工程师,中科软,10000人以上,计算机软件,本科,3-5年,,10-15K,成都,,2026-05-27 17:40:50
e9b1ccb11d1475cf0ndz3dy-FlVQ,项目实施运维工程师,浩鲸科技,10000人以上,通信/网络设备,大专,5-10年,"网络运维, MySQL/Oracle, Docker, 计算机相关专业, 通信相关专业, 运维经验, 电子/电气/自动化相关专业",6-9K,成都,,2026-05-27 17:40:50
9825ec6c6febaf020nZy29q5EFZZ,plm实施工程师,航创启辰,20-99人,计算机软件,本科,3-5年,,9-14K,成都,,2026-05-27 17:40:50
fe8c5373807a66780nZ93di0EVNT,电力运维工程师,成都顺之星汽车销...,20-99人,4S店/后市场,中专/中技,经验不限,,5-9K,成都,,2026-05-27 17:40:50
262960c92dbecc8d1nV_2d20EFBT,Java软件开发工程师,招银,1000-9999人,计算机软件,本科,3-5年,"Java, Hibernate, 银行, SpringCloud, MySQL, 接受无前端经验/技能, MyBatis, Redis, SpringMVC, Spring, 后端开发, 云计算",20-30K,成都,,2026-05-27 17:40:50
cb6250aa30395cfe0nVz3ty5EVdT,环保运维工程师,山东弘益,100-499人,环保,本科,1-3年,,5-8K,成都,,2026-05-27 17:40:50
3d6fe3c6cd4444930nV42t26FlFR,游戏运维工程师,四川微然科技有限公司,100-499人,游戏,大专,3-5年,,9-12K,成都,,2026-05-27 17:40:50
3dcf65d22780401f0nB529-_F1pY,运维工程师,锦程宇扬,0-20人,互联网,大专,经验不限,,3-5K·13薪,成都,,2026-05-27 17:40:50
294734b6cab0908f0nB-2tS0E1pS,中级网络工程师,云镭科技,0-20人,计算机服务,本科,3-5年,,8-12K,成都,,2026-05-27 17:40:50
92d0facd04e26c3f0nZ60tm6EFBR,运维工程师,锐澳酒业,1000-9999人,食品/饮料/烟酒,本科,3-5年,,8-12K·14薪,成都,,2026-05-27 17:40:50
a50b8ae90ab888f90nB409q5EFdZ,设备运维工程师,引力科技西安分公司,100-499人,互联网,学历不限,3-5年,"工程投影机, Watchout, 展馆/影院, 数字投影, 设备调试",5-8K,成都,,2026-05-27 17:40:50
2559950d1a8cb54f0nV42dy7GVFT,运维实施工程师,烨漫科技,20-99人,人工智能,大专,5-10年,,6-10K,成都,,2026-05-27 17:40:50
3517e6c3f7719b530nd42NW6EVZZ,交付运维工程师,华路易云,100-499人,汽车智能网联,本科,3-5年,,5-8K,成都,,2026-05-27 17:41:11
fc735d5ec42989e803B62Nu4FlRU,sre运维工程师,潮庭集团,100-499人,计算机软件,本科,5-10年,"系统运维, 运维开发/DevOps, DBA, Python/Shell, Kubernetes, Nginx, Redis, Elasticsearch, 计算机相关专业, 通信相关专业, 运维经验, 运维开发经验, Kafka, rocketmq, cloudflare, 扩缩容, web3",25-45K·14薪,成都,,2026-05-27 17:41:11
fbc5e0f994880c4d0nd62NW0FVdZ,运维工程师,四川志成翊玮科技,20-99人,互联网,高中,经验不限,,8-13K,成都,,2026-05-27 17:41:11
a27f9b49aa452ee103Z609y9EFBX,运维工程师,光帆汇,0-20人,互联网,大专,5-10年,"通信相关专业, Linux, 系统运维, 海外c端, Python/Shell, 计算机相关专业, digitalocean, aws, 运维经验",12-24K,成都,,2026-05-27 17:41:11
221040ed4edcce940nB53Nu8FldT,运维工程师,豆蔓科技,20-99人,互联网,大专,1-3年,"网络运维, 系统运维, 桌面运维, 运维经验, 运维开发经验, 网络安全相关经验",3-5K,成都,,2026-05-27 17:41:11
0b39dcdda784fb0a0nB509S8E1pV,运维工程师（国网项目）,力德恒业,100-499人,移动互联网,本科,3-5年,,7-11K,成都,,2026-05-27 17:41:11
c6a791fdc90dcaf20nZy096_FlZU,实施运维工程师,麦可思数据科技,100-499人,大数据,本科,经验不限,"实施交付运维, MySQL/Oracle, 系统运维, 计算机相关专业, 运维经验",6-10K·13薪,成都,,2026-05-27 17:41:11
d1a39355eac80c090nZy2964FFRU,运维工程师,西藏泉心电子科技,0-20人,计算机服务,大专,1-3年,,8-12K,成都,,2026-05-27 17:41:11
8b2aac29c8c6b5f80nB72t69E1dW,运维工程师（偏网络）,华栖云,100-499人,互联网,大专,3-5年,网络运维,11-12K·15薪,成都,,2026-05-27 17:41:11
1711afd373e41b580ndz2du6ElRV,CDN实施交付运维工程师,苏州芯电智创,0-20人,互联网,大专,1-3年,实施交付运维,6-10K,成都,,2026-05-27 17:41:11
e55e04455a54e8b91XN_3NS1GFBZ,环保运维工程师,成都拓普,20-99人,环保,本科,10年以上,"工业污水, 造纸废水, 养殖尾水处理",12-24K,成都,,2026-05-27 17:41:11
b883d2b1f64e2dc903J82N-0EVRR,数据中心电气工程师,金茂绿建,10000人以上,房屋建筑工程,大专,5-10年,,10-15K·14薪,成都,,2026-05-27 17:41:11
8094f328b2a531ef0nd50tS-F1BX,运维工程师--外企,成都某中型互联网金融公司,100-499人,互联网金融,本科,3-5年,,15-25K,成都,,2026-05-27 17:41:11
41b1a81d34823dc91nF-29W0GVdY,运维工程师,成都科汇,0-20人,电子商务,本科,经验不限,"虚拟化运维, 存储运维, Linux, 网络协议, 分布式技术, 网络交换技术, KVM, Apache",4-5K,成都,,2026-05-27 17:41:11
057491c3227a6a201H162dq8FFFU,高级web前端工程师,御坂网络,20-99人,互联网,本科,3-5年,"技术博客/开源项目有所贡献, 不接受居家办公, 云服务, React, 前端开发经验, 云计算",7-12K·13薪,成都,,2026-05-27 17:41:31
87472354ecc9b8241XN539-6ElVY,系统运维工程师,数聚智造,100-499人,互联网,本科,5-10年,"Unix, Linux, cicd, Python/Shell, Kubernetes",15-25K,成都,,2026-05-27 17:41:31
3d12885c1d27faed1HN539i-FFNV,it网络运维工程师,腾达远创,0-20人,医疗健康,大专,1-3年,网络运维,8-10K·13薪,成都,,2026-05-27 17:41:31
1e3f7c4d570df7fa031909u1FVJU,污水运维工程师,成都力照生物科技,20-99人,环保,大专,1-3年,,6-9K,成都,,2026-05-27 17:41:31
0dbf8e042ba050c20nZ439S_FVZW,运维工程师,软通动力,10000人以上,计算机软件,本科,1-3年,"虚拟机, python, Docker, 网络, 服务器",6-8K,成都,,2026-05-27 17:41:31
94f28e7d763dc8a10nZz09i9GFRX,服务工程师,朗迹创新,0-20人,电力/热力/燃气/水利,本科,3-5年,,7-10K,成都,,2026-05-27 17:41:31
4d6395db70584c2603d82dy1ElRX,安防弱电运维工程师,智信安达,20-99人,通信/网络设备,大专,3-5年,"实施交付运维, 计算机相关专业, 运维经验, 打印机/复印机维修经验",5-7K,成都,,2026-05-27 17:41:31
9e858e0153b063840nV62dW1FVNY,运维工程师,四川畅想创睿网络科技,100-499人,互联网,本科,5-10年,,15-25K,成都,,2026-05-27 17:41:31
33cb1fdd4dc689f00nB42N29FlNY,运维测试工程师,四川特爱,20-99人,计算机软件,本科,3-5年,,8-13K,成都,,2026-05-27 17:41:31
60dd5f6feda8d08f0nB-2Ny5E1tQ,储备IT网管工程师,易点云,1000-9999人,企业服务,本科,1-3年,,7-9K,成都,,2026-05-27 17:41:31
c884209de66ca24603d82t64ElNS,电力运维工程师,铁昆电气,20-99人,电力/热力/燃气/水利,大专,1-3年,,7-10K,成都,,2026-05-27 17:41:31
e756246826d675091Hxy39-5FVRS,运维工程师,西南锦云大数据,20-99人,计算机服务,本科,3-5年,"网络运维, 大数据运维经验, 系统运维, 计算机相关专业, 网络安全相关经验",7-10K,成都,,2026-05-27 17:41:31
d08149b75680190d0nB43tS-EVFY,固态变压器现场运维工程师,成都长城开发,1000-9999人,电力/热力/燃气/水利,大专,3-5年,,10-15K·14薪,成都,,2026-05-27 17:41:31
e4f085923e4b287e1HJ93dm6E1tS,运维工程师,云方智达,0-20人,计算机软件,本科,在校/应届,"Nginx, 善于钻研、喜欢创新、学习主动性强, 有韧性、有毅力、善于交流、工作效率, 实施交付运维, MySQL/Oracle, 开发、运维经验，会有出差、加班情况, 系统运维, 运维开发经验, 桌面运维, Redis, 计算机相关专业, 电子/电气/自动化相关专业",5-8K,成都,,2026-05-27 17:41:31
2d30faf51b664cf10nB63N-4EVtW,公有云运维工程师,仲启网络,20-99人,计算机软件,本科,3-5年,"运维开发经验, 公有云",8-13K·14薪,成都,,2026-05-27 17:41:31
545abc81d7f1b9f01H190tq0ElRV,运维工程师,本千医疗科技,20-99人,计算机软件,本科,1-3年,"实施交付运维, 系统运维, 计算机相关专业",5-8K·13薪,成都,,2026-05-27 17:41:53
51343884ad5480650nV_0t-_F1tX,项目运维工程师,成都小马识途科技,20-99人,计算机服务,大专,1-3年,"弱电、机械，网络相关, 实施交付运维, 系统运维, 运维经验",6-8K,成都,,2026-05-27 17:41:53
fe570ac180ffb56d03Z83di4EFtX,驻场运维工程师,国卫信安,100-499人,信息安全,大专,3-5年,,5-7K·13薪,成都,,2026-05-27 17:41:53
5db25612f74add860nZz2dm7FlJR,资深游戏运维工程师,奇侠互娱,100-499人,游戏,本科,5-10年,,15-25K,成都,,2026-05-27 17:41:53
e32e5874c14019ce0nZy3dS6E1JT,运维工程师,兰州西云图,20-99人,计算机软件,本科,1-3年,"Java, MySQL/Oracle, Python/Shell, 计算机相关专业, 电子/电气/自动化相关专业, 运维经验, 运维开发经验",3-5K,成都,,2026-05-27 17:41:53
edace08697c4015e03d92t20GVZQ,网络售后工程师,瀚木云科技,20-99人,计算机服务,本科,1-3年,"网络运维, 通信相关专业, 大数据运维经验, 运维开发经验, 计算机相关专业, 运维经验, IDC机房运维",7-10K·13薪,成都,,2026-05-27 17:41:53
0a7487446e4913650nB52t21F1BZ,AI售后运维工程师,忆享科技,1000-9999人,互联网,大专,3-5年,"系统运维, Python/Shell, WorkBuddy, vibe coding, AI解决方案",15-20K,成都,,2026-05-27 17:41:53
92981f2225e191ec0ndy2N6_E1VU,网络运维工程师（成都）,智观天下,0-20人,计算机服务,大专,3-5年,"网络运维, 系统运维, 计算机相关专业, 通信相关专业, 电子/电气/自动化相关专业, 运维开发经验, 网络安全相关经验",6-10K,成都,,2026-05-27 17:41:53
8b6b818fda5843261H153tW0EldQ,运维工程师,四川尚净诚,20-99人,环保,大专,经验不限,"运维工程师, 仪器仪表, 环保",5-8K·14薪,成都,,2026-05-27 17:41:53
a1b33a6fea1916c60nR-2NW1EFRU,运维工程师,华茂能联,20-99人,其他新能源,本科,1-3年,,8-11K,成都,,2026-05-27 17:41:53
6e66bbece103921b03J629y1FFBV,运维工程师,深德科,1000-9999人,计算机软件,本科,3-5年,"网络运维, Nginx, Java, 通信相关专业, MySQL/Oracle, 大数据运维经验, 系统运维, 计算机相关专业, 网络安全相关经验, 运维经验",8-10K,成都,,2026-05-27 17:41:53
debbb50796f0ee590nV53dW0F1VX,售后运维工程师实习生,旅鸽病案,20-99人,计算机软件,本科,,,100-150元/天,成都,,2026-05-27 17:41:53
4ce9b0dcd679c80d0nV72di_FltT,运维工程师,四川康可瑞特科技,0-20人,大数据,大专,1-3年,"通信相关专业, 电子/电气/自动化相关专业, 运维经验, 现场动手能力强",7-10K·13薪,成都,,2026-05-27 17:41:53
a1d72064c75403f60nB-3966ElZV,wms运维工程师（富勒）,金仁医药,1000-9999人,生物/制药,大专,1-3年,"WMS, 富勒",5-7K,成都,,2026-05-27 17:41:53
af6cff19a04284241nF93N2_FVFS,运维服务工程师,四川健康久远科技,500-999人,计算机软件,本科,3-5年,"系统运维, Windows, SQL, 应用运维",7-10K,成都,,2026-05-27 17:41:53
028a84b8b864f3790nR62N-6FlBZ,云计算销售,万物纵横,20-99人,计算机服务,大专,1-3年,"客户开发, 互联网/科技, 企业/机构（To B）, 对企业/机构（To B）销售经验",4-8K,成都,,2026-05-27 17:46:01
2584aaa868108f140Hd6392-GFE~,云计算工程师,成都华软,20-99人,信息安全,大专,1-3年,"虚拟机技术, 分布式技术, Shell, Zabbix, Ansible, 云计算, ceph",3-6K,成都,,2026-05-27 17:46:01
ee7e95eee739743b03N62dS1ElFR,云计算项目交付专家,腾讯,10000人以上,互联网,本科,5-10年,,17-20K·14薪,成都,,2026-05-27 17:46:23
13298eb6031730670nR42tS7FFFY,云计算解决方案架构师,EASYSTACK,100-499人,企业服务,本科,3-5年,"售前技术支持经验, 计算机/通信相关专业, 云服务, 云计算",15-18K·15薪,成都,,2026-05-27 17:46:23
6ce829d3d1fedbdf0nZ-2du-F1NT,初级运维工程师,成都祥瑞福泽商业管理,500-999人,通信/网络设备,本科,1-3年,,6-8K,成都,,2026-05-27 17:46:23
7e5a7ab8f49174a50nRz0tq-E1NR,数据中心运维工程师,民航成都电子,1000-9999人,计算机服务,本科,3-5年,IDC机房运维,4-9K,成都,,2026-05-27 17:46:45
64e6e093a5ca338c0nB73NW5F1VS,运维工程师,众鹏科技,100-499人,计算机软件,大专,3-5年,"通信相关专业, 系统运维, 运维开发经验, 计算机相关专业, 电子/电气/自动化相关专业, 运维经验",7-8K·13薪,成都,,2026-05-27 17:46:45
7e76792fe1c308940nd63t--F1BV,sre工程师,神州信息,10000人以上,计算机软件,学历不限,1-3年,"Docker, 安全, 系统运维, sre, 运维开发/DevOps, CDN, 运维经验, 网络安全, Kubernetes",10-14K,成都,,2026-05-27 17:47:05
038930fc8445d9720nB70925FVtX,物联网工程师,成都云卬科技有限公司,20-99人,新能源,大专,5-10年,,6-11K,成都,,2026-05-27 17:47:05
8a63b61e51b760cf0nB439-_F1NY,兼职运维工程师,厦门星鹭启元机器...,20-99人,专用设备,大专,1年以内,"实施交付运维, 计算机相关专业, 通信相关专业, 电子/电气/自动化相关专业, 运维经验",35-50元/时,成都,,2026-05-27 17:47:05
589ca19c68bcc0620nB62N69EFpZ,IT 基础架构运维工程师,四川芯码信息技术,0-20人,计算机软件,学历不限,3-5年,,10-15K,成都,,2026-05-27 17:47:05
8f16511d93c9caf903J509-0GVJW,运维工程师,四川瑞康,20-99人,通信/网络设备,本科,经验不限,"实施交付运维, 计算机相关专业, IDC机房运维",5-7K,成都,,2026-05-27 17:47:05
61f0766f6ef85f870Hx-2du4EVQ~,石油勘探工程师,西安航玮航空电磁科技,0-20人,石油/石化,本科,经验不限,"测试工程师, 自动化测试, 通信, 网络安全, 大数据, 云计算, 物联网, 服务端测试",4-8K,成都,,2026-05-27 17:47:05
bb78a9349116367d03Jy0tu1ElVS,运维工程师+双休,无它教育,20-99人,咨询,学历不限,经验不限,,4-9K,成都,,2026-05-27 17:47:05
90a7db1c9ee9b67a0nV83Nu7ElNX,中级运维工程师,拱卒科技,100-499人,互联网,本科,3-5年,"系统运维, 运维开发/DevOps, 公有云",10-13K·14薪,成都,,2026-05-27 17:47:05
f63e66aef592489d0nd73tq8EFdQ,初级系统运维工程师,品阔,20-99人,互联网,本科,1-3年,"系统运维, 运维开发/DevOps, Java, Kubernetes, Golang, 计算机相关专业, 通信相关专业, 运维经验, 运维开发经验, 大数据运维经验, 金融, 英语",6-8K,成都,,2026-05-27 17:47:05
04f2c78b4ec8437b0nB73N--GFpW,EMS交付工程师,盛屯矿业,1000-9999人,采掘/冶炼,本科,1-3年,,7-10K,成都,,2026-05-27 17:47:27
efa1627797d571580nd-0ty5GVpU,云平台运维工程师,国安信息科技,100-499人,计算机软件,本科,3-5年,"系统运维, 运维开发/DevOps, Python/Shell, Docker, Kubernetes, MySQL/Oracle, 运维经验",8-12K,成都,,2026-05-27 17:47:27
4eff424e77b5b0940nB-3dy9F1NX,IT运维工程师,星际开发,20-99人,铁路/船舶/航空/航天制造,本科,3-5年,,4-6K,成都,,2026-05-27 17:47:27
ba201ec517489d6d0nB42961EVtW,阿里云运维工程师,卓软科技,100-499人,计算机软件,本科,3-5年,"实施交付运维, 阿里云",18-22K,成都,,2026-05-27 17:47:27
267e89eb310be18e03N82N69F1pV,运维工程师（初中级）,深蓝幻想,100-499人,游戏,本科,1-3年,"网络运维, Java, Ansible/Salt/Puppet, Docker, 大数据运维经验, 运维开发/DevOps, 运维开发经验, 计算机相关专业, 运维经验",7-12K,成都,,2026-05-27 17:47:27
1396bc2325ced4420nZ-09m_GFpU,运维工程师,博思数采,1000-9999人,电子商务,本科,1-3年,"实施交付运维, MySQL/Oracle, 系统运维, 计算机相关专业, 运维经验",5-7K,成都,,2026-05-27 17:47:27
cc785fa1ee2423570nB639u6EFdR,运维工程师（硬件实施）,雄伟科技,100-499人,互联网,大专,1-3年,,6-10K,成都,,2026-05-27 17:47:47
8ce0110cafa41af40nZz39-4FVNX,10KV电气运维工程师(调试、抢修类),思创电力,0-20人,其他专业服务,大专,5-10年,"电子/电气/自动化相关专业, 运维经验",10-15K·13薪,成都,,2026-05-27 17:47:47
700f4eac9aecf7300nB43N-4GVJX,运维工程师,成都云晓科技有限公司,20-99人,通信/网络设备,大专,3-5年,"实施交付运维, 运维经验, 弱电运维, 智能化, 信息化, 售后服务",5-7K·14薪,成都,,2026-05-27 17:47:47
c7049c4e4a3a2ee503Zz29m5EVJU,IDC网络运维工程师,网联万家,20-99人,运营商/增值服务,本科,3-5年,"Linux, CCIE证书, idc",10-15K·13薪,成都,,2026-05-27 17:47:47
c1271c83b1a57cc70ndz3d24ElVQ,地产新媒体AI自动化工程师,卓航锦华,20-99人,房地产中介/租赁,本科,1-3年,,8-12K,成都,,2026-05-27 17:48:06
6931c5c08d748e3a0nRz39S_ElFT,测试运维工程师,云鼎丝路,20-99人,计算机硬件,大专,1-3年,网络运维,7-10K·13薪,成都,,2026-05-27 17:48:06
bce49b0421ccf9be03V82ti4GFdR,售后运维工程师,盛视科技股份有限公司,500-999人,智能硬件,大专,1-3年,"桌面运维, 网络运维, 系统运维, IDC机房运维, 实施交付运维, 计算机相关专业, 通信相关专业, 运维经验, 网络安全相关经验",4-6K,成都,,2026-05-27 17:48:06
77c5aaf35c6dfc7f0nB629S-FFZZ,游戏运维工程师,双倍游戏,100-499人,游戏,本科,3-5年,游戏运维,8-13K·13薪,成都,,2026-05-27 17:48:06
8e29b89a23fcb0471Hd53N-_FFRS,云运维工程师,Tenda腾达,1000-9999人,通信/网络设备,本科,1-3年,"运维开发/DevOps, 云, 服务器",15-20K·13薪,成都,,2026-05-27 17:48:06
ccd8487005bfd3241nN_2t6_FVZV,充电桩运维工程师,天天充电-四川分公司,100-499人,动力电池,大专,1-3年,大数据运维,5-10K,成都,,2026-05-27 17:48:06
dcf6e45c3368ebe60nd-29S-E1tX,仪表运维工程师（石化）,炜达科技,100-499人,机电工程,大专,5-10年,"电子/电气/自动化相关专业, 运维经验, 石油化工",8-13K,成都,,2026-05-27 17:48:06
b2373429e760608d0nZ809S0F1VU,物联网云服务器运维工程师--,未来先生,20-99人,智能硬件,本科,3-5年,,7-12K,成都,,2026-05-27 17:48:29
b8e9d26b5c48d6a80nd50920GFZU,运维工程师,拓课云,100-499人,计算机软件,本科,1-3年,"网络运维, Java, DBA, MySQL/Oracle, 系统运维, 运维开发/DevOps, 运维开发经验, Python/Shell, 计算机相关专业, 运维经验",20-30K,成都,,2026-05-27 17:48:29
ac7cc7a4d8d0123c031_3ti6FVBZ,监控感知源前端运维工程师,兴业证券,1000-9999人,互联网金融,高中,经验不限,"实施交付运维, 通信相关专业, 电子/电气/自动化相关专业, 运维经验, 天网",5-7K,成都,,2026-05-27 17:48:29
b7c9de9e7ff8fcb31X1z2dm8GVtV,电力配网运维工程师,峻晨炬华,20-99人,电力/热力/燃气/水利,中专/中技,1-3年,电力，国网，配网,6-9K,成都,,2026-05-27 17:48:29
292525c26ebb7e7d0nB-3t21E1BV,大数据运维工程师——base福州,朴朴超市,10000人以上,互联网,本科,经验不限,大数据运维经验,15-25K·14薪,成都,,2026-05-27 17:48:29
5779313bc6a4762503R52N6-E1NZ,机房运维工程师,易播网,20-99人,大数据,本科,经验不限,"系统运维, 网络运维, 计算机相关专业",4-6K,成都,,2026-05-27 17:48:49
6cd9752dd4d9b6680nB72928ElZZ,门店运维工程师,法本,10000人以上,计算机软件,大专,3-5年,门店运维,6-7K,成都,,2026-05-27 17:48:49
50d3d86ffcef8c251HR_3Nu0F1JX,运维工程师,鑫中天易科技,20-99人,计算机软件,学历不限,1-3年,"DBA, 实施交付运维, MySQL/Oracle, 运维, 系统运维, linux, mysql",6-8K,成都,,2026-05-27 17:48:49
34ec5d8e8a1e2c6b0nZ-29W9GVdS,运维工程师,二十三魔方,20-99人,医疗健康,本科,1-3年,"系统运维, IDC机房运维, 网络运维, Python/Shell, 计算机相关专业, 运维经验, TCP/IP协议, Linux, H3C, Shell, 阿里云",8-13K,成都,,2026-05-27 17:48:49
b4362ddffa902e4c03Fy29i0FFFZ,驻场运维工程师,卓瑞特,20-99人,计算机软件,大专,1-3年,,5-7K,成都,,2026-05-27 17:48:49
3c7212c079285a660ndy29W6FVZX,网络运维工程师,四川中视游,0-20人,运营商/增值服务,本科,经验不限,"网络运维, Python/Shell, Linux, Ai",6-11K,成都,,2026-05-27 17:48:49
8a84be3a4bd0f4160nd-0tq7GVVW,运维工程师,博智云创,20-99人,人工智能,大专,3-5年,,9-14K,成都,,2026-05-27 17:48:49
8331ac81afc848f80nd53NW_GVtZ,运维工程师,弓网科技,100-499人,物联网,本科,3-5年,,8-10K,成都,,2026-05-27 17:49:10
77c284d3fd0d6bd31nZ439W_ElBR,信息安全服务工程师,四川奥诚科技,20-99人,移动互联网,本科,1-3年,"运维通信资格证书, SaaS, Windows, 安全运维和保障, Linux, 安全体系架构和研发, 网络设备, 安全架构搭建经验, 安全产品/平台开发经验, 安全运维经验, 信息安全认证, CCNP证书, 云计算",5-8K,成都,,2026-05-27 17:49:10
2f8564776c6c23dc03dy29-6GVJZ,PLM运维工程师,成都超纯,100-499人,半导体/芯片,本科,3-5年,"Java, 实施交付运维, MySQL/Oracle, 制造业经验, 系统运维, 计算机相关专业, 电子/电气/自动化相关专业, 网络安全相关经验, 运维经验",6-8K,成都,,2026-05-27 17:49:10
9da0e2f1eba757e20ndy0tW1GVNZ,中高级运维工程师,成都之米时光,0-20人,计算机软件,本科,5-10年,,15-18K,成都,,2026-05-27 17:49:10
58b077aefdd5ccb203N82NS4FlpZ,运维工程师,萌想科技,100-499人,互联网,大专,5-10年,"Golang, Docker, 大数据运维经验, 运维开发/DevOps, 运维开发经验, 网络安全相关经验, 运维经验, Kubernetes",15-20K·13薪,成都,,2026-05-27 17:49:10
dfc02bc2f3b1415003N43Ny1FlpZ,云计算技术支持（数据库/无通宵班）,软通动力,10000人以上,计算机软件,大专,经验不限,"Kubernetes, Docker, MySQL, MySQL数据库管理经验",8-12K,成都,,2026-05-27 17:53:18
2f04202962b4f4a20nB-39m9GVVS,算力中心维保工程师,观想科技,100-499人,计算机软件,本科,3-5年,"网络运维, 系统运维",10-15K,成都,,2026-05-27 17:53:40
874841315de4824c03Z63dq8GFtT,云运维工程师（成都）,云纷,20-99人,计算机服务,本科,3-5年,"系统运维, Python/Shell, 计算机相关专业, 运维经验, 运维开发经验",8-12K,成都,,2026-05-27 17:54:22
72e8c35aead899f003Bz39W8ElZY,云迁移实施工程师,诚云科技,500-999人,互联网,本科,3-5年,,11-16K·15薪,成都,,2026-05-27 17:54:22
00e34d044b62cbf20nd439i6EFJS,网络运维工程师（北京驻场）,星联芯通,100-499人,通信/网络设备,本科,1-3年,"网络运维, 实施交付运维, MySQL/Oracle, 通信相关专业, 卫星通信 通信 卫星",6-8K,成都,,2026-05-27 17:54:44
012d20de198ed89e0nB-2tu5ElZW,运维工程师,普渡机器人,1000-9999人,智能硬件,大专,3-5年,,13-23K·14薪,成都,,2026-05-27 17:54:44
b9c08e7e0bb119e60nRy09m5EldQ,机房运维工程师,安杰信,100-499人,信息安全,大专,1-3年,,6-7K,成都,,2026-05-27 17:54:44
a448b6c4538d201d0HB409q-GFo~,群晖NAS售后工程师,美步科技,0-20人,通信/网络设备,大专,经验不限,"IT技术支持, 云计算, SQL, 网络安全, VPN, SD WAN, SQL Server",5-7K·13薪,成都,,2026-05-27 17:54:44
ccdfb4358c4198f20nd629S1FVtU,运维工程师,舒适家科技,1000-9999人,建筑材料,本科,1-3年,,5-7K,成都,,2026-05-27 17:55:06
498af28c305952641HZy2dS_EVBV,运维工程师（项目长期稳定）,中软国际,10000人以上,计算机软件,本科,1-3年,"网络运维, 云, 系统运维, linux, vmware, 运维开发/DevOps, Python/Shell",6-9K,成都,,2026-05-27 17:55:06
378cb9dc39a367be0nd62dW-FVJV,游戏运维工程师,成都某中型游戏研发与发行公司,100-499人,游戏,本科,5-10年,,15-25K,成都,,2026-05-27 17:55:06
e56ffc442adda1580nB409m7F1BR,运维助理工程师,圣恩股份,100-499人,食品/饮料/烟酒,本科,经验不限,,4-5K·13薪,成都,,2026-05-27 17:55:06
0587163dd3424d891HRy3d20FVBS,网络运维工程师（外派西藏）,星华惠康,100-499人,医疗健康,大专,1-3年,"网络运维, 系统运维, 计算机相关专业, 运维经验, 通信相关专业",7-12K,成都,,2026-05-27 17:55:26
9785dc1a21c7388b0nB42tq5FFpU,初级运维工程师（成都，2027届）,凯通科技,100-499人,计算机软件,本科,,,140-150元/天,成都,,2026-05-27 17:55:26
ddf24d681581141e0nd_39m5F1tU,【四川非成都】运维工程师,积盛电子,100-499人,计算机软件,大专,1-3年,"网络运维, 通信相关专业, 大数据运维经验, 系统运维, 计算机相关专业, 电子/电气/自动化相关专业, 运维经验",4-5K·13薪,成都,,2026-05-27 17:55:26
1707bf87a8885f640nB-2NW7EVZU,高级系统运维工程师,大连创升科技有限公司,500-999人,计算机软件,本科,经验不限,"系统运维, 网络运维, Java, Python/Shell, 计算机相关专业",15-16K,成都,,2026-05-27 17:55:26
eeda5c56030cfe1e0nR70tS9EFdU,Golang开发工程师,成都易小游科技公司,0-20人,游戏,大专,经验不限,"Go, PHP, Kotlin, 分布式技术, 服务器配置, Linux, 云计算",10-15K,成都,,2026-05-27 17:55:26
6c501ae7dba671330nB-39W_EFZS,【急招】同源维护工程师,绎达股份,100-499人,咨询,大专,1-3年,,5-8K,成都,,2026-05-27 17:55:26
63a454c3c36b6b5b0nV80ty6EVJX,实施/运维工程师（采集运维）,印池,20-99人,电力/热力/燃气/水利,大专,1-3年,"电子/电气/自动化相关专业, 运维经验",6-7K,成都,,2026-05-27 17:56:10
353a8c8966f6be770nB63Nm5EVBQ,运维工程师,成都星哈酷供应链,0-20人,电子商务,本科,3-5年,"桌面运维, 网络运维, 系统运维, IDC机房运维, 运维开发/DevOps, Docker, Kubernetes, Python/Shell, MySQL/Oracle, 计算机相关专业, 运维经验, 运维开发经验, 大数据运维经验",5-10K,成都,,2026-05-27 17:56:10
a8d8d21be3ba31e10nd52928GFJT,运维工程师,中安卫通,20-99人,通信/网络设备,大专,1-3年,"网络交换技术, 网络协议, 系统运维, 机房运维, 网络工程师证",4-6K,成都,,2026-05-27 17:56:10
88b71fad915ad0cb0nR809y4F1JY,办公设备运维服务工程师,新印文,20-99人,计算机硬件,大专,1-3年,"计算机相关专业, 运维经验, 打印机/复印机维修经验",7-8K,成都,,2026-05-27 17:56:31
3042d51a81491bad03J62d28ElRT,运维工程师,数创未来,20-99人,互联网,本科,1-3年,"系统运维, 运维经验, 物联网平台",8-12K,成都,,2026-05-27 17:56:31
2e29d49b711d90420nV-2925E1BY,运维工程师,睿晟天和,100-499人,广告/公关/会展,本科,3-5年,"系统运维, 网络运维, Python/Shell, MySQL/Oracle, Docker, 计算机相关专业, 运维经验, 大数据运维经验, k8s, 大规模集群, Jenkins, hadoop, 云服务器",10-13K,成都,,2026-05-27 17:56:31
56a0d7c67360b47603R-39i_ElFR,运维工程师,铁辰,20-99人,计算机软件,大专,1-3年,"桌面运维, 网络运维, 系统运维, 实施交付运维, Java, Python/Shell, Nginx, Redis, MySQL/Oracle",5-7K,成都,,2026-05-27 17:56:31
4f15989287e5dde00nd90tm-E1tV,运维工程师,嗨创科技,20-99人,计算机软件,大专,3-5年,,6-8K,成都,,2026-05-27 17:56:31
4382067ce08493020nd-2tW8GFtZ,视频会议运维工程师,嘉环科技股份有限公司,10000人以上,通信/网络设备,大专,1-3年,"视频会议, 视频会议证书",6-8K,成都,,2026-05-27 17:56:31
4b100ffed08e8bb20ndy2dW0FVRT,云计算销售,千智云服,0-20人,运营商/增值服务,大专,经验不限,"对企业/机构（To B）销售经验, 企业（To B）, 互联网/科技",4-5K,成都,,2026-05-27 18:01:41
8ffe9d531b738f3903x42Nm9E1JV,云计算工程师,上海某大型汽车研发/制造公司,1000-9999人,汽车研发/制造,本科,5-10年,"云计算, 云架构, 云安全, 虚拟化产品架构设计, C/C++/Go/Python",15-30K,成都,,2026-05-27 18:02:02
3f0cf5b913c8a17e0nZ43N25EVVS,弹性计算产品技术支持工程师（成都）,博彦科技,10000人以上,计算机软件,大专,5-10年,"MySQL/Oracle, Linux, 运维开发/DevOps, Python/Shell, 计算机相关专业, 运维经验",9-13K,成都,,2026-05-27 18:02:02
a963f87c5a482bf11HR-39q8GVtR,云计算生态 C/C++开发工程师,中科曙光,1000-9999人,互联网,本科,经验不限,"C++, C语言, C++服务端开发经验, 计算机相关专业, Linux开发/部署经验",15-30K,成都,,2026-05-27 18:02:24
e3da8e5b166d2f3303N639-9GVBT,实习运维工程师,成都安舟,20-99人,信息安全,大专,,,70-100元/天,成都,,2026-05-27 18:02:24
7c14507aa7a5521d1H1z29W9EFFR,linux运维工程师,银玛亿科技,20-99人,计算机软件,本科,1-3年,"Nginx, 实施交付运维, MySQL/Oracle, Docker, 系统运维, Python/Shell, 计算机相关专业, 运维经验",5-7K,成都,,2026-05-27 18:02:24
71ba0f3640b812d40nB62dm-EVFV,技术英才-技术支持工程师（云计算/AI）,神州数码,1000-9999人,计算机软件,本科,在校/应届,"计算机相关专业, AI/Agent经验, 云计算, 运维服务, 英文流利",10-15K,成都,,2026-05-27 18:02:45
159e7cf84b63b21403Fz2tu4ElRX,助理工程师招聘,京东方科技集团,10000人以上,计算机/通信/其他电子设备,大专,经验不限,"实施交付运维, 运维开发/DevOps, 电子/电气/自动化相关专业, 运维经验, IDC机房运维",4-7K,成都,,2026-05-27 18:02:45
a6b73d3e6499d20c0nB43Ny8GVRY,运维工程师(成都）,大数元,500-999人,计算机软件,大专,1-3年,,6-7K,成都,,2026-05-27 18:02:45
1044cd1b409eb4020nB-3d21FVBW,初级实施运维工程师,众鹏科技,100-499人,计算机软件,本科,经验不限,,3-5K,成都,,2026-05-27 18:02:45
2434ec720d7164f103x909S7FlFU,linux运维工程师,快牛智营,100-499人,企业服务,本科,5-10年,"DBA, 计算机相关专业, Linux, 开发/DevOps, 阿里云, AWS, 腾讯云",15-20K,成都,,2026-05-27 18:02:45
12c73d8c12e3d15b0nB40tu0GFRV,技术支持工程师（移动驻场）,星网智慧科技,100-499人,通信/网络设备,学历不限,1-3年,,7-10K,成都,,2026-05-27 18:02:45
823afea0eb266dbc1HB909W4GFtY,机房运维工程师（idc运维）,特发信息,1000-9999人,通信/网络设备,大专,1-3年,"服务器维修, 机房, 计算机相关专业, IDC机房运维, 数据中心",4-7K·13薪,成都,,2026-05-27 18:02:45
e005d549687b2b610nV839u6EltT,基础运维工程师（成都）,科兴中维,1000-9999人,生物/制药,本科,5-10年,"网络运维, 桌面运维, 网络安全相关经验, 打印机/复印机维修经验, 运维经验",7-12K·14薪,成都,,2026-05-27 18:03:06
a37d582acddbf5621XVy0ti0EVZY,人工智能算法工程师,上海交大四川研究院,100-499人,其他行业,博士,经验不限,"研究导向, 云计算, C/C++, 计算机相关专业, 数学/统计相关专业, 深度学习经验",15-30K·13薪,成都,,2026-05-27 18:03:06
0d2cefdfd3c739e60nVz3d28GVZR,运维工程师,成都墨易智星科技,100-499人,互联网金融,本科,3-5年,,10-15K·13薪,成都,,2026-05-27 18:03:27
e05fac09ba7735e303x92960GFtY,运维交付实施工程师,京东集团,10000人以上,电子商务,本科,3-5年,,15-30K·13薪,成都,,2026-05-27 18:03:27
505431757ec7a0a21nR93Nq4GFVQ,大数据开发工程师（研发中心实习岗）,瑞月科技,20-99人,计算机服务,学历不限,经验不限,"数据挖掘, 数据库开发, Python, 分布式技术, 云计算, 人工智能, 大数据",3-5K,成都,,2026-05-27 18:03:27
f889ba31518048410nd-29y9F1FS,IT运维工程师,环迅通,100-499人,通信/网络设备,大专,3-5年,"IDC机房运维, 数据中心",12-17K,成都,,2026-05-27 18:03:27
8e79515e898e36950nB-2d65GFFT,系统运维工程师,成都卫讯,100-499人,通信/网络设备,本科,3-5年,,6-10K·13薪,成都,,2026-05-27 18:04:07
4d75ab8c246f3d950nB-3tq7EVVS,技术支持/运维工程师,EMQ,100-499人,计算机软件,本科,1-3年,"实施交付运维, 系统运维, Python/Shell, 计算机相关专业, 运维经验, 运维开发经验",5-10K,成都,,2026-05-27 18:04:07
eed94b5430923ae70nd439--ElZW,运维工程师-腾讯开悟平台,实娱商管,0-20人,社交网络与媒体,本科,3-5年,"Python, Shell, 容器技术, 分布式技术, 网络协议, Linux, 集群运维, SRE",16-30K·14薪,成都,,2026-05-27 18:04:07
5736599256867f990nZ809-_GFtR,水厂运维工程师,振瀚信息,20-99人,计算机软件,大专,3-5年,,5-7K,成都,,2026-05-27 18:04:29
4c4467b1911fe5010nd809y6E1NW,桌面工程师,一顺信息技术,0-20人,企业服务,大专,1-3年,"桌面运维, 网络运维, 系统运维, 计算机相关专业, 运维开发经验, 运维经验, 互联网企业, 游戏企业",9-10K,成都,,2026-05-27 18:04:29
89bc924f8d1a35f3031_2965E1JW,售后服务工程师,大公博创,100-499人,互联网,本科,1-3年,,6-9K,成都,,2026-05-27 18:04:29
44bec88ad5b5ca5f0HB-0tS6FVM~,售前工程师,创码科技,0-20人,信息安全,大专,1-3年,"系统集成, 产品设计, 产品规划, IT服务, 信息化, 云计算, 计算机软件, 网络安全",5-10K,成都,,2026-05-27 18:04:51
ad1f5e23660330560nd_29u4F1BR,驻场运维工程师,四川众合悦盛科技,20-99人,信息安全,本科,1-3年,,6-8K·13薪,成都,,2026-05-27 18:04:51
fac02aa5659b165e0nB43dW-EFpZ,服务器运维工程师,蓉芯数创,0-20人,计算机软件,学历不限,3-5年,,5-10K,成都,,2026-05-27 18:08:59
f3c1c32df9b383a01H183Nu4FldW,云计算SA-成都,深圳某大型ICT基础设施与智能终端公司,10000人以上,计算机软件,本科,3-5年,"迁云, AWS/Azure/阿里云相关认证, 云服务, HCIE, 上云",15-25K·13薪,成都,,2026-05-27 18:08:59
76cae6be02dfbee50nB43NS9EVpQ,硬件与网络运维工程师,鸿创电子,100-499人,电子/硬件开发,大专,5-10年,,8-11K·13薪,成都,,2026-05-27 18:09:40
ae63caeda0e7ae910nB-2dS4ElNQ,H89145岗云计算客户成功或售后支持-线上面,武汉佰钧成技术,1000-9999人,计算机软件,本科,1-3年,"高阶工单支持, 商务支持, 客诉处理, 云产品、云计算, AI大语言模型, 售后支持",9-11K,成都,,2026-05-27 18:09:40
1a5b6bc4a39385fb0nd83du8EVNQ,云运维工程师（日系稳定 六险一金）,某大型互联网公司,100-499人,互联网,大专,3-5年,"Docker, 大数据运维经验, 系统运维, 运维开发/DevOps, Python/Shell, 计算机相关专业, 运维经验, Kubernetes",20-21K,成都,,2026-05-27 18:09:40
4c7317c6d34346301Xd62Ny_F1NZ,前端开发（高级）工程师 - 云计算,字节跳动,10000人以上,互联网,本科,经验不限,"JavaScript, TypeScript, HTML, CSS, ES6, 前端开发, Node.js, React",20-40K·15薪,成都,,2026-05-27 18:09:59
a843481883793c030nd809W-EVtT,驻场运维工程师（巴青项目）,四川易方智慧,100-499人,计算机软件,大专,1-3年,,10-12K,成都,,2026-05-27 18:09:59
e3faef032e7cd8cd0nB43dy4FFFY,实验室运维工程师（实习生）,长川科技,1000-9999人,半导体/芯片,大专,,"IDC机房运维, 运维经验",150-200元/天,成都,,2026-05-27 18:09:59
752ea3c254fe36031n1y29S1FFpS,分布式存储研发工程师,百度,10000人以上,互联网,本科,1-3年,"Java, C++, 分布式经验, 数据库开发经验, 分布式技术, Redis, 云存储, 微服务经验, MySQL, Oracle, 后端开发, 大数据, 云计算",18-30K·15薪,成都,,2026-05-27 18:09:59
e2e3aa4f3ede19d90nVy0t25GVRQ,SMT设备工程师,国汽智端,100-499人,计算机服务,大专,3-5年,,12-13K,成都,,2026-05-27 18:10:41
079d1237ba361a320ndy2dW_FVpY,电厂调度通讯技术工程师,元亨嘉德,0-20人,电力/热力/燃气/水利,大专,3-5年,,8-13K,成都,,2026-05-27 18:11:02
ad4f4f0519c82f310nB-2dW8FFBT,【联想】运维工程师（sql方向）,中科软,10000人以上,计算机软件,本科,1-3年,"系统运维, MySQL/Oracle, 计算机相关专业, 通信相关专业, 运维经验, 大数据运维经验",13-15K,成都,,2026-05-27 18:11:02
08d3d0cd295d08000nd929m-EFpW,it系统维护工程师,四川星曜宇航航天科技,20-99人,铁路/船舶/航空/航天制造,大专,1-3年,,6-10K,成都,,2026-05-27 18:11:22
932a19b1c252dcba1H1709m5GVFT,硬件维护工程师/网络管理员,成都叮当网络有限公司,20-99人,其他专业服务,大专,5-10年,"网络维护, 机房维护, 桌面运维, 计算机相关专业, 打印机/复印机维修经验",6-10K,成都,,2026-05-27 18:11:43
7fcc5abb6a164ef90nB-3ty4E1JV,数据库运维工程师,成都码拓客网络技术,100-499人,互联网,本科,3-5年,,9-12K,成都,,2026-05-27 18:11:43
4e15a741e5bc91ac1nx-3dy8FVZY,运维服务工程师,重庆广睿达,0-20人,互联网,大专,1-3年,运维,4-6K,成都,,2026-05-27 18:12:04
c990349bd71472470nR52du8FFVU,运维/实施工程师,四川汉科,100-499人,计算机软件,本科,1-3年,,5-8K·13薪,成都,,2026-05-27 18:12:04
7ce9027a8eec37050nB52t-9GVZU,硬件与网络运维工程师,鸿创电子,100-499人,电子/硬件开发,大专,5-10年,,8-11K·13薪,成都,,2026-05-27 18:17:53
81deb79c26fa21b51Hx429u6EVM~,复印机维修工程师,印之豪,0-20人,通信/网络设备,学历不限,3-5年,复印机维修,7-12K,成都,,2026-05-27 18:18:15
cc3800290c3caf270nZ539u5F1NX,云运维工程师,上海闻驿信息,20-99人,计算机服务,本科,3-5年,"系统运维, Python/Shell, 计算机相关专业, 腾讯云, K8S, Devops",10-15K,成都,,2026-05-27 18:18:37
8ace8948c7ec22dd0nd_3NS5GFpR,AI智能运维工程师,融科智联,20-99人,计算机服务,硕士,在校/应届,"运维开发/DevOps, DBA",8-12K,成都,,2026-05-27 18:19:21
e64d3f1641cff7761XN92du6F1FZ,运维工程师,盛视科技股份有限公司,500-999人,智能硬件,大专,经验不限,"系统集成, 安防, 软硬件运维",4-6K,成都,,2026-05-27 18:19:43
d001e578720b69d31XJz2tS5EVZQ,ai算法工程师,鸿钰网络科技,20-99人,计算机软件,本科,1-3年,"语音/图像识别, 云计算, Java, Python, Hadoop/Hive/Spark, 计算机相关专业",9-14K,成都,,2026-05-27 18:19:43
4530ba551ec032b433x729m9Flc~,C++开发工程师（中级）,神贝科技,20-99人,互联网,本科,1-3年,云计算,7-12K,成都,,2026-05-27 18:20:05
65e143dfc94ef9f50nB73NW9EltQ,公有云销售经理（云计算/AI） 月薪2w+ 双休,合肥是也科技有限公司,20-99人,计算机软件,本科,3-5年,"电话销售, 面销/陌拜, 软件/企业服务产品, 互联网金融, 对企业/机构（To B）销售经验, 企业（To B）, 网络销售, 面销/陌拜经验, 电话销售经验, 互联网/科技, 网络营销经验",15-20K,成都,,2026-05-27 18:25:34
cf0dac3cb87981120nB50968GVRT,网络运营工程师,成都师界星徒科技,100-499人,其他行业,大专,5-10年,,8-9K,成都,,2026-05-27 18:25:54
5838f36f1d16cf0e0nB-2tW0EFBU,运维工程师（日语）,德利信达,100-499人,计算机服务,大专,1-3年,,6-7K,成都,,2026-05-27 18:26:15
8f34ce8eabd3a8790nB429u-FVZX,虚拟化运维工程师（成都）,易宝软件,1000-9999人,互联网,大专,5-10年,"VMware, VCP, VCAP, 虚拟化",10-12K,成都,,2026-05-27 18:26:15
36ffc28265f6f33303F729u1EFpZ,数据中心基础设施运维工程师,九福科技,20-99人,计算机服务,大专,1-3年,"电子/电气/自动化相关专业, IDC机房运维",5-7K,成都,,2026-05-27 18:26:55
34869fbfaeac486d0nB-3920EFZX,系统运维工程师,成都米拓联创科技,20-99人,计算机软件,大专,1-3年,,4-6K,成都,,2026-05-27 18:27:58
141cefa0af1d897f0ndy39m6GVdY,运维工程师（远程办公）,亿启乐创,20-99人,互联网,本科,3-5年,,25-50K·14薪,成都,,2026-05-27 18:28:20
9fea1566564fe2840nB-2dy8ElZR,风机运维工程师,唐山智宸科技,20-99人,风电,初中及以下,经验不限,系统运维,5-10K,成都,,2026-05-27 18:33:08
6faa4b74b4223f280nB42dq0FVpV,LIunx系统运维工程师（os系统）,博彦科技,10000人以上,计算机软件,大专,3-5年,,12-14K,成都,,2026-05-27 18:33:51
8c79bf4a109f997303F_39y0EVJT,IT基础设施运维工程师,成都市励德科技发展,0-20人,计算机服务,本科,5-10年,"计算机相关专业, 网络安全相关经验",500-700元/天,成都,,2026-05-27 18:34:11
02a96fa021f682830nVy3d6-FFJX,基础设施工程师-成都新津,宁德时代新能源科...,10000人以上,汽车研发/制造,本科,3-5年,"计算机相关专业, 运维开发经验, 通信相关专业, 运维经验, 网络安全相关经验",10-15K·16薪,成都,,2026-05-27 18:34:30
4b3adfe31e37ccf91X1-0t-8EFZX,深度学习图像算法工程师,拓荒者知识产权,20-99人,检测/认证/知识产权,硕士,经验不限,"不限, 深度学习, 图像算法, 自然语言处理算法, 通信算法, Python, MATLAB, 发表算法相关优秀论文, 算法工程化经验, 语音/图像识别, 智能驾驶, 云计算, 射频, 微电子",5-10K,成都,,2026-05-27 18:34:50
5a67afe32a2409170nB63Ni7EVZZ,运维工程师助理,四川盛麒达讯科技,100-499人,计算机服务,大专,经验不限,,5-8K·13薪,成都,,2026-05-27 18:35:32
3be45cfc9a80ebb21XJ_292_ElNY,弱电运维工程师,海卫士电子,20-99人,通信/网络设备,大专,3-5年,"网络运维, 桌面运维, IDC机房运维",10-15K,成都,,2026-05-27 18:35:52
82dae379870ed6dc0nR80ty7FVRS,运维工程师,厦门郎士力电子商务,20-99人,电子商务,本科,3-5年,"Golang, 网络运维, Java, MySQL/Oracle, 运维开发/DevOps, Redis, 计算机相关专业, Kubernetes",18-30K,成都,,2026-05-27 18:35:52
4e83482ee84824e71H1_0tW1GFBV,云计算,某大型知名通信上市公司,10000人以上,通信/网络设备,本科,10年以上,"网络, 云",29-55K·15薪,成都,,2026-05-27 18:40:21
521cd6dd356396e80nB-3d64EFRS,运维工程师（外包百度）,柯莱特集团,1000-9999人,计算机软件,大专,经验不限,,4-5K,成都,,2026-05-27 18:40:43
5179f28ff01591560nVy3dm5FFBT,弱电系统集成工程师,天亿度,0-20人,电子/半导体/集成电路,大专,1-3年,计算机相关专业,5-7K,成都,,2026-05-27 18:41:25
7692b922a527d2871XJz39S_EFNW,运维工程师（成都）,东方财富证券,1000-9999人,证券/期货,本科,3-5年,"桌面运维, 网络运维",10-15K·16薪,成都,,2026-05-27 18:42:27
37bf3decf14972a20nB63d28GVZV,运维工程师,易联智通,20-99人,互联网,本科,3-5年,"MySQL/Oracle, Docker, 运维开发/DevOps, Redis, 计算机相关专业",8-10K,成都,,2026-05-27 18:42:48
2a94b4499730d2930nB-3d66ElFS,初级实施运维工程师,众鹏科技,100-499人,计算机软件,大专,经验不限,,3-5K,成都,,2026-05-27 18:48:01
f7ebe20cce407c390ndy29m_FFdW,初级运维工程师,直真科技,1000-9999人,计算机软件,本科,在校/应届,,5-8K,成都,,2026-05-27 18:48:22
7b1a56850fe3fdc30ndz3tS4EldV,SASE平台运维工程师,天维信通,100-499人,通信/网络设备,本科,3-5年,"网络运维, Docker, Python/Shell, 运维开发经验, 网络安全相关经验",12-24K,成都,,2026-05-27 18:48:22
65a4f3dcedb4a79a0nRz39y9GFtR,音视频实施运维工程师,信酬科技,20-99人,电子商务,大专,3-5年,"网络运维, 实施交付运维, 系统运维, 桌面运维, 计算机相关专业, 网络安全相关经验, 运维经验",5-6K,成都,,2026-05-27 18:50:07
62d958b9b571deea0nVz29q5E1VU,云计算技术支持专家-体验与服务,字节跳动,10000人以上,互联网,本科,3-5年,"Docker/Kubernetes, 计算机/通信相关专业, IT技术支持经验, 售后支持/客户响应经验, 云计算, AI, 云服务",9-14K·13薪,成都,,2026-05-27 18:54:35
b34919708adf2d250ndy39u4ElJV,全栈工程师,清渟科技,100-499人,智能硬件,大专,5-10年,"JavaScript, 架构开发, TYPESCRIPT, NOSQL, Python, 云计算",12-18K,成都,,2026-05-27 18:55:40
e06a372779956e7e03N82N-0FVtR,数据库运维工程师,信一创科技,20-99人,计算机服务,本科,3-5年,,15-18K,成都,,2026-05-27 18:57:48
0f30f89dd6bb99363nR70t-_EVM~,运维工程师,众连心达,20-99人,计算机软件,大专,经验不限,"网络运维, 通信相关专业, IT技术支持, 系统运维, 机房运维, 网络交换技术, 运维工程师, 游戏, 网络协议, SQL",5-10K,成都,,2026-05-27 19:04:02
edc4839826f8784e0nV739W_FlVY,数据中心暖通&电力运维工程师,成都优炫创新软件,20-99人,信息安全,本科,1-3年,"电工证, 暖通运维, 冷冻水系统, 运维经验, 精密空调, IDC机房运维, 制冷证",7-10K,成都,,2026-05-27 19:04:43
ae6e684301ce75ac03Z-39y5FldQ,新能源充电桩运维工程师,百源智联,20-99人,新能源,大专,1-3年,,4-5K,成都,,2026-05-27 19:05:04
34af3cfe6fb665f7031_2ty6GVNR,网络运维工程师（交换机运维）,信酬科技,20-99人,电子商务,大专,3-5年,"网络运维, 通信相关专业, 系统运维, 桌面运维, 计算机相关专业, 网络安全相关经验, 运维经验",4-6K,成都,,2026-05-27 19:05:04
c5f0db4c9c8d2e410nB639i9EFJZ,运维工程师+不驻场+少出差+双休,麦可思数据科技,100-499人,大数据,本科,在校/应届,"系统运维, 实施交付运维, MySQL/Oracle, 计算机相关专业, 运维经验, 大数据运维经验",6-10K·13薪,成都,,2026-05-27 19:10:54
315e7de34ded04890nB429q6F1FT,vmware虚拟化工程师,易宝软件,1000-9999人,互联网,大专,5-10年,"Java, 系统运维, 计算机相关专业",10-12K,成都,,2026-05-27 19:11:16
c9ad5f1beb6864e70nB62tu_E1ZZ,游戏运维工程师,双倍游戏,100-499人,游戏,本科,3-5年,"游戏运维, mmo",8-13K·13薪,成都,,2026-05-27 19:12:19
ba1f481baceccac1031y2Nq9FFpU,k8s运维工程师,同程旅行,1000-9999人,互联网,本科,5-10年,,20-35K·15薪,成都,,2026-05-27 19:12:19
eb5529e74230aa461Xx63dW1FFRY,ai人工智能工程师,四川仁海梵唱数字...,0-20人,互联网,本科,5-10年,"云计算, 生物医疗, Python, C/C++, OpenCV, 机器学习算法/工程化经验, 深度学习经验, 嵌入式技术, 深度学习算法, 机器学习算法",20-40K,成都,,2026-05-27 19:13:00
dd10f47e93c5433a0nB43tm6FlZQ,弱电运维(驻场)工程师,治为科技,20-99人,其他生活服务,大专,1-3年,,5-7K,成都,,2026-05-27 19:13:21
6d2bc3eba48d10380nB529W4FVRQ,海油工程师,洋湃,100-499人,仪器仪表,大专,1-3年,"系统运维, 实施交付运维, 通信相关专业, 电子/电气/自动化相关专业, 运维经验, 运维开发经验, 网络安全相关经验, Linux, 自动化, 石油石化",5-7K,成都,,2026-05-27 19:13:21
497fe5ee2f6aa4d10nB50tm1GFBZ,运维工程师,成都奇异果网络科技,20-99人,移动互联网,本科,3-5年,,10-15K,成都,,2026-05-27 19:13:21
a1a249002f815e241nV82d24EVNY,维护工程师,精发准,0-20人,通信/网络设备,中专/中技,1-3年,"实施交付运维, 运维",3-5K,成都,,2026-05-27 19:13:21
df383e1bfdde85e20ndz0t21EldT,运维工程师,四川擎晟科技有限公司,0-20人,人工智能,本科,3-5年,,5-7K,成都,,2026-05-27 19:13:21
4fdf5d77ef51e8f80nZ-2du7EVFT,云计算销售-五险一金双休,盛世云图,100-499人,互联网,大专,1-3年,"软件/信息化服务销售经验, B端市场开发经验, 面销/陌拜经验, 软件/SaaS, 互联网/科技, 新客户开发",10-15K·13薪,成都,,2026-05-27 19:17:29
f9ff857865959b5e1Xx40ty6FVZS,中电云交付运维工程师,中宇华兴,100-499人,互联网,大专,3-5年,"网络运维, 实施交付运维, Docker, k8s, OpenStack, KVM",10-13K,成都,,2026-05-27 19:17:51
7574d891b09d226d1XN52tu4E1ZU,物联工程师（电力运维/能源能效）,四川泰力电气成套,100-499人,其他行业,大专,1-3年,"电力运维, 高压电工证, 电气自动化",8-12K,成都,,2026-05-27 19:20:37
7adb8f81a2e90ece0nZ83dy8GVZZ,运维工程师（弱电方向）,四川智载十方科技,20-99人,物联网,大专,1年以内,,4-5K,成都,,2026-05-27 19:20:37
311414595a1728271HV83tS4GFJS,基础架构运维工程师,同程旅行,1000-9999人,互联网,本科,5-10年,"Elasticsearch, rocketMQ, kafka , 计算机相关专业, Nacos",20-35K·16薪,成都,,2026-05-27 19:26:27
5c183bfca1f53ce11nZ-39-0EVBV,高级安全开发工程师（零信任方向）,欧珀,10000人以上,互联网,本科,3-5年,"分布式技术, 后端开发, 云计算, 零信任, 身份认证, IAM",40-70K,成都,,2026-05-27 19:26:27
79972fe4ae5c23500nB-3ti0GVRV,云计算技术支持（云网络二线-base：西安）,悦智人工智能,1000-9999人,互联网,大专,3-5年,"售前/售后技术支持, 售后支持/客户响应经验, 虚拟网络, 售后技术支持",10-15K,成都,,2026-05-27 19:34:01
3413b6bc4d0db05b1XF82ty8FVpW,云计算开发工程师,电科网安,1000-9999人,信息安全,本科,5-10年,"后端工程师, Java, C/C++, 计算机/软件工程相关经验, Java开发经验",15-20K,成都,,2026-05-27 19:34:01
c37fe0c44c0736970nB-3d67E1JR,运维工程师-大厂双休,柯莱特集团,1000-9999人,计算机软件,大专,1-3年,"网络运维, 系统运维, Python/Shell, MySQL/Oracle, 运维经验, 双休, 五险一金, 八小时工作制",5-6K,成都,,2026-05-27 19:35:05
9801505ef1b302180nd839S5EFBX,运维工程师（成都）,浩鲸科技,10000人以上,通信/网络设备,本科,3-5年,"实施交付运维, MySQL/Oracle, Python/Shell, 运维开发, 运营商",9-13K,成都,,2026-05-27 19:36:52
ef07ac68f6969a9803Bz0926GVRT,运维工程师,四川西风烈科技,20-99人,互联网,本科,经验不限,计算机相关专业,4-6K,成都,,2026-05-27 19:36:52
ae7c65351b06f32d03B50tm8EVZZ,运维工程师,远舢智能,100-499人,互联网,本科,5-10年,"Java, 实施交付运维, MySQL/Oracle, 系统运维, 计算机相关专业, 运维经验",15-30K,成都,,2026-05-27 19:43:06
27b124c0129d86bf1HJ-0tu1FFs~,云计算开发工程师,首畅,20-99人,计算机软件,本科,3-5年,"Golang, 其他, Docker, Kubernetes, 其他, Linux开发/部署经验, 云计算经验, 云计算",14-16K,南京,,2026-05-27 19:55:27
75c0d835d780d8a80ndy2Nm6GVFS,云计算销售经理（Maas方向），base广深,南京越昇,0-20人,互联网,本科,1-3年,"软件/企业服务产品, 对企业/机构（To B）销售经验, 企业（To B）, 互联网/科技, 网络营销经验",8-13K,南京,,2026-05-27 19:55:27
03801aed7a6766b60nB529-9EFVV,华为云运维工程师,微耐特,0-20人,计算机软件,大专,1-3年,,7-9K,南京,,2026-05-27 19:55:27
e84256bc91676d5d1XJy39m7GVVR,云计算工程师,EASYSTACK,100-499人,企业服务,本科,3-5年,"后端, Python, 计算机相关专业, 服务端开发经验, Openstack",15-30K·15薪,南京,,2026-05-27 19:55:27
98920ee24e83eda60HZ53ty1GFY~,云计算开发工程师,华为,10000人以上,计算机软件,本科,经验不限,"Golang, Docker, Kubernetes, 计算机相关专业, Golang服务端开发经验, 中大型项目开发经验, Java, Docker, k8s, Go, 微服务架构, 容器技术, 云计算, Python",20-40K·16薪,南京,,2026-05-27 19:55:27
d416ed099fcb420b03F42du-E1NT,云计算运维工程师,新华三技术有限公司,10000人以上,计算机软件,本科,3-5年,,12-15K,南京,,2026-05-27 19:55:27
e13dacefba7ac2450nd92ti7GVNZ,k8s运维工程师,大蓝鲸科技,0-20人,计算机服务,本科,5-10年,,10-15K,南京,,2026-05-27 19:55:27
8ce2c948001b93e30nd_2tm8FFZQ,云计算销售(J10529),嘉环科技股份有限公司,10000人以上,通信/网络设备,本科,3-5年,"企业（To B）, 对企业/机构（To B）销售经验",11-20K,南京,,2026-05-27 19:55:27
6ac3b9a2de0202e00nZ90921FVdR,云计算资源采购总监,小西科技集团,100-499人,互联网,本科,5-10年,"国内采购, idc采购, cdn, ip采购",25-35K·14薪,南京,,2026-05-27 19:55:27
f51117defa370b3c0nB-3ti6E1tV,交付运维工程师（南京+全日制本科）,江苏基久南通分公司,1000-9999人,通信/网络设备,本科,5-10年,,10-13K,南京,,2026-05-27 19:55:27
626e4b0ce22efb660nd839S1E1JZ,售前工程师（云计算、虚拟化）,群顶科技,100-499人,计算机软件,本科,经验不限,"售前, 解决方案, 云计算, 虚拟化, 分布式存储",15-30K,南京,,2026-05-27 19:55:27
77152f5c5c4330691nRz2tu-GVVW,云计算开发工程师,苏宁IT,10000人以上,互联网,本科,3-5年,"Java, 分布式技术, MVC开发, 服务器配置, 搜索引擎技术, Spring, 云计算, 管理系统",15-22K·14薪,南京,,2026-05-27 19:55:27
78f0ae204f73e49d0nB-39y7EFdS,实施、运维工程师（全国可招+13薪）,中软国际,10000人以上,计算机软件,大专,1-3年,,10-12K·13薪,南京,,2026-05-27 19:55:27
60b575aa6f1f07d90nB-29q1FltV,质量 工程师,南京某中型水泥设备制造及冶金智能装备进出口公司,100-499人,进出口贸易,大专,3-5年,"有质量管理经验, 不需要出差, 机械加工制造经验, ISO9001经验, DQE经验（研发）, 8D报告经验, 项目管理经验, 内审员资格证",15-25K,南京,,2026-05-27 19:55:27
404a9fc6eab333930nZy3dm_ElNV,云平台工程师,云帆检测,20-99人,检测/认证/知识产权,本科,1-3年,,5-8K,南京,,2026-05-27 19:55:48
546700063319d0810nB73Nu_E1FY,算法运维工程师(南京),清能互联科技,500-999人,计算机软件,硕士,经验不限,"能源调度, 电力系统, 算法分析, 算法运维, 运筹优化",11-22K·13薪,南京,,2026-05-27 19:55:48
4ff96eccf61598630nB62dq1GFRT,AI Agent工程师（FDE方向）,某大型互联网公司,500-999人,互联网,本科,1-3年,"智能体, saas, 对客户, 云计算",10-15K·14薪,南京,,2026-05-27 19:55:48
df9f65a4f10a42a81nZ82Ny4FltW,生物信息工程师,傲因医疗,20-99人,生物/制药,硕士,3-5年,"Python, R, Shell, 大数据, 云计算, 相关分析, 聚类分析",12-18K,南京,,2026-05-27 19:55:48
d5194adb21337b450nd60tu8EFVV,大数据运维工程师,南京瑞云恒通智能...,20-99人,计算机软件,本科,1-3年,"通信相关专业, 大数据运维经验, Hadoop, 运维开发经验, 计算机相关专业, 电子/电气/自动化相关专业",9-14K·13薪,南京,,2026-05-27 19:55:48
fc35ed220dcbb6450nB53N25EVRV,充电桩运维工程师,江苏闪连星,0-20人,电力/热力/燃气/水利,本科,3-5年,,7-12K,南京,,2026-05-27 19:55:48
8964e88e5bf45d8903Jy0ti6EVtY,服务器售后工程师-南京,亚康万玮,1000-9999人,互联网,大专,1-3年,"LINUX, 服务器运维, 计算机相关专业, GPU服务器",6-7K,南京,,2026-05-27 19:55:48
7575b589c13ef2e61XN93N67EVdW,云计算生态 C/C++开发工程师,中科曙光,1000-9999人,互联网,本科,经验不限,"C++, C语言, C++服务端开发经验, 计算机相关专业, Linux开发/部署经验",15-30K,南京,,2026-05-27 19:55:48
a9e3f91ff0a2dbc50nV829q7GFBX,初级运维工程师,维港酒店管理有限公司,0-20人,酒店/民宿,大专,1-3年,"计算机相关专业, IDC机房运维",7-8K,南京,,2026-05-27 19:55:48
c66d1d2a8968318e1HZz2NS4FVpY,交付运维工程师,万象数据,0-20人,计算机软件,大专,1-3年,"DBA, MySQL/Oracle, 系统运维, 运维开发经验, 计算机相关专业, Python/Shell, 网络安全相关经验, 运维经验, IDC机房运维, Kubernetes",7-10K,南京,,2026-05-27 19:55:48
ee87ab1c2cdb3abe03N-2Nu4EFRS,交付工程师,欧米麦克,100-499人,通用设备,大专,1-3年,"实施交付运维, 运维经验, 电子/电气/自动化相关专业, AGV, Linux, 机器人, 调试, 陪产",7-12K,南京,,2026-05-27 19:55:48
bc10289b412dc7fe0nR939m1GVFR,高级算力服务器系统运维工程师,世通环宇,0-20人,计算机服务,大专,3-5年,,15-18K·13薪,南京,,2026-05-27 19:55:48
b1e8bcdd71d5b00203dz09q7GFRW,1年派驻（南京）英语技术笔译（云计算）,传神语联网,500-999人,互联网,本科,3-5年,"全职, 坐班, 笔译",8-12K,南京,,2026-05-27 19:55:48
9c19932b560818b40ndz3d-1GVRV,储能Pack 工程师,南京美成,100-499人,新材料,本科,1-3年,"无机非金属材料经验, 陶瓷材料经验, 高分子材料经验, 复合材料经验, 电子/通信经验, 半导体经验, 新能源经验, 材料改性经验, 材料选型经验, 团队管理经验, 高分子材料相关专业, 复合材料相关专业",8-12K·13薪,南京,,2026-05-27 19:55:48
c004eed3d8e0d31e1HF63du7FlRZ,5G核心网运维工程师,天翼物联,500-999人,互联网,硕士,3-5年,"Docker, EPC/5GC, Kubernetes",15-25K·17薪,南京,,2026-05-27 19:56:10
7681acf04d39bb2403R-39W4FFRU,服务器工程师【珠江路地铁口，双休，奖金】,南京有得是,0-20人,计算机硬件,大专,1-3年,"计算机相关专业, 接受实习/在校生投递, 售前工程师, 售后工程师, 服务器工程师, 电脑工程师, 计算机硬件",5-10K,南京,,2026-05-27 19:56:10
5b860c78087c2c480nV93tq9F1tZ,数据中心运维工程师,某大型航空公司,100-499人,铁路/船舶/航空/航天制造,本科,5-10年,"桌面运维, 网络运维, 系统运维, 运维经验, 网络安全相关经验, 云平台/虚拟化管理, 数据库部署调优, 服务器与存储运维, 网络架构维护",20-30K,南京,,2026-05-27 19:56:10
b0d1266682768e3203x-2N-6EVtQ,linux运维工程师,量界数据,20-99人,计算机软件,本科,经验不限,计算机相关专业,5-10K,南京,,2026-05-27 19:56:10
974f360d182f19c20nZ629u-GFFU,IDC应急工程师,南京萍勤智能设备,0-20人,企业服务,大专,1-3年,"IDC机房运维, 高压, 应急, 配电柜倒闸",7-8K,南京,,2026-05-27 19:56:10
013c229584c042ab1XJ90t20FlRU,高级信号处理算法工程师,海空防务,100-499人,信息安全,硕士,3-5年,"C/C++, 计算机相关专业, 研究导向, MATLAB, 云计算",19-35K·14薪,南京,,2026-05-27 19:56:10
e3d623e1162653cc0ndz3t29FldV,网络运维工程师,欣华,20-99人,互联网,本科,3-5年,,12-15K,南京,,2026-05-27 19:56:10
79d0997a6cbddb6b0nB-3tq1EVVR,运维工程师+应用系统/大数据/核心网等,成熙知识,500-999人,互联网,硕士,3-5年,,25-35K,南京,,2026-05-27 19:56:10
7b94f6e12d6928930nZ63di0E1ZZ,云运维工程师【周末双休」,鼎峯云,20-99人,计算机服务,大专,3-5年,"计算机相关专业, 运维经验, 大数据运维经验",7-10K,南京,,2026-05-27 19:56:10
84ad19eb031957d00n1539q9FFs~,算法工程师（全职/兼职均可）,亿朵网络,20-99人,学术/科研,硕士,经验不限,"SCI, 车联网, 自然语言处理, 物联网, 深度学习算法, 网络安全, 大数据, 云计算",15-30K,南京,,2026-05-27 19:56:10
999e53301d1d4c9003162Nu1F1BS,阿里云智能-客户稳定工程师,阿里云,10000人以上,互联网,本科,3-5年,"大模型, 互联网/AI, 云计算",20-40K·13薪,南京,,2026-05-27 19:56:10
b08fa9081fce07c80nB709W5GVRZ,k8s工程师,帆软软件,1000-9999人,计算机软件,本科,1-3年,"K8S, 计算机相关专业, 运维经验",14-20K,南京,,2026-05-27 19:56:10
01aa0e813abc216e0nR50t-_GVtX,高级 Java 工程师 (MJ000849),高济健康,10000人以上,医疗健康,学历不限,经验不限,,15-25K·14薪,南京,,2026-05-27 19:56:10
f0c650b1a12634340nB40tW7F1FY,运维工程师,锋云聚,20-99人,通信/网络设备,大专,5-10年,"实施交付运维, 网络运维, 计算机相关专业, 运维经验, 移动云华为云阿里云",9-11K,南京,,2026-05-27 19:56:10
1b9372c22d338d690nB43tq9EVdU,运维工程师,炽光文化,0-20人,培训/辅导机构,中专/中技,经验不限,,6-11K,南京,,2026-05-27 19:56:10
8afd6d4e5ae665420nB40tS9FlBS,运营工程师（南京）,信畅信息,20-99人,通信/网络设备,大专,5-10年,,9-11K,南京,,2026-05-27 19:56:30
d5ef5c67f44ac1560nB-2tS-GFJV,运维实施工程师（电力/营销 计量 安全）,南京思美软件,100-499人,互联网,本科,3-5年,"系统运维, 实施交付运维, 计算机相关专业, 通信相关专业, 运维经验, 电力, 计量, 营销, 设备, 安全监督",10-14K,南京,,2026-05-27 19:56:30
510e78e686f742e50nd43Nq5FlVX,云平台运维工程师,南京恩博,100-499人,计算机软件,本科,1-3年,"运维开发/DevOps, Python/Shell, MySQL/Oracle, Docker, Kubernetes, Redis, 计算机相关专业, 运维经验, 大数据运维经验",6-8K,南京,,2026-05-27 19:56:30
2bdc40996c1a61fc03F42927GVVS,驻场运维工程师（金融）,江苏开博,100-499人,计算机服务,大专,3-5年,"网络运维, 系统运维, IDC机房运维, 运维经验, 存储运维, 虚拟化运维, 中间件, 金融银行",12-14K,南京,,2026-05-27 19:56:30
55558cb32589db0f1HV939q_F1BT,电气工程师（变电站）,国网电瑞,100-499人,计算机软件,本科,1-3年,"电子/电气/自动化相关专业, 计算机相关专业, 通信相关专业, 电气自动化",9-14K·13薪,南京,,2026-05-27 19:56:30
cfb5f6de1dd214861XB82d-5GVtS,网络工程师,引讯数字技术,0-20人,通信/网络设备,大专,5-10年,"HCIE, 网络建设/系统集成经验, 网络运维经验, 网络, IDC, 网络设备, 网络安全, 交换机配置, 云计算",10-15K,南京,,2026-05-27 19:56:30
a882570ade3f6eb51XF_0929F1FX,物联网运维工程师,创时空,0-20人,计算机软件,学历不限,1-3年,"网络运维, Java, 系统运维, IDC机房运维",6-9K,南京,,2026-05-27 19:56:30
dd9421cb20ee47080nB53d-9GFBS,阿里云运维工程师,伊克罗德,20-99人,计算机软件,本科,3-5年,"网络运维, Nginx, 实施交付运维, MySQL/Oracle, 系统运维, Python/Shell, 计算机相关专业, 网络安全相关经验, 运维经验, Kubernetes",10-14K,南京,,2026-05-27 19:56:30
71308189ef03219b0nB-2d-1FVVT,部署运维工程师,科能电力,100-499人,计算机软件,本科,3-5年,,8-12K,南京,,2026-05-27 19:56:30
417e9350b2424d9e1HV939m7EFNY,安防运维工程师,金智科技,1000-9999人,电力/热力/燃气/水利,中专/中技,1-3年,"实施交付运维, 系统运维, 监控安防",5-7K,南京,,2026-05-27 19:56:30
4e7615922489a89c1Hdz39-8ElA~,监控工程师,万里行,20-99人,移动互联网,学历不限,1年以内,"运维, 网络, 安全",3-6K,南京,,2026-05-27 19:56:30
c9d2373bd06097bd03152dS1FlVR,售前工程师（江苏）(J10485),噢易云计算,500-999人,计算机软件,本科,1-3年,"金融信息化项目, 售前技术支持经验, 系统集成, 能源信息化项目, 医疗/大健康信息化项目, 计算机/通信相关专业, 云服务, 招投标经验, 政企, 云计算",12-20K,南京,,2026-05-27 19:56:30
d85d95facc007dfe1H1-2dq1EFBV,运维工程师,南京市玄武区颐之...,20-99人,非营利组织,大专,1年以内,系统运维,3000-4000元/月,南京,,2026-05-27 19:56:30
9ee683a8edcfca030nV83dW4EltW,虚拟化运维工程师,圣唯思,100-499人,计算机软件,本科,3-5年,"Linux/Windows, MySQL/Oracle, Docker, Kubernetes",8-10K,南京,,2026-05-27 19:56:30
c462cbea1f5c73ed0nR729u0FlFX,值班运维工程师,中科天玑,100-499人,互联网,大专,经验不限,"运维经验, IDC机房运维",6-8K,南京,,2026-05-27 19:56:30
81594534c87554fa0nd-3Ni0GVBU,运维工程师（国网省调）,力德恒业,100-499人,移动互联网,本科,5-10年,"网络运维, Nginx, MySQL/Oracle, Docker, 系统运维, IDC机房运维",8-10K,南京,,2026-05-27 19:56:51
e8ac345e0d0ed8a803d539W_GFVY,初级监控工程师,南京小郑,0-20人,计算机硬件,学历不限,经验不限,"网络运维, 计算机相关专业",4-5K,南京,,2026-05-27 19:56:51
85bb40e3762e69b21Hd92dW-GVpT,运维工程师助理,埃佩科智能环境科技,0-20人,环保,大专,,"运维经验, 在线设备运维",100-200元/天,南京,,2026-05-27 19:56:51
a462c21715e437270nd73N-9F1dU,南京ECC工程师,维谛技术,20-99人,通信/网络设备,大专,1-3年,"通信相关专业, 系统运维, 数据中心运维经验、电气系统、暖通系统, 计算机相关专业, 电子/电气/自动化相关专业, 运维经验, IDC机房运维",9-11K,南京,,2026-05-27 19:56:51
fb1cd6040550d3820nd92N68ElBS,工程运维工程师（镇江驻地）,万炬股份,20-99人,电力/热力/燃气/水利,大专,1-3年,"变电站, 运维",6-7K·13薪,南京,,2026-05-27 19:56:51
0769b56bceed747d1nV90969E1VZ,网络运维工程师,庭宇,100-499人,云计算,本科,1-3年,"网络设备, Linux, 云计算, 交换机配置, 路由器配置, 故障处理, 网络规划设计, IDC维护",8-13K,南京,,2026-05-27 19:56:51
3016f56ef3b68dbc0nB-2di_FFVR,驻场运维工程师,奥工科技,20-99人,计算机服务,本科,1-3年,,10-15K,南京,,2026-05-27 19:56:51
35ce7adec14204cd0nB62dS6EFVQ,售后运维工程师,智库智能,100-499人,计算机软件,大专,1-3年,"实施交付运维, 计算机相关专业, 电子/电气/自动化相关专业, 运维经验",7-9K·13薪,南京,,2026-05-27 19:56:51
5611e9166746269403F82t21EVNW,NC运维服务工程师,阔友信息,20-99人,计算机软件,大专,1-3年,"网络运维, 实施交付运维, 大数据运维经验, 系统运维, 计算机相关专业, 运维经验",10-15K,南京,,2026-05-27 19:56:51
26dd700adb237e3a0nB73t-9E1dV,主机运维工程师,江苏中财,20-99人,计算机软件,本科,3-5年,,10-14K,南京,,2026-05-27 19:56:51
4237e3cd9cdaeb321nN-3Nu6E1RV,现场运维工程师,国网电科院,10000人以上,电力/热力/燃气/水利,本科,3-5年,"Linux, 系统运维, 自动化运维, 计算机相关专业, 电子/电气/自动化相关专业, 安全运维, 运维经验, 应用运维",12-21K,南京,,2026-05-27 19:56:51
4198d0af4a59e03c1HV83Nq4FFVZ,AI 集群运维工程师,趣快科技,20-99人,计算机软件,学历不限,经验不限,"云计算, Python, TensorFlow/PyTorch, CNN/RNN/LSTM, 计算机相关专业, 机器学习算法/工程化经验, 深度学习经验",12-18K·14薪,南京,,2026-05-27 19:56:51
9e2c020ee13bb80c03x63dW5E1FT,运维部署工程师,五疆发展,20-99人,计算机服务,本科,5-10年,"网络运维, Docker, MySQL/Oracle, 系统运维, 运维开发/DevOps, 运维开发经验, 桌面运维, Python/Shell, 计算机相关专业, 运维经验",11-19K,南京,,2026-05-27 19:56:51
71a9ea92765533ff1Hx-29q-F1pQ,运维工程师,瀚聚辉业,100-499人,互联网,大专,3-5年,"实施交付运维, 系统运维",7-8K,南京,,2026-05-27 19:56:51
ecc1921d2b6214e003N52di8E1FT,运维服务工程师,南京时空比硕信息科技,100-499人,计算机软件,本科,3-5年,,8-10K,南京,,2026-05-27 19:56:51
68d7418edec6ab7b0nZz2dy-GFVQ,自动化运维工程师,欣云昌电气,0-20人,电力/热力/燃气/水利,大专,1-3年,,5-10K·13薪,南京,,2026-05-27 19:57:11
9878739ad0c49fc90nB639-6FVdR,UI 工程师,翱坤,100-499人,铁路/船舶/航空/航天制造,本科,3-5年,"有UI设计经验/技能, 甲方公司, 五险一金, 带薪假期, 年终奖, 周末双休, 现场办公, PS, Xd, 3-5年UI设计经验, 交互设计经验",13-22K·13薪,南京,,2026-05-27 19:57:11
3b85f34b03b4cf081XR42Ny0EVpY,驻场运维工程师,信大数字取证研究院,20-99人,信息安全,大专,3-5年,"虚拟机技术, 安全运维, VMware, 网络协议, 系统运维, 桌面运维",9-10K·14薪,南京,,2026-05-27 19:57:11
96ee8e5329cf753f03J42di_F1FW,运维工程师,南京通天下科技,20-99人,互联网,本科,经验不限,,8-13K,南京,,2026-05-27 19:57:11
5963d2d4c632e3860nd-2dS6E1VT,SCM工程师,慧博云通,10000人以上,计算机软件,本科,3-5年,,12-24K,南京,,2026-05-27 19:57:11
fae36a2d975aa4f90nV40ti9FVRQ,中科院工业智能所 工程师,中国科学院工业人...,100-499人,政府/公共事业,硕士,在校/应届,,15-16K,南京,,2026-05-27 19:57:11
a0abe79abe2ab54403193Nm8F1BU,高级平台研发工程师,某大型互联网OTO平台公司,1000-9999人,互联网,本科,3-5年,"Java, C/C++, Golang, MySQL/Redis/MongoDB, 计算机相关专业, 后端开发经验, 中大型项目架构设计经验, 高并发量, 云计算, 大型软件系统服务端",20-30K,南京,,2026-05-27 19:57:11
1e52c82c5d79321d0nd429i6FVpW,IT基础设施运维工程师,南京万众岛电子商务,100-499人,食品/饮料/烟酒,本科,3-5年,,7-12K,南京,,2026-05-27 19:57:11
80c06738944ccb7e0nB-2dm6ElNZ,实施运维工程师,南京迈特望,1000-9999人,计算机软件,本科,1-3年,,6-8K,南京,,2026-05-27 19:57:11
2a9dff488afdcb7a0nB43t--GVRY,阿里云运维工程师,江苏红网,100-499人,计算机软件,本科,3-5年,"系统运维, Kubernetes, Python/Shell, Docker, 运维经验, 运维开发经验, 阿里云",12-16K,南京,,2026-05-27 19:57:11
046b67ce322713cb0nB439S-FFNX,运维工程师(有倒班),合肥英泽信息科技,100-499人,计算机软件,本科,1-3年,,8-10K,南京,,2026-05-27 19:57:11
6488c3fd875c7b521nV93dS_EFRR,网络运维工程师,北京庭宇科技有限...,20-99人,移动互联网,本科,1-3年,"网络设备, Linux, 云计算, 交换机配置, IDC维护, 故障处理, 网络规划设计, 路由器配置",8-13K,南京,,2026-05-27 19:57:11
2b737fb790bd55cb03153920ElZV,运维工程师,利德东方,500-999人,汽车零部件,大专,3-5年,,7-9K·13薪,南京,,2026-05-27 19:57:11
0595cc2f34403ae80nB43Nu6ElZR,驻场运维工程师（实习）,天技,20-99人,通信/网络设备,中专/中技,,"桌面运维, 网络运维, 系统运维",100-150元/天,南京,,2026-05-27 19:57:11
65c8e4b24a9a595e0nB439W6GVZR,IT运维工程师（甲方制造业）,南京中拓科技有限公司,100-499人,专用设备,本科,3-5年,"网络运维, 计算机相关专业, 网络安全相关经验, 企业网络维护经验, 熟悉门禁系统, 企业网络故障排查",6-9K·13薪,南京,,2026-05-27 19:57:11
065f72984c9e8ea403J439i9F1RT,运维工程师,南京和贤,20-99人,通信/网络设备,大专,1年以内,"网络运维, 大数据运维经验, 系统运维, 计算机相关专业, 网络安全相关经验, 运维经验",5-9K,南京,,2026-05-27 19:57:32
c03881957cb02e640XV82t21GVE~,运维工程师,南京傲天翔,0-20人,石油/石化,大专,在校/应届,"IT技术支持, 硬件, 系统运维, 实施工程师",4-6K,南京,,2026-05-27 19:57:32
e1a1820008d023040nZ80t-1GVFR,交付运维工程师（双休+五险一金）,江苏中石电子科技,20-99人,计算机软件,本科,5-10年,"Nginx, 脚本, 通信相关专业, Redis, Python/Shell, 计算机相关专业, 网络安全相关经验, 运维经验, 实施交付运维, Docker, MySQL/Oracle, 系统运维, 运维开发经验, 中间件, 实施交付",10-15K·13薪,南京,,2026-05-27 19:57:32
5292e84c87234cb61nR92NS8ElRZ,运维工程师,易沐,0-20人,智能硬件,大专,1-3年,"服务器配置, 嵌入式技术, 物联网, 智能硬件",5-6K,南京,,2026-05-27 19:57:32
c39b309d896a48cf0nVz3du6F1pX,云平台运维工程师,国安信息科技,100-499人,计算机软件,本科,3-5年,"MySQL/Oracle, Docker, 系统运维, 运维开发/DevOps, Python/Shell, 运维经验, Kubernetes",10-12K,南京,,2026-05-27 19:57:32
41c62ccca783510503xz2dy8GVdU,充电桩运维工程师,众行能源,20-99人,其他新能源,学历不限,经验不限,,6-11K,南京,,2026-05-27 19:57:32
66e7ac29fb1393ae1XV42Nq-GFVS,运维工程师,江苏润邦网络科技,0-20人,互联网,大专,1-3年,"容器技术, Shell, Linux, MySQL",9-10K,南京,,2026-05-27 19:57:32
cdd811bb18767cef0nV_09q8GFNZ,交付运维工程师,苏州海舟,20-99人,人工智能,本科,在校/应届,"系统运维, 实施交付运维, Nginx, MySQL/Oracle, Docker, 计算机相关专业, 通信相关专业, 运维开发经验, 网络安全相关经验, 大数据运维经验, 教育信息化, 项目经理",6-9K,南京,,2026-05-27 19:57:32
b8dee3934d7abbc60ndy09m9F1FT,平台运营工程师（OP监控运维）,思询科技,20-99人,人工智能,大专,1-3年,,5-6K,南京,,2026-05-27 19:57:32
fd94872588efd7d40nB-3ti-EVdQ,运维工程师（Python）接受出差,鑫达软件,100-499人,电子商务,本科,5-10年,"系统运维, Docker, Python/Shell, python",10-13K,南京,,2026-05-27 19:57:32
180f7332e0142b9f03J63dm9ElBZ,软件安调运维工程师,桓瑞软件科技,20-99人,计算机软件,大专,3-5年,"实施交付运维, MySQL/Oracle, Docker, 大数据运维经验, 运维开发经验, Python/Shell, 计算机相关专业",7-9K,南京,,2026-05-27 19:57:32
3e4887686d987e4f0nB70tW9E1pS,医疗软件运维工程师,南京品德网络信息技术,20-99人,计算机软件,大专,3-5年,"实施交付运维, Nginx, Docker, 运维经验",7-9K,南京,,2026-05-27 19:57:32
c86255e486cbb3110XF_0tm_EFE~,高级Java工程师/Java技术专家,阿里集团,10000人以上,互联网,本科,3-5年,"Java, 算法设计, 深度学习算法, 云计算, 人工智能",25-50K,南京,,2026-05-27 19:57:32
b501f53acb591ee403F-2dy8FVtZ,网络、监控、智能化驻场工程师,曼捷科技,20-99人,工程施工,本科,5-10年,"网络运维, 网络、安防监控、门禁智能化",6-7K·13薪,南京,,2026-05-27 19:57:32
14ef9991ddf3f0dd0ndy09i8E1VW,运维工程师,鱼跃医疗,10000人以上,医疗健康,本科,3-5年,,20-25K·14薪,南京,,2026-05-27 19:57:32
bde1951bc1720f570nB709u0FVZY,系统运维工程师,中国华新投资有限公司,100-499人,其他制造业,本科,经验不限,,12-20K,南京,,2026-05-27 19:57:53
938785a3d62a7d9a1XV73dq_FVA~,运维工程师,威克达电气,20-99人,电力/热力/燃气/水利,大专,1年以内,"电力电源, 机房运维, UPS电源运维, 交直流电源, 直流屏, 一体化电源, 直流系统, 系统运维",5-10K·13薪,南京,,2026-05-27 19:57:53
0a588efb61063a1d0nV80t65EFBX,Agent 工程师,深圳弦指科技有限公司,20-99人,智能硬件/消费电子,本科,3-5年,,20-30K·14薪,南京,,2026-05-27 19:57:53
30ea09ab629b6fb91nZ62dy1E1dQ,软件开发工程师,智网创新中心,500-999人,通信/网络设备,本科,在校/应届,"Python, Golang, C/C++, MySQL, 计算机软件, 大数据, 人工智能, 云计算",15-17K,南京,,2026-05-27 19:57:53
c091fd06798dc6e403N-2Ny7FVpQ,【周末实战导师招聘】FPGA 工程师,阿拉丁留学,20-99人,培训/辅导机构,学历不限,5-10年,FPGA开发/验证经验,20-40K,南京,,2026-05-27 19:57:53
0a4ab6c9307e12e10nZy3dS8EFRR,网络运维工程师,南京集示科技有限公司,0-20人,信息安全,本科,3-5年,,15-20K·14薪,南京,,2026-05-27 19:57:53
793ac76255ebb0aa0ndy2dm_FlVT,运维工程师,易思博酷客科技,100-499人,计算机软件,大专,经验不限,"DBA, 实施交付运维, 通信相关专业, MySQL/Oracle, 大数据运维经验, 系统运维, 运维开发/DevOps, 运维开发经验, 计算机相关专业, 运维经验",5-8K,南京,,2026-05-27 19:57:53
385f14a06d23bbd80ndy2dS7FFVS,技术工程师,南京众泰机器人科技,0-20人,电子/硬件开发,本科,3-5年,"实施交付运维, 大数据运维经验, 系统运维, 运维开发经验, Redis, Python/Shell, 计算机相关专业, 电子/电气/自动化相关专业, 运维经验",6-11K,南京,,2026-05-27 19:57:53
f01134dc93857fb41X1739m7F1FU,AI平台开发工程师,荣耀,10000人以上,消费电子,本科,经验不限,"云计算, Java, TensorFlow/PyTorch, CNN/RNN/LSTM, 计算机相关专业, 机器学习算法/工程化经验, 英文读写能力良好",15-30K,南京,,2026-05-27 19:57:53
0a686ded11f9a0981H150ti-FVRR,系统运维工程师,派逊,500-999人,服装/纺织,本科,1-3年,系统运维,6-7K,南京,,2026-05-27 19:57:53
d2cd4765197e99010nZ52tm9GFdX,AI应用工程师,南京悦林供应链,20-99人,进出口贸易,本科,经验不限,,100-120元/时,南京,,2026-05-27 19:57:53
3387fe9cec1afd6a1XN_3dm1FVdW,运维工程师,驰恒,0-20人,4S店/后市场,大专,1-3年,IDC机房运维,5-9K,南京,,2026-05-27 19:57:53
39c3172de495a6650nVy3dW-EVpZ,运维工程师,南京通成电气有限公司,0-20人,电气机械/器材,本科,1-3年,,6-10K·13薪,南京,,2026-05-27 19:57:53
17ab51212a2df0011nB52Ni1GFRY,高级后端工程师,纯白矩阵,20-99人,计算机软件,本科,3-5年,"后端开发, Java, 分布式技术, 容器技术, Linux, 区块链, 云计算, go",15-30K,南京,,2026-05-27 19:57:53
b464ddf3955e1f700nd73tu4EVVX,运维工程师,深圳视专明技术服务,100-499人,互联网,本科,3-5年,"系统运维, 运维开发/DevOps, 实施交付运维, Java, Golang, Ansible/Salt/Puppet, MySQL/Oracle, 计算机相关专业, 通信相关专业, 运维经验, 运维开发经验, 大数据运维经验",5-8K·14薪,南京,,2026-05-27 19:57:53
643329491c75e4340nRy2tu_E1dV,算法应用开发工程师 年薪60w起,某大型通用设备公司,100-499人,通用设备,本科,3-5年,"研究导向, 智能驾驶, 云计算, Python, OpenCV, TensorFlow/PyTorch, 计算机相关专业, 机器学习算法/工程化经验, 深度学习经验, 开发具身智能核心算法, 算法性能优, 系统集成与现场部署, 机器人项目经验",70-100K,南京,,2026-05-27 19:58:16
72c93b0424b07b7f1X1y2NS7F1JR,AI算法工程师,华为,10000人以上,计算机软件,本科,经验不限,"语音/图像识别, 云计算, 搜索/推荐",14-28K·14薪,南京,,2026-05-27 19:58:16
49d6e15a4735a6840nB62N-6FVZQ,工程维护（电气）工程师,埃斯顿自动化,1000-9999人,自动化设备,本科,1-3年,,11-20K,南京,,2026-05-27 19:58:16
76124c87e496de9e0nR-2du-EVVT,运维（GPU）工程师,图治科技,20-99人,互联网,本科,经验不限,,4-7K,南京,,2026-05-27 19:58:16
30bec30351adb0a403dz0t28FVdT,运维工程师（需要线下复试）,源枢数智,20-99人,计算机软件,本科,5-10年,,7-12K,南京,,2026-05-27 19:58:16
ee5d782ada6dfe860nV72di5F1VW,运维工程师,智慧航空,20-99人,计算机软件,本科,3-5年,,7-12K,南京,,2026-05-27 19:58:16
949c595c7b2424e30nd_2N-0FFdX,物联网设备运维工程师,本源智能,0-20人,电子/硬件开发,学历不限,经验不限,"网络运维, 实施交付运维, 运维经验, 电子/电气/自动化相关专业, 计算机相关专业",5-10K,南京,,2026-05-27 19:58:16
7003b8d5e4b032641XBz3N-9FFJZ,设备运维工程师,南京宇能,20-99人,原材料及加工/模具,大专,1-3年,热处理设备运维,5-8K,南京,,2026-05-27 19:58:16
21c8bb32fa99eab70nd73t60F1JQ,网络驻场运维工程师,融鑫鸿,0-20人,通信/网络设备,大专,1-3年,"网络运维, 系统运维, IDC机房运维, 运维开发/DevOps, 实施交付运维, Python/Shell, Ansible/Salt/Puppet, MySQL/Oracle, Docker, Kubernetes, 计算机相关专业, 通信相关专业, 运维经验, 运维开发经验, 大数据运维经验",8-11K,南京,,2026-05-27 19:58:16
e5c2b8432b15be300nd73tu0FVVT,运维工程师,深圳视专明技术服务,20-99人,计算机软件,本科,3-5年,"网络运维, 系统运维, Java, MySQL/Oracle, 计算机相关专业, 通信相关专业, 运维经验, 大数据运维经验",5-8K·14薪,南京,,2026-05-27 19:58:16
28a689ac7bdb01a103Z63tm9EVdX,软件交付工程师,江苏诺宁智慧科技,0-20人,计算机软件,本科,经验不限,,8-9K·15薪,南京,,2026-05-27 19:58:16
858c10a086bca4190nB53dy1EVdW,运维实施工程师,北斗银河,100-499人,电力/热力/燃气/水利,本科,1-3年,"实施交付运维, 电子/电气/自动化相关专业, 硬件, 设备调试, 系统安装",8-10K,南京,,2026-05-27 19:58:16
263fab2f7c55bb3b0nd629u-GVRX,驻场运维工程师,南京天瑞东诚,20-99人,计算机硬件,本科,5-10年,"网络运维, 通信相关专业, 计算机相关专业, 网络安全相关经验, 运维经验, IDC机房运维, CCIE/HCIE",15-18K,南京,,2026-05-27 19:58:16
867afb52ad0808ec0nd72929EVtX,运维工程师,都麦科技,20-99人,智能硬件,大专,,,60-110元/天,南京,,2026-05-27 19:58:16
6b926b6815d2409c0nd82Nq1E1RW,CS 工程师,云极芯半导体,20-99人,智能硬件/消费电子,本科,5-10年,"售后, 探针卡, 维修",10-15K,南京,,2026-05-27 19:58:16
19b0cc7cb469514903190tu1FVBR,设备运维工程师,安世科技,20-99人,智能硬件,本科,1-3年,"实施交付运维, 运维开发经验, 电子/电气/自动化相关专业, 运维经验",10-11K,南京,,2026-05-27 19:58:37
d3d8cd30c70af6670nZy2d6-EltU,devops运维开发工程师,华米科技,1000-9999人,智能硬件,本科,5-10年,,35-40K,南京,,2026-05-27 19:58:37
0dc57bc1382014ec0nB-3t20EVFY,电力运维工程师,南京中输电力建设,0-20人,投资/融资,大专,1-3年,"电子/电气/自动化相关专业, 运维经验",5-6K,南京,,2026-05-27 19:58:37
12b12255a0e6ba0703192tq6GFNX,部署工程师,真动听科技,0-20人,互联网,本科,3-5年,,6-10K,南京,,2026-05-27 19:58:37
1363c717a2dd90210nB63Ny6FVBX,运维工程师,理灿云,0-20人,计算机软件,学历不限,,,100-150元/天,南京,,2026-05-27 19:58:37
b5ddeae3ff04bc740nV92ty9EVBU,运维工程师,罕华,20-99人,仪器仪表,本科,1-3年,"Nginx, 实施交付运维, 通信相关专业, MySQL/Oracle, Docker, 系统运维, Redis, Python/Shell, 计算机相关专业, 运维经验",6-8K,南京,,2026-05-27 19:58:37
5d9695a9cc8d8e8a0nB-2tm0GVdS,技术支持工程师,深圳讯流国际物流,100-499人,跨境物流,本科,3-5年,,12-18K·14薪,南京,,2026-05-27 19:58:37
d04210ec9f5fa2ac0nZ80tS8GVBY,高级 AI Agent 工程师,汇川技术,10000人以上,自动化设备,本科,5-10年,,25-40K·15薪,南京,,2026-05-27 19:58:37
79122e71389c1e381nZ83ti9ElpY,FPGA工程师,新动态,20-99人,计算机软件,本科,1-3年,"Verilog, 嵌入式软件开发, C语言, 云计算, 硬件, Linux, 嵌入式技术, VHDL",11-20K·13薪,南京,,2026-05-27 19:58:37
4f62ffe67c9e2aa30nB-39-6EFpS,运维工程师,百思奥,20-99人,计算机软件,本科,3-5年,"计算机相关专业, 通信相关专业, 电子/电气/自动化相关专业",7-12K,南京,,2026-05-27 19:58:37
835a93b8cff88ec703F_3dS6GVJX,运维工程师（DevOps / SRE）,莲偶科技,100-499人,智能硬件,本科,3-5年,"网络运维, Docker, 运维开发/DevOps, Python/Shell, Kubernetes",15-20K,南京,,2026-05-27 19:58:37
810e23e78b4c0a100nR739-8EVdZ,技术服务工程师,南京五采智电电力科技,100-499人,电力/热力/燃气/水利,本科,3-5年,,6-11K,南京,,2026-05-27 19:58:37
d29b4439c29cbd160nZ-39m4ElpS,plm运维工程师,鼎捷数智,1000-9999人,计算机软件,本科,,,180-230元/天,南京,,2026-05-27 19:58:37
b33363f1a456a0121XZ639m9E1FS,实施工程师,中微京创科技,20-99人,企业服务,大专,经验不限,系统运维,7-12K,南京,,2026-05-27 19:58:37
8b51dd12c10753cb03B50ty0FlVW,驻场工程师,上海正合奇胜信息科技,20-99人,计算机软件,大专,1-3年,,5-6K,南京,,2026-05-27 19:58:37
db588edb676cd6b90nB-2du4FVpX,核心网运维工程师,某中型互联网物联网平台公司,500-999人,互联网,本科,5-10年,,25-35K,南京,,2026-05-27 20:02:45
3c3c58e084bce5330nB509-4EFdU,运维工程师 综合6K 提供住宿接受小白,南京林航昌运科技,20-99人,其他生活服务,学历不限,经验不限,"00后团队, 提供住宿, 有人教有人带, 接受小白, 不卡学历 年龄",5-8K,南京,,2026-05-27 20:02:45
98dd8aedb2d886b40ndz0ti7FVtY,运维，工程师,某中型电子/半导体/集成电路公司,500-999人,电子/半导体/集成电路,硕士,经验不限,,20-21K,南京,,2026-05-27 20:03:08
322d1bae74aeab170nB53Ny1ElZY,政务云运维工程师,南京盛佳建业,500-999人,通信/网络设备,大专,5-10年,,10-12K,南京,,2026-05-27 20:03:08
6c06ffcc743aec6d0nZ429-4GVBR,AGV现场实施工程师,金兴高科技,20-99人,自动化设备,大专,1-3年,,8-10K,南京,,2026-05-27 20:03:08
9c0493e1f8e5ed0b0nd43t6-GFRV,运维工程师,南京创元智梦网络科技,20-99人,互联网,本科,,"桌面运维, 网络运维, Java, Python/Shell, 计算机相关专业, 通信相关专业, 电子/电气/自动化相关专业",200-250元/天,南京,,2026-05-27 20:03:30
5747f3c3f341213a03d-3Nm1FlJW,linux运维工程师（双休，五险一金，13薪）,映秋阁文化传播,20-99人,互联网,大专,1年以内,"网络运维, 桌面运维, Python/Shell, 计算机相关专业",8-9K,南京,,2026-05-27 20:03:30
31ac39480f84666e0nZz3dS5E1RZ,运维工程师（k8s方向）,安元科技,500-999人,互联网,本科,5-10年,"系统运维, 计算机相关专业, Kubernetes",11-20K,南京,,2026-05-27 20:03:30
0b94c961c8ab318b1XJ53t-_GFpV,机器人导航工程师,江苏叁拾叁,100-499人,企业服务,本科,1-3年,"语音/图像识别, 智能驾驶, 云计算",12-24K,南京,,2026-05-27 20:03:50
e28cf77b6ae139150nB50tq6FVNZ,运维工程师,赢时胜,1000-9999人,计算机软件,本科,3-5年,,15-19K,南京,,2026-05-27 20:03:50
360a696fab6dbcd803192d65EVRU,兼职多媒体工程师,亿廷智能,0-20人,智能硬件,大专,3-5年,"快思聪, 音视频, 多媒体, 展厅, 中控",400-800元/天,南京,,2026-05-27 20:03:50
dee1f751bb314be40nZ929u9FFRT,新能源电站运维工程师,天铂台江,20-99人,风电,大专,3-5年,"系统运维, 运维开发经验",8-12K,南京,,2026-05-27 20:04:12
c870a9924f0a9cb21XV_2tu-EVdQ,售前工程师（偏安全）,网宿科技,1000-9999人,互联网,本科,3-5年,"CCIE, 计算机/通信相关专业, 机械/电子工程相关专业, cdn, oswap, 零信任, AWS/Azure/阿里云相关认证, CISSP/CISP, 安全, 云服务, aws, sd-wan, waf, 云计算",15-25K·16薪,南京,,2026-05-27 20:04:12
2ca684beb0d6416f0nV72N2_FVBT,AI Agent 工程师,南京某中型互联网公司,100-499人,互联网,硕士,3-5年,,50-70K·14薪,南京,,2026-05-27 20:04:12
d597d37ec5d0c88d0nd-3929F1BR,运维工程师,广州美保科技,100-499人,互联网金融,本科,5-10年,,12-22K·14薪,南京,,2026-05-27 20:04:33
94c801ca7f0401000nV939q9EFNS,运维工程师,江苏同润,20-99人,通信/网络设备,大专,1-3年,"网络运维, 计算机相关专业, 通信相关专业, 网络安全相关经验",6-8K·13薪,南京,,2026-05-27 20:04:33
5dd79c62e10bcd841HJ83NS9EFVW,技术/运维工程师（江宁供电局）,华淼电力,100-499人,仪器仪表/工业自动化,大专,1-3年,C1驾照,5-6K,南京,,2026-05-27 20:04:55
726a568e754d8d9e03193tu_EVZY,运维工程师,江苏多普勒信息科技,0-20人,计算机/通信/其他电子设备,本科,1-3年,,4-6K,南京,,2026-05-27 20:04:55
29bd05b076475b2f1HF_2dW6GVdY,运维工程师,分析仪器厂,100-499人,仪器仪表,大专,1-3年,"VOCS, CEMS, 在线气体分析",6-7K,南京,,2026-05-27 20:04:55
f07b358860258e0603x53dW8GFdQ,运维工程师,南京和贤,20-99人,通信/网络设备,大专,1-3年,"网络运维, 计算机相关专业, 运维经验",6-10K,南京,,2026-05-27 20:04:55
17939043d7cf7c9b0nB43966E1tU,数据运维工程师,映易传媒,100-499人,广告/公关/会展,本科,1-3年,,10-15K,南京,,2026-05-27 20:04:55
c0b0711fc9d6d4390nV729i8FVVQ,实施工程师,南京瑞群智联信息科技,20-99人,计算机服务,本科,1-3年,"防火墙, MySQL/Oracle, Linux, TCP/IP, openstack, 计算机相关专业, 交换机",8-12K,南京,,2026-05-27 20:05:16
b775cbe3927888c30nV939-8EFtQ,运维工程师,南京诺飞尔信息科技,100-499人,互联网,本科,3-5年,,10-15K,南京,,2026-05-27 20:05:16
d53f52a2a6c02a690nB-39S7FVNZ,硬件维护工程师,一目科技,100-499人,智能硬件,本科,3-5年,,25-40K·16薪,南京,,2026-05-27 20:05:16
ff6f34037067b26c0nZz2ty-EVNY,ERP 系统运维与 AI 大数据应用工程师,江苏世泰新创科学仪器,500-999人,医疗器械,本科,3-5年,"系统运维, IDC机房运维, 运维开发/DevOps, MySQL/Oracle, Docker, 计算机相关专业, 运维经验, 运维开发经验, 网络安全相关经验, 大数据运维经验, AI",12-17K,南京,,2026-05-27 20:05:16
bec826054d9a100e0nRz0tq-FVdS,运营工程师,砂之船奥莱南京公司,100-499人,批发/零售,学历不限,1-3年,"监控室值班, 电子/电气/自动化相关专业, 排班制, 2年以上工作经验",6-8K,南京,,2026-05-27 20:05:16
e0fc9ffda37ae4ee0nB63tu8FVtV,数字化运维工程师,绿城服务,1000-9999人,生活服务(O2O),大专,经验不限,,5-6K,南京,,2026-05-27 20:05:37
dfea81ab6bf42b460nB62tS_EFZZ,运维工程师,江苏安智,20-99人,其他生活服务,大专,1-3年,,15-20K·13薪,南京,,2026-05-27 20:05:37
f65efaf4450069500ndz3N2_EVBW,运维工程师,乐在支付有限公司,20-99人,互联网,本科,5-10年,,15-25K,南京,,2026-05-27 20:05:37
cb80fc51425883a50nB42du5EVpR,云平台运维工程师（C端/电商行业优先）,Cupshe,500-999人,电子商务,本科,1-3年,"阿里云, 电商行业优先, C端项目经验, Docker, 运维开发/DevOps, 运维开发经验, 计算机相关专业, 运维经验, AWS, Kubernetes",10-13K,南京,,2026-05-27 20:05:37
378fdc697bbe6e4b03N73N21FFQ~,现场调试工程师,国电南思,100-499人,计算机软件,本科,经验不限,"运维, Linux, MySQL",5-8K,南京,,2026-05-27 20:05:58
108fa8842789a9e30nB62d-_GFVZ,通信网络&系统平台驻场运维工程师,江苏安瑞讯,0-20人,通信/网络设备,大专,1-3年,,5-7K,南京,,2026-05-27 20:05:58
efe14bd315d792740ndy39q7EVpW,运维工程师（南京驻场）,中电科安全,20-99人,计算机软件,本科,1年以内,"网络运维, 系统运维, 运维开发/DevOps, 实施交付运维, Java, Python/Shell, Ansible/Salt/Puppet, MySQL/Oracle, Docker, 计算机相关专业, 运维经验, 运维开发经验, 网络安全相关经验, 大数据运维经验, Linux",5-6K,南京,,2026-05-27 20:05:58
08ef5db9beda5d340nR53Ni9F1ZU,工业AI部署与运维工程师,顺水达环保,20-99人,环保,本科,3-5年,"网络运维, 系统运维, IDC机房运维, 运维开发/DevOps, 实施交付运维, Java, Python/Shell, MySQL/Oracle, Docker, 计算机相关专业, 电子/电气/自动化相关专业, 运维开发经验, 大数据运维经验",12-22K,南京,,2026-05-27 20:05:58
c2e9d9699519b7410nB-2d-_GVZZ,AI Infra 工程师,某大型互联网公司,100-499人,互联网,本科,3-5年,"Python, Golang, Java, Kubernetes, PyTorch, Docker, 推理优化, 模型服务化, fastAPI, infra",30-50K·15薪,南京,,2026-05-27 20:05:58
c3447e04a6dbb47f0nB50tm7FldQ,运维工程师（K8s方向）,南京拓华商服科技,20-99人,计算机软件,本科,5-10年,"系统运维, 运维开发/DevOps, 实施交付运维, Python/Shell, Nginx, MySQL/Oracle, Docker, Kubernetes, 运维经验, 运维开发经验, 网络安全相关经验, 云平台, 容器云",10-15K,南京,,2026-05-27 20:10:28
9fb59c9597649e050nB639u6GFBZ,Agent 工程师,唐文视讯,20-99人,互联网,本科,5-10年,"Java, Python, Flask, Tornado, Numpy, Kafka, MySQL, Redis, Oracle, MongoDB, Hadoop, 团队管理经验, 架构设计经验, Linux开发/部署经验, 分布式经验, 算计调度, Anget 智能体, 多业务扩展",15-25K·13薪,南京,,2026-05-27 20:11:30
34586dd94d9633f90nVy0961GFJU,运维工程师,国投智能（南京）,100-499人,计算机软件,大专,1-3年,,8-9K,南京,,2026-05-27 20:11:52
75225be819b4ec2f0nVz3dq8GVJT,运维工程师,善果缘,20-99人,自动化设备,学历不限,1-3年,,5-7K,南京,,2026-05-27 20:11:52
03361e9d7deda9360ndy3Ni0FFpV,二次配工程师,华天科技,1000-9999人,其他行业,本科,3-5年,,10-15K,南京,,2026-05-27 20:12:13
3302b490e69cf9e20nd42t-6FlJQ,项目实施运维工程师,同创有云,20-99人,计算机软件,本科,3-5年,"网络运维, 服务器, 交换机",10-15K,南京,,2026-05-27 20:12:13
113aa75e4fb6ae490nd-3di4GFRV,储能运维工程师,上海橡通,20-99人,化工,学历不限,3-5年,高压电工证,7-8K,南京,,2026-05-27 20:12:13
23b1dae2f3c05d2b1XJz29W9EVtY,运维工程师,赫耳斯,20-99人,机电工程,高中,1-3年,IDC机房运维,5-7K,南京,,2026-05-27 20:12:33
4e545ba6d3ac00ae03Z53d2_EFJX,运维工程师,云链智运,0-20人,互联网,本科,,,80-120元/天,南京,,2026-05-27 20:12:33
c08fe4d8a27522a80ndy29y5GFNY,热网系统工程师（高薪双休稳定技术运维）,科唯信,20-99人,自动化设备,本科,1-3年,"实施交付运维, 电子/电气/自动化相关专业",8-13K·14薪,南京,,2026-05-27 20:12:53
f93166997d4872920nB-3tm6GFZW,devops运维工程师,南京派光,100-499人,信息安全,本科,5-10年,"网络运维, 系统运维, 运维开发/DevOps, Python/Shell, Nginx, Redis, MySQL/Oracle, Docker, 计算机相关专业, 运维经验, 运维开发经验, 网络安全相关经验",12-20K,南京,,2026-05-27 20:12:53
739ed10bdf16258a0XJy2N21F1Y~,AI平台开发工程师,华泰证券,10000人以上,互联网金融,硕士,3-5年,"Go, 分布式技术, 容器技术, 云计算, 大数据, 人工智能, Python",20-40K,南京,,2026-05-27 20:13:15
e375e5f8453abd510nZ93t-7EFNX,水处理运维工程师,绿资环境,0-20人,环保,中专/中技,1-3年,,4-9K,南京,,2026-05-27 20:13:15
a1159776380710640nVy2d28FFpY,系统运维工程师,芯云科技,100-499人,半导体/芯片,本科,3-5年,,9-12K·13薪,南京,,2026-05-27 20:13:15
eb3d321ac160c3890nB43Nu1FFpR,现场支持工程师,云信达,100-499人,计算机软件,大专,1-3年,"DBA, 实施交付运维, 通信相关专业, MySQL/Oracle, Docker, 系统运维, 运维开发经验, 计算机相关专业",8-12K,南京,,2026-05-27 20:13:15
984757289b3488981H1_39i7EVZX,云运维高级工程师,翼海云峰,100-499人,大数据,大专,5-10年,华为云,12-20K,南京,,2026-05-27 20:18:25
d9d5cd49fdd7defd0nB-2Ny1FVtX,二线IT运维工程师（服务器硬件技术支持）,云擎数智,100-499人,通信/网络设备,大专,3-5年,"系统运维, IDC机房运维, 计算机相关专业, 通信相关专业, 运维经验, 运维开发经验, 服务器, x86, gpu, 服务器硬件, cpu",12-16K,南京,,2026-05-27 20:18:45
7edc2bc739397c740nRy3Nu6GVRW,交付工程师（服务器）,信创科技,500-999人,计算机硬件,本科,3-5年,,5-10K,南京,,2026-05-27 20:18:45
1e3fd377a65d6e103nN62dq0GFo~,项目现场工程师,南瑞电网公司,10000人以上,其他行业,本科,3-5年,"系统集成, 大数据, 云计算",11-18K,南京,,2026-05-27 20:18:45
37b3a5d26ecb9c500nB-3t61GVdZ,运维工程师（接受较多短期出差）,绛门科技,500-999人,计算机软件,本科,3-5年,"系统网络架构, 无线通信",8-13K,南京,,2026-05-27 20:19:06
9a892fc53d843d9b0H1-2ty7GFQ~,系统集成工程师,竺瑞系统,0-20人,计算机服务,大专,1年以内,"运维工程师, 虚拟机技术, 云计算, 服务器配置, 网络协议, 分布式技术, 网络交换技术, IT服务",5-10K,南京,,2026-05-27 20:19:06
c4ee9817d78c2a210ndy3Ni7FVZR,网络工程师,南京万界数智信息科技,0-20人,互联网,本科,3-5年,"机房网络建设, RoCE, 计算机相关专业, IB（InfiniBand）",13-18K,南京,,2026-05-27 20:19:27
63dd4c656bdfb02d0nB-39u0ElpY,运维工程师,江苏毕方,0-20人,信息安全,大专,1-3年,H3C认证工程师,5-6K,南京,,2026-05-27 20:19:49
bb8fbb237b7498bf0nB42ti5E1dT,初级运维工程师,南京万迅,0-20人,计算机软件,本科,,"网络运维, 系统运维, Java, Python/Shell, 计算机相关专业, 通信相关专业, 电子/电气/自动化相关专业, 大数据运维经验",150-200元/天,南京,,2026-05-27 20:19:49
d247b3d4ab50ea020nR92t-7F1FT,现场运维工程师,江苏东南智能,100-499人,计算机软件,大专,经验不限,,7-8K,南京,,2026-05-27 20:20:10
c5c056e0f53117990ndz3dy_ElFZ,运维工程师,如昼科技,20-99人,计算机软件,本科,3-5年,,7-9K,南京,,2026-05-27 20:20:10
188bd2c0cff7313e03N52969EVJR,运维工程师（政务云项目）,江苏正赫通,20-99人,通信/网络设备,大专,1-3年,,5-7K,南京,,2026-05-27 20:20:10
7bdf7dc38a1453e40nB53N64FlJR,居家办公运维工程师,莱驰斯科技,20-99人,计算机服务,本科,3-5年,"网络运维, Java, Elasticsearch, MySQL/Oracle, 系统运维, 运维开发/DevOps, 运维开发经验, Redis, Python/Shell, 计算机相关专业, 网络安全相关经验",12-16K·13薪,南京,,2026-05-27 20:20:31
ce3a3f7efa7ad6120nB609u6FVtV,运维工程师,南京诺飞尔信息科技,100-499人,互联网,本科,3-5年,,10-15K,南京,,2026-05-27 20:20:52
caadbc0f16b5be2f0nB-3d-_F1RQ,SRE运维工程师（base无锡-车企-稳定）,人瑞网络科技,10000人以上,计算机硬件,本科,5-10年,"运维开发/DevOps, Java, Kubernetes, 计算机相关专业, 运维开发经验, SRE运维",12-15K,南京,,2026-05-27 20:20:52
de30eca4479121fc0nd829W0FFtY,系统运维工程师,德基广场,100-499人,批发/零售,本科,3-5年,,8-11K,南京,,2026-05-27 20:21:12
f85c29f07e84647f0nB42d--GVdZ,咖啡机器人运维工程师,菲柯机器人,20-99人,自动化设备,大专,1-3年,,7-10K,南京,,2026-05-27 20:21:12
938a10b611a713de0nd43tu7E1FW,DevOps运维工程师,南京集萃祀合可信数据,20-99人,人工智能,本科,3-5年,"运维开发/DevOps, MySQL/Oracle, 计算机相关专业, 运维经验, 运维开发经验",10-15K,南京,,2026-05-27 20:21:12
ff205027ef04fe180nB42tu0GFpW,充电桩维修工程师（base南京）,润建股份,1000-9999人,互联网,学历不限,经验不限,,6-10K,南京,,2026-05-27 20:21:32
60e75833d52c97c60nB42t21EFdT,运维工程师,星辰信安,20-99人,互联网,本科,3-5年,"网络运维, PMP, CISP, CISSP, 应急响应, 防火墙",10-13K,南京,,2026-05-27 20:21:32
91ac1292581592440nRz2d-4FVJR,运维工程师,江苏仝创达信息科技,20-99人,计算机软件,大专,3-5年,"实施交付运维, 通信相关专业, MySQL/Oracle, 系统运维, 运维开发经验, Redis, Python/Shell, 计算机相关专业, 运维经验",6-10K,南京,,2026-05-27 20:21:32
3962927d23e7492e03V809S_FlVV,在线设备运维工程师,港能环境,100-499人,计算机软件,大专,1-3年,,5-7K,南京,,2026-05-27 20:21:32
fd3bc9d70c4874be03180tm_EldU,云计算工程师,未迟数字,20-99人,互联网,本科,1-3年,"售前技术支持经验, AWS/Azure/阿里云相关认证, 云服务, 虚拟机技术, 分布式技术, 容器技术",7-10K,南京,,2026-05-27 20:25:40
873367a979e3e22a0nB439i4E1FW,资深座舱域系统 Framework 工程师,奇瑞汽车,10000人以上,汽车研发/制造,本科,5-10年,"Java, Android开发经验, C++, 架构经验, C, 架构设计能力, 计算机/软件工程相关专业, 前端开发经验, 大规模应用开发/维护经验, Kotlin",25-35K·15薪,南京,,2026-05-27 20:26:02
61f41624c60a73a60nd92Nu7FVVX,linux运维工程师,万森科技,0-20人,计算机硬件,本科,1-3年,"网络运维, Nginx, Docker, 大数据运维经验, 系统运维, 桌面运维, Python/Shell, 计算机相关专业, 网络安全相关经验, 运维经验, IDC机房运维, Kubernetes",5-8K·13薪,南京,,2026-05-27 20:26:43
51edeef3baa5a15c0nR62d61EVpY,制冷设备值班工程师,冬暖夏凉,20-99人,其他生活服务,学历不限,1年以内,"制冷与空调运维证, 电工作业证",6-7K,南京,,2026-05-27 20:27:03
cfcfcf12ee2980c003F_3t28FVFY,硬件运维工程师,苏州罗盘科技,100-499人,电子商务,大专,经验不限,,4-5K,南京,,2026-05-27 20:27:03
d6d096e04667d4b40ndy0926FVRX,EMS系统交付工程师,苏州钧灏电力有限公司,20-99人,储能,本科,1-3年,"电力系统交付, EMS系统, 微电网",8-10K·13薪,南京,,2026-05-27 20:27:48
98c9c7e664a92a800nB-29i9FVFW,运维工程师,海致星图,500-999人,计算机软件,本科,1-3年,,10-12K,南京,,2026-05-27 20:28:08
c233daeaaf410aec1Xx_2N6_F1pU,高级运维工程师,小蓝豚网络,0-20人,休闲/娱乐,本科,3-5年,"网络运维, 系统运维",8-13K·13薪,南京,,2026-05-27 20:28:30
5db751c49ca849800nd-3dy_FFtR,技术工程师(苏州区域),江苏正元数币智慧,100-499人,电子/硬件开发,大专,1-3年,计算机相关专业,4-6K·13薪,南京,,2026-05-27 20:28:51
9b7b69bf6ded51290nB42t-5E1NX,交付运维工程师,江苏基久运营分公司,500-999人,互联网,本科,5-10年,,10-13K,南京,,2026-05-27 20:34:21
7089f42177954d0203F62Nu1GVBQ,数据中心运维工程师,万顶,20-99人,医疗器械,本科,3-5年,,8-13K,南京,,2026-05-27 20:34:21
9f6e225d2b18dda90nd70t-0FVZW,运维工程师,郑州赛楠医疗器械,0-20人,计算机软件,大专,1-3年,"网络运维, 系统运维, 实施交付运维, 计算机相关专业, 运维经验, 网络安全相关经验",11-14K·13薪,南京,,2026-05-27 20:35:23
add76481e120cbf11XJ42dq0GFtV,智能化弱电工程师,利维友讯,0-20人,通信/网络设备,大专,3-5年,"网络运维, 系统运维, 实施交付运维, 计算机相关专业, 通信相关专业, 运维经验, 网络安全相关经验, 熟悉智能化各个子系统",4-8K·13薪,南京,,2026-05-27 20:35:23
939f2c4a3e7ac7331nV-39u7F1tS,物联网平台开发工程师,科舸物联,20-99人,计算机服务,本科,1-3年,"Shell, 微服务架构, 容器技术, Redis, NoSQL, MongoDB, 云计算",15-25K·14薪,南京,,2026-05-27 20:35:23
b45e5c75447486380nd83t61EVBV,运维工程师,融云,100-499人,互联网,本科,3-5年,,15-25K·13薪,南京,,2026-05-27 20:36:26
be4bde1206971454031y0928FFRZ,售后支持工程师,英麦尔科技,20-99人,计算机软件,本科,1-3年,"PLM, ERP, 实施交付运维, SCM, 运维经验, SRM",9-14K,南京,,2026-05-27 20:36:47
32bebd15163e5d590nZ42tm6EFJR,产品技术支持工程师-南京（26届校招）,达梦数据库,1000-9999人,计算机软件,本科,在校/应届,"DBA, 计算机相关专业",10-15K,南京,,2026-05-27 20:36:47
49e6e13a35cf7a390nZ93NS1GFNY,运维工程师,审元科技,20-99人,计算机软件,本科,3-5年,,10-14K,南京,,2026-05-27 20:36:47
05723cb7e0ca21c703R83du0ElBR,高级网络运维工程师,聚宁通信,0-20人,通信/网络设备,大专,经验不限,"桌面运维, 网络运维, 系统运维, IDC机房运维, 实施交付运维",6-10K,南京,,2026-05-27 20:37:09
0b199cc13eb670890HZ83N-4Els~,Java实习开发工程师,天猫,10000人以上,互联网,本科,,"Java, 移动端, 云计算",200-400元/天,南京,,2026-05-27 20:37:09
54b70816ba3bf85b0nB73tq1FFtW,驻场安全运维工程师,全博科技,20-99人,信息安全,学历不限,经验不限,网络运维,6-7K,南京,,2026-05-27 20:42:37
2911643e61bd21440nVz2tu_EFBX,电网运维工程师（双休+五险一金）,江行智能,100-499人,互联网,本科,1-3年,"通信相关专业, 系统运维, SQL语言, 计算机相关专业, 熟练Linux操作系统, 电子/电气/自动化相关专业, 运维经验, 负荷管理系统",8-10K,南京,,2026-05-27 20:43:20
82373c32bddcb1ba0nB639i7ElpR,应用系统运维工程师-国.企社招,某中型物联网公司,500-999人,互联网,硕士,5-10年,"系统运维, Docker, k8s, 应用系统运维, 公有云",20-27K·15薪,南京,,2026-05-27 20:43:20
9d875436fdf48bb20nB429i_FlRY,运维工程师助理,南京海阜盛,20-99人,进出口贸易,大专,经验不限,"设备运维, 现场运维",5-7K,南京,,2026-05-27 20:43:40
e1284ec70d7896f90nd-2ti4F1tY,运维工程师,新数讯科技,0-20人,检测/认证/知识产权,大专,,"IDC机房运维, 实施交付运维, 电子/电气/自动化相关专业, 运维经验",150-200元/天,南京,,2026-05-27 20:44:01
e6c1dc1f3c65df100nB40tS7FlJY,实施运维工程师,江苏辉海,100-499人,计算机服务,本科,1-3年,,6-8K,南京,,2026-05-27 20:44:22
654feaf827e3e1ff0nV93dy1EFNZ,Ai Agent 工程师,南京微直觉数字科技,20-99人,互联网,本科,1-3年,Python,15-18K,南京,,2026-05-27 20:44:43
4fc0ffb13b34cdbc1HV72ty9F1VW,运维工程师实习生,电无忧,20-99人,电力/热力/燃气/水利,大专,,电子/电气/自动化相关专业,150-200元/天,南京,,2026-05-27 20:44:43
a5e7a2d9034a5b9b0nZy2du0FFJZ,sre运维工程师（阿里专有云方向）,南瑞信通,1000-9999人,计算机软件,本科,3-5年,阿里专有云,15-30K,南京,,2026-05-27 20:45:04
469a3082de1579fb1HFz3N69EVBW,技术支持工程师,芮捷电子,20-99人,通信/网络设备,大专,经验不限,"系统运维, Docker, 计算机相关专业, 通信相关专业, 电子/电气/自动化相关专业",6-11K,南京,,2026-05-27 20:45:04
008538bc22d0ca3c1nJ-39q7GFdS,技术服务工程师,江苏玫克森环保科...,20-99人,环保,大专,1-3年,"系统运维, 安全运维, 嵌入式技术",5-8K,南京,,2026-05-27 20:45:04
124be4d74332e27e1n183N67GFBY,PCB  Layout 工程师,华朗机电,0-20人,智能硬件,大专,3-5年,"PCB设计, 器件选型, 电路设计, Layout工程师, Altium Designer, Layout设计, 电气布线, 版图设计工程师",10-15K,南京,,2026-05-27 20:45:04
7be463636628943d1XF73tS5ElFU,驻场安全运维工程师,安恒信息,1000-9999人,信息安全,大专,3-5年,"网络运维, Docker, 安全服务, 安全运维",6-10K,南京,,2026-05-27 20:45:25
7f6f23924bae2c281nZ63dW0F1ZW,软件开发工程师,华为,10000人以上,计算机软件,本科,在校/应届,"Linux, Windows, 后端开发, 软件工程师, 计算机软件, 云计算, 大数据",15-20K·14薪,南京,,2026-05-27 20:45:25
b4d66689d888aa3b0ndy0t67GFdX,运维工程师,康测,20-99人,自动化设备,大专,3-5年,,5-8K·13薪,南京,,2026-05-27 20:45:25
6457383a6937c66b03B73t6_FFFX,运维工程师,南京凯睿森电力设备,0-20人,电力/热力/燃气/水利,大专,经验不限,电子/电气/自动化相关专业,5-8K,南京,,2026-05-27 20:45:25
11ea96cf26d0f11b03J63dW7GFNR,Prompt 工程师,Weavi,0-20人,互联网,本科,在校/应届,"深度学习, 大模型算法, 强化学习, 规控算法, 推荐算法, 运筹优化算法, 多模态算法, 融合感知算法, Python, 发表算法相关优秀论文, 参加算法相关竞赛/获奖",11-22K,南京,,2026-05-27 20:50:14
4e9e0dce607df2510nV-2Ni5EFtY,idc运维工程师,深圳本贸,100-499人,机电工程,大专,3-5年,,7-8K,南京,,2026-05-27 20:56:50
f7c49e0f89ac39d10nB53du4GFRX,运维工程师,南京聚沙电力科技,0-20人,其他新能源,大专,经验不限,"通信相关专业, 电子/电气/自动化相关专业, 运维开发经验, 网络安全相关经验, 运维经验",6-9K·13薪,南京,,2026-05-27 20:57:33
09f7a72281a54ed20nB53Ni_E1FZ,信息中心运维工程师,FESCO江苏,1000-9999人,企业服务,硕士,1年以内,"IDC机房运维, Docker, 计算机相关专业, 算力运维, AI集群运维, CPU集群运维",15-21K,南京,,2026-05-27 20:58:35
f51f373f64fe29fe0nB40968ElBT,云计算销售顾问（五险一金，周末双休）,南京全石智能科技,0-20人,人力资源服务,大专,1-3年,"计算机相关学历, 市场营销相关学历, 客户开发与维护, 计算机软件, 对机构 (To B) 销售经验",11-20K,南京,,2026-05-27 21:05:05
2784ca6372db78ea0nB-2tW-ElJW,服务器运维工程师,斯贝达电子,100-499人,半导体/芯片,大专,3-5年,,6-7K,南京,,2026-05-27 21:05:26
12298b3958fddc581Hx83dm8E1pV,云平台运维工程师,浩鲸科技,10000人以上,通信/网络设备,本科,3-5年,"网络运维, 阿里云, 计算机相关专业, IDC机房运维",15-25K,南京,,2026-05-27 21:05:48
1cb8d23fb4f4eb7c1Xd43dW7FFNY,知识图谱研发工程师,禹步信息,20-99人,计算机软件,本科,1-3年,"设备故障诊断, 机器学习算法/工程化经验, 搜索/推荐, 自然语言处理, 计算机相关专业, 深度学习经验, 云计算",20-25K,南京,,2026-05-27 21:05:48
1aef4107aff909320nB53dW6F1VU,运维工程师-电气方向,力德恒业,100-499人,移动互联网,本科,3-5年,"调度, 实施交付运维, 计算机相关专业, 电子/电气/自动化相关专业, 运维经验",7-10K,南京,,2026-05-27 21:06:09
385cdcb9577955dc03d509-_GFZQ,阿里云运维工程师,伊克罗德,20-99人,计算机软件,本科,3-5年,"网络运维, Nginx, 实施交付运维, MySQL/Oracle, 系统运维, Python/Shell, 计算机相关专业, 网络安全相关经验, 运维经验, Kubernetes",10-14K,南京,,2026-05-27 21:06:09
ae0fbc32efa4bf260nV629-4EFBT,数通网络运维工程师,未来网络,100-499人,互联网,本科,1-3年,"网络运维, 实施交付运维, 政务外网, 运维经验",10-15K,南京,,2026-05-27 21:06:09
c061761445a0abb80nRz2N28EVRR,医疗软件运维工程师,南京品德网络信息技术,20-99人,计算机软件,大专,3-5年,"Nginx, 实施交付运维, Docker, 运维经验",7-9K,南京,,2026-05-27 21:06:51
8f99044d74dc6b1f1nZy0tu_FVRU,售后工程师,尚运,20-99人,计算机服务,大专,1-3年,"Oracle, 网络设备, IT服务, 云计算",4-5K,南京,,2026-05-27 21:07:13
d3b3dab74c7f06d903N53968FFBR,运维工程师,维泰铭,100-499人,计算机服务,本科,3-5年,,6-9K,南京,,2026-05-27 21:07:35
64f6ad082a3605cc0ndy3961F1VR,专有云运维工程师,软通动力,10000人以上,计算机软件,大专,3-5年,"Java, DBA, 实施交付运维, Docker, MySQL/Oracle, 运维开发/DevOps, 运维经验, Kubernetes",10-14K,南京,,2026-05-27 21:08:17
6a7e000188e7c65b0nB6292_EFpQ,系统运维工程师,国新健康,1000-9999人,医疗服务,本科,1-3年,"实施交付运维, 系统运维",8-12K,南京,,2026-05-27 21:08:17
099e3754646df0720nd-2t65FVJU,数据中心精密空调运维工程师,江苏力锐斯新能源,100-499人,电子/硬件开发,大专,3-5年,,8-13K,南京,,2026-05-27 21:14:09
0c457ccb9d54702e0nB-3di-FlFQ,运维工程师（按需华北出差）,浩鲸科技,10000人以上,通信/网络设备,本科,3-5年,,9-13K,南京,,2026-05-27 21:14:09
3c186183cb106f7f0nB409W5ElRR,Java高级工程师（运维产品方向）,蓝昊智能,100-499人,智能硬件,本科,3-5年,"运维, 产品设计, 服务器, 数据安全, 日志分析",18-25K,南京,,2026-05-27 21:14:28
efa9d7b779407fb20nB-3tu6E1dY,运维工程师,北京透彻未来科技,20-99人,互联网,大专,3-5年,,5-7K·15薪,南京,,2026-05-27 21:14:49
0f58276544b576410nR_29m9F1ZV,海外高薪IT运维工程师(驻沙特),新疆创先飞信网络科技,0-20人,通信/网络设备,本科,经验不限,"网络运维, MySQL/Oracle, 计算机相关专业, 电子/电气/自动化相关专业",7-10K,南京,,2026-05-27 21:15:10
2942da8cb09e07960nZ93t29E1NT,运维工程师—跨境物流—14薪,深圳讯流国际物流,100-499人,跨境物流,本科,5-10年,,13-18K·14薪,南京,,2026-05-27 21:15:53
480c5d8baef8a0800nV90t2-FlNS,弱电运维工程师,希嘉科技,0-20人,通信/网络设备,大专,1-3年,"系统运维, 实施交付运维, 网络运维, 计算机相关专业, 电子/电气/自动化相关专业, 通信相关专业",4-6K·13薪,南京,,2026-05-27 21:16:34
a232561e40979e901n1_2ty6FlJR,售前工程师（自研+双休+年终）,群顶科技,100-499人,计算机软件,本科,3-5年,"运营商, 数据中心, 云计算",15-25K·13薪,南京,,2026-05-27 21:21:04
dc72aef015a70c6a0nd63dW-EFpW,交付工程师-A755DL,正奇信安,0-20人,信息安全,本科,,,100-120元/天,南京,,2026-05-27 21:21:04
171470bb39c4b99003F50tq4GFdY,运维交付工程师,中科紫东红途,20-99人,人工智能,本科,1-3年,"系统运维, 实施交付运维, Python/Shell, Docker, Kubernetes, 计算机相关专业, 电子/电气/自动化相关专业, 通信相关专业, 运维经验, 运维开发经验",9-14K·14薪,南京,,2026-05-27 21:21:26
e9c8f87ad54f405a0nB52t-8FlNY,驻场运维工程师,南京盛佳建业,500-999人,通信/网络设备,大专,1-3年,"系统运维, 计算机相关专业, 运维经验",5-6K,南京,,2026-05-27 21:21:26
3d9a07ecfa515d920nB53di8EVZR,风功率预测交付运维工程师,南京聚沙电力科技,0-20人,其他新能源,大专,经验不限,"网络, 操作系统，TCP/IP, 功率预测/AGC/远动, 升压站/变电站/风电场, Linux/Shell命令/测试",7-11K·13薪,南京,,2026-05-27 21:21:26
895b95e8e752520703d83Ni_ElpR,初级运维工程师,南京爱文有限公司,0-20人,医疗健康,大专,在校/应届,,2-3K,南京,,2026-05-27 21:21:46
cd0e76a9d7bee2df0HV92di_EFI~,网络数据分析工程师,南京驿网,0-20人,运营商/增值服务,大专,在校/应届,"IT技术支持, 网络设备, 大数据, 游戏, 云计算, IT服务, 项目实施, 解决方案",5-8K,南京,,2026-05-27 21:21:46
e1d5010cac775a0e031z0ty_FFdR,运维工程师--中国移动,奇易米,20-99人,计算机软件,大专,3-5年,"网络运维, 系统运维, 运维开发/DevOps, Python/Shell, Golang, 运维经验, 运维开发经验, 大数据运维经验, 中国移动, 联通, 电信",5-10K,南京,,2026-05-27 21:21:46
9855f94f3beb702c03Ny3du-EFVY,运维交付工程师,HyperAI,20-99人,计算机软件,本科,5-10年,,15-20K·13薪,南京,,2026-05-27 21:22:07
f527b58ccb3383ba0nZ43Nq-GFZV,运维工程师,紫矩技术,20-99人,铁路/船舶/航空/航天制造,大专,1-3年,,8-13K,南京,,2026-05-27 21:22:07
d39ab0a4591939960nRz2t6_ElJY,安防运维工程师,鸿能电力,20-99人,计算机/通信/其他电子设备,本科,1-3年,,6-10K,南京,,2026-05-27 21:22:07
a55c7fb7953fd83a0nZy3Nq6E1FR,现场运维工程师,南京国睿泽达科技,0-20人,通信/网络设备,大专,1-3年,,6-8K·13薪,南京,,2026-05-27 21:22:07
3e003801a986d6d203J72dy9FFNR,中级运维工程师,南京数睿,100-499人,计算机软件,本科,3-5年,,12-16K,南京,,2026-05-27 21:22:07
92217149855176980ndz0ti_F1JY,运维工程师,中科天玑,100-499人,互联网,大专,1-3年,,12-16K,南京,,2026-05-27 21:22:28
c34be5056136545d0nZ-2N-5F1NS,桥梁监测系统维护工程师,桥隧,100-499人,工程施工,大专,经验不限,"计算机相关专业, 运维经验, 网络安全相关经验, 硬件, 物联网, 传感器, 安防系统, 监控",7-12K,南京,,2026-05-27 21:22:28
7927d8f974c9ed7d1HRy3tS4FlNZ,电力运维工程师,万芯动联,20-99人,通信/网络设备,大专,经验不限,"实施交付运维, 通信相关专业, 电子/电气/自动化相关专业",3-7K,南京,,2026-05-27 21:22:28
a0baba1f330f220f03Vy0tW0FltV,数据网络运维工程师,南京客兴厘存储科技,20-99人,大数据,本科,1-3年,"网络运维, 系统运维, IDC机房运维, 运维开发/DevOps, 实施交付运维, 接受实习/在校生投递",8-12K,南京,,2026-05-27 21:22:48
a5267772d9e2787303F83NW9E1JR,运维工程师,广州唐帛,100-499人,电子商务,本科,5-10年,,12-18K,南京,,2026-05-27 21:22:48
d1fb19e8c8dce8bb03Jz2960FFRS,运维工程师（兼职）,阅点点,20-99人,互联网,学历不限,经验不限,,25-30元/时,南京,,2026-05-27 21:22:48
8bbaafe63be9b3bb03N609i5E1dX,兼职运维工程师,厦门聚力优创科技,20-99人,人工智能,大专,1-3年,"计算机相关专业, 通信相关专业, 电子/电气/自动化相关专业, 运维经验, 网络安全相关经验",25-30元/时,南京,,2026-05-27 21:23:08
a322fc744b2aa5fe1XR62NW7EVdW,安装运维工程师,米采,0-20人,智能硬件,中专/中技,经验不限,兼职,5-6K,南京,,2026-05-27 21:23:08
bb54e3b726e02afe0nV739W_GFtT,智能化运维工程师,南京斯拉达信息智...,0-20人,机电工程,大专,经验不限,,4-6K·13薪,南京,,2026-05-27 21:23:50
52a3aaf0acb88ad203B62dW_EltZ,风力发电运维工程师,南瑞水电公司,500-999人,电力/热力/燃气/水利,本科,1-3年,电子/电气/自动化相关专业,9-10K,南京,,2026-05-27 21:23:50
1d8a39fb5d0dac011XJ-2Nq6EVFY,ai算法工程师,Datakey,20-99人,大数据,本科,3-5年,"业务导向, 智能营销/广告, 云计算, Python, TensorFlow/PyTorch, Hadoop/Hive/Spark, 计算机相关专业, 数学/统计相关专业, 机器学习算法/工程化经验",18-30K,南京,,2026-05-27 21:23:50
88a396951574c2271nd639u6GFZZ,运维工程师,先安科技,20-99人,信息安全,大专,3-5年,"负载均衡技术, 网络设备, 车联网",7-12K·13薪,南京,,2026-05-27 21:23:50
1854d6811062540903J629W7F1NX,技术支持工程师,西清南京,20-99人,电力/热力/燃气/水利,本科,3-5年,"自动化测试经验, 变电站自动化系统, 储能EMS系统, 储能, 变电站",10-15K·13薪,南京,,2026-05-27 21:23:50
8991a717dbe18b260ndy3di1FlpY,网络运维工程师,益美沃电子,20-99人,电子/半导体/集成电路,本科,5-10年,"网络运维, 实施交付运维, 计算机相关专业",10-15K,南京,,2026-05-27 21:23:50
9079148fb3e759580nR43Nu6FVRW,运维工程师（安防系统方向）-南京,中兴网信,500-999人,通信/网络设备,大专,1-3年,系统运维,5-6K,南京,,2026-05-27 21:23:50
56c9f38cb07c12f30nB-292_E1pV,运维工程师,超级芯,20-99人,计算机软件,本科,1-3年,,5-10K,南京,,2026-05-27 21:23:50
edd876e0ac93fdc303F83tu0GVRY,运维工程师,万丰铭悦,100-499人,计算机软件,本科,1年以内,,4-5K,南京,,2026-05-27 21:23:50
6e115b49713132031XV62ty9GFdY,运维工程师,恒点,20-99人,在线教育,本科,3-5年,"Shell, Linux, 系统运维, 服务器配置, MySQL, 虚拟机技术, 网络协议, 容器技术",10-15K,南京,,2026-05-27 21:23:50
0ecb11509d354fe80nB-29y6E1JR,SAP运维实施工程师（应届生）,大连智捷企业管理...,100-499人,互联网,本科,1年以内,,6-7K,南京,,2026-05-27 21:30:42
69c879df64e9188d0nZ93dq5E1BS,运维工程师,审元科技,20-99人,计算机软件,本科,3-5年,,10-14K,南京,,2026-05-27 21:31:03
a1e99ec2c51074950ndz2Nq-GVdQ,运维工程师,深圳视专明技术服务,100-499人,互联网,本科,3-5年,"系统运维, 运维开发/DevOps, 实施交付运维, Java, Golang, Ansible/Salt/Puppet, MySQL/Oracle, 计算机相关专业, 通信相关专业, 运维经验, 运维开发经验, 大数据运维经验",5-8K·14薪,南京,,2026-05-27 21:31:46
775ca4fcec2de6dd0nZ_39u1FFJZ,运维工程师（汽车/主机厂/汽车经销商）,英思博锐,20-99人,计算机软件,大专,3-5年,运维经验,6-8K,南京,,2026-05-27 21:32:05
e6e99c813af5c89303F429S0FldZ,运维工程师可应届无经验,中科安芯,0-20人,计算机软件,本科,经验不限,"网络运维, 大数据运维经验, 桌面运维, 计算机相关专业, 网络安全相关经验, 运维经验",4-5K,南京,,2026-05-27 21:39:05
37d4d9711d0c45df1X1_3dm7FlpZ,ai算法工程师,飞七科技,0-20人,人工智能,学历不限,经验不限,"研究导向, 智能驾驶, 语音/图像识别, 云计算, Python",20-40K,南京,,2026-05-27 21:45:41
17bbf148f3953d3e0nB-39y5F1RQ,实施运维工程师,百思奥,20-99人,计算机软件,本科,5-10年,系统运维,9-14K,南京,,2026-05-27 21:54:22
fc3fd7740302e2791HV62tq6F1pT,AI软件开发工程师,华为,10000人以上,计算机软件,本科,1-3年,"语音/图像识别, 云计算, 搜索/推荐, Java, Python, 计算机相关专业, 数学/统计相关专业, 机器学习算法/工程化经验",13-26K·14薪,南京,,2026-05-27 21:55:05
bc34bf6d200193580nd529q-E1VY,运维工程师（DevOps/云原生）,蔚蓝智能科技,100-499人,人工智能,本科,1-3年,"Docker, 系统运维, sre, 运维开发/DevOps, 运维开发经验, GPU集群, Python/Shell, 运维经验, Kubernetes",10-15K,南京,,2026-05-27 22:00:56
4e8e244b928cdcc00nZ50t69ElVT,机器人运维工程师,驭领,20-99人,智能硬件,本科,1-3年,,5-7K·13薪,南京,,2026-05-27 22:10:45
ed663543fbecff6b1XV72d29GVdT,云计算开发工程师,海康威视武汉研发中心,10000人以上,计算机软件,本科,3-5年,"虚拟机技术, 容器技术, KVM, Python, Golang",15-30K·15薪,武汉,,2026-05-27 22:22:57
570f0ed4a673d29703B429u-EFBV,云计算后台开发工程师,腾讯云武汉全资子公司,10000人以上,企业服务,本科,,,150-200元/天,武汉,,2026-05-27 22:22:57
2fae3d28e18999ce031-09S1EFRZ,云计算销售经理,武汉中云微迅,100-499人,互联网,大专,经验不限,,10-12K,武汉,,2026-05-27 22:22:57
b82837985bb831ad1Xd63t21FVBW,云计算平台架构师,易思捷,100-499人,计算机软件,本科,经验不限,"后端工程师, 全栈工程师, 架构师, Java, Spring, 分布式系统开发经验, 计算机/软件工程相关经验, Java开发经验, 负载均衡技术, 网络交换技术, 文件管理系统, 服务器配置, 架构师, 微服务架构, 高级软件工程师, 容器技术",15-25K·13薪,武汉,,2026-05-27 22:22:57
b9313a5f7a4b3dbf03Zz2d25FltQ,云计算,武汉捷讯技术,100-499人,互联网,大专,3-5年,,6-8K,武汉,,2026-05-27 22:22:57
080a8b5155378ade0nd62tS8EFZW,华为HICE云计算工程师,南京格安,1000-9999人,通信/网络设备,学历不限,1-3年,,9-12K,武汉,,2026-05-27 22:22:57
a8d842e5b46bdfe703B429u_ElFV,云计算后台开发工程师,腾讯,10000人以上,互联网,本科,,,150-200元/天,武汉,,2026-05-27 22:22:57
1e481ccdbdbe25781HB_3Nm9FVNU,云计算客户服务工程师,阿里云,10000人以上,互联网,本科,1-3年,云服务,25-40K,武汉,,2026-05-27 22:22:57
1b29f9a4ffd93edf1Hx929W6EFRV,云计算运维,广科汇,20-99人,互联网,大专,1-3年,"网络运维, 系统运维, Docker, MySQL/Oracle, Python/Shell",6-10K,武汉,,2026-05-27 22:22:57
ec4deada9fb3611403V82NW9F1JT,云计算交付工程师,ZStack,100-499人,计算机软件,本科,3-5年,"实施交付运维, 运维经验, 计算机相关专业",10-15K·15薪,武汉,,2026-05-27 22:22:57
c0cecc120fe8dc2a03153di1FVJR,云计算软件研发工程师（实习岗）,九信智能,0-20人,计算机软件,本科,,,100-150元/天,武汉,,2026-05-27 22:22:57
9110b4dc9eeaad461nd43ty8GFtY,武汉腾讯云网络后台开发工程师,腾讯,10000人以上,互联网,本科,3-5年,"Golang, Nginx, 虚拟网络, Kafka, Redis, 网络编程, Linux, MySQL, 运维开发经验, 云计算经验, 架构设计经验, Linux开发/部署经验, Python, 云计算",15-30K,武汉,,2026-05-27 22:23:18
c246e682ed9bf75d0nZ-3dy0ElJS,硬件运维工程师（GPU服务器方向）,武汉世捷通,20-99人,大数据,大专,1-3年,"计算机相关专业, IDC机房运维",5-7K·13薪,武汉,,2026-05-27 22:23:18
493ccaa5ca76c7dd0nd73N67ElFU,运维工程师,武汉晟逸天成电子,0-20人,通信/网络设备,大专,在校/应届,"实施交付运维, 电子/电气/自动化相关专业",5-6K,武汉,,2026-05-27 22:23:18
cae653709e8b657003Z-3NS8FFZW,云网运维工程师,武汉东方云泰网络科技,20-99人,计算机服务,大专,3-5年,,8-10K,武汉,,2026-05-27 22:23:18
81db4d0d81c0bf1d0nB-2d-_GVpU,电器运维工程师（五险一金、双休、包住）,湖北际华实业,0-20人,互联网,学历不限,经验不限,,7-9K,武汉,,2026-05-27 22:23:18
43e4c2b57e938f1e1HN409y1EFdS,虚拟化高级研发工程师,易思捷,20-99人,计算机软件,本科,3-5年,"计算机/网络系统工程师, 虚拟化, 云计算, 存储虚拟化",15-30K,武汉,,2026-05-27 22:23:18
1a3533c23d6f7f910nV62929F1NZ,AGV运维工程师（具备海康HCA证书）,厚诚科技,100-499人,通信/网络设备,大专,1-3年,,7-9K·13薪,武汉,,2026-05-27 22:23:18
aca489f74c005f9d0nB439S4GVJY,系统运维工程师,博彦科技承德有限公司,10000人以上,互联网,本科,经验不限,,17-18K,武汉,,2026-05-27 22:23:18
a772878884e4758a0nB73N69FFZZ,运维工程师,杭州元维智芯技术,20-99人,互联网,本科,1-3年,,10-11K·13薪,武汉,,2026-05-27 22:23:18
ce8cafe6442874bb1HF93N67F1RR,云计算学科负责人,湖北立业宝,20-99人,职业培训,大专,5-10年,"运维开发/DevOps, 实施交付运维, 系统运维, Nginx, Elasticsearch, MySQL/Oracle",15-22K·13薪,武汉,,2026-05-27 22:23:18
015b4388c71396630nVz0tm7GFZW,储能电站运维工程师站长,湖北宇能通,0-20人,动力电池,学历不限,3-5年,"实施交付运维, 系统运维, 运维开发/DevOps, 运维开发经验, 电子/电气/自动化相关专业, 运维经验, IDC机房运维",10-15K,武汉,,2026-05-27 22:23:18
1656b6dee371b5231nZz29W_GVBX,QingStor 存储生态研发工程师,青云科技股份,100-499人,计算机服务,本科,经验不限,"分布式技术, Linux, 云计算, 软件工程师, golang, 分布式存储",12-24K·14薪,武汉,,2026-05-27 22:23:38
8879f04051845c041Hx82N-0EVJR,配电运维工程师,维克多电气,0-20人,进出口贸易,大专,在校/应届,"通信相关专业, 电子/电气/自动化相关专业, 运维经验",5-9K,武汉,,2026-05-27 22:23:38
f6267b6f6fa658cc031-3tW8ElNR,运维工程师,中科朗智,100-499人,计算机软件,学历不限,3-5年,,6-10K,武汉,,2026-05-27 22:23:38
e6d576697b0a05de0nV429S1F1tY,运维-弱电工程师,中金数据,100-499人,计算机服务,大专,1-3年,,8-13K,武汉,,2026-05-27 22:23:38
58e532ef2269395c0nB-2dm0EFZR,联友（东风）-运维工程师,人瑞网络科技,10000人以上,计算机硬件,大专,1-3年,,6-7K,武汉,,2026-05-27 22:23:38
eab6d15826f6b3520nB-3t-1E1JW,AGV设备调试工程师,上海甄速智选人力资源,1000-9999人,其他行业,大专,1-3年,,8-11K,武汉,,2026-05-27 22:23:38
0fca7a67bf3b4e2103Ny3ti6FVVV,运维工程师,武汉睿创天地,20-99人,智能硬件,学历不限,经验不限,"Java, 动手能力, 通信相关专业, 弱电维修, 计算机相关专业, 电子/电气/自动化相关专业, 运维经验, IDC机房运维",4-8K,武汉,,2026-05-27 22:23:38
17e4a5604864218f1nB839q7FFdZ,工业机器人AGV调试工程师,武汉和民智能装备...,20-99人,智能硬件,大专,经验不限,"自动叉车调试, 智能仓储   , 自动化运维, 自动化仓库陪产, 网络协议, 仓储机器人调试",6-11K·13薪,武汉,,2026-05-27 22:23:38
41de9ee0513185b51nZ-2Nu-FVNV,网络工程师,网信安盟,0-20人,信息安全,本科,1-3年,"网络安全, IT服务, 云计算, 网络规划设计, Linux, 故障处理, 深信服设备调试, 网络维护管理",5-8K·16薪,武汉,,2026-05-27 22:23:38
fbe791b963a3af450nB429i_GVtV,后端工程师,三亚小贞智能科技公司,100-499人,大数据,学历不限,经验不限,,8-9K,武汉,,2026-05-27 22:23:38
f1bace86edba9ec20nV52tq5EFJR,制造系统运营值班工程师(J13481),长江存储科技有限...,10000人以上,半导体/芯片,本科,1-3年,,10-15K,武汉,,2026-05-27 22:23:38
5e1c8b759c5c5b7703N809W4GVRY,WCS开发运维工程师,烽火通信,10000人以上,通信/网络设备,本科,3-5年,,15-20K,武汉,,2026-05-27 22:23:59
a6e96cdc1a8739ce1XJy2dS4E1RT,自动驾驶算法工程师,武汉鹤洋科技有限公司,0-20人,智能硬件,本科,1-3年,"业务导向, 智能驾驶, 云计算, Python, C/C++",15-23K,武汉,,2026-05-27 22:23:59
accbe21789a5a1330nB-39W6FltS,运维工程师（弱电安防，枝江）,华铁科为,20-99人,计算机服务,中专/中技,1-3年,"铁路行业, 弱电安防, 系统集成项目",4-5K,武汉,,2026-05-27 22:23:59
bb39115a85a2e9c50nB43NS1GFpW,网络运维工程师-武汉,电科思立,20-99人,计算机服务,本科,经验不限,"网络运维, 系统运维",6-10K,武汉,,2026-05-27 22:23:59
e8abc54ed6b9ecfc0nB439-5F1dR,兼职运维工程师,厦门星鹭启元机器...,20-99人,专用设备,大专,1年以内,"系统运维, 实施交付运维, 通信相关专业, 电子/电气/自动化相关专业, 运维经验",35-50元/时,武汉,,2026-05-27 22:23:59
fd641ccf2483bc5f1Xxy2tW7GFRQ,云平台高级运维工程师,同为股份,1000-9999人,通信/网络设备,本科,5-10年,"Redis, Nginx",13-26K·15薪,武汉,,2026-05-27 22:23:59
da7a3d83d6ea00830nB539W0GVJT,安防运维工程师,深圳优联合创智慧科技,20-99人,计算机服务,本科,1-3年,,4-6K,武汉,,2026-05-27 22:23:59
c1cbf71a642e83c5031-2t-9GVFZ,解决方案工程师,汉桨科技,0-20人,人工智能,大专,5-10年,"人工智能, AI, 技术方案, 大数据, 云计算",10-15K,武汉,,2026-05-27 22:23:59
58b92a0a39dc36230nd42965EVRQ,运维交付工程师,武汉云开智捷科技,20-99人,信息安全,大专,3-5年,"Java, Python/Shell, 计算机相关专业, AIStack",8-10K·13薪,武汉,,2026-05-27 22:23:59
b8402338d944a5a10nRy39S5GVpR,【双休】运维工程师＋有寒暑假,武汉鸿升教育科技,500-999人,培训/辅导机构,大专,3-5年,"Nginx, MySQL/Oracle, 系统运维, 运维开发经验, Redis, Python/Shell, 计算机相关专业, 网络安全相关经验, 运维经验, IDC机房运维",7-12K,武汉,,2026-05-27 22:23:59
64d7743254232eef0ndy2tW4EVJQ,ArkClaw/Agentkit交付工程师,中宇华兴,100-499人,互联网,大专,3-5年,,12-17K,武汉,,2026-05-27 22:23:59
f2dca1a5114f8cf10nB509u7GVpV,运维工程师,加盈机械,20-99人,电气机械/器材,本科,经验不限,"IDC机房运维, 系统运维, 实施交付运维, 大数据运维经验, 运维开发经验, 电子/电气/自动化相关专业, 通信相关专业, 运维经验, 机电一体化, 机器人, 机械工程, 大数据, 物联网",10-15K,武汉,,2026-05-27 22:23:59
7a98bc54f959230103Z63t26GFNZ,兼职运维工程师,厦门聚力优创科技,20-99人,人工智能,高中,1-3年,"桌面运维, 网络运维, 实施交付运维, 计算机相关专业, 通信相关专业, 电子/电气/自动化相关专业, 运维经验, 运维开发经验",30-35元/时,武汉,,2026-05-27 22:23:59
c2608fcf8de3eb330nB72t66E1BU,站点可靠性工程师（SRE） – GPU 与 SLURM,武汉有树,20-99人,云计算,本科,5-10年,,25-30K,武汉,,2026-05-27 22:24:21
b234dd340951286c03xz39m-F1NT,IT运维工程师,海微科技,1000-9999人,汽车零部件,大专,3-5年,,10-15K,武汉,,2026-05-27 22:24:21
8bb378546e47838d0nB70tq5EVZY,AI产品实施工程师,罗盘compass,100-499人,大数据,本科,1-3年,"Docker, Kubernetes, 大数据运维经验",6-10K,武汉,,2026-05-27 22:24:21
d6232efbdd616ad70nd90tu9E1VV,运维工程师,深圳瑞莱保核能技...,100-499人,其他新能源,本科,1-3年,"网络运维, 计算机相关专业",6-7K·13薪,武汉,,2026-05-27 22:24:21
da2085e2af39bdbc0nd909-9FFdW,运维工程师,中至数据集团,100-499人,计算机软件,本科,3-5年,,15-25K,武汉,,2026-05-27 22:24:21
54d5fb2abdd850e21XN62dy0ElFV,大数据算法高级工程师,武汉联影医疗,1000-9999人,医疗健康,博士,3-5年,"业务导向, 云计算, 搜索/推荐, Java, Hadoop/Hive/Spark, TensorFlow/PyTorch, 数学/统计相关专业, 英文读写能力良好, 机器学习算法/工程化经验",30-50K,武汉,,2026-05-27 22:24:21
4e8533138d234aae0nd809q4FFdX,运维工程师学徒工,鸿商机电,20-99人,专用设备,大专,经验不限,计算机相关专业,2-6K,武汉,,2026-05-27 22:24:21
eb991a6f81ec233803B509S1GVZV,空调运维工程师,英维克,1000-9999人,其他行业,大专,经验不限,"IDC机房运维, 数据中心, 精密空调, 设备运维",4-6K,武汉,,2026-05-27 22:24:21
2134e19ebfe6cf550nZ-3dq9FldR,小机工程师,北京电旗,1000-9999人,互联网,大专,5-10年,小机工程师,13-18K,武汉,,2026-05-27 22:24:21
7d70ffd29ebb9cac0nB42N-_FltU,全栈运维工程师,武汉源启科技,100-499人,计算机软件,本科,3-5年,"网络运维, Docker, 桌面运维, Python/Shell, 计算机相关专业, 运维经验",13-18K,武汉,,2026-05-27 22:24:21
ca8c4290a934c5841nRz3du_FVBX,木工封边机技术工程师,武汉赛宝科技,20-99人,机械设备/机电/重工,学历不限,1-3年,木工封边机调试维修,7-10K,武汉,,2026-05-27 22:24:21
669fb9d6dd2e144f03B_39q-F1NU,运维工程师,湖北鲧石物联,20-99人,其他行业,本科,1-3年,,5-7K,武汉,,2026-05-27 22:24:21
9610b9b67e1fc4490nB60t26FldZ,sre运维工程师,光昱智能,100-499人,其他行业,本科,3-5年,,10-15K,武汉,,2026-05-27 22:24:21
e3b9aba8776ce1541nB50ty8ElRS,大数据产品研发工程师,腾讯,10000人以上,互联网,本科,3-5年,"容器技术, Linux, 云计算, 大数据",30-50K·18薪,武汉,,2026-05-27 22:24:42
b4385d9f8d715e660nV93tW_GVBZ,技术工程师（武汉）,交大光芒,100-499人,计算机软件,本科,在校/应届,,4-8K·13薪,武汉,,2026-05-27 22:24:42
c0445f39765d5ea81Hd809S0EFpV,运维工程师（湖北）,鹏能,20-99人,电力/热力/燃气/水利,本科,1-3年,"系统运维, 实施交付运维, 计算机相关专业, 电子/电气/自动化相关专业, 运维经验",6-11K·13薪,武汉,,2026-05-27 22:24:42
94d4b5692df4aa161XV_3ty-ElZU,运维工程师,鄂继,20-99人,电力/热力/燃气/水利,本科,3-5年,"实施交付运维, 通信相关专业, 自动化运维, 电子/电气/自动化相关专业",6-10K,武汉,,2026-05-27 22:24:42
02d2deafb433f26d0nV-09i9ElNR,运维工程师助理,恢弘科技,100-499人,电气机械/器材,本科,1-3年,,6-8K,武汉,,2026-05-27 22:24:42
9a9058bb28d0977f0nZ92tS1GFBU,远程交付工程师,客如云,1000-9999人,计算机软件,大专,1-3年,"PMP, SAAS餐饮, 远程交付, 计算机相关专业",7-10K,武汉,,2026-05-27 22:24:42
a2ca2711fb46b94c1XV_2t65ElpQ,光伏运维工程师,光名科技,20-99人,新能源,中专/中技,1-3年,"光伏, 新能源, 运维工程师",3-5K,武汉,,2026-05-27 22:24:42
4e15ba748527e6bb1HB72N-4FFdX,运维工程师,地大信息,100-499人,计算机软件,大专,5-10年,"软件运维, 计算机相关专业, 安全运维",7-10K,武汉,,2026-05-27 22:24:42
955b69b09f0b22930nd63t-1F1ZQ,运维工程师,北京乐恒科技,100-499人,互联网,本科,1-3年,,8-10K,武汉,,2026-05-27 22:24:42
9b5a35c95290e1890nd43ti0FFRQ,运维工程师,软通动力,10000人以上,计算机软件,本科,5-10年,"Java, 运维经验, 测试, 资料开发",9-12K,武汉,,2026-05-27 22:24:42
0411ac5dd9e0440703Z92NS_EFBZ,信息系统咨询设计工程师,骏灵科技,100-499人,信息安全,本科,经验不限,"政府及公共服务, 公司内部, 计算机软件, IT咨询, 适应长期出差, IT项目管理, 管理咨询, 信息化系统搭建, 文体娱乐, 计算机专业, 客户售前支持, 医疗大健康, 国内咨询机构, 信息化战略规划, 数据分析能力, 大数据, 信息化, 云计算",4-8K,武汉,,2026-05-27 22:24:42
3a9aa091d362c6850nV53dS8E1tW,急招可兼职可全职高级辅助工程师,爱回收,1000-9999人,生活服务(O2O),学历不限,经验不限,,6-7K,武汉,,2026-05-27 22:24:42
97ab4c2595a6dc790nd82dW9GVZT,应用系统运维工程师,立同新元,0-20人,计算机软件,大专,经验不限,,4-6K,武汉,,2026-05-27 22:24:42
96c75d29b5357a240nRy3N28GFdQ,光伏运维工程师,杭楚新能源,20-99人,光伏,大专,1-3年,"光伏, 运维",5-8K·13薪,武汉,,2026-05-27 22:24:42
7625200bb0b780ca0nx72Nm-F1U~,地理信息系统案例开发工程师,武汉大学,1000-9999人,非营利组织,本科,经验不限,"Java, Linux, Windows, 计算机软件, 云计算, 后端开发, Jupyter",12-16K,武汉,,2026-05-27 22:24:42
711077e725bdd5191X143t-5F1JZ,电气运维工程师,武汉惠铖,20-99人,其他行业,学历不限,经验不限,"实施交付运维, 电子/电气/自动化相关专业, 运维经验",4-5K,武汉,,2026-05-27 22:25:03
c97ba171fb6767520nd92d-5FFRW,运维工程师,武汉风与信文化传媒,0-20人,电子商务,大专,1年以内,"网络运维, 计算机相关专业, 运维开发经验",4-7K,武汉,,2026-05-27 22:25:03
5b73fffa8ea0770c1XJ83N27FVVV,视觉算法工程师,新耐视,100-499人,自动化设备,本科,3-5年,"云计算, C/C++, OpenCV, 计算机相关专业, 深度学习经验, 机器学习算法/工程化经验",12-20K,武汉,,2026-05-27 22:25:03
480650cd500468350nB43Nm-FVpX,运维工程师,上海启宇科技有限公司,20-99人,人力资源服务,本科,3-5年,,13-17K,武汉,,2026-05-27 22:25:03
cb492cd41d3d2ded0nB40tS5GVtU,运维工程师（统本）,联合永道,1000-9999人,计算机软件,本科,1-3年,"系统运维, 实施交付运维, 通信相关专业, 电子/电气/自动化相关专业, 计算机相关专业, 运维经验",7-10K,武汉,,2026-05-27 22:25:03
59054b3258f469f21XB73N67GVpX,高级算法工程师,工知,20-99人,互联网,本科,经验不限,"业务导向, 搜索/推荐, 云计算, Java, 计算机相关专业, 数学/统计相关专业, 深度学习经验",20-40K·14薪,武汉,,2026-05-27 22:25:03
7440e7d4f2714b610nV_0t66E1pZ,设备运维工程师,华芯云湖北分公司,100-499人,医疗服务,大专,3-5年,,5-9K,武汉,,2026-05-27 22:25:03
c5cbe466adcf0baa03Bz3964GVtR,系统运维工程师,上海寻元智能科技,20-99人,计算机软件,本科,5-10年,,10-15K,武汉,,2026-05-27 22:25:03
d0fb0a6492a09d141Hd_2N-7FVtR,弱电维保工程师,雄萃网络,0-20人,企业服务,大专,1-3年,"网络运维, 安防, 桌面运维, 计算机相关专业, 电子/电气/自动化相关专业",4-7K,武汉,,2026-05-27 22:25:03
b2c40964c3fb71291HFz2dq0FFtT,网络运维工程师,武汉德发,100-499人,智能硬件,本科,经验不限,"网络运维, HCIP证书, 计算机相关专业, 网络安全相关经验, 运维经验, IDC机房运维",5-7K,武汉,,2026-05-27 22:25:03
0f9ec10edda4893903dz3tq6EFJV,运维工程师,钧恒科技,500-999人,通信/网络设备,大专,3-5年,"网络运维, 桌面运维, 网络安全相关经验, 运维经验",7-10K·13薪,武汉,,2026-05-27 22:25:03
57a75782f2a81d80031509u0EldY,运维售后工程师,建信数据,20-99人,通信/网络设备,大专,1-3年,,4-7K,武汉,,2026-05-27 22:25:03
708cee14f0e6b7f20nB-3ti5FFZV,运维工程师-轮班单休-车企外包岗-线上面试,上海佩航航空科技,500-999人,企业服务,大专,3-5年,"系统运维, Java, Python/Shell, 计算机相关专业, 运维经验",5-6K,武汉,,2026-05-27 22:25:03
337f2043090cbe110nd43t24GFpZ,运维工程师,湖北华大江声科技,100-499人,半导体/芯片,本科,1-3年,"实施交付运维, 系统运维, Python/Shell, Elasticsearch, Docker, 计算机相关专业, 运维经验, 电子/电气/自动化相关专业, 智能硬件, linux, 人工智能, 人形机器人, 四足机器狗",7-8K,武汉,,2026-05-27 22:25:03
f4b7cf623c6c18ff0nZ_39m6FlRZ,运维工程师,海洋无限,500-999人,广告营销,本科,5-10年,,15-25K,武汉,,2026-05-27 22:25:23
5c84289699faa1a21nV92N27FFtX,运维工程师,武汉鑫宏晟,0-20人,互联网,学历不限,1-3年,"机房运维, 系统运维, 桌面运维",4-6K,武汉,,2026-05-27 22:25:23
d99a541737617cca03153Ni_ElRX,技术运维工程师,湖北御建网络,0-20人,互联网,高中,经验不限,"网络运维, 实施交付运维, 系统运维, 桌面运维, 计算机相关专业, 运维经验",4-6K,武汉,,2026-05-27 22:25:23
6d870a7c1eeab7171XB53t2_FVRQ,水、气运维工程师,实辰环保,20-99人,环保,大专,3-5年,"实施交付运维, 环境工程, 系统运维, 环保工程师, 电子/电气/自动化相关专业, 运维经验, 水、气运行维护工程师",5-8K·13薪,武汉,,2026-05-27 22:25:23
924ad18a348eeb5b0nB439m_FVdY,数据运维工程师,映易传媒,100-499人,广告/公关/会展,本科,1-3年,,10-15K,武汉,,2026-05-27 22:25:23
7f9ddbb7495761f00nZy09q7F1BV,现场支持工程师,卓目科技,100-499人,计算机软件,本科,1-3年,,7-12K,武汉,,2026-05-27 22:25:23
697d3b1a0d04374d03x-2dS_FlNV,IT系统/网络工程师,东风卓联数智科技公司,20-99人,计算机软件,本科,3-5年,,8-12K,武汉,,2026-05-27 22:25:23
764738f724c30aff0nVy3ty4F1JV,运维工程师,芯极客,100-499人,计算机软件,本科,5-10年,"网络运维, WMware, IDC机房运维",17-23K·13薪,武汉,,2026-05-27 22:25:23
f73f9dc0da8c596a0nd_3Ny8E1RU,运维工程师 / DevOps（偏安全）,湖北省吉吉魔盒互...,20-99人,互联网,大专,3-5年,"MySQL/Oracle, Linux, 直播/社交/APP, 阿里云ECS/RDS",15-20K,武汉,,2026-05-27 22:25:23
13ad8470360bb8610nB63tm8EFNZ,运维工程师（信息安全）,长飞光纤,1000-9999人,电子商务,本科,3-5年,,15-20K·14薪,武汉,,2026-05-27 22:25:23
11dd802af01cca590nd_2t-0FVdW,中高级运维工程师,中焙食品,500-999人,食品/饮料/烟酒,本科,5-10年,,12-18K,武汉,,2026-05-27 22:25:23
11fc0286a683514b0nRz3Ny9EFVX,运维工程师,易积股份,100-499人,电子商务,高中,1-3年,,6-8K,武汉,,2026-05-27 22:25:23
07b1c3242e31767f1X173d-_EFdT,运维工程师,武汉三相电力科技...,100-499人,电力/热力/燃气/水利,本科,1-3年,"电气, 电力行业, 产品运维",5-7K,武汉,,2026-05-27 22:25:23
723e83092c82979f0nd_0tS4GVJV,运维工程师（SRE）,哈哈零兽,500-999人,人工智能,本科,3-5年,,15-20K,武汉,,2026-05-27 22:25:23
4e6b5403a71fc3c00nZ-0921GFJZ,AI 运维工程师,武汉文晞,0-20人,其他金融业,硕士,1-3年,"网络运维, 系统运维",6-8K,武汉,,2026-05-27 22:25:23
f90ca238b70755ae0nB93Nm-GVE~,技术工程师,优位停车,20-99人,互联网,学历不限,3-5年,"网络运维, 售前咨询, 实施交付运维, 电话客服, 系统运维, 电商客服",4-8K,武汉,,2026-05-27 22:25:45
0e5be453d461daa10nd43N64FFNQ,运维实施工程师,北京科信安技术,20-99人,计算机软件,本科,3-5年,,8-13K,武汉,,2026-05-27 22:25:45
41ba705a3af17df61HN83NS8F1BS,武汉驻场工程师,美煌信息,100-499人,计算机服务,高中,3-5年,系统运维,7-10K,武汉,,2026-05-27 22:25:45
53cea5d9333b5f9003Z_39q5F1tU,运维工程师/双休/六险一金,武汉科信云图,20-99人,计算机软件,本科,经验不限,"大数据运维经验, 系统运维, 运维开发/DevOps, 运维开发经验, 运维经验",5-8K,武汉,,2026-05-27 22:25:45
60832a6d9990c662031-0tq0FldR,售后运维工程师,轻购云科技,100-499人,智能硬件,大专,1-3年,,5-6K,武汉,,2026-05-27 22:25:45
a42215238f7d49411HVz2dy7FlJU,技术工程师,天吴科技,20-99人,企业服务,大专,5-10年,建设、运维、管理,6-11K,武汉,,2026-05-27 22:25:45
1d37c6a42f784f080nB50t29FldV,运维工程师（第三方）,华测导航,1000-9999人,电子/硬件开发,本科,3-5年,,5-6K,武汉,,2026-05-27 22:25:45
27620da95ce5a71e0nZ82d26EFZW,设备运维工程师,武汉锐诺光学科技,20-99人,运营商/增值服务,本科,经验不限,,6-11K,武汉,,2026-05-27 22:25:45
794f4c179c05885403F92Nu_ElFS,高级大数据平台开发工程师,小米科技,10000人以上,互联网,本科,3-5年,"要求数据开发经验, 数据平台开发经验, 大数据引擎开发经验, 数据库内核开发经验, Spark, Flink, Doris/Druid, Presto, MySQL/SQL Server, MySQL原理/源码, Spark原理/源码, Flink原理/源码, Presto原理/源码, Doris原理/源码, Yarn原理/源码, Java, C/C++, 计算机相关专业, 非外包类, 云计算, 数据开发平台, 分布式计算",20-40K·14薪,武汉,,2026-05-27 22:25:45
88eb61a1b6d202f40nZy3Nu9FVtQ,linux高级运维工程师,鑫恒福,20-99人,互联网金融,本科,5-10年,"系统运维, Python/Shell, Nginx, Redis, Docker, Kubernetes, 达梦DCM, 达梦DCP",7-11K,武汉,,2026-05-27 22:25:45
4907a05f6b266fc01XN_2Ni1FFBZ,NLP后台开发工程师,腾讯云,1000-9999人,互联网,本科,3-5年,"Java, C/C++, 机器学习算法/工程化经验, 计算机相关专业, 语音/图像识别, 业务导向, 数学/统计相关专业, 云计算, Python",15-30K,武汉,,2026-05-27 22:25:45
875debc8bc2920140nd50tW8FFpV,GPU高级运维工程师,黑芝麻智能,1000-9999人,半导体/芯片,本科,3-5年,,25-35K·15薪,武汉,,2026-05-27 22:25:45
ada54ecc095198240nB43dy7E1pU,运维工程师（自研/双休）,佰思杰,100-499人,计算机软件,本科,3-5年,"实施交付运维, 网络运维, 系统运维, Python/Shell, Docker, 网络安全相关经验, K8S",10-12K·13薪,武汉,,2026-05-27 22:25:45
a7e6b16ef0aa4aa50nd-3Nu_GVBS,售后运维工程师,武汉长江通信智联,100-499人,互联网,本科,1-3年,"网络运维, MySQL/Oracle, 计算机相关专业, 通信相关专业",7-8K·15薪,武汉,,2026-05-27 22:25:45
121534e622087c510nd50921FlFQ,运维工程师,拓课云,100-499人,计算机软件,本科,3-5年,"Java, DBA, Docker, 运维开发经验, Python/Shell, 计算机相关专业, 运维经验",20-30K,武汉,,2026-05-27 22:25:45
0d513843bc6e888803172t6-F1ZR,实施工程师,灿实,500-999人,生物/制药,大专,1-3年,,6-10K,武汉,,2026-05-27 22:26:06
141ed1d64e9cc3b00ndz3tS7FVtT,运维工程师,国安信息科技,100-499人,计算机软件,本科,1-3年,"系统运维, Docker",8-9K,武汉,,2026-05-27 22:26:06
a145228d9ef462b30nB70t61EVpQ,系统运维工程师,珞安科技,100-499人,计算机软件,本科,1-3年,"虚拟化, 系统运维, 运维开发/DevOps, 运维开发经验, 计算机相关专业, 运维经验",7-9K,武汉,,2026-05-27 22:26:06
5a16dc182790b76c0nRy3961ElFR,维护工程师,武汉泰沃滋,20-99人,通信/网络设备,大专,1-3年,高速机电，交管卡口，通信，监控,5-7K,武汉,,2026-05-27 22:26:06
8cce5e7fed0044730nB52dW9ElVT,运维工程师,武汉感极科技有限公司,0-20人,互联网,本科,经验不限,,5-7K,武汉,,2026-05-27 22:26:06
cc38e08a226eb10a0nd70ty7F1FT,运维工程师（环境监测）,武汉天虹,500-999人,仪器仪表,大专,经验不限,,6-7K,武汉,,2026-05-27 22:26:06
7718d3eacab22b0c03x709u_FlFW,运维工程师（社保+带薪旅游+有人带）,融智博,500-999人,银行,学历不限,3-5年,"系统运维, 桌面运维, IDC机房运维",6-10K,武汉,,2026-05-27 22:26:06
8bbce89a5e471cbf1X1z2t2-FVRU,软件算法工程师,华为终端有限公司,10000人以上,互联网,本科,经验不限,"Java, C/C++, 机器学习算法/工程化经验, 计算机相关专业, 语音/图像识别, 无明显侧重, 深度学习经验, 云计算, Python",15-30K·15薪,武汉,,2026-05-27 22:26:06
bde1e64897ffe90c0nB-2t6_GVRX,软件运维工程师,武汉三寰科技有限公司,20-99人,计算机服务,大专,1-3年,,6-8K·13薪,武汉,,2026-05-27 22:26:06
27213c3ae6ba3d3b1XV-2NW4FFRW,运维工程师,维众科技,20-99人,计算机硬件,大专,3-5年,"服务器配置, 网络交换技术, 网络协议, 音视频编解码",5-10K,武汉,,2026-05-27 22:26:06
3c5e13f3977b00160nZ93t-0FFFU,运维工程师,e签宝,1000-9999人,企业服务,本科,3-5年,"Nginx, 实施交付运维, MySQL/Oracle",8-12K,武汉,,2026-05-27 22:26:06
98b368e82edac6de0nZ_2tW9FFFW,运维工程师,诚信威,100-499人,装修装饰,大专,1-3年,,6-8K,武汉,,2026-05-27 22:26:06
57ea5b61fb95fe0e0nZy2dy7EFVR,网络IT工程师,武汉市海王优品健...,100-499人,生物/制药,本科,3-5年,"网络运维, 系统运维, Python/Shell, 计算机相关专业, 电子/电气/自动化相关专业, 网络安全相关经验, 运维经验",7-9K,武汉,,2026-05-27 22:26:06
07160cefb14afda41H1y3d64FlBV,水处理调试工程师,九邦环境,20-99人,环保,大专,1-3年,"环保, 安装调试, 污水处理, 实施交付运维, 水处理, 渗滤液",6-9K,武汉,,2026-05-27 22:26:06
364ee1c47b8368eb0ndz0tW8FVNU,嵌入式Ai部署运维工程师,果然科技,0-20人,互联网,本科,3-5年,"AI部署工程师, ubuntu, 模型调度, 嵌入式工程师, RK3588平台模型转换",10-15K,武汉,,2026-05-27 22:26:06
e38abab15fe11b6f1XJy2tu4F1ZS,交通算法工程师,华为云计算,10000人以上,计算机服务,本科,经验不限,云计算,20-40K,武汉,,2026-05-27 22:30:36
9b66b73251d0ba760nB-39i_EFVX,运维工程师,上海能良,1000-9999人,电子商务,本科,5-10年,,12-22K,武汉,,2026-05-27 22:30:36
0c685fbbe6301d550nB-39S7F1FY,运维实施工程师（新能源行业+13薪）,中软国际,10000人以上,计算机软件,本科,1-3年,,9-12K·13薪,武汉,,2026-05-27 22:30:36
39f156dadd04eb4a03Zz3Nm-FFZY,弱电维修工程师,武汉华玺德,20-99人,工程施工,学历不限,1-3年,"安防, 实施交付运维, 消防, 安全运维, 运维经验",5-7K,武汉,,2026-05-27 22:30:57
75147e5008fa5a8d1nFz09m9FltT,交付售后工程师,武汉瑞安,20-99人,企业服务,大专,3-5年,"超融合, 等级保护, 系统调试, 技术沟通, 产品咨询, 网络安全, 网络/通信设备, 云计算",6-10K·14薪,武汉,,2026-05-27 22:30:57
715c59a86667b0da0nB-2929EVNZ,运维工程师（现场一轮面试）,法本,10000人以上,计算机软件,本科,5-10年,"有网络工程师经验, 不需要出差, 5年以上网络工程师经验, CCIE/HCIE等, CCNA/HCIA等, CCNP/HCIP等, 计算机相关专业, 通信相关专业, 大型网络运维, 大型网络实施, 网络架构设计",8-11K,武汉,,2026-05-27 22:30:57
cc8faf506b7fc03a0nB-3dy1FltU,硬件/网络运维工程师,动感光波,100-499人,人工智能,大专,1-3年,"网络运维, 通信相关专业, 大数据运维经验, 系统运维, 运维开发/DevOps, 桌面运维, 计算机相关专业, 网络安全相关经验, 运维经验, IDC机房运维",5-7K,武汉,,2026-05-27 22:30:57
c621330f0c0d4fec0nR509S5GVVQ,运维工程师（登高证&电工证）,武汉智原科技,20-99人,人工智能,大专,1-3年,实施交付运维,5-9K·13薪,武汉,,2026-05-27 22:31:19
be2cc8d05902a58503N60ty5EVRR,继保工程师,智信能科,1000-9999人,风电,大专,3-5年,,8-12K,武汉,,2026-05-27 22:31:19
debe36b0c8cdebf303d52928FVZX,技术支持工程师,淳友智信,0-20人,计算机软件,大专,1-3年,"计算机相关专业, 通信相关专业, 运维经验, 安防, 视频监控",9-14K,武汉,,2026-05-27 22:31:39
c2d46a39f0dd9e190ndz3t67E1JZ,RPA运维工程师/数据分析师,武汉品创乐派,500-999人,电子商务,本科,1-3年,,5-8K,武汉,,2026-05-27 22:31:39
c803904068fb87440nB60t60ElpQ,电气运维工程师,武汉铭睿正鑫汽车...,0-20人,汽车零部件,学历不限,经验不限,,7-9K,武汉,,2026-05-27 22:31:39
6f2e4121b68cf06b0nR_0tW5FlBX,机房值班工程师,捷通智慧科技股份...,500-999人,机电工程,大专,经验不限,"倒班制, 数据中心",4-5K,武汉,,2026-05-27 22:31:39
d9abdce12620f19e1nZ90tm9FVpS,网络工程师,延为,0-20人,通信/网络设备,大专,1-3年,"CCNP证书, 网络工程师证, 网络设备, 云计算, 网络安全, 交换机配置, IDC维护",4-6K,武汉,,2026-05-27 22:32:01
73c7160a0254664d03J83NS1GFZU,盒马D2-网络运维工程师-武汉 (MJ006722),盒马鲜生,10000人以上,生活服务(O2O),本科,经验不限,"网络运维, 实施交付运维, 计算机相关专业",10-15K·13薪,武汉,,2026-05-27 22:32:01
cb24e260ff600c820nV80tu6ElNV,系统硬件维护工程师,湖北天勤生物科技...,500-999人,其他专业服务,大专,3-5年,,5-8K,武汉,,2026-05-27 22:32:01
0bfc650187ebe7b80nZ_3N-8GVRS,运维实施工程师,国电南瑞,100-499人,计算机软件,本科,1-3年,"实施交付运维, 通信相关专业, MySQL/Oracle, 系统运维, 运维开发经验, 计算机相关专业, 运维经验",6-11K,武汉,,2026-05-27 22:32:21
0f837f8536e63c4a1Hx-39y-FVVQ,技术工程师,中科技达,20-99人,计算机/通信/其他电子设备,本科,1-3年,"气象仪器, 现场调试, 仪器调试",6-9K·13薪,武汉,,2026-05-27 22:32:21
de21cab1751c51371XB43N-4EVJT,售前工程师,湖北瑞信天成通信,20-99人,运营商/增值服务,本科,3-5年,"云计算, 云服务",5-8K,武汉,,2026-05-27 22:32:21
e1e3de59ac315a5b0nB-3tS8F1pV,实施工程师（偏运维/需要出差）,方寸无忧,100-499人,企业服务,本科,1-3年,"Python/Shell, 运维经验, 大数据运维经验, 网络安全相关经验",7-10K,武汉,,2026-05-27 22:32:21
deeb63d2d61446770nV-2tu-FVNZ,办公运维工程师,武汉易晨创想,20-99人,计算机软件,大专,1-3年,,5-7K,武汉,,2026-05-27 22:32:44
48ab15109597dd240nZ92Ni8FlJU,高级数据库工程师,武汉三人行网络安...,0-20人,信息安全,高中,1-3年,,200-400元/天,武汉,,2026-05-27 22:32:44
cacc9f97e84e30971Xx_09S0FlJV,视觉算法工程师,华工赛百,100-499人,计算机软件,硕士,5-10年,"无明显侧重, 语音/图像识别, 云计算, 数学/统计相关专业, 机器学习算法/工程化经验, 有国际期刊/会议论文发表",25-35K·14薪,武汉,,2026-05-27 22:32:44
7f09436525befc300nZ_3NW0E1pQ,云桌面运维工程师（驻场长存）,联想云领,1000-9999人,计算机硬件,大专,3-5年,桌面运维,5-7K,武汉,,2026-05-27 22:33:06
40b593708942ef5c0ndy2dq0FFZR,运维工程师,理工光科,100-499人,通信/网络设备,本科,1-3年,,6-7K·13薪,武汉,,2026-05-27 22:33:06
44d3205c54138f060nB709S-EVRV,运维工程师,红星杨科技,100-499人,其他行业,本科,5-10年,,10-15K,武汉,,2026-05-27 22:33:06
2b38192274bf3e720nB40965FVpX,运维工程师,上海万欣科技,100-499人,计算机软件,本科,在校/应届,"系统运维, 实施交付运维, MySQL/Oracle, 计算机相关专业, 运维经验",5-7K·13薪,武汉,,2026-05-27 22:33:27
d6a8e18dce2a3e600nB43t6_EFVY,IT-服务器运维工程师,武汉帕西尼感知科技,100-499人,人工智能,大专,3-5年,,6-8K,武汉,,2026-05-27 22:38:57
1ed2f6df31b317cf0nB72ty_EVRY,运维工程师-实习生（27届）,武汉星睿创客传媒,1000-9999人,电子商务,本科,1年以内,"网络运维, 系统运维, 计算机相关专业, 通信相关专业, 电子/电气/自动化相关专业, 运维经验",3-4K,武汉,,2026-05-27 22:39:19
d237fba4f29eb6a503V63tS5ElZV,服务器存储工程师,讯发科技,20-99人,通信/网络设备,本科,3-5年,"通信相关专业, 计算机相关专业, 网络安全相关经验, 运维经验, IDC机房运维",6-8K,武汉,,2026-05-27 22:39:40
6ea9800372bac9900nB53dS0EVtY,驻场服务工程师,武汉鑫卓雅,0-20人,计算机/通信/其他电子设备,大专,经验不限,"实施交付运维, 通信相关专业, 桌面运维, 计算机相关专业, 电子/电气/自动化相关专业, 网络安全相关经验",4-5K,武汉,,2026-05-27 22:40:00
8235b1958539ee5f0nB42tW-GFtV,SCRM系统运维工程师,中食优选,100-499人,医疗健康,学历不限,1-3年,,7-10K,武汉,,2026-05-27 22:40:00
64c32b27d8810c9e1nZy0964GVtY,售前售后工程师/技术支持工程师,安盟华御,20-99人,互联网,本科,3-5年,"网络设备, 云计算, 大数据, SaaS, 信息安全",6-10K,武汉,,2026-05-27 22:40:20
288a232a0312a3ee0nB709S6FVBW,运维工程师,地大信息,100-499人,计算机软件,大专,5-10年,"网络运维, 系统运维, IDC机房运维, Docker, 计算机相关专业, 运维经验",7-10K,武汉,,2026-05-27 22:40:20
15f84a1472194e32031429-9E1FX,运维工程师,淇泰科技,0-20人,计算机软件,大专,,,100-150元/天,武汉,,2026-05-27 22:40:20
bf86f9d2a9bdaac90nR60tu6FlpZ,SCRM系统运维工程师,中食健康,100-499人,医疗健康,本科,1-3年,实施交付运维,6-9K,武汉,,2026-05-27 22:40:41
f74bd96ec48b244803N-09y6E1E~,技术服务工程师,YUFO,0-20人,通信/网络设备,本科,3-5年,"网络, 机房运维, 信息安全",5-8K·13薪,武汉,,2026-05-27 22:40:41
16b0c1a1f71848851HB-2NS4EFJT,工程师,武汉明炀,20-99人,计算机软件,本科,1-3年,"实施交付运维, 桌面运维",5-10K,武汉,,2026-05-27 22:40:41
a0e63850f9ee9b7f0nd62di6GVtS,运维工程师-武汉,叮当快药,1000-9999人,医疗健康,本科,经验不限,,10-15K,武汉,,2026-05-27 22:40:41
42d0358a4da030c41XJ83du1E1ZS,运维工程师,武汉优数,0-20人,计算机服务,本科,1-3年,"网络运维, 系统运维, IDC机房运维",7-11K,武汉,,2026-05-27 22:41:02
a3ef110543a24eae1Hx829S1E1dR,SRE 工程师,测度未来,20-99人,电力/热力/燃气/水利,本科,3-5年,"Golang, Java, 通信相关专业, 系统运维, 信息技术, Python/Shell, 计算机相关专业, 电子工程, 运维经验",8-12K,武汉,,2026-05-27 22:41:23
e5d00756a9d5b9351HRy3ti6F1BS,武汉市环保在线监测运维工程师,盛世瑞创环保,20-99人,环保,硕士,3-5年,运维经验,6-10K,武汉,,2026-05-27 22:41:44
ee6115513b3445061HFz2NW5GVNW,云计算后台开发工程师,腾讯,10000人以上,互联网,本科,3-5年,"Python, Golang, Flask, Docker, Kubernetes, MySQL, Redis, Linux开发/部署经验, 微服务经验, 云计算经验, 武汉",15-16K·14薪,武汉,,2026-05-27 22:45:52
968c844436a5eac80nd50tm5FVRQ,华为ASP存储高级工程师,南京格安,1000-9999人,通信/网络设备,学历不限,3-5年,华为ASP,12-15K,武汉,,2026-05-27 22:45:52
59205e2321ca56100nB43d64EFFQ,系统架构师（云计算/桌面云）,博迹信息,100-499人,人工智能,本科,5-10年,"Go, 微服务架构, 分布式技术, 桌面云, 云计算",25-35K,武汉,,2026-05-27 22:45:52
df0a1e7877be006303x709-0ElJY,云计算产品经理,北京浩闰科技有限公司,20-99人,互联网,本科,3-5年,"B端产品, C端产品, 云计算产品",15-30K,武汉,,2026-05-27 22:46:12
391a734c148ae7140nB-3du0ElBU,桌面运维现场工程师【五险一金\全外勤】,易点云,1000-9999人,企业服务,本科,在校/应届,,6-8K,武汉,,2026-05-27 22:46:12
2db259e8f0c17b941HZ73tm5EVpW,ai应用开发工程师,智算云,20-99人,互联网,本科,3-5年,"业务导向, 云计算, Python, C/C++",18-30K·13薪,武汉,,2026-05-27 22:46:32
7f1d40141a92c3c00nB70ti_GFRV,光伏运维工程师,信和机电,100-499人,通用设备,大专,3-5年,,7-8K,武汉,,2026-05-27 22:46:32
571d52dabc548f500nB43d2-EFpR,智算网络运维工程师,神州信息,10000人以上,计算机软件,本科,5-10年,,10-13K,武汉,,2026-05-27 22:46:32
0a373fdccbfee0630nB-3dy_FFpW,运维工程师（要求英语六级及以上）,智化科技,20-99人,生物/制药,本科,1-3年,,7-10K,武汉,,2026-05-27 22:46:54
d83212714c7c9ad00ndz0ti-F1tQ,运维工程师,雷神网络,500-999人,互联网,本科,5-10年,,35-50K·15薪,武汉,,2026-05-27 22:46:54
1bafd480e303d54e0nd-2tu4FVFX,软件实施运维工程师,力德恒业,100-499人,移动互联网,本科,3-5年,"电网, 项目实施, 电力",7-10K,武汉,,2026-05-27 22:46:54
2d92b1a1f931cebd1nJy2dW_E1JX,售前工程师-智慧城市、公共安全领域,豆牛科技,20-99人,计算机软件,大专,3-5年,"IT, 通信, 招投标, 监控, 云计算, 集成方案设计, 智慧城市, 调研需求",7-12K,武汉,,2026-05-27 22:47:14
43bf8d0fed6e10750nVy3dW-EFRZ,运维工程师,武汉市盈丰精电科...,100-499人,企业服务,大专,5-10年,,8-12K,武汉,,2026-05-27 22:47:14
5a5d71769d7911700ndz3dy0ElVT,A股上市-美年健康-运维工程师实习生-27届,美年大健康,1000-9999人,医疗健康,本科,经验不限,,1-2K,武汉,,2026-05-27 22:47:14
4ba277d8e86450090nB-2ti9E1tS,武汉网络运维工程师（急招六险一金）,亿达信息,1000-9999人,计算机软件,本科,3-5年,"网络运维, HCIE, CCNP, HCIP, CCIE",6-8K,武汉,,2026-05-27 22:47:14
7eb9c6a0023b6bee0nd-3tW4GVZX,AI履约工程师（AI巡检工程师）,壹沓科技,100-499人,人工智能,本科,1-3年,"实施交付运维, MySQL/Oracle, Python/Shell, 计算机相关专业, 通信相关专业, 运维开发经验",10-15K,武汉,,2026-05-27 22:47:14
365ac5729aea34e50nB-2Nq9EFtZ,初级软件维护工程师,湖北乐运网络科技,0-20人,同城货运,本科,1-3年,"系统运维, 网络运维, 计算机相关专业, 通信相关专业",7-10K,武汉,,2026-05-27 22:47:36
0260d908153d8aae0ndy3di7FlFS,运维工程师,儒松科技,20-99人,计算机软件,大专,1-3年,,6-10K·13薪,武汉,,2026-05-27 22:47:55
5ac39aaa0254b3580nB5296-FlJV,中级系统运维工程师,新龙嘉盛,20-99人,计算机软件,本科,3-5年,,8-9K,武汉,,2026-05-27 22:47:55
79f2f0db4aa156d203N72dm6FldY,AI运维工程师,小米,10000人以上,互联网,本科,5-10年,"运维开发/DevOps, 网络运维, Docker, Kubernetes, 运维开发经验, AI运维, GPU, containerd",30-45K·15薪,武汉,,2026-05-27 22:47:55
301b02e3708afc450nd509u-GVtR,ERP 运维工程师,国药新创科技发展,100-499人,计算机软件,本科,3-5年,,8-13K,武汉,,2026-05-27 22:47:55
d3bdb73a1390fec903163Nm6FFpR,电子洁净强电运维工程师,华康洁净,1000-9999人,机电工程,大专,5-10年,,15-25K,武汉,,2026-05-27 22:47:55
e36657d93f3422a50ndz29W_FVRV,运维工程师,旗云岱嘉,100-499人,计算机软件,大专,1-3年,,4-8K,武汉,,2026-05-27 22:48:16
9056ff106fa04e1c03B82du6F1FR,电力运维工程师,垒图信息,20-99人,电子/半导体/集成电路,本科,1-3年,国网采集治理,6-11K,武汉,,2026-05-27 22:48:16
6ad7ed274c92551d03183dq9GFZS,停车系统技术工程师（硬件为主）8-12K,尚善风行,100-499人,政府/公共事业,大专,1-3年,"网络运维, 实施交付运维, 电子/电气/自动化相关专业, 运维经验",8-12K,武汉,,2026-05-27 22:48:16
33033c336e677adb03d_3NW4GVpX,高级运维工程师,某中型音视频技术计算机软件上市公司,500-999人,计算机软件,本科,经验不限,,18-25K·14薪,武汉,,2026-05-27 22:48:16
0723f8efd25061320nRy09m7FVtS,运维工程师,海洋无限,500-999人,广告营销,本科,5-10年,,15-25K,武汉,,2026-05-27 22:48:16
2535a576800ae89303d509S_GFVT,系统运维工程师,武汉雷特科技,20-99人,计算机软件,大专,,,80-100元/天,武汉,,2026-05-27 22:48:16
620757ee98de276003x729S_EFVQ,高级运维工程师,缔零科技,20-99人,人工智能,本科,3-5年,"MySQL/Oracle, 系统运维, 运维开发经验, 计算机相关专业, Python/Shell, 运维经验",15-30K·13薪,武汉,,2026-05-27 22:48:37
d16b67b94d7c51a30nB63tW9F1RX,运维工程师（常驻三峡大坝）,湖北科普特智能科技,0-20人,通信/网络设备,大专,1-3年,"桌面运维, 网络运维, IDC机房运维, 计算机相关专业, 通信相关专业, 运维经验, 网络安全相关经验, 打印机/复印机维修经验, 视频会议",4-5K,武汉,,2026-05-27 22:48:37
07637211728b667c0nR93969GVVV,电商运维工程师,名鑫技术,100-499人,互联网,本科,3-5年,,9-14K,武汉,,2026-05-27 22:48:37
25f9f51d997e184e3nV93966GVI~,算法工程师,中云康崇,100-499人,电子/硬件开发,硕士,5-10年,"深度学习算法, 数据分析, 推荐算法, 人工智能, 云计算, 物联网",15-25K,武汉,,2026-05-27 22:48:37
62f831ad09ca0b3e0nV809S-E1pY,运维测试工程师,开普勒卫星科技(...,20-99人,互联网,本科,1-3年,,5-10K,武汉,,2026-05-27 22:48:37
edbed53d6cf1b4e103By0ty1ElNZ,高级运维工程师,湖北数字文旅,100-499人,酒店/民宿,本科,3-5年,,10-15K·14薪,武汉,,2026-05-27 22:48:37
8e80421847999be70nR_09W1E1NS,AI算力一体机技术工程师,长江云通,500-999人,大数据,本科,3-5年,,12-18K,武汉,,2026-05-27 22:48:37
8a468c3bd510cd520nB539-7GVpZ,电力运维工程师,武汉市环路建筑,20-99人,建筑工程咨询服务,学历不限,1年以内,"网络运维, 实施交付运维, 通信相关专业, 运维经验",4-5K,武汉,,2026-05-27 22:48:37
e28d4ba29ac45bef0nR92t--E1JW,超算运维工程师,武汉江夏楚能汽车...,500-999人,汽车研发/制造,本科,5-10年,"网络运维, Ansible/Salt/Puppet, Docker, 系统运维, 运维开发/DevOps, 运维开发经验, Python/Shell, 计算机相关专业, Kubernetes, HPC平台",15-25K,武汉,,2026-05-27 22:48:37
4ffd2ba0284c8eb20nZ83N-7GVdV,实施工程师（D5000）,融汇信息,20-99人,计算机软件,本科,1-3年,,6-11K,武汉,,2026-05-27 22:48:37
2f896ba8cc56a1d71nZy2tS-FlFZ,运维开发工程师,万达信息,1000-9999人,计算机软件,本科,3-5年,"云计算, 运维开发, Python, Shell, 容器技术, Linux, MySQL, 大数据",10-15K·13薪,武汉,,2026-05-27 22:48:57
a8142083063e0c231nJ92d-1GFJT,运维工程师,华特信息,100-499人,计算机服务,大专,3-5年,"网络运维, 数据库、存储、监控, 机房运维, 计算机相关专业, 全光网, 运维经验",4-9K,武汉,,2026-05-27 22:48:57
591543f8a05d15340nB-2Nu8ElVR,高级运维工程师,科大讯飞,10000人以上,互联网,本科,3-5年,"DBA, Python/Shell",20-35K·14薪,武汉,,2026-05-27 22:48:57
d61fa20c02dc90100nR529i4EFpR,运维工程师,九派新闻,100-499人,新闻/出版,本科,5-10年,"网络运维, MySQL/Oracle, 系统运维, 计算机相关专业",12-15K·14薪,武汉,,2026-05-27 22:48:57
9f7469b04e7dbcd90nB62Nq9EltY,虚拟化运维工程师,大连创升科技有限公司,500-999人,计算机软件,学历不限,5-10年,,12-13K,武汉,,2026-05-27 22:53:04
34c755ac5881a0b50nd92967E1VX,vmware虚拟化工程师,阳光雨露,1000-9999人,企业服务,大专,5-10年,,9-12K,武汉,,2026-05-27 22:53:25
24ca48dd1b8443eb0nB53dS_F1VQ,运维工程师【27届】/实习生/桌面运维,武汉星睿创客传媒,1000-9999人,电子商务,本科,,"网络运维, Java, 桌面运维, Python/Shell, 计算机相关专业, 运维经验",100-160元/天,武汉,,2026-05-27 22:53:46
a075a9e4459eefbf0nR639i8E1tU,小米-MES系统运维工程师,小米,10000人以上,互联网,本科,3-5年,,15-25K·15薪,武汉,,2026-05-27 22:54:27
29ace2efb9712c180ndz3Ny5GFdS,运维服务工程师（鄂州市，包住宿）,卫宁健康,1000-9999人,医疗健康,本科,,"实施交付运维, MySQL/Oracle, 计算机相关专业",180-200元/天,武汉,,2026-05-27 22:55:28
626c3c2d7e327bb90nB63d29FVFS,桥梁监测系统维护工程师,桥隧,100-499人,工程施工,大专,1-3年,"安防系统, 硬件, 监控, 计算机相关专业, 物联网, 网络安全相关经验, 传感器, 运维经验",5-10K,武汉,,2026-05-27 22:56:10
fb9194d1d410c6541HNy3tq-EVdR,运维工程师,科瑞格,20-99人,房屋建筑工程,大专,1-3年,"实施交付运维, 电子/电气/自动化相关专业, 运维经验, 空调系统运维",5-8K,武汉,,2026-05-27 22:56:10
fdfaf325c342b5330nB63969GFpQ,弱电集成/智能化运维工程师,众一网诺,20-99人,机电工程,大专,经验不限,,3-4K,武汉,,2026-05-27 22:56:10
c7795a41b63ba1e61nFy0928GFFU,云计算开发工程师,腾讯,10000人以上,互联网,本科,3-5年,"Python, 微服务架构, 容器技术, 后端开发, Linux, go",15-30K·18薪,武汉,,2026-05-29 15:31:30
a92b5e1e7e870c6e0nB_29q0FVtV,技术交付工程师,厚诚科技,100-499人,通信/网络设备,大专,1-3年,,7-11K,武汉,,2026-05-29 15:31:30
d7df538cf184a5da0nB-3Nu0EVZS,风力运维工程师（可无经验）,湖北拓美新域体育文化,0-20人,体育,中专/中技,经验不限,,7-12K,武汉,,2026-05-29 15:31:30
1ba3d6cf7f3bad850nB52924EldW,高级SAP运维工程师（SD/MM）,eSUN易生,500-999人,石油/石化,本科,10年以上,,12-20K·13薪,武汉,,2026-05-29 15:31:30
031aac5aa993814d0nB63dy7FFtY,存储工程师（合肥工作）,讯方技术股份,1000-9999人,计算机软件,大专,1-3年,"HCIP-Storage, 华为存储, HCIE-Storage",7-10K,武汉,,2026-05-29 15:31:52
0893d83cebc5f2171XR43du7F1NX,华为云售前支持工程师,ovsoft,20-99人,计算机软件,大专,1-3年,"虚拟机技术, 云计算",4-8K·13薪,武汉,,2026-05-29 15:31:52
c23b7f258d01b7a20nB-3t6-FFdQ,网络支持工程师,新华三技术有限公司,10000人以上,计算机软件,本科,5-10年,"有网络工程师经验, 甲方企业, 5年以上网络工程师经验, 计算机相关专业, CCIE/HCIE等, 项目管理, 云计算",14-16K·14薪,武汉,,2026-05-29 15:31:52
b0459c5285ec0b510nd93t-0EldR,光伏运维工程师,鸿轩达新能源,0-20人,光伏,大专,1-3年,"系统运维, 光伏电站运维, 光伏板清洗, 工商业光伏, 集中式光伏",6-11K,武汉,,2026-05-29 15:31:52
7c417fe0f0883ce903Bz3tu_ElVZ,技术工程师应届生,唯特迅,20-99人,计算机服务,大专,经验不限,"汽车, 计算机相关专业",4-6K·13薪,武汉,,2026-05-29 15:31:52
79552befad72758c0nB-09q5FFZS,虚拟化运维工程师(VMware虚拟化方向),西安天玑力拓信息技术,500-999人,计算机服务,本科,5-10年,"系统运维, Python/Shell, 通信相关专业, 计算机相关专业, 运维经验",10-15K,武汉,,2026-05-29 15:31:52
cf1be8691dce367a0nB439S-FFJW,系统运维工程师-AI私有化方向,微创软件,10000人以上,计算机软件,本科,5-10年,"实施交付运维, AI私有化方向, Docker, 系统运维, 运维开发/DevOps, 智慧城市, 运维经验, Kubernetes",16-17K,武汉,,2026-05-29 15:31:52
e50a2efc9ef7a3be0nV-39i5GVRS,云平台运维工程师,武汉电动汽车技术,20-99人,企业服务,本科,3-5年,"Docker, MySQL/Oracle, 系统运维, 有阿里云经验, Redis, 计算机相关专业",11-14K·13薪,武汉,,2026-05-29 15:31:52
e6fd1f7fb46577231H1y39y1GVpV,游戏运维工程师,积萃科技,20-99人,游戏,大专,3-5年,"MySQL/Oracle, 系统运维, 计算机相关专业, 运维经验",11-15K,武汉,,2026-05-29 15:32:12
8fcf0ce0065e76b20H142NS0FlU~,系统工程师-武汉,SmartX,100-499人,计算机软件,本科,经验不限,"系统运维, 运维工程师, 云计算, 超融合, 虚拟化, Linux, 分布式技术, 售后工程师",11-22K,武汉,,2026-05-29 15:32:12
c69f5e41621165640nB_29m5E1ZV,智算产品交付工程师,浩鲸科技,10000人以上,通信/网络设备,大专,5-10年,"智算/gpu, 大模型/智能体/ai",12-14K,武汉,,2026-05-29 15:32:12
586ddc61e890903a0nB_2ti8GVpX,维护工程师（26年毕业应届）,卡俄斯星科技,100-499人,计算机软件,本科,在校/应届,,4-9K,武汉,,2026-05-29 15:32:12
178687401104e6cf1nJ_3N26ElZR,服务工程师,广缘家电服务,0-20人,其他专业服务,中专/中技,经验不限,"系统运维, 安全运维, 自动化运维",7-12K,武汉,,2026-05-29 15:32:12
b999fe809eb7ccfb0ndz3dq-EltY,AI 运筹学算法工程师,某中型计算机软件公司,100-499人,计算机软件,本科,5-10年,,20-21K,武汉,,2026-05-29 15:32:12
d769830f2d77c9bc031-2Nq4EVZT,诚聘运维工程师,武汉市盈丰精电科...,100-499人,企业服务,大专,3-5年,,6-10K,武汉,,2026-05-29 15:32:33
fdc512bb4f405c990nRz3t-9EltZ,IT运维/配电工程师（消防证+电工证）,烽火通信,10000人以上,通信/网络设备,大专,1-3年,"高压电工, 低压电工, 运行值班电工, IDC机房运维, 消防设施操作证",6-8K,武汉,,2026-05-29 15:32:33
da1f6477de65f2fc03Fz3ti4GVRX,网络运维工程师,盒马鲜生,10000人以上,生活服务(O2O),本科,1-3年,"网络运维, 实施交付运维, 通信相关专业, 运维开发经验, 计算机相关专业, 网络安全相关经验, 运维经验",11-16K,武汉,,2026-05-29 15:32:33
0bb8c2d1604c49aa03B509i1EFFW,运维值班工程师,英维克,1000-9999人,其他行业,大专,1年以内,"IDC机房运维, 运维经验",4-6K,武汉,,2026-05-29 15:32:33
11b242b221bb09940nB-3N26EldU,诚招高薪新能源充电桩运维工程师,鸿志高测,20-99人,仪器仪表,学历不限,3-5年,"运行维护, 充电桩, 大型充电站, 主板维修, 新能源充电桩",1000-1100元/天,武汉,,2026-05-29 15:32:33
dd99bee79035377e1XR_3dS4Fls~,运维工程师,网盾科技,20-99人,通信/网络设备,大专,经验不限,"Nginx, 网络运维, IT支持, MySQL/Oracle, Linux, 系统运维, 机房运维, 运维开发经验, Redis, 网络安全相关经验, IDC机房运维",4-8K,武汉,,2026-05-29 15:32:53
118ebcab927c12191Hd92N64EVZS,安防运维工程师（五险一金）,武汉达明科技,100-499人,机电工程,大专,1-3年,安防,5-6K,武汉,,2026-05-29 15:32:53
1a8cebf208bf1bb103163Nm6F1ZV,电子洁净暖通运维工程师,华康洁净,1000-9999人,机电工程,大专,5-10年,,15-25K,武汉,,2026-05-29 15:32:53
c6c9a80b3a369ac40nB-09S4FlNS,运维工程师,合提信息科技,20-99人,企业服务,大专,1-3年,"系统运维, 运维经验, 运维开发经验",6-8K,武汉,,2026-05-29 15:32:53
092e0cff056856410nd_2tW_GFVV,精密空调运维工程师,武汉金维技术有限公司,0-20人,互联网,大专,1-3年,,5-8K,武汉,,2026-05-29 15:32:53
7a284e71bce152d90nd-2tm5E1tY,运维工程师,连邦云创科技有限公司,20-99人,计算机软件,本科,1-3年,"实施交付运维, 大数据运维经验, 系统运维, 运维开发/DevOps, 运维开发经验, 计算机相关专业, 运维经验",6-8K,武汉,,2026-05-29 15:32:53
82176c697077cb6d0ndz29i7FFtX,中间件运维工程师,纬致科技北京,10000人以上,计算机软件,大专,5-10年,"系统运维, 运维开发/DevOps, Python/Shell, Redis, Nginx, 运维经验, 运维开发经验, 公有云, 私有云",10-12K,武汉,,2026-05-29 15:32:53
a3ca239c266ab82c0nd_2966FlZY,IT运维高级工程师,烽火通信,10000人以上,通信/网络设备,本科,1-3年,,15-16K,武汉,,2026-05-29 15:32:53
9099ba1d7baad94d1nV60t-8FlRW,安全运维工程师,武汉非尼克斯,20-99人,信息安全,本科,3-5年,"运维, 安全运维, 网络安全",8-12K,武汉,,2026-05-29 15:33:14
778a493eca2494750nB-39m4FFFQ,武汉-软件实施工程师,北软源动,100-499人,计算机软件,本科,3-5年,"计算机相关专业, 通信相关专业, 达梦, 人大金仓",10-12K,武汉,,2026-05-29 15:33:14
cf7a90595839d0f003F83t2_GVJY,slam算法工程师（15-23k）,杭州软通动力天擎...,10000人以上,人工智能,本科,经验不限,"C/C++, R, 业务导向/研究导向, 智能驾驶, 搜索/推荐, TensorFlow/PyTorch, 机器学习算法/工程化经验, 语音/图像识别, 深度学习经验, 云计算, Python, 数学/统计相关专业",11-20K·13薪,武汉,,2026-05-29 15:33:14
2196887e70888df60nB729y5EVNW,运维工程师,华浩环保,20-99人,环保,大专,1-3年,"污水，废气在线设备, 环保在线设备, IDC机房运维",5-10K,武汉,,2026-05-29 15:33:14
c0756f0876833ae90nB509m1EFtS,高级sre运维工程师,点点,1000-9999人,计算机软件,本科,5-10年,"系统运维, Java, 计算机相关专业, 网络安全相关经验, 运维开发经验, Azure, PaaS/IaaS, IoT, SLI/SLO",15-18K,武汉,,2026-05-29 15:33:14
1261604b4edd5dfa0nR63t60FFpS,制造数字化工程师,东风汽车集团股份...,10000人以上,汽车研发/制造,本科,3-5年,,15-25K,武汉,,2026-05-29 15:33:33
d44d11c92e134dba0nVz2Nq4E1RT,运维工程师,云南沁川环境科技...,0-20人,环保,本科,3-5年,,5-8K,武汉,,2026-05-29 15:33:33
486b7be2c60cef990nB-09W9F1tR,运维工程师,三未信安,500-999人,信息安全,本科,经验不限,,8-13K,武汉,,2026-05-29 15:33:33
b857f4e84ae61a2003160tW-GFVT,运维工程师(武汉）,DTCT德塔森特,100-499人,大数据,大专,1-3年,"IDC机房运维, 电子/电气/自动化相关专业, 运维经验",15-25K,武汉,,2026-05-29 15:33:33
caf1948cad6ac5210nB_2tq8ElFU,报表运维工程师,上海光启新程科技,20-99人,计算机软件,本科,3-5年,,7-8K,武汉,,2026-05-29 15:33:54
fdd4c2863f135a730nB63ti7FlNW,系统运维工程师,博远减灾科技,20-99人,仪器仪表,本科,3-5年,"系统运维, 实施交付运维, 计算机相关专业, 通信相关专业, 运维经验, 电子/电气/自动化相关专业, 网络安全相关经验",7-10K,武汉,,2026-05-29 15:33:54
4f8c76ca57c40c9e0nB-0t27E1RS,运维工程师,菁英荟智,20-99人,计算机软件,本科,3-5年,,3-4K,武汉,,2026-05-29 15:33:54
53e8c3dc957c14aa1Xd839q8ElpZ,配电房运维工程师,华辰能源,20-99人,互联网,学历不限,经验不限,"电子/电气/自动化相关专业, 电工证",5-10K,武汉,,2026-05-29 15:33:54
dc575352fc74a6af031y2NW0FFdY,运维工程师,莫央教育网络科技...,100-499人,培训/辅导机构,本科,1-3年,Java,35-40K,武汉,,2026-05-29 15:33:54
75cf508ccb5dcf300nV43tm8EFBW,门店运维工程师（现场面试 大小休）,湖北华旺达,100-499人,互联网,中专/中技,3-5年,"网络运维, 网络安全相关经验, 打印机/复印机维修经验, 弱电",5-6K,武汉,,2026-05-29 15:33:54
cc07c6b864ee908203J63tS_EFdZ,运维工程师(配网业务),武汉亿达力,20-99人,计算机服务,大专,1-3年,"配网, 配网运行",5-10K,武汉,,2026-05-29 15:33:54
68ee530c87e6d8580nB_29-8EVBV,系统运维工程师,武汉明数科技有限公司,0-20人,计算机软件,本科,1-3年,"系统运维, 运维开发/DevOps, 实施交付运维, Python/Shell, Redis, MySQL/Oracle, 计算机相关专业, 运维经验, 运维开发经验, 大数据运维经验",4-6K,武汉,,2026-05-29 15:33:54
1b1bb661c87909df1Hd82dm1GVpZ,运维工程师,华特信息,100-499人,计算机服务,大专,1-3年,网络运维,5-8K,武汉,,2026-05-29 15:34:15
ef4d297473dce262031_2t65FlRX,AI 系统运维工程师,天宇图,20-99人,计算机软件,本科,3-5年,,14-25K,武汉,,2026-05-29 15:34:15
1f3e669b0f4119e80nd609i4FlpS,运维工程师,景创科技,20-99人,计算机软件,大专,3-5年,"网络运维, Nginx, Linux运维工程师, MySQL/Oracle, 高级运维工程师, 运维开发/DevOps, 运维经验",15-20K,武汉,,2026-05-29 15:34:15
8e97a6afc84864460nd439u1ElBV,驻场硬件运维工程师,大石科贸,20-99人,智能硬件,大专,在校/应届,,3-4K,武汉,,2026-05-29 15:34:15
be612156b6ebb8500nd-0ty0FFBU,中高级运维工程师,中焙食品,500-999人,食品/饮料/烟酒,大专,5-10年,"网络运维, 运维开发/DevOps, Ansible/Salt/Puppet, MySQL/Oracle, Docker, Golang, Python/Shell, 计算机相关专业, 通信相关专业, 运维经验, 运维开发经验, 大数据运维经验",12-18K,武汉,,2026-05-29 15:34:15
39b0e67796e0d9bf0ndy09y1EVZS,高级系统运维工程师（无需坐班）,在华国际,20-99人,计算机软件,大专,5-10年,,3000-6000元/月,武汉,,2026-05-29 15:34:35
e63686db98096ef50nZy09-9FFpW,软件运维工程师（湖北）,湖北大数元科技,100-499人,计算机服务,大专,3-5年,,5-6K·13薪,武汉,,2026-05-29 15:34:35
278f4fca4c9463711HN_3ty-F1tY,网络运维工程师,武汉风鹏云上智能科技,20-99人,计算机软件,大专,1-3年,"Linux, Windows",7-10K,武汉,,2026-05-29 15:34:35
4dd16adde5f8a14f0nZ82tS6EFdY,产品运维工程师（现场交付方向）,电擎未来,0-20人,计算机服务,本科,1-3年,"实施交付运维, 电子/电气/自动化相关专业",4-5K·13薪,武汉,,2026-05-29 15:34:35
7ca76bfe702f16bc0ndy2Ny5FFNV,运维工程师,理工光科,100-499人,通信/网络设备,本科,经验不限,,6-11K·14薪,武汉,,2026-05-29 15:34:35
34b931f9e24571441Hx80ty7F1BT,云计算开发工程师,华为技术有限公司,10000人以上,计算机软件,本科,在校/应届,"JVM, Nginx, 大数据经验, C++, 不接受居家办公, 团队管理经验, Docker, MySQL, Hadoop, 云计算经验, Spark, Python",12-15K,武汉,,2026-05-29 15:39:44
0ce7aeaacd89f0c40nZz3NS0F1RW,云计算销售经理（运营商）,佑瞻,100-499人,信息安全,大专,5-10年,"政府/社会团体, 软件/企业服务产品, 对企业/机构（To B）销售经验, 网络安全销售, 云计算销售, 运营商",20-40K,武汉,,2026-05-29 15:39:44
743aa9265da0be831HN93NW0EVVW,云计算讲师,格莱科技,500-999人,计算机软件,本科,3-5年,"系统运维, 实施交付运维, 网络运维, 计算机相关专业, 运维经验",10-13K,武汉,,2026-05-29 15:40:05
8ae39a79248496fd0nZ_3Nm0GFZY,大区运维系统工程师(J13208),星星充电,1000-9999人,其他新能源,大专,3-5年,"电子/电气/自动化相关专业, 业务智能工具运用熟练, 汽车充电桩运维经验, 数据分析经验, 熟练阅读电路图, 精通电气动手操作技能",6-9K,武汉,,2026-05-29 15:40:05
4a69114c8c8dbeb20nB62tu8GFNS,中级运维工程师（k8s，docker，自研）,成都精灵云,100-499人,计算机软件,本科,3-5年,"实施交付运维, Docker, 运维开发/DevOps, 运维开发经验, Python/Shell, 运维经验, IDC机房运维, Kubernetes",12-20K·14薪,武汉,,2026-05-29 15:40:26
77a2ce3cb99d973a03Ny2N27FVtS,ASP华为存储高级工程师,南京格安信息系统,1000-9999人,云计算,学历不限,经验不限,"存储维护, 分布式存储, 集中式存储",13-16K,武汉,,2026-05-29 15:40:26
d1d72e979e4415710nB-2tq8ElNU,网络运维工程师 | 武汉东风研究总院 | 双休,法本,10000人以上,计算机软件,本科,5-10年,"网络运维, 东风有限, 华为/华三/思科, 运维开发经验, 计算机相关专业, 网络安全相关经验, 运维经验, 企业级网络、IE优先",8-10K,武汉,,2026-05-29 15:40:26
6c4f6b3eaf30ad530nB-0t6_EVVW,运维工程师,武汉凌动智硕,20-99人,计算机软件,本科,3-5年,"熟练掌握RDS, 云监控, 熟悉计算与网络, Kafka, 精通阿里云ECS或AWS云",10-15K,武汉,,2026-05-29 15:40:26
4b6fd133d25e688f0nB63tW8FFBY,（双休+五险一金）电网运维工程师,江行智能,100-499人,互联网,本科,1-3年,"电子/电气/自动化相关专业, 运维经验, 计算机相关专业, 电力行业工作经验, Linux操作系统",8-11K,武汉,,2026-05-29 15:40:47
6cc3eb80d3129e800nB52ty6FFtY,运维工程师,讯发科技,20-99人,通信/网络设备,大专,1-3年,"网络运维, 通信相关专业, MySQL/Oracle, Docker, 系统运维, 计算机相关专业, 运维经验, IDC机房运维",7-8K,武汉,,2026-05-29 15:40:47
3371c28a593c52510nB52N-_ElBT,运维工程师,飞托克,1000-9999人,仪器仪表,本科,1-3年,"桌面运维, IDC机房运维, 计算机相关专业",7-10K,武汉,,2026-05-29 15:40:47
b5c31b2c7689bf910nd-2N26FFdY,服务工程师,上海恒驰软件有限公司,100-499人,通信/网络设备,大专,3-5年,"网络运维, Nginx, 实施交付运维, 通信相关专业, MySQL/Oracle, 大数据运维经验, Redis, 计算机相关专业, 网络安全相关经验, 运维经验, IDC机房运维",300-1000元/天,武汉,,2026-05-29 15:40:47
5115e92aff27bde90nd43N67GFZZ,云平台运维工程师,岚图汽车,1000-9999人,新能源汽车,本科,5-10年,"网络运维, 系统运维, 运维开发/DevOps",20-40K,武汉,,2026-05-29 15:41:09
16435b6794e47c6a0ndy3dq9GVtU,实施运维工程师,有云数智,100-499人,互联网,大专,1-3年,,8-10K,武汉,,2026-05-29 15:41:09
8805c5a2dac119c90XFz09S9F1o~,加油站监控安装维护工程师,武汉爱迪科技,100-499人,计算机软件,大专,1年以内,运维监控,5-6K,武汉,,2026-05-29 15:41:09
e034d6bb9d9f51d30nd-29q0GVZU,技术服务工程师-AI大模型/智算,阿里云,10000人以上,互联网,本科,1-3年,"大模型, 算法, 云计算",30-55K·16薪,武汉,,2026-05-29 15:41:30
d7a42898a4b219c40nB539y7FFpQ,AI产品开发工程师实习生,罗盘compass,100-499人,大数据,本科,,"Docker, Linux, LLM, AI平台",80-100元/天,武汉,,2026-05-29 15:41:51
50ebdbdab51a97800nd929u8FVpS,交付运维工程师,SenseTime,1000-9999人,计算机软件,本科,1-3年,"IDC机房运维, 运维开发/DevOps, Docker, 安防, K8S",20-25K·15薪,武汉,,2026-05-29 15:41:51
f93e521d734a31e30ndz3t-0ElVR,维护工程师（金融）,蒋莱科技,100-499人,计算机软件,本科,3-5年,"系统运维, 实施交付运维, Java, 计算机相关专业, 运维经验, Linux, SQL",12-13K,武汉,,2026-05-29 15:42:12
c46f38a2422d53870nV639S7GVZY,运维工程师,知会数字,20-99人,计算机服务,本科,1-3年,"桌面运维, 网络运维, 打印机/复印机维修经验, 会议保障, 音视频, 会议室改造",4-7K·13薪,武汉,,2026-05-29 15:42:32
412413cb21715bc61HVy392_GFZU,运维工程师,壹峰鼎顺,0-20人,智能硬件,大专,1-3年,"网络运维, 实施交付运维, 通信相关专业, 计算机相关专业, 网络安全相关经验, 运维经验, 打印机/复印机维修经验",6-7K,武汉,,2026-05-29 15:42:32
fdb28aca9bf9d0d70nB43960EVNS,初级桌面运维工程师,模态跃迁,20-99人,人工智能,学历不限,经验不限,,5-8K·13薪,武汉,,2026-05-29 15:42:54
2ed3dcbb95fd23321HFy09m7GVtY,运维工程师,英志,20-99人,互联网,大专,5-10年,"系统运维, cka, 运维经验, Kubernetes",8-10K,武汉,,2026-05-29 15:42:54
b8de9bb097c92cc60nZ82dq9GVZW,网络运维工程师,锐动慧科技,20-99人,机电工程,大专,3-5年,,4-7K,武汉,,2026-05-29 15:42:54
f6cf21a0824abc391HN62Ny9F1VR,运维工程师,蓝海华业,100-499人,智能硬件,学历不限,1-3年,"网络运维, 系统运维",6-8K,武汉,,2026-05-29 15:42:54
16d6de62af2c21c20nB_2tu1FFBS,交付工程师,中科驭数,100-499人,计算机服务,本科,1-3年,,15-30K,武汉,,2026-05-29 15:48:00
b0fe30ee6de78db90nB-3t21EVFY,无人驾驶现场工程师,轩逸,1000-9999人,人力资源服务,本科,1-3年,,8-12K,武汉,,2026-05-29 15:48:00
6bff07e5049c317a0nB-09i0FVZW,通信运维工程师,北京讯歌科技,20-99人,通信/网络设备,大专,1-3年,,6-9K,武汉,,2026-05-29 15:48:22
b17bf9dfd54eee7a0nB-0ty1FldU,网络运维工程师,柯莱特集团,1000-9999人,计算机软件,大专,3-5年,"网络运维, IDC机房运维, 网络安全相关经验, 运维经验, 数据中心网络架构, 交换机配置, 服务器接入, 路由协议, 堆叠",12-13K,武汉,,2026-05-29 15:49:04
83df8dc847e8fbba0nB_29m-EFRZ,金蝶云星空运维实施工程师,湖北民本集团有限公司,500-999人,建筑材料,大专,3-5年,,8-12K·13薪,武汉,,2026-05-29 15:49:04
62b96448b98cfb4f1nZ63920FFpU,GO开发工程师,软澈,0-20人,计算机软件,本科,1-3年,"微服务架构, 容器技术, 架构师, 云计算",8-12K,武汉,,2026-05-29 15:49:04
c9f9dc1776ed214903143N65ElBY,现场运维工程师,华云智慧,20-99人,电力/热力/燃气/水利,本科,3-5年,"燃煤电厂等项目经验, 热能工程, 设备运行维护",5-9K,武汉,,2026-05-29 15:50:08
be0fcb0c008f641003x_39y0F1NS,运维工程师,武汉嘉利锦,100-499人,计算机软件,大专,1年以内,"桌面运维, IDC机房运维, Java, 计算机相关专业, 通信相关专业",6-8K·13薪,武汉,,2026-05-29 15:50:51
9004c969023d86300nB62NS4EVNR,信息系统运维工程师（制造业）,金杯电工,1000-9999人,电气机械/器材,本科,3-5年,,5-9K,武汉,,2026-05-29 15:50:51
9d073a519eec986d0nB-09q1GFNV,运维工程师,北京京卫智云科技,20-99人,人工智能,本科,3-5年,"系统运维, 实施交付运维, Nginx, Redis, Elasticsearch, MySQL/Oracle, Docker, 计算机相关专业, 运维经验, 运维开发经验",8-10K,武汉,,2026-05-29 15:50:51
07c99deaff16c9f20nZz29-1GFdS,电力交付运维工程师,新至数碳,100-499人,计算机软件,本科,1-3年,,6-8K,武汉,,2026-05-29 15:50:51
16f0869f11e9c0fa03x63t6-EVJZ,环保在线监测运维工程师,湖北星诚检测有限公司,100-499人,环保,大专,经验不限,"监测, 水质, voc, 设备运维, 废气",5-10K,武汉,,2026-05-29 15:51:13
24986c14bc39ea1d0nB52tm0FFRX,电气运维工程师,蓝汇家政,20-99人,家政服务,学历不限,1年以内,"系统运维, 电子/电气/自动化相关专业, 打印机/复印机维修经验",25-50元/时,武汉,,2026-05-29 15:51:13
2438c38458fc45a50nB53dW6F1FQ,标准交付工程师,厚诚科技,100-499人,通信/网络设备,大专,1年以内,,6-9K,武汉,,2026-05-29 15:55:21
5dabe73bd80fc56f0nB-3N67GVtX,机房运维工程师-上二休二,武汉壹仟科技有限公司,100-499人,通信/网络设备,本科,3-5年,,4-5K,武汉,,2026-05-29 15:55:43
c47aee457ae80f5e1HVz3dW8E1tX,网络运维工程师-武汉,电科思立,20-99人,计算机服务,本科,经验不限,"网络运维, 系统运维",6-10K,武汉,,2026-05-29 15:56:05
9c9420f6f1d19bf90nB_29i9E1ZU,运维工程师（兼职急招）-湖北区域,云积软件,100-499人,计算机软件,大专,1-3年,"网络运维, 实施交付运维, MySQL/Oracle, Docker, 系统运维, 运维开发/DevOps, Redis, 计算机相关专业, 网络安全相关经验, 运维经验, Kubernetes",200-300元/天,武汉,,2026-05-29 15:56:26
9f863c711cab01040nB53Nm5ElFR,高级sre运维工程师（AZURE或腾讯云）,同方鼎欣,1000-9999人,计算机软件,本科,5-10年,"AZURE, 腾讯云, 微软云, 车联网, sre",15-18K,武汉,,2026-05-29 15:56:26
78b728d7f54a19b40nB-3Nm9EltU,大数据平台运维工程师 (MJ000160),多比特,1000-9999人,游戏,本科,3-5年,"Java, 计算机相关专业, 运维经验, 大数据运维经验",16-30K·15薪,武汉,,2026-05-29 15:56:47
100bd9aa2326967e0Xx-3N28FlM~,政企售前工程师,噢易云计算,500-999人,计算机软件,本科,1-3年,"云计算, 系统集成, 桌面虚拟化, 服务器虚拟化, 售前方案设计",9-13K,武汉,,2026-05-29 15:56:47
eaabfd515ce6499e0nB-0tW-EFVX,工程师助理,北京尚易博学教育咨询,20-99人,学校/学历教育,大专,1年以内,,6-7K,武汉,,2026-05-29 15:57:28
e2fd4748fb293f7b0nB-3dW7EVRX,IT 运维工程师,精臣,1000-9999人,智能硬件/消费电子,大专,3-5年,"网络运维, 桌面运维, 系统运维",6-11K,武汉,,2026-05-29 15:58:11
87226ef1d8df080d0nB709S4GVRZ,运维工程师,湖北荣创,20-99人,电力/热力/燃气/水利,本科,3-5年,,6-8K·13薪,武汉,,2026-05-29 15:58:32
e7b8102400b31ded0nB_2tW_GVBS,字节SRE运维工程师,易博互通企服科技,10000人以上,互联网,大专,1-3年,,12-16K,武汉,,2026-05-29 16:03:00
0a34471cb64eb7850nB43964EFtV,网络运维工程师,京邦达贸易有限公司,10000人以上,互联网,本科,3-5年,,11-18K·16薪,武汉,,2026-05-29 16:05:07
fc714543eb0cebd40nZz09q8FVpW,DevOps运维工程师,武汉江夏楚能汽车...,500-999人,汽车研发/制造,本科,1-3年,"网络运维, Ansible/Salt/Puppet, Docker, 系统运维, 运维开发/DevOps, 运维开发经验, Python/Shell, Kubernetes",9-14K,武汉,,2026-05-29 16:05:28
0873e51f818a98890nB_29W8EVJQ,网络运维工程师,武汉源启科技,100-499人,计算机软件,本科,在校/应届,,7-12K,武汉,,2026-05-29 16:10:17
346775992e84eeb30nB52NS1FFNQ,腾讯云运维工程师,泰康之家,20-99人,其他行业,本科,5-10年,,15-18K,武汉,,2026-05-29 16:11:19
cebcf78e13a6d61e1nFy3dW-GVdY,运维工程师,创慧,20-99人,计算机软件,本科,1-3年,"桌面运维, 安全运维, 应用运维",6-9K,武汉,,2026-05-29 16:12:25
6d40d4719a37218b0nZ_3d25GFFQ,实施运维工程师,渤海新能电力,100-499人,电力/热力/燃气/水利,本科,经验不限,,6-8K,武汉,,2026-05-29 16:13:09
5568f343274814e70nB-0t6_ElBS,服务器上门工程师,华誉维诚,500-999人,互联网,大专,1-3年,,6-8K,武汉,,2026-05-29 16:17:40
b05bef5be90d2ea20nZ80925EFJV,系统运维工程师,安徽烽瑞,20-99人,通信/网络设备,大专,1-3年,,5-8K·13薪,武汉,,2026-05-29 16:18:21
6bd71410b9e566900nB50ti9FVJU,网络运维工程师,零日信安,0-20人,信息安全,大专,,"网络运维, 系统运维, 计算机相关专业, 运维经验",120-150元/天,武汉,,2026-05-29 16:19:26
69a82d44756acf2a0nB43tW9FVdS,运维工程师,PPIO,100-499人,云计算,本科,3-5年,"网络运维, 系统运维, 运维开发/DevOps, 计算机相关专业, 运维经验, 运维开发经验, 网络安全相关经验, 大模型API接口联调, 大模型技术接入评测",13-20K·15薪,武汉,,2026-05-29 16:19:46
fe2d17f7666da6050nR72d--GFFR,运维工程师,慧铁科技股份,20-99人,人工智能,本科,3-5年,,8-11K,武汉,,2026-05-29 16:20:06
32b85080c9e233490nB-3d2_EVJU,高级运维工程师,上海能良,1000-9999人,电子商务,本科,5-10年,"大数据运维经验, 运维开发经验, 运维经验",15-25K,武汉,,2026-05-29 16:20:27
57c4af56b8dc691803Fy09q9E1dR,运维工程师,湖北格瑞曼,20-99人,人工智能,本科,1-3年,"系统运维, 运维开发/DevOps, Python/Shell, Golang, Docker, 计算机相关专业, 通信相关专业, 运维经验, 运维开发经验",8-13K,武汉,,2026-05-29 16:20:27
7f8703c27e8afec103V42dy0ElNY,运维工程师,云林科技,20-99人,计算机软件,本科,3-5年,,30-50元/时,武汉,,2026-05-29 16:26:39
0c8a88d99b7249f70nB-2dy1F1pT,运维工程师,中交信捷,20-99人,交通/运输,本科,1-3年,,8-10K,武汉,,2026-05-29 16:26:39
1f81c316a1ad848203Fz09u5EFVS,应用运维工程师,探云科技,20-99人,互联网,本科,1-3年,,6-10K,武汉,,2026-05-29 16:28:25
289ac2c3e52ce47c0nRz0ty9FVBU,运维工程师,烟台东方瑞创达电...,100-499人,计算机软件,本科,1-3年,"电子/电气/自动化相关专业, 电气机械设备运维",6-7K·13薪,武汉,,2026-05-29 16:28:46
e81b1d8c7bd2b13c0nd42t--F1dW,IT运维工程师,万向,100-499人,金属制品,本科,经验不限,"网络运维, 系统运维",6-8K,武汉,,2026-05-29 16:37:02
948105d54a7ed2fc0nB409W-EFtX,运维工程师-汽车行业一线,法本,10000人以上,计算机软件,大专,3-5年,"一线运维, 系统运维, 业务系统答疑, 运维经验",6-9K,武汉,,2026-05-29 16:43:18
fefd290ca1ef14291HN63Ny4F1FY,软件交付工程师,千辰空间科技,20-99人,计算机服务,本科,经验不限,"网络运维, 实施交付运维, 运维开发/DevOps, 运维开发经验, 计算机相关专业, 运维经验",5-10K,武汉,,2026-05-29 16:43:18
b2c6213c265f59790nB409--GVZV,软件集成工程师,云兆智联,20-99人,物联网,本科,1-3年,"系统运维, Python/Shell, 计算机相关专业",8-13K,武汉,,2026-05-29 16:44:01
a1be67423dea259e0nB52tS7F1pS,运维工程师（武汉）,保旺达软件,100-499人,信息安全,本科,3-5年,"系统运维, 实施交付运维, Redis, Nginx, MySQL/Oracle, 运维经验, 审计/分析系统, 日志审计, 数据安全",8-12K,武汉,,2026-05-29 16:44:22
f93158b4d4f37c480nB63Nq0EFVZ,直播基地运维工程师,武汉星睿创客传媒,1000-9999人,电子商务,学历不限,,"IDC机房运维, 网络运维, 桌面运维, 系统运维, 运维经验, 计算机相关专业",100-160元/天,武汉,,2026-05-29 16:50:16
5ca58f5a5eff882f0nB72966ElVT,运维工程师,湖北曲飞软件科技,0-20人,计算机软件,本科,1-3年,"系统运维, MySQL/Oracle, 计算机相关专业, 运维经验, 大数据运维经验",6-7K,武汉,,2026-05-29 16:58:39
e8a5a6ab2e9648860nB_2t-9GFRQ,高级sre运维工程师,金山办公软件,1000-9999人,互联网,本科,5-10年,"系统运维, 运维开发/DevOps, Python/Shell, Golang, 计算机相关专业, 运维经验, 运维开发经验",25-50K·15薪,武汉,,2026-05-29 16:58:59
9a0b90848e6116100nR80ty1EVVR,SRE运维工程师,易博互通企服科技,10000人以上,互联网,大专,1-3年,,12-16K,武汉,,2026-05-29 17:15:21
4fd38eaf93e39c471Hd_3N6_GVA~,复印机维修工程师,世纪晨升数码科技,0-20人,计算机硬件,学历不限,经验不限,"复印机维修, 打印机维修, 电脑维修",4-8K,武汉,,2026-05-29 17:17:27
65f7ac534c41147603x939y1GVZZ,mes工程师,沃尔核材,1000-9999人,原材料及加工/模具,本科,3-5年,,9-14K,武汉,,2026-05-29 17:17:47
a2cdb53893dbe2e50nV93ty9ElZX,运维工程师,税友集团,1000-9999人,互联网,本科,经验不限,"系统运维, MySQL/Oracle, 计算机相关专业",5-7K·14薪,武汉,,2026-05-29 17:18:08
9c8f39b4898636cd0nB-09S_EFVV,系统运维工程师,微创软件,10000人以上,计算机软件,本科,5-10年,,17-18K,武汉,,2026-05-29 17:22:38
7f9639f3052147820nZ93ti-FVdR,运维工程师,南京益生园投资管理,20-99人,互联网,本科,1年以内,"通信相关专业, 系统运维, 计算机相关专业, 运维经验",7-9K,武汉,,2026-05-29 17:24:04
5783629a8a8fe8c60nB_2d-6F1VR,运维工程师,易博互通企服科技,10000人以上,互联网,大专,3-5年,"运维开发/DevOps, 运维经验, 运维开发经验, 互联网toc, python, golang",13-15K,武汉,,2026-05-29 17:30:56
b8dbd2b842d20de6031_0tm-FlVR,电力运维工程师（双休/六险一金）,武汉三相电力科技...,100-499人,电力/热力/燃气/水利,本科,经验不限,"年度体检, 夜班补贴 出差补贴, 年度团建, 餐补 休息室, 电子/电气/自动化相关专业, 六险一金",5-6K·13薪,武汉,,2026-05-29 17:33:04
c171db85fabe38510nR43tS1EVBT,运维工程师-SRE,易博互通企服科技,10000人以上,互联网,大专,3-5年,"Golang, 网络运维, 大数据运维经验, 系统运维, 运维开发经验, Python/Shell, 计算机相关专业, 电子/电气/自动化相关专业, 运维经验, IDC机房运维",15-17K,武汉,,2026-05-29 17:38:16
3a20b932010ff49f0nZ53968FlVZ,驻场运维工程师,知会数字,20-99人,计算机服务,本科,1-3年,"桌面运维, 网络运维, 音视频, 会议室, 会议保障",4-7K,武汉,,2026-05-29 17:41:08
1cc7f6a5487b47dd1XV729q_EFNW,云计算开发工程师,海康威视武汉研发中心,10000人以上,计算机软件,本科,3-5年,"C/C++, 服务端开发经验, 虚拟机技术, 后端, 容器技术, Python",15-30K·15薪,武汉,,2026-05-29 17:45:19
2e819078cb0aa6df1HB50925GFpX,运维工程师（手游）,心悦互娱,20-99人,游戏,大专,3-5年,"网络运维, 系统运维, 运维开发/DevOps, Python/Shell, MySQL/Oracle, Golang, 运维经验, 运维开发经验",5-8K,武汉,,2026-05-29 17:53:41
d03b1fee3f93441203R-3ty-FlJT,IT解决方案工程师,深圳某大型ICT基础设施与智能终端公司,10000人以上,计算机软件,大专,1-3年,"云服务, 招投标经验, 售前技术支持经验, AWS/Azure/阿里云相关认证, 存储, 服务器, 云计算",15-25K·13薪,苏州,,2026-05-29 17:57:30
11e9988a9497c2570nZ_39y8FlpW,工艺工程师,江苏常熟某大型新能源电池公司,1000-9999人,新能源,本科,3-5年,,14-28K·14薪,苏州,,2026-05-29 17:57:30
6531ca42a9691fba0nB_2tW6E1RW,NVH 工程师,上海荼零科技有限公司,0-20人,互联网,本科,3-5年,"制程质量工程师, NVH, LMS Test.Lab, Head",15-20K,苏州,,2026-05-29 17:57:30
5a26c80feacaa69a0nB-39u6FlBQ,CNC数控机床师傅 工程师 自己画图编程 调机,永策机械设备制造,0-20人,分类信息,本科,3-5年,"三菱数控系统经验, 汽车加工经验, MasterCAM, SoildCAM, 要求CNC/数控经验, 其他, 不需要夜班, 数控加工中心经验, PowerMill, 精密零部件加工经验, UG, 自动化零件加工经验, 电脑编程经验, 非标准件加工经验, 西门子数控系统经验, 新代数控系统经验, 不需要倒班, SolidWorks, FANUC数控系统经验",10-14K,苏州,,2026-05-29 17:57:30
af8a2644c3c83ac70nd83dm4GFVY,车身工程师,奥杰汽车,1000-9999人,汽车研发/制造,大专,3-5年,车身系统,12-20K·14薪,苏州,,2026-05-29 17:57:30
e21cfb5b69da61210nd82di1E1RW,工程师,景鑫精密组件,100-499人,金属制品,中专/中技,10年以上,"机械加工制造经验, CNC数控设备经验, 现场工程师（ME）经验, 不需要出差, 液冷件, 宏程式, 探针, cnc加工, 散热器",15-18K,苏州,,2026-05-29 17:57:30
51932107302af2fa0nV53ty0FlBV,高级网络规划工程师,普天设计,100-499人,通信/网络设备,学历不限,经验不限,"核心网, 业务网, 云资源池, 支撑网, 云计算, 云架构, 存储",9-11K,苏州,,2026-05-29 17:57:30
2c56cdd3b101a0b30ndz09W5FVFX,SMT工程师,中创互联,100-499人,计算机软件,大专,1-3年,PCB设计,9-12K,苏州,,2026-05-29 17:57:30
5c237d473a70d3870nB439S7FFFS,工程师,乾拓,0-20人,工程施工,本科,3-5年,"可以配合上夜班, 接受无建筑工程经验, 不需要长期出差/驻场",7-8K,苏州,,2026-05-29 17:57:30
1302431d60daa10a0nB42Ni_GVBY,售后工程师,无锡某中型铁路/船舶/航空/航天制造公司,100-499人,铁路/船舶/航空/航天制造,大专,1-3年,,15-25K,苏州,,2026-05-29 17:57:30
e3f5312b4ade9ce20nB439m5FlBU,labview工程师,耀途盛世智能,0-20人,专用设备,学历不限,经验不限,,12-15K,苏州,,2026-05-29 17:57:30
9b4c67efaf48a2bf0nR639q0ElJW,驱动工程师,长城国际,500-999人,电子/硬件开发,本科,5-10年,"C/C++, Windows驱动开发经验, 笔记本电脑, X86系统驱动",15-16K,苏州,,2026-05-29 17:57:30
5f9d8fc2f13a8d7e0nB40ty9FVNU,硬件运维工程师,急速国际,100-499人,跨境物流,大专,1-3年,"桌面运维, 网络运维, IDC机房运维",9-14K,苏州,,2026-05-29 17:57:30
b9aaffa7015c45630nV_2d6-E1JV,冲压工程师,昆山扬煜精密组件,100-499人,金属制品,学历不限,10年以上,,12-17K·13薪,苏州,,2026-05-29 17:57:30
7adb2673fef915e31HR-2Ni1EVJW,暖通工程师,某大型通信公司,100-499人,通信/网络设备,学历不限,经验不限,"IDC机房运维, 暖通运维",20-23K·15薪,苏州,,2026-05-29 17:57:52
044f0e7f35816f4a0nR50ty6GVpQ,labview工程师,Schnoka,20-99人,汽车研发/制造,大专,5-10年,,15-20K,苏州,,2026-05-29 17:57:52
98e9bb69b28e975b03d509i0EVJS,SLM 工程师,某大型专用设备公司,100-499人,专用设备,本科,经验不限,"机械加工制造经验, AutoCAD, Keyshot, SolidWorks, 不需要出差, 专用机械经验",20-21K,苏州,,2026-05-29 17:57:52
c1e859f558f0b62a0nV52Nu8GFJZ,设备工程师,信阳某大型仪器仪表/工业自动化公司,1000-9999人,仪器仪表/工业自动化,中专/中技,经验不限,,20-21K,苏州,,2026-05-29 17:57:52
599aee1ddb65527903By2d-_GVNR,服务器运维工程师--服务器售后，服务器硬件,北京中科仙络,500-999人,互联网,大专,1-3年,"系统运维, 综合布线, idc, 上下架, IDC机房运维, 服务器售后, 数据中心",5-6K,苏州,,2026-05-29 17:57:52
e8f8817050c79d4b0nB62Nm7FVZW,基础设施运维工程师,苏州某大型半导体上市公司,1000-9999人,半导体/芯片,本科,经验不限,"运维经验, 服务器运维",21-23K,苏州,,2026-05-29 17:57:52
2dc45b17f19951730nd-3N-6E1VR,PCB Layout 工程师,本征信息技术,20-99人,半导体/芯片,学历不限,1-3年,,11-22K,苏州,,2026-05-29 17:57:52
3a58522bbad5f2451nR53dq8FldR,云架构师,飞鸟科技,0-20人,计算机服务,大专,3-5年,"AWS架构师, 公有云技术工程师, AWS技术工程师, 云计算工程师, 公有云工程师",7-12K,苏州,,2026-05-29 17:57:52
c40ff4a1a99f22100ndy09q4FVZV,电机工程师,苏州无界妙控科技,500-999人,其他制造业,本科,1-3年,,20-40K·15薪,苏州,,2026-05-29 17:57:52
7490451682ad08d20nd_09S9F1FT,调试工程师,郑州兜陡商贸有限公司,100-499人,其他制造业,大专,经验不限,,5-6K,苏州,,2026-05-29 17:57:52
7f317ccb3f65bc290nd_3929EFVY,基础设施运维工程师,GLP,1000-9999人,房地产开发经营,中专/中技,3-5年,,15-18K,苏州,,2026-05-29 17:57:52
6fff37c2f5dca01d0ndz0928FFBU,光模块线外测试 FA 工程师,某大型智能硬件/消费电子公司,1000-9999人,智能硬件/消费电子,本科,3-5年,,20-40K,苏州,,2026-05-29 17:57:52
4b129cc6bfb21e780ndy3du7GFpR,服务器维保驻场工程师,志鑫信息技术,100-499人,计算机服务,大专,1-3年,"系统运维, 运维经验",7-8K,苏州,,2026-05-29 17:57:52
ccc32ddc593c5c940nV80tu8FlFT,销售工程师,江苏斯瑞达材料技...,100-499人,新材料,大专,3-5年,"3C, 电子/半导体/集成电路, 商务谈判能力, 消费类电子, 客户开发与维护, 对机构 (To B) 销售经验, 胶带",12-20K,苏州,,2026-05-29 17:57:52
e702f96ace29851b1XJ4292-EFdT,smt工程师,苏州有人,500-999人,电子/硬件开发,大专,3-5年,"PCBA, smt",11-14K·13薪,苏州,,2026-05-29 17:57:52
d89786e121b0d1490ndy3964GVZX,技术 工程师,苏州沃克莱智能科技,20-99人,自动化设备,大专,1-3年,,5-7K,苏州,,2026-05-29 17:58:13
ef191714385da1691XFy3dy7F1VR,运维工程师,江苏国衡,100-499人,医疗服务,大专,3-5年,Orcale,6-9K,苏州,,2026-05-29 17:58:13
cb1f36b65fe68b4a0nZ839y7ElVR,销售工程师,苏州海微新材料,20-99人,电子/硬件开发,本科,经验不限,"售前/售后技术支持, 项目跟踪, 商务谈判能力, 市场拓展能力, 技术转销售, 对机构 (To B) 销售经验, 仪器仪表/工业自动化, 电力/燃气/水利, 电子/半导体/集成电路, 医疗设备/器械, 机械相关学历, 电气相关学历, 微电子相关学历, 市场营销相关学历",11-20K,苏州,,2026-05-29 17:58:13
60b103bce05ba48e0nV73t6_F1pT,QE工程师,冠众电子,20-99人,汽车零部件,大专,1年以内,"IATF 16949经验, 需要出差, QC七大手法, ISO9001经验, 有质量管理经验, 电子/通信经验",7-9K,苏州,,2026-05-29 17:58:13
01809778fd9b062b0nR_2dm9GVZY,应用工程师,OPT,1000-9999人,自动化设备,大专,1-3年,,8-13K,苏州,,2026-05-29 17:58:13
e9a2847b16a6d2e50nZ-2dW5E1FW,质量工程师,太仓世钟汽车配件,100-499人,汽车零部件,大专,3-5年,"一供经验, 零跑客户",7-9K,苏州,,2026-05-29 17:58:13
71234688f541dcef0nd72tm9FldX,硬件工程师,某医疗器械公司,0-20人,医疗器械,本科,5-10年,,25-40K·14薪,苏州,,2026-05-29 17:58:13
935c4a02cf5155770nd-2t25F1pS,销售工程师,江苏华青流体科技,100-499人,金属制品,本科,1-3年,"制定产品/服务方案, 客户开发与维护, 市场信息搜集与分析, 项目跟踪, 售前/售后技术支持, 工业设备销售经验, 业务创新能力, 大中型企业销售经验, 市场拓展能力, 技术转销售, 机械相关学历, 管理相关学历, 市场营销相关学历, 化学化工相关学历, 机械设备/机电/重工",5-8K,苏州,,2026-05-29 17:58:13
ce800141161a98b40nB43969GVNX,机械工程师,某小型人力资源服务公司,0-20人,人力资源服务,本科,3-5年,,20-21K,苏州,,2026-05-29 17:58:13
93955f8066fe3cfc03192Nq5FFo~,销售工程师,苏州雅顿机电科技...,0-20人,仪器仪表/工业自动化,大专,1-3年,"市场拓展能力, 技术配合与沟通, 商务谈判能力, 客户开发与维护, 仪器仪表/工业自动化, 机械销售工程师, 工业设备销售经验, 技术转销售, 对机构 (To B) 销售经验, 机械设备/机电/重工, 机械相关学历, 大客户销售工程师, 项目跟踪",6-11K,苏州,,2026-05-29 17:58:13
4e7382d1ba445dfb0nB_2d2_EFVT,运维工程师,苏州清源忆丰,20-99人,人工智能,大专,1-3年,,5-7K,苏州,,2026-05-29 17:58:13
98b9984b7b197d4f0nd82Nq7FlNQ,GPU服务器运维工程师,瀚数科技,0-20人,人工智能,本科,3-5年,,15-30K,苏州,,2026-05-29 17:58:13
17b28ee82f4b5e760nd53tm0EFFX,销售工程师,帝悦精密科技,100-499人,通用设备,本科,1-3年,"市场拓展能力, 工业设备销售经验, 市场营销相关学历, 技术转销售, 对机构 (To B) 销售经验, 销售, 电气相关学历, 机械设备/机电/重工, 机械相关学历",7-12K,苏州,,2026-05-29 17:58:13
c7eaeb06ff1b3b360nZ829u6EVFX,品质工程师,天义合精密硅胶,20-99人,橡胶/塑料制品,大专,5-10年,"ISO14001经验, IATF 16949经验, 不需要出差, 团队管理经验, PQE经验（制程）, QC七大手法, 其他, ISO9001经验, 有质量管理经验, 8D报告经验",7-10K·13薪,苏州,,2026-05-29 17:58:13
c9e18b37684e00a50nB-29-9EltR,pqe工程师,MOVA,1000-9999人,家用电器,本科,5-10年,,20-40K·15薪,苏州,,2026-05-29 17:58:13
00d35664124ccce60nd62du1F1BT,服务器维护工程师,思朋信息,20-99人,计算机硬件,大专,1-3年,,6-10K,苏州,,2026-05-29 17:58:34
f222eaccb2296d8b03N429q0E1RX,SQE工程师,立讯精密有限公司,10000人以上,半导体/芯片,本科,经验不限,"机械制造, 快消, SQE工作经验, 物料供应商",10-15K,苏州,,2026-05-29 17:58:34
b8c1dd8e60b986600nZ93dm1FFFV,质量工程师,江苏某中型汽车零部件公司,100-499人,汽车零部件,本科,5-10年,,15-25K·14薪,苏州,,2026-05-29 17:58:34
3756b5c3ee70d8d303x-2dq1ElFX,集成工程师,安图生物,1000-9999人,医疗器械,硕士,5-10年,,12-24K,苏州,,2026-05-29 17:58:34
99f2bad30bf4da300nVy2N-7F1ZW,sqe工程师,宝成实业,500-999人,进出口贸易,大专,3-5年,,9-14K·13薪,苏州,,2026-05-29 17:58:34
22e80584f347b20d0nB40tu_FldR,运维工程师（外包）,鼎锐软件,20-99人,计算机软件,大专,3-5年,,7-10K,苏州,,2026-05-29 17:58:34
f073db3049fb577c0nB42Nu_F1pZ,初级运维工程师,京奥精密,0-20人,金属制品,大专,在校/应届,,3-4K,苏州,,2026-05-29 17:58:34
7b84025b5576d23d0nd52tu_FVtR,机械工程师,长沙某大型专用设备公司,1000-9999人,专用设备,本科,经验不限,,15-25K,苏州,,2026-05-29 17:58:34
1cbd3abf459b4cb20ndz3N26FFtS,数据平台运维工程师,汇川技术,10000人以上,自动化设备,本科,5-10年,,20-30K·15薪,苏州,,2026-05-29 17:58:34
e036c07bd8b6fb8c0nVy2du4FVFY,pcb工程师,美星科技,20-99人,通信/网络设备,本科,3-5年,"Candence/Allegro, PCB设计经验, 电子/自动化相关专业",12-18K·13薪,苏州,,2026-05-29 17:58:34
08831e841ee21cc20nd42di8EVFS,专利工程师,钟林隽秀,20-99人,财务/审计/税务,大专,1年以内,"专职, 非诉讼, 授薪制, 提成制, 专利代理人证书, 执业3年以上, 理工科专业",15-30K,苏州,,2026-05-29 17:58:34
9fc7058a7dde39230nB-09u5GVRX,装配工程师,昆山领创自动化科技,20-99人,自动化设备,学历不限,1-3年,,5-10K,苏州,,2026-05-29 17:58:34
e9afd97d3a88f69b0nB73dS1E1ZX,MEMS工程师,聚芯微电子,100-499人,电子/半导体/集成电路,硕士,经验不限,Comsol,18-35K·14薪,苏州,,2026-05-29 17:58:34
10afbb9c564d3f770ndz3Nm0FlFQ,销售工程师,深圳市金徕技术,20-99人,专用设备,大专,1-3年,,6-10K·13薪,苏州,,2026-05-29 17:58:34
61097a42a580fe8803d-39-6FVZV,夹具工程师,昆山市贝世康电子设备,0-20人,其他制造业,学历不限,经验不限,"不需要出差, 组装夹具经验, 焊装夹具经验, AutoCAD, 有夹具工程师经验, 机械加工制造经验, 机加工夹具经验, 焊接夹具经验",10-15K,苏州,,2026-05-29 17:58:34
5cfa750d663c6bfb03Jy2ty5FlZS,硬件工程师,宣城立讯,1000-9999人,汽车零部件,本科,5-10年,,15-25K,苏州,,2026-05-29 17:58:55
0e57cc68c4885ca71Hxy3dS-FlBT,运维工程师,艾瑞维克,100-499人,通信/网络设备,学历不限,1-3年,"电气，暖通, 运维经验, IDC机房运维",6-8K,苏州,,2026-05-29 17:58:55
45e7fbc65e6cdffd1HB92N2_EVVQ,橡胶工程师,苏州双荣橡塑有限公司,500-999人,橡胶/塑料制品,中专/中技,1-3年,精密仪器,8-12K,苏州,,2026-05-29 17:58:55
97b24bd9fef9498c0nRz29W_F1tY,RCS工程师,魔仓机器人,20-99人,人工智能,本科,3-5年,"Golang, Java, AGV系统开发, Golang服务端开发经验, 调度系统",15-20K·14薪,苏州,,2026-05-29 17:58:55
fc76f996233c47900nR42ty-EVZZ,安维工程师,博跃电器,20-99人,其他生活服务,初中及以下,1-3年,"实施交付运维, 运维工程师",9-14K,苏州,,2026-05-29 17:58:55
817d7765ad1cf65a0nd83NS9E1VZ,运维工程师,海泰新能,1000-9999人,光伏,大专,1-3年,,6-10K,苏州,,2026-05-29 17:58:55
be899adebdf068b40nB_2dm-EFRY,在线监测运维工程师,苏州朗仪达环境科技,0-20人,环保,高中,经验不限,,4-6K,苏州,,2026-05-29 17:58:55
ebc8fe3173d038120nB-3d-9FlVR,助理工程师,苏州芯德瑞思,0-20人,半导体/芯片,学历不限,经验不限,,150-200元/天,苏州,,2026-05-29 17:58:55
0b43a5bc9a0a94a40nB-2NW5GVVV,销售工程师,培风图南,100-499人,半导体/芯片,本科,1-3年,,10-15K,苏州,,2026-05-29 17:58:55
5e536ba0e4fb07c40nB72di4FFBY,工程师,苏州鑫达业信,0-20人,咨询,大专,1-3年,,4-9K,苏州,,2026-05-29 17:58:55
a9fa6bbff4f254d30nd439y8ElpR,电子工程师,蜂巢电子科技,1000-9999人,汽车零部件,本科,在校/应届,CATIA,7-11K·15薪,苏州,,2026-05-29 17:58:55
92a179a58b94ff5a0nd629m0F1JQ,中级运维工程师  智慧停车,某计算机软件公司,20-99人,计算机软件,本科,3-5年,"DBA, Ansible/Salt/Puppet, MySQL/Oracle, 大数据运维经验, 系统运维, Python/Shell, 计算机相关专业, 网络安全相关经验, 运维经验",15-30K·14薪,苏州,,2026-05-29 17:58:55
ebe42caf6f9d59d20nV929u7EVZU,品质工程师,派珂纳米,0-20人,环保,大专,1-3年,,7-9K·13薪,苏州,,2026-05-29 17:58:55
6ed82765de6a76590nZ73tq5E1FR,硬件工程师,安络微电子,0-20人,半导体/芯片,大专,1-3年,"芯片/半导体/集成电路, 电子电气/自动化相关专业, 智能硬件/可穿戴设备, 两年及以上工作经验, 硬件开发经验",7-12K·13薪,苏州,,2026-05-29 17:58:55
640ebe58633b30120nB63t2-FFtY,模具工程师,某知名电子公司,1000-9999人,电子/半导体/集成电路,中专/中技,5-10年,,15-25K,苏州,,2026-05-29 17:58:55
0cdf7699ce355cca03x_2NW-FFVU,AI 工程师,博世中国 / 集团,10000人以上,智能硬件,硕士,1-3年,,15-24K·15薪,苏州,,2026-05-29 17:59:17
143855dc6fa015fa031z3dS9E1JR,si工程师,祥龙科技,500-999人,原材料及加工/模具,本科,在校/应届,,11-16K·13薪,苏州,,2026-05-29 17:59:17
9efa1716a3f2a2740nB50t-6EFFW,弱电工程师-太仓,世纪互联,1000-9999人,互联网,大专,3-5年,"动环, BA, BMS, 共济",10-15K·13薪,苏州,,2026-05-29 17:59:17
39061042a0b3f1170nZz2tS8FVFT,光学工程师,某大型智能硬件/消费电子公司,1000-9999人,智能硬件/消费电子,本科,3-5年,,15-25K,苏州,,2026-05-29 17:59:17
87470ad2f89777811HB63NW4FVBQ,产品工程师,江苏欣鑫源科技,20-99人,橡胶/塑料制品,学历不限,3-5年,"注塑工艺设计/评审, 生产异常分析/处理, 生产技术支持",10-15K,苏州,,2026-05-29 17:59:17
b254234f6c29917b0nB-3d6-F1ZZ,电厂网络运维工程师,郑州龙华机电,500-999人,电力/热力/燃气/水利,大专,经验不限,,4-7K,苏州,,2026-05-29 17:59:17
7fd35b39e363b98b0nVy0tu0FVpU,NPI 工程师,小卫科技,20-99人,智能硬件,大专,5-10年,,15-20K,苏州,,2026-05-29 17:59:17
ae99be56fcec63d40ndy0t--FVVY,质量工程师,江苏博云,100-499人,化工,本科,1-3年,"接受无质量管理经验, 不需要出差, TS16949",12-18K,苏州,,2026-05-29 17:59:17
f364de1681d3f6061H192tW0FVNU,工程师,昆山市普智惠恒数码,0-20人,回收/维修,学历不限,经验不限,"官方售后服务商, 无需出差, 接受无经验, 工程师, 1年以下相关经验",5-8K,苏州,,2026-05-29 17:59:17
7279a579b55de19003N93t69FFVV,售后工程师,俐玛精密,100-499人,自动化设备,大专,经验不限,"检测设备, 自动化设备",5-10K,苏州,,2026-05-29 17:59:17
cfb6833915f7271c0nd_0ti9FFRR,机房服务器运维工程师（昆山）,云领科技,1000-9999人,互联网,大专,1-3年,"IDC机房运维, 服务器硬件运维, 原厂商经验, X86",6-7K,苏州,,2026-05-29 17:59:17
4cdbe81552c281560ndy09i7EFFV,采购工程师,深圳市永联科技股...,500-999人,电力/热力/燃气/水利,大专,5-10年,,10-15K,苏州,,2026-05-29 17:59:17
0e206f3a2dd983460nB729y1F1dS,运维工程师,瑞凡等离子技术,20-99人,其他制造业,大专,1-3年,"计算机相关专业, 通信相关专业",8-10K·13薪,苏州,,2026-05-29 17:59:17
7e35b42e79888bbb0nd83Ny6FVNY,PE 工程师,启佳通讯,1000-9999人,通信/网络设备,大专,1-3年,"FAE, PE",10-14K,苏州,,2026-05-29 17:59:17
0596df4f8854ef360nZ92tS_ElBQ,Android flutter 工程师,苏州德品医疗,100-499人,医疗健康,本科,1-3年,,10-15K,苏州,,2026-05-29 17:59:17
4fcb175146bfb0130HJ509--GVM~,注塑工程师,华驰公司,20-99人,原材料及加工/模具,学历不限,5-10年,"注塑工程师, 工艺工程师, 机械结构工程师, 模具工程师",7-12K,苏州,,2026-05-29 17:59:38
f82becb322d3b8720nB63t-9FVdY,固件工程师,苏州某中型高速光电子器件及光模块公司,500-999人,半导体/芯片,本科,经验不限,,30-60K·15薪,苏州,,2026-05-29 17:59:38
c105aeebdbcc157f0nd-0tu7EFtS,IT基础架构运维工程师,顺丰科技,1000-9999人,互联网,本科,3-5年,,11-20K,苏州,,2026-05-29 17:59:38
2575ec93e52d4c4f0ndz39y-FVFS,数据中心设备运维工程师,北京软通动力云计...,10000人以上,互联网,大专,1-3年,"IDC机房运维, 运维经验, 设备运维设施运维, 暖通, 电气, 资源整合优化",8-9K,苏州,,2026-05-29 17:59:38
2a06412d1fa997d80nB529S6FVtU,IT运维工程师（双休+15薪）,鹿明机器人,100-499人,人工智能,本科,3-5年,,10-15K·15薪,苏州,,2026-05-29 17:59:38
b4d681e53b701c080nd-3968FlZX,研发工程师,苏州某中型新能源电气连接设备制造上市公司,500-999人,其他制造业,本科,3-5年,,15-25K,苏州,,2026-05-29 17:59:38
a0f5467531786a9a0nB-2N-7FVRS,中高级运维工程师,达索智维能源科技公司,20-99人,大数据,本科,3-5年,,7-10K,苏州,,2026-05-29 17:59:38
8a15d44718dd0fb20nB50t26FFFT,中高级运维工程师（AI云原生方向）,米高蒲志人才服务公司,1000-9999人,人力资源服务,本科,3-5年,"运维开发/DevOps, AWS, GPU集群, AI云原生, 阿里云",35-50K·14薪,苏州,,2026-05-29 17:59:38
75f2af830861d72f0nZ509i8GFZV,售后工程师,科比精工,100-499人,专用设备,中专/中技,1-3年,"机械/机电设备技术支持经验, 可适应出差, 机械/机电设备",9-14K,苏州,,2026-05-29 17:59:38
521ec7428fc80bca0nB42tq0F1VX,IT运维工程师,保丽洁,100-499人,专用设备,大专,5-10年,计算机相关专业,8-10K·13薪,苏州,,2026-05-29 17:59:38
108b238d51b1ad4a0nB62tu4FlpU,机械工程师,某大型仪器仪表/工业自动化公司,1000-9999人,仪器仪表/工业自动化,本科,5-10年,,20-30K·14薪,苏州,,2026-05-29 17:59:38
5a9326092ef8e6770nd82dS6FldQ,App工程师,沃太能源,1000-9999人,储能,本科,5-10年,,18-28K·15薪,苏州,,2026-05-29 17:59:38
411b90eaa4f252430nV_3du0GFVR,机械工程师,上舜科技,100-499人,通用设备,学历不限,3-5年,"工艺设计, 自动化, 非标自动化, 机械设计",8-12K,苏州,,2026-05-29 17:59:38
9dd014333498b0bc0nZ_39y0ElJQ,工程师,苏州泰斯宝电子科技,20-99人,计算机/通信/其他电子设备,大专,经验不限,CAD,8-10K,苏州,,2026-05-29 17:59:38
9215e4897e1e1c4f0nB509y8FVBZ,运维工程师（苏州）,东新慧科,100-499人,互联网,大专,1-3年,,6-7K,苏州,,2026-05-29 17:59:38
27d2ec35ac98bc6f0nZy3dy-GFZU,暖通工程师,北京某大型互联网上市公司,1000-9999人,互联网,大专,3-5年,"空调工, 精密空调, 数据中心",20-21K,苏州,,2026-05-29 17:59:59
79afb23f4b67a13603183di_FVVS,喷涂工程师,达克顺工业科技,100-499人,原材料及加工/模具,大专,3-5年,,8-12K,苏州,,2026-05-29 17:59:59
35ede2c111d0fd961Xd40969ElBS,项目工程师,瑞扬,20-99人,工程施工,本科,1-3年,"暖通工程, 二级建造师, 机电, 给排水工程, 安装工程, 电气工程",10-15K,苏州,,2026-05-29 17:59:59
6d02c4eeb1ef2a421nV82N-5E1JZ,后端开发工程师,微软中国,10000人以上,计算机软件,本科,1-3年,"分布式技术, 大数据, 云计算, C#, Java, 后端开发, .NET",25-40K·14薪,苏州,,2026-05-29 17:59:59
de8928bdcc10086c0nB-2Nm1FlVY,MES运维工程师-急招-苏州吴中区_sh1hb,版石软件(上海),100-499人,互联网,大专,3-5年,,8-9K,苏州,,2026-05-29 17:59:59
17e5a15e3b78e3ba031z0tW0E1ZQ,售后工程师,锐翊电子科技,100-499人,自动化设备,大专,1-3年,,6-8K,苏州,,2026-05-29 17:59:59
160555a251af56f70nd_39S1GFBX,运维工程师,华高世纪,100-499人,通信/网络设备,大专,经验不限,,5-7K,苏州,,2026-05-29 17:59:59
8f986efb2a4acfb31n1-2ty4ElBT,"应用服务工
程师/IC 测试
工程师",华峰测控,500-999人,电子/硬件开发,大专,经验不限,电路设计,6-8K·14薪,苏州,,2026-05-29 17:59:59
357fb2daf7e6454d1XF_3Ny7ElNZ,生管工程师,德扬数控,500-999人,通用设备,本科,经验不限,"生产计划与物流控制, 机械设备/机电/重工",6-11K·13薪,苏州,,2026-05-29 17:59:59
5746ecdfb71234d803x70tS4GFRV,硬件工程师,创想新能源,20-99人,其他新能源,大专,1-3年,"电池/电源类产品, 硬件开发经验",10-15K,苏州,,2026-05-29 17:59:59
64bdd25cec5c406a0nRz0ty4EFRR,电气工程师,欧可达,0-20人,机械设备/机电/重工,大专,5-10年,"电气, 电控工程师, PLC工程师",10-15K,苏州,,2026-05-29 17:59:59
79417e664c7cdfe003J82dS6FFdX,测试工程师,中科曙光,1000-9999人,互联网,本科,3-5年,,15-30K,苏州,,2026-05-29 17:59:59
a2582acacd38784803N_3d28F1pR,研发工程师,某中型医疗器械公司,100-499人,医疗器械,硕士,经验不限,,20-22K·15薪,苏州,,2026-05-29 17:59:59
34c9ad8a19e9ab4f0nV43964FlJR,车联网运维工程师,新大洲本田摩托(...,1000-9999人,汽车研发/制造,本科,3-5年,,15-20K·14薪,苏州,,2026-05-29 17:59:59
5318a8c8bc2f63360nB73d-1EVtZ,数据中心工程师,基久嘉兴,20-99人,通信/网络设备,大专,3-5年,IDC机房运维,10-15K,苏州,,2026-05-29 17:59:59
c9d9ee285b25f0e60nB62tS7GVZW,驻场运维工程师,南洋万邦,500-999人,计算机软件,本科,1-3年,"实施交付运维, 通信相关专业, 计算机相关专业, 运维经验",8-10K,苏州,,2026-05-29 18:00:22
dab8cf86e39dd5050nB42dq0GVNT,自动化/制造工程 工程师,东山精密,10000人以上,金属制品,本科,5-10年,,15-20K,苏州,,2026-05-29 18:00:22
311308efa344965d1H193927GFNS,视觉工程师,昆山东皓机械设备,0-20人,自动化设备,本科,3-5年,"图像搜索, C/C++, VisionPro, 深度学习, 目标检测, 工业/缺陷检测, 目标跟踪",10-15K·13薪,苏州,,2026-05-29 18:00:22
9737d8ce410a45411nF-39q-FlRS,PE 工程师,立臻科技,10000人以上,电子/硬件开发,本科,1-3年,Excel,8-13K,苏州,,2026-05-29 18:00:22
25b516105d2b815e0nZ73t6-EVdS,网络运维工程师,艾利特机器人,100-499人,通用设备,本科,5-10年,"网络运维, 通信相关专业, 系统运维, 桌面运维, 计算机相关专业, Python/Shell",12-18K,苏州,,2026-05-29 18:00:22
f8134359700078311XN52d65FFFR,销售工程师,苏州苏大维格科技,100-499人,印刷/包装/造纸,本科,3-5年,"精密仪器, 纳米压印, 市场信息搜集与分析, 市场拓展能力, 技术配合与沟通, 商务谈判能力, 半导体设备, 客户开发与维护, 业务创新能力",10-15K,苏州,,2026-05-29 18:00:22
d38435c15c4763430nV-2tm1F1FU,电气工程师,江苏方圆检测认证集团,20-99人,检测/认证/知识产权,本科,经验不限,,5-8K,苏州,,2026-05-29 18:00:22
97a145307c825dc20nd52t24E1ZZ,软件工程师,派迅智能科技,100-499人,自动化设备,本科,3-5年,,13-15K,苏州,,2026-05-29 18:00:22
cdc6fba5d06c28db03J_2d67GVtR,运维工程师,环正,500-999人,电子/半导体/集成电路,本科,5-10年,,10-15K·13薪,苏州,,2026-05-29 18:00:22
945cd958a9e01fca0nd-2Nu5GVVV,结构工程师,苏州某大型电子商务公司,1000-9999人,电子商务,本科,5-10年,"有机械结构工程师经验, Pro/E, 机器人经验, 家电设备经验, 机电设备经验, 整机设计经验",20-30K,苏州,,2026-05-29 18:00:22
db75e46d1c89e57d1HR73d21FlJU,逆向工程师,宝复汽车科技有限公司,20-99人,汽车零部件,学历不限,1-3年,"CATIA, UG, 三维设计",4-9K,苏州,,2026-05-29 18:00:22
db8edc170bb1815203F73tW0GVpX,运维工程师（苏州）,协达科技,20-99人,计算机软件,大专,1-3年,,6-9K,苏州,,2026-05-29 18:00:22
a7df5ebf0adafece0nB-29-7FFRQ,暖通运维工程师,城投物业,20-99人,物业管理,学历不限,5-10年,,7-9K,苏州,,2026-05-29 18:00:22
66e4c428475fa24c03F53dq6FlBS,项目工程师,苏州绿控,500-999人,汽车零部件,本科,1-3年,"汽车项目管理经验, 汽车相关专业, 机械相关专业, 主机厂工作经验",9-14K·14薪,苏州,,2026-05-29 18:00:22
ef4a98fb5dd9b56a0HR93tS_EFA~,ICT工程师,昆山铭浩鼎电子有...,0-20人,电子/半导体/集成电路,高中,1-3年,电子工程师,9-12K,苏州,,2026-05-29 18:00:22
ad708cc1d6a9a3e803d63968FVdW,数据中心驻厂运维工程师,捷通智慧科技股份...,500-999人,机电工程,中专/中技,1-3年,"接受实习/在校生投递, 电子/电气/自动化相关专业, IDC机房运维",5-6K,苏州,,2026-05-29 18:00:42
f96b5449630b5fc20nB70969EVJX,架构工程师,石头科技,1000-9999人,智能硬件,本科,3-5年,,20-35K·16薪,苏州,,2026-05-29 18:00:42
7a884faa2fe42e1103F639y8EVRX,芯片 PI/SI 工程师,亘存科技,20-99人,半导体/芯片,硕士,3-5年,,25-30K,苏州,,2026-05-29 18:00:42
f02b7fa85fd3b64e1XF_0968FFNS,智能客控工程师,携住科技,1000-9999人,智能硬件,大专,经验不限,"电工证, 出差, 强弱电",5-7K,苏州,,2026-05-29 18:00:42
9c7dbdfa65e584720nR50tS7EVpW,测试工程师,萤火虫,20-99人,电子商务,大专,3-5年,,8-11K,苏州,,2026-05-29 18:00:42
c7405e9cc000baa503R809S7FVBS,技术工程师,峰飞航空,500-999人,铁路/船舶/航空/航天制造,本科,3-5年,"技术手册, 工卡编制",15-25K·13薪,苏州,,2026-05-29 18:00:42
d53a275ad728ca510nB42tW4FltS,运维响应工程师,网思科技,1000-9999人,计算机软件,大专,1-3年,,5-6K,苏州,,2026-05-29 18:00:42
2499b6f929adcbc30nB42t27GVBW,运维工程师,锦庭泛睿,0-20人,咨询,大专,1-3年,,60-80元/时,苏州,,2026-05-29 18:00:42
b90ac85cf138898d0nd82tW1ElBR,数据平台运维工程师,上海枢瀚信息科技,0-20人,计算机软件,大专,5-10年,"Docker, 大数据运维经验, 系统运维, Kubernetes",11-18K,苏州,,2026-05-29 18:00:42
93b0bb467d4ef32b0nB43Ni4FVFV,售后工程师,通诺视,20-99人,自动化设备,中专/中技,3-5年,,5-10K·13薪,苏州,,2026-05-29 18:00:42
8acef57ad57ef9fa1HF4296_FFRQ,运维工程师,新华三技术有限公司,10000人以上,计算机软件,本科,1-3年,实施交付运维,15-25K·14薪,苏州,,2026-05-29 18:00:42
cdf46deedb66ae1003Z439y_E1NZ,测试工程师,常熟立讯,1000-9999人,电子/硬件开发,本科,3-5年,性能测试,13-25K,苏州,,2026-05-29 18:00:42
fb285af6dda106160nB529S8F1FT,IT工程师（英语流利）,江苏澳盛复合材料科技,1000-9999人,新材料,大专,1-3年,,8-10K·13薪,苏州,,2026-05-29 18:00:42
50fee786bc4372811XZ909S4FltY,电气工程师,瑞合硕电子科技,20-99人,其他行业,大专,3-5年,"st语言, 万用表, 汇编语言, PLC工程师, eplan",11-13K,苏州,,2026-05-29 18:00:42
adc3a4c6c98c434c031y2NW5F1ZV,电子工程师,苏州加泽电子科技,0-20人,通信/网络设备,本科,5-10年,,8-9K,苏州,,2026-05-29 18:00:42
d4a6fc4260bd10cb0nB_2ty8FFJV,工程工程师,苏州孚莱博,100-499人,智能硬件,学历不限,3-5年,"机械加工制造经验, 汽车经验, 专用机械经验, CNC数控设备经验, 夹具/治具经验, 刀具/磨具经验, 底盘系统经验, 汽车车身及配件经验, 有色金属经验, 钢铁经验, 切削工艺, 其他, AutoCAD, 不需要出差, 法兰克、三菱",10-15K·13薪,苏州,,2026-05-29 18:05:53
332abdc399c87d2f0nB-39W-GVNQ,dqe工程师,江苏某大型精密制造上市公司,1000-9999人,其他行业,大专,5-10年,,20-30K,苏州,,2026-05-29 18:05:53
0aeffc0ffadeddc80nB-2Nq6F1NV,质量工程师,江苏烽禾升,100-499人,自动化设备,大专,3-5年,"有质量管理经验, 不需要出差, 半导体经验, 机械加工制造经验, ISO9001经验, ISO9000经验, ISO14001经验, DQE经验（研发）, SQE经验（供应商）, CQE经验（客户）, PQE经验（制程）, 8D报告经验, 团队管理经验, QC七大手法, 项目管理经验, 内审员资格证, 六西格玛证, 蔡司",8-12K·13薪,苏州,,2026-05-29 18:05:53
83aefe2b5aaa32260nd43tu6FVBV,底盘工程师,鸿灌,100-499人,环保,本科,5-10年,"要求底盘工程师经验, 底盘集成经验, 底盘总布置经验, CATIA, UG, CAE, 商用车经验, 无人车经验",20-35K,苏州,,2026-05-29 18:05:53
61439c6d98768e020nB_2d64FVpQ,IDC规划工程师【实际Base杭州】,法本,10000人以上,计算机软件,大专,3-5年,"IDC机房运维, 服务器上下架, 机位规划, 综合布线, 模建",10-11K,苏州,,2026-05-29 18:05:53
1cfff88de804263a0nd_3ti4FFZY,夹具工程师,上海智显达机械科技,0-20人,自动化设备,大专,1-3年,"有夹具工程师经验, 汽车经验, 机械加工制造经验, 焊接夹具经验, AutoCAD, CATIA, 需要出差",10-14K·13薪,苏州,,2026-05-29 18:06:14
7023cde7d61be9620nB42ti_E1VX,AI 系统部署运维工程师,苏州睿首智能科技,0-20人,互联网,学历不限,1-3年,,8-13K,苏州,,2026-05-29 18:06:14
207cbef214acf1600nd72tS4ElBU,转向工程师,苏州某小型汽车零部件公司,20-99人,汽车零部件,本科,经验不限,"要求底盘工程师经验, 仿真设计经验, 底盘总布置经验, CATIA, AutoCAD, 一级供应商, 转向系统经验, 底盘零部件经验, 主机厂经验, 一级供应商经验, 乘用车经验, eps",20-30K,苏州,,2026-05-29 18:06:14
036895dcbe0ab9b61HN40t69EFtR,SQE工程师,追觅创新科技,1000-9999人,家用电器,本科,3-5年,SQE工作经验,13-26K,苏州,,2026-05-29 18:06:14
5b9124a456a25eff1HN409-9ElNX,光学工程师,某大型机械设备公司,100-499人,机械设备/机电/重工,学历不限,经验不限,"光学设备, 光路搭建, 光学系统",15-30K·13薪,苏州,,2026-05-29 18:06:14
a14d100bbfda58d10nd80ty9E1RX,CQE工程师,唯乐高,100-499人,消费电子,学历不限,经验不限,"接受无质量管理经验, 需要出差, 美签",10-15K·14薪,苏州,,2026-05-29 18:06:14
d2bce8422c4034180nB-3966GVBV,设备工程师,江苏正力新能电池技术,1000-9999人,动力电池,学历不限,3-5年,"不需要出差, 新能源设备经验, 要求有机械设备工程师经验, 自动化设备经验, 企业（甲方）, 设备维修/保养经验, 机电设备经验",11-20K·14薪,苏州,,2026-05-29 18:06:14
dae18ba882a0e01e0nB53NS4GVtY,通讯工程师,河南省泰齐笙阳信...,20-99人,计算机服务,大专,1-3年,"网络维护, C语言, 软件应用",8-13K,苏州,,2026-05-29 18:06:14
44d8519aaad668b30nB-3920GVtS,云平台运维工程师-复试现场（提供两餐）,上海舟恩信息,100-499人,计算机软件,本科,3-5年,"系统运维, 运维开发/DevOps, Nginx, Elasticsearch, Kubernetes, Ansible/Salt/Puppet, Java, 计算机相关专业, 通信相关专业, 运维开发经验, 云平台, Linux系统运维, CAN、TCP、MQTT协议",11-16K,苏州,,2026-05-29 18:06:14
0c108e1ea962503f03x92di6GFZQ,试验工程师,昆山某大型汽车零部件公司,1000-9999人,汽车零部件,本科,3-5年,"变速箱, 转向, 制动, 悬架, 汽车零配件",20-25K·14薪,苏州,,2026-05-29 18:06:34
da665c584912b3410nB62Ny0EVBY,网络工程师,明晨科技,0-20人,智能硬件,学历不限,在校/应届,"接受无网络工程师经验, 系统集成商, 不需要出差",4-6K·13薪,苏州,,2026-05-29 18:06:34
d5b987cbab0a44f00nB729--FFFZ,CQE工程师,某中型汽车零部件公司,500-999人,汽车零部件,本科,3-5年,,20-21K·13薪,苏州,,2026-05-29 18:06:34
75b4e562930ae1e30nd62dy0FlJU,CamStar运维工程师,上海君兴,20-99人,企业服务,大专,3-5年,,17-25K,苏州,,2026-05-29 18:06:34
f4b2a0a44d902dd703d83NS8EFdX,工程师,耀弘瑞,20-99人,电子商务,本科,1-3年,"合金经验, 铸造经验, 表面处理工艺经验, AutoCAD, 需要出差, 量产工程师（PE）经验, 机械加工制造经验, 其他, 检具经验, 成型工艺经验, 汽车车身及配件经验, 五金经验, UG, 模具经验, 夹具/治具经验, 塑料经验, 涂装经验, 试产工程师（NPI）经验, 注塑经验, 汽车经验, CNC数控设备经验, Pro/E, 现场工程师（ME）经验",11-18K,苏州,,2026-05-29 18:06:34
5b3211b60d5c407b0nV909u1FlpW,Linux c/c++ 工程师,苏州沃利斯,20-99人,通信/网络设备,本科,经验不限,"C++, C, 架构设计经验, Linux开发/部署经验, Python",10-15K,苏州,,2026-05-29 18:06:34
da0005a82172e0290nV5292-E1dR,工程师,苏州智瀚星罗信息科技,0-20人,互联网,本科,1-3年,,3-5K,苏州,,2026-05-29 18:06:54
ab4127c0a2d132a80ndz2Nu6ElpW,测试工程师,三一重机有限公司,10000人以上,专用设备,硕士,经验不限,,14-28K,苏州,,2026-05-29 18:06:54
0e576ca539f41bc5031839S9FVJZ,常熟IDC运维工程师,共启网络,20-99人,互联网,大专,1-3年,IDC机房运维,6-8K,苏州,,2026-05-29 18:06:54
350ddcdc28e6d8000nV429W4EFJY,高速线/线束 工程师,莫利奇(山东),20-99人,电子/硬件开发,本科,3-5年,,12-20K,苏州,,2026-05-29 18:06:54
fd62bb0f4265107f031z3ti9GFdR,Layout工程师,RENOGY如果新能源,500-999人,光伏,本科,5-10年,"通信相关专业, PCB设计经验, AD9/AD10, 电子/自动化相关专业, EMC/EMI相关经验",20-30K·14薪,苏州,,2026-05-29 18:06:54
ec123ae391dc5f3a0nV93dm9F1tV,研发工程师,云婕纺织,0-20人,进出口贸易,本科,5-10年,"五险, 包吃, 周末单休, 现场办公",8-10K,苏州,,2026-05-29 18:06:54
0f1f852b54b2e41d0ndy3t2_FFBU,CVD设备工艺工程师,苏州某中型半导体/芯片公司,100-499人,半导体/芯片,本科,3-5年,,26-27K,苏州,,2026-05-29 18:06:54
ee30d3c9947daf760nZ63tq1EVVR,工程师,上海星光瀚澜智能科技,20-99人,医疗服务,大专,1-3年,,5-6K·13薪,苏州,,2026-05-29 18:06:54
e0811756cd45fbf91Xx609u4FlpW,测试工程师,云杉网络,20-99人,计算机软件,本科,经验不限,"k8s, TCP/IP, 云计算",11-20K·14薪,苏州,,2026-05-29 18:07:16
5f0ba253b9a73f4e03Bz2di7FVNX,服务器运维工程师,灵动创佳(昆山),100-499人,计算机硬件,大专,1-3年,"网络运维, 实施交付运维, Python/Shell, 计算机相关专业, 网络安全相关经验, 运维经验, IDC机房运维",10-15K·13薪,苏州,,2026-05-29 18:07:16
92b650a53fb74b2b0nZ-3Ni1EVRS,sqe工程师,添可智能科技有限公司,1000-9999人,其他专业服务,本科,5-10年,"快消, 无5年以上SQE工作经验勿扰, 物料供应商, SQE工作经验",15-18K·14薪,苏州,,2026-05-29 18:07:16
81a7efddad6c39850nZ909i9EVFU,销售工程师,锐洁机器人,100-499人,智能硬件,本科,1-3年,"市场拓展能力, 电子/半导体/集成电路, 工业设备销售经验, 大中型企业销售经验, 制定产品/服务方案, 技术配合与沟通, 客户开发与维护, 电气相关学历, 仪器仪表/工业自动化, 机械相关学历",8-12K·13薪,苏州,,2026-05-29 18:07:16
8e7e9af265bd9c5d1HJ_3Ny5GFdV,SQE/MQE 工程师,旭创科技,1000-9999人,半导体/芯片,本科,3-5年,"IT/通信, PQE/MQE/SQE任一均可, 物料供应商, SQE工作经验",10-15K·13薪,苏州,,2026-05-29 18:07:16
356dfc99bf2f6e550nR42tu1FlRZ,设备运维工程师,江苏若临物联,100-499人,智能硬件,大专,1年以内,,5-6K,苏州,,2026-05-29 18:07:16
ae84893a01f0fc3303173968FlJU,运维工程师 -游戏研发/发行运维自动化方向,优酷土豆,1000-9999人,互联网,本科,3-5年,游戏行业,15-30K·14薪,苏州,,2026-05-29 18:07:16
12ec42f70f1795b10nB53dW8FVJS,算法工程师,某中型医疗器械公司,100-499人,医疗器械,本科,3-5年,,30-50K,苏州,,2026-05-29 18:07:16
464fb5d23cf406cb03x83tW6GVZZ,工程师,江苏钡莱智能科技,0-20人,智能硬件/消费电子,大专,1-3年,安全运维和保障,5-9K,苏州,,2026-05-29 18:07:37
e56f218db8d621b60nZ93tS8F1VQ,云服务器运维工程师,海睿科技,20-99人,计算机服务,本科,3-5年,,8-13K,苏州,,2026-05-29 18:07:37
08c7da7ccc030a270nV82d-4E1pZ,中级运维工程师,江南爱停车,20-99人,计算机软件,本科,5-10年,".Net, 计算机相关专业, 网络安全相关经验, 运维经验",11-13K·14薪,苏州,,2026-05-29 18:07:37
6670f5748e83f0730nB_29-5E1tX,IT运维工程师,优尔,500-999人,生活服务(O2O),本科,1年以内,,5-7K,苏州,,2026-05-29 18:07:37
ded44bf4e38b76cc1HB83N6-E1BT,电气工程师,昆山普菲克特机电...,0-20人,通用设备,大专,3-5年,"电机工程师, 电控工程师",6-10K,苏州,,2026-05-29 18:07:37
6b1b8caab78ec1ec0nB-2ty9GVVQ,系统运维工程师（乙方经验）,牧星机器人,100-499人,装卸搬运和仓储业,本科,3-5年,"系统运维, 运维开发/DevOps, 中间件, Linux, 监控运维",12-15K,苏州,,2026-05-29 18:07:37
737139160b7a40e003153N2-GFtQ,高级运维开发工程师,瞬联科技,1000-9999人,计算机软件,本科,5-10年,"Golang, 阿里云, python, Docker, K8S, 运维开发经验, AWS, Kubernetes, 云计算",16-17K·13薪,苏州,,2026-05-29 18:07:37
5e405f00ef6b2a531HN42t--EFVQ,pc工程师,鑫诺威,20-99人,自动化设备,本科,经验不限,"C#, 非标自动化, halcon",20-30K,苏州,,2026-05-29 18:07:37
bb42381cf067f1521HJ62tm7FlVT,全栈工程师,华星会计师事务所,100-499人,财务/审计/税务,本科,3-5年,"Golang, Java, 全栈侧重后端, Vue, 全栈无侧重, Node.js, 计算机相关专业, React, Angular, 全栈项目经验",9-14K,苏州,,2026-05-29 18:07:37
8fe9cde30614d2e703x92NS1F1dV,治具工程师,新泓赢,0-20人,其他制造业,高中,3-5年,"不需要出差, 组装夹具经验, 焊装夹具经验, AutoCAD, 有夹具工程师经验, 机加工夹具经验, 机械加工制造经验, 可兼职, SolidWorks, 焊接夹具经验, 非标设备经验",12-20K·13薪,苏州,,2026-05-29 18:07:57
ae47c4913663174703J-3tS9GFZU,桌面技术工程师,江苏昆联,20-99人,计算机软件,大专,5-10年,"硬件设备, 五年经验, 操作系统, 桌面运维, 重装苹果系统, 计算机相关专业, 打印机/复印机维修经验",7-8K,苏州,,2026-05-29 18:07:57
156ae45b5473877903B92d20EFdS,工程师,昆山清安能源科技...,20-99人,汽车零部件,高中,1-3年,IQC,5-7K,苏州,,2026-05-29 18:07:57
14e131cec8b878d60nV_2tm-F1BY,压铸工程师,常熟云开智能,20-99人,金属制品,大专,5-10年,"合金经验, 不需要出差, UG, 模具经验, 量产工程师（PE）经验, 试产工程师（NPI）经验, 机械加工制造经验, 检具经验, 专用机械经验, 现场工程师（ME）经验",13-18K,苏州,,2026-05-29 18:07:57
0906000c0f1331b203162t-4E1BT,结构工程师,灵犀电器,0-20人,家具/家电/家居,大专,经验不限,,5-10K·13薪,苏州,,2026-05-29 18:07:57
322b424af10d9f640nZ-3di6GVZZ,结构工程师,某小型商用清洁机器人智能硬件公司,100-499人,智能硬件,本科,5-10年,,20-35K·14薪,苏州,,2026-05-29 18:07:57
9196efef07fae6e90nZy3ti_GFJV,电机工程师,中山某大型电气机械上市公司,1000-9999人,电气机械/器材,本科,5-10年,"结构工程师, 熟悉永磁同步电机, PMSM, 直流无刷电机, BLDC, 扁线电机",30-60K·15薪,苏州,,2026-05-29 18:07:57
b9dd31bf3fb2fd780nZ429u9ElZS,硬件工程师,大秦数字能源技术股份,500-999人,新能源,本科,3-5年,"电池/电源类产品, 硬件开发经验, 逆变器, KW, DCAC, PCS, 储能",15-30K,苏州,,2026-05-29 18:08:17
68ae917260d7b28d0nVz39y5F1NX,算法工程师,苏州恩岭智能科技,0-20人,计算机软件,硕士,1-3年,,15-30K,苏州,,2026-05-29 18:08:17
f926d9fef3fa00f51Xd709W1GFVY,电气工程师,迅成机电,0-20人,机械设备/机电/重工,本科,3-5年,"西门子, 三菱, 熟悉PLC编程, 欧姆龙",20-25K,苏州,,2026-05-29 18:08:17
663450233d11fe8c0nd43Ni0ElJU,IT运维主管工程师,秩益科技,20-99人,计算机软件,本科,3-5年,,21-24K·13薪,苏州,,2026-05-29 18:08:17
e6545b27991640430nd83N27FVNU,硬件工程师,西安某小型医疗器械初创公司（天使轮融资）,0-20人,医疗器械,本科,3-5年,高速数字,20-23K,苏州,,2026-05-29 18:08:17
b9bbc11ce4a7d50a03R52du4EFo~,SQE  工程师,苏州乐轩科技有限...,1000-9999人,电子/硬件开发,本科,1-3年,"电子元件故障分析, 失效分析, FAE",4-8K,苏州,,2026-05-29 18:08:17
8d7455349d14e0c003B82t60E1BS,电子工程师,某大型办公用品及设备公司,10000人以上,办公用品及设备,本科,3-5年,,20-25K,苏州,,2026-05-29 18:08:17
6374154844ce0c290nB-2d-_FFRZ,环保工程师,苏州秦诺环保科技,20-99人,其他专业服务,大专,经验不限,,5-6K,苏州,,2026-05-29 18:08:17
f9ac498055efb8130nR63d27GFpS,AI 工程师 - 智能教育系统落地,无锡乐之教育,0-20人,计算机软件,本科,3-5年,教育软件,13-25K,苏州,,2026-05-29 18:08:17
e3a0d6687cba5e380nV529W_GVtY,工程师,苏州酷尔祺,20-99人,智能硬件/消费电子,本科,3-5年,"五金经验, 不需要出差, 模具经验, AutoCAD, 机械加工制造经验, 其他, 现场工程师（ME）经验",8-10K,苏州,,2026-05-29 18:08:17
5a4020c404746a1e03Z72Ny5E1RW,电气工程师,苏州丰川电子,1000-9999人,电气机械/器材,大专,1-3年,"电控工程师, PLC工程师",6-10K,苏州,,2026-05-29 18:08:17
1d96ebc2d2b99f120ndz3ti7FFVY,运维工程师,南京新希望电力科技,20-99人,电力/热力/燃气/水利,大专,经验不限,"实施交付运维, 电子/电气/自动化相关专业, 运维经验",5-8K,苏州,,2026-05-29 18:08:37
96ddd4b5425942100nd929u_GVFS,销售工程师,联德电子科技,100-499人,汽车零部件,本科,3-5年,"市场拓展能力, 售前/售后技术支持, 大中型企业销售经验, 能源, 协助产品规划与开发, 技术配合与沟通, 客户开发与维护, 机械设备/机电/重工, 项目跟踪",10-15K,苏州,,2026-05-29 18:08:37
4b703a878e0555000nRz29W4ElFX,电子工程师,立讯电子科技,10000人以上,通信/网络设备,本科,3-5年,,9-13K,苏州,,2026-05-29 18:08:37
dc566d193ed4dc050nB529W4GFBY,硬件工程师,某电子公司,20-99人,电子/半导体/集成电路,本科,5-10年,,25-35K·14薪,苏州,,2026-05-29 18:08:37
8ab5e31f547cdc2a03142t29GFBY,结构工程师,某大型家具/家居上市公司,1000-9999人,家具/家居,本科,5-10年,,20-28K·14薪,苏州,,2026-05-29 18:08:37
7acecc71305d37570nV-2dW5FFNS,工艺工程师,Vertiv,10000人以上,通信/网络设备,本科,3-5年,"不需要出差, 量产工程师（PE）经验, 试产工程师（NPI）经验, 机械加工制造经验",11-18K,苏州,,2026-05-29 18:08:37
5f1c3420ee93b4d60nRz0tS9EFRR,电气工程师,张家港市联鑫塑料机械,20-99人,专用设备,本科,1-3年,,9-10K,苏州,,2026-05-29 18:08:37
383a4ed7364f3d201nJ-2ti6FVBW,仪器工程师,锦文测控,0-20人,仪器仪表,本科,经验不限,"电路设计, 电控工程师, PCB设计, CAD, 烙铁, 单片机开发",12-20K·13薪,苏州,,2026-05-29 18:08:37
660f406124664d3303Z93du9F1FQ,全栈工程师,默戈江苏,20-99人,建筑设计,本科,3-5年,"Java, 系统集成, 机器学习, JavaScript, 架构设计, 平台搭建, Python",15-25K,苏州,,2026-05-29 18:08:37
9c07d66e5ccb67bd0nR92N6_GVNQ,DSP工程师,禾迈股份,1000-9999人,光伏,硕士,3-5年,,20-30K·15薪,苏州,,2026-05-29 18:08:37
591daaf7cbaa23900nB43tq8F1BR,AGV 运维工程师,苏州鑫科时代,0-20人,自动化设备,本科,1-3年,"Nginx, 实施交付运维, MySQL/Oracle, Python/Shell, 计算机相关专业, 电子/电气/自动化相关专业, 运维经验",7-8K,苏州,,2026-05-29 18:09:00
e33dc6418ec92e160ndy3NW4FVZU,运维工程师,裕太微,100-499人,半导体/芯片,本科,3-5年,,10-15K·15薪,苏州,,2026-05-29 18:09:00
d772d5cb052a12610nd62NW8EFFY,软件工程师,某知名自动化设备公司,1000-9999人,自动化设备,大专,5-10年,C#,20-25K,苏州,,2026-05-29 18:09:00
2f6cab02358831c91X1y2t2-EldT,AI交付工程师,华为云计算,10000人以上,互联网,硕士,3-5年,"云计算, Python, OpenCV, TensorFlow/PyTorch, 数学/统计相关专业, 机器学习算法/工程化经验, 深度学习经验",15-25K,苏州,,2026-05-29 18:09:00
a148fbd5b838e9bf1XF739-9GFJR,工程师,苏州天准科技,1000-9999人,仪器仪表/工业自动化,本科,1-3年,"变速箱, 机械制造相关专业",5-10K,苏州,,2026-05-29 18:09:00
c870d9013762a2b30XR62dW4GVI~,实习工程师,魔门塔科技,500-999人,计算机软件,本科,,"Java, 软件工程师, 数据库开发, 算法设计, 云计算, 地图导航, 智能驾驶, C++",300-310元/天,苏州,,2026-05-29 18:09:00
796b29ed239ba4d20nB43d28E1tU,软件工程师,上海凌恒工业自动化,100-499人,仪器仪表/工业自动化,本科,1-3年,"温控, PID",8-12K,苏州,,2026-05-29 18:09:00
66a5f8f97500f7fa03Ny3dW4FltS,运维工程师（昆山）,匠人智慧,20-99人,计算机软件,大专,3-5年,"讲解, 运维, 平台",5-7K·13薪,苏州,,2026-05-29 18:09:00
2f430247347b7ffd0nV-2N29F1RX,云平台维护工程师,东成机电,1000-9999人,电气机械/器材,本科,3-5年,"计算机相关专业, 通信相关专业, AWS, CI/CD",15-25K·15薪,苏州,,2026-05-29 18:09:00
cd805b257e8db5e11Xd52N25FFpS,运维工程师,苏州同阳,0-20人,环保,大专,1-3年,环保 监测 运维,6-10K·13薪,苏州,,2026-05-29 18:09:00
59f7dd4a96f50d190nB_2dm7FltQ,云机房运维工程师,浩鲸科技,10000人以上,通信/网络设备,本科,3-5年,"IDC机房运维, 云机房, 数据中心",8-10K,苏州,,2026-05-29 18:14:11
1a0f3d44408d3b5b0ndz3Ni5F1tV,硬件工程师,某其他专业服务公司,20-99人,其他专业服务,本科,3-5年,,20-30K,苏州,,2026-05-29 18:14:31
7c5320c44a7c3c9f1XJ52t64EVFT,焊接工程师,苏州罗克莱海洋装备,500-999人,石油/石化,本科,3-5年,"立焊, 工艺设计, 焊接工艺, 重型机械, 横焊, 钢结构, 焊接技术",10-15K,苏州,,2026-05-29 18:14:53
d1e43c1ed92a2ea90nB-2du_EFBZ,RPA工程师,苏州美特科技有限公司,1000-9999人,自动化设备,大专,1-3年,"RPA, AI, MES",10-15K,苏州,,2026-05-29 18:14:53
2d516c8eafea7ea20nB_29m5FVpW,汽车生产线运维工程师,弧聚科技,100-499人,互联网,大专,3-5年,"桌面运维, 系统运维, MES, LES, QIS",6-7K,苏州,,2026-05-29 18:14:53
7bb718417f68f0530nB-09-7FlBZ,销售工程师,艾吉克,20-99人,环保,大专,3-5年,"客户开发与维护, 市场信息搜集与分析, 项目跟踪, 技术配合与沟通, 制定产品/服务方案, 工业设备销售经验, 业务创新能力, 商务谈判能力, 市场拓展能力, 技术转销售, 化学化工相关学历, 环保, 医疗设备/器械, 能源, 电力/燃气/水利, 机械设备/机电/重工",15-25K,苏州,,2026-05-29 18:14:53
06bb0c8044871dea1XF93ty0EVFY,工程师,铭众科技,20-99人,智能硬件,大专,5-10年,"CAD, 成本分析, BOM表",8-13K·13薪,苏州,,2026-05-29 18:15:13
a3b6ebd8d99aa4550nZ_3920EVBR,质量工程师,中达电子有限公司,10000人以上,企业服务,本科,1-3年,"不需要出差, IATF 16949经验, 仪器仪表经验, VDA6.1经验, PQE经验（制程）, QC七大手法, 机械加工制造经验, ISO9001经验, 汽车经验, 有质量管理经验, 电子/通信经验, 8D报告经验",7-12K·14薪,苏州,,2026-05-29 18:15:13
9cea0f43dc4aca681nR80t2-FFtU,治具工程师,瑞祥鑫,20-99人,机械设备/机电/重工,学历不限,3-5年,"夹具工程师, 治具工程师",12-15K,苏州,,2026-05-29 18:15:13
a7def1fe014490fc1H1729q4FlFS,售后工程师,苏州元控自动化,100-499人,自动化设备,大专,1-3年,"调试, 3c行业, 售后",7-10K,苏州,,2026-05-29 18:15:13
e7b2a96b5cfcd5f81nR80tW1FFJW,销售工程师,苏州逸流电子有,100-499人,机械设备/机电/重工,大专,1-3年,"市场信息搜集与分析, 芯片销售, 销售工程师, 机械销售, 商务谈判能力, 客户开发与维护, 新客户开发, 老客户维护, 电话销售, 市场营销相关学历, 工业设备销售经验, 业务创新能力, 电气相关学历, 机械相关学历, 项目跟踪",10-15K·13薪,苏州,,2026-05-29 18:15:13
b31f6a22c341942c0nB43di1FFdT,工程师,苏州良虹,0-20人,印刷/包装/造纸,大专,5-10年,"日用化工, 化工工程师证, 精细与专用化学品, 石油专业, 销售支持, 生产操作与管理, 售后支持, 化学专业, 轻化工程专业, 印刷  包装 油墨  化工, 油墨制品, 产品研发, 石油化工, 环保专业",7-12K,苏州,,2026-05-29 18:15:13
03701441b9d301690nB53d6-E1RT,运维工程师,汇聚达创,100-499人,智能硬件/消费电子,本科,3-5年,"网络运维, 运维开发经验, Python/Shell, 计算机相关专业",15-20K·14薪,苏州,,2026-05-29 18:15:35
6f2aab7dab3462fb03F72ty7E1RV,pe工程师,圣弗罗尔,100-499人,电子/半导体/集成电路,高中,3-5年,熟悉SMT制程工艺,7-9K,苏州,,2026-05-29 18:15:35
36575e441dbfbc77031z3dy_FFBS,SQE工程师,东莞领益精密制造科技,10000人以上,电子/硬件开发,本科,3-5年,"物料供应商, 机械制造, IT/通信, SQE工作经验, 熟悉ISO质量管理体系, 了解OEM/ODM, 熟悉6 Sigma策略, 熟悉TS五大工具",10-15K,苏州,,2026-05-29 18:15:35
4a7fc4e385adf9dc1HN62tm_E1BX,销售工程师,恒友音达,20-99人,通用设备,大专,经验不限,"环保, 电话销售, 面销/陌拜, 其他产品/服务, 不接受居家办公, 医疗/大健康, 先进制造, 对企业/机构（To B）销售经验, 企业（To B）, 面销/陌拜经验, 无经验要求, 会展销售",7-12K,苏州,,2026-05-29 18:15:55
3b20f0fdfee6f3ce0nd80tS7GFdY,IE 工程师,嘉盛苏州,1000-9999人,半导体/芯片,大专,经验不限,"要求有工业工程师经验, 半导体经验, IE",9-14K,苏州,,2026-05-29 18:15:55
e68730d1629fada10nd52dq7EFpR,光学工程师,盖泽精密科技,20-99人,半导体/芯片,本科,3-5年,,20-40K·14薪,苏州,,2026-05-29 18:15:55
d8f93d218ded54840nB62920FFRS,技服工程师,广州某中型电子设备制造公司,100-499人,计算机/通信/其他电子设备,大专,3-5年,,20-21K,苏州,,2026-05-29 18:16:15
b0f36def982c77e90nZ-2966E1dU,制冷工程师,苏州奥德冷热科技,20-99人,通用设备,本科,3-5年,,10-15K,苏州,,2026-05-29 18:16:15
d0d56036e325884c1nx829S6FlVY,CNC工程师,苏州众捷,1000-9999人,汽车零部件,学历不限,3-5年,"操机, 编程",10-12K·14薪,苏州,,2026-05-29 18:16:15
83477ae731c595ca0nZ43ty1GFZS,全栈工程师,亿友慧云,100-499人,计算机软件,本科,1-3年,,15-20K,苏州,,2026-05-29 18:16:59
e5abd1b6b5b06e570nd929S8GFdX,工程师,康羽生命,100-499人,生物/制药,本科,1-3年,"有机合成, 工艺转化",7-12K,苏州,,2026-05-29 18:16:59
c99edaa6d06162ab0nB62d-5F1NX,it运维工程师,铁腾科技,20-99人,通信/网络设备,大专,1-3年,"网络运维, 系统运维, 桌面运维, 计算机相关专业, 电子/电气/自动化相关专业, 网络安全相关经验, 运维经验, IDC机房运维",6-9K,苏州,,2026-05-29 18:17:18
8af588682d7576a303V-0tm_GVBQ,软件工程师,明阳科技,100-499人,汽车零部件,本科,3-5年,"系统运维, 计算机相关专业, 电子/电气/自动化相关专业, 运维经验",10-15K,苏州,,2026-05-29 18:17:18
10877a49d04779eb0nR82t69GVFV,机械工程师,踏浪智行,0-20人,智能硬件/消费电子,本科,5-10年,"自动化机械经验, AutoCAD, 底盘系统经验, 整机设计经验, 机电设备经验, 汽车经验, 机器人经验, 重型机械经验, 有机械工程师经验",18-30K,苏州,,2026-05-29 18:17:18
36164dc0a66769a90nd73tq1EVZU,底盘工程师,上元教育,1000-9999人,培训/辅导机构,本科,1-3年,,70-100元/时,苏州,,2026-05-29 18:22:27
584f3b89a98e9f3d0nB-0925FVJU,layout工程师,睿创微纳,500-999人,电子/硬件开发,本科,3-5年,,12-22K·14薪,苏州,,2026-05-29 18:22:27
fca7c322fb49bef61HB53dS7GFdV,仿真工程师,宸微设备,100-499人,半导体/芯片,博士,1-3年,射频开发,20-35K·13薪,苏州,,2026-05-29 18:22:27
f2a8d68571e913f70nB-2dm-FlRQ,测量工程师,欣晟发,100-499人,汽车零部件,大专,3-5年,"有质量管理经验, 汽车经验, 仪器仪表经验, 机械加工制造经验, 其他, ISO9001经验, ISO9000经验, GMP经验, VDA6.1经验, DQE经验（研发）, PQE经验（制程）, 团队管理经验, 8D报告经验, QC七大手法, 不需要出差",10-12K,苏州,,2026-05-29 18:22:27
317b8dae52ce9b780nd52Ni_FFFU,虚拟化工程师,江苏白墨,20-99人,智能硬件,大专,3-5年,,8-13K,苏州,,2026-05-29 18:22:27
6260949c50c775f40nB-3dy7E1FX,sqe工程师,追觅锋行科技,10000人以上,家用电器,大专,3-5年,,12-16K·15薪,苏州,,2026-05-29 18:22:49
5adf384fe44c61a10nZz2964FlZZ,工艺工程师,乔和洗涤,20-99人,专用设备,大专,1-3年,,9-14K,苏州,,2026-05-29 18:22:49
a251fbbd6b7e179e0ndy29q-E1BT,装配工程师,苏州群蚁智能科技,0-20人,通用设备,大专,在校/应届,年终奖,4-5K,苏州,,2026-05-29 18:22:49
5382f0c3e160bb7a0ndy39W8EFtY,视觉工程师,苏州某大型消费电子功能性器件上市公司,1000-9999人,其他行业,大专,5-10年,"有视觉设计经验/技能, 甲方公司, 五险一金, 年终奖, 包吃, 加班费, 房补, 周末双休, 现场办公, 1-3年视觉设计经验",20-25K·13薪,苏州,,2026-05-29 18:22:49
9afaf8bcb3050bf70nd-2d24EFNU,标定工程师,某大型知名汽车零部件公司,10000人以上,汽车零部件,本科,5-10年,,20-21K·15薪,苏州,,2026-05-29 18:22:49
f47fe63fdd7790de03Z6392_F1tR,视觉工程师,苏州元控自动化,100-499人,自动化设备,大专,5-10年,"VisionPro, 外观检测, 尺寸检测",16-23K,苏州,,2026-05-29 18:22:49
e736d32d0a214f8c0ndz3tS-GVFV,工艺工程师,苏州某小型医疗器械公司,20-99人,医疗器械,学历不限,经验不限,"制药/医疗经验, 不需要出差, 医疗器械",20-21K,苏州,,2026-05-29 18:22:49
48cad160917eb3d90nd73dq4GFNU,FEA 工程师,苏州旷途科技有限公司,100-499人,电子/硬件开发,本科,1-3年,,9-14K,苏州,,2026-05-29 18:22:49
d0de2e7a93bf7b3303d82ty7F1tQ,品质工程师,久庚压铸,20-99人,原材料及加工/模具,大专,1-3年,"客户质量工程师, 制程质量工程师",9-11K,苏州,,2026-05-29 18:22:49
270253abf6752bd803Nz39m9GFtQ,暖通工程师,江苏航博,100-499人,通用设备,高中,3-5年,二级建造师,9-14K,苏州,,2026-05-29 18:23:10
a8f3645f3e98618a0nB739y_FlRQ,品质工程师,库邦,20-99人,计算机服务,大专,5-10年,"内审员资格证, IATF 16949经验, 不需要出差, ISO9000经验, PQE经验（制程）, 汽车经验, 有质量管理经验, 电子/通信经验, 8D报告经验",5-8K·13薪,苏州,,2026-05-29 18:23:10
fbbe30eb4a412ba903x90tW7E1VS,QA工程师,宏策光电,20-99人,新材料,高中,3-5年,,8-12K,苏州,,2026-05-29 18:23:10
d2cb8393285016e90nB72924ElJU,layout工程师,苏州猎奇智能设备,500-999人,自动化设备,本科,3-5年,,12-18K,苏州,,2026-05-29 18:23:10
8186beb79b3f3b910ndz09-1EVJQ,应用工程师,苏州某中型机械设备/机电/重工公司,100-499人,机械设备/机电/重工,本科,5-10年,"压缩机, 制冷系统, 涡旋压缩机, 技术支持, 多联机",18-22K,苏州,,2026-05-29 18:23:10
d373131d5227c7230nZz2t-8F1RX,sqe工程师,Fantasy Electronic,100-499人,电子/半导体/集成电路,大专,1-3年,,5-9K,苏州,,2026-05-29 18:23:10
502194406b9d3ab20nZy2Nq7F1BZ,电机工程师,某大型医疗器械公司,100-499人,医疗器械,本科,经验不限,,25-35K·14薪,苏州,,2026-05-29 18:23:10
6c13bea82e05d3d50nB529--FlJW,研发工程师,某中型智能硬件公司,100-499人,智能硬件,硕士,经验不限,,20-30K,苏州,,2026-05-29 18:23:31
9be20611987b3995031z2N-9ElRY,工艺工程师,苏州东辉光学有限公司,1000-9999人,通信/网络设备,本科,1-3年,,12-24K·14薪,苏州,,2026-05-29 18:23:31
55ef51836ecaaba51XN729u7E1VS,销售工程师,2384454,500-999人,电子/硬件开发,本科,3-5年,"市场拓展能力, 电子/半导体/集成电路, 能源, 大中型企业销售经验, 智能硬件, 客户开发与维护, 对机构 (To B) 销售经验, 仪器仪表/工业自动化, 机械设备/机电/重工",7-12K,苏州,,2026-05-29 18:23:31
9b3f26043e9edad90nB-3dS1GFJS,洁净工程师,吴江检测中心,20-99人,其他生活服务,大专,3-5年,"环境检测, 环境采样经验, 环境检测经验, 有环境采样/检测经验",7-10K,苏州,,2026-05-29 18:23:31
434112bc410c92e30nV73d2-FVFY,前端工程师,某知名大型人力资源服务公司,1000-9999人,人力资源服务,本科,经验不限,,15-30K·15薪,苏州,,2026-05-29 18:23:31
de111783c60413c303N70966EFRQ,品质工程师,优尔嘉,20-99人,通信/网络设备,大专,3-5年,"内审员资格证, 团队管理经验, 电池经验, 其他, 电子/通信经验, ISO14001经验, IATF 16949经验, 不需要出差, PQE经验（制程）, QC七大手法, ISO9001经验, CQE经验（客户）, 汽车经验, 有质量管理经验, 8D报告经验",7-10K,苏州,,2026-05-29 18:23:31
6fd0501bbd1980d70nd93Ni0GFNZ,SQE工程师,苏州新同创,100-499人,汽车零部件,本科,1-3年,"汽车, 熟悉ISO质量管理体系, SQE工作经验, 内审员资格, 物料供应商, 电气, SQE, 熟悉IATF6949",7-11K,苏州,,2026-05-29 18:23:31
8e1bced0def5d79b0nB73NS0GVRR,layout工程师,美星科技,20-99人,通信/网络设备,大专,3-5年,"Candence/Allegro, PCB设计经验, 高速板",11-17K·13薪,苏州,,2026-05-29 18:23:31
968488158c0a8fb403V63Nu9FFRQ,ATE工程师,博杰电子股份有限公司,1000-9999人,自动化设备,大专,1-3年,"C++, 测试工作经验, 自动化测试, 通信相关专业, 功能测试",15-22K·14薪,苏州,,2026-05-29 18:23:31
cc27f7a1bf916ec50nB63d-7F1ZU,焊接工程师,昆山宣实精密机械...,20-99人,专用设备,学历不限,3-5年,,8-12K,苏州,,2026-05-29 18:23:31
6295d36ef41bdf760nB60tq7GFRQ,FAE工程师,至简动力,20-99人,人工智能,本科,3-5年,C++,20-40K·13薪,苏州,,2026-05-29 18:23:53
9263a090c8b885510ndy2NS_F1VR,电气工程师,北京某大型高端招聘服务公司,1000-9999人,人力资源服务,本科,3-5年,"PLC工程师, OrCAD, eplan",21-22K,苏州,,2026-05-29 18:23:53
af5ab3533c22b0220ndy2dS4ElZY,硬件工程师,某大型电子公司,500-999人,电子/半导体/集成电路,学历不限,经验不限,,24-26K·13薪,苏州,,2026-05-29 18:23:53
8fac706cece821b60nZ60ty1EVtV,算法工程师,某大型专用设备公司,100-499人,专用设备,本科,经验不限,,30-35K,苏州,,2026-05-29 18:23:53
5ffdf5c95ab192670nV50t6_EVNY,工程师,苏州某小型国际精密光学元器件公司,20-99人,橡胶/塑料制品,大专,5-10年,接受无机械工程师经验,20-21K,苏州,,2026-05-29 18:23:53
223da62a3cb8e8e30nZ53Nq4EVpT,网络运维工程师,北京华胜天成,1000-9999人,计算机软件,大专,在校/应届,"网络运维, 计算机相关专业, 运维经验, CCNP",5-6K,苏州,,2026-05-29 18:23:53
7a81a8eecce8d3a10nd52N-8E1FT,fe工程师,MOVA,1000-9999人,家用电器,本科,3-5年,,10-15K·15薪,苏州,,2026-05-29 18:23:53
1ab1624dcc7620140nd52N-6FlZX,DQE工程师,大图热控,0-20人,金属制品,大专,3-5年,,13-18K,苏州,,2026-05-29 18:24:15
f162ebc66842f2fc03Bz2dS0FlJS,FAE工程师,上富电技,500-999人,汽车零部件,本科,1-3年,"单片机开发, C语言, C++",10-15K,苏州,,2026-05-29 18:24:15
4ed54b3f2e200ac003Nz2ti-FlZQ,fae工程师,潮州三环,10000人以上,电子/硬件开发,本科,1-3年,电路设计,10-15K·13薪,苏州,,2026-05-29 18:24:15
edb14e03019b097203F73dS0ElNZ,电气工程师,苏州爱旺智能设备,20-99人,自动化设备,中专/中技,3-5年,,8-12K,苏州,,2026-05-29 18:24:15
9a6d36c2523599181H1409u6GFRX,产品工程师,松翔电通科技,100-499人,其他制造业,大专,3-5年,,9-14K,苏州,,2026-05-29 18:24:15
67eeace6db608d2f03F829i0FlRY,运维工程师,德扬智能装备,100-499人,机械设备/机电/重工,本科,1-3年,,7-10K,苏州,,2026-05-29 18:24:15
2816d0fdd68498a403N429q1EFpU,工程师,苏州某大型半导体/芯片上市公司,1000-9999人,半导体/芯片,本科,3-5年,"要求有机械设备工程师经验, 企业（甲方）, 不需要出差, 自动化设备经验, 非标设备经验, 电子/通信设备经验, 设备维修/保养经验, 团队管理经验",19-21K,苏州,,2026-05-29 18:24:15
16fb8f008b1b93260nB-3dS4EltY,算法工程师,一半科技,20-99人,计算机软件,硕士,3-5年,,12-18K,苏州,,2026-05-29 18:24:15
f5e563e7082ccd6a0nB-09m1FFtU,plc工程师,以物思,0-20人,人力资源服务,大专,1-3年,,95-100元/时,苏州,,2026-05-29 18:24:34
d175b80bbd0782940nB73d65FFtQ,质量工程师,弘广盛,20-99人,汽车零部件,学历不限,5-10年,,8-10K,苏州,,2026-05-29 18:24:34
dce8d8627d2c07780nB529i1EldQ,电气工程师,苏州某大型消费电子功能性器件上市公司,1000-9999人,其他行业,大专,5-10年,C语言,20-22K,苏州,,2026-05-29 18:24:34
751e7e7545bdd23a0nV_2dW0FFRT,机械工程师,苏州驰扬工业自动...,0-20人,机械设备/机电/重工,本科,3-5年,"有机械工程师经验, 自动化机械经验, 非标设计经验, SolidWorks, AutoCAD",12-18K,苏州,,2026-05-29 18:24:34
bb3f3934d0e8406103R-0tu0EVBS,夹具工程师,昆山控达克,20-99人,汽车零部件,大专,5-10年,"ug, 冲压模具, 检具, 铸件模",5-10K,苏州,,2026-05-29 18:24:34
6097b49d504c21030nB42t27EFZT,工艺工程师,苏州普莱斯特模塑科技,0-20人,印刷/包装/造纸,大专,3-5年,,9-12K,苏州,,2026-05-29 18:24:34
c933a08e5626b3f70nRz0t-0GVBY,设备工程师,江苏正力新能电池技术,1000-9999人,动力电池,本科,经验不限,,11-20K·14薪,苏州,,2026-05-29 18:24:34
728c182e287d1fbb0nZ_3tq9F1NU,ai工程师,TrialData,20-99人,医疗健康,本科,1-3年,"深度学习, 大模型算法, 自然语言处理算法, C/C++, Python, 大数据处理工具(Spark/Hadoop/Hive), 算法工程化经验",12-19K,苏州,,2026-05-29 18:24:55
890288d83e2475720nB40ti6F1NT,先期工艺/制造工程 工程师,东山精密,10000人以上,金属制品,本科,5-10年,,15-20K,苏州,,2026-05-29 18:24:55
84c7ceadc7f51c090nd73tW9GFpR,硬件工程师,亚博汉,100-499人,仪器仪表,本科,3-5年,"芯片/半导体/集成电路, 智能硬件/可穿戴设备, 手机/电脑/通讯终端, 音视频/显示类产品, 汽车硬件产品, 硬件开发经验, 摄像头, 海思, 相机, PCB, cadence",15-30K,苏州,,2026-05-29 18:24:55
cf35012c9288472603N82tW8E1NR,销售工程师,江苏博云,100-499人,化工,本科,1-3年,"市场拓展能力, 技术转销售, 化学化工相关学历, 化工, 客户开发与维护, 业务创新能力, 对机构 (To B) 销售经验",13-25K,苏州,,2026-05-29 18:24:55
f0599b22e509832b0nV439S9FFJS,质量工程师,艾奥珂工业零部件,20-99人,进出口贸易,本科,1-3年,"内审员资格证, 需要出差, 项目管理经验, 机械加工制造经验, SQE经验（供应商）, 制药/医疗经验, IATF 16949经验, VDA6.1经验, 医疗器械经验, PQE经验（制程）, QC七大手法, ISO9001经验, CQE经验（客户）, 有质量管理经验, 8D报告经验",7-9K·13薪,苏州,,2026-05-29 18:24:55
b58903a8fa10423d1nR509S_FVZT,硬件工程师,苏州上声,1000-9999人,汽车零部件,本科,5-10年,"硬件工程师, 电子工程师",12-24K,苏州,,2026-05-29 18:25:16
8120f3c46d917dcf1nF_3d25FltW,电气工程师,新威浩,20-99人,通用设备,大专,5-10年,"电气安装, 熟悉PLC编程, 西门子博图软件, 西门子PLC, EPlan",11-20K,苏州,,2026-05-29 18:25:16
b940c738eec2fb660nB529S1GFtQ,java软件工程师,瑞贝斯智能,0-20人,智能硬件,本科,1-3年,,7-8K,苏州,,2026-05-29 18:25:16
cb17f174ac15eda003xz3t-9EFNR,IT基础设施工程师,某中型铁路/船舶/航空/航天制造公司,500-999人,铁路/船舶/航空/航天制造,本科,5-10年,,25-35K,苏州,,2026-05-29 18:25:16
7b2f05dfcb0848f503R909S_GVVW,线束工程师,昆山雷欧,20-99人,计算机/通信/其他电子设备,高中,1-3年,"电气相关专业, AutoCAD, 制造工程师, 低压线束, 熟悉TS16949标准, 车辆工程专业, 高压线束",7-12K,苏州,,2026-05-29 18:25:16
3f6e8f8032239aad03F93d67E1BS,测试工程师,苏州汇川联合动力系统,1000-9999人,汽车零部件,本科,5-10年,,25-30K·15薪,苏州,,2026-05-29 18:25:16
2d9af8ed4728121d0nB43ti0FFVR,质量工程师,云迹科技,100-499人,智能硬件,本科,5-10年,"有质量管理经验, 需要出差, 家电经验, ISO9001经验, DQE经验（研发）, CQE经验（客户）, PQE经验（制程）, QC七大手法, 项目管理经验, 六西格玛证",20-30K,苏州,,2026-05-29 18:25:16
eff9d1e24c6be8f103F73NW1FlpV,采购工程师,昆山领创自动化科技,20-99人,自动化设备,中专/中技,1-3年,,5-7K·13薪,苏州,,2026-05-29 18:25:16
6ccd25c1216dd5f11XF43dy_GFZZ,运动控制工程师,昆山工研院芯片封...,20-99人,电子/半导体/集成电路,硕士,经验不限,"云计算, 数学/统计相关专业, 机器学习算法/工程化经验, 深度学习经验, 自动控制",30-45K,苏州,,2026-05-29 18:25:16
ef9f57ca9c849c821HZ_3ti1EVNU,模具工程师,苏州鑫旭达精密模...,100-499人,原材料及加工/模具,学历不限,3-5年,"汽车, AutoCAD, 有模具工程师经验, 注塑经验",12-13K,苏州,,2026-05-29 18:25:16
78afa1f1437b2eb103d_0966FltY,采购工程师,苏州铠嘉建设工程,20-99人,装修装饰,大专,3-5年,"国内采购, 机电工程, 建筑材料, 建筑行业, 洁净工程",10-15K,苏州,,2026-05-29 18:25:16
eb2fa31cdabf0a110nd-2Nm1GVRQ,结构工程师,苏州某大型电子商务公司,1000-9999人,电子商务,大专,3-5年,"有机械结构工程师经验, Pro/E, 家电设备经验, 整机设计经验, 清洁电器, 小家电, 生活家电, 变频器",20-35K,苏州,,2026-05-29 18:25:16
2b4cd6bdcbeaf22e0nB42t24FFVY,PCB工程师,星能链科技,20-99人,储能,本科,3-5年,,15-25K,苏州,,2026-05-29 18:25:38
f0ce16d1bb88b4461XR63Ny8GVRR,电气工程师,华誉自动化,100-499人,自动化设备,大专,经验不限,"电气, PLC",11-18K,苏州,,2026-05-29 18:25:38
b9106ab9c8c2b7c10nZy0965EVpW,消防工程师,天鹏电源,1000-9999人,智能硬件,本科,1-3年,"有消防工程经验, 不需要长期出差/驻场, 1-3年消防工作经验, 消防安全管理经验",10-15K·14薪,苏州,,2026-05-29 18:25:38
f3aa568581e2cb311HJ53dq-FFdR,运维工程师（轨交）,江苏新希望,100-499人,计算机硬件,大专,经验不限,"通信相关专业, 计算机相关专业, 运维经验",5-7K·13薪,苏州,,2026-05-29 18:25:38
afc4af73ccc9497d0nZz2ty0GFpY,机械工程师,无锡某大型新能源智能装备上市公司,10000人以上,智能硬件,本科,3-5年,,20-30K,苏州,,2026-05-29 18:25:38
e938f23f21f472dc0nB42ty_EVBX,精益工程师,昆山沪光汽车电器,1000-9999人,汽车零部件,本科,3-5年,"要求有工业工程师经验, 精益改善经验, Layout经验, 团队管理经验, 汽车经验",12-20K·13薪,苏州,,2026-05-29 18:25:38
59e2e4e1644576e31HF53N-7EFtQ,BIM工程师,曦荣装配,20-99人,建筑设计,本科,,"Tekla, 核心建模, AutoCAD, BIM, BIM实操经验, 装配式设计",150-200元/天,苏州,,2026-05-29 18:25:38
eb576e10873f79160nB-39q4FVtS,GIS项目运维工程师,云遥星图,0-20人,计算机软件,本科,经验不限,,5-8K,苏州,,2026-05-29 18:25:38
31d6639a254aa2310nB43tS8FFVT,质量工程师,苏州海微新材料,20-99人,电子/硬件开发,本科,5-10年,"有质量管理经验, 电子/通信经验, 制药/医疗经验, 仪器仪表经验, 半导体经验, ISO9001经验, DQE经验（研发）, SQE经验（供应商）, CQE经验（客户）, PQE经验（制程）, 8D报告经验, 不需要出差",10-15K,苏州,,2026-05-29 18:25:38
9e2dc5147158f9990nB-2t67FVdU,GPU服务器运维工程师-太仓,亚康万玮,1000-9999人,互联网,大专,1-3年,,7-8K,苏州,,2026-05-29 18:29:45
4228f232f1782e2303Zz2N67F1pV,纯化工程师,信达生物,1000-9999人,生物/制药,大专,5-10年,"生物药, 生产操作, 生产工艺, 良好的英文能力",9-14K,苏州,,2026-05-29 18:29:45
510ce64e696f5f5b1HJ82dm0FltV,NPM工程师,昆山联滔电子有限公司,10000人以上,电子/半导体/集成电路,高中,3-5年,松下,10-15K,苏州,,2026-05-29 18:29:45
9c363a6f0c72494e1HF_2Ni9FFQ~,虚拟化工程师,赛融科技,100-499人,计算机软件,大专,1-3年,"系统运维, 云计算, VMware   , 虚拟化  , Citrix",12-18K,苏州,,2026-05-29 18:29:45
9994f47eb3b123a40nB-3dW7E1tU,研发工程师,苏州启恒达智能科技,0-20人,自动化设备,学历不限,3-5年,"有机械结构工程师经验, 机器人经验, 自动化机械经验, 团队管理经验, 整机设计经验, 仿真设计经验, 非标设计经验, SolidWorks, AutoCAD",12-15K,苏州,,2026-05-29 18:30:05
8cbbbe603b9dccd31X153N2_FFFZ,江苏酉立智能装备招聘质量管理/测试工程师,江苏酉立智能装备,100-499人,金属制品,学历不限,3-5年,"内审员资格证, 体系, 机械加工制造经验, SQE经验（供应商）, PPAP, 英语, 不需要出差, QC七大手法, 英语可作为工作语言, ISO9001经验, CQE经验（客户）, 有质量管理经验, 8D报告经验",20-30K,苏州,,2026-05-29 18:30:27
b08a5bd438eb65950nB53Nq0FVtS,fae工程师,纵苇科技集团,500-999人,其他制造业,大专,1-3年,,7-9K·13薪,苏州,,2026-05-29 18:30:27
ae0dfec2ed5813d60nB5092-E1RX,质量工程师,北京简智新创机器...,20-99人,人工智能,大专,1-3年,"需要出差, 机械加工制造经验, SQE经验（供应商）, 有质量管理经验, 8D报告经验",8-12K·14薪,苏州,,2026-05-29 18:30:27
7e332dc61c4f86bd03J93dq6GVZU,机构工程师,江苏联康信息,500-999人,计算机硬件,本科,3-5年,3C,12-18K,苏州,,2026-05-29 18:30:49
bd195997f3fd13a11nNz2Nq4GVZV,新莱应材招聘质量管理/测试工程师,新莱应材,1000-9999人,其他制造业,大专,1-3年,生产质量管理,10-15K,苏州,,2026-05-29 18:30:49
b832541d16a575730nB53Nq_EVVR,DQE工程师,追觅科技,1000-9999人,家用电器,本科,5-10年,"有质量管理经验, 不需要出差, 电子/通信经验, 电池经验, 家电经验, IATF 16949经验, DQE经验（研发）, 8D报告经验, QC七大手法, 项目管理经验",15-25K·15薪,苏州,,2026-05-29 18:30:49
d62684677c0216cb0nR73ty-FVVY,工艺工程师,一东航空,500-999人,汽车零部件,大专,5-10年,,11-22K,苏州,,2026-05-29 18:30:49
001b8bba650dd08b0nB53dy8GVBR,ROS2 机器人导航 SLAM 工程师,上海星光瀚澜智能科技,20-99人,医疗服务,本科,1-3年,,15-25K,苏州,,2026-05-29 18:31:11
6cfb0cc43446fb41031y2dW9F1RS,硬件工程师,安驰控制,100-499人,电子/硬件开发,本科,3-5年,,15-25K·14薪,苏州,,2026-05-29 18:31:11
d728f0cd785845d40ndy0tm5GFBT,质量工程师,苏州嘉励自动化科技,100-499人,自动化设备,大专,3-5年,"有质量管理经验, 需要出差, 半导体经验, 机械加工制造经验, 8D报告经验, SQE经验（供应商）, ISO9001经验",8-13K,苏州,,2026-05-29 18:31:11
7f0488088bf77bbd0nVy39S_F1NU,项目工程师,苏州成沃汽车零部件,100-499人,汽车零部件,大专,3-5年,"Catia, 汽车项目管理经验, 机械相关专业, 主导或参与量产车全流程",8-12K,苏州,,2026-05-29 18:31:32
3e6301df61987ee30nB62968GFRS,应用 / SDK 工程师,星空计划汽车,100-499人,新能源汽车,本科,5-10年,,30-60K·15薪,苏州,,2026-05-29 18:31:32
ab9137abd957ac340nB-0ti-FVBT,产品工程师,华翔内饰系统,1000-9999人,汽车零部件,本科,3-5年,,10-15K·14薪,苏州,,2026-05-29 18:31:32
72f44f5eb8a446b50nR_29u4ElFZ,配网工程师,智数汇安,0-20人,电力/热力/燃气/水利,学历不限,经验不限,运维,6-7K,苏州,,2026-05-29 18:31:32
3694881d38ae7b0b0nB53dS9FFRY,sqe工程师,天孚,1000-9999人,通信/网络设备,本科,5-10年,"ISO14001经验, 不需要出差, IATF 16949经验, 半导体经验, ISO9001经验, SQE经验（供应商）, 有质量管理经验, 电子/通信经验",13-20K·14薪,苏州,,2026-05-29 18:31:32
4a35a928208fe5171XF43di4GVdR,电气工程师,昆山集晨智能,100-499人,仪器仪表,本科,3-5年,"光伏、半导体, 3C非标设备经验, 电气助理工程师, 电气自动化, PLC工程师",11-20K·13薪,苏州,,2026-05-29 18:31:51
59ce1541943dc26d0nVz29u4FlJS,暖通工程师,苏州上品嘉建设工程,20-99人,装修装饰,大专,3-5年,,7-8K,苏州,,2026-05-29 18:32:12
eec2b3b0c68a4c9e0nV-2dq5GVNU,pie工程师,立讯智造,10000人以上,智能硬件,大专,1-3年,"电子/通信经验, 手机经验, 耳机经验, 智能穿戴设备经验, 装配/总装经验, 其他, UG, 其他, 试产工程师（NPI）经验, 需要出差",11-20K,苏州,,2026-05-29 18:32:12
290fa26dd6d779d40ndy39i9FVFQ,机器人轨迹规划/CAM 工程师,戴伯特,20-99人,专用设备,硕士,经验不限,"C/C++, Python, 算法工程化经验, 工业机器人, 轨迹规划, CAM",30-50K·13薪,苏州,,2026-05-29 18:32:34
f94b30868f939ce103R43tW0EFRY,硬件工程师,汇川联合动力,1000-9999人,汽车零部件,本科,5-10年,"汽车硬件产品, 电池/电源类产品, 硬件开发经验, 硬件项目管理经验, 电子电气/自动化相关专业",20-40K·16薪,苏州,,2026-05-29 18:32:55
303169bfcd44ee530nB-3N61ElZQ,云平台高级运维工程师,上海某中型广告营销公司,100-499人,广告营销,本科,3-5年,"系统运维, 运维开发/DevOps, Docker, Kubernetes, 运维经验, SRE, AWS",30-35K·15薪,苏州,,2026-05-29 18:32:55
06c5627db13ab5b903N53tW9EFZZ,测试工程师,苏州尚腾,500-999人,其他制造业,本科,3-5年,,8-13K,苏州,,2026-05-29 18:32:55
c9a46c5e162c50be03Z839-_GVNX,idc运维工程师,亚康万玮,1000-9999人,互联网,大专,1-3年,"硬件故障处理, 服务器运维, 机房, IDC机房运维, 数据中心",6-7K,苏州,,2026-05-29 18:38:04
1a358b9ad3d4c89c0nB429-0GFdY,研发工程师,某大型原材料及加工公司,500-999人,原材料及加工/模具,学历不限,经验不限,,20-30K,苏州,,2026-05-29 18:38:04
750395d7c8368c4a0nB50ty_E1BW,液压工程师,某500强上市公司,10000人以上,企业服务,本科,5-10年,,20-30K,苏州,,2026-05-29 18:38:24
e0be8e9aff372cfa0nZ72ti0EVNT,工艺工程师,一径科技,100-499人,半导体/芯片,大专,5-10年,,12-17K,苏州,,2026-05-29 18:38:24
5a446a2cc5cc55a40nB63ty1EVpY,SQE 工程师,苏州菲托斯三维科技,20-99人,其他制造业,大专,3-5年,,10-15K·13薪,苏州,,2026-05-29 18:38:24
22740545223ed9040nB-0967EFNR,试模工程师,合兴,1000-9999人,汽车零部件,大专,3-5年,,6-11K·13薪,苏州,,2026-05-29 18:39:27
477dff898ca0e96f0nB73dq0GFBS,触觉传感器研发工程师,新加坡某中型人工智能公司，获得过亿级人民币种子轮融资,100-499人,人工智能,硕士,5-10年,"有国际期刊/会议论文发表, Java, 计算机相关专业, MATLAB, 深度学习经验, C/C++, 生物医疗, OpenCV, 智能驾驶, 机器学习算法/工程化经验, 搜索/推荐, 语音/图像识别, 业务导向, Python, 云计算",30-60K·13薪,苏州,,2026-05-29 18:39:27
2c710720c979fbd00nd82d67E1BR,采购工程师,金象华升,0-20人,电子/硬件开发,本科,3-5年,"电子元器件, 国内采购, 机加工非标件, 零配件, 统招本科, 原材料",7-10K,苏州,,2026-05-29 18:39:27
3c69f845fedbf0c70nV82ti9F1pV,服务器系统运维工程师,软件评测,1000-9999人,计算机软件,本科,1-3年,"系统运维, 计算机相关专业",8-10K,苏州,,2026-05-29 18:39:46
c4545b77e25dd75c0nV40tW7GVpZ,ae工程师,某大型自动化设备上市公司,1000-9999人,自动化设备,硕士,3-5年,"C语言, 单片机开发, AE工程师, 半导体, 功率器件",35-40K,苏州,,2026-05-29 18:40:07
3dc1edf434f5e9b803V83d6-FlZS,运维工程师,苏州世必得,0-20人,互联网,大专,1-3年,"网络运维, 实施交付运维, 系统运维",5-8K·13薪,苏州,,2026-05-29 18:40:28
d2b20b7821ad3a280nB-2dy8GFJR,测试工程师,科沃斯机器人有限公司,1000-9999人,其他行业,本科,3-5年,,12-20K·14薪,苏州,,2026-05-29 18:40:28
e9be6091a26e77f50nd42Nu8EFFW,测试工程师,世航智能,100-499人,人工智能,本科,1-3年,,15-20K·15薪,苏州,,2026-05-29 18:40:28
77c9db87b0d020510nd_3t24E1NT,硬件工程师,英诺维尔,100-499人,医疗器械,本科,5-10年,,15-25K,苏州,,2026-05-29 18:40:50
609f004b543ec1d20ndz3dW0GVFU,电气工程师,北京基元智航科技,20-99人,人工智能,大专,5-10年,,15-25K·13薪,苏州,,2026-05-29 18:40:50
da141e85ed84189b031739-8EFtY,机械工程师,苏州英威艾,20-99人,自动化设备,本科,3-5年,,10-15K·13薪,苏州,,2026-05-29 18:40:50
59b3feafa58a29e51Xd539-9GFNW,机械工程师,凯博易控,100-499人,新能源汽车,本科,3-5年,SolidWorks,12-18K·13薪,苏州,,2026-05-29 18:41:10
cffcb060b207b6230nd429-0GVBQ,光学工程师,苏州某中型通信/网络设备公司,100-499人,通信/网络设备,大专,3-5年,"光纤跳线, 光纤连接器, 无源光器件, MPO, FA—MT, 光纤组件, 光器件",20-21K,苏州,,2026-05-29 18:46:19
68052a7b426283060nB73Ny6EFJS,工艺工程师,江苏某大型人力资源服务公司,1000-9999人,人力资源服务,本科,1-3年,,16-30K·15薪,苏州,,2026-05-29 18:46:19
3734020c723440b503190t68F1BT,AE工程师,名硕电脑,10000人以上,电子/半导体/集成电路,大专,经验不限,"接受无机械设备工程师经验, 企业（甲方）, 不需要出差",6-8K,苏州,,2026-05-29 18:46:19
104dad911ad9ee530nd93dy1FlJQ,销售工程师,宏山激光,1000-9999人,通用设备,大专,3-5年,,10-15K,苏州,,2026-05-29 18:46:39
e92e479783f9c4171HRy0t24EFdS,博格招聘质量管理/测试工程师,博格,100-499人,汽车零部件,大专,1-3年,"SQA/SQE, SPC, DQC, 8D报告, 汽车质量管理, 汽车质量管理体系标准, 全面质量管理TQM",8-9K,苏州,,2026-05-29 18:46:39
0ff9e0f3dd39a91f0nB439W-GFBX,仿真工程师,苏州某中型智能硬件/消费电子公司,100-499人,智能硬件/消费电子,本科,5-10年,动力学仿真,35-50K·14薪,苏州,,2026-05-29 18:46:39
0e0f32166d4681070nd50ti0GVpQ,试飞工程师,峰飞航空,500-999人,铁路/船舶/航空/航天制造,本科,3-5年,"试飞项目管理, 试飞工程师, 试飞方案, 试飞规划",20-35K,苏州,,2026-05-29 18:46:39
a5683bc54ec35a760nB62Ni_FFBQ,空间工程师,卓越物业,10000人以上,企业服务,本科,在校/应届,,8-13K·13薪,苏州,,2026-05-29 18:46:39
e5d02a330fd4191a0nd909y4ElVX,算力运维工程师,江苏埃力晟数字科技,20-99人,运营商/增值服务,本科,3-5年,,10-11K,苏州,,2026-05-29 18:46:39
752a42e0a8edcb870nB-2dS7FVBS,设备工程师,牧原食品股份有限公司,10000人以上,农/林/牧/渔,大专,1-3年,"接受无机械设备工程师经验, 电工证, PLC编程软件, SolidWorks, 企业（甲方）, 不需要出差",10-15K,苏州,,2026-05-29 18:46:39
35fd41e59556b5f50nB73dq8F1RQ,pm工程师,安洁科技有限公司,1000-9999人,其他行业,本科,5-10年,,18-23K,苏州,,2026-05-29 18:46:39
24001218c94fca1d0nZ729W_E1ZZ,电气工程师,北京某大型人力资源服务公司,1000-9999人,人力资源服务,本科,3-5年,,20-25K,苏州,,2026-05-29 18:46:39
73bea766b33123090nd80tm8FVVS,视觉工程师,捷普集团,1000-9999人,原材料及加工/模具,本科,5-10年,"机器学习, 目标检测, 工业/缺陷检测, 图像处理库（OpenCV等）, HALCON, VisionPro, 模型加速/性能优化, C#上位机开发, 3CApple, 非标自动化, 视觉工程师",13-18K·16薪,苏州,,2026-05-29 18:46:39
588b5b0b8d5429d303F729y4EltV,硬件工程师,世航智能,100-499人,人工智能,学历不限,经验不限,,30-60K·15薪,苏州,,2026-05-29 18:46:39
04f597d49e13a14e0ndy09u1FFZV,生技工程师,苏州天脉导热科技,1000-9999人,智能硬件/消费电子,大专,3-5年,"要求有机械设备工程师经验, 企业（甲方）, 不需要出差, 自动化设备经验, 机电设备经验, 设备维修/保养经验, 团队管理经验",10-15K,苏州,,2026-05-29 18:46:59
8333c4bc2d8e13f603d529-5ElVW,电机工程师,某知名消费电子上市公司,1000-9999人,消费电子,本科,经验不限,"电气/电力/电子专业, 研发工程师, 熟悉永磁同步电机, 熟悉MCU, ANSYS, Simulink, 设计工程师, Matlab",25-40K,苏州,,2026-05-29 18:46:59
a722cfac8cf5f1c60nd-3Nq-EFFU,硬件工程师,欧华传动,20-99人,电气机械/器材,本科,3-5年,,20-35K,苏州,,2026-05-29 18:46:59
53731e3a1719fa951XR429i5EVJV,采购工程师,泓浒半导体,100-499人,半导体/芯片,大专,5-10年,"电子元器件, 国内采购, 机械制造品, 机械部件, 自带供应商资源, 大中型企业采购经验, 零配件, 供应链/贸易专业, 供应商资源开发, 成品/样品, 原材料",8-12K,苏州,,2026-05-29 18:46:59
3cac4762cdac58bd0nV70t-0FlNU,硬件工程师,苏州某中型自动化设备公司,100-499人,自动化设备,本科,3-5年,,20-40K,苏州,,2026-05-29 18:46:59
477c16677b1f5fac0nB72d6_FVFS,冷铸工程师,苏州巨隆金属制品公司,100-499人,机械设备/机电/重工,学历不限,3-5年,"机械加工制造经验, 专用机械经验, 其他, 五金经验, 冶炼工艺经验, 不需要出差",16-22K,苏州,,2026-05-29 18:46:59
99cf69b52264c1f50ndy39W4ElFX,TPM工程师,苏州某大型消费电子功能性器件上市公司,1000-9999人,其他行业,本科,5-10年,"企业内部技术项目管理, 软件研发经验",22-26K·13薪,苏州,,2026-05-29 18:46:59
040724fc1ae0c3d00nB-09-4GVtX,汽车生产线运维工程师（苏州）,信畅信息,20-99人,通信/网络设备,大专,3-5年,,5-7K,苏州,,2026-05-29 18:46:59
18a36e33734a408c0nZz09S1GVVY,模具工程师,某大型自动化设备公司,500-999人,自动化设备,本科,1-3年,"铸造经验, UG, 电子/通信, 液冷, 有模具工程师经验, 服务器, 注塑经验, 机箱, 机柜, 钣金经验",15-25K·16薪,苏州,,2026-05-29 18:47:20
0cc8474570fba5f503172N6-EFNV,制动工程师,重庆星空梦屋创新科技,20-99人,新能源汽车,本科,3-5年,,18-35K·14薪,苏州,,2026-05-29 18:47:20
a834c103c7d4c18c0nVy39W4GFVY,加工工程师,六丰机械,500-999人,汽车研发/制造,大专,经验不限,,7-8K,苏州,,2026-05-29 18:47:20
d6901b72c059cfc10ndy39W5EFNW,交付工程师,昆山国力源通新能...,100-499人,汽车零部件,本科,3-5年,,12-16K·13薪,苏州,,2026-05-29 18:47:20
eeb14f6b8a415c910ndz0ty5GFtV,专利工程师,江苏行有恒科技,20-99人,检测/认证/知识产权,本科,3-5年,,14-28K,苏州,,2026-05-29 18:47:20
5062df25d56ef6940nZ-0t-5E1tQ,线束工程师,苏州加泽电子科技,0-20人,通信/网络设备,学历不限,5-10年,"电气相关专业, AutoCAD, 工艺工程师, 制造工程师, 低压线束, 车辆工程专业, 设计工程师, 高压线束, 线束",7-8K,苏州,,2026-05-29 18:47:20
5ff8acc3a185be680nR-2dy_GVZR,销售工程师,卓茂科技,100-499人,自动化设备,本科,1-3年,,8-13K,苏州,,2026-05-29 18:47:20
dca4811536495b410nd-0t6-GVNQ,模切工程师,苏州某大型电子/半导体/集成电路公司,1000-9999人,电子/半导体/集成电路,大专,3-5年,,20-21K,苏州,,2026-05-29 18:47:20
ce2a7da55e5531a40nB60ti-GVNX,软件工程师,豪米波,100-499人,汽车零部件,大专,3-5年,,12-20K,苏州,,2026-05-29 18:47:42
fd3ea07a3ff7465f03N409y6GVdX,镀膜工程师,玛奇纳米科技(苏...,0-20人,机械设备/机电/重工,大专,3-5年,"AutoCAD, 需要出差, 机械加工制造经验, 机电设备经验, SolidWorks, 电子/通信经验",5-8K,苏州,,2026-05-29 18:47:42
aeb9cb5cf902dfc40nd62dy5EVNQ,采购工程师,博众精工,1000-9999人,自动化设备,本科,3-5年,,10-15K·14薪,苏州,,2026-05-29 18:47:42
e2ba69b38098048e1HJy3Nq4EVtU,SQE工程师,苏州联讯仪器,1000-9999人,半导体/芯片,大专,3-5年,"机械制造, 熟悉ISO质量管理体系, 内审员资格",8-13K·13薪,苏州,,2026-05-29 18:47:42
990f9539d15be3330nZ53t69EFRT,结构工程师,银舍智能,100-499人,智能硬件,大专,经验不限,"机器人, 庭院, 吸尘器",15-25K,苏州,,2026-05-29 18:47:42
46eefb83825420990nd-0tu9FFNV,测试工程师,追觅智净未来,500-999人,家用电器,大专,3-5年,"PLC工程师, CAD",15-25K·15薪,苏州,,2026-05-29 18:47:42
8990dc012d1818c70nZ_3NS-F1RW,认证工程师,石头科技,1000-9999人,智能硬件,本科,3-5年,"FCC认证, UL认证, CE认证, CB",20-35K·16薪,苏州,,2026-05-29 18:47:42
4d7c833965b7c8f30ndy3N65GFFT,产品工程师,国泰科技,100-499人,汽车零部件,大专,3-5年,,10-12K,苏州,,2026-05-29 18:47:42
d160ad9d6337e7f90nV53d-6F1dT,售后工程师,海柏特工业设备(...,0-20人,机械设备/机电/重工,学历不限,3-5年,"不需要出差, 要求有设备维保经验, C1驾照, 维修服务商（乙方）, 不需要倒班, 不需要夜班",10-12K,苏州,,2026-05-29 18:47:42
a7c2f8d1d129ef960nV53tW9E1ZS,运控工程师,轩田科技,500-999人,人工智能,本科,1-3年,,10-15K·13薪,苏州,,2026-05-29 18:47:42
7b17ca434dc0750503d50tu-ElRY,EAP工程师,江苏芯慧联芯,100-499人,半导体/芯片,本科,1-3年,"C#, C#开发经验, .NET开发经验, EAP",15-30K·13薪,苏州,,2026-05-29 18:48:03
88564c7c9cfabb9e03B_3tm5FFFV,采购工程师,追觅锋行,1000-9999人,智能硬件/消费电子,本科,5-10年,,15-25K·15薪,苏州,,2026-05-29 18:48:03
29e0447975fe4c831Xxy2NS_E1dQ,dsp工程师,某大型电子公司,100-499人,电子/硬件开发,本科,1-3年,"MATLAB, 电力电子",20-40K,苏州,,2026-05-29 18:48:03
4f22ebf4f22d2ab70ndy2N65FlFR,项目工程师,苏州新实达,100-499人,汽车零部件,大专,3-5年,"有模具工程师经验, 注塑经验, 汽车, 电子连接器",10-15K,苏州,,2026-05-29 18:48:03
0c00f17682dc19681Hx_3Nm0EVZX,电子工程师,秋叶义,20-99人,自动化设备,大专,1-3年,电控工程师,7-11K,苏州,,2026-05-29 18:48:03
94204f68f05790780nVz2tS9E1VW,在线仪运维工程师,常熟汇力通生态环...,0-20人,环保,大专,经验不限,"电子/电气/自动化相关专业, 运维经验, 环境",4-6K,苏州,,2026-05-29 18:48:03
33856ee8fb5c17ef0nd939--F1BV,机械工程师,苏州鑫山源机械科技,20-99人,机电工程,大专,3-5年,"有机械工程师经验, AutoCAD, 自动化机械经验, 整机设计经验, 非标设计经验",6-10K,苏州,,2026-05-29 18:48:03
69f6352e7687425d03B_29u1FVZS,光学工程师,某中型仪器仪表/工业自动化公司,100-499人,仪器仪表/工业自动化,本科,3-5年,"Zemax, 光学, 光路设计, 摄像头模组镜头设计, 镜头设计, 车载镜头, 手机镜头, MR/AR/VR",20-24K·13薪,苏州,,2026-05-29 18:48:03
d4972c5899f562890nB-39m-FlZY,cqa工程师,视源股份(CVTE),1000-9999人,电子/硬件开发,本科,3-5年,,15-25K·13薪,苏州,,2026-05-29 18:48:03
6fcfded4bd8367a61HV92Ni_FFVS,焊接工程师,尚勤,20-99人,电子/半导体/集成电路,中专/中技,3-5年,"精密仪器, 焊接作业, 质量检测",6-8K,苏州,,2026-05-29 18:48:03
58096771ae09850d0nB50921EFVR,采购工程师,杭州科兹探索科技,100-499人,人工智能,本科,3-5年,"国内采购, 机械制造品, 计算机硬件, 原材料, 零配件, 包装, 大中型企业采购经验, 供应链/贸易专业, 扫地机, 结构件, 电子件",15-30K,苏州,,2026-05-29 18:48:25
1c74d930abda94a00nR-3N25ElJZ,Java工程师,江苏荣诚鑫信息技术,100-499人,互联网,大专,3-5年,,11-16K,苏州,,2026-05-29 18:48:25
024d6f6b09ff275f0nV_2Ny0FFY~,PCB工程师,佶致测控,0-20人,仪器仪表/工业自动化,大专,经验不限,"电路设计, AutoCAD, 简单编程, 硬件测试, 电子/自动化相关专业",8-9K,苏州,,2026-05-29 18:48:25
5b12b44256b5b07d0nd93NW-FFdS,机电工程师,苏州伊诺万普,0-20人,专用设备,学历不限,在校/应届,"APQP, 接受无工业工程师经验, FMEA, CAD, PPAP",4-8K,苏州,,2026-05-29 18:48:25
fb97a7b93b604a690ndz0tu_F1NU,PE工程师,中科瑞龙,500-999人,金属制品,本科,5-10年,,15-23K,苏州,,2026-05-29 18:48:25
a68c0632d2f53eec0nB62NS8GFdZ,C# 工程师,苏州某小型半导体检测设备公司,20-99人,专用设备,学历不限,经验不限,"C#, C#开发经验, 半导体, AOI",20-25K,苏州,,2026-05-29 18:48:25
49005b3d20092ae10nB63N67FFVZ,成本工程师,某专用设备公司,20-99人,专用设备,本科,5-10年,,15-25K,苏州,,2026-05-29 18:48:25
8cb54567fbeb118f0nB43dW1FltS,工程师,圣泽,20-99人,医疗器械,大专,1-3年,"机械加工制造经验, 制药/医疗经验, 其他, 高分子材料经验, 其他, 成型工艺经验, 连接/切割工艺经验, SolidWorks, 试产工程师（NPI）经验, 量产工程师（PE）经验, 现场工程师（ME）经验, 不需要出差",5-8K,苏州,,2026-05-29 18:48:25
75cd7917758d08f603172t6_FVRQ,诊断工程师,新乡某大型汽车零部件公司,1000-9999人,汽车零部件,本科,3-5年,"汽车相关专业, 诊断, can",20-35K,苏州,,2026-05-29 18:48:25
db9ab727d6bea12c0ndz3NS_GFtU,采购工程师,新能环境,100-499人,环保,大专,1-3年,,6-10K,苏州,,2026-05-29 18:48:25
85d1027aa0bc17ef03Bz29S0GVJZ,项目工程师,昆山市中塑达电子,20-99人,其他制造业,本科,3-5年,,11-20K,苏州,,2026-05-29 18:48:46
55f205f28880998303F53dm7E1ZY,PE工程师,圣弗罗尔,100-499人,电子/半导体/集成电路,高中,3-5年,"不需要出差, 量产工程师（PE）经验, 汽车经验, 电子/通信经验",7-9K,苏州,,2026-05-29 18:48:46
e1d4743e91b0a0840XNy2tm9EVY~,电器工程师,埃德曼,0-20人,环保,本科,3-5年,"电气工程师, 电气, 仪器仪表",5-7K,苏州,,2026-05-29 18:48:46
bd79b3250faff7300nVy2d-7EldS,销售工程师,亿友慧云,100-499人,计算机软件,本科,1-3年,"客户开发与维护, 计算机软件",6-11K,苏州,,2026-05-29 18:48:46
fa59d1bc51790eb00nB53d64FFZS,IE工程师,东莞宏联,1000-9999人,金属制品,大专,5-10年,"要求有工业工程师经验, 机械加工制造经验, 精益改善经验, Layout经验, 团队管理经验, 新产品导入（NPI）经验",13-18K,苏州,,2026-05-29 18:48:46
a865037f5d9bddc70nB609S1E1dY,研发工程师,北京某大型医疗健康公司,1000-9999人,医疗健康,本科,3-5年,影像类,20-21K,苏州,,2026-05-29 18:48:46
d4d6549dcc16e7281HR53t-9FFpZ,Capex 工程师,联滔电子,10000人以上,电子/硬件开发,本科,5-10年,"PMP, 企业内部技术项目管理, 管理相关专业",10-15K·14薪,苏州,,2026-05-29 18:48:46
532eb7a61829e0100nB73d26FFFX,采购工程师,江苏澳盛复合材料科技,1000-9999人,新材料,大专,3-5年,,8-12K·13薪,苏州,,2026-05-29 18:48:46
5fb1b79fc42e1ac70nZy3Nm0FFFQ,采购工程师,江苏比高机电,500-999人,电子商务,大专,1-3年,"国内采购, 机械制造品, 零配件, 大中型企业采购经验, 汽车用品",7-12K·13薪,苏州,,2026-05-29 18:49:08
1324b3b5902f26a30nZy3Nu_FFNR,电气工程师,中科迪宏,100-499人,计算机软件,大专,3-5年,CAD,12-15K,苏州,,2026-05-29 18:49:08
3f82c2d67a77c43d03183NW_FVZV,机械工程师,三一重机有限公司,10000人以上,专用设备,本科,3-5年,,15-25K·14薪,苏州,,2026-05-29 18:49:08
ba05787cb20849de1Hd83969GFpW,研发工程师,沃苏特电子,100-499人,光伏,本科,1-3年,CAD,10-15K,苏州,,2026-05-29 18:49:08
6570234d8cdaa8a003x63t-1FlNX,java工程师,某大型家具/家电/家居公司,1000-9999人,家具/家电/家居,本科,经验不限,"Java, 不接受居家办公, IOT, 开放平台",15-25K,苏州,,2026-05-29 18:49:08
48dfb0c4f145bdd803x439u9GFZY,品质工程师,智绿科技,500-999人,汽车零部件,本科,3-5年,"内审员资格证, 需要出差, 机械加工制造经验, ISO14001经验, IATF 16949经验, VDA6.1经验, PQE经验（制程）, QC七大手法, ISO9001经验, 英语可作为工作语言, CQE经验（客户）, 汽车经验, 有质量管理经验, 8D报告经验",9-14K,苏州,,2026-05-29 18:49:08
54128ac45c1cf8f90nZ729-6EFJS,装配工程师,融速科技,20-99人,铁路/船舶/航空/航天制造,中专/中技,1-3年,,4-7K,苏州,,2026-05-29 18:49:08
08097e7908feb5c40nB-3d6-GFdT,电气工程师,苏州某中型自动化设备公司,100-499人,自动化设备,本科,3-5年,"电路设计, PLC工程师",15-28K·13薪,苏州,,2026-05-29 18:49:08
02d5672df1837ac6031509-1GVVR,测试工程师,阿特斯阳光电力集...,10000人以上,光伏,大专,1-3年,,10-15K·15薪,苏州,,2026-05-29 18:49:30
b2a344611a1b1c050ndz29-_FlJS,质量工程师,亨通集团有限公司,1000-9999人,通信/网络设备,本科,3-5年,"有质量管理经验, 需要出差, CQE经验（客户）, DQE经验（研发）, PQE经验（制程）, 8D报告经验, QC七大手法, ISO9001经验, IATF 16949经验",7-12K,苏州,,2026-05-29 18:49:30
ef419a751bde12cd0nd63N21GFZY,电气工程师,速博优机器人,20-99人,人工智能,本科,3-5年,PLC工程师,4-5K,苏州,,2026-05-29 18:49:30
6ee70f9886f262cb0nd50tu-EFtQ,NPI 工程师,上海阿奈索科技,100-499人,智能硬件,本科,3-5年,,9-14K,苏州,,2026-05-29 18:49:30
ecafbb0b6b76fa091nV83tW7FFBZ,测试工程师,莱弗利科技,20-99人,半导体/芯片,本科,1-3年,"高压测试, IEC 60747-5-5, VDE 0884-10",15-25K·13薪,苏州,,2026-05-29 18:49:30
f2330864e048b0a20ndy2du4FVFQ,基础设施工程师,九算迅维,20-99人,计算机硬件,大专,3-5年,,15-18K·14薪,苏州,,2026-05-29 18:49:30
79c32561c049735d0nB-09W0FVRX,电气工程师,星宇智能制造,1000-9999人,自动化设备,学历不限,3-5年,"CAD, 欧姆龙, 电路设计",12-20K·13薪,苏州,,2026-05-29 18:49:30
f95ee3e9695d45ab03x-3d--F1pX,销售工程师,正运动,100-499人,电子/硬件开发,大专,经验不限,,5-10K·13薪,苏州,,2026-05-29 18:54:21
6b6525679b96ef7e3n162tW-FFM~,SMT工程师,昆山洲合电子有限...,0-20人,电子/半导体/集成电路,本科,5-10年,"电子组装, 电子工艺工程师",8-9K,苏州,,2026-05-29 18:54:41
df3eb0523a0bcde10nd83N6_FVNV,BPM工程师,某中型智能硬件公司,100-499人,智能硬件,大专,5-10年,,28-30K,苏州,,2026-05-29 18:54:41
48579461c4670b1c1XB92t20FVNV,机械工程师,捷本机电,20-99人,自动化设备,大专,3-5年,"自动化机械经验, 图纸设计, 非标设计经验, 整机设计经验, 自动化, 有机械工程师经验",13-25K,苏州,,2026-05-29 18:54:41
a5085275d6348a6503J83dq1ElNR,应用工程师,苏州天准科技,1000-9999人,仪器仪表/工业自动化,大专,5-10年,"大型仪器组装, 非标设备, 组装线体, 5-8年经验, 汽车零部件装配线",8-12K,苏州,,2026-05-29 18:55:03
9acad888f80fa8620nVz2dq1ElVW,采购工程师,晟丰电子,100-499人,机械设备/机电/重工,大专,3-5年,,8-12K·13薪,苏州,,2026-05-29 18:56:05
bb8e0fc56cd0a2250nd62N-0F1BT,机械工程师,博银合创,0-20人,自动化设备,本科,5-10年,整机，结构,20-40K·14薪,苏州,,2026-05-29 18:56:05
9ab5f8456e43ba500nB-29m8ElNX,终端运维工程师,江苏天创科技,100-499人,信息安全,本科,3-5年,"桌面运维, 网络运维, 系统运维, IDC机房运维, 实施交付运维, 计算机相关专业, 运维经验, 网络安全相关经验, 大数据运维经验, 打印机/复印机维修经验",5-9K,苏州,,2026-05-29 18:56:05
3e6f54d18a5c398c0nd-3Nq7FldV,工艺工程师,博众精工,1000-9999人,自动化设备,大专,3-5年,"机械加工制造经验, AutoCAD, SolidWorks, 需要出差, 自动化设备经验",9-14K,苏州,,2026-05-29 18:56:26
87fcb542b2c1356e1Xx529m8GFpV,助理工程师,苏州汉凌,20-99人,橡胶/塑料制品,大专,1-3年,"医疗/制药, 机械工程专业, AutoCAD, 图纸设计, 综合性工程师, 熟悉各类加工工艺, 自动化, 设备维护, SolidWorks, 熟悉各类材料性质",5-7K·13薪,苏州,,2026-05-29 18:56:26
02b19c57a59d606c03F93ti8FVtX,电气工程师,扬州某中型专用设备公司,100-499人,专用设备,大专,3-5年,"三菱QRL系列, 三菱Q系列, 自动化设备, 三菱, QD77运动模块",20-25K,苏州,,2026-05-29 18:56:26
bb32e35911edf7a30nB409i9FFpS,机械工程师,昇茂科技,100-499人,仪器仪表/工业自动化,本科,3-5年,,12-15K,苏州,,2026-05-29 18:56:48
4c5cc748608218b41HJ83969E1pY,emc工程师,苏州海鹏科技,100-499人,光伏,本科,1-3年,"逆变器, EMC, 储能",15-25K,苏州,,2026-05-29 18:56:48
a9cf5ba695ae29080nB50t20EVJZ,安全工程师,托托科技,100-499人,仪器仪表,大专,1-3年,,6-10K·13薪,苏州,,2026-05-29 18:56:48
408193d2162027e303J92d26FFpR,全栈工程师,苏州智言锐匠科技,0-20人,计算机软件,本科,3-5年,"Vue, 全栈无侧重, Node.js, MySQL/Redis/MongoDB, React, 全栈项目经验",15-20K·14薪,苏州,,2026-05-29 18:56:48
88974a11bbad53300nV639m4GVJZ,工艺工程师,某大型新能源公司,1000-9999人,新能源,学历不限,3-5年,,20-25K,苏州,,2026-05-29 19:01:57
5a94c96993f78df21n153Nq9EFpY,测量工程师,苏州中科瑞龙,500-999人,原材料及加工/模具,本科,3-5年,"测试工作经验, 性能测试, 功能测试, 编程, 海克斯康, OMM",9-13K·13薪,苏州,,2026-05-29 19:01:57
081171654a01ebb40nd73tS5EFNW,视觉工程师,苏州元控自动化,100-499人,自动化设备,大专,5-10年,"VISIONMASTER, VisionPro, 机器学习, 3C行业, 尺寸量测",16-25K·13薪,苏州,,2026-05-29 19:01:57
3fa077f0660d64570nd50t28FlpR,液压工程师,苏州原能智造科技,0-20人,专用设备,大专,3-5年,,6-10K,苏州,,2026-05-29 19:01:57
f561f75b07598d670nB-39q9E1pZ,SQE工程师,LINKHOU,500-999人,专用设备,本科,3-5年,"产品供应商, 物料供应商, 机械制造, 熟悉ISO质量管理体系, SQE工作经验, 了解OEM/ODM, 机器人",10-15K,苏州,,2026-05-29 19:01:57
13d23b4ac61147f00nd429S9E1tU,PQE工程师,某中型智能硬件公司,100-499人,智能硬件,大专,3-5年,,25-26K,苏州,,2026-05-29 19:01:57
9ddc2920230cbb621HJ80tu9FlJU,质量工程师,晟发五金,100-499人,原材料及加工/模具,大专,3-5年,汽车质量管理,8-12K,苏州,,2026-05-29 19:02:17
3b1437b5e49548b20nV63Nu9FVpU,设备工程师,江苏某大型动力电池上市公司,1000-9999人,动力电池,学历不限,经验不限,,18-25K,苏州,,2026-05-29 19:02:17
919cf6bbdc780ad31nZ539y_FFRQ,电子工程师,文言,20-99人,电子/半导体/集成电路,中专/中技,1-3年,线束工程师,8-13K,苏州,,2026-05-29 19:02:17
7d647ac1cc9f8c0b0nZ73tq6GFdX,治具工程师,齐岱机电,0-20人,计算机软件,学历不限,经验不限,"有夹具工程师经验, 非标设备经验, 电子/通信经验, 焊接夹具经验, 组装夹具经验, 焊装夹具经验, 机加工夹具经验, AutoCAD, SolidWorks, 不需要出差",5000-10000元/月,苏州,,2026-05-29 19:02:17
55e0cf9e8a3801a11XF809m1GFJR,销售工程师,三泽信息,20-99人,计算机软件,大专,3-5年,"技术配合与沟通, 商务谈判能力, 客户开发与维护, 计算机软件, 工业设备销售经验, 大中型企业销售经验, 市场营销相关学历, 协助产品规划与开发, 业务创新能力, 对机构 (To B) 销售经验, 机械设备/机电/重工, 机械相关学历, 项目跟踪",6-11K,苏州,,2026-05-29 19:02:17
6eaeecc7fdfeb2b20nd60tq6FFtQ,销售工程师,苏勃检测,100-499人,检测/认证/知识产权,本科,1-3年,"市场信息搜集与分析, 市场拓展能力, 检测认证, 市场营销相关学历, 技术配合与沟通, 商务谈判能力, 客户开发与维护, 电气相关学历, 机械相关学历, 项目跟踪",8-12K,苏州,,2026-05-29 19:02:17
6fdd7dbe950adaed031_0ty-ElVX,销售工程师,上海旭欧轴承,100-499人,智能硬件,大专,经验不限,"客户开发与维护, 对机构 (To B) 销售经验, 市场拓展能力, 仪器仪表/工业自动化, 工业品, 电销, 面销/陌拜",10-15K,苏州,,2026-05-29 19:02:17
4d8aac1257c2686b0nB609u0F1tT,工艺工程师,某大型汽车零部件公司,500-999人,汽车零部件,本科,10年以上,汽车经验,20-30K·14薪,苏州,,2026-05-29 19:02:17
5fd2bb62db1b381f1XF90921GFNV,质量工程师,苏州巴士麦普,100-499人,原材料及加工/模具,大专,3-5年,"客户质量工程师, 制程质量工程师, 前期质量工程师",8-12K,苏州,,2026-05-29 19:02:39
6933de042ea2135a03N90tW7EFFR,弱电工程师,星文科技,0-20人,物联网,大专,5-10年,,8-12K,苏州,,2026-05-29 19:02:39
58c459ee5ef896db1nBy3969FVFS,QC工程师,适新苏州,1000-9999人,汽车零部件,大专,3-5年,"8D报告, 汽车质量管理, 生产质量管理",7-11K,苏州,,2026-05-29 19:02:39
4445112591d3bcf00nR53t6_F1RY,SQE工程师,凤凰光学,1000-9999人,其他行业,大专,3-5年,,11-20K·13薪,苏州,,2026-05-29 19:02:39
a187d8290480ed9a1HJ-29W9GVVW,苏州东辉光学有限公司招聘质量管理/测试工程师,苏州东辉光学有限公司,1000-9999人,通信/网络设备,本科,3-5年,"ISO9000, SPC, IPQC, 质量管理体系标准",11-18K·14薪,苏州,,2026-05-29 19:02:39
d1104fcb3c1f40941nV52N65FFVV,工艺工程师,莱弗利科技,20-99人,半导体/芯片,本科,3-5年,"封装工程师, 半导体工程师",15-20K·13薪,苏州,,2026-05-29 19:02:39
4005105212180e770nB-2dS7FFNS,设备工程师,牧原食品股份有限公司,10000人以上,农/林/牧/渔,大专,1-3年,"接受无机械设备工程师经验, 电工证, PLC编程软件, SolidWorks, 企业（甲方）, 不需要出差",10-15K,苏州,,2026-05-29 19:02:39
a1c69b1b5add99dc0nB-3d65EVVR,安服工程师,亿阳值通,20-99人,计算机软件,大专,在校/应届,"安全运维和保障, CISSP/CISP, 计算机/信息安全相关专业, 安全运维经验",4-5K,苏州,,2026-05-29 19:02:39
2c593e9a4bce475403V83N-6F1RR,me工程师,中达电子,10000人以上,电子商务,本科,1-3年,"要求有机械设备工程师经验, 自动化设备经验, 机电设备经验, 设备维修/保养经验, SolidWorks, 企业（甲方）, 需要出差",8-10K·15薪,苏州,,2026-05-29 19:02:39
f77b502ff57f21f30nB43di4EFVX,运维工程师,顺造,500-999人,家用电器,本科,3-5年,,10-15K·13薪,苏州,,2026-05-29 19:03:00
21c3dd30d14bb74f0nd43tm-EFJR,电气工程师,诚煌自动化,0-20人,自动化设备,学历不限,3-5年,,10-15K,苏州,,2026-05-29 19:03:00
fa25ce0fe04697e20nZ72tu9E1BU,销售工程师,航宇九天,20-99人,电气机械/器材,本科,1-3年,"客户开发与维护, 工业设备销售经验, 电子/半导体/集成电路",7-10K,苏州,,2026-05-29 19:03:00
f3041e372f9600e00nB42d66ElFR,智家工程师,太仓市联合网络通信,0-20人,其他生活服务,高中,经验不限,"有宽带装维经验, 通信专业, 计算机专业, 销售经验, 电工证, 登高证",9-10K,苏州,,2026-05-29 19:03:00
e217d302a12a2bdb0nB-2NS5E1ZZ,工艺工程师,苏州某中型机械设备/机电/重工公司,500-999人,机械设备/机电/重工,本科,5-10年,"机械加工制造经验, 不需要出差, 自动化设备经验, 自动化改进, 机械臂, 上下料",15-25K·13薪,苏州,,2026-05-29 19:03:00
95dda0b20dc95ac30nd_2N20EFBX,认证工程师,固德威,1000-9999人,储能,本科,5-10年,,18-35K·14薪,苏州,,2026-05-29 19:03:00
06c323ae676fa23f0nZ90t66EVVR,光学工程师,苏州某大型半导体上市公司,1000-9999人,半导体/芯片,本科,3-5年,,20-21K,苏州,,2026-05-29 19:03:00
b3732dd2c7a543881XJ4292_FVJR,npi工程师,苏州有人,500-999人,电子/硬件开发,大专,5-10年,"npi, 电子/自动化相关专业, smt工艺, 钢网",12-15K·13薪,苏州,,2026-05-29 19:03:00
5583249aa6509d45031y0tq_E1pZ,车身工程师,奥杰汽车,1000-9999人,汽车研发/制造,本科,5-10年,"整车制造, 白车身",14-25K,苏州,,2026-05-29 19:03:00
5908e3eebf8419ca031829q0GVNS,fae工程师,纳博特,100-499人,自动化设备,大专,经验不限,,5-8K·13薪,苏州,,2026-05-29 19:03:00
5a60ff33dfa77b750nVy3t69ElRQ,测试工程师,天目鑫望技术有限公司,100-499人,半导体/芯片,本科,3-5年,"自动化测试经验, C++, 测试工作经验, 自动化测试, 通信相关专业, 性能测试, MySQL, 功能测试, 嵌入式测试, 计算机相关专业, Python",10-15K,苏州,,2026-05-29 19:03:22
18c5239acc7679490nZ90ty1FFZZ,电气工程师,中科迪宏,100-499人,计算机软件,本科,5-10年,"三菱, 台达PLC, 欧姆龙, SIMENS, 电气原理图, 非标自动化, PLC工程师, AOI",15-23K,苏州,,2026-05-29 19:03:22
f8165cd1f171293f0nB609y1E1FU,plc工程师,某中型电气机械/器材公司,100-499人,电气机械/器材,大专,1-3年,,20-30K·14薪,苏州,,2026-05-29 19:03:22
ddd4f64cccf32b3b03dy29m9GFJQ,设备工程师,技涵电子,100-499人,汽车零部件,大专,5-10年,"要求有机械设备工程师经验, 需要出差, 自动化设备经验, 企业（甲方）, 设备维修/保养经验, 非标设备经验",12-20K,苏州,,2026-05-29 19:03:22
9d101c10b06f08a00nZ-3Ny5EFFT,硬件工程师,芯镁信,20-99人,半导体/芯片,本科,1-3年,"汽车硬件产品, 芯片/半导体/集成电路",15-22K,苏州,,2026-05-29 19:03:22
4ef10d087647bf3203F-29S5EFNT,光学工程师,因林光电科技,100-499人,半导体/芯片,本科,1-3年,"光学仿真, Zemax, Codv",8-12K,苏州,,2026-05-29 19:03:22
57c20f8919db6d9a0nR_0967FlFY,硬件工程师,追觅创新科技,1000-9999人,家用电器,本科,3-5年,,40-70K·15薪,苏州,,2026-05-29 19:03:22
6e8849e4b60348100nZz3dW8FFdZ,视觉工程师,华研长荣,20-99人,自动化设备,本科,3-5年,"深度学习, 工业/缺陷检测, HALCON",13-22K,苏州,,2026-05-29 19:03:22
f07aee1253e8fa200nB-3tq4GFtY,AEM工程师,上海枢瀚信息科技,0-20人,计算机软件,大专,5-10年,"Java, Spring, Tomcat, MySQL",11-22K,苏州,,2026-05-29 19:03:43
9ad0d6eab7859faa03Z63Nm4FlRW,销售工程师,昆易电子,100-499人,电子/硬件开发,本科,3-5年,"工业自动化, 汽车电子",15-25K,苏州,,2026-05-29 19:03:43
158ea6d638ca24f20nB409u_FFRY,项目工程师,苏州华顶,20-99人,金属制品,学历不限,1-3年,"机械加工制造经验, 汽车经验, 五金经验, 成型工艺经验, 试产工程师（NPI）经验, 团队管理经验, 不需要出差, 模具经验, 新能源汽车经验, 冲压经验",8-12K,苏州,,2026-05-29 19:03:43
c287bd7054570a650nR40t24E1RT,机械工程师,昆山宝锦,500-999人,汽车零部件,本科,5-10年,,13-20K·13薪,苏州,,2026-05-29 19:03:43
176b196be88e9dfa03Nz3Nq-F1RS,采购工程师,煜鑫锦,20-99人,原材料及加工/模具,大专,3-5年,"国内采购, 机械制造品, 自带供应商资源, 医疗设备, 大中型企业采购经验, 成品/样品",6-10K,苏州,,2026-05-29 19:03:43
6cee49540bfd9a320ndz3Nq5EFFW,采购工程师,浙江某中型电子/硬件开发公司,100-499人,电子/硬件开发,本科,3-5年,,20-21K,苏州,,2026-05-29 19:03:43
7173d8b0242e5b4b0nV40tm7EVVU,工艺工程师,张家港市鼎盛工具,20-99人,金属制品,中专/中技,1-3年,"机械加工制造经验, 专用机械经验, 机电设备经验, 检具经验, 不需要出差",7-12K,苏州,,2026-05-29 19:03:43
b2e1e6b60feb86be1H183Nq1ElFZ,设备工程师,苏州某中型半导体公司,100-499人,半导体/芯片,本科,经验不限,半导体设备,28-35K·16薪,苏州,,2026-05-29 19:04:05
495a17615c4bd3e70nB-3Nm8GVBR,模组工程师,微玖光电,20-99人,智能硬件/消费电子,本科,1-3年,"半导体经验, 不需要出差, 芯片/半导体经验",10-15K·15薪,苏州,,2026-05-29 19:04:05
75a7cf4893bc09480ndy39y_F1FS,PDK工程师,培风图南,100-499人,半导体/芯片,本科,3-5年,,15-30K,苏州,,2026-05-29 19:04:05
6181477ac09f6d0e031z29i4GVdX,工艺工程师,苏州裕同,1000-9999人,印刷/包装/造纸,大专,1-3年,,8-12K,苏州,,2026-05-29 19:04:05
a7f6f46a772f002e03R82di7FVFT,售后工程师,苏州恒本科技,0-20人,自动化设备,大专,5-10年,"机械/机电设备技术支持经验, 机械/机电设备",12-15K,苏州,,2026-05-29 19:04:05
0e4f877055c0efe903J-3d60GFRR,ee工程师,MOVA,1000-9999人,家用电器,本科,3-5年,"EE, FAE, 电子PE",12-20K·15薪,苏州,,2026-05-29 19:04:05
fbd4d627e7e56ce20nd_0t-9FVVY,电气工程师,苏州某小型其他行业公司,20-99人,其他行业,本科,5-10年,"液晶, 显示, 面板, AOI检测",20-35K,苏州,,2026-05-29 19:04:27
493f94339225b4230ndy2927EFtY,机械工程师,北京某中型计算机视觉软件公司,100-499人,计算机软件,大专,5-10年,"有机械工程师经验, SolidWorks, 仪器仪表经验, 非标设计经验, 视觉检测设备",20-30K,苏州,,2026-05-29 19:04:27
96f6ce37122dc3260ndy29u9F1NV,硬件工程师,追觅锋行,1000-9999人,智能硬件/消费电子,本科,3-5年,"硬件开发经验, PCB layout, 电路设计",12-24K·15薪,苏州,,2026-05-29 19:04:27
07696c6af69310ad0nR-3tm8FldT,硬件工程师,JABF,1000-9999人,机械设备/机电/重工,本科,3-5年,"汽车硬件产品, 通信相关专业, 机械设计制造相关专业, 电子电气/自动化相关专业, 智能硬件/可穿戴设备, 计算机相关专业, 硬件开发经验, 手机/电脑/通讯终端",10-15K·13薪,苏州,,2026-05-29 19:04:27
c5f8249984781d3b0ndz3Ny_EFtY,点胶工程师,苏州紫翔电子,1000-9999人,智能硬件/消费电子,大专,1-3年,,9-14K·14薪,苏州,,2026-05-29 19:04:27
5fda07aca9be830f0nB709i9F1FY,项目工程师,爱福特精密模具,100-499人,新能源汽车,本科,1-3年,"注塑, 消费电子, 汽车零部件, 试模 / 试产",10-15K·13薪,苏州,,2026-05-29 19:04:27
b039a8a8ce203f9f0nd90t-0GVBZ,电气工程师,安智数测,20-99人,电子/硬件开发,本科,3-5年,"电源产品, 供配电设计, 交直流配电设备布局, 电气工程及其自动化, 自动化",11-20K,苏州,,2026-05-29 19:04:27
003f4f78397d2c550nR-2tS5E1dR,售后工程师,苏州科准,20-99人,仪器仪表,大专,1-3年,"精密仪器, 软件技术支持经验, 半导体, 自动化, 机械/电子工程相关专业, 机械/机电设备技术支持经验, 机械/机电设备, 可适应出差",7-10K,苏州,,2026-05-29 19:04:27
ce5ad00e551ba2da0nd63NW_F1NQ,招标工程师,苏州汇顺,0-20人,咨询,大专,3-5年,,6-11K,苏州,,2026-05-29 19:04:27
e128517466d3d24b1nN62N68GVFS,电气工程师,华尔环境,20-99人,环保,学历不限,3-5年,"电气工程师证, 可兼职",6-11K,苏州,,2026-05-29 19:04:48
3fdc8f45497521d60nZ_09m7E1VR,NPI工程师,张家港捷迪纳米,100-499人,消费电子,本科,3-5年,,10-15K,苏州,,2026-05-29 19:04:48
b7b7aa8e828956780nd_3N64E1tS,售前工程师,优程,0-20人,计算机软件,本科,5-10年,"售前技术支持经验, 智能交通, 招投标经验, 公安交管, 可适应出差",8-12K,苏州,,2026-05-29 19:04:48
6b110fee992a3fbf0nR-2dq4EVtR,工艺工程师,大图热控,0-20人,金属制品,本科,1-3年,"五金经验, 不需要出差, 表面处理工艺经验, 量产工程师（PE）经验, 机械加工制造经验, 其他, 试产工程师（NPI）经验, 成型工艺经验, SolidWorks, 装配/总装经验, 阳极氧化经验",8-13K,苏州,,2026-05-29 19:04:48
df0dd9d14b3eb0f903N93t-5FlJU,机电工程师,苏州金螳螂,10000人以上,房屋建筑工程,本科,10年以上,,15-20K,苏州,,2026-05-29 19:04:48
98db399a3610270a0nZ829S1GFtU,产品工程师,苏州海鹏科技,100-499人,光伏,大专,1-3年,"机械加工制造经验, 电子/通信经验, 不需要出差, 专用机械经验",6-8K,苏州,,2026-05-29 19:04:48
f2ecd613ffb699e10nB-2dq5FlBQ,结构工程师,顶配机器人,20-99人,自动化设备,本科,5-10年,"整机设计经验, 家电设备经验, SolidWorks, 机器人经验, 有机械结构工程师经验",20-35K·15薪,苏州,,2026-05-29 19:04:48
9a0fe0eb487fd8d90nB42d28E1NY,电气工程师,慧工云,100-499人,互联网,本科,经验不限,"电控工程师, CAD",12-24K·14薪,苏州,,2026-05-29 19:05:10
34f0ac0c5d27eb7c03Z83N27GVZU,产品工程师,秋叶义,20-99人,自动化设备,大专,1-3年,,6-9K,苏州,,2026-05-29 19:05:10
beb334c17264beba1Hxz39--GVBR,光学工程师,笑纳科技,0-20人,医疗器械,硕士,5-10年,"光路设计, 显微成像, 显微荧光",15-30K,苏州,,2026-05-29 19:05:10
a24f713c77d138df1HF839m0GVBV,电气工程师,康普食品有限公司,100-499人,食品/饮料/烟酒,大专,3-5年,"设备维修/保养, 电气安装, 机电相关专业, 熟悉PLC编程",9-12K,苏州,,2026-05-29 19:05:10
094db52d99203e9703152t-8GVJZ,治具工程师,润江,0-20人,仪器仪表/工业自动化,学历不限,1-3年,"有夹具工程师经验, 不需要出差, 非标设备经验, AutoCAD, SolidWorks, 治具, 非标测试, FCT, solidworks, CAD",11-15K,苏州,,2026-05-29 19:05:10
4fa41e25a24ee74103F_3ti9F1dV,售后工程师,SAIMR,0-20人,仪器仪表,大专,1-3年,"仪器仪表, 机械/机电设备技术支持经验, 可适应出差, 机械/机电设备",6-11K,苏州,,2026-05-29 19:05:10
7482415344c12a3e031-3dq7FVFR,机械工程师,德国某中型专用设备公司,500-999人,专用设备,本科,5-10年,"有机械结构工程师经验, AutoCAD, 机电设备经验, 自动化机械经验, 非标设计经验",20-21K·13薪,苏州,,2026-05-29 19:05:10
94b104a28332ef5e0nZz0tu8F1NR,结构工程师,飞行者,0-20人,医疗健康,大专,1年以内,"core, croe, 接受无机械结构工程师经验, SolidWorks, proe, Pro/E",5-6K,苏州,,2026-05-29 19:05:10
15bfa4cc16b10e020nd43Ni_F1ZZ,工艺工程师,平方和,100-499人,计算机软件,大专,3-5年,"能源/化工/环保经验, 隐形眼镜, 仪器仪表经验, 高分子材料经验, 需要出差, 试产工程师（NPI）经验, 制药/医疗经验",12-18K,苏州,,2026-05-29 19:05:10
96363bc439c6b6750nR82961EVtU,IT运维工程师,昆山金富宝电路板器材,100-499人,通信/网络设备,本科,5-10年,计算机相关专业,7-10K·15薪,苏州,,2026-05-29 19:05:10
a39bd145e48367160nZ83N65F1VT,算法工程师,苏州某中型仪器仪表/工业自动化公司,100-499人,自动化设备,学历不限,经验不限,"深度学习, 机器学习, 大模型算法, 工业/缺陷检测, 点云算法, 三维重建",20-40K,苏州,,2026-05-29 19:09:19
7d545b2632c4fd900nd43920FlNX,采购工程师,某大型仪器仪表/工业自动化公司,1000-9999人,仪器仪表/工业自动化,本科,经验不限,,15-25K·14薪,苏州,,2026-05-29 19:09:19
a8596357dddf60840nB53d-0E1FY,车身工程师,湖北俊才人才科技,500-999人,人力资源服务,大专,5-10年,,15-28K,苏州,,2026-05-29 19:09:19
0717c80ddc97977c0nV43dS7F1NY,品质工程师,雷欧实业,100-499人,机械设备/机电/重工,大专,5-10年,"不需要出差, DQE经验（研发）, PQE经验（制程）, QC七大手法, 机械加工制造经验, CQE经验（客户）, 有质量管理经验, 8D报告经验",10-15K,苏州,,2026-05-29 19:09:19
9f8880661f6d94a01nBy2ty9E1BR,SMT工程师,艾伏特,20-99人,电子/半导体/集成电路,高中,5-10年,"SMT, SMT工程师, 481, 482, 471, 三星韩华, 离线编程",9-10K,苏州,,2026-05-29 19:09:19
77066c19e6d424470ndz3tW6EVNU,仿真工程师,轩田科技,500-999人,人工智能,本科,3-5年,,18-20K·13薪,苏州,,2026-05-29 19:09:19
df2028f0ea3ad4fe0nB-09W5FFdU,销售工程师,大寰机器人,100-499人,智能硬件,大专,5-10年,"电子/半导体/集成电路, 制定产品/服务方案, 智能硬件, 客户开发与维护, 计算机软件, 通信/网络设备, 仪器仪表/工业自动化",11-18K·14薪,苏州,,2026-05-29 19:09:40
44fe988b78e052e71XJ-3t60FFpS,模具工程师,聚邦,20-99人,其他制造业,大专,3-5年,家用电器,15-25K·13薪,苏州,,2026-05-29 19:09:40
a28bff1ff6c5294003Fz2ty7ElVS,销售工程师,德斯森,20-99人,仪器仪表,学历不限,3-5年,,5-10K,苏州,,2026-05-29 19:09:40
df331c3308caf6540ndz0ty0FVVV,SQE工程师,微创骨科,500-999人,医疗健康,本科,3-5年,,13-18K·14薪,苏州,,2026-05-29 19:10:01
1101a1e8b670644e0nB-0ti4FFVQ,硬件工程师,苏州海瑞纳,0-20人,计算机/通信/其他电子设备,本科,1-3年,,10-15K,苏州,,2026-05-29 19:10:01
be18846e9999547a1XV72tS1EVtT,电气工程师,阿尔伯特,20-99人,通用设备,学历不限,3-5年,"机电相关专业, 电气 精密运动平台, ELPAN, 运动控制卡",11-20K,苏州,,2026-05-29 19:10:01
03c6fe34d84fbfbe1nV539q6EVpX,生产工程师,京隆科技,500-999人,其他行业,大专,经验不限,"五险一金, 包吃, 包住, 加班费, 绩效奖金, 生产成本管理, 生产质量管理, 工业工程师",5-8K·15薪,苏州,,2026-05-29 19:10:01
762ddb50e43d9b051XR439-_GFtW,销售工程师,沃德科,20-99人,自动化设备,大专,3-5年,"市场信息搜集与分析, 市场拓展能力, EOL, 商务谈判能力, 测试, 客户开发与维护, 仪器仪表/工业自动化, 电子/半导体/集成电路, 工业设备销售经验, 技术转销售, FCT, 微电子相关学历, ICT, SMT",10-15K,苏州,,2026-05-29 19:10:01
b27a35cb8338db4d0nB53dm0FVNW,工艺工程师,LINKHOU,500-999人,专用设备,本科,3-5年,"机械加工制造经验, 半导体经验, 专用机械经验, 机电设备经验, 芯片/半导体经验, 五金经验, 装配/总装经验, AutoCAD, PLC编程软件, 试产工程师（NPI）经验, 需要出差",12-18K,苏州,,2026-05-29 19:10:01
f4f96d72ba33f50f0nR43Ny9F1BU,设备工程师,苏州塞一澳,100-499人,机械设备/机电/重工,大专,1-3年,"要求有机械设备工程师经验, 需要出差, 企业（甲方）",6-7K·13薪,苏州,,2026-05-29 19:10:01
7200b01276fb069a0nB52tS6GVFU,NVH工程师,浙江某小型线控底盘技术系统公司,20-99人,汽车零部件,本科,5-10年,"接受无底盘工程师经验, 仿真设计经验, 一级供应商, NVH, 降噪",28-35K·14薪,苏州,,2026-05-29 19:10:22
d3ebdcb43cf330c40ndy0tq6EVpX,电气工程师,江苏烽禾升智能科技,1000-9999人,自动化设备,大专,5-10年,"自动化技术, CAD",15-30K·13薪,苏州,,2026-05-29 19:10:22
ebc85ed483ee3c8503J72ty8F1dT,焊接工程师,航菱微,100-499人,机械设备/机电/重工,大专,5-10年,,15-20K,苏州,,2026-05-29 19:10:22
ecf9660d5c8d26310nd53N-8F1tY,质量工程师,上海凌恒工业自动化,100-499人,仪器仪表/工业自动化,大专,5-10年,,10-12K,苏州,,2026-05-29 19:10:22
258123518d1e0fa00nB709W_FFBW,销售工程师,控汇智能,100-499人,计算机硬件,本科,1-3年,,6-10K,苏州,,2026-05-29 19:10:22
da5db2a1c62efa081nJ_39m1ElJQ,FAE工程师,大像工业,0-20人,仪器仪表/工业自动化,大专,经验不限,"Fae, 售后工程师, 自动化, 视觉调试",6-10K,苏州,,2026-05-29 19:10:22
931bfc9e2688ff610nVz2tu9FlBY,销售工程师,精密分散设备制造商,20-99人,专用设备,大专,3-5年,"计算机相关学历, 市场拓展能力, 市场营销相关学历, 商务谈判能力, 客户开发与维护, 微电子相关学历, 电气相关学历, 仪器仪表/工业自动化, 机械设备/机电/重工, 机械相关学历, 项目跟踪",10-12K,苏州,,2026-05-29 19:10:22
30a2c83dfa9c09ea1HN-09y5GVdX,pqm工程师,追觅创新科技,1000-9999人,家用电器,本科,3-5年,PQM,13-26K,苏州,,2026-05-29 19:10:44
0b9f190b0c7b40300nB409W6FlFT,工程师,浩达印刷,20-99人,新闻/出版,中专/中技,1-3年,不需要出差,5-8K,苏州,,2026-05-29 19:10:44
256a82a8ff97b2b50nB-2tq0FlBW,cnc工程师,苏州科纳友科技,100-499人,计算机软件,大专,5-10年,"要求CNC/数控经验, 需要倒班, 需要夜班, 数控车床经验, 自动化零件加工经验, 操机调机经验, UG",12-16K,苏州,,2026-05-29 19:10:44
ca85bcfe486a521903By2dq9FlJQ,售后工程师,华研长荣,20-99人,自动化设备,大专,5-10年,,6-11K,苏州,,2026-05-29 19:10:44
f0bc5d4c8eaa40cb1nZ_3t29FlpZ,电气工程师,科恩新能,100-499人,自动化设备,本科,1-3年,"PLC工程师, 电控工程师, CAD",6-9K·13薪,苏州,,2026-05-29 19:10:44
75187a14a440c5e50nB60928FVdT,采购工程师,MOVA,1000-9999人,家用电器,本科,5-10年,化工能源,12-24K·15薪,苏州,,2026-05-29 19:11:05
c095a9f2e25109d31HZy2ti8E1BR,线束工程师,亘通,100-499人,其他制造业,大专,3-5年,"电气相关专业, AutoCAD, 工艺工程师, 新能源汽车, 制造工程师, 低压线束, 车辆工程专业, 设计工程师, 高压线束",8-11K·13薪,苏州,,2026-05-29 19:11:05
f605e34823f4f2d30nZ53d-4GFJY,算法工程师,苏州恩岭智能科技,0-20人,计算机软件,硕士,1-3年,,15-30K,苏州,,2026-05-29 19:11:05
b863cb736ba0a3cd0nd43tm6EltR,结构工程师,某中型家具/家电/家居公司,100-499人,家具/家电/家居,本科,5-10年,,25-40K·13薪,苏州,,2026-05-29 19:11:05
7a0a2e7f6c6e235d0ndy2N-6GFpQ,品质工程师,联德电子科技,100-499人,汽车零部件,本科,3-5年,"内审员资格证, IATF 16949经验, DQE经验（研发）, 团队管理经验, 需要出差, 机械加工制造经验, SQE经验（供应商）, CQE经验（客户）, 汽车经验, 有质量管理经验",9-14K,苏州,,2026-05-29 19:11:26
913931b7b37a67561XBy2Ny-ElVY,夹具工程师,苏州赛维德,0-20人,电子/半导体/集成电路,中专/中技,1-3年,"非标经验, 回流焊, AutoCAD, 波峰焊, SolidWorks",11-20K·13薪,苏州,,2026-05-29 19:11:26
b5b712cc2465ee920nB-39u1ElFU,DFT工程师,苏州某小型电子/半导体/集成电路公司,20-99人,电子/半导体/集成电路,本科,3-5年,"C++, 计算机相关专业, DFT, mcu",25-45K·14薪,苏州,,2026-05-29 19:11:26
6034651707c8b7ee0nR93dm4FltQ,光学工程师,某自动化设备公司,20-99人,自动化设备,本科,1-3年,光路设计,15-30K,苏州,,2026-05-29 19:11:26
09a7744c64844f441nd629-6FFZT,工艺工程师,卡斯迈德,100-499人,通用设备,本科,3-5年,"机械工程师, 全勤奖, 绩效奖金, 工龄奖, 包吃, 工艺工程师, 六险一金",7-12K,苏州,,2026-05-29 19:11:26
a35ffd606f0b6db803173966GFtW,标准工程师,苏州无界妙控科技,500-999人,其他制造业,大专,3-5年,,15-25K·15薪,苏州,,2026-05-29 19:11:47
d8c3e6ac033e187b03d429q4GFFR,计量工程师,上海溯测计量技术,20-99人,其他生活服务,本科,3-5年,校准，,8-13K,苏州,,2026-05-29 19:11:47
fcc7e9ff410e1c351H1_2Nq9EFRT,销售工程师,美星科技,20-99人,通信/网络设备,本科,3-5年,"仪器仪表/工业自动化, 通信/网络设备, 电子/半导体/集成电路",11-16K,苏州,,2026-05-29 19:11:47
ee76682147ccc8ed0nB53d61F1pY,工艺工程师,卡士乳业(深圳)...,1000-9999人,食品/饮料/烟酒,本科,3-5年,"不需要出差, 量产工程师（PE）经验, 试产工程师（NPI）经验, 现场工程师（ME）经验",15-20K,苏州,,2026-05-29 19:11:47
1c76a32b3a4eea0a0nV73NS0EFRZ,面料工程师,绍兴柯桥某小型纺织品进出口贸易公司,20-99人,进出口贸易,大专,3-5年,"服饰面料, 织造研发, 面/辅料质检, 面料设计专业, 纺织/染整专业",20-35K,苏州,,2026-05-29 19:12:08
54ed067fb4b684000nB-2dW5FFFQ,采购工程师,苏州海特,100-499人,计算机硬件,大专,1-3年,,5-9K·14薪,苏州,,2026-05-29 19:12:08
c226032182539c3f03F539S8ElRX,采购工程师,追觅智净未来,500-999人,家用电器,本科,3-5年,,15-25K·15薪,苏州,,2026-05-29 19:12:08
61f3b6ca2f8991fc0nB709m8E1VT,cnc工程师,尔航科技,0-20人,仪器仪表/工业自动化,学历不限,5-10年,"三菱数控系统经验, UG, 汽车加工经验, 电脑编程经验, 要求CNC/数控经验, 不需要倒班, 不需要夜班, 数控加工中心经验, 电子加工经验, FANUC数控系统经验, 精密零部件加工经验",14-18K,苏州,,2026-05-29 19:12:08
262d94c1a0d82f790nd43964ElpV,电气工程师,英诺维尔,100-499人,医疗器械,本科,5-10年,"万用表, 示波器, PLC工程师",15-22K,苏州,,2026-05-29 19:12:08
0b25d868f31d234d03xz39W9GVpX,电子工程师,上海华泰,100-499人,计算机软件,大专,3-5年,,10-14K·14薪,苏州,,2026-05-29 19:12:29
3759642a711b1a2e1HV62Nm5GFBS,技术工程师,汉易广,0-20人,仪器仪表/工业自动化,大专,3-5年,"产业园区, 机房工程, 商业综合体, 楼宇自控系统, 方案设计, 酒店, AutoCAD, 负责驻场, 智能照明系统, 智能楼宇管理师, 图纸绘制/审核",5-7K,苏州,,2026-05-29 19:12:29
5e1bd086bc1782f003V82928E1NX,研发工程师,光洋新材,100-499人,其他制造业,硕士,经验不限,"化工, 有机化学",8-11K·14薪,苏州,,2026-05-29 19:12:29
b961b6b73001b3c51HN929-0GFtW,工程师,国立,20-99人,通用设备,大专,经验不限,"国内派遣, 施工单位, 机电工程经验",5-10K,苏州,,2026-05-29 19:12:29
1976c8a208beb48e0nV73NW7F1FY,技术工程师,某知名企业,500-999人,通信/网络设备,本科,3-5年,"C/C++, c#",15-30K,苏州,,2026-05-29 19:12:29
7a1ec3c05670d4a50nVz3dS-FlVX,硬件运维工程师,神彩科技,100-499人,计算机软件,本科,1-3年,,7-9K,苏州,,2026-05-29 19:12:29
522dadc53ef3e41f0nB429y5FVtW,pmc工程师,苏州天准科技,1000-9999人,仪器仪表/工业自动化,大专,3-5年,,12-17K·15薪,苏州,,2026-05-29 19:17:38
0763ea1afa3ac6520nB53d60GVBU,研发工程师,南京某小型非标自动化设备系统集成公司,20-99人,自动化设备,大专,3-5年,,30-60K,苏州,,2026-05-29 19:17:59
330acb339648acab03d72ti9EFNS,交付工程师,万宇科技,100-499人,专用设备,大专,1-3年,机械/机电设备,7-12K,苏州,,2026-05-29 19:17:59
39dec88d744e0a490nB42dm-GFFV,强电工程师,苏州星辰瀑布,0-20人,半导体/芯片,大专,经验不限,,5-10K·13薪,苏州,,2026-05-29 19:17:59
ad4897f10cb53c480nB_29u1EFZV,DQE工程师,东莞立讯技术,10000人以上,计算机/通信/其他电子设备,本科,3-5年,"有质量管理经验, 需要出差, ISO9000经验, PQE经验（制程）, QC七大手法, 8D报告经验, 内审员资格证, 电子/通信经验",9-14K,苏州,,2026-05-29 19:18:21
07a396812c39f0310nd62N--F1BY,感知工程师,鸿灌,100-499人,环保,硕士,3-5年,"C/C++, 机器学习, 规控算法",35-60K,苏州,,2026-05-29 19:18:43
1248021084dcf3380nZ_09q6GFFX,软件工程师,安波福,10000人以上,汽车零部件,本科,在校/应届,,7-12K·13薪,苏州,,2026-05-29 19:18:43
18cbeb51638b31110nB_2t20GVZW,光学工程师,苏映视,100-499人,自动化设备,本科,1-3年,,11-20K·13薪,苏州,,2026-05-29 19:18:43
0163f2fd08180a9b0nZ829u0GFtX,项目工程师,天义合精密硅胶,20-99人,橡胶/塑料制品,大专,5-10年,企业内部技术项目管理,10-15K·13薪,苏州,,2026-05-29 19:18:43
dd69f93992c7f8420nd_0tu6EFFU,视觉工程师,光图智能oi-smart,20-99人,智能硬件,本科,1-3年,软件实施经验,5-8K·13薪,苏州,,2026-05-29 19:18:43
7eb96f37c10901fb0nB72ti0F1dT,装备工程师,弘远电气,100-499人,电子/硬件开发,大专,1-3年,"要求有机械设备工程师经验, 电工证, 企业（甲方）, 不需要出差, 自动化设备经验, 机电设备经验, 非标设备经验, 设备维修/保养经验, 设备采购/选型经验",8-11K,苏州,,2026-05-29 19:18:43
de427136f9fd8ec30nd93d-6ElJR,质量工程师,苏州瑞高,500-999人,汽车零部件,大专,1-3年,"内审员资格证, IATF 16949经验, 需要出差, 汽车经验, 有质量管理经验, 8D报告经验",9-14K,苏州,,2026-05-29 19:19:02
f0b449c814f6026833x729u-Els~,客户工程师,京隆科技,500-999人,其他行业,本科,1年以内,"电子半导体, 电子工程师, 电气工程师, 自动化技术, 半导体技术, 电路设计",5-7K·15薪,苏州,,2026-05-29 19:19:02
a94b44f8423834ff0ndy3dS5FVVU,PE工程师,某大型机械设备公司,500-999人,机械设备/机电/重工,本科,3-5年,"五金经验, AutoCAD, 量产工程师（PE）经验, 不需要出差, 冲压, 冲压模具, DFM, 报价",15-25K,苏州,,2026-05-29 19:19:02
010423883b336bf40nB-3t29FFpZ,PCB工程师,苏州联讯仪器,1000-9999人,半导体/芯片,本科,5-10年,,15-26K·13薪,苏州,,2026-05-29 19:19:02
f80c8b4f85a604270nB-29-7FFpZ,硬件工程师,奕斯伟,1000-9999人,半导体/芯片,本科,3-5年,,15-30K·14薪,苏州,,2026-05-29 19:19:24
7d882008ff7509620nB-3t66FlRY,管道工程师,元和建设,100-499人,房屋建筑工程,大专,3-5年,"国内派遣, 机电工程经验, 施工单位",9-14K·13薪,苏州,,2026-05-29 19:19:24
3f437d8043d3e2010nZ92t29FlNT,电气工程师,安智数测,20-99人,电子/硬件开发,本科,3-5年,"电源产品, 供配电设计, 交直流配电设备布局, 电气工程及其自动化, 自动化",11-22K·13薪,苏州,,2026-05-29 19:19:24
a41c58cb8b2bf9d20nVy3dq8ElNV,机械工程师,博众精工,1000-9999人,自动化设备,大专,5-10年,,15-25K,苏州,,2026-05-29 19:19:24
00c819b0635f7c9c0nB_2925F1dQ,电气工程师,苏州森朴智能科技,0-20人,专用设备,大专,经验不限,"直线电机, 直线电机驱动器, ACS, 激光干涉仪",6-11K,苏州,,2026-05-29 19:19:44
bff6b82f5acc09130nB439S4GFtU,注塑工程师,悉智科技,100-499人,半导体/芯片,本科,1-3年,半导体行业,9-12K,苏州,,2026-05-29 19:19:44
bfcf27066ddd476c0nB63Nm4FFZU,合规工程师,科沃斯机器人有限公司,1000-9999人,其他行业,本科,5-10年,"EMC认证, 企业内部岗位, 安规, 电气安全防范, 家用电器合规法规标准, 熟悉ISO17025体系管理, 合规评估",13-20K·14薪,苏州,,2026-05-29 19:19:44
4715a0d9904d0a330nB409i_ElRU,PMC工程师,亿脉通,0-20人,新材料,本科,3-5年,,8-10K·14薪,苏州,,2026-05-29 19:19:44
dd5fec0821d78b1503R639u1GVBY,模切工程师,攀越新材料,20-99人,原材料及加工/模具,本科,5-10年,"工艺流程设计, AutoCAD, 工艺流程改进",13-18K,苏州,,2026-05-29 19:19:44
9f6eb15a3c85f29b1nZz3tS8FldY,技术工程师,腾斯凯,0-20人,仪器仪表/工业自动化,大专,1-3年,"烙铁, 电控工程师",6-8K·13薪,苏州,,2026-05-29 19:19:44
601ccc018aaf899c0nR93929F1tU,硬件工程师,江苏某中型医疗器械公司,500-999人,医疗器械,本科,3-5年,,20-30K·16薪,苏州,,2026-05-29 19:20:05
edb5055cb257aecc1XR70tq6GVdY,阿尔比恩精密有限公司招聘质量管理/测试工程师,阿尔比恩精密有限公司,20-99人,金属制品,大专,1-3年,"全勤奖, 绩效奖金, 工龄奖, 包吃, 交通补助, 加班费, 五险",6-10K,苏州,,2026-05-29 19:20:05
c7771e725062fe720nB43t66F1dT,FAE工程师,至简动力,20-99人,人工智能,本科,1-3年,,10-15K,苏州,,2026-05-29 19:20:05
c9895d575f6a93df03x53dS1ElVX,装配工程师,皓安智能科技,0-20人,自动化设备,中专/中技,3-5年,,6-10K,苏州,,2026-05-29 19:20:26
e9e3afc75b30fe3c0nVz29y5F1tV,软件工程师,青岛双清智能科技,100-499人,自动化设备,本科,3-5年,"C++, 团队管理经验, 能适应出差, QT, 有非标自动化经验优先",15-30K,苏州,,2026-05-29 19:20:26
2d4ed78ef651b2f01HB82dy_FldQ,机械工程师,珠海运泰利,1000-9999人,仪器仪表,学历不限,3-5年,"自动化机械经验, 非标设计经验, SolidWorks, 有机械工程师经验, Pro/E",15-22K,苏州,,2026-05-29 19:20:26
948a28ea0deeba9c03x42tq0EVdV,光学工程师,某电子公司,20-99人,电子/半导体/集成电路,本科,3-5年,,25-40K·15薪,苏州,,2026-05-29 19:20:46
87cde188256f133903B-2d69E1ZX,机械工程师,苏州合盈智联科技,0-20人,自动化设备,大专,1-3年,"有机械工程师经验, 机电设备经验, 自动化机械经验, 整机设计经验, SolidWorks, AutoCAD, 机械工程专业, AutoCAD, 图纸设计, 熟悉电动/气动/传动设施, 熟悉各类加工工艺, 自动化, SolidWorks, 设计工程师",7-12K,苏州,,2026-05-29 19:20:46
a7ef1ad96217b40c03V50t67GFJR,机械工程师,苏州沃腾制造有限公司,20-99人,通用设备,大专,5-10年,"自动化机械经验, 提升机, 仪器仪表经验, AutoCAD, 新能源经验, 非标设计经验, SolidWorks, 重型机械经验, 输送线, 有机械工程师经验",12-18K·13薪,苏州,,2026-05-29 19:20:46
9711dca7d81c8f2d0nB_2965FFpW,layout工程师,睿创微纳,1000-9999人,电子/硬件开发,本科,3-5年,,12-22K·14薪,苏州,,2026-05-29 19:24:55
1321567edd6ac9570nd62dW_GFJR,工艺工程师,晟丰电子,100-499人,机械设备/机电/重工,本科,3-5年,"机械加工制造经验, 半导体经验, 电子/通信经验, 能源/化工/环保经验, 高分子材料经验, 复合材料经验, 成型工艺经验, 表面处理工艺经验, UG, SolidWorks, AutoCAD, 团队管理经验, 量产工程师（PE）经验, 现场工程师（ME）经验, 试产工程师（NPI）经验, 需要出差, 专用机械经验, 自动化设备经验, 光伏电池经验, 电路板/集成电路经验, 芯片/半导体经验",8-10K·13薪,苏州,,2026-05-29 19:24:55
bcbe49a19ae07ea80nB_29S-EltV,销售工程师,易为联科,100-499人,汽车零部件,本科,经验不限,,10-15K,苏州,,2026-05-29 19:25:14
2953e67603a908070nB529u5EFpR,品质工程师,和信益,20-99人,通信/网络设备,大专,5-10年,"有质量管理经验, 电子/通信经验, 机械加工制造经验, ISO9000经验, IATF 16949经验, SQE经验（供应商）, CQE经验（客户）, PQE经验（制程）, 团队管理经验, 8D报告经验, 英语可作为工作语言, QC七大手法, 项目管理经验, 内审员资格证, 需要出差",9-12K,苏州,,2026-05-29 19:25:36
ce7daf9917b51cf10nB-0969FVJZ,专利工程师,苏州中知研科技,0-20人,其他专业服务,大专,经验不限,专利代理人,10-15K,苏州,,2026-05-29 19:25:56
987819158f5850271XN-0tq9F1NZ,五轴工程师,必有路科技,0-20人,医疗器械,中专/中技,3-5年,"北京精雕, 数控相关专业",14-16K,苏州,,2026-05-29 19:25:56
1b2871300669b6dc0nB62NW0ElZV,rpa工程师,苏州云眠界电子商务,20-99人,电子商务,本科,在校/应届,"Django, Pandas, MySQL, PHP, Oracle, Python",6-8K,苏州,,2026-05-29 19:25:56
1847c156367e43751Hd92tW1GVdR,销售工程师,苏州银炙新材料,20-99人,医疗器械,本科,3-5年,新材料,11-20K,苏州,,2026-05-29 19:26:17
f28294117dc592511HB92tW8FlVX,硬件工程师,大秦数字能源技术股份,500-999人,新能源,本科,5-10年,"逆变器, 储能逆变器, 光储",20-35K,苏州,,2026-05-29 19:27:00
d1e47a0fa0027f980nB509q_EVZZ,技术工程师,苏州首测,20-99人,消费电子,本科,3-5年,机械相关专业,7-10K,苏州,,2026-05-29 19:27:00
249c58c15283c7b803x62t2-EVNY,工艺工程师,苏州银孚,0-20人,原材料及加工/模具,本科,经验不限,"机械加工制造经验, 模具经验, 夹具/治具经验, 有色金属经验, 陶瓷经验, 合金经验, 成型工艺经验, 表面处理工艺经验, 热处理工艺, 冲压经验, 液压经验, 挤出经验, 3D打印经验, 抛光经验, AutoCAD, UG, SolidWorks, 试产工程师（NPI）经验, 量产工程师（PE）经验, 现场工程师（ME）经验, 不需要出差",5-10K,苏州,,2026-05-29 19:27:00
1c25276e64bbdaed1Hdz2964EVRS,pcb工程师,汇川技术,10000人以上,其他行业,本科,5-10年,"Protel, 通信相关专业, PCB设计经验, AD9/AD10, 电子/自动化相关专业",17-23K,苏州,,2026-05-29 19:27:21
b985e40aca50f74f0nB53Nm9FlNT,电气工程师,苏州江湾世纪半导...,20-99人,半导体/芯片,本科,3-5年,"CAD, PLC工程师",16-25K,苏州,,2026-05-29 19:27:21
b3b2967a932a4d230nd-39y7FFdR,方案工程师,博众精工,1000-9999人,自动化设备,本科,3-5年,,17-25K·13薪,苏州,,2026-05-29 19:27:42
b245c12e8b78c4c20ndz3dy9EFRU,模具工程师,苏州智云工场科技,500-999人,通用设备,本科,5-10年,"有模具工程师经验, 注塑经验, AutoCAD, 家用电器",15-30K·15薪,苏州,,2026-05-29 19:27:42
c3848b8da77b40ee0nZ53dy9EFFR,ERP开发工程师（鼎捷T100）,LINKHOU,500-999人,专用设备,大专,5-10年,,15-22K·14薪,苏州,,2026-05-29 19:28:03
2c7f30ab477274fa0ndz2Ny9GVVR,机械工程师,苏州格利特工业科技,10000人以上,半导体/芯片,本科,1-3年,"自动化机械经验, 非标设计经验, 整机设计经验, 机电设备经验, SolidWorks, 有机械工程师经验",11-22K·15薪,苏州,,2026-05-29 19:28:03
2ad1d4215e37e65e03d62du-EFRT,程序工程师,江苏某大型高端装备制造公司,1000-9999人,机械设备/机电/重工,大专,5-10年,"UG, Mastercam",20-21K·14薪,苏州,,2026-05-29 19:28:03
68c7f1e82e2876f40nZ82Nm7F1RR,交通工程师,园测,1000-9999人,计算机服务,大专,1-3年,,7-8K,苏州,,2026-05-29 19:28:03
44ed828e5471f5cd1Xxz09y8E1BT,苏州思苾特招聘质检员,苏州思苾特,20-99人,汽车零部件,大专,1-3年,"不需要出差, 包吃, 上六休一, 有质检经验, 两班倒, 其他, 汽车经验, 五险",7-12K,苏州,,2026-05-29 19:32:12
fdfd8a3b15f969cb03N-39-9EVFW,质量工程师,某大型计算机软件上市公司,1000-9999人,计算机软件,本科,3-5年,制程质量工程师,20-25K,苏州,,2026-05-29 19:32:52
f16273a6ab06af3a03F42t-6GVNZ,电气工程师,萨瓦智能,20-99人,专用设备,大专,1-3年,,12-20K·13薪,苏州,,2026-05-29 19:32:52
d8be382c9bbaf32e0nB_29-4ElJR,PCB工程师,汇川技术,10000人以上,自动化设备,本科,5-10年,EMC/EMI相关经验,15-25K·14薪,苏州,,2026-05-29 19:33:15
9361ad5d220774770nZ-2t26FFRT,电气工程师,某大型自动化设备上市公司,1000-9999人,自动化设备,大专,5-10年,,20-30K·14薪,苏州,,2026-05-29 19:33:15
68963db49703b3090nB_29S-FFtZ,硬件工程师,中电金信,10000人以上,计算机软件,本科,5-10年,ARM SOC平台,20-22K,苏州,,2026-05-29 19:33:35
0dd89c50999eb6c70nB_2ti0EVtX,采购工程师,苏州康巨富自动化设备,100-499人,自动化设备,本科,1-3年,,6-9K,苏州,,2026-05-29 19:33:56
1a55edd691937c1a03dz3dq5FlVQ,硬件工程师,苏州峰梅电子科技,100-499人,通信/网络设备,本科,1-3年,"智能硬件/可穿戴设备, 硬件开发经验",5-9K·13薪,苏州,,2026-05-29 19:34:17
6f36e1886c3c28f01Hd42dm6FlRU,TE工程师,咖爷科技,100-499人,自动化设备,本科,5-10年,"自动化测试经验, 测试工作经验, 性能测试, 渗透测试, 功能测试",12-18K·14薪,苏州,,2026-05-29 19:34:37
62bd42212f20fb3d0nB-2d-7FVtZ,机械工程师,上海济让,100-499人,互联网,大专,5-10年,,12-25K,苏州,,2026-05-29 19:34:37
17b58302a89d8b021HV82Ni6GFtS,研发工程师,某大型原材料及加工公司,500-999人,原材料及加工/模具,本科,3-5年,"石油化工, 化学化纤, 精细与专用化学品, 产品研发, 化工工程师证, 化学专业",15-25K·13薪,苏州,,2026-05-29 19:34:57
da884a77513f86ad0nB_2t68FlNR,机械工程师,代尔塔,500-999人,原材料及加工/模具,大专,1-3年,"有机械工程师经验, SolidWorks, 机电设备经验, 自动化机械经验, 仪器仪表经验, 非标设计经验, 整机设计经验, 机械设计, 设备研发",7-12K,苏州,,2026-05-29 19:35:18
aa24876ffea63ab00nV_3dS1GVpZ,工程师,苏州英腾运动科技,0-20人,铁路/船舶/航空/航天制造,中专/中技,5-10年,,15-20K,苏州,,2026-05-29 19:40:29
d8a72ff329905f100nV53t6_FVNW,IDC运维工程师,广东维云信息科技,100-499人,计算机服务,大专,1-3年,"服务器, GPU, IDC机房运维",6-10K,苏州,,2026-05-29 19:40:29
2ccddaa303d635120nZ-2d64FFJY,结构工程师,某计算机服务公司,20-99人,计算机服务,学历不限,经验不限,,20-35K,苏州,,2026-05-29 19:40:29
1b81c39a2bb1edf80nR50tm5GFtW,硬件工程师,某大型汽车零部件公司,1000-9999人,汽车零部件,本科,5-10年,,20-40K,苏州,,2026-05-29 19:40:50
78e7a352068169850nd90968EFZU,硬件工程师,某知名储能上市公司,1000-9999人,储能,本科,5-10年,,50-60K,苏州,,2026-05-29 19:41:10
4969ccd74e6e09971nV739S0F1RR,机械工程师,法如自动化,20-99人,自动化设备,大专,3-5年,"机械工程师, 团队管理经验, 自动化机械经验, 非标设计经验, 整机设计经验, CAD, 机械结构工程师, 非标设计, SolidWorks, 有机械工程师经验, 机械设计",12-20K·13薪,苏州,,2026-05-29 19:42:55
0a752e9224f169fe0nB73dS7FFNY,现场工程师,厨芯科技,500-999人,智能硬件/消费电子,大专,在校/应届,"机械/电子工程相关专业, 其他类型SaaS/PaaS, 机械/机电设备",6-9K,苏州,,2026-05-29 19:42:55
68365a86c9f2249a0nB42tm_GVRV,机械工程师,某机械设备公司,20-99人,机械设备/机电/重工,本科,3-5年,"有机械工程师经验, SolidWorks, AutoCAD, 非标设计经验, 机电设备经验, 自动化机械经验, 汽车经验, 激光切管机, 打包机, 码垛机, 非标自动化",14-26K,苏州,,2026-05-29 19:42:55
4a41468de419d9bd0nRy09m8FFtZ,结构工程师,追觅智净未来,500-999人,家用电器,本科,3-5年,,15-25K·15薪,苏州,,2026-05-29 19:43:18
038fb7aa9103cb8c0nd829y6E1VX,网络运维工程师,南京新希望电力科技,20-99人,电力/热力/燃气/水利,大专,3-5年,,7-10K,苏州,,2026-05-29 19:43:37
6c456447045da61e0nB_2du0F1ZZ,质量工程师,昆山嘉华电子有限公司,20-99人,原材料及加工/模具,本科,在校/应届,"接受无质量管理经验, 不需要出差, 机械专业, 材料成型专业, 英语能力",7-9K,苏州,,2026-05-29 19:47:47
9f355642636af3ce0ndz3tW9EVRT,模具工程师,上海星光瀚澜智能科技,20-99人,医疗服务,学历不限,3-5年,"有模具工程师经验, 注塑经验, 铸造经验, 冲压经验, 挤出经验, 钣金经验, Pro/E, SolidWorks, CATIA, UG, AutoCAD, 汽车, 电子/通信, 家用电器, 玩具/包装, 制药/医疗",15-20K,苏州,,2026-05-29 19:47:47
e7a3fdfc0bc91b1b03183NW-EFdR,液压工程师,三一重机有限公司,10000人以上,专用设备,本科,1-3年,,15-25K,苏州,,2026-05-29 19:47:47
982e9c78072f958503Ny2d-6FlpU,销售工程师,华楷科技,20-99人,机械设备/机电/重工,大专,1-3年,"市场拓展能力, 售前/售后技术支持, 工业设备销售经验, 市场营销相关学历, 技术转销售, 技术配合与沟通, 客户开发与维护, 机械设备/机电/重工, 电气相关学历, 机械相关学历, 项目跟踪",19-20K,苏州,,2026-05-29 19:47:47
0287ba13251605080nB_2tW1GVBZ,助理工程师,苏州飞马医疗科技,0-20人,医疗器械,本科,1年以内,,5-7K,苏州,,2026-05-29 19:47:47
295f24e646bee1120nB40tS_FFtX,车身工程师,重庆博道途工程技术,20-99人,汽车研发/制造,学历不限,1-3年,设计,13-22K·13薪,苏州,,2026-05-29 19:47:47
818b08f2313947520nB-0t60GFdY,采购工程师,威赢威莱,0-20人,咨询,大专,经验不限,,20-25K·15薪,苏州,,2026-05-29 19:48:08
bb664cdf2c072b9503d_39S_ElNY,MEMS工程师,某电子公司,20-99人,电子/半导体/集成电路,硕士,经验不限,,20-30K,苏州,,2026-05-29 19:48:08
1854e1ae7ad711770nd73tu0GFpW,硬件工程师,江苏诺微达自动化科技,20-99人,其他专业服务,本科,5-10年,"汽车硬件产品, 硬件开发经验",20-30K,苏州,,2026-05-29 19:48:08
8c12a7aae082207d0nRz2du4GVBT,镀膜工程师,苏州某大型半导体/芯片公司,1000-9999人,半导体/芯片,本科,经验不限,"不需要出差, 芯片/半导体经验, 半导体经验",20-25K·15薪,苏州,,2026-05-29 19:48:08
58112f53613b75da03V43d2_EFZY,技术工程师,威赫炘源纳米科技,20-99人,其他新能源,本科,3-5年,"新能源, AutoCAD, 热动力, 热分析, 散热设计, 散热物料, 热能与动力工程专业, 工程热物理专业, 制冷与低温技术专业",9-14K,苏州,,2026-05-29 19:48:08
a535a698421467800nV-2924ElVV,测绘工程师,红点设计,0-20人,建筑设计,大专,3-5年,"ArcGIS, 工程测量/测绘, 需要出差/驻场, AutoCAD, MapGIS, 工程测量员, 经纬仪, RTK, 负责驻场, 有测绘/测量经验, 较多外派, 水平仪, 中高级测绘工程师职称, 初级测绘工程师职称, 工程师职称, 水准仪, 全站仪, 外业测量, 轨道, 驾驶证, 较多出差",6-10K,苏州,,2026-05-29 19:48:08
ae915a9709bc490a0nd43t-4EVVY,销售工程师,苏州国方,100-499人,检测/认证,大专,3-5年,,15-30K,苏州,,2026-05-29 19:48:08
71402ef798519fab0nB_29m4E1NY,销售工程师,锐视RSEE,100-499人,仪器仪表,大专,1-3年,"市场拓展能力, 技术配合与沟通, 商务谈判能力, 智能硬件, 客户开发与维护, 方案销售, 仪器仪表/工业自动化, 视觉光源销售, 售前/售后技术支持, 电子/半导体/集成电路, OPT, 工业设备销售经验, 市场营销相关学历, 机器视觉, 技术转销售, 制定产品/服务方案, 控制器销售, 对机构 (To B) 销售经验, 电气相关学历, 机械设备/机电/重工, 机械相关学历, 项目跟踪",5-10K,苏州,,2026-05-29 19:48:08
4e805b0155e01f4e0nB409y8GVdU,算法工程师,武汉某大型智能硬件上市公司,1000-9999人,智能硬件,硕士,5-10年,,20-40K·14薪,苏州,,2026-05-29 19:48:08
4950ebb1cb53c79b0nR42dm6FlBQ,QE工程师,苏州亚德林股份,1000-9999人,汽车零部件,大专,1-3年,,10-15K,苏州,,2026-05-29 19:48:08
b10691b7541853151HR42NW1FVZW,项目工程师,华誉自动化,100-499人,自动化设备,学历不限,3-5年,企业内部技术项目管理,10-15K,苏州,,2026-05-29 19:48:29
bfc18d37489de2380nd92tq-FVZT,调音工程师,苏州某中型汽车零部件公司,500-999人,汽车零部件,本科,5-10年,"音视频/流媒体开发, C++, 音视频编解码, 音视频开发经验, 汽车音响",24-35K,苏州,,2026-05-29 19:48:29
4be25ba10ae937471X1_3N--ElJW,拓德模塑招聘质量管理/测试工程师,拓德模塑,20-99人,原材料及加工/模具,大专,5-10年,"内审员资格证, 团队管理经验, FMEA, 需要出差, SPC, PPAP, 汽车质量管理体系标准, 质量管理体系标准, APQP, DQE经验（研发）, IATF 16949经验, QC七大手法, CQE经验（客户）, 汽车经验, 有质量管理经验, 8D报告经验",8-12K,苏州,,2026-05-29 19:48:29
da927fd6584ed8930nd72t25EVNX,结构工程师,苏州某大型家具/家电/家居公司,1000-9999人,家具/家电/家居,学历不限,3-5年,,15-27K·15薪,苏州,,2026-05-29 19:48:29
ae12292afbf03f630nB409i7EVJS,工艺工程师,琥珀传能,100-499人,物联网,本科,1-3年,,12-15K,苏州,,2026-05-29 19:48:29
6344619c40dc8e9203Z62NW5GFJQ,电气工程师,昆山领创自动化科技,20-99人,自动化设备,中专/中技,3-5年,电机工程师,13-18K·13薪,苏州,,2026-05-29 19:48:29
f907993de221eb3c0nB73dW9GFNS,算法工程师,苏州某中型智能制造解决方案公司,500-999人,智能硬件,本科,10年以上,,25-50K·14薪,苏州,,2026-05-29 19:48:29
1c828534f785161c03Fy39i6FlVS,助理工程师,长垦科技,100-499人,自动化设备,中专/中技,经验不限,"机电相关专业, 熟悉PLC编程, 设备维修/保养",5-8K,苏州,,2026-05-29 19:48:29
939affe82c5a49811HNy2dm_FVBT,认证工程师,追觅科技,1000-9999人,家用电器,本科,在校/应届,"CCC/3C认证, UL认证, 企业内部岗位, 英文流利, CE认证",7-11K·14薪,苏州,,2026-05-29 19:48:29
dd9c9e0205ddd36c03J92N29FVFW,养猪工程师,阜宁牧原,10000人以上,其他行业,学历不限,经验不限,"五险一金, 接受无养殖技术员经验/技能, 猪场",8-12K,苏州,,2026-05-29 19:48:29
8f1d7d08e35a6f060nB509m1E1ZV,采购工程师,珀费克特,20-99人,自动化设备,大专,3-5年,,8-11K,苏州,,2026-05-29 19:48:50
a19bde30baaa70f80nVz39y-E1BV,ae工程师,苏州恩岭智能科技,0-20人,计算机软件,本科,1-3年,,15-25K,苏州,,2026-05-29 19:48:50
4fadbe70ed2a175c1XF_2NW4GVc~,天窗工程师,远颂汽车,20-99人,汽车研发/制造,大专,1-3年,"汽车设计, 内饰, Catia, 三维造型设计, 汽车相关专业, 机械相关专业, 模具相关专业, 机械设计",6-12K,苏州,,2026-05-29 19:48:50
31741b102105dfa503J43Nq9FFdQ,工艺工程师,赛特锐,100-499人,原材料及加工/模具,大专,5-10年,"不需要出差, UG, AutoCAD, 机械加工制造经验, 试产工程师（NPI）经验, SolidWorks",10-15K,苏州,,2026-05-29 19:48:50
bb83b04a5182d681031829y6EFdS,设备工程师,江苏常熟某大型新能源电池公司,1000-9999人,新能源,本科,经验不限,"接受无机械设备工程师经验, 不需要出差, 电芯设备, 注液, 烘烤, 化成, 分容",18-23K·14薪,苏州,,2026-05-29 19:48:50
37e44243866583a703V_3t-8GVRT,焊接工程师,昆山昌旭达精密机械,0-20人,仪器仪表/工业自动化,学历不限,1-3年,"自动化, 焊接作业, 仰焊, 立焊, 横焊, 平焊, 气焊, 电弧焊",8-9K,苏州,,2026-05-29 19:48:50
941675ccfb9f54890nd-3tu8FlVT,检测工程师,苏州电加工,100-499人,机械设备/机电/重工,本科,经验不限,"接受无质量管理经验, 需要出差",7-8K,苏州,,2026-05-29 19:48:50
1b88b597a9876fbf0nR529m6GVBU,测试工程师,捷普集团,1000-9999人,原材料及加工/模具,本科,5-10年,,15-20K·16薪,苏州,,2026-05-29 19:48:50
2e8b2e8f019077ff0nZ42Nq4FVRU,算法工程师,苏州某大型家庭服务机器人上市公司,1000-9999人,其他行业,本科,1-3年,"激光雷达, 算法, SLAM, 运动控制, ROS, A*, 路径规划",25-40K·14薪,苏州,,2026-05-29 19:48:50
2afdae1fd22196d403172tS4FFBQ,网络工程师,同程旅行,1000-9999人,互联网,大专,5-10年,,18-25K·15薪,苏州,,2026-05-29 19:48:50
e6d71709f403abe90nd83d25ElRW,结构工程师,某500强上市公司,1000-9999人,通信/网络设备,本科,5-10年,,25-30K,苏州,,2026-05-29 19:48:50
9ac687fd03b3d33c0nR82921FVdX,铸造工程师,六丰机械,500-999人,汽车研发/制造,大专,经验不限,,5-6K,苏州,,2026-05-29 19:48:50
72b643740db320861nR73ti_GFdW,装配工程师,龙钤,20-99人,仪器仪表/工业自动化,中专/中技,3-5年,"五险, 周末单休, 非标机械, 装配工程师, 机械工程师, 机电工程师, 机械设备",8-10K,苏州,,2026-05-29 19:49:11
b9e43d6a16f7bb5503xy3Ny9EVNX,电气工程师,弗特安,20-99人,自动化设备,本科,3-5年,自动化行业经验,11-22K·13薪,苏州,,2026-05-29 19:49:11
1f91cea61574492e03x_3tu_GVdT,qe工程师,追觅创新科技,1000-9999人,家用电器,本科,5-10年,生产质量管理,13-26K,苏州,,2026-05-29 19:49:11
fb6bcab4b78a3e710nd80ti4FVFR,实施工程师,神彩科技,100-499人,计算机软件,本科,在校/应届,,6-10K,苏州,,2026-05-29 19:49:11
f77c95c8b8c5f3890nB43ti-EVdZ,品质工程师,昆山乾晟合工业机械,0-20人,汽车零部件,高中,3-5年,"可带手机, 需要出差, 上六休一, 计时工资, 有质检经验, 计件工资, 其他, 我们一起做梦，然后一起去把梦实现。, 汽车经验, 月休四天, 钣金经验, 五险",8-13K,苏州,,2026-05-29 19:49:11
903ee97c3deacbed0nd82N69EVRR,FPGA工程师,安驰控制,100-499人,电子/硬件开发,本科,1-3年,,11-20K·14薪,苏州,,2026-05-29 19:49:11
16e8092bd99df5d10nB50925FlRT,EE工程师,宇宙行者,500-999人,智能硬件/消费电子,本科,1-3年,"信号发生器, 示波器, 频谱仪, 电子元器件, 8D, 七大手法",15-20K,苏州,,2026-05-29 19:49:11
6138baab264816631HJ53t68F1pS,labview工程师,苏州猎奇智能设备,500-999人,自动化设备,大专,3-5年,"自动化测试经验, labview, 机器视觉, 运动控制, 软件开发经验",12-24K·14薪,苏州,,2026-05-29 19:49:11
c33a62d4c95c60780nB-29m0EVFU,电池工程师,苏州无界妙控科技,500-999人,其他制造业,本科,3-5年,,15-30K·15薪,苏州,,2026-05-29 19:49:11
25bd66d00a3a6c490nB73dq6FVNQ,工艺工程师,昆山沪光汽车电器,1000-9999人,汽车零部件,本科,1-3年,高压线束 汽车零配件,12-18K·13薪,苏州,,2026-05-29 19:49:32
1af635f6c8e6ce3803R53Nm0FlFW,npi工程师,苏州某大型半导体上市公司,1000-9999人,半导体/芯片,本科,经验不限,"光模块, PE, NPI, 测试, 工艺",20-21K,苏州,,2026-05-29 19:49:32
a9aa26f844b387240nd93d6-EFJU,采购工程师,艾立罗,100-499人,光伏,大专,3-5年,"国内采购, 大中型企业采购经验, 自带供应商资源, 非标自动化",8-10K,苏州,,2026-05-29 19:49:32
9dd217c4f89777860nB42Nq6FVVV,NPI工程师,苏州联佳,100-499人,铁路/船舶/航空/航天制造,大专,5-10年,,12-16K,苏州,,2026-05-29 19:49:32
f6cb86fa2e7978de0nB409W8E1BS,机械工程师,苏州正应力智能科技,0-20人,自动化设备,大专,3-5年,"有机械工程师经验, 机电设备经验, 自动化机械经验, 汽车经验, 机器人经验, 半导体经验, 非标设计经验, 整机设计经验, SolidWorks, AutoCAD",10-15K,苏州,,2026-05-29 19:49:32
9fdf5642e0fa3e530nZ-3du1EVdU,fae工程师,蓝点触控,100-499人,仪器仪表,本科,经验不限,"机器人, 协作臂, fae, 传感器",8-12K,苏州,,2026-05-29 19:49:32
c208659d018c73fe1nx_2t24FlRV,助理工程师,华天科技,1000-9999人,其他行业,大专,1-3年,理工科,6-8K·13薪,苏州,,2026-05-29 19:49:32
76ab8b7947e0231a0nB_2961FVFT,硬件工程师,睿创微纳,1000-9999人,电子/硬件开发,本科,3-5年,,15-25K·13薪,苏州,,2026-05-29 19:49:32
0fa3bbdf96a9aab403xy09m8FldS,机械工程师,童韵游乐,100-499人,其他行业,本科,1-3年,"自动化机械经验, 非标设计经验, SolidWorks, 有机械工程师经验",10-15K,苏州,,2026-05-29 19:49:32
27f5fbec24b0f2f803B43t68GVpX,设备工程师,某中型汽车线控底盘技术公司,100-499人,汽车零部件,大专,经验不限,"不需要出差, 要求有机械设备工程师经验, 汽车机械经验, 企业（甲方）",20-21K·14薪,苏州,,2026-05-29 19:49:32
385702fd337090d003Jy2tW0F1VX,焊接工程师,中达电子,10000人以上,电子商务,本科,3-5年,,10-14K·16薪,苏州,,2026-05-29 19:49:32
c4a410b72b0053cd0nB70t-8F1VX,助理工程师,苏州青禾涌智科技推广,20-99人,职业培训,本科,经验不限,,5-8K,苏州,,2026-05-29 19:49:52
26fe197ae960f0860nB-3N2-GFtR,工艺工程师,柔触机器人,20-99人,自动化设备,本科,1-3年,"机械加工制造经验, 高分子材料经验, 橡胶经验, 表面处理工艺经验, 成型工艺经验, AutoCAD, SolidWorks, 试产工程师（NPI）经验, 量产工程师（PE）经验, 现场工程师（ME）经验, 不需要出差, 注塑经验, 3D打印经验",10-15K·13薪,苏州,,2026-05-29 19:49:52
211aa840378309a60nB_29-0E1VY,机械工程师,旷博,20-99人,自动化设备,本科,经验不限,"选矸机, UG, AutoCAD, 煤矿, 整机设计经验, SolidWorks, 矿山, 重型机械经验, 有机械工程师经验",16-20K,苏州,,2026-05-29 19:49:52
83c7d88dcd6b15430nB429u-E1NZ,硬件工程师,某中型半导体/芯片公司,100-499人,半导体/芯片,本科,5-10年,"接受无机械结构工程师经验, 非标设备控制板, 转接板",20-28K·14薪,苏州,,2026-05-29 19:49:52
1d6662e338c09a8b03153t-9EVpX,模具工程师,昆山金宸煌精密机械,20-99人,其他制造业,学历不限,1-3年,"模具技术员, 模具技师, 包吃, 模具工程师证, 月结, 模具技工, 助理模具工程师证, 1-3年经验, 模具设计工程师, 高级模具工程师证",13-16K,苏州,,2026-05-29 19:49:52
f6fa290f1df73fce0nd529S6E1FY,电气工程师,华崴,20-99人,电子/硬件开发,大专,3-5年,CAD,7-9K,苏州,,2026-05-29 19:49:52
741e1d4737ea26e21Hd839S4ElNZ,labview工程师,润江,0-20人,仪器仪表/工业自动化,大专,3-5年,"自动化测试经验, 测试工作经验, 软件开发经验, LabVIEW",6-10K,苏州,,2026-05-29 19:49:52
e3666ba8c981f2cd0nZ-2NW_ElpR,结构工程师,苏州博友,0-20人,家用电器,大专,1-3年,熟练使用软件,7-10K,苏州,,2026-05-29 19:50:12
c026fa1fe4fe0f6c0nVy09y6ElVZ,硬件工程师,江苏某中型医疗器械公司,500-999人,医疗器械,本科,5-10年,,20-29K·15薪,苏州,,2026-05-29 19:50:12
1dfb21b9b87c6ea00nZz09q7F1BX,硬件工程师,钧舵机器人,100-499人,仪器仪表/工业自动化,本科,5-10年,,15-30K,苏州,,2026-05-29 19:50:12
ca9ba034ead5533c0nd-2d2-GVNV,激光工程师,苏州某大型消费电子功能性器件上市公司,1000-9999人,其他行业,大专,5-10年,"连接/切割工艺经验, 激光焊经验, 不需要出差, 激光切割经验, AutoCAD, 刀具/磨具经验, 机械加工制造经验, 其他, 手机经验, 电子/通信经验, 现场工程师（ME）经验",20-21K,苏州,,2026-05-29 19:50:12
d06670cc7de3da640nZ809S4GFJQ,销售工程师,广东晟辉科技股份公司,500-999人,半导体/芯片,本科,经验不限,"客户开发与维护, 市场信息搜集与分析, 项目跟踪, 技术配合与沟通, 商务谈判能力, 市场拓展能力, 技术转销售, 市场营销相关学历, 机械相关学历, 电子/半导体/集成电路, 销售开发",6-10K·14薪,苏州,,2026-05-29 19:50:12
d011c23e9480c7cb1HB70ty1FVdR,硬件工程师,某500强上市公司,1000-9999人,智能硬件,本科,3-5年,"智能硬件/可穿戴设备, 电子电气/自动化相关专业, 电机控制器, 伺服电机, 变频器",30-50K,苏州,,2026-05-29 19:50:12
1cdf41b3a31819af03Vy3Ni4EFpZ,机械工程师,微格纳米,20-99人,动力电池,本科,经验不限,"AutoCAD, 新能源经验, 非标设计经验, 化工经验, SolidWorks, 有机械工程师经验",10-15K,苏州,,2026-05-29 19:50:12
47ecd85e18eba79703Z82d26F1tT,售后工程师,苏州市锝永电子,20-99人,自动化设备,大专,1-3年,"机械/电子工程相关专业, 机械/机电设备技术支持经验, 可适应出差, 机械/机电设备",7-12K·13薪,苏州,,2026-05-29 19:50:12
f000b55b4a54fdd11Xx42dW1FlFR,模具工程师,骏宝电子,20-99人,原材料及加工/模具,大专,10年以上,"UG, 家用电器, 电子/通信, 有模具工程师经验, 注塑经验, 笔电, 模塑一体，智能家电",13-19K,苏州,,2026-05-29 19:50:34
958aa7e90821ea301Hx62ti_E1tZ,编程工程师,太飞精密,0-20人,原材料及加工/模具,学历不限,经验不限,"三菱, 法兰克, 熟悉刀具/夹具/量具, 非标零件经验",13-15K,苏州,,2026-05-29 19:50:34
24c691494a7318a603Rz3N67F1NR,调试工程师,苏州合盈智联科技,0-20人,自动化设备,大专,1-3年,"软件实施经验, ERP/OA/CRM系统, 计算机/通信相关专业, 机械/电子工程相关专业, 机械/机电设备技术支持经验, 机械/机电设备, 可适应出差",7-12K,苏州,,2026-05-29 19:50:34
3499fd1b451ab1be03R93t24FFdY,FAE工程师,苏州明纬,1000-9999人,电子/硬件开发,本科,经验不限,"电路设计, 电源架构, 电子工程师",8-10K·15薪,苏州,,2026-05-29 19:50:34
5e9df1b32eadbbcb1HB_3tm1ElZT,软件工程师,苏州赛腾,1000-9999人,其他行业,大专,1-3年,"C#, C#开发经验",11-21K,苏州,,2026-05-29 19:50:34
5b27a00369e2e4bf1Xd829W5EFtX,中试工程师,芒种,0-20人,智能硬件,大专,3-5年,"热风枪, 万用表, 烙铁, 组装测试",4-8K,苏州,,2026-05-29 19:50:34
4b153d1b59a5ad6b1nV73t20EVBQ,机电工程师,厚煦洁净,20-99人,工程施工,大专,3-5年,建筑机电工程师,9-14K,苏州,,2026-05-29 19:50:55
22318d6fccd54bf00nB72d-7E1ZY,电气工程师,德来福工业,20-99人,自动化设备,大专,5-10年,"PLC工程师, eplan",12-24K·13薪,苏州,,2026-05-29 19:50:55
bce90ca5b6de4d7c1X142tq9ElRX,电气工程师,武汉特格德科技,20-99人,仪器仪表/工业自动化,大专,3-5年,PLC工程师,8-13K·13薪,苏州,,2026-05-29 19:50:55
75e0bd074824698e1Xx-2tS9FlFV,机械工程师,苏州铭钛自动化科技,0-20人,仪器仪表/工业自动化,大专,5-10年,有机械工程师经验,14-20K·13薪,苏州,,2026-05-29 19:50:55
b0219d34046c2c9a0nV-2d64EVFS,质量工程师,聿联,100-499人,汽车零部件,本科,3-5年,"需要出差, 有质量管理经验",8-12K,苏州,,2026-05-29 19:50:55
086ed0cf9af2ed3d0nB_2dS0E1ZZ,视觉工程师,立讯机器人,1000-9999人,其他行业,大专,经验不限,"三维重建, C/C++, Python, HALCON, VisionPro",8-12K,苏州,,2026-05-29 19:55:23
e0dd45b134ae99ae031z3dy6ElVT,模具工程师,云忠豪,20-99人,原材料及加工/模具,高中,3-5年,"UG, 家用电器, 汽车, AutoCAD, 电子/通信, 有模具工程师经验, 冲压经验, Pro/E",7-10K,苏州,,2026-05-29 19:56:27
8b2da1842c3db0e50nV4296-GFJR,结构工程师,视源股份(CVTE),1000-9999人,电子/硬件开发,本科,5-10年,,25-35K·13薪,苏州,,2026-05-29 19:56:27
dc03923e2b764adc03d43tm0ElZY,测试工程师,某大型计算机软件上市公司,10000人以上,自动化设备,本科,经验不限,"智能硬件类, 光电器件类, 硬件测试经验, 自动化相关专业",15-25K,苏州,,2026-05-29 19:56:48
ec6ba5a2ab83831c0nd82NS5GFRW,研发工程师,迈格诺科,100-499人,其他制造业,本科,3-5年,,15-18K,苏州,,2026-05-29 19:56:48
764152350012f4e21nB82tm7FlVX,电气工程师,苏州智邦自动化设...,0-20人,仪器仪表,本科,1-3年,"PLC工程师, eplan, 电路设计, 电控工程师, CAD",6-11K,苏州,,2026-05-29 19:56:48
4e0e3c52baee515b0HV-39i9FVc~,售后工程师,赛弗尔,20-99人,机械设备/机电/重工,大专,1-3年,"售后工程师, 懂电、机械",6-10K·13薪,苏州,,2026-05-29 19:57:10
eb9edffd87cf6a950nR-3t65FVVZ,BIM工程师,苏净工程,1000-9999人,机电工程,本科,1-3年,"3ds MAX, Navisworks, 可视化, 方案设计, BIM实操经验, ArchiCAD",10-15K,苏州,,2026-05-29 19:57:30
c3b577a0c3965281031-0967EFVQ,售前工程师,北京捷象灵越,20-99人,自动化设备,本科,3-5年,,11-20K,苏州,,2026-05-29 19:57:51
3ca6661d6d18eb580nB-2Ny7FFRV,电气工程师,永汇机电,20-99人,自动化设备,本科,3-5年,电路设计,12-23K,苏州,,2026-05-29 19:57:51
d8d02bd7579e862d1X1y2928FFtZ,电气工程师,苏州科越工程,100-499人,房屋建筑工程,本科,5-10年,"CAD, 建筑电气",15-20K·14薪,苏州,,2026-05-29 19:57:51
e106d640dd2bb5480nB_2dy4EFtW,调试工程师,路远智能装备,100-499人,智能硬件,本科,经验不限,"功能测试, 性能测试, 自动化测试, 计算机相关专业, 通信相关专业, 测试工作经验, iOS/Android测试经验, 自动化测试经验",6-10K,苏州,,2026-05-29 19:58:12
6505b1401e905f0d0nB_296_EFFW,MCU工程师,融速科技,20-99人,铁路/船舶/航空/航天制造,本科,1-3年,,15-20K·14薪,苏州,,2026-05-29 19:58:12
aba0bcdea44220b60nB73tW-GVRT,机械工程师,江锦自动化科技,100-499人,电气机械/器材,学历不限,3-5年,"有机械工程师经验, 新能源经验, 非标设计经验, 整机设计经验, 圆柱电池",15-23K,苏州,,2026-05-29 19:58:12
fa326abfb0e176770nB_2tq1GFBZ,EMC工程师,固德威,1000-9999人,储能,本科,3-5年,"逆变器, UPS, 电源, EMC, 光伏",18-35K,苏州,,2026-05-29 20:05:08
d815d0010628f1b81HN92NS6FFVU,算法工程师,恩赫科技,20-99人,计算机软件,硕士,经验不限,"C/C++, 机器学习, 深度学习, 大模型算法, 通信算法, MATLAB",11-16K,苏州,,2026-05-29 20:14:03
35691397cb4f85dc1nZ80tm6GVRZ,电气工程师,BORUC,20-99人,自动化设备,大专,3-5年,"机器人, 非标自动化设备",12-20K·13薪,苏州,,2026-05-29 20:14:23
5627ebb9ba314c9203163N65FFJV,算法工程师,上海碧巢智联设施管理,20-99人,物业管理,硕士,3-5年,"机器学习, 深度学习, 大模型算法, 自然语言处理算法, 多模态算法, 算法工程化经验, 强化学习, 模型加速/性能优化, Python, SQL",35-50K,苏州,,2026-05-29 20:14:44
e95144664c2320940nB639-_EFtQ,VDI虚拟化运维工程师,某大型电子/半导体/集成电路公司,1000-9999人,电子/半导体/集成电路,本科,1-3年,,20-25K·14薪,苏州,,2026-05-29 20:20:32
bf5fee4fe58ee3010nB52tq8EVdS,机电工程师,上海镭能电子,20-99人,半导体/芯片,本科,3-5年,"设备维修/保养, 电气安装, 熟悉PLC编程, 擅长AutoCAD, 擅长SolidWorks, 机电相关专业",10-15K·14薪,苏州,,2026-05-29 20:21:34
4e0c12ae37e77bb41Hd92dS4FFBY,软件工程师,苏州联芯威,100-499人,电子/半导体/集成电路,本科,1-3年,"C, DSP开发, ARM开发, 通信相关专业, 电气电气/自动化相关专业, 嵌入式/单片机开发经验",10-15K·13薪,苏州,,2026-05-29 20:22:37
8920827ecf6827560nB73d6_FldX,化工工程师,湛清环保,100-499人,其他行业,硕士,在校/应届,,7-9K·13薪,苏州,,2026-05-29 20:22:58
b8c403f705461a220nd92t-1EFtY,品保工程师,苏州亚平电子有限公司,100-499人,自动化设备,大专,5-10年,"不需要出差, 非标自动化品保工程师, 机械加工制造经验, ISO9001经验, SQE经验（供应商）, IQC, 非标自动化, 汽车经验, 有质量管理经验",10-15K,苏州,,2026-05-29 20:28:07
9f8b4df29e42efc10ndz3921E1NU,地质工程师,苏州某中型新能源材料上市公司,500-999人,电子/硬件开发,本科,5-10年,,30-60K,苏州,,2026-05-29 20:28:07
84e3d9f0c9d48b6d0nd93Ni6FFtQ,SQE工程师,苏州新同创,100-499人,汽车零部件,本科,1-3年,"汽车, 熟悉ISO质量管理体系, SQE工作经验, 内审员资格, 物料供应商, 电气, SQE, 熟悉IATF6949",7-11K,苏州,,2026-05-29 20:28:07
6eac198815487a650nV52dS0FVdQ,设备工程师,浙江某大型电子/半导体/集成电路上市公司,10000人以上,电子/半导体/集成电路,大专,3-5年,,20-30K·15薪,苏州,,2026-05-29 20:28:07
71935f03cce151390ndz09S1GVpZ,质量工程师,万乐德,20-99人,金属制品,学历不限,1-3年,"不需要出差, 机械加工制造经验, 蔡司三坐标, 有质量管理经验",8-12K,苏州,,2026-05-29 20:28:07
18ca32bd9b0ce4af1HFy3N20E1tU,铸造工程师,苏州众捷,1000-9999人,汽车零部件,大专,3-5年,金属型铸造,15-18K·13薪,苏州,,2026-05-29 20:28:28
25d19c558e1a7bf40nRy2tu0GVRX,硬件工程师,某大型汽车零部件公司,1000-9999人,汽车零部件,本科,10年以上,"ECU, 硬件",25-30K·16薪,苏州,,2026-05-29 20:28:28
705ff26501b8039e0nd90ti8GFRS,视觉工程师,瑞昌,100-499人,通用设备,大专,1-3年,,15-20K,苏州,,2026-05-29 20:28:28
b247671c4f73b7eb0ndz29m6FFpQ,硬件工程师,天津某中型电力/热力/燃气/水利公司,500-999人,电力/热力/燃气/水利,学历不限,经验不限,"变频, 变流, 电力电子",20-40K·15薪,苏州,,2026-05-29 20:28:28
6d5a347f0b1c40e60nZ-09-5GFVZ,质量工程师,江苏博云塑业,100-499人,化工,本科,经验不限,"内审员资格证, IATF16949",15-18K,苏州,,2026-05-29 20:28:28
a395e48b3f7b56dd0nZ93d6_F1VR,硬件工程师,苏州某中型半导体/芯片公司,500-999人,半导体/芯片,本科,5-10年,,70-90K,苏州,,2026-05-29 20:28:28
6e97caf477f6b8251Xd529m7F1NY,SQE工程师,立讯智造,10000人以上,智能硬件,本科,5-10年,"机械制造, 供应商开发经验, PMP证书, 熟悉质量5大工具, 跨国制造厂经验, SQE工作经验, 物料供应商, 英语可作为工作语言",10-15K·13薪,苏州,,2026-05-29 20:28:28
53b683982b69ae580nB_29m8FFZZ,销售工程师,豪米波,100-499人,汽车零部件,硕士,1-3年,,8-12K,苏州,,2026-05-29 20:28:28
5ca60988f4ca152b0nd63Ni0FFFX,销售工程师,佰奇顿创新,0-20人,半导体/芯片,本科,1-3年,"市场信息搜集与分析, 市场拓展能力, 售前/售后技术支持, 电子/半导体/集成电路, 工业设备销售经验, 技术配合与沟通, 客户开发与维护, 对机构 (To B) 销售经验, 电气相关学历, 机械相关学历, 项目跟踪",8-13K,苏州,,2026-05-29 20:28:49
17f51f913250c3e70nd629q7GFNY,硬件工程师,苏州深庭纪,20-99人,人工智能,本科,3-5年,"硬件项目管理经验, RK3588、Orin NX, 芯片/半导体/集成电路, 计算机相关专业, 硬件开发经验, 万用表、示波器",20-40K,苏州,,2026-05-29 20:28:49
83a7014588f955650nR739S-F1ZU,质量工程师,懋林液压,0-20人,机械设备/机电/重工,中专/中技,3-5年,"六西格玛证, 需要出差, PQE经验（制程）, QC七大手法, 机械加工制造经验, ISO9001经验, 有质量管理经验",5-10K,苏州,,2026-05-29 20:28:49
61692e04268fab370nd73Nq_FVBZ,车身工程师,苏州某大型汽车研发/制造公司,1000-9999人,汽车研发/制造,大专,经验不限,"车身, 重卡, 商用车, 车体, 客车, 车身系统",20-25K,苏州,,2026-05-29 20:28:49
01dadd0297370de70nB-2di1FFBT,fae工程师,世航智能,100-499人,人工智能,本科,经验不限,,8-13K·13薪,苏州,,2026-05-29 20:29:10
f02ca076f832d8440nd-2du6ElJT,工艺工程师,天鹏电源,1000-9999人,智能硬件,本科,1-3年,,10-15K·13薪,苏州,,2026-05-29 20:29:10
4178b78c9625ad4403N72dm7GVBR,电子工程师,辉创电子科技,500-999人,电子/半导体/集成电路,本科,1-3年,,9-14K,苏州,,2026-05-29 20:29:31
1ed0d603d6fd74390Xxz3dS5GFE~,电气工程师,昆山润志科自动化...,0-20人,仪器仪表/工业自动化,大专,5-10年,电气工程师,10-15K,苏州,,2026-05-29 20:29:31
96573ff15f9c88690nd52ti1F1dT,业务工程师,苏州明纬,1000-9999人,电子/硬件开发,本科,经验不限,,6-8K·15薪,苏州,,2026-05-29 20:29:31
170e131b772abfd00nd-09W0E1RS,工艺工程师,苏州天脉导热科技,1000-9999人,智能硬件/消费电子,大专,3-5年,"不需要出差, 量产工程师（PE）经验, 机械加工制造经验, 轻工消费品经验",10-15K,苏州,,2026-05-29 20:29:31
c103d81805ca96a30nV82NS_FVJU,销售工程师,浩瑞达电子,20-99人,半导体/芯片,大专,1-3年,,6-9K,苏州,,2026-05-29 20:29:31
7c698b75dfab3b3d0nZ4392_GVJV,软件工程师,苏州某小型汽车零部件公司,20-99人,汽车零部件,本科,3-5年,,20-30K·13薪,苏州,,2026-05-29 20:29:53
5b66b7f06d6ba62e0nd629i0FldZ,设备工程师,某大型半导体公司,100-499人,半导体/芯片,本科,3-5年,"要求有机械设备工程师经验, 需要出差, 半导体设备经验, 干法刻蚀",20-28K·15薪,苏州,,2026-05-29 20:29:53
b20604a390210ea803N82t-_FlBQ,工程师,三眼智能,0-20人,自动化设备,本科,1-3年,"非标设备, SolidWorks",7-10K,苏州,,2026-05-29 20:29:53
7d2e5701c35984810nd40t6_ElNX,硬件工程师,某大型医疗器械公司,500-999人,医疗器械,本科,3-5年,,20-40K·16薪,苏州,,2026-05-29 20:29:53
344f23731455d2a603x90tu0EVBT,品管工程师,咖爷科技,100-499人,自动化设备,本科,5-10年,,12-20K·14薪,苏州,,2026-05-29 20:29:53
5b237001997bbe230nd729W4GVdR,硬件工程师,盐城中科,20-99人,计算机软件,本科,1-3年,,7-12K,苏州,,2026-05-29 20:30:13
cbbb53d5c4443ee40nB_2tW6EFJQ,产品工程师,芯弦半导体,20-99人,半导体/芯片,本科,3-5年,,15-30K·16薪,苏州,,2026-05-29 20:30:13
d549c534113c2f330nZz3d6-ElZR,喷漆工程师,江苏鸿翼研业技术,20-99人,智能硬件/消费电子,本科,3-5年,"汽车经验, 电子/通信经验, 塑料经验, 复合材料经验, 表面处理工艺经验, UG, 量产工程师（PE）经验, 需要出差, 电脑经验, 涂装经验, PVD经验",12-15K,苏州,,2026-05-29 20:30:13
cf719afa19a883d10nR93ti-EVdR,原材工程师,追觅智净未来,500-999人,家用电器,大专,1-3年,"半导体经验, 材料选型经验, 其他, 塑料材料经验, 材料改性经验, 电子/通信经验, 材料/产品量产经验, 材料检测经验, 高分子材料相关专业, 金属材料相关专业, 无机非金属材料相关专业, 材料合成经验, 复合材料相关专业",6-10K,苏州,,2026-05-29 20:30:13
5ab6f03a011045e01XN82d69FFtS,电气工程师,诚帆,20-99人,仪器仪表/工业自动化,大专,3-5年,"电控工程师, PLC工程师",11-20K·13薪,苏州,,2026-05-29 20:30:13
6cceea61ef3914d91XRz39u4EFtW,硬件工程师,欧康利,20-99人,半导体/芯片,本科,3-5年,"FPGA开发, 芯片/半导体/集成电路, 硬件测试, Layout设计, 计算机相关专业, 硬件开发经验, 手机/电脑/通讯终端, EMC设计",9-12K,苏州,,2026-05-29 20:30:13
8ef242e3ff62379103142N-4F1JQ,结构工程师,苏州电鲲智能科技有限公司,0-20人,进出口贸易,本科,3-5年,"自动化机械经验, AutoCAD, 整机设计经验, SolidWorks, 汽车经验, 机器人经验, 有机械结构工程师经验, Pro/E",15-20K,苏州,,2026-05-29 20:30:13
f7fdfb135bdbb76403J42dm7EVZQ,电气工程师,某小型互联网医疗健康公司,0-20人,医疗健康,本科,3-5年,,25-50K·16薪,苏州,,2026-05-29 20:30:34
d00833704e51a38a0nB-3Nu1EVJQ,项目工程师,苏州讯创联信息科技,20-99人,电子商务,大专,1-3年,电商/零售项目,8-12K,苏州,,2026-05-29 20:30:34
a01f20792941e8ad0ndy2N-8GFJY,工艺工程师,联德电子科技,100-499人,汽车零部件,大专,3-5年,汽车,12-18K,苏州,,2026-05-29 20:30:34
8d6669d2158e0fc303x_3t27F1tT,QPM工程师,某知名仪器仪表公司,1000-9999人,仪器仪表/工业自动化,大专,5-10年,"不需要出差, 机械加工制造经验, 英语可作为工作语言, 有质量管理经验, 电子/通信经验",35-45K,苏州,,2026-05-29 20:30:34
58bae51734a3d2500nB_29-6GFFT,售前工程师,山东中创软件商用...,100-499人,计算机软件,本科,10年以上,,15-20K,苏州,,2026-05-29 20:30:34
2823251b4bdab0bf33x43N-0F1A~,苏州卡斯迪招聘质量管理/测试,苏州卡斯迪,20-99人,汽车零部件,本科,经验不限,"QA/QE, 接受无质量管理经验, 需要出差, 8D报告, 汽车零部件, 汽车质量管理, QC七大手法, 生产质量管理, PPAP, 汽车质量管理体系标准",7-12K,苏州,,2026-05-29 20:30:34
8fc94993b412905d1nJ40tS4FVRX,泰戈尔招聘氩弧焊工,泰戈尔,0-20人,机械设备/机电/重工,学历不限,1-3年,"包吃, 住房补贴, 交通补助, 加班费, 话补, 全勤奖, 焊工证, 全职",6-8K,苏州,,2026-05-29 20:30:55
f37aa699640d87a60nZ-3du7EFJQ,电气工程师,创恒激光,100-499人,自动化设备,大专,5-10年,PLC工程师,13-23K,苏州,,2026-05-29 20:30:55
44dcdf007970bbf20nB_29-0EVBU,机械工程师,旷博,20-99人,自动化设备,本科,经验不限,"防爆经验, 机器人经验, 有机械工程师经验",15-25K,苏州,,2026-05-29 20:30:55
47a04b207f7619ba0nV929W5FlFY,采购工程师,某大型进出口贸易公司,100-499人,进出口贸易,本科,5-10年,"英文流利沟通, 土建机电 采购经验",18-25K,苏州,,2026-05-29 20:30:55
30c93d0893b9692b0nRz2920FFdU,电机工程师,江苏建安泵业制造...,100-499人,仪器仪表,本科,5-10年,"研发工程师, 设计工程师, 制造工程师, ANSYS, SolidWorks, UG, Pro/E, 熟悉永磁同步电机, 电气/电力/电子专业, 自动化专业",15-25K,苏州,,2026-05-29 20:30:55
e224c7e85d4a64630nB-3tW4EFdR,测试工程师,苏州励沣科技实业,100-499人,金属制品,本科,,,180-200元/天,苏州,,2026-05-29 20:30:55
91f28fe2fc1113f70nZ42Ni5EFVR,结构工程师,苏州海砥装备,20-99人,其他专业服务,本科,3-5年,"3ds MAX, 熟悉施工工艺, 无人车、无人机开发, 仪器仪表类, 独立完成效果图",6-11K,苏州,,2026-05-29 20:31:17
5bab1d0ee95ea6890nB_2tq1FlNR,电气工程师,焜原光电,20-99人,电子/半导体/集成电路,本科,3-5年,PLC工程师,8-13K·15薪,苏州,,2026-05-29 20:31:17
26e41784eb17b6a50nZ739W_GVNV,专利工程师,BenQ,500-999人,智能硬件,本科,1-3年,,8-9K·15薪,苏州,,2026-05-29 20:31:17
81fe4250ff0891d20nVz2Nm7EFdX,机械工程师,某大型自动化设备上市公司,1000-9999人,自动化设备,大专,经验不限,"自动化机械经验, 半导体经验, 非标设计经验, 其他, 机电设备经验, 重型机械经验, 有机械工程师经验, 电子/通信经验",15-25K·14薪,苏州,,2026-05-29 20:31:17
ae373c7bff5ae12a1nZy3dW9E1FZ,电气工程师,润江,0-20人,仪器仪表/工业自动化,大专,3-5年,"电气, 接线, 调试, 售服",9-14K,苏州,,2026-05-29 20:31:17
0fa702835fa63fd40nB42t-7GVNY,材料工程师,安迪森,0-20人,金属制品,本科,1-3年,"金属材料经验, 钢铁材料经验, 材料合成经验, 材料改性经验, 材料选型经验, 材料检测经验, 材料/产品量产经验, 金属材料相关专业",7-10K,苏州,,2026-05-29 20:38:08
7c792973b3e6f5540nB43N60EFNY,视觉工程师,苏州某中型自动化设备公司,100-499人,自动化设备,大专,5-10年,,15-25K,苏州,,2026-05-29 20:38:28
43cb080b8f2442020nB429W8E1ZW,SMT工程师,优雅智能,0-20人,工程施工,大专,3-5年,"PCB设计, PCBA, 储能, 逆变器",9-12K,苏州,,2026-05-29 20:46:48
f617563f9f6e177a03J53d68FlVR,试模工程师,聿联,100-499人,汽车零部件,学历不限,1-3年,"需要出差, 机械加工制造经验, 成型工艺经验, 检具经验, 装配/总装经验, 内外饰经验, UG, 模具经验, 夹具/治具经验, 塑料经验, 试产工程师（NPI）经验, 注塑经验, 汽车经验",6-7K,苏州,,2026-05-29 20:46:48
f29f850f473cc2790nB_2966FlRX,工艺工程师,明阳氢能,100-499人,其他新能源,本科,3-5年,,10-12K,苏州,,2026-05-29 20:47:09
e6766be2dce87e730nd50tu-ElRY,工艺工程师,凡己科技,100-499人,其他新能源,本科,3-5年,"组装工艺, 装配工艺, 3C整机装配, 电动控制器装配, 智能仪表装配",9-14K·14薪,苏州,,2026-05-29 20:47:09
d7b56b1da6aa24360nB-0t-5FFFS,采购工程师,致微光学,100-499人,半导体/芯片,本科,5-10年,,15-25K·14薪,苏州,,2026-05-29 20:47:09
d29aa3e971015c120nB_29W4FFJV,qpm工程师,某知名仪器仪表公司,1000-9999人,仪器仪表/工业自动化,本科,3-5年,,20-30K,苏州,,2026-05-29 20:47:09
2f9794c67ffff7ea0nd92tm5EVFZ,认证工程师,净息智域,100-499人,互联网,本科,3-5年,企业内部岗位,11-20K,苏州,,2026-05-29 20:47:30
b32e55ac3f39af150nZ73dq8FVNY,SQE工程师,MOVA,1000-9999人,家用电器,本科,3-5年,,10-15K·15薪,苏州,,2026-05-29 20:47:51
4448e235ce72ed1d0nd42dm9EFRU,光学工程师,北京新嘉光科技,20-99人,其他行业,本科,3-5年,"设备装调, 设备维修, 机电相关, 英语四级, 光学背景, 动手能力强",16-30K·13薪,苏州,,2026-05-29 20:47:51
182e544555635bae03Ny3di4EVNW,光学工程师,振电苏州,20-99人,仪器仪表,硕士,1-3年,"CARS, SRS, 光路搭建, 显微镜, FLIM, LIBS, 拉曼",16-30K,苏州,,2026-05-29 20:48:12
88ff9ed90ae7c2e10nd-3tu7E1pY,PE工程师,东莞立讯技术,10000人以上,计算机/通信/其他电子设备,本科,3-5年,,10-15K,苏州,,2026-05-29 20:48:12
ad20e22fc8fc6bc90nR52d2-F1JW,电气工程师,苏州毅德自动化设备,0-20人,自动化设备,大专,3-5年,,8-12K,苏州,,2026-05-29 20:48:34
da5430ef1450cc9b1nR83N69GVVZ,全栈工程师,中外运动力网络,20-99人,计算机软件,本科,5-10年,"Java, CSS, JavaScript, Vue, 全栈无侧重, HTML",13-21K,苏州,,2026-05-29 20:48:55
fc02d228346eb9b20nB_2dm1E1dW,质量工程师,江苏永方集团,500-999人,电气机械/器材,大专,3-5年,"有质量管理经验, 需要出差, ISO9001经验, ISO9000经验, ISO14001经验, 机械加工制造经验, 团队管理经验, 8D报告经验, 英语可作为工作语言, 内审员资格证",8-9K,苏州,,2026-05-29 20:48:55
bc739aa28da9b0900ndz3dS0FVNU,质量工程师,敏捷医疗,100-499人,医疗器械,本科,5-10年,"不需要出差, 医疗器械经验, PQE经验（制程）, QC七大手法, 制药/医疗经验, 有质量管理经验, 8D报告经验",15-25K·14薪,苏州,,2026-05-29 20:48:55
2290c4ec97c396540nB70t2_EVZT,电气工程师,苏州达牛,0-20人,动力电池,本科,3-5年,,10-15K,苏州,,2026-05-29 20:49:16
030d0709177b962b03R70t2_EldV,机械工程师,擎工装备,20-99人,自动化设备,本科,5-10年,"自动化机械经验, 新能源经验, 非标设计经验, SolidWorks, 机电设备经验, 有机械工程师经验",15-30K,苏州,,2026-05-29 20:49:16
d617a152c52393790nB_2N26GVtY,视觉工程师,松下集团,10000人以上,仪器仪表/工业自动化,大专,经验不限,"C++, C#, Halcon、OpenCV, 基恩士、欧姆龙、海康, 视觉",5-10K·14薪,苏州,,2026-05-29 20:54:44
1a313cc2d76943710nB42Ny7EVBR,应用工程师,苏州某小型电子/半导体/集成电路公司,20-99人,电子/半导体/集成电路,大专,3-5年,,20-21K,苏州,,2026-05-29 20:55:05
6dd991bad85265ec0nB73N-0E1NU,硬件工程师,中电金信,10000人以上,计算机软件,本科,5-10年,"音视频/显示类产品, 硬件开发经验, Layout, PCB",20-22K,苏州,,2026-05-29 20:55:26
527da9f9df7dfa6f0nB-3Nm-FFZW,高级运维开发工程师,瞬联科技,1000-9999人,计算机软件,本科,5-10年,"Golang, Python/Shell, 运维开发经验, k8s, 云计算",16-17K·13薪,苏州,,2026-05-29 20:57:08
f2d08a36dede10f30nB_2du0EVFZ,质量工程师,昆山嘉华电子有限公司,20-99人,原材料及加工/模具,大专,3-5年,"接受无质量管理经验, 不需要出差, 英语沟通能力, 质量项目管理能力, 连接器行业",15-25K,苏州,,2026-05-29 21:02:01
0811f47e55485ab60ndy29-7GFNQ,工艺工程师,吴通智能电子,100-499人,智能硬件/消费电子,本科,3-5年,SMT行业,10-15K,苏州,,2026-05-29 21:02:45
e5eb5422fab375870nB52dq7EVNW,暖通工程师,天元洁净,20-99人,机电工程,大专,3-5年,"有暖通工程经验, 暖通工程施工管理经验, 净化工程经验, 工业建筑暖通工程经验, 3-5年暖通工程经验, AutoCAD, 需要长期出差/驻场",10-15K,苏州,,2026-05-29 21:03:06
7a09fc944919fa1b1HZy2d-5FFZS,emc工程师,汇川技术,10000人以上,其他行业,本科,3-5年,"仿真/验证, 模拟电路设计",20-40K·15薪,苏州,,2026-05-29 21:03:06
8cc2370e8339b9850nV92N-_E1ZY,焊接工程师,昆山奥斯莫科技,0-20人,通用设备,学历不限,3-5年,"设备保养/维修, 精密仪器, 工艺设计, 焊工上岗证, 质量检测, 焊接作业, 激光焊",6-7K,苏州,,2026-05-29 21:03:06
e242eed2cb0dd71a0nB_2tS4E1dV,采购工程师,津镭光电,20-99人,仪器仪表,大专,3-5年,"国内采购, 原材料, 零配件, 自带供应商资源, 光纤, 解调仪",7-12K·14薪,苏州,,2026-05-29 21:03:26
f5c548cdeb836f001Xd83NS1FltS,产品工程师,苏州嘉基电子科技,500-999人,通信/网络设备,大专,5-10年,"电子/通信经验, SolidWorks, AutoCAD, 量产工程师（PE）经验, 需要出差",10-14K·13薪,苏州,,2026-05-29 21:03:48
c360e8795fc6bbf80ndy0ty8E1BS,电气工程师,苏州汉润环能,20-99人,机电工程,大专,5-10年,CAD,13-16K,苏州,,2026-05-29 21:03:48
7bb0afa11182b3ec0nB-0tS5GFJU,测试工程师,长川科技,1000-9999人,半导体/芯片,本科,3-5年,"功能测试, 嵌入式测试",12-20K,苏州,,2026-05-29 21:03:48
286c097c62237c450ndy3du4EFVV,印字工程师,龙沙集团,1000-9999人,生物/制药,本科,1-3年,"要求有机械设备工程师经验, 企业（甲方）, 不需要出差, 自动化设备经验, 设备维修/保养经验, 胶囊设备",8-11K·14薪,苏州,,2026-05-29 21:04:09
4fa4328332c40c78031y0965F1BY,研发工程师,苏州某小型新材料研发及加工公司,20-99人,原材料及加工/模具,硕士,5-10年,"化学化纤, 石油化工",30-40K·13薪,苏州,,2026-05-29 21:04:29
26b3807e5b62e3f51HR43tq1GVVS,研发工程师,安来强科技,100-499人,其他制造业,本科,3-5年,,11-22K,苏州,,2026-05-29 21:04:29
73d317b40cbaf44f0nZy2dm0EVRS,硬件工程师,苏州海鹏科技,100-499人,光伏,本科,1-3年,新能源,15-25K,苏州,,2026-05-29 21:04:51
335f64cc14b5264e1Hd62d29FVtZ,软件工程师,科韵激光,100-499人,专用设备,本科,5-10年,"C++, Open CV, 运动控制, MFC, Python, 上位机开发经验",17-25K·13薪,苏州,,2026-05-29 21:04:51
2e038fa05102fa0a0nR_0ty_EVdW,实施工程师,成川科技,100-499人,自动化设备,本科,5-10年,,10-15K,苏州,,2026-05-29 21:05:12
0be7f1238d2138c903x-09i5FVtU,电气工程师,克成自动化,20-99人,仪器仪表/工业自动化,本科,5-10年,"电气工程师证, 堆垛机, 输送机, 立体库",12-20K,苏州,,2026-05-29 21:05:12
28e2f15e4155f3690nd_0tm1FVNU,系统运维工程师,北京极智嘉科技股...,1000-9999人,互联网,本科,3-5年,,15-20K·15薪,苏州,,2026-05-29 21:05:12
e3d5e86c544e72d71HB-2t-4EVBS,液压工程师,福艾德,100-499人,电气机械/器材,大专,3-5年,"液压设计, 液压站, 试验台, 机械设备, 伺服, 工业设备, 测试机",12-20K·14薪,无锡,,2026-05-29 21:14:27
f8d4ac3fde1752cc0nB729m8F1BX,销售工程师,无锡京华精密机床,100-499人,通用设备,大专,1-3年,,5-10K,无锡,,2026-05-29 21:14:27
634aaccf19922bd00nZ62tu8EVtZ,材料工程师,江苏蓝齐尔,20-99人,新材料,本科,1-3年,"钢铁材料经验, 半导体经验, 铁路/船舶/航空/航天经验, 复合材料经验, 金属材料经验, 其他, 材料改性经验, 电子/通信经验, 材料/产品量产经验, 金属材料相关专业, 材料合成经验, 合金材料经验, 复合材料相关专业",10-15K,无锡,,2026-05-29 21:14:27
d8fd9ccbbf204dd50nd80t64EVZU,基带工程师,Int-speed,500-999人,智能硬件/消费电子,本科,3-5年,,13-26K,无锡,,2026-05-29 21:14:27
63af2f6f3f3ff9e10nV729m-FVBR,初级运维工程师,维港酒店管理有限公司,0-20人,酒店/民宿,中专/中技,1-3年,"计算机相关专业, IDC机房运维",6-7K,无锡,,2026-05-29 21:14:27
c9905596ad448b140nB_29m1FlFS,电气工程师,深南电路,10000人以上,智能硬件,本科,在校/应届,,9-13K·13薪,无锡,,2026-05-29 21:14:27
72b48bd844b86a8703F-3dq4FVVQ,（实习）维护工程师,启耀通信,0-20人,其他生活服务,中专/中技,,"网络运维, 通信相关专业, 实施交付运维, 计算机相关专业",100-150元/天,无锡,,2026-05-29 21:14:27
ede200ba3bcad1500nB-0ty1EVpZ,工艺工程师,中石伟业科技,1000-9999人,智能硬件/消费电子,本科,5-10年,"电子/通信经验, 量产工程师（PE）经验, 不需要出差",11-16K,无锡,,2026-05-29 21:14:27
b864bb5662730c3f0nB73NW6FVdZ,工程师,江阴盛合晶微半导体,1000-9999人,电子/半导体/集成电路,本科,在校/应届,,5-9K,无锡,,2026-05-29 21:14:27
0ae3bb9ef87f63951nN-2dW7FVZS,液压工程师,迈欣电液,20-99人,自动化设备,本科,1-3年,"机械工程师, 工艺工程师, 机电工程师, 液压工程师",12-23K,无锡,,2026-05-29 21:14:27
161c5b6f1b5c0f3903N629i-EFZV,调试工程师,无锡富创得,100-499人,半导体/芯片,大专,1-3年,,9-14K,无锡,,2026-05-29 21:14:27
094b4879177e8a4b1Hdz2dS4EFJS,销售工程师,江苏宇佳智能装备,0-20人,自动化设备,大专,3-5年,"工业设备销售经验, 商务谈判能力, 客户开发与维护, 业务创新能力, 机械设备/机电/重工, 机械相关学历",10-15K·13薪,无锡,,2026-05-29 21:14:27
174c5a9e9a382ca90nB529W6FFJR,工艺工程师,创凯智能,100-499人,专用设备,大专,3-5年,"半导体经验, 装配/总装经验, SolidWorks, 需要出差, 芯片/半导体经验",10-15K·13薪,无锡,,2026-05-29 21:14:27
22253a2855f367180nd43tS9F1ZQ,交付工程师,库萨科技,100-499人,汽车研发/制造,本科,1-3年,,8-12K,无锡,,2026-05-29 21:14:27
528f791e4dde1aa60nZ-0tq1FVZQ,工艺工程师,新莱珂机械,20-99人,金属制品,大专,1-3年,"合金经验, 不需要出差, 钢铁经验, 切削工艺, UG, 夹具/治具经验, 塑料经验, 刀具/磨具经验, 机械加工制造经验, 检具经验, 有色金属经验",12-20K,无锡,,2026-05-29 21:14:48
08254e67186dd53903Z_2Nm1GFpV,运维工程师（接受实习生）,无锡太机脑,20-99人,智能硬件,大专,经验不限,"通信相关专业, 计算机相关专业, 电子/电气/自动化相关专业",6-8K·13薪,无锡,,2026-05-29 21:14:48
d60f87e7581e44391nJ-3dq7FFtS,设备工程师,无锡宇邦,100-499人,半导体/芯片,本科,5-10年,"五险一金, 绩效奖金, 周末双休, 八小时工作制, 加班费, 带薪年假",13-20K·13薪,无锡,,2026-05-29 21:14:48
28d1fc52d80ddc1f0nd73dm1F1tX,射频工程师,晶哲科技,100-499人,半导体/芯片,大专,3-5年,"电子/电磁场/微波相关专业, 通信相关专业, 手机射频系统开发经验, 射频工程师",10-15K·14薪,无锡,,2026-05-29 21:14:48
917bc5f1f1f1bea00nB-2Nu-E1ZT,工程师,无锡易荣兆,0-20人,摩托车/自行车制造,大专,5-10年,"有机械工程师经验, 机电设备经验, 整机设计经验, CATIA, SolidWorks, 电动摩托车",15-20K,无锡,,2026-05-29 21:14:48
33fba5881e82fb6603d40t-1GFFT,EOL工程师,某大型知名机械设备公司,10000人以上,机械设备/机电/重工,本科,3-5年,"PPAP, APQP, 汽车质量管理体系标准, 汽车质量管理, 生产质量管理, EOL, 车辆工程专业, 机械设计、电气等专业",15-25K,无锡,,2026-05-29 21:14:48
eaffc88f34f5d4fb0nB_2ty5FFFZ,测试工程师,华勤技术股份有限公司,10000人以上,智能硬件,本科,3-5年,,10-15K·15薪,无锡,,2026-05-29 21:14:48
fc9f0e5e855c034c1XJ83d69FVtS,模具工程师,鑫达科,20-99人,原材料及加工/模具,高中,3-5年,"新能源, 五金模具, AutoCAD, UG, Pro/E",8-13K,无锡,,2026-05-29 21:14:48
e1f41b6449592d9e0nB40tq4EFNU,质检工程师,赫普轻工,20-99人,机械设备/机电/重工,大专,3-5年,,6-7K·13薪,无锡,,2026-05-29 21:14:48
ad2de8623fb7161a0nd60tu5GFtV,标定工程师,伟博科技,100-499人,汽车研发/制造,本科,3-5年,"车辆工程专业, 汽油, 标定, 发动机",20-25K·13薪,无锡,,2026-05-29 21:14:48
6a275460183db3f40nB42968ElRT,微软PowerApps 工程师,Centific,1000-9999人,计算机软件,本科,5-10年,,8-12K,无锡,,2026-05-29 21:14:48
4e7012a3db3284971XRz2dS4GFZV,环保工程师,无锡艺广新媒体营销,20-99人,广告营销,大专,1-3年,"硬件实施, 环保设备安装调试",8-10K,无锡,,2026-05-29 21:14:48
ebf6ff95db50ce9c0nB43tu0GVVQ,运维工程师,炽光文化,0-20人,培训/辅导机构,中专/中技,经验不限,,6-11K,无锡,,2026-05-29 21:14:48
bff2db7319c036330nB40tS0ElVV,工艺工程师,无锡赛棱科技有限公司,0-20人,其他制造业,硕士,5-10年,"机械加工制造经验, 其他, 刀具/磨具经验, 陶瓷经验, 其他, 成型工艺经验, 连接/切割工艺经验, 3D打印经验, 激光切割经验, 电火花切割经验, AutoCAD, UG, SolidWorks, 其他, 团队管理经验, 需要出差",6-9K,无锡,,2026-05-29 21:14:48
69576eb036d5ee340nd83NS_EVBZ,运维工程师（常驻西安）,优顺电力,0-20人,光伏,学历不限,1-3年,,6-10K,无锡,,2026-05-29 21:14:48
408f5f4b3f3acfe11XV50968GVtR,制冷工程师,锦华环试,20-99人,电气机械/器材,大专,3-5年,"自动化, 新能源, 热分析, 散热设计, 工程热物理专业, 机械工程专业, 制冷与低温技术专业, 暖通专业, UG, 试验箱, SolidWorks, 高低温, 环境试验舱",12-24K,无锡,,2026-05-29 21:15:09
18f94d7ef742f9bc03Fy2d68FlpX,试验工程师,湖南某大型汽车研发/制造公司,1000-9999人,汽车研发/制造,本科,经验不限,,18-24K,无锡,,2026-05-29 21:15:09
f36f00d1b33a5b841XNz29W1ElBX,晋拓招聘质量管理/测试工程师,晋拓,1000-9999人,汽车零部件,大专,3-5年,"汽车质量管理体系标准, 质量管理体系标准",10-15K·13薪,无锡,,2026-05-29 21:15:09
23b315ffac079a3a1nZ52tu8GVpV,材料工程师,金童石化装备,100-499人,其他制造业,本科,3-5年,制造,10-15K,无锡,,2026-05-29 21:15:09
4d0b9e290506e6180nB-3d6-F1dS,焊接工程师,京济通信,100-499人,铁路/船舶/航空/航天制造,大专,1-3年,,5-6K,无锡,,2026-05-29 21:15:09
2c7df2922ea118ee0nZ_29-1FlZZ,工装夹具调试 工程师,雅力车辆,100-499人,金属制品,学历不限,1-3年,,8-10K,无锡,,2026-05-29 21:15:09
f3b9ab9c9a55c5c9031z3Nm0GFdS,机电工程师,米威,20-99人,通用设备,中专/中技,3-5年,"电气安装, 设备维修/保养, 配电，调试，售后",7-12K,无锡,,2026-05-29 21:15:09
47f641d3394692d10nB63968FFJX,硬件工程师,苏州某小型储能公司,20-99人,储能,本科,3-5年,,20-30K·13薪,无锡,,2026-05-29 21:15:09
1b3d874a2777f1ab0nd43tq0FFZW,PCB Layout 工程师,无锡芯恒源,20-99人,半导体/芯片,大专,1-3年,"包吃不包住, 需适应加班",5-8K·13薪,无锡,,2026-05-29 21:15:09
00665aca29c068cf0nd80tW5F1pX,数据工程师,上海旋杰智能科技,0-20人,人工智能,本科,经验不限,,7-12K,无锡,,2026-05-29 21:15:09
4d5e776edf9d4ef103V92ty7GVVS,销售工程师,德渊科技,100-499人,化工,本科,1-3年,,6-10K,无锡,,2026-05-29 21:15:09
3351ea98b5a65e6b0nV82t68ElVT,销售工程师,无锡赛瑞奈克斯科技,0-20人,仪器仪表,大专,3-5年,"市场拓展能力, 市场信息搜集与分析, 销售工程师, 智能硬件, 商务谈判能力, 销售支持, 计算机软件, 客户开发与维护, 仪器仪表/工业自动化, 新客户开发, 老客户维护, 电子/半导体/集成电路, 市场营销相关学历, 技术转销售, 制定产品/服务方案, 业务创新能力, 机械设备/机电/重工, 电气相关学历, 管理相关学历, 机械相关学历",5-10K,无锡,,2026-05-29 21:15:09
2f8553cdb009eac603B82tW9FldU,实习生（运维工程师）,龙思云,20-99人,计算机服务,大专,,"IDC机房运维, 计算机相关专业, 网络安全相关经验, 运维经验",160-200元/天,无锡,,2026-05-29 21:15:09
3c6af424f4b507300nV73ty9FlpW,电气工程师|百度IDC基础设施运维|发展好,力云科技,100-499人,通信/网络设备,大专,5-10年,"列头柜, UPS, 运维经验, 柴油发电机组, IDC机房运维, 中低压柜, 数据中心",10-13K,无锡,,2026-05-29 21:15:09
5202b408c73dfd0b0nRz29q_F1tS,电机工程师,优耐特能源,100-499人,风电,本科,3-5年,,13-15K,无锡,,2026-05-29 21:15:09
56924c71104844150nd93N29F1JU,采购工程师,中维机械,100-499人,通用设备,大专,经验不限,"国内采购, 机械制造品, 零配件, 大中型企业采购经验",9-14K,无锡,,2026-05-29 21:15:29
f187e1f509d079000nB-29m9FFdV,采购工程师,原力计划有限公司,100-499人,食品/饮料/烟酒,本科,3-5年,"国内采购, 机械制造品, 成品/样品",10-15K,无锡,,2026-05-29 21:15:29
50cc9db41ea0dc640nB709S0GVtZ,算法工程师,博彦科技承德有限公司,10000人以上,互联网,大专,3-5年,,12-14K,无锡,,2026-05-29 21:15:29
5fa13e79fb63e4fa1HB429S4EFVU,销售工程师,鑫业诚,100-499人,自动化设备,本科,5-10年,"技术转销售, 商务谈判能力, 客户开发与维护",25-50K·13薪,无锡,,2026-05-29 21:15:29
14f2dd28a760fd2a0nV_3du7FFtT,光学工程师,承峻泽,20-99人,通用设备,本科,3-5年,"光学, 飞秒",10-15K·13薪,无锡,,2026-05-29 21:15:29
eacf03e15cf91f8a03Z52tu-FlVT,光学工程师,帝尔激光无锡,100-499人,光伏,本科,1-3年,,9-14K·14薪,无锡,,2026-05-29 21:15:29
91784e8eec3447220ndy3ty9FFpV,焊接工程师,无锡市创新低温环...,100-499人,通用设备,本科,3-5年,,15-18K,无锡,,2026-05-29 21:15:29
343071e4ad4ef4c7031939i7E1RT,销售工程师,舍林自动化,20-99人,仪器仪表,本科,经验不限,,9-12K,无锡,,2026-05-29 21:15:29
45a2070d1898e44a03x-29q6EldZ,电气工程师,凌仕达,0-20人,通用设备,大专,1-3年,,8-13K,无锡,,2026-05-29 21:15:29
cc762a1f08e52a880nZ73N6-ElVX,部署工程师,航天云机,20-99人,铁路/船舶/航空/航天制造,大专,经验不限,,6-9K,无锡,,2026-05-29 21:15:29
4e589c01eb2918a503x82dS4FVtU,运维工程师,爱迪生信息科技,20-99人,信息安全,本科,5-10年,"Golang, Ansible/Salt/Puppet, MySQL/Oracle, 大数据运维经验, 运维开发经验, 运维开发/DevOps, 计算机相关专业, 网络安全相关经验, 打印机/复印机维修经验, Kubernetes",8-9K,无锡,,2026-05-29 21:15:29
70bbf57d9114c0a10nB73dW-F1JW,硬件工程师,南京某中型知名仪器仪表公司,100-499人,仪器仪表,学历不限,经验不限,"开关电源, 变频器, 逆变, 伺服",20-21K,无锡,,2026-05-29 21:15:29
d6ac033326cf5d430nd43Nm7EFJQ,软件工程师,某小型汽车零部件公司,20-99人,汽车零部件,本科,3-5年,,20-30K·14薪,无锡,,2026-05-29 21:15:29
490f5d67d503767c03d50t-_F1dV,质量工程师,佳诚智能,20-99人,汽车零部件,本科,3-5年,"不需要出差, 接受无质量管理经验, 内审员证, 汽车质量管理, 16949质量体系, 汽车质量管理体系标准",7-10K·13薪,无锡,,2026-05-29 21:15:29
503d7f8e2683aaed0nd93Ny1FFVY,材料工程师,无锡海古德新技术,100-499人,半导体/芯片,本科,3-5年,,9-14K,无锡,,2026-05-29 21:15:29
a658daa42010e09e1H163Nu4FFJY,软硬件运维工程师,梁溪区朗诚科讯电...,0-20人,计算机服务,中专/中技,1年以内,"网络运维, 桌面运维, 计算机相关专业, 运维经验, 打印机/复印机维修经验",4-6K,无锡,,2026-05-29 21:15:52
c395e08d2f352b5d0nB53di_FFRR,NPI工程师,光舟科技,100-499人,智能硬件/消费电子,大专,3-5年,,7-9K,无锡,,2026-05-29 21:15:52
c754a5cde01932210nd42Nu7EltY,集成工程师,某大型新能源汽车公司,500-999人,新能源汽车,本科,5-10年,"机械相关专业, 汽车设计专业, 电气相关专业, 车辆工程专业, Creo, AutoCAD, 汽车行业, 电驱动总成, 壳体设计",15-25K,无锡,,2026-05-29 21:15:52
a603cbd0381505a30ndz09S_E1NV,机械工程师,无锡赫格科技有限公司,0-20人,通用设备,学历不限,3-5年,"自动化机械经验, 其他, 有机械工程师经验",6-8K,无锡,,2026-05-29 21:15:52
f6650308c5c2435a1HF-09S5GFJU,视觉工程师,节百力,20-99人,自动化设备,大专,1-3年,"图像搜索, VisionPro, 机器学习, 分布式训练, 深度学习, 工业/缺陷检测, HALCON, 目标跟踪, 嵌入式开发, Python",4-7K·13薪,无锡,,2026-05-29 21:15:52
c93dbf11c957eae70nB42di1ElFT,销售工程师,杰曼科技,100-499人,智能硬件,大专,3-5年,"市场信息搜集与分析, 客户开发与维护, 技术配合与沟通, 协助产品规划与开发, 对机构 (To B) 销售经验, 市场拓展能力, 技术转销售, 工业设备销售经验, 机械相关学历, 电气相关学历, 仪器仪表/工业自动化",5-10K,无锡,,2026-05-29 21:15:52
0a149fe2e83f6db01nB90tm1ElBQ,技术支持工程师（宜兴）(J13366),浙江大华,10000人以上,互联网,大专,1-3年,"Unix, Linux, 系统运维, MySQL, Access, Windows, Oracle",6-8K·13薪,无锡,,2026-05-29 21:15:52
15fcc39a54ddc9480nB42di8GVNW,电气工程师,江苏环海机械科技,100-499人,电气机械/器材,大专,3-5年,,8-13K,无锡,,2026-05-29 21:15:52
ba92abb54727b2fc0nB-2Nm1F1dQ,质量工程师,无锡龙毅传感科技,0-20人,电气机械/器材,本科,1-3年,"仪器仪表经验, 需要出差, PQE经验（制程）, QC七大手法, ISO9001经验, SQE经验（供应商）, CQE经验（客户）, 汽车经验, 有质量管理经验, 电子/通信经验, 8D报告经验",6-7K,无锡,,2026-05-29 21:15:52
051bf8caf54063770nd739W-EVBV,采购工程师,求之科技,100-499人,智能硬件,本科,1-3年,"国内采购, 计算机硬件, 原材料, 供应链/贸易专业",8-10K·13薪,无锡,,2026-05-29 21:15:52
ab335098cf6ec1e00nV_0tq-GVtT,品质工程师,江丰同芯,100-499人,仪器仪表/工业自动化,本科,1-3年,"不需要出差, IATF 16949经验, 半导体经验, QC七大手法, PQE经验（制程）, 汽车经验, 有质量管理经验, 8D报告经验",7-12K,无锡,,2026-05-29 21:15:52
a3ad7ca0b75a6a141HVy2dW6F1RR,服务器工程师,江苏睿诺,20-99人,通信/网络设备,大专,3-5年,"MySQL/Oracle, 系统运维, 计算机相关专业",8-13K·13薪,无锡,,2026-05-29 21:15:52
18974785afed0a0203J63tm8ElJZ,暖通工程师,澳江能源,20-99人,通信/网络设备,本科,3-5年,"PMP, 6sigma, PDCP, AutoCAD, Fluent, 验收评定, 图纸绘制/审核",8-12K·13薪,无锡,,2026-05-29 21:15:52
eff763fa9058a9641nR829y5ElNU,规划工程师,无锡米洛,20-99人,仪器仪表/工业自动化,本科,3-5年,售前规划  物流仓储自动化规划,10-15K,无锡,,2026-05-29 21:15:52
41ac824d6009963a0nB729u5GVNT,电气工程师,无锡某大型智能硬件上市公司,10000人以上,智能硬件,本科,3-5年,,20-25K·14薪,无锡,,2026-05-29 21:15:52
6a646763f59a021403B529W_GVBU,质量工程师,宏杰丰淼,100-499人,机械设备/机电/重工,大专,3-5年,"汽车质量管理体系标准, 汽车质量管理, 生产质量管理",8-12K,无锡,,2026-05-29 21:16:13
3b17b7cb0c85ec8e1nB73d-0GVA~,电气工程师,革新数控,20-99人,其他行业,本科,3-5年,"数控系统调试, 机床维修",5-10K,无锡,,2026-05-29 21:16:13
a65471e77134e88d0XN709m7F1c~,机器学习工程师,陆生,0-20人,机械设备/机电/重工,本科,3-5年,"人工智能, 机器人, 商业智能, 云计算, 电子商务, 全栈开发, 架构师",10-11K,无锡,,2026-05-29 21:16:13
33570db776aa40da0nV739u7GVJV,百度驻场工程师-电气-无锡,重庆昌泰衡明科技,500-999人,运营商/增值服务,大专,3-5年,"IDC机房运维, 数据中心, 电气, UPS",10-15K,无锡,,2026-05-29 21:16:13
cf1d49f8847273f50nZ80ti5EFpS,pcb工程师,无锡冠亚恒温制冷,100-499人,专用设备,大专,3-5年,,10-15K,无锡,,2026-05-29 21:16:13
cb61bcf21ea2b1b80nB529S4F1FT,设备工程师,某大型机械设备公司,10000人以上,机械设备/机电/重工,本科,3-5年,,18-25K,无锡,,2026-05-29 21:16:13
233032fe2ccaaf3c03d90tS9FlNU,实习工程师,朗新天霁,100-499人,计算机软件,本科,,"实施交付经验, 信息系统项目管理师, ERP项目管理经验, 计算机相关专业, 软件/信息技术项目",100-140元/天,无锡,,2026-05-29 21:16:13
4819af1b8fe0660c1Hd63tu_FVBX,FAE工程师,尚阳通,100-499人,半导体/芯片,本科,3-5年,"FAE, 功率半导体, MOSFET, IGBT",15-18K·15薪,无锡,,2026-05-29 21:16:13
0187679844a1bd7403Zz3tq1E1tX,机电工程师,混沌能源,100-499人,物联网,大专,5-10年,,12-15K,无锡,,2026-05-29 21:16:13
ef2f71d1c1b3ba7b0nZy39q5FFBU,硬件工程师,某大型光伏上市公司,10000人以上,光伏,本科,3-5年,"电池/电源类产品, 电子电气/自动化相关专业, 硬件开发经验",25-40K,无锡,,2026-05-29 21:16:13
7e5cafeb13380bef0nB73tm-ElZX,销售工程师,中国华新投资有限公司,100-499人,其他制造业,大专,经验不限,,5-10K·14薪,无锡,,2026-05-29 21:16:13
71dc76b9ec964ed81HF509u0F1pT,PCB工程师,恒百利,100-499人,进出口贸易,本科,1-3年,"Protel, PCB设计经验, AutoCAD, EMC/EMI相关经验",5-8K,无锡,,2026-05-29 21:16:13
3e9463dfc3000b1e1HB63925GVZV,良率工程师,某知名半导体公司,1000-9999人,电子/半导体/集成电路,本科,3-5年,缺陷分析,20-30K,无锡,,2026-05-29 21:16:13
775ef679625d5d7d0nRy0t26F1RY,康瑞新材料有限公司招聘质量管理/测试工程师,康瑞新材料有限公司,1000-9999人,金属制品,大专,5-10年,"不需要出差, DQE经验（研发）, QC七大手法, PQE经验（制程）, 有质量管理经验, 电子/通信经验, 8D报告经验",12-17K,无锡,,2026-05-29 21:16:13
de91979df198b35b0nVz39S1GFNT,研发工程师,开能华宇,100-499人,环保,本科,3-5年,,6-10K,无锡,,2026-05-29 21:16:13
cd7980cf07ac9a3303dz2NW6GVpV,销售工程师,欧尼斯特,20-99人,通用设备,大专,1-3年,"市场拓展能力, 市场营销相关学历, 商务谈判能力, 技术配合与沟通, 业务创新能力, 客户开发与维护, 电气相关学历, 仪器仪表/工业自动化, 机械设备/机电/重工, 机械相关学历, 项目跟踪",5-8K,无锡,,2026-05-29 21:16:34
d65e3f90f92e303e0nd82dy-FlJZ,机械工程师,无锡蓝启,20-99人,专用设备,本科,1-3年,"自动化机械经验, AutoCAD, 非标设计经验, 整机设计经验, SolidWorks, 机器人经验, 重型机械经验, 有机械工程师经验, Pro/E",11-22K,无锡,,2026-05-29 21:16:34
1f41a24b31f239800nR93ty6FVtQ,技术工程师,华沿机器人,500-999人,电气机械/器材,本科,3-5年,,10-15K·13薪,无锡,,2026-05-29 21:16:34
3d38e009697c89c40nRy09-4FlRT,硬件工程师,无锡灏宏能源科技,0-20人,储能,本科,3-5年,"电池/电源类产品, 电子电气/自动化相关专业, 硬件开发经验, 英语读写能力良好",12-20K,无锡,,2026-05-29 21:16:34
0dc590d3405124710nZ_2dS-GFJT,运维工程师,上海量魁私募基金管理,20-99人,基金,本科,1-3年,,10-12K,无锡,,2026-05-29 21:16:34
46e9217eb69953520nd-2tu6FlNR,品质工程师,天马电源,100-499人,电气机械/器材,大专,3-5年,,7-9K·13薪,无锡,,2026-05-29 21:16:34
71d4f70b1fc03df003x82ti0GVtR,模具工程师,无锡超捷,100-499人,汽车零部件,大专,5-10年,"有模具工程师经验, AutoCAD, 汽车, 紧固件",12-18K,无锡,,2026-05-29 21:16:34
2114c8c9b05f9f1c1nZ50tW4E1pZ,制冷工程师,宜兴冰源,20-99人,机械设备/机电/重工,本科,5-10年,"全勤奖, 技术改造与调整, 工龄奖, 图纸设计, 餐补, 安装与试运行, 加班费, 房补, 食品机械, 五险一金, 技术工程师, 周末单休, 交通补助, 结构工程师, 设计工程师",18-22K,无锡,,2026-05-29 21:16:34
d50d5cca3593412603163NW-GFVS,AI 工程师 - 智能教育系统落地,无锡乐之教育,0-20人,计算机软件,本科,3-5年,教育软件,13-25K,无锡,,2026-05-29 21:16:34
1199d3d9d9c3d1d20nd929u0FltV,电气工程师,无锡明创智优自动化,0-20人,仪器仪表/工业自动化,大专,3-5年,,9-12K,无锡,,2026-05-29 21:16:34
e72a1b995ba14c860nZ-3dm4FlJV,网络工程师,紫光同芯微电子,1000-9999人,半导体/芯片,本科,1-3年,,10-12K·14薪,无锡,,2026-05-29 21:16:34
286e4969029179f403F_29q0F1ZW,调试工程师,先导智能,10000人以上,智能硬件,本科,5-10年,"机械加工制造经验, 装配/总装经验, PLC编程软件, 量产工程师（PE）经验, 试产工程师（NPI）经验, 现场工程师（ME）经验, 不需要出差, 压力设备经验, 自动化设备经验, 机电设备经验, 调试",12-20K·14薪,无锡,,2026-05-29 21:16:34
6a9436979ed79a8f0nZ609W-FFVW,电气工程师,无锡阿隆科技有限公司,0-20人,专用设备,大专,5-10年,"电路设计, PLC工程师",13-18K,无锡,,2026-05-29 21:16:34
ab5d922ce9616a980nB53dm9ElZY,AOI工程师,鼎芯光电,100-499人,半导体/芯片,大专,1-3年,"要求有机械设备工程师经验, 企业（甲方）, 不需要出差, 半导体设备经验, 设备采购/选型经验",9-14K·13薪,无锡,,2026-05-29 21:16:34
eaa76e99e62304d30nV92ty0GVdS,光伏电站运维工程师,中元盛辉,20-99人,光伏,大专,1-3年,,6-9K,无锡,,2026-05-29 21:16:34
f1875186dbecf6021HVz2NS1EVJV,环保运维工程师,清源环境,20-99人,环保,高中,经验不限,物化系统，生化系统,5-7K,无锡,,2026-05-29 21:16:55
b0ae3c2a60b20e010nZ429u0ElRZ,挤出工程师,江阴市黄丹净化设备,20-99人,橡胶/塑料制品,初中及以下,3-5年,"机械加工制造经验, 自动化设备经验, 模具经验, 塑料经验, 连接/切割工艺经验, 焊接经验, AutoCAD, 量产工程师（PE）经验, 不需要出差",10-11K,无锡,,2026-05-29 21:16:55
393f6fc2880296a00nd809m0F1pS,工艺工程师,无锡胜光科技有限公司,20-99人,半导体/芯片,本科,5-10年,"半导体经验, 电子/通信经验, AutoCAD, UG, SolidWorks, 试产工程师（NPI）经验, 不需要出差, 芯片/半导体经验",10-15K,无锡,,2026-05-29 21:16:55
d5a82ce1792cbc571Hd63d6_ElFY,电力运维工程师,业臣电力,20-99人,电力/热力/燃气/水利,大专,1-3年,"实施交付运维, 电子/电气/自动化相关专业",5-8K,无锡,,2026-05-29 21:16:55
5ea7eed4e66697820nB43ty-FlpV,研发工程师,无锡康桐信息科技,20-99人,医疗服务,本科,1-3年,"Java, MySQL, SQL Server, Python",10-11K,无锡,,2026-05-29 21:16:55
c5f9ee9d9f627bc803Fy2969GFFY,装配工程师,增上机械制造,20-99人,通用设备,学历不限,3-5年,,6-8K·13薪,无锡,,2026-05-29 21:16:55
110b05310ee419d90nd70961ElNR,运维工程师/星驱科技(外协)-无锡,润和软件,10000人以上,互联网,本科,5-10年,"网络运维, Nginx, Ansible/Salt/Puppet, 系统运维, 运维开发/DevOps, 运维开发经验, Redis, Python/Shell, 运维经验, Kubernetes",13-14K,无锡,,2026-05-29 21:16:55
e026ac1b048ee1e90nB52dm6FVtU,电气工程师,江阴市华峻电器科技,20-99人,电气机械/器材,本科,5-10年,"CAD, 变压器设计, 电抗器设计",8-13K,无锡,,2026-05-29 21:16:55
c60b9313c8188d690nB-3Nu6GVNU,硬件工程师,日联科技,500-999人,自动化设备,大专,1-3年,,12-20K,无锡,,2026-05-29 21:16:55
efbbc2205f150ce90nB439u7EltZ,mes工程师,上海意优智控科技,100-499人,计算机/通信/其他电子设备,大专,3-5年,"网络运维, 系统运维, 运维开发/DevOps, Java, 计算机相关专业, 运维开发经验, 网络安全相关经验, 大数据运维经验",8-13K·13薪,无锡,,2026-05-29 21:16:55
1a75c247e33ce4661H1_0tq5FVpW,项目工程师,恩梯科技,100-499人,仪器仪表/工业自动化,大专,1-3年,项目工程师,6-8K·13薪,无锡,,2026-05-29 21:16:55
1dd32d6f79a192211Hx53d21EFBX,机械工程师,恩纳基,100-499人,自动化设备,本科,5-10年,"SolidWorks, AutoCAD, ANSYS, 有机械工程师经验, 自动化机械经验, 半导体经验, 新能源经验, 非标设计经验, 整机设计经验",16-22K·15薪,无锡,,2026-05-29 21:16:55
bd9fb48a80e58af903d73Nu9FVNY,运维工程师,江苏维姆信息技术,0-20人,信息安全,学历不限,经验不限,"网络运维, 通信相关专业, 大数据运维经验, 计算机相关专业, 网络安全相关经验, 运维经验",5-10K·13薪,无锡,,2026-05-29 21:16:55
163f9642a4b6bfe00nB73N-5EVdU,机械工程师,苏州某大型自动化设备上市公司,1000-9999人,自动化设备,本科,5-10年,,20-35K·14薪,无锡,,2026-05-29 21:16:55
cf2c78f6f70ee8f40nZ72Ni8GVpS,销售工程师,无锡恒大电子,100-499人,机电工程,本科,1-3年,,8-13K,无锡,,2026-05-29 21:16:55
b91b2b6959b1c76703F43d-1GVBZ,采购工程师,果下科技股份有限公司,500-999人,储能,本科,5-10年,,9-14K,无锡,,2026-05-29 21:17:15
268a549398d2dd400nB73Nq0F1JT,mes工程师,宏源印刷,100-499人,印刷/包装/造纸,大专,3-5年,,9-14K,无锡,,2026-05-29 21:17:15
0d712160b3c82db10ndz2Nq7GFJU,应用工程师,析谱半导体,0-20人,仪器仪表,本科,3-5年,,12-20K·13薪,无锡,,2026-05-29 21:17:15
19b403305cd82c8303F509S4E1NZ,电气工程师,江苏富仁,1000-9999人,通用设备,本科,经验不限,,6-10K,无锡,,2026-05-29 21:17:15
75556c5c2208645e0nR72d--E1RW,测试工程师,隆玛科技,100-499人,智能硬件,本科,1-3年,"自动化测试经验, 测试工作经验, 通信相关专业, 性能测试, 功能测试, 嵌入式测试, 计算机相关专业",6-8K·13薪,无锡,,2026-05-29 21:17:15
2d47acf61493ee890nd-2N-8FlZV,高级工程师,无锡某大型新能源智能装备上市公司,10000人以上,智能硬件,本科,5-10年,,20-35K,无锡,,2026-05-29 21:17:15
354730239e3d567c0nd-0t-4GFZY,销售工程师,蓝茵工业标识,20-99人,自动化设备,大专,1-3年,"市场信息搜集与分析, 市场拓展能力, 能源, 智能硬件, 客户开发与维护, 仪器仪表/工业自动化, 计算机相关学历, 电子/半导体/集成电路, 工业设备销售经验, 市场营销相关学历, 制定产品/服务方案, 业务创新能力, 对机构 (To B) 销售经验, 电气相关学历, 机械设备/机电/重工, 机械相关学历",7-12K,无锡,,2026-05-29 21:17:15
b1039b929fa50a300nB73NW7F1tQ,实施工程师,无锡软翼科技有限公司,20-99人,物联网,本科,1-3年,,6-11K,无锡,,2026-05-29 21:17:15
3634c4da3c85e9400nB70ti1E1JU,电气工程师,创驰,20-99人,自动化设备,本科,3-5年,"自动化技术, PLC, 非标自动化, HIM",7-12K·13薪,无锡,,2026-05-29 21:17:15
1b3e57cda932d50a0nd62t-8EFRQ,硬件工程师,耀芯电子,20-99人,半导体/芯片,本科,3-5年,"芯片/半导体/集成电路, 嵌入式硬件工程师, DDR4/LPDDR4, PCIE3.0, USB3.0, PCBlayout",15-25K·15薪,无锡,,2026-05-29 21:17:15
d981dda2d04e14730nZ83t69EFVR,网络IT工程师,数字盛世云图,100-499人,计算机服务,本科,5-10年,,5-10K,无锡,,2026-05-29 21:17:15
a27b75cab39ce2ac03R42NW7GVRV,电气（AGV）运维工程师,无锡刘潭服装有限公司,500-999人,服装/纺织,大专,1-3年,"实施交付运维, Java, MySQL/Oracle, 计算机相关专业, 运维经验",5-6K,无锡,,2026-05-29 21:17:15
ece96e33790e8a3c1XJ83d24E1ZQ,linux运维工程师,九安数据,100-499人,互联网,本科,1-3年,"系统运维, Docker, Kubernetes, Python/Shell, 计算机相关专业, 运维经验, 网络安全相关经验",10-15K,无锡,,2026-05-29 21:17:15
280a9c9cb9c8d6b50nV929S5GVVT,电气工程师,无锡某大型新能源装备上市公司,10000人以上,智能硬件,本科,3-5年,"自动化技术, CAD",15-25K,无锡,,2026-05-29 21:17:15
4f44e7dfbe69f0c81n193Nu4FFBR,销售工程师,和亿智能,100-499人,其他制造业,本科,经验不限,"销售工程师, 区域销售, 直销, 先进制造, 对企业/机构（To B）销售经验, 代理商销售, 面销, 其他行业, 全职, 面销/陌拜, 大客户销售, 其他产品/服务, 企业（To B）, 初级销售",6-11K,无锡,,2026-05-29 21:17:15
9cf45062714b136c0nd_0t21GVFY,线束工程师,江苏泓达欣,20-99人,电子/硬件开发,大专,3-5年,,8-10K,无锡,,2026-05-29 21:17:37
73d493842d5aaae20nV43dq-FFVT,电气工程师,亚派自动化,0-20人,环保,本科,1年以内,PLC工程师,3-8K,无锡,,2026-05-29 21:17:37
b187f2f05eab98de03F53968GFZY,销售工程师,江苏翔天自动化设备,100-499人,智能硬件/消费电子,大专,经验不限,"工业设备销售经验, 技术配合与沟通, 客户开发与维护, 仪器仪表/工业自动化",4-6K,无锡,,2026-05-29 21:17:37
59f37b0482eeb1f503dy3N26GFFR,C# 工程师,阿米达自动化有限公司,100-499人,自动化设备,大专,3-5年,"C#, C#开发经验, 计算机相关专业",13-18K,无锡,,2026-05-29 21:17:37
b950e8c05770b9460nB62tq5EVBS,工艺工程师,欧世盛,100-499人,仪器仪表,本科,3-5年,"不需要出差, 仪器仪表经验, AutoCAD, 自动化设备经验, 机械加工制造经验, SolidWorks, 装配/总装经验",10-15K,无锡,,2026-05-29 21:17:37
39fd386625554e691HB93tq5EVJT,水处理调试工程师,东诺环保,20-99人,环保,中专/中技,经验不限,低压电工证,5-8K,无锡,,2026-05-29 21:17:37
a3d6fe0bc6ef6ca30nB-3tW6FVVS,芯片研发IT运维工程师,江阴新际科技,20-99人,电子/半导体/集成电路,本科,3-5年,"通信相关专业, eda运维, 运维开发经验, 芯片, 桌面运维, Python/Shell, 计算机相关专业, 运维经验",12-14K,无锡,,2026-05-29 21:17:37
e3bc4abac7328ee103J-3960EVVU,电气工程师,无锡市佩恩自动化,100-499人,自动化设备,大专,5-10年,"西门子, 三菱, PLC工程师, 汇川, eplan",10-13K·14薪,无锡,,2026-05-29 21:17:37
0491f7b24bdced850nd53N-7ElZU,后端工程师,太湖慧云,20-99人,计算机软件,本科,5-10年,"Java, SpringCloud, Spring, Elasticsearch, MySQL, 大数据经验, 云计算经验",12-18K,无锡,,2026-05-29 21:17:37
c2b30f8e7dd6252b1nR539S5GVVU,安防工程师,和动力,20-99人,电力/热力/燃气/水利,中专/中技,1-3年,"安防监控, 电力, 智能硬件, 信息化",4-6K,无锡,,2026-05-29 21:17:37
823f27b1187bbe8b03R73N-4ElRU,结构工程师,Xvisio Technology,20-99人,智能硬件,本科,3-5年,"AutoCAD, 产品工艺, 夹具, 焊接, 机械铸造, 机械设计",22-35K,无锡,,2026-05-29 21:17:37
80dce638972b3d2e1nZ42Ny7EFpV,嵌入式软件工程师,德耳斯,20-99人,电子商务,学历不限,经验不限,"C语言, 嵌入式软件开发, 逻辑分析仪, 人工智能, 家居, 云计算, C++",10-15K,无锡,,2026-05-29 21:17:37
ac608b64ede905181HR80tu_FFFZ,电气工程师,恒纯至净,0-20人,工程施工,本科,1-3年,CAD,5-10K,无锡,,2026-05-29 21:17:37
911b5ca984cd58e41Hdy3N21EVNU,设备运维工程师,远景动力,1000-9999人,汽车零部件,高中,3-5年,运维经验,10-15K·13薪,无锡,,2026-05-29 21:17:37
bea6a7e9acfdcd6f1H1z2dm7GVBQ,运维工程师,鑫宝航,0-20人,大数据,学历不限,经验不限,"网络运维, Java, 网络运维，IT, 系统运维, 运维开发/DevOps",8-13K,无锡,,2026-05-29 21:17:37
b3fc2dfced80c0ec1Xx83t6-FFJS,液压工程师,福艾德,100-499人,电气机械/器材,大专,3-5年,"电液系统, 液压站, 试验台, 液压系统, 电液伺服, 液压系统设计, 测试台, 液压原理图",10-15K·14薪,无锡,,2026-05-29 21:21:47
62bbcc643cd978af03Z639W8E1JY,储能工程师,江苏森基,100-499人,金属制品,大专,1-3年,,20-30K,无锡,,2026-05-29 21:21:47
3f39075db0b181b70nd93t61FVNU,SMT工程师,百虹,100-499人,智能硬件/消费电子,大专,3-5年,,9-13K,无锡,,2026-05-29 21:21:47
447e26853eb8dc8003F-2Nu1GVBW,液压工程师,沪航液压,20-99人,机械设备/机电/重工,大专,1-3年,,11-20K,无锡,,2026-05-29 21:21:47
e4af7d05aafe32c503d63d-9F1VR,layout工程师,某中型半导体公司,500-999人,半导体/芯片,大专,3-5年,"芯片/半导体/集成电路, 汽车电驱电控",20-21K,无锡,,2026-05-29 21:21:47
2b8305816e18b7930nZz2ty5GVpT,操安工程师,台铃科技,1000-9999人,摩托车/自行车制造,大专,5-10年,,15-23K,无锡,,2026-05-29 21:21:47
864a2236da62d09303B82d28FVdS,质量工程师,无锡某大型航空制造上市公司,1000-9999人,铁路/船舶/航空/航天制造,本科,5-10年,"客户质量工程师, 制程质量工程师",20-21K,无锡,,2026-05-29 21:21:47
b60296c7a52890430nR43d66E1NX,工艺工程师,某大型汽车零部件公司,1000-9999人,汽车零部件,本科,3-5年,"工艺工程师, 锂电池, 电芯, 磷酸铁锂电池, 三元锂电池",14-28K,无锡,,2026-05-29 21:21:47
6200a18908d555d30nB409i8E1NZ,测试工程师,无锡某大型电子/半导体/集成电路上市公司,1000-9999人,电子/半导体/集成电路,本科,3-5年,,18-22K·13薪,无锡,,2026-05-29 21:21:47
846027e89b0f9c6c0nR72tm6GFRW,pcblayout工程师,无锡保标公司,100-499人,仪器仪表,大专,5-10年,,12-20K,无锡,,2026-05-29 21:21:47
66f1d1b9808398fe0nd429u6E1VQ,运维工程师（实习生）,感图网络科技,100-499人,计算机软件,本科,,"实施交付运维, 计算机相关专业, 通信相关专业, 电子/电气/自动化相关专业",150-200元/天,无锡,,2026-05-29 21:21:47
7996286289631d9503d609u0F1FS,CAE工程师,无锡吉兴,100-499人,汽车零部件,硕士,1-3年,"Hyperworks, 接受无机械工程师经验",9-13K·13薪,无锡,,2026-05-29 21:22:09
2f2676ea7f8952c80nV62t24FldR,质量工程师,无锡海古德新技术,100-499人,半导体/芯片,大专,5-10年,"有质量管理经验, 汽车经验, 半导体经验, 机械加工制造经验, ISO9001经验, PQE经验（制程）, QC七大手法, 不需要出差",8-12K,无锡,,2026-05-29 21:22:09
d4263cf5eca310000nB53N-4FlpY,AI服务器工程师,天顿数据,100-499人,人工智能,大专,1-3年,,7-12K·14薪,无锡,,2026-05-29 21:22:09
85328583db5dbd190ndy09-6FVJS,SMT工程师,锡圆电子,100-499人,半导体/芯片,大专,3-5年,"半导体经验, 试产工程师（NPI）经验, 量产工程师（PE）经验, 不需要出差, 芯片/半导体经验",10-15K,无锡,,2026-05-29 21:22:09
0c9940c5fc675ceb0nZz2926E1ZQ,工程师,江苏金石米威智能装备,100-499人,其他制造业,本科,3-5年,"包住, 月结, 1-3年经验, 大型设备",5-10K,无锡,,2026-05-29 21:22:09
a6f4e34fcebd9c550nR529y6EltZ,售前工程师,正德厚,0-20人,计算机服务,本科,3-5年,"系统集成, 智慧城市信息化项目, 售前技术支持经验, 招投标经验, 团队管理经验, 可适应出差, PMP, 信息系统项目管理师, 有软件项目或开发经验优先",8-12K,无锡,,2026-05-29 21:22:09
f909183be59ea5ea0nB52NS_FlpX,采购工程师,中竞科,100-499人,家用电器,本科,1-3年,,5-10K,无锡,,2026-05-29 21:22:09
84c1f719d842361f0nB-3Nq5FlRZ,开关工程师,雅迪集团,1000-9999人,汽车研发/制造,大专,5-10年,开关,20-30K,无锡,,2026-05-29 21:22:09
4be05da0875b33b71HJ_3dq-GFBV,数据中心基础设施运维工程师,中物达,500-999人,计算机服务,中专/中技,1-3年,"暖通空调, fm设施管理, 电子/电气/自动化相关专业, IDC机房运维, 电工",6-9K,无锡,,2026-05-29 21:22:09
b3d12e6ece5958701XB-0tS1FlNV,暖通工程师,英之杰建环科技,20-99人,机电工程,本科,经验不限,"图纸绘制/审核, 方案设计",12-24K,无锡,,2026-05-29 21:22:09
75603fa6701bc36d0nd_0tm1EVFQ,质量工程师,张家港市旭骏机械部件,100-499人,汽车零部件,大专,1-3年,,8-13K,无锡,,2026-05-29 21:22:09
b236c296865c443e0nB62dW-EVtW,良率工程师,株洲某大型机械设备/机电/重工公司,10000人以上,机械设备/机电/重工,本科,3-5年,,18-30K,无锡,,2026-05-29 21:22:09
12ca9407cc7741870nd629i8FlJZ,管道工程师,柏诚股份,500-999人,机电工程,学历不限,经验不限,"有暖通工程经验, 注册暖通工程师, 中级暖通工程师职称, 高级暖通工程师职称, 电工特种作业操作证, BIM, AutoCAD, 需要长期出差/驻场, 暖通工程设计经验, 暖通工程施工管理经验, 暖通工程运维经验, 供暖工程经验, 制冷工程经验, 通风工程经验, 净化工程经验, 1-3年暖通工程经验, 5-10年暖通工程经验, 10年以上暖通工程经验, 3-5年暖通工程经验",10-15K,无锡,,2026-05-29 21:22:29
b1367cf077caeb640nB_2ti8E1VS,质量工程师,江苏云雀机器人,500-999人,通用设备,本科,1-3年,,7-10K,无锡,,2026-05-29 21:22:29
8b2cdbde6185af750nV539q-GFFQ,销售工程师,惟德智能,20-99人,自动化设备,本科,1-3年,"客户开发与维护, 对机构 (To B) 销售经验, 机械相关学历, 电气相关学历, 化学化工相关学历, 仪器仪表/工业自动化, 机械设备/机电/重工, 化工, 环保",10-15K·13薪,无锡,,2026-05-29 21:22:29
1fc7357ac4c0c2e90nV72dS5GVtW,专利工程师,江苏新企汇,100-499人,检测/认证/知识产权,本科,1-3年,"知识产权工程师, 专利代理人, 知识产权代理人, 国内事务, 无销售性质",10-15K,无锡,,2026-05-29 21:22:29
b8cc54110bc75a020nB-3Ny8F1NY,机电工程师,魔帝卡新能源,20-99人,新能源,大专,经验不限,,5-10K,无锡,,2026-05-29 21:22:29
4fc8c7805d1808d30nZ50921FVs~,销售工程师,德斯普拖链,20-99人,橡胶/塑料制品,高中,3-5年,"环保, 市场信息搜集与分析, 直销, 商务谈判能力, 技术配合与沟通, 客户开发与维护, 计算机相关学历, 五险一金, 大客户销售, 电子/半导体/集成电路, 市场营销相关学历, 区域销售工程师, 技术转销售, 业务创新能力, 对机构 (To B) 销售经验, 机械设备/机电/重工, 电气相关学历, 渠道销售, 市场拓展能力, 能源, 协调能力, 售前/售后技术支持, 制定产品/服务方案, 医疗设备/器械, 管理相关学历, 机械相关学历",8-13K,无锡,,2026-05-29 21:22:29
702a9aefd3518dbc03x709i6GFNS,计量工程师,广电计量,1000-9999人,检测/认证/知识产权,大专,3-5年,"计量, 热工, 长度力学, 理化, 无线电",7-10K·13薪,无锡,,2026-05-29 21:22:29
92abd4e66e8df8a51Hxy2tq1GVVV,项目工程师,无锡超捷,100-499人,汽车零部件,本科,10年以上,"汽车项目管理经验, 机械相关专业, ppap",8-13K,无锡,,2026-05-29 21:22:29
7d73cc4d19a4ffa603x-0t--EFJR,结构工程师,戎熵智造,20-99人,计算机/通信/其他电子设备,大专,5-10年,"智能设备整机设计, 成本优化, 散热、堆叠、EMC, 结构强度及材料选择",15-25K,无锡,,2026-05-29 21:22:29
f28432ef31cfa5e003Zy09m8EFtT,硬件工程师,无锡某大型电子/半导体/集成电路上市公司,1000-9999人,电子/半导体/集成电路,本科,5-10年,,20-25K,无锡,,2026-05-29 21:22:29
e83e481d84d30e7b0nd83tS_GFJZ,电气工程师,无锡京华精密机床,100-499人,通用设备,大专,3-5年,"电控工程师, 电机工程师, PLC工程师",8-13K,无锡,,2026-05-29 21:22:29
7edc97c0b75f7fed1Hdz2NW7FFBW,设备工程师,无锡宜欣科技,100-499人,半导体/芯片,本科,,"机械设备/机电/重工, 电子/半导体",100-110元/天,无锡,,2026-05-29 21:22:29
e033ccdf8836e4291X1_2tq7FVdW,质量工程师,无锡峰璟,1000-9999人,汽车零部件,大专,3-5年,客户质量工程师,7-10K·14薪,无锡,,2026-05-29 21:22:50
223f995ad3212f240nB-2Ni9FlJY,网络工程师,云端股份,100-499人,互联网,大专,3-5年,,8-10K,无锡,,2026-05-29 21:22:50
d3cc47f94ef32e6a0nd929m6EFFZ,项目工程师,创恒激光,100-499人,自动化设备,大专,5-10年,,12-20K,无锡,,2026-05-29 21:22:50
20efdfa50731bf2d03173tq6F1FW,FPGA工程师,卓海科技,100-499人,电子/半导体/集成电路,本科,3-5年,,25-40K·17薪,无锡,,2026-05-29 21:22:50
6e0e41d80cc90c2403J809m9FlFV,标定工程师,伟博科技,100-499人,汽车研发/制造,本科,经验不限,标定,5-6K·13薪,无锡,,2026-05-29 21:22:50
c38c074b78a07b860nR93N--ElpY,射频工程师,卓胜微电子,1000-9999人,半导体/芯片,硕士,经验不限,"电子/电磁场/微波相关专业, CST/HFSS/ADS",17-30K·16薪,无锡,,2026-05-29 21:22:50
9b48e9756d1e5a960nd83dS4GVBR,应用工程师,普沃思,100-499人,通用设备,本科,经验不限,,15-25K,无锡,,2026-05-29 21:22:50
25899a8038988a2603xz29-6EVtZ,工艺工程师,程天科技,100-499人,智能硬件/消费电子,本科,5-10年,"五金经验, 智能穿戴设备经验, AutoCAD, 需要出差, 量产工程师（PE）经验, 试产工程师（NPI）经验, 制药/医疗经验, SolidWorks, 装配/总装经验, 电子/通信经验, 现场工程师（ME）经验",12-24K,无锡,,2026-05-29 21:22:50
ae4d64fb47f2f86f1HZ72dS0F1RY,算法工程师,鑫业诚,100-499人,自动化设备,硕士,5-10年,,20-35K·13薪,无锡,,2026-05-29 21:22:50
aaf63a2bee1b78841Hd-2d2-GFZQ,暖通工程师,维谛技术,20-99人,通信/网络设备,学历不限,经验不限,"制冷工特种作业操作证, 暖通空调, 水冷工程师, 接受无暖通工程经验, 不需要长期出差/驻场, 暖通工程师",5-8K,无锡,,2026-05-29 21:22:50
968ad26cc2bcddea0nB709W4FVdV,K8S工程师,帆软软件,1000-9999人,计算机软件,本科,1-3年,,13-20K,无锡,,2026-05-29 21:22:50
49188dae91666c2b0nd909i8FFBR,销售工程师,江苏华英阀业有限公司,100-499人,金属制品,本科,3-5年,"市场信息搜集与分析, 市场拓展能力, 工业设备销售经验, 大中型企业销售经验, 市场营销相关学历, 技术配合与沟通, 商务谈判能力, 客户开发与维护, 对机构 (To B) 销售经验, 机械相关学历",9-14K,无锡,,2026-05-29 21:22:50
e162d5a555e0d66103Z92dW1FVVW,工程师,江苏中星微测,0-20人,半导体/芯片,本科,经验不限,,7-8K·13薪,无锡,,2026-05-29 21:22:50
c9239a920b5bd2360nB63tW_F1BX,工艺工程师,星尘智能,100-499人,智能硬件,本科,5-10年,"CATIA, 机器人, 半导体经验, 需要出差, 自动化设备经验, 量产工程师（PE）经验, 机械加工制造经验, 电机, 电子系统经验, 电子/通信经验, 线束, PCBA板焊接, 试产工程师（NPI）经验, 具身智能, 汽车经验, 现场工程师（ME）经验",15-30K·14薪,无锡,,2026-05-29 21:22:50
c85cc0408dc2d6300nd82di4EFpX,电机工程师,金箭科技,1000-9999人,摩托车/自行车制造,本科,3-5年,,15-25K·13薪,无锡,,2026-05-29 21:22:50
9a37eb6bbdf1aa260nd43tW6EFZT,量化工程师,某知名半导体公司,1000-9999人,半导体/芯片,硕士,3-5年,"强化学习, C/C++, 优秀开源项目经历, ONNX Runtime, CUDA",50-80K·15薪,无锡,,2026-05-29 21:23:10
5c054373166f63811Xx_3t65E1BS,项目工程师,无锡星凝互动科技,100-499人,广告营销,大专,3-5年,"科技项目, 贯标, 乙方公司, 发改委, 工信项目",12-15K,无锡,,2026-05-29 21:23:10
e2dc04aea451c9e60nB-2t21E1VR,测试工程师,SFERE,500-999人,仪器仪表,本科,在校/应届,,6-9K,无锡,,2026-05-29 21:23:10
0028533c23e1b64c0nd62N28E1dT,sap运维工程师,某大型生物上市公司,100-499人,生物/制药,本科,5-10年,,25-28K,无锡,,2026-05-29 21:23:10
f76b776c804c76d50nd42ty6ElVR,工艺工程师,无锡巨蟹,100-499人,智能硬件,大专,5-10年,,10-15K,无锡,,2026-05-29 21:23:10
b08b665c77c55c2d0nB42NW_EVVU,全栈工程师,秉杰机械,20-99人,专用设备,本科,3-5年,"全栈侧重前端, C/C++, Python, 计算机相关专业",12-18K,无锡,,2026-05-29 21:23:10
7491a92d161ab1a40nB40tS5FlJT,工艺工程师,隆基绿能科技,10000人以上,光伏,本科,5-10年,,9-14K,无锡,,2026-05-29 21:23:10
df5ac14462d22a270nd43tq4EVdW,网络运维工程师（双休 房补 五险一金）,晟烽,20-99人,计算机软件,大专,1年以内,,7-8K,无锡,,2026-05-29 21:23:10
19d442a42b9ee8690nVz3t68EVtW,销售工程师,莫尼耳自动化,0-20人,自动化设备,大专,1-3年,"市场信息搜集与分析, 市场拓展能力, 大中型企业销售经验, 商务谈判能力, 客户开发与维护, 业务创新能力, 对机构 (To B) 销售经验, 电气相关学历, 仪器仪表/工业自动化, 自驱力",5-10K,无锡,,2026-05-29 21:23:10
d09218cf3ca5c43203x63tu8FFFQ,电气工程师,双益精机,100-499人,自动化设备,大专,1-3年,"电气, 机械设备, PLC工程师",11-20K·13薪,无锡,,2026-05-29 21:23:10
5865aa287e3efd220ndy29q-FFRU,机械工程师,无锡四纬,20-99人,仪器仪表/工业自动化,大专,1-3年,"自动化机械经验, 仪器仪表经验, AutoCAD, 非标设计经验, 整机设计经验, 机电设备经验, 有机械工程师经验",8-13K,无锡,,2026-05-29 21:23:10
77f0c9671d2f92750nd-09y4FFNQ,电气工程师,无锡某大型新能源智能装备上市公司,10000人以上,智能硬件,本科,3-5年,"PLC工程师, CAD",20-30K·15薪,无锡,,2026-05-29 21:23:10
b901dc2b4998e5650nB73N66EFBR,采购工程师,无锡未来镜显示科...,100-499人,智能硬件,大专,3-5年,,8-12K,无锡,,2026-05-29 21:23:10
4736d0aec985da6c0nZy3N-1FlFU,电气工程师,无锡爱森贝,0-20人,电子/半导体/集成电路,大专,3-5年,,8-10K·13薪,无锡,,2026-05-29 21:23:10
4b85db2c7abb4a330nd53Nu9ElRS,电气工程师,恒途科技,20-99人,半导体/芯片,大专,1-3年,"万用表, 烙铁, 电气工程师, 配电柜, 无尘车间",7-10K,无锡,,2026-05-29 21:23:31
c9af3e433eb12f410nd-3tu5FlBQ,电气工程师,果下科技股份有限公司,500-999人,储能,本科,3-5年,电气工程师证,20-35K,无锡,,2026-05-29 21:23:31
7672deb4fd31f95b1HR729W-F1VU,采购工程师,斯瑞勒新,20-99人,电子/半导体/集成电路,大专,1-3年,"国外采购, 自带供应商资源, 零配件, 大中型企业采购经验, 供应链/贸易专业, 成品/样品, 原材料",6-11K·13薪,无锡,,2026-05-29 21:23:31
7ec1bc604c6745af0nRz0ty-GVJY,采购工程师,ATW,1000-9999人,自动化设备,本科,3-5年,"国内采购, 机械制造品, 大中型企业采购经验, 零配件, 成品/样品, 原材料",15-25K·14薪,无锡,,2026-05-29 21:23:31
9a7bd9f6aa07d3c90nB52d64E1FQ,测试工程师,京济通信,100-499人,铁路/船舶/航空/航天制造,大专,经验不限,,5-6K,无锡,,2026-05-29 21:23:31
d4182d025e8e61d00nB53N27F1pY,驻场工程师,昆山华勋精密机械...,20-99人,专用设备,大专,1-3年,"机械/机电设备, 机械/电子工程相关专业",5-6K,无锡,,2026-05-29 21:23:31
1a7709754ca47a0603Z63Nu1EVpW,光学工程师,江阴常鸿新半导体科技,20-99人,半导体/芯片,硕士,1-3年,,10-14K,无锡,,2026-05-29 21:23:31
77a0af73418bace20nB73NS1FFRW,项目工程师,迪富电子,100-499人,智能硬件/消费电子,大专,3-5年,"团队管理经验, PMP, 3C产品项目, 企业内部技术项目管理",12-16K,无锡,,2026-05-29 21:23:31
58bd0138317b80920ndy39W8FFdR,IT运维信息工程师,鸿大出行科技有限公司,100-499人,摩托车/自行车制造,大专,1-3年,,16-20K,无锡,,2026-05-29 21:23:31
fdf4df17a559f9850nR829u_EVJU,DevOps/运维工程师（阿里云新加坡/K8s）,赛昂新能源,100-499人,新能源汽车,本科,3-5年,,20-35K,无锡,,2026-05-29 21:23:31
0c4cd5fbf5dc46e00nd93tW_EVpY,电气工程师,聚泰机械,20-99人,专用设备,大专,3-5年,"电气原理图设计, 机电相关专业, 熟悉PLC编程, 非标设备安装及调试, PLC编程, 熟悉HMI技术, EPLAN绘图",10-11K·13薪,无锡,,2026-05-29 21:23:31
9c0138165b1e610a0nB72d-5FFZY,应用工程师,泰展机电,100-499人,汽车零部件,本科,1-3年,,9-14K,无锡,,2026-05-29 21:23:31
415683d6a0c0a23e0nZ40tS6FVNX,品质工程师,无锡市宏杰电器配件厂,20-99人,橡胶/塑料制品,大专,1-3年,"有质量管理经验, 家电经验, 包装/印刷/造纸经验, 汽车经验, ISO9001经验, IATF 16949经验, CQE经验（客户）, PQE经验（制程）, 8D报告经验, QC七大手法, 项目管理经验, 需要出差",8-12K,无锡,,2026-05-29 21:23:31
0b546c001ccbed620nZy2du4GFdU,工艺工程师,通用半导体,100-499人,自动化设备,本科,3-5年,,15-25K,无锡,,2026-05-29 21:23:31
1e1d0f8e4be2e2e403V80tS6F1dW,k8s实施运维工程师,泰坦智慧,20-99人,人工智能,本科,3-5年,"Docker, 运维开发/DevOps, CICD, jenkins, 计算机相关专业, Kubernetes",10-14K,无锡,,2026-05-29 21:23:31
e315b3fa3748c0260nZy3ty0GVNY,fpga工程师,新质科技,20-99人,信息安全,本科,3-5年,,15-25K,无锡,,2026-05-29 21:23:51
2466cfba347ff7510nB53N-_E1NY,质量工程师,范德威尔,500-999人,电气机械/器材,本科,3-5年,,10-15K·13薪,无锡,,2026-05-29 21:23:51
ebab6cedcdf1067c03B_09y9GVFQ,ME工程师,江苏元夫半导体,100-499人,半导体/芯片,本科,3-5年,"不需要出差, 芯片/半导体经验, 半导体经验, AutoCAD, SOP, 标准化, 制程工程师, 自动化设备经验, 机械加工制造经验, 现场工程师（ME）经验",11-18K·14薪,无锡,,2026-05-29 21:23:51
4686161c54841d9903V73NS9FFBW,焊接工程师,速捷公司,100-499人,其他行业,大专,3-5年,"工艺设计, 焊接, 焊接技术员, 焊接作业, 气焊, 平焊, 横焊, 钢结构",12-18K·13薪,无锡,,2026-05-29 21:23:51
a7e5861fac71e5bd0nZ73dq1EFpT,工艺工程师,长江电器,500-999人,仪器仪表/工业自动化,本科,1-3年,"不需要出差, 工艺设计, 仪器仪表经验",5-10K·13薪,无锡,,2026-05-29 21:23:51
ff8b96af8c55f39103N739W6EldS,软件工程师,苏州市东拓新能源,20-99人,电气机械/器材,本科,5-10年,"C#, C++, 计算机相关专业, 中大型项目开发经验",9-14K,无锡,,2026-05-29 21:23:51
e6923309be3d36270nd82t-_GVBR,高级IDC数据中心设施运维工程师,诚云科技,500-999人,互联网,本科,3-5年,"电气弱电暖通, IDC, 运维经验, IDC机房运维, 数据中心",15-25K·15薪,无锡,,2026-05-29 21:23:51
9298d20a7ba99de00nB73NW0F1tR,全栈工程师,大有时空,100-499人,大数据,本科,3-5年,,8-13K,无锡,,2026-05-29 21:23:51
ca54a971f38b32220nB42t60EFJV,机械工程师,华机机械,20-99人,仪器仪表/工业自动化,学历不限,1-3年,"有机械工程师经验, 机电设备经验, 自动化机械经验, 非标设计经验, 整机设计经验, AutoCAD",8-10K,无锡,,2026-05-29 21:23:51
182a6a66e279e7640nd-0ty4E1E~,弱电工程师 网络工程师,广信云图,0-20人,通信/网络设备,学历不限,经验不限,"现场运维, 运维监控, 弱电施工, IT技术支持, 运维工程师, 网络运维, 网络设备, 系统运维",4-6K,无锡,,2026-05-29 21:23:51
37e8b3b04a6801360nd-0t68EFtV,电气工程师,无锡某大型新能源智能装备上市公司,10000人以上,智能硬件,本科,3-5年,,15-25K,无锡,,2026-05-29 21:23:51
ce28d40088f327360nB50tS8EVBY,光学工程师,清华大学应用研究院,20-99人,人工智能,本科,1-3年,,12-24K,无锡,,2026-05-29 21:23:51
d9e2614a1539aa720nd-09m9FFVT,环保工程师,江阴市泽辉环保科...,0-20人,企业服务,大专,3-5年,"环评工程师经验, 不需长期出差, 有环保工程师经验",6-7K,无锡,,2026-05-29 21:23:51
cec4dd4dd60406fd03N909-9GVFQ,采购工程师,雅克科技,500-999人,化工,本科,3-5年,电子化学品,11-15K·13薪,无锡,,2026-05-29 21:24:12
99abfd045dc9df6d0nB429q-FVFR,工艺工程师,领航未来,20-99人,通信/网络设备,大专,3-5年,"五金经验, 不需要出差, 模具经验, AutoCAD, 量产工程师（PE）经验, 机械加工制造经验, 专用机械经验, SolidWorks, 装配/总装经验, 电子/通信经验, 现场工程师（ME）经验",7-11K·13薪,无锡,,2026-05-29 21:24:12
259ed838cb6c02a70nB-39q6FlNT,电网行业运维工程师（双休+五险一金）,江行智能,100-499人,互联网,本科,1-3年,"电子/电气/自动化相关专业, 运维经验, 计算机相关专业, 通信相关专业, 电网行业, SQL语言, Linux",8-11K,无锡,,2026-05-29 21:24:12
d6dda12fcfea8aae03x72dm_ElJR,机械工程师,智搬机器人,0-20人,自动化设备,本科,5-10年,"自动化机械经验, AutoCAD, 非标设计经验, 整机设计经验, 仿真设计经验, 机电设备经验, SolidWorks, 机器人经验, 有机械工程师经验",9-12K,无锡,,2026-05-29 21:24:12
242d0e8a67cbbd2c0nd-09q9GFJV,机械工程师,丰诺畅机电,0-20人,机械设备/机电/重工,大专,3-5年,"有机械工程师经验, 机电设备经验, 自动化机械经验, 非标设计经验, 仿真设计经验, SolidWorks, AutoCAD, 过滤设备",8-13K·13薪,无锡,,2026-05-29 21:24:12
11ab227d7e6c01921nx40ti9EFdS,公设工程师,健鼎,10000人以上,电子/半导体/集成电路,大专,经验不限,"五险一金, 包住, 机电相关专业, 包吃, 设备维修/保养, 岗位津贴",4-6K·13薪,无锡,,2026-05-29 21:24:12
902efeb79ecd1a7d0nVy09m4EFJY,CAD工程师 (MJ000735)无锡,太初,100-499人,人工智能,本科,1-3年,,11-20K·15薪,无锡,,2026-05-29 21:24:12
9343f83d6ced95c50nB-3926ElVT,工艺工程师,隆玛科技,100-499人,智能硬件,大专,3-5年,"不需要出差, AutoCAD, 夹具/治具经验, 自动化设备经验, 机械加工制造经验, 试产工程师（NPI）经验, 装配/总装经验",8-12K·13薪,无锡,,2026-05-29 21:24:12
d7e9722b9246d8390nB60t68FlFT,助理工程师,国诚人力,0-20人,人力资源服务,本科,1-3年,,5-7K,无锡,,2026-05-29 21:24:12
396ca1c5093a519a1nx509S-E1ZX,安防监控工程师,圣创网络,0-20人,计算机服务,本科,1-3年,"安防  监控, 桌面运维, 计算机相关专业, 网络安全相关经验, 运维经验, 打印机/复印机维修经验",5-6K·14薪,无锡,,2026-05-29 21:24:12
cbd9846e1bccd82e0nB-3N64FVVZ,暖通工程师,科信,20-99人,检测/认证/知识产权,大专,经验不限,"接受无暖通工程经验, AutoCAD, 需要长期出差/驻场, 暖通, 空调",5-8K,无锡,,2026-05-29 21:24:12
be2d9ed00ce437e20nd439W6E1tR,平台运维工程师,力合科技,500-999人,仪器仪表,本科,1-3年,,6-7K·14薪,无锡,,2026-05-29 21:24:12
65cfc4f4fb87181c1XZ40tu6EFNT,驻场运维工程师,埃瑞科,20-99人,其他生活服务,中专/中技,1-3年,"系统运维, 中央空调, 应用运维",5-8K·13薪,无锡,,2026-05-29 21:24:12
707850c8edac44da1HBz2965FlA~,运维工程师,无锡祥路,20-99人,通信/网络设备,高中,1-3年,"系统运维, 网络, 运维",5-8K,无锡,,2026-05-29 21:24:33
c93733c962b278d40Hx73d27EVA~,压铸工程师,豪达工艺品,20-99人,原材料及加工/模具,中专/中技,5-10年,"工艺工程师, 模具工程师, 铸造工程师",9-14K·13薪,无锡,,2026-05-29 21:24:33
59f2cb67368f7d1703J52dS4F1BT,应用工程师,江苏彩鸿芯宇科技,0-20人,仪器仪表,本科,经验不限,,5-10K,无锡,,2026-05-29 21:24:33
0d48febd09e398480nd73tm6EldY,电气工程师,江阴铭创机械有限公司,0-20人,通用设备,中专/中技,经验不限,,4-5K,无锡,,2026-05-29 21:24:33
8ee12bc87f3470f50nd53NW7GFdZ,工艺工程师,无锡市德科立光电子,500-999人,通信/网络设备,本科,1-3年,,5-10K,无锡,,2026-05-29 21:24:33
2f8f099201d77dfb0ndy39-0EFBV,电气工程师,中科微至,1000-9999人,通用设备,本科,1-3年,"PLC工程师, 西门子PLC, ProE, 梯形图  SCL, st语言, 电气编程",9-14K,无锡,,2026-05-29 21:24:33
1e8d7243ee8df9ac1XF52ty5EFVZ,制冷工程师,江苏齐力特,20-99人,通用设备,本科,1-3年,"方案设计, 制冷工程师, 图纸绘制/审核",6-10K,无锡,,2026-05-29 21:24:33
11ffb66a780efb0f0nV83NW5ElNQ,软件工程师,江苏精益,20-99人,计算机软件,本科,3-5年,,15-25K,无锡,,2026-05-29 21:24:33
3d1e5eeeed4fffa00nd62N60F1VW,机械工程师,无锡某大型新能源智能装备上市公司,10000人以上,智能硬件,本科,3-5年,,21-24K·14薪,无锡,,2026-05-29 21:24:33
f56e9cadd307b1b01Hdz39W5GFRS,售后工程师,江苏宇佳智能装备,0-20人,自动化设备,中专/中技,3-5年,机械/机电设备,7-10K,无锡,,2026-05-29 21:24:33
e4523338ca0ddaf80nB-29y-GFpY,热网仪表工程师（计量管理方向）,新奥集团,10000人以上,互联网,大专,1-3年,,5-7K·14薪,无锡,,2026-05-29 21:24:33
ec8c6454bb1bd1200nB-3dm1GVFR,钉钉运维工程师,江苏鼎轩软件,100-499人,计算机软件,大专,1-3年,,7-9K,无锡,,2026-05-29 21:24:33
c78cefa5dde7003e0nV-39y5FVtT,工艺工程师,神宇股份,500-999人,通信/网络设备,大专,3-5年,"电子/通信经验, AutoCAD, UG, 需要出差",10-15K,无锡,,2026-05-29 21:24:33
590847e3e8015aa51Hd92Nm_E1BT,研发工程师,禹龙智装,100-499人,电气机械/器材,本科,5-10年,"AutoCAD, 自动化, 新能源",15-30K,无锡,,2026-05-29 21:24:53
4028ddcf88fa4f670nZ82tq5GVBT,基础设施运维工程师—机器人&数据链路方向,原力灵机,100-499人,人工智能,本科,3-5年,,10-15K·14薪,无锡,,2026-05-29 21:24:53
1f9718012c8a332d0nR82dq1F1FV,网络维护工程师,无锡运容智能科技,0-20人,通信/网络设备,本科,3-5年,"网络运维, 通信相关专业, 计算机相关专业, 运维经验",8-12K,无锡,,2026-05-29 21:24:53
91a11e816223f41f0nB62dq_EVdV,工艺工程师,无锡雨杰电子科技,500-999人,其他制造业,大专,1年以内,,5-7K,无锡,,2026-05-29 21:24:53
7882da3727b9460f1HVy2ty7FVFT,技术工程师,英飞诺,0-20人,机械设备/机电/重工,大专,经验不限,"自动化专业, AutoCAD, ANSYS, SolidWorks, 设计工程师",4-5K,无锡,,2026-05-29 21:24:53
711175c1f96017a403J62d2-EFdR,Python工程师,扬铭科技,100-499人,通信/网络设备,本科,3-5年,"PyTorch, 分布式经验, 云计算经验, Linux开发/部署经验, Python",14-25K,无锡,,2026-05-29 21:24:53
0f480bb042dcfa7d1H172tW-F1ZQ,高级工程师,南京安信注册安全...,100-499人,检测/认证/知识产权,大专,5-10年,"接受无EHS工程师经验, 安全相关专业, 环境相关专业, 化工相关专业, 熟悉EHS相关法规, 中级注册安全工程师, 生产安全, 高级工程师",12-13K,无锡,,2026-05-29 21:24:53
1f7852b32841f20d1HV52d2_GVFX,电气工程师,无锡鼎汉,20-99人,电气机械/器材,大专,1-3年,"电机工程师, PLC工程师",7-12K·13薪,无锡,,2026-05-29 21:24:53
70488e4b8ec36bf20nV72Nu1FFZV,硬件工程师,某大型知名汽车零部件公司,10000人以上,汽车零部件,本科,5-10年,"逆变器, OBC, DCDC",25-30K·15薪,无锡,,2026-05-29 21:24:53
8fec3832030fd2371H1_0ty0F1tR,道路维保工程师,江苏无界智慧科技,100-499人,智能硬件,学历不限,1年以内,运维经验,5-6K,无锡,,2026-05-29 21:24:53
27887400cee8db2f0nd_3dS5FVFZ,网络工程师,江丰同芯,100-499人,仪器仪表/工业自动化,本科,3-5年,"有网络工程师经验, 甲方企业, 3到5年网络工程师经验, 计算机相关专业, 数据中心运维",7-8K,无锡,,2026-05-29 21:24:53
e4ad577ed6eb9b011nRy3Ny7FlZW,运维工程师,元首嘉华餐饮设备,0-20人,原材料及加工/模具,本科,1-3年,运维工程师,10-11K,无锡,,2026-05-29 21:24:53
07429aba0f0926fb1XB_2tS_EVdQ,采购工程师,罗斯,500-999人,通用设备,本科,1-3年,"机械制造品, 制造业报价, 电气采购, 供应商开发",6-10K·13薪,无锡,,2026-05-29 21:24:53
f963edcb6b6b40160nB729W-EVZQ,电气工程师,迪普实业,100-499人,通用设备,本科,3-5年,"PLC工程师, CAD",10-15K,无锡,,2026-05-29 21:24:53
40be7504abc523ff0nRz39m-E1JT,质量工程师,雷鸟创新,100-499人,计算机硬件,本科,5-10年,"不需要出差, PQE经验（制程）, QC七大手法, 其他, 有质量管理经验, 8D报告经验",13-20K·13薪,无锡,,2026-05-29 21:29:04
410fbf8c490e0a3a0nB-3N-_FFFY,机械工程师,ATW,1000-9999人,自动化设备,本科,在校/应届,,7-9K·14薪,无锡,,2026-05-29 21:29:04
6fb67f7bf5b677ce0nd-2tW6GVdS,销售工程师,特安电子,100-499人,仪器仪表,大专,5-10年,客户开发与维护,5-10K,无锡,,2026-05-29 21:29:04
2b671a31054693190nB-29W8E1dU,现场运维工程师,比孚信息科技,100-499人,计算机软件,中专/中技,5-10年,,7-10K,无锡,,2026-05-29 21:29:25
d79b010c8b339d8e1H1929y1GFVV,技术工程师,无锡橘派影视文化传媒,0-20人,广告/公关/会展,学历不限,3-5年,"技术改造与调整, 产品测试工程师, 机械工程专业, 综合性工程师, 熟悉电动/气动/传动设施, 熟悉各类加工工艺, 制定操作流程, BOM撰写, 品质工程师, 新能源",5-10K,无锡,,2026-05-29 21:29:25
d4a3e5b6c3dcfc430nd-2N26ElNW,硬件工程师,无锡某大型汽车零部件上市公司,1000-9999人,汽车零部件,本科,3-5年,"汽车硬件产品, 毫米波",20-40K,无锡,,2026-05-29 21:29:25
e1c4049f7cf7e47a03B92N6_EltS,销售工程师,无锡翱飞科技有限公司,20-99人,仪器仪表,本科,经验不限,"五险一金, 年终奖, 市场拓展能力, 制定产品/服务方案, 商务谈判能力, 餐补, 对机构 (To B) 销售经验, 项目跟踪",15-30K,无锡,,2026-05-29 21:29:25
d23749349c5594400nZy3N65FltT,工艺工程师,无锡某大型PCB制造上市公司,10000人以上,其他行业,大专,5-10年,,20-25K,无锡,,2026-05-29 21:29:25
c3c903b9f3eaad4a0nV-3Ny-ElFQ,售后工程师,尚实电子,20-99人,自动化设备,大专,1-3年,"机器人, 机器视觉, 汽车, VC++, PLC, 计算机软件, 售后工程师, 机械/电子工程相关专业, 机械/机电设备技术支持经验, 系统调试, 可适应出差, 机械/机电设备",10-13K·14薪,无锡,,2026-05-29 21:29:45
70a1492c29180f831Hd50tu4EVtS,视觉工程师,捷普集团,1000-9999人,原材料及加工/模具,本科,5-10年,"深度学习, 机器学习, 图像算法, 算法工程化经验, C#, 机器视觉, Vision Pro, Apple, 3C非标自动化",15-20K·16薪,无锡,,2026-05-29 21:29:45
3f5963733fdb7c5003183dy1F1JS,项目工程师,某中型汽车零部件公司,500-999人,汽车零部件,大专,3-5年,,15-25K·14薪,无锡,,2026-05-29 21:29:45
4c1d5a95c969466f0nB-3ti6FVBZ,研发工程师,某汽车零部件公司,20-99人,汽车零部件,硕士,3-5年,,15-25K,无锡,,2026-05-29 21:29:45
f0867e9ddcef18520nB42di6GFRU,AI anget 工程师,云蝠服饰,1000-9999人,服装/纺织,大专,经验不限,算法工程化经验,10-15K,无锡,,2026-05-29 21:29:45
10ceb951a2c2157f03V72dm4FFZT,运维工程师(实习生),无锡市超易达电子...,0-20人,企业服务,中专/中技,,"系统运维, 运维经验",100-150元/天,无锡,,2026-05-29 21:29:45
ebfafe44ae006e6203x_3t2_EltX,CIP工程师,江阴市中恒元机械制造,20-99人,电气机械/器材,大专,5-10年,,10-15K,无锡,,2026-05-29 21:29:45
bdc238464dfc81f303Ny2d64ElFQ,销售工程师,艾泰智能半导体,0-20人,电子/半导体/集成电路,大专,经验不限,"客户开发与维护, 市场信息搜集与分析, 技术配合与沟通, 业务创新能力, 商务谈判能力, 市场拓展能力, 电气相关学历, 市场营销相关学历, 仪器仪表/工业自动化, 智能硬件, 电子/半导体/集成电路",5-10K·13薪,无锡,,2026-05-29 21:29:45
a476dd57a4b717b60nd829y-GVVZ,电气工程师,无锡市同昇科技,0-20人,专用设备,大专,5-10年,"st语言, PLC工程师",8-10K,无锡,,2026-05-29 21:29:45
23153969c7566b8a0nZy09-9EltQ,采购工程师,新华起重工具,100-499人,专用设备,大专,1-3年,,6-11K,无锡,,2026-05-29 21:29:45
444d2485ebe6293f0nd93tu7ElRS,销售工程师,重庆华旗线缆有限公司,100-499人,电气机械/器材,大专,经验不限,,6-11K,无锡,,2026-05-29 21:30:08
b496600427f4db510nB-2d-6ElZT,质量工程师,远景能源,1000-9999人,风电,本科,5-10年,,20-25K·13薪,无锡,,2026-05-29 21:30:08
babfc7bd92b2884603Ry2927GVVZ,弱电工程师,无锡盛建精密机械制造,100-499人,半导体/芯片,大专,1-3年,"经常外派, 电工证, 经常出差, 安装施工, 综合布线系统, 程控电话交换机系统",6-7K,无锡,,2026-05-29 21:30:08
2b442e3bd28b27330nB_2965EVVU,系统运维工程师（驻场）,ITTS中铭慧业,100-499人,计算机硬件,本科,3-5年,,7-8K,无锡,,2026-05-29 21:30:08
320690375903743f1nF63Ni6EFZQ,销售工程师,智维易,20-99人,其他专业服务,大专,1-3年,"大客户销售, 工业设备销售经验, 大中型企业销售经验, 外企客户, 互联网销售, 政府客户, 销售专员, 客户开发与维护, 软件销售, 对机构 (To B) 销售经验, 电气相关学历, 五险",4-6K,无锡,,2026-05-29 21:30:08
41b35979b2fcd75d0nZy2Nu0E1FX,测试工程师,艾可蓝,100-499人,汽车零部件,本科,经验不限,,6-11K,无锡,,2026-05-29 21:30:08
671b93de7f06636c03R40ti5E1s~,销售工程师,无锡比亚科技有限公司,100-499人,汽车零部件,本科,3-5年,"市场信息搜集与分析, 市场拓展能力, 英语口语流利, 大中型企业销售经验, 协助产品规划与开发, 商务谈判能力, 客户开发与维护, 项目跟踪, 报价谈判",7-9K,无锡,,2026-05-29 21:30:08
ed22bca17622481d03x93Ni_E1tY,专利工程师,企知道集团,1000-9999人,企业服务,本科,1-3年,,6-8K·13薪,无锡,,2026-05-29 21:30:29
f27b9df8984cee850nZ42Nq6GFZU,仪表工程师,无锡仪动智能,100-499人,汽车零部件,本科,1-3年,,6-10K,无锡,,2026-05-29 21:30:29
21f6c3c5729507fb0ndz39W6GVNR,机械工程师,明链智能,0-20人,物流/仓储,本科,1-3年,"有机械工程师经验, 机电设备经验, 自动化机械经验, 机器人经验, 非标设计经验, 整机设计经验, 仿真设计经验",8-12K,无锡,,2026-05-29 21:30:29
84397a9e0474561e03N63N24F1dZ,云平台运维工程师(J10905),麦田能源股份有限公司,1000-9999人,光伏,本科,3-5年,"DBA, 运维开发/DevOps, Ansible/Salt/Puppet, Python/Shell, 运维开发经验, 大数据运维经验, 阿里云, Prometheus, ELK Stack, Grafana, 物联网",11-16K·13薪,无锡,,2026-05-29 21:30:29
33adcb5b248e02350nB73t28EFVQ,采购工程师,维尔特,20-99人,橡胶/塑料制品,大专,1-3年,,6-7K,无锡,,2026-05-29 21:30:29
c0dfcf0f496ebfe71XV43tS6EVRU,售前工程师（系统集成）,蓝深远望,100-499人,计算机服务,本科,1-3年,"售前, 系统集成, 服务器, 云计算, 虚拟化, 存储, 网络",10-15K,无锡,,2026-05-29 21:30:29
46e5e1253830b9df0nZ83Nm9ElNV,管道工程师,诺亚净化,20-99人,工程施工,大专,1-3年,,8-12K,无锡,,2026-05-29 21:30:29
50763ad9b4a0b78e1X1-2dm4GFZT,工艺工程师,三捷,500-999人,医疗器械,本科,3-5年,,10-15K·13薪,无锡,,2026-05-29 21:30:49
1aea33688acda17a0nd8392_EFFZ,研发工程师,无锡市万力粘合材料,100-499人,化工,本科,5-10年,,15-18K·13薪,无锡,,2026-05-29 21:30:49
76385139576b9a5b0nV_3967F1FQ,电气工程师,众格智能,20-99人,自动化设备,大专,3-5年,,7-12K,无锡,,2026-05-29 21:30:49
9ca5b9838362ddb31Hd83t-0GVpQ,FIB工程师,英诺赛思,0-20人,检测/认证,大专,经验不限,带薪年假、五险一金,5-8K,无锡,,2026-05-29 21:30:49
330d25bc0992ba9e03R4292_E1VU,研发工程师,某大型电子公司,100-499人,电子/半导体/集成电路,博士,经验不限,半导体技术,30-35K,无锡,,2026-05-29 21:30:49
e7b7c8fe50a2d4261HJ92NS7GVBZ,化学工程师,江苏祥环科技有限公司,100-499人,光伏,本科,经验不限,生产操作与管理,5-8K·13薪,无锡,,2026-05-29 21:30:49
b2d74f7d4f3455040nB62N66EVRR,质量工程师,中禄,20-99人,铁路/船舶/航空/航天制造,本科,1-3年,"不需要出差, IATF 16949经验, DQE经验（研发）, PQE经验（制程）, QC七大手法, 机械加工制造经验, ISO9001经验, SQE经验（供应商）, CQE经验（客户）, 有质量管理经验, 电子/通信经验, 8D报告经验",7-12K·13薪,无锡,,2026-05-29 21:31:09
36a590ed60db99460nZ639i5E1BW,电气工程师,无锡利鑫浩金属制...,0-20人,通用设备,学历不限,1-3年,PLC工程师,5-8K,无锡,,2026-05-29 21:31:09
1344627dfb7670581HVy2926F1dW,生产工程师,中竞科,100-499人,家用电器,大专,1-3年,"3C, 自动化, 精密仪器, 工业工程相关专业, 熟悉6 Sigma战略, 沟通能力强",5-9K·13薪,无锡,,2026-05-29 21:31:09
6090aaf80751941203V40t26FlFU,射频工程师,华勤技术股份有限公司,10000人以上,智能硬件,本科,3-5年,"通信相关专业, 电子/电磁场/微波相关专业, 手机射频系统开发经验",15-20K·15薪,无锡,,2026-05-29 21:31:09
e54805b3e042bed60nB729--GVZT,质量工程师,皓安安全,100-499人,智能硬件,大专,1-3年,,6-8K,无锡,,2026-05-29 21:31:09
f8bf364d25231c6a0nRz3tW5GFRY,工艺工程师,无锡远纺,500-999人,服装/纺织,本科,1-3年,"IATF16949, 缝制, 汽车行业",6-11K·13薪,无锡,,2026-05-29 21:31:31
420899d603df3f0e0nR43Nq6FlNU,现场工程师,中科智能,20-99人,自动化设备,本科,3-5年,"售前技术支持经验, 销售工程师, 技术, 有驾照, 机械/电子工程相关专业, 现场工程师, 可适应出差",5-9K,无锡,,2026-05-29 21:31:31
04c4c7fab0697a630nZ_3N-7FFRV,电器工程师,龙创汽车设计,1000-9999人,汽车研发/制造,本科,3-5年,"电器, 汽车相关专业, 机械相关专业, 英语好",8-12K·13薪,无锡,,2026-05-29 21:31:31
39239b88d463f6211HV_2d69GFJS,结构工程师,长仪集团,500-999人,仪器仪表/工业自动化,本科,3-5年,,8-13K,无锡,,2026-05-29 21:31:31
755d01fb8b8c09e20nB73ty5ElZX,算法工程师,无锡某中型计算机软件公司,100-499人,计算机软件,本科,1-3年,,20-21K,无锡,,2026-05-29 21:31:31
2640ef5fd086797603x_3N-_GFBZ,电气工程师,江苏虎虎机电科技...,20-99人,半导体/芯片,本科,3-5年,"HMI（ Pro-face ）, 电子自动化相关专业, 电控工程师, 气体成套设备, 晶圆厂, PLC工程师, AB PLC 编程, 触摸屏",13-18K,无锡,,2026-05-29 21:31:31
7e1e943f325145440nB_29W4FFpV,结构工程师,小雅象,100-499人,智能硬件/消费电子,大专,3-5年,"有CAD绘图经验/技能, 五险一金, 车补, 包吃, 大小周, 现场办公, AutoCAD, 3D MAX, 机械制图",8-13K,无锡,,2026-05-29 21:31:52
c8669b4a73c23a790nB-2N60EFRX,模具工程师,华光汽车部件科技公司,100-499人,汽车零部件,大专,5-10年,"有模具工程师经验, 冲压经验, AutoCAD, UG, CATIA, 汽车, 汽车零配件, 主机厂",8-13K,无锡,,2026-05-29 21:31:52
ba27508a90f363d50nR60ti_EFRX,售后工程师,敏行,20-99人,自动化设备,大专,3-5年,"机械/机电设备技术支持经验, 机械/机电设备, 可适应出差",6-8K,无锡,,2026-05-29 21:31:52
34cbf0acbe77d6d90nB40t65F1JX,电气工程师,江苏网达智能装备...,0-20人,机械设备/机电/重工,大专,3-5年,"电控工程师, PLC工程师",10-13K,无锡,,2026-05-29 21:31:52
353738e6f5f174cf1XJ92967FlJU,研发工程师,江苏永康机械有限公司,100-499人,机械设备/机电/重工,本科,经验不限,有机械工程师经验,7-12K,无锡,,2026-05-29 21:31:52
ee7cd7c7317246420nB409m-FlZZ,pe工程师,锐石创芯,100-499人,半导体/芯片,本科,3-5年,"半导体经验, 试产工程师（NPI）经验, 量产工程师（PE）经验, 需要出差, 芯片/半导体经验, NPI, 封装设计, 射频, fab, 晶圆",18-30K,无锡,,2026-05-29 21:31:52
2ef64e26d551b24b1XF829y9EFBY,工艺工程师,无锡锦和科技有限公司,100-499人,通用设备,大专,5-10年,"工艺流程设计, 机械工程专业, 熟悉各类机械工艺, AutoCAD, 重型机械, 工艺文件编制, SolidWorks",9-14K,无锡,,2026-05-29 21:31:52
f44a7720d58c2cec1Xd92Nm5FFVU,夹具工程师,普罗卡,20-99人,电子/半导体/集成电路,本科,1年以内,"熟悉数控机床技术, 不需要出差, UG, 非标经验, 三坐标夹具, AutoCAD, 有夹具工程师经验, 英语可作为工作语言, SolidWorks, 工业机器人夹具, 车床夹具",7-11K,无锡,,2026-05-29 21:31:52
27ae7ef760cdaf110nB43NS5EFVQ,销售工程师,森导智能,0-20人,自动化设备,本科,1-3年,"客户开发与维护, 市场信息搜集与分析, 项目跟踪, 工业设备销售经验, 商务谈判能力, 市场拓展能力, 电子/半导体/集成电路, 非标自动化设备、分选设备",4-9K,无锡,,2026-05-29 21:31:52
3af1df46338989580nR839S5FFNY,MI工程师,统盟,1000-9999人,其他制造业,大专,经验不限,,5-10K,无锡,,2026-05-29 21:32:13
51052954edfe0aaa0nZ-2d61FFpQ,电气工程师,无锡先驱自动化科...,100-499人,自动化设备,本科,1-3年,PLC工程师,10-15K·13薪,无锡,,2026-05-29 21:32:13
ae9036dbf169ca1b1XJ93dq9GFtV,环保工程师,无锡英普特环保科技,20-99人,环保,本科,1-3年,"CAD, 负责、认真、踏实, 不需长期出差, 接受无环保工程师经验, 环保行业得吃苦，慎重, 环境相关专业",6-7K,无锡,,2026-05-29 21:32:13
9549dd7eddc7e3fb0nd-09W6FlNQ,关务工程师,禹龙智装,100-499人,电气机械/器材,本科,10年以上,"现场跟单/查验, 报关员证, 熟悉进出口政策, 单据制作/审核, 报关申报, 海运清关, 报检员证",8-13K,无锡,,2026-05-29 21:32:13
7c408d6f1c3a140003152ti8FVtV,运维工程师,西安鸿洲网络信息科技,20-99人,机电工程,大专,1-3年,安防，弱电技术人员,5-6K,无锡,,2026-05-29 21:32:13
65b754b597d8a4f003Z-29i5EFRV,运维开发工程师,领健Linkedcare  ,1000-9999人,互联网,本科,5-10年,"Golang, CCNA/CCNP, CCIE, 虚拟机技术, 自动化运维, 计算机相关专业, 网络安全相关经验, ITIL, 运维监控, Elasticsearch, Docker, CMDB, 运维开发经验, 容器技术, 运维开发, Kubernetes, 云计算",15-25K,无锡,,2026-05-29 21:32:13
82edfe47ef03e4601HZz0t25E1pU,软件工程师,江苏维亿电驱技术,20-99人,汽车研发/制造,本科,1-3年,"电机, 传感器, 电控, 适应出差, 汽车相关专业, 电子相关专业, CANoe/CANalyser",12-24K·13薪,无锡,,2026-05-29 21:32:13
f38de5b9f7ae018a03By0tm_FlZS,前端工程师,无锡卫敏软件科技,20-99人,计算机软件,本科,3-5年,,12-14K·13薪,无锡,,2026-05-29 21:32:13
5f45988e0717b6c91nZz2ty1FVVR,运维工程师,嘉臣环境,20-99人,环保,大专,1-3年,"安全运维, 机房运维",8-12K,无锡,,2026-05-29 21:32:13
6ae74a29850a5f0b03Fy09W7EVI~,结构工程师,江苏鼎控,20-99人,电子/半导体/集成电路,大专,1-3年,塑料结构,7-9K,无锡,,2026-05-29 21:36:20
e802fb2879ad999c0nB_2di8F1tR,工艺工程师,某半导体公司,0-20人,半导体/芯片,本科,3-5年,"半导体经验, 不需要出差, 芯片/半导体经验, RTP工艺",16-25K,无锡,,2026-05-29 21:36:20
6c1e503c9e4e911e03xy3N27E1RS,质量工程师,台铃,1000-9999人,其他制造业,大专,3-5年,,15-20K,无锡,,2026-05-29 21:36:41
7a83d90a93ae96580nRy29S0FVdX,pvd工程师,无锡艾尔索德科技,0-20人,新材料,本科,1-3年,"不需要出差, 要求有机械设备工程师经验, 仪器仪表经验, 半导体设备经验, 自动化设备经验, 企业（甲方）, 电子/通信设备经验, 设备维修/保养经验, SolidWorks, 机电设备经验",6-7K,无锡,,2026-05-29 21:36:41
af007c2150301caa0nd43ti_FlpQ,工艺工程师,某机械设备公司,0-20人,机械设备/机电/重工,本科,3-5年,"半导体经验, 汽车经验, 能源/化工/环保经验, 铁路/船舶/航空/航天经验, 电子/通信经验, 量产工程师（PE）经验, 试产工程师（NPI）经验, 现场工程师（ME）经验, 不需要出差, 动力系统经验, 汽车车身及配件经验, 新能源汽车经验, 电子系统经验, 底盘系统经验, 芯片/半导体经验, 电路板/集成电路经验",22-28K,无锡,,2026-05-29 21:37:03
f05a01446efe465303x52ty9FlFV,环保工程师,江苏鑫颖丰,20-99人,环保,大专,5-10年,"机械制图, 不接受居家办公, PS, AutoCAD, 有CAD绘图经验/技能, 施工图",10-15K,无锡,,2026-05-29 21:37:03
7d386769f317e45f0nB42N26FlJW,助理工程师,无锡英纳智能科技,20-99人,半导体/芯片,大专,经验不限,,5-7K,无锡,,2026-05-29 21:37:25
1056e722b767b8a00nZ_3tm5FVNQ,品质工程师,某大型智能硬件公司,100-499人,智能硬件,本科,3-5年,,20-30K,无锡,,2026-05-29 21:37:25
f7ce839236cafa570nB-09q-ElBX,精益工程师,升辉新材料,500-999人,印刷/包装/造纸,大专,3-5年,,8-13K·13薪,无锡,,2026-05-29 21:37:25
409ba4210213e3d803F439W0EltQ,质量工程师,某大型电子半导体公司,1000-9999人,电子/半导体/集成电路,本科,5-10年,,20-25K,无锡,,2026-05-29 21:37:25
53d186153f89bea503N939q6GVRU,生产工程师,罗斯,500-999人,通用设备,本科,3-5年,"有生产控制经验（PC）, 有物料控制经验（MC）, 五险一金, 不需要出差, 机械加工制造经验, 半导体经验, 团队管理经验",9-14K·13薪,无锡,,2026-05-29 21:37:45
7840e424d263530a0nB42Nm1EVVR,调试工程师,创恒激光,100-499人,自动化设备,大专,3-5年,,6-10K,无锡,,2026-05-29 21:37:45
318a91d0ad95b95e0nd_0t29FlFW,机械工程师,无锡某大型智能硬件上市公司,10000人以上,智能硬件,本科,1-3年,,20-21K,无锡,,2026-05-29 21:37:45
5579bffa44d27a140nd40tm5EVNW,调试工程师,易鸿智能,500-999人,专用设备,大专,1-3年,,7-12K,无锡,,2026-05-29 21:37:45
270c7e308e512fb10nZ92tq9EVFQ,采购工程师,方舟科技,100-499人,电子/硬件开发,大专,5-10年,,15-30K,无锡,,2026-05-29 21:38:07
6d2ea74835e973a30nB629u8GVRY,运维工程师-【全额社保公积金】,润和软件,10000人以上,互联网,大专,5-10年,,9-11K,无锡,,2026-05-29 21:38:07
33b9ca80376c308f1nV_39W7ElpT,电气工程师,知仁,0-20人,仪器仪表/工业自动化,大专,经验不限,"电气工程师, 电路设计, PLC工程师",6-7K,无锡,,2026-05-29 21:38:07
5a0307d11bf80e670nB729S_ElRX,现场运维工程师（工作地上海）,无锡福佳半导体科技,100-499人,智能硬件,大专,3-5年,,10-15K,无锡,,2026-05-29 21:38:07
a93c517edaee3a170nZ-2dy_FldU,质量工程师,无锡润和叶片制造,100-499人,铁路/船舶/航空/航天制造,大专,1-3年,"有质量管理经验, 机械加工制造经验, 不需要出差",6-10K,无锡,,2026-05-29 21:38:29
b09ec101c25380d80ndz29i7FlNX,电气工程师,杭州奈米科学仪器装备,20-99人,专用设备,本科,3-5年,"多轴运动系统, 半导体, 精密运动控制, PROFINET, 精密激光加工, 高端伺服系统",18-22K,无锡,,2026-05-29 21:38:52
e4af9384547af55a0nV-3929EFtQ,应用工程师,安科瑞微电网,1000-9999人,电力/热力/燃气/水利,本科,经验不限,,8-13K·13薪,无锡,,2026-05-29 21:39:13
81877ee8c4cb25710nd43ty8GFVR,bms工程师,江苏某大型动力电池公司,10000人以上,动力电池,硕士,5-10年,,20-40K·17薪,无锡,,2026-05-29 21:39:13
a830d607198d738c0nB-3tW5FFBR,售后工程师,黄成半导体,20-99人,电子/半导体/集成电路,本科,1-3年,售后工程师,6-8K,无锡,,2026-05-29 21:39:13
2eff1b41a38754580nd53N-5EVdT,Sourcing工程师,祥生,500-999人,医疗器械,本科,经验不限,,15-25K·13薪,无锡,,2026-05-29 21:39:32
07f8cec44b934c060nV93Ny5EVZX,软件工程师,亿腾科技,100-499人,其他制造业,本科,3-5年,"嵌入式/单片机开发经验, STM32开发, ARM开发",15-25K·13薪,无锡,,2026-05-29 21:39:32
151885bc5c679af70nB43N67E1dR,AI服务器运维工程师/运维主管（GPU服务器）,深圳市星瀚智算科技,20-99人,人工智能,大专,1-3年,,7-12K·14薪,无锡,,2026-05-29 21:43:42
fa3c77ac4cd8d9460nR609i5E1VW,高级pcb工程师,感昱,20-99人,人工智能,大专,经验不限,,3-8K,无锡,,2026-05-29 21:43:42
d3c8a9910a304bfd03B_39i0FVNX,开发工程师,时硕五杰,100-499人,汽车零部件,大专,5-10年,,10-15K,无锡,,2026-05-29 21:43:42
0c546a875ca5d9e60nR40tm8GFpX,解决方案工程师,华智AI,20-99人,人工智能,本科,3-5年,招投标,12-15K,无锡,,2026-05-29 21:44:03
c6a85c305f93f0a80nZz3di4EFVW,质量工程师,无锡佳立翔电子科技,20-99人,金属制品,大专,1-3年,"内审员资格证, 不需要出差, PQE经验（制程）, QC七大手法, 机械加工制造经验, ISO9001经验, CQE经验（客户）, 有质量管理经验, 8D报告经验",8-12K,无锡,,2026-05-29 21:44:24
d6df553f4afe34740nB40tu_FFBZ,采购工程师,无锡某大型机械设备/机电/重工公司,1000-9999人,机械设备/机电/重工,本科,5-10年,,15-25K,无锡,,2026-05-29 21:44:24
27d91907a5bfdfc10nR82t65EFNR,cameratuning工程师,西安安亿信息技术服务,20-99人,计算机软件,大专,3-5年,"影像效果调试, camera效果调试, cameratuning, 图形开发/渲染",15-30K,无锡,,2026-05-29 21:44:45
7bf81827b2a06f120nZ93tW0F1pU,销售工程师,科睿检测,100-499人,检测/认证,大专,1-3年,"市场信息搜集与分析, 市场拓展能力, 检测认证, 能源, 商务谈判能力, 客户开发与维护, 双休, 五险一金, 电子/半导体/集成电路, 市场营销相关学历, 阶梯式提成, 电力/燃气/水利, 业务创新能力, 电气相关学历, 建材, 机械相关学历, 项目跟踪",6-11K,无锡,,2026-05-29 21:44:45
a311b5f7eccb53c80nd42t-5GFBV,电气工程师,无锡某大型智能硬件上市公司,10000人以上,智能硬件,本科,3-5年,"PLC工程师, CAD",20-30K,无锡,,2026-05-29 21:45:07
4bfc93bd2b0246150nVy0t6-FFtR,研发工程师,江苏远善新材料实业,100-499人,新材料,硕士,3-5年,"无机非金属材料经验, 陶瓷材料经验, 新能源经验, 半导体经验, 仪器仪表经验, 材料改性经验, 材料选型经验, 材料检测经验, 材料/产品量产经验, 无机非金属材料相关专业, 化学相关专业, 高分子材料相关专业, 复合材料相关专业",12-24K·14薪,无锡,,2026-05-29 21:45:26
1f9a31ef4f2d03da03F53Nu5EVNQ,FA工程师,无锡莱顿电子,100-499人,电子/半导体/集成电路,本科,1-3年,"SPC, MSA, FMEA, APQP, PPAP, 8D报告, 汽车质量管理体系标准, QC七大手法",9-14K·14薪,无锡,,2026-05-29 21:45:47
192344f2ab2f3d0603J90969FVBS,产品工程师,无锡某中型自动化设备公司,500-999人,自动化设备,本科,3-5年,B端产品,20-30K·15薪,无锡,,2026-05-29 21:46:09
0623984838c8549b1X173ti6EVNT,维飞科技招聘普工/操作工,维飞科技,0-20人,智能硬件,大专,,午餐免费,150-200元/天,无锡,,2026-05-29 21:46:31
54bdca5baa80be880nR_2tm-E1ZX,前端工程师,零禅智能,20-99人,企业服务,本科,,前端开发,150-260元/天,无锡,,2026-05-29 21:46:31
ad408b6ca87b1f630nR509q1GFJS,机械工程师,无锡中鼎智能科技,500-999人,自动化设备,大专,3-5年,"自动化机械经验, AutoCAD, 非标设计经验, 整机设计经验, SolidWorks, 有机械工程师经验",7-10K,无锡,,2026-05-29 21:46:31
ec5529f31ef713211n173Ni_E1BZ,实习工程师,制简科技,0-20人,计算机软件,学历不限,经验不限,"C#, ASP.NET, Winform, .NET Core, .NET MVC, SQL Server, Windows, MVC开发",4-5K,无锡,,2026-05-29 21:46:51
dbd0fc3dc7c5dfd90nd53N-_EVdY,市场产品负责人IDC / 数据中心 / 云计算,某中型电子商务公司,100-499人,电子商务,本科,3-5年,"市场营销管理, 市场营销, 市场推广, 商务渠道, 华北区, 华东区",20-30K,无锡,,2026-05-29 21:51:02
d1dda2fe0951db8f03F83d-4GFVQ,硬件工程师,某大型智能硬件上市公司,1000-9999人,智能硬件,本科,5-10年,,20-40K,无锡,,2026-05-29 21:51:02
de3b6e826e8d681e0nB73Nq6FldT,cameratuning工程师,有点牛企业管理咨询,20-99人,咨询,学历不限,经验不限,"C++, C, 调试, 影像, 高通8系, 效果, camera tunning, 图形开发/渲染, 图形开发经验",14-20K,无锡,,2026-05-29 21:51:02
4241b5b3a3c527570nd93ty5ElZS,品质工程师,江苏实益达,20-99人,智能硬件,大专,3-5年,"有质量管理经验, 需要出差, 半导体经验, 电子/通信经验, DQE经验（研发）, SQE经验（供应商）, CQE经验（客户）, PQE经验（制程）, 8D报告经验, 项目管理经验, QC七大手法, ISO9001经验, ISO9000经验, 内审员资格证",8-12K,无锡,,2026-05-29 21:51:24
89523f9ef53ff6a50nB62t-0FFBY,测量工程师,高拓,100-499人,通用设备,大专,5-10年,"有质量管理经验, 机械加工制造经验, IATF 16949经验, DQE经验（研发）, 团队管理经验, 需要出差",10-14K,无锡,,2026-05-29 21:51:24
a90cd19f69addadc1XB939S7F1FX,项目工程师,某大型知名智能硬件上市公司,10000人以上,智能硬件,本科,经验不限,售前支持经验,20-30K·15薪,无锡,,2026-05-29 21:51:24
f8d91bb9ed70cf0d0nB42Ny7FVFZ,CCD工程师,纳力新材料,20-99人,动力电池,大专,1-3年,,8-12K,无锡,,2026-05-29 21:51:24
0fb950de561847480nB-3tm6EVNV,工程师,无锡市鑫裕泰科技,0-20人,新零售,高中,1-3年,,7-8K,无锡,,2026-05-29 21:51:44
282279f6e0c0381f0nZ93t-4EVtU,SMT工程师,八英里,20-99人,电子/硬件开发,高中,5-10年,,7-8K,无锡,,2026-05-29 21:51:44
2bc19ea9617136ab0nd70ti0ElpZ,sqe工程师,尚积半导体,100-499人,半导体/芯片,本科,3-5年,,8-13K·14薪,无锡,,2026-05-29 21:51:44
f939e0ca1b99ff3a0nd729u-EFRQ,视觉工程师,无锡某大型自动化设备上市公司,1000-9999人,自动化设备,本科,5-10年,,30-40K·14薪,无锡,,2026-05-29 21:51:44
e3538404f43fc3200nV62ti-GFFW,算法工程师,富仁高科,100-499人,智能硬件,学历不限,经验不限,,12-18K·13薪,无锡,,2026-05-29 21:51:44
28faba26ca2d87831XR73ti8FFNX,电气工程师,无锡旭恩智能,0-20人,仪器仪表/工业自动化,大专,1-3年,"PLC工程师, 电控工程师",9-14K·16薪,无锡,,2026-05-29 21:52:04
7aecb76e257404120nd43tW-F1tS,销售工程师,战将集团有限公司,100-499人,智能硬件/消费电子,学历不限,1-3年,"市场营销相关学历, 工业设备销售经验, 制定产品/服务方案, 商务谈判能力, 客户开发与维护, 机械设备/机电/重工",8-13K,无锡,,2026-05-29 21:52:04
620ce0e4866f99180nB60t69GFJR,研发工程师,确成股份,100-499人,化工,硕士,经验不限,,11-22K·13薪,无锡,,2026-05-29 21:52:04
1aee594fa199896d0ndy3tW8GVJU,报价工程师,正隆祥,100-499人,金属制品,中专/中技,1-3年,,8-12K,无锡,,2026-05-29 21:52:04
1bd73410255cfd381HZ73d-6FVJX,项目工程师,无锡微慢哪,0-20人,电子/半导体/集成电路,本科,1年以内,"设备翻新调试, 项目管理, 英语, 项目奖金",5-6K,无锡,,2026-05-29 21:52:04
2c7ea6c552e0fd6d0nB_2tW-E1VQ,机械工程师,无锡某中型光伏组件自动化设备公司,100-499人,自动化设备,本科,3-5年,,20-21K,无锡,,2026-05-29 21:52:26
87f7d01a6fc8a67d0nB-3Nq6FVBU,车架工程师,雅迪集团,1000-9999人,汽车研发/制造,大专,3-5年,"有机械结构工程师经验, UG",15-20K,无锡,,2026-05-29 21:52:26
74c2dcf3310b05e30nB60tS7FVpQ,硬件工程师,南京某中型知名仪器仪表公司,100-499人,仪器仪表,本科,3-5年,,20-21K,无锡,,2026-05-29 21:52:26
73f3ea3f634d7d7c0nV52tq0EFdW,电机工程师,硅动力,100-499人,半导体/芯片,本科,3-5年,,20-35K·13薪,无锡,,2026-05-29 21:52:26
1e2045d322eb80961HZ53tu5E1BY,电气工程师,某大型知名智能硬件上市公司,10000人以上,智能硬件,本科,5-10年,PLC工程师,20-30K·15薪,无锡,,2026-05-29 21:52:26
5f041c1f3c4303960nZ62tq6FVJV,采购工程师,无锡先驱自动化科...,100-499人,自动化设备,本科,3-5年,"国内采购, 国外采购, 机械制造品, 原材料, 零配件",7-10K·13薪,无锡,,2026-05-29 21:52:47
eb4150964a5284f81XV53t24GVZX,质量工程师,麦坤智能科技,100-499人,原材料及加工/模具,大专,1-3年,"汽车质量管理体系标准, 质量管理体系标准",8-10K,无锡,,2026-05-29 21:52:47
2f34188713b0de400nd809-7EltS,项目工程师,江苏意优,100-499人,智能硬件/消费电子,本科,5-10年,,12-22K·13薪,无锡,,2026-05-29 21:52:47
ebcf21a9d391281103153d27EVRW,计划工程师,盛合晶微,1000-9999人,半导体/芯片,硕士,经验不限,"有生产控制经验（PC）, 半导体经验, 双休, 五险一金, 包吃住, 包吃, 不需要出差",8-13K·14薪,无锡,,2026-05-29 21:52:47
00d469d153126b8103J609-8FlpW,AI工程师,智简,100-499人,互联网,本科,在校/应届,"Java, 深度学习, 算法工程化经验, 大模型算法, 数据挖掘, 大数据处理工具(Spark/Hadoop/Hive), 推荐算法, Python",10-15K,无锡,,2026-05-29 21:52:47
e0f23fba600518820ndy29W5FFpW,质量工程师,帕瓦德,20-99人,智能硬件/消费电子,大专,3-5年,"有质量管理经验, 不需要出差, 电子/通信经验, 家电经验, ISO9001经验, PQE经验（制程）, CQE经验（客户）, 8D报告经验, QC七大手法, PCBA",7-9K,无锡,,2026-05-29 21:53:09
259743257b1b1e0b0nB509i7GFdR,电气工程师,无锡艾迅自动化科...,20-99人,仪器仪表,本科,3-5年,CAD,8-10K,无锡,,2026-05-29 21:53:09
d36d88afb68131be1HZ62dq-GFFS,运维工程师,戌久流体,20-99人,智能硬件,本科,经验不限,计算机相关专业,5-6K,无锡,,2026-05-29 21:53:30
2700f49daa5abd200nB43ti4GVtZ,ug工程师,无锡宇立诚模具,0-20人,其他制造业,学历不限,3-5年,"有模具工程师经验, 铸造经验, UG",8-10K,无锡,,2026-05-29 21:53:30
0ff00d2236f4894d0nB-2ti6F1BZ,产品工程师,无锡亿艾斯,100-499人,其他新能源,大专,3-5年,,7-8K,无锡,,2026-05-29 21:53:30
b356784640c2a1d80nVz2dq1F1RS,机电工程师,无锡通力纺机科技,20-99人,仪器仪表/工业自动化,本科,1-3年,,6-7K,无锡,,2026-05-29 21:53:30
e3bd1aba80b60fde1Hx42dm7FlJU,项目工程师,华光汽车部件科技公司,100-499人,汽车零部件,大专,3-5年,"Catia, 汽车项目管理经验, 汽车相关专业, AutoCAD, 机械相关专业, 汽车零配件, 主机厂工作经验, 冲压经验",8-13K,无锡,,2026-05-29 21:53:30
67e2698af48ef76a03F7292_FFBS,产品工程师,无锡贝恩,100-499人,医疗器械,本科,1-3年,,5-7K,无锡,,2026-05-29 21:53:51
7124f9dbb16c5e7f1HR609y9GVNV,售后工程师,VTG GAGE,20-99人,自动化设备,本科,3-5年,"PLC调试, 非标设备调试, 储能/新能源, 机械/电子工程相关专业, 机械/机电设备技术支持经验",6-8K,无锡,,2026-05-29 21:53:51
f0e61b9e86d729791Xx409W9FFtW,网络工程师,柚悠信息科技,20-99人,通信/网络设备,大专,1-3年,"有网络工程师经验, 1到3年网络工程师经验, 网络工程师",4-7K,无锡,,2026-05-29 21:53:51
be4396f66a9c0ff603F-2dy9FlRQ,工艺工程师,长仪集团,500-999人,仪器仪表/工业自动化,本科,经验不限,"机械加工制造经验, 塑料经验, 五金经验, 连接/切割工艺经验, 装配/总装经验, AutoCAD, UG, SolidWorks, 现场工程师（ME）经验, 不需要出差",6-8K,无锡,,2026-05-29 21:53:51
e1110179c33573dd1Xxy3tq4E1ZZ,调试工程师,上海百若,20-99人,仪器仪表,大专,1-3年,"机械/机电设备技术支持经验, 机械/机电设备",6-8K,无锡,,2026-05-29 21:53:51
1c5f19c667168b290nRy29y8EVJX,实施工程师,无锡宝通科技,1000-9999人,化工,大专,3-5年,,9-14K·13薪,无锡,,2026-05-29 21:54:12
4b4a1dc2c1e259041n1-2ty8FFFS,电气工程师,微准科技,20-99人,自动化设备,大专,1-3年,PLC工程师,10-13K,无锡,,2026-05-29 21:54:12
ed94e3c3f7bd54690nZ83ty5FFpX,电气工程师,寒驰科技,20-99人,半导体/芯片,大专,5-10年,"st语言, PLC工程师",18-25K,无锡,,2026-05-29 21:54:12
bc0af019124654fb0nV929i1FFZY,专利工程师,智麦,20-99人,检测/认证/知识产权,硕士,1-3年,"知识产权工程师, 专利代理人, 知识产权代理人, 版权代理人",6-11K,无锡,,2026-05-29 21:54:12
2da07dd8b9545fa803N929-8EFtT,机械工程师,创驰,20-99人,自动化设备,大专,3-5年,"自动化机械经验, AutoCAD, SolidWorks, 机器人经验, 有机械工程师经验",12-20K·13薪,无锡,,2026-05-29 21:54:12
6287a97a06c3f9351XZ409-_FltW,设备工程师,无锡莱顿电子,100-499人,电子/半导体/集成电路,本科,1-3年,"SolidWorks, CAD",9-14K·15薪,无锡,,2026-05-29 21:54:12
fe479b19d163caf80nZ63d-5ElRV,品质工程师,巢湖竹田汽配制造,500-999人,汽车零部件,大专,1-3年,"客户质量工程师, 机械图纸精通, 16949体系, 制程质量工程师",9-11K,无锡,,2026-05-29 21:58:22
b6a2c8b69880de200nB-3Ny0E1NQ,销售工程师,锐视RSEE,100-499人,仪器仪表,大专,1-3年,"客户开发与维护, 技术配合与沟通, 对机构 (To B) 销售经验, 工业设备销售经验, 市场拓展能力, 技术转销售, 商务谈判能力, 机械相关学历, 仪器仪表/工业自动化, 机械设备/机电/重工, 电子/半导体/集成电路, 视觉销售, 方案销售, 铀电光储, 视觉光源销售, 控制器销售",5-10K,无锡,,2026-05-29 21:58:43
3af78481630d68170nZ629W8GFZX,视觉工程师,无锡某大型智能硬件上市公司,10000人以上,智能硬件,本科,5-10年,,20-26K·14薪,无锡,,2026-05-29 21:58:43
67b4f345795be11a0nV_3t25GVtS,销售工程师,武汉泽林,0-20人,自动化设备,大专,3-5年,"市场信息搜集与分析, 市场拓展能力, 工业设备销售经验, 商务谈判能力, 客户开发与维护, 对机构 (To B) 销售经验, 仪器仪表/工业自动化, 项目跟踪",8-13K·14薪,无锡,,2026-05-29 21:59:03
a1243d6d9a896ff90nd_0t25GFtX,电气工程师,某大型通用设备公司,100-499人,通用设备,本科,经验不限,,15-30K,无锡,,2026-05-29 21:59:03
9274cc948e45a0e91XFy3tu6E1BW,销售工程师,无锡博宇塑机有限公司,100-499人,专用设备,大专,1-3年,客户开发与维护,6-8K,无锡,,2026-05-29 21:59:24
c0ca2c186b7fa7ef0nB-3NW4E1dT,质量工程师,忻润科技,100-499人,汽车零部件,本科,3-5年,"IATF 16949经验, 需要出差, PQE经验（制程）, 英语可作为工作语言, SQE经验（供应商）, 机械加工制造经验, CQE经验（客户）, 有质量管理经验, 8D报告经验",9-14K,无锡,,2026-05-29 21:59:24
14368c8e1c7ea90e1HFz2N25EVtZ,结构工程师,中诚华隆,100-499人,半导体/芯片,本科,3-5年,"热动力, 散热设计, 热能与动力工程专业, 机械工程专业, 热分析, 服务器, 自动化",13-22K,无锡,,2026-05-29 21:59:24
fea362c80c79cde10nB42tm1FldV,电气工程师,某知名光伏上市公司,1000-9999人,光伏,本科,3-5年,"PLC工程师, 汇川AC800、EVO800, 光伏设备、半导体设备, 涂布机、注液机、键合, 卷绕、叠片、清洗机, 串焊、光伏玻璃、电池, 晶圆、刻蚀、固晶, 锂电、3C、新能源",20-25K·14薪,无锡,,2026-05-29 22:00:27
f2572e9c044ac9c51Hd82tS7GFpV,测试工程师,源工三仟,100-499人,自动化设备,本科,1-3年,"探测器成像软件, X-RAY成像, 放射源控制软件",6-8K·13薪,无锡,,2026-05-29 22:01:32
352a9790f293f90b1XZz09S6FlRV,电气工程师,无锡恩捷,1000-9999人,动力电池,大专,1-3年,"电气, PLC",8-12K·15薪,无锡,,2026-05-29 22:01:32
809160ce258f13891Hdz39y-EltS,设计工程师,江苏鼎控,20-99人,电子/半导体/集成电路,大专,1-3年,"电子产品类, 家电设计类",5-9K,无锡,,2026-05-29 22:06:22
695371e68bc38f2e03V_3du6FFpV,网络工程师,无锡宥金建筑劳务,0-20人,通信/网络设备,学历不限,1-3年,"接受无网络工程师经验, 运营商, 不需要出差, 通信, 包住, 加薪, 晋升",5-6K,无锡,,2026-05-29 22:06:43
5c4fb30674ff58ed0nB53dW8FFJX,fae工程师,博来物联,100-499人,移动互联网,大专,1-3年,"两轮车, 仪表, 技术支持, 整车厂",6-10K,无锡,,2026-05-29 22:06:43
9b4b00d6691036300nd73dS0EltZ,销售工程师,中国范德威尔纺织机械,1000-9999人,机械设备/机电/重工,本科,3-5年,"对机构 (To B) 销售经验, 机械设备/机电/重工, 仪器仪表/工业自动化",10-15K·13薪,无锡,,2026-05-29 22:07:03
5b6bd656103ccfb10nB709y9GFNX,关务工程师,无锡某中型新能源公司,100-499人,新能源,本科,5-10年,"接受无海外销售经验, 不需长期驻外",15-25K,无锡,,2026-05-29 22:07:24
85c333cb1a6f57c40nd42t67FlVW,电气工程师,优耐特能源,100-499人,风电,大专,1-3年,,8-10K,无锡,,2026-05-29 22:08:07
3738d3e2e4a9b00d03d709u8E1ZT,售后工程师,精恩风机,20-99人,机械设备/机电/重工,中专/中技,1-3年,机械/机电设备,6-8K,无锡,,2026-05-29 22:08:07
4096da52becca1091XJ83d20GVJR,体系工程师,远卓,100-499人,通用设备,本科,1-3年,"ISO9001, 内审员资格证, ISO45001, ISO14001",7-9K·13薪,无锡,,2026-05-29 22:08:49
c74a1cf631f4f2d403B90tW6F1tW,专利工程师,企知道集团,1000-9999人,企业服务,本科,1-3年,"知识产权工程师, 专利代理人, 知识产权代理人, 国内事务, 无销售性质, 电学",10-15K,无锡,,2026-05-29 22:14:00
fc29eb9cb82c4a8a0nVz2Nq8ElNU,销售工程师,易买工品,100-499人,电子商务,大专,1-3年,,8-13K,无锡,,2026-05-29 22:14:00
c2b4bfe845e1eff50nB63ty9ElFT,质量工程师,杭州盾源聚芯,100-499人,原材料及加工/模具,本科,1-3年,"内审员资格证, 半导体经验, 需要出差, ISO9001经验, CQE经验（客户）, 有质量管理经验, 8D报告经验",8-12K,无锡,,2026-05-29 22:14:42
1cc8c58fb5d265d40ndz2dm4FFZX,工艺工程师,锋途无锡精密工具制造,0-20人,机械设备/机电/重工,学历不限,经验不限,"机械加工制造经验, 半导体经验, 汽车经验, 电子/通信经验, 仪器仪表经验, 专用机械经验, CNC数控设备经验, 自动化设备经验, 模具经验, 刀具/磨具经验, 不需要出差",5-8K,无锡,,2026-05-29 22:15:04
81da6ed480165f6903B52dS0E1ZT,软件工程师,武汉精测电子,100-499人,计算机服务,本科,10年以上,,20-30K·14薪,无锡,,2026-05-29 22:16:05
4409dce785d7c9c70ndy2tW4F1BT,运维工程师,人瑞网络科技,10000人以上,计算机硬件,本科,5-10年,,10-11K,无锡,,2026-05-29 22:16:05
37703d2dce87582d1nZz3tq8FlRY,研发工程师,江阴广庆,20-99人,化工,本科,3-5年,"化工工程师, 化工, 油性涂料, 包装, 配方开发, 化学相关专业, 原材料评估采购, 水性涂料, 高分子相关专业, 印刷, 实验室技术员",10-15K,无锡,,2026-05-29 22:16:05
cc4e7774b57fa30403B_3N69GVJQ,PCB工程师,华峰测控,500-999人,电子/硬件开发,大专,3-5年,"通信相关专业, PCB设计经验, 电子/自动化相关专业",10-14K·14薪,无锡,,2026-05-29 22:16:26
af3f0cf0766d3e3e03V43d-9ElBW,全栈工程师,玖帆数字,20-99人,社交网络与媒体,本科,1-3年,"PHP, MySQL/Redis/MongoDB, 计算机相关专业, Python",9-14K,无锡,,2026-05-29 22:16:46
1c28d331c88e72e50nd93NW0E1dR,质量工程师,易来斯特,0-20人,电力/热力/燃气/水利,本科,1-3年,"FQC, IQC",5-6K,无锡,,2026-05-29 22:17:07
d8ca43b191d495cb1XN82du8E1dT,材料工程师,钰邦电子,1000-9999人,半导体/芯片,大专,1-3年,"材料检测经验, 高分子材料经验, 半导体经验, 高分子材料相关专业, 材料选型经验, 化学相关专业, 材料改性经验, 电子/通信经验, 材料合成经验, 复合材料相关专业",5-6K·13薪,无锡,,2026-05-29 22:22:16
4c251593f2b6008403d92N60GFNW,项目工程师,无锡烁然机械科技,20-99人,专用设备,大专,5-10年,"冲压件, 五金冲压模具, 冲压工艺, 项目管理",8-13K·13薪,无锡,,2026-05-29 22:22:16
5d886ac8a4c6089303V_3Ny-FVNR,售后工程师,先导智能,10000人以上,智能硬件,大专,经验不限,"售后支持, 硬件集成调试, 储能/新能源, 机械/电子工程相关专业, 机械/机电设备技术支持经验, 系统调试, 技术沟通, 可适应出差, 机械/机电设备",5-8K·13薪,无锡,,2026-05-29 22:22:39
4f8bd50e1c7fc29c0nR609--F1pT,销售工程师,无锡威汇科技有限公司,20-99人,通用设备,高中,3-5年,"市场拓展能力, 市场信息搜集与分析, 智能硬件, 商务谈判能力, 客户开发与维护, 仪器仪表/工业自动化, 计算机相关学历, 市场营销相关学历, 大中型企业销售经验, 技术转销售, 对机构 (To B) 销售经验, 电气相关学历, 机械相关学历",5-10K·13薪,无锡,,2026-05-29 22:22:39
8058476dafca1ae60nV609-0ElFX,整车工程师,台铃科技,1000-9999人,摩托车/自行车制造,大专,1-3年,"接受无机械工程师经验, 整车开发",10-15K,无锡,,2026-05-29 22:22:39
6a127abcb36992610nd-3ti5EVZQ,SQE工程师,辉龙,1000-9999人,半导体/芯片,本科,3-5年,,8-10K·13薪,无锡,,2026-05-29 22:23:00
0d80a26343b9ca870nd-3t2-F1tZ,质量工程师,航天云机,20-99人,铁路/船舶/航空/航天制造,大专,3-5年,,10-15K,无锡,,2026-05-29 22:23:21
284c9d1ed7c85ba80nV829q_EFJS,材料工程师,知原药业,500-999人,生物/制药,博士,经验不限,"高分子材料相关专业, 材料选型经验, 复合材料经验, 制药/医疗经验, 化学相关专业, 材料改性经验, 材料合成经验, 复合材料相关专业",20-40K,无锡,,2026-05-29 22:23:42
709270636528d5b21HB62Ni0GFFS,研发工程师,通利集团,1000-9999人,新材料,本科,经验不限,"化学相关专业, 高分子相关专业",6-10K,无锡,,2026-05-29 22:23:42
2b939d4be199f6290nV93t-_EFNT,质量工程师,施耐德电气,10000人以上,其他行业,硕士,在校/应届,校招,面议,无锡,,2026-05-29 22:24:02
d21914abf9e008820nB52t67EltX,机械工程师,某大型机械设备公司,100-499人,机械设备/机电/重工,大专,1-3年,,15-25K,无锡,,2026-05-29 22:24:02
db5873363198433503F_2t6-GVRZ,工艺工程师,祥健四氟,100-499人,其他行业,本科,3-5年,"不需要出差, UG, 高分子材料经验, AutoCAD, 机械加工制造经验, SolidWorks",9-12K,无锡,,2026-05-29 22:24:02
bc1de7e14a71e02d0nV92du5ElBY,电池工程师,无锡领声科技有限公司,20-99人,其他新能源,硕士,1-3年,,10-15K·14薪,无锡,,2026-05-29 22:24:02
fb29f9fdac50e07a0nd829W8FFdQ,机械工程师,无锡某大型智能硬件上市公司,10000人以上,智能硬件,本科,3-5年,"有机械工程师经验, 自动化机械经验, 非标设计经验",15-30K·14薪,无锡,,2026-05-29 22:24:23
b1e4a34f60fd0a1e0ndy09W7FlRX,PE 工程师,求之科技,100-499人,智能硬件,大专,1-3年,"不需要出差, 机械加工制造经验, 机电设备经验",8-13K,无锡,,2026-05-29 22:24:23
bed9e57a8c08d28d0nd429-4GFtV,气动工程师,海翼动力,20-99人,专用设备,本科,3-5年,"有机械工程师经验, 机电设备经验, 化工经验, 铁路/船舶/航空/航天经验, 非标设计经验, 整机设计经验, 仿真设计经验, SolidWorks, AutoCAD, UG, ANSYS",12-20K,无锡,,2026-05-29 22:24:44
a3ad36eba5e824db1HB82d20EFBY,研发工程师,商甲半导体,20-99人,消费电子,本科,1-3年,半导体技术,10-15K·13薪,无锡,,2026-05-29 22:24:44
67d85868bbe51d070nZ52N27FVJR,智慧家庭工程师,中国电信,0-20人,其他生活服务,大专,经验不限,实施交付运维,6-9K,无锡,,2026-05-29 22:24:44
99d0ad6e21cd943703dz2du_EVFV,采购工程师,新大洋电子,500-999人,原材料及加工/模具,大专,3-5年,"国内采购, 机械制造品, 零配件, 汽车用品, 原材料",8-12K,无锡,,2026-05-29 22:25:05
3dff58668897cc150nB52925GVFW,传热工程师,无锡赛棱科技有限公司,0-20人,其他制造业,硕士,3-5年,"热动力, 热能与动力工程专业, 机械工程专业, AutoCAD, 热分析, 工程热物理专业, ANSYS, Creo, SolidWorks",9-13K,无锡,,2026-05-29 22:25:25
6630b0f7738982090nR93t25EVtQ,工程师,理昌科技,1000-9999人,汽车零部件,大专,1-3年,"CATIA, UG, 自动化机械经验, AutoCAD, SolidWorks, 机电设备经验, 有机械工程师经验",5-10K,无锡,,2026-05-29 22:25:25
57d05b947b816b7f1Hd50t28GFRY,pcblayout工程师,华勤技术股份有限公司,10000人以上,智能硬件,本科,1年以内,"FPC设计经验, PCB设计经验, Candence/Allegro, OrCAD",10-11K·15薪,无锡,,2026-05-29 22:25:25
f2284ebf44079f4f1XV43d66EFFW,质量工程师,全盛集团,1000-9999人,汽车零部件,大专,3-5年,供应商开发经验,8-12K,无锡,,2026-05-29 22:29:34
54334815dc3ba905031y2N29F1FW,上位机工程师,深纳普思集团,500-999人,医疗健康,本科,3-5年,"C#, C#开发经验, 运动控制, 流程控制, 工控经验",14-25K·13薪,无锡,,2026-05-29 22:30:36
e9cdebddf7dfd60003N409m7GVVT,HUD工程师,雅迪集团,1000-9999人,汽车研发/制造,本科,3-5年,,18-28K,无锡,,2026-05-29 22:30:36
41edbdde98dcc9bd0nB-3t28FFVX,应用工程师,艾为电子,500-999人,半导体/芯片,本科,3-5年,,20-30K,无锡,,2026-05-29 22:30:57
4600c36ceed9dd57031929S1FlpZ,全栈工程师,江阴星蚁动力软件,0-20人,计算机软件,本科,1年以内,"JavaScript, TypeScript, Vue, React, PHP, Python, Golang, Node.js, MySQL/Redis/MongoDB, 计算机相关专业, 全栈项目经验, 前端开发经验, 后端开发经验",7-10K·13薪,无锡,,2026-05-29 22:31:39
6a3202bb011402f00nd809m0FFJR,测试工程师,无锡胜光科技有限公司,20-99人,半导体/芯片,本科,3-5年,"功能测试, 性能测试, 测试工作经验, 通信相关专业",10-15K,无锡,,2026-05-29 22:32:01
7b441b620e6ad4af0nZ52di-F1JR,汽车 CMF 工程师,无锡龙创汽车技术公司,100-499人,汽车研发/制造,本科,1-3年,"造型设计, 设计相关专业, 三维设计, 英语良好, CMF设计, 平面设计",7-12K·13薪,无锡,,2026-05-29 22:37:54
3041c2799e9fc7480nB509S0ElNW,厂务工程师,株洲某大型机械设备/机电/重工公司,10000人以上,机械设备/机电/重工,本科,5-10年,,18-30K,无锡,,2026-05-29 22:38:15
13c6da7f0452e48a0nV52tS6EVpZ,质量工程师,法沃,0-20人,金属制品,大专,经验不限,"IATF 16949经验, 不需要出差, PQE经验（制程）, 项目管理经验, 机械加工制造经验, 其他, ISO9001经验, CQE经验（客户）, 汽车经验, 有质量管理经验, 8D报告经验",7-10K,无锡,,2026-05-29 22:38:58
8fc67a3b6e1f7d1e1HN62dy5GVtX,测试运维工程师,江苏森基,100-499人,金属制品,大专,1-3年,实施交付运维,8-12K,无锡,,2026-05-29 22:38:58
0ea4fe60320dad7b0nV92du6GVRZ,硬件工程师,卓海科技,100-499人,电子/半导体/集成电路,本科,经验不限,,10-15K·15薪,无锡,,2026-05-29 22:40:01
1af6572b39207e1d03N_3ty6EFFT,暖通工程师,尚航科技,100-499人,大数据,本科,3-5年,"了解常用空调系统, 日常运维",15-25K,无锡,,2026-05-29 22:40:01
02718f5f522aca5d0nR839W7E1pW,网络工程师,无锡协成,0-20人,电子商务,大专,经验不限,"有网络工程师经验, 1到3年网络工程师经验, 计算机相关专业, SQL, 系统集成商, 做过弱电智能化工程，会CAD图纸编辑",3-6K,无锡,,2026-05-29 22:40:22
717d09b19b66e20b0nB_2ti-ElBU,总工程师,江苏太湖能源装备,100-499人,专用设备,本科,10年以上,"检验, 能源/化工/环保, ASME标准, 焊接, 锅炉",15-25K,无锡,,2026-05-29 22:41:06
2a524f250bb6d5c30nd83Ni6E1tU,光学工程师,上海某大型电子/半导体/集成电路公司,1000-9999人,电子/半导体/集成电路,本科,3-5年,,25-29K,无锡,,2026-05-29 22:46:13
45629afe025d99af0nd_0tu1F1VQ,销售工程师,尚航科技,100-499人,大数据,大专,1-3年,,8-13K,无锡,,2026-05-29 22:46:13
4464795d1b6881250nB73d67GVNY,材料工程师,无锡超捷,100-499人,汽车零部件,本科,5-10年,,9-14K·13薪,无锡,,2026-05-29 22:46:34
7da94e938565b09d0nV62N61E1ZR,SQE工程师,无锡某中型自动化设备公司,500-999人,自动化设备,本科,5-10年,,15-25K,无锡,,2026-05-29 22:46:54
6e1ef7ed49f3785503193Nm7EVNU,电机工程师,长广溪智造,100-499人,自动化设备,本科,1-3年,熟悉永磁同步电机,15-20K·14薪,无锡,,2026-05-29 22:47:36
18b1934005c735c303Z83dS1GVFX,售前工程师,华立聚能,500-999人,通用设备,大专,3-5年,,8-10K,无锡,,2026-05-29 22:48:18
df6e96f82e2a656d0nB529m_GFZR,it工程师,联元达,100-499人,原材料及加工/模具,本科,3-5年,,10-12K·13薪,无锡,,2026-05-29 22:48:39
983febba19306f800nR92d-9F1NX,PQC工程师,某大型新能源公司,1000-9999人,新能源,本科,5-10年,"制程质量工程师, IPD",25-30K,无锡,,2026-05-29 22:54:31
6a7804307b2f26c40nB53NS4EVtW,通讯工程师,河南省泰齐笙阳信...,20-99人,计算机服务,大专,1-3年,"网络维护, C语言, 软件应用",8-13K,无锡,,2026-05-29 22:54:31
0087b70b9bb8e39c03163N60FlVZ,销售工程师,无锡东晟达智能科技,20-99人,半导体/芯片,大专,3-5年,,8-12K,无锡,,2026-05-29 22:54:31
4a72e9aefe7462f30nB53d28FlFY,质量工程师,无锡谱隆,20-99人,通用设备,大专,1-3年,,10-15K,无锡,,2026-05-29 22:54:52
813346f734e637a80nd609m5FVFQ,调试工程师,ATW,1000-9999人,自动化设备,大专,1-3年,,8-9K·14薪,无锡,,2026-05-29 22:54:52
c6944eb728dc60be0nV-2Ni9FlRS,cameratuning工程师,西安安亿信息技术服务,20-99人,计算机软件,本科,3-5年,"影像效果调试, cameratuning, AWB/AE/AF/ISP, Camera模组, 高通，mtk",12-24K,无锡,,2026-05-29 22:54:52
7bc98cc5c419a1ff0nV-3Nm6EFNR,材料工程师,钰邦电子,1000-9999人,半导体/芯片,大专,1-3年,"材料检测经验, 高分子材料经验, 半导体经验, 高分子材料相关专业, 材料选型经验, 化学相关专业, 材料改性经验, 电子/通信经验, 材料合成经验, 复合材料相关专业",5-6K·13薪,无锡,,2026-05-29 22:54:52
989d85e28df3c96e03Rz2Nm6E1tR,暖通工程师,无锡友通热交换科技,20-99人,其他行业,学历不限,3-5年,"了解常用空调系统, 负责驻场",5-10K,无锡,,2026-05-29 22:54:52
bad64d5bcf6f4cae0nB-3dS0GFVU,机械工程师,江阴旭博精工机械,0-20人,其他制造业,学历不限,经验不限,"手动编程经验, 需要夜班, 接受无CNC/数控经验, 招学徒, 需要倒班, 操机调机经验",7-10K,无锡,,2026-05-29 22:55:13
7e23fffbf300a29a1XB_3Nu0GFNW,工艺工程师,银邦股份,500-999人,金属制品,本科,经验不限,"金属冶炼相关专业, 锻造, 铝, 金属型铸造",7-10K,无锡,,2026-05-29 22:55:13
c5410ba1f307e5051HBz3t29EltV,售后工程师,鑫业诚,100-499人,自动化设备,大专,1-3年,"工业自动化, 售后服务, 设备调试",8-13K·13薪,无锡,,2026-05-29 22:55:13
438cc6bdfe42a7661HZz0tu8FlVY,pcblayout工程师,江苏维亿电驱技术,20-99人,汽车研发/制造,大专,1-3年,"PCB设计经验, Candence/Allegro, PADS/PowerPCB, 量产经验, EMC/EMI相关经验",6-9K,无锡,,2026-05-29 22:55:13
0f7294e33060014d03Fz3tW1FVtT,销售工程师,无锡彦控智能科技,0-20人,自动化设备,大专,3-5年,"工业设备销售经验, 客户开发与维护, 电气相关学历, 仪器仪表/工业自动化",8-13K·13薪,无锡,,2026-05-29 22:55:13
d089df110ba03a721HV92t21EVRU,SQE工程师,为恒智能,500-999人,储能,大专,1-3年,"质量安全, 供应商管理, 质量检测, 质量测试, 质量审核, TS16949, ISO质量体系",7-12K,无锡,,2026-05-29 22:55:13
d970e2fe543abf2c0nV42du_GVZX,工艺工程师,明扬新能源,20-99人,风电,大专,3-5年,"能源/化工/环保经验, 复合材料经验, 装配/总装经验, 试产工程师（NPI）经验, 需要出差, 风能设备经验",13-18K·13薪,无锡,,2026-05-29 22:55:32
ec854d09c3d3082d1nN73ti6FFNZ,采购工程师,江顺科技,1000-9999人,金属制品,大专,1-3年,"采购员, 采购工程师",7-9K,无锡,,2026-05-29 22:55:32
af5d7a07986544f90nd-2tS0FFpR,结构工程师,隆玛科技,100-499人,智能硬件,本科,3-5年,,12-18K,无锡,,2026-05-29 22:55:32
8566772829f0113f1HR43t65GFZX,项目工程师,无锡中天汽车部件,100-499人,金属制品,本科,3-5年,"UG, 16949, FMEA, 汽车项目管理经验, 汽车相关专业, 机械相关专业, AutoCAD, SPC, 工科背景, SolidWorks",7-9K,无锡,,2026-05-29 22:55:32
782196927b275c2a0nB73tu_E1JT,交付工程师,万谦工品,500-999人,电子商务,本科,3-5年,"对企业/机构（To B）销售经验, 网络营销经验, 面销/陌拜经验, 企业（To B）, O2O, 批发/零售, 先进制造, 电子商务, 其他产品/服务, 网络销售, 面销/陌拜, 不接受居家办公",8-10K,无锡,,2026-05-29 22:55:32
3251b20c17cd48670nB63d24F1dS,电气工程师,无锡某中型光伏组件自动化设备公司,100-499人,自动化设备,本科,1-3年,自动化技术,15-30K,无锡,,2026-05-29 22:55:32
56cf32136c0030c11HJ-0tS6FVNZ,销售工程师,舍林自动化,20-99人,仪器仪表,大专,1-3年,"市场信息搜集与分析, 市场拓展能力, 大中型企业销售经验, 市场营销相关学历, 技术配合与沟通, 客户开发与维护, 业务创新能力, 机械相关学历",9-10K,无锡,,2026-05-29 22:55:32
e1ecfa548d38eba70nd50tq9ElRS,质量工程师,京城机车科技,20-99人,进出口贸易,大专,1-3年,"接受无质量管理经验, 需要出差, 摩托车/自行车制造, QC七大手法, ISO9001经验",8-13K,无锡,,2026-05-29 22:55:32
259a575076aec2440nB42dW7E1BX,电气工程师,某大型自动化设备公司,100-499人,自动化设备,大专,1-3年,"自动化技术, CAD, eplan",20-21K,无锡,,2026-05-29 22:55:32
7b97c8425f3663200nd63Ny1GFBX,产品工程师,某小型汽车零部件公司,20-99人,汽车零部件,本科,3-5年,,20-30K·14薪,无锡,,2026-05-29 22:55:54
0670267f8310adc903F-2ty5F1FZ,射频工程师,天芯微,100-499人,电子/半导体/集成电路,硕士,3-5年,,25-45K·15薪,无锡,,2026-05-29 22:55:54
e9fbb47ddfab352c03N529m1EVJT,设备工程师,中汽新能,100-499人,动力电池,本科,3-5年,"不需要出差, 新能源设备经验, 要求有机械设备工程师经验, 设备维修/保养经验",12-18K·15薪,无锡,,2026-05-29 22:55:54
05da6a8dd489cc650nB-2dy-F1JV,研发工程师,某汽车零部件公司,20-99人,汽车零部件,大专,3-5年,,20-21K,无锡,,2026-05-29 22:55:54
1a151161266496940nd83dW1GVJQ,电气工程师,无锡维度机器视觉...,20-99人,自动化设备,本科,10年以上,PLC工程师,20-25K,无锡,,2026-05-29 22:55:54
8d4cd575af6e2e051HN60t60FlZW,销售工程师,宝立特材,20-99人,批发/零售,学历不限,经验不限,企业（To B）,6-10K,无锡,,2026-05-29 22:55:54
0f7ef98404c5d56e1XN40tm_EVZS,机械工程师,无锡凌拓智能装备,0-20人,仪器仪表/工业自动化,学历不限,经验不限,"机器人, 自动化, SolidWorks, 有机械工程师经验",12-15K,无锡,,2026-05-29 22:56:16
62f4b01dc6f3400903x729--FVVS,规划工程师,中科微至,1000-9999人,通用设备,本科,3-5年,,12-18K·14薪,无锡,,2026-05-29 22:56:16
ebaac6d2f39abb1b0nZ72dy1GFdW,fpga工程师,星微科技,100-499人,自动化设备,本科,3-5年,,20-30K·13薪,无锡,,2026-05-29 22:56:16
f9e20695646f8d9b0nd83d2_FFRT,DQE工程师,新质科技,20-99人,信息安全,大专,3-5年,,12-20K·13薪,无锡,,2026-05-29 22:56:16
3df25ce1cb31c3010nVy0t-9F1VS,工艺工程师,好达电子,500-999人,半导体/芯片,硕士,3-5年,"半导体经验, 芯片/半导体经验, 不需要出差, 光刻, 薄膜, 刻蚀, 蒸发",15-25K,无锡,,2026-05-29 22:56:16
e91249679eeab61a1HZ-0tS9GVFU,产品工程师,江苏永瀚,100-499人,铁路/船舶/航空/航天制造,本科,1年以内,"UG, 金属冶炼相关专业, 五险一金, 年终奖, 提供住宿，工作餐, 节假日福利, 高温补贴",8-13K,无锡,,2026-05-29 22:56:16
78775ee820570c7f03d-09m7GFpQ,测试工程师,江苏安科瑞,500-999人,智能硬件,本科,经验不限,,6-8K·13薪,无锡,,2026-05-29 22:56:37
759ce54e060b12141XBz2t25GVRZ,射频工程师,微导纳米,1000-9999人,专用设备,本科,1-3年,CMU200,15-25K·15薪,无锡,,2026-05-29 22:56:37
26e3498f86b2a5b10nV80t-_FlFT,机械工程师,锡简科技,20-99人,互联网,本科,5-10年,制造业,15-22K,无锡,,2026-05-29 22:56:37
5c8e5fd3ec0fbe870nB62d67FlJU,体系工程师,正隆祥,100-499人,金属制品,大专,3-5年,,13-15K,无锡,,2026-05-29 22:56:37
9e9ed18062456fed0nZ42N-_FFNX,机械工程师,卓海科技,100-499人,电子/半导体/集成电路,本科,1-3年,,20-40K·17薪,无锡,,2026-05-29 22:56:37
2dc5e9fb16a5b664031y2ty8F1JZ,光学工程师,某工业自动化公司,0-20人,仪器仪表/工业自动化,硕士,5-10年,连续变焦镜头,20-25K·14薪,无锡,,2026-05-29 22:56:37
647c0b041e2520141HB62Ni1GVJU,研发工程师,通利集团,1000-9999人,新材料,硕士,经验不限,化学专业,9-11K,无锡,,2026-05-29 22:56:37
26c85ab2e4bdb18b1nVz0t25GFRQ,网络工程师,圣创网络,0-20人,计算机服务,本科,1-3年,"故障处理, 有网络工程师经验",6-7K·14薪,无锡,,2026-05-29 22:56:37
25ed1ad1148e1ff91HB_09-8FlZR,销售工程师,恩梯科技,100-499人,仪器仪表/工业自动化,大专,经验不限,销售,5-10K,无锡,,2026-05-29 22:56:58
7961818039dceac303Fy29y_F1NV,装维工程师,中国电信,0-20人,通信/网络设备,中专/中技,经验不限,"宽带装维, 网络维护",5-10K,无锡,,2026-05-29 22:56:58
63ff8d232a640acf1HR_2t29FVFY,销售工程师,泰得思,100-499人,原材料及加工/模具,本科,1-3年,"市场拓展能力, 大中型企业销售经验, 协助产品规划与开发, 化学化工相关学历, 技术配合与沟通, 商务谈判能力, 化工, 客户开发与维护, 业务创新能力, 对机构 (To B) 销售经验, 项目跟踪",5-7K,无锡,,2026-05-29 22:56:58
27afcd332766cc590nB-3t-8EVdT,硬件工程师,某大型人工智能上市公司,10000人以上,互联网,本科,5-10年,"智能硬件/可穿戴设备, 硬件开发经验",35-45K·16薪,无锡,,2026-05-29 22:56:58
ef23e0a3b4e228971XZ43ti8ElpU,FAE工程师,无锡艾森汇智,20-99人,计算机软件,本科,1-3年,"CAD, PMP",7-12K,无锡,,2026-05-29 22:56:58
52e4136b9b0e9ab503d90tW6FVRR,测试工程师,英臻,100-499人,互联网,大专,1-3年,"测试工作经验, 通信相关专业, 性能测试, 功能测试",5-7K,无锡,,2026-05-29 22:56:58
26e765c7c24b859e03J_2dS5FVdR,ie工程师,纳力新材料,20-99人,动力电池,大专,3-5年,"要求有工业工程师经验, 精益改善经验",10-15K·14薪,无锡,,2026-05-29 22:56:58
e536955fc1cb8da103Nz29W1FVRW,项目工程师,全盛集团,1000-9999人,汽车零部件,大专,1-3年,"UG, 汽车相关专业, 汽车项目管理经验, AutoCAD, 机械相关专业, 工科背景, PRO/E",8-12K,无锡,,2026-05-29 22:56:58
4d3bd353b901d44a1Hd73d2_GVVS,实施工程师,江苏惠江安,20-99人,电力/热力/燃气/水利,大专,3-5年,"安防系统, 调度数据网, 变电站, 综合自动化系统调试, 电力, 光伏, 可适应出差",9-14K,无锡,,2026-05-29 22:56:58
b0e8ac3309b760900nB-296_GVRR,售前工程师,跨维(深圳)智能...,100-499人,智能硬件,大专,3-5年,"家电, 非标",13-20K,无锡,,2026-05-29 22:56:58
485320d0ba88d2821HR52du4FlJW,环保工程师,旭灿,20-99人,机械设备/机电/重工,高中,经验不限,"环保, 布袋除尘器, 工艺流程图, 宜兴, 季，机械制图, cad, 水处理",10-13K·13薪,无锡,,2026-05-29 22:57:18
d1d18d2f857382671XN63d-9FVBX,机械工程师,无锡中鼎智能科技,500-999人,自动化设备,本科,经验不限,"图纸设计, AutoCAD, 接受无机械工程师经验, 自动化, SolidWorks",8-12K,无锡,,2026-05-29 22:57:18
34ae64128bfae6ea03F42dy4F1ZQ,销售工程师,某通用设备公司,20-99人,通用设备,本科,3-5年,"压缩机, 化工行业, 空分行业, 销售, 空压机",15-30K,无锡,,2026-05-29 22:57:18
78c368d5d7625ae90nZ83tm1EVFZ,硬件工程师,盛景微电子,100-499人,电子/硬件开发,本科,5-10年,,12-18K,无锡,,2026-05-29 22:57:40
8a23c714b4b8203c03Fy2tW-ElVV,机械工程师,运来智能装备,20-99人,自动化设备,本科,1-3年,"汽车车身及配件经验, 自动化机械经验, AutoCAD, 底盘系统经验, 整机设计经验, 动力系统经验, SolidWorks, 机电设备经验, 汽车经验, 机器人经验, 有机械工程师经验",10-15K,无锡,,2026-05-29 22:57:40
54e301ec673116e603Bz3tW5FFBR,调试工程师,无锡欧润捷智能装备,0-20人,批发/零售,本科,3-5年,技术支持现场安装调试,12-20K,无锡,,2026-05-29 23:02:35
588077bf05d7f9d50nB72tS9E1JV,工艺工程师,XREAL,500-999人,智能硬件,本科,5-10年,"不需要出差, 智能穿戴设备经验, 量产工程师（PE）经验, 其他, 试产工程师（NPI）经验, 电子/通信经验, 现场工程师（ME）经验",15-25K·14薪,无锡,,2026-05-29 23:02:35
50c6de97b851e8770nZ53Ni4GVVT,基础设施运维工程师,深圳华云信息系统科技,1000-9999人,互联网,本科,1-3年,,8-9K,无锡,,2026-05-29 23:02:35
cb380ecc700c2dd90nV539W8GVBY,品质工程师,无锡梦之源电子科...,20-99人,非金属矿物制品,大专,3-5年,"ISO14001经验, 内审员资格证, IATF 16949经验, 家电经验, 需要出差, QC七大手法, ISO9001经验, CQE经验（客户）, 有质量管理经验, 电子/通信经验, 8D报告经验",5-9K·13薪,无锡,,2026-05-29 23:02:54
efd22e7e4cf3103b0nd43d-0EFdV,硬件工程师,无锡某小型机器人一体化关节模组智能硬件公司,100-499人,智能硬件,本科,3-5年,"汽车硬件产品, 芯片/半导体/集成电路, 电池/电源类产品, 智能硬件/可穿戴设备, 硬件开发经验",18-30K·14薪,无锡,,2026-05-29 23:02:54
46f9181f34a9fad903N529m5EVBV,工艺工程师,中汽新能,100-499人,动力电池,本科,3-5年,不需要出差,12-18K·15薪,无锡,,2026-05-29 23:02:54
29ab9e55867cfe650nZ_2N6-EFNZ,质量工程师,觉芯电子(无锡),20-99人,半导体/芯片,本科,3-5年,"有质量管理经验, 不需要出差, ISO9001经验, DQE经验（研发）, SQE经验（供应商）, CQE经验（客户）, PQE经验（制程）, 8D报告经验, QC七大手法, 半导体经验",10-15K·13薪,无锡,,2026-05-29 23:03:16
2b7b5416a82c9e050nR93NS8FFBS,ehs工程师,某大型新能源公司,1000-9999人,新能源,本科,5-10年,"要求有EHS工程师经验, 注册安全工程师证书",20-21K,无锡,,2026-05-29 23:03:36
aa0f4041f497e48403x-3ti1F1FQ,核价工程师,三斯特科技,20-99人,自动化设备,大专,3-5年,,5-7K,无锡,,2026-05-29 23:03:57
0a1c939bae7cdbba031_3tm8F1dQ,体系工程师,优耐特能源,100-499人,风电,大专,3-5年,"ISO9001, IATF16949",8-10K·13薪,无锡,,2026-05-29 23:03:57
39ca13c5fdc5ad331Xxy2dW7EltZ,硬件工程师,某智能硬件公司,20-99人,智能硬件,本科,3-5年,"马达, 变频器, 电梯",15-25K·14薪,无锡,,2026-05-29 23:04:18
a3c8b3a9d7506b1b0nd62N-_FVVS,机械工程师,江苏雷德智能装备,100-499人,通用设备,大专,5-10年,"自动化机械经验, 包吃住, AutoCAD, 半导体经验, 仪器仪表经验, 新能源经验, 非标设计经验, 整机设计经验, 仿真设计经验, SolidWorks, 机电设备经验, 有机械工程师经验",15-30K,无锡,,2026-05-29 23:04:18
70183960da6ee4e21Xx-2ti6EVNQ,技术工程师,无锡航空地面,20-99人,铁路/船舶/航空/航天制造,本科,3-5年,"铁路/船舶/航空/航天经验, SolidWorks, 有机械工程师经验",10-15K,无锡,,2026-05-29 23:04:39
9eea9f2be44b57c50nVz3N20FlpT,算法工程师,欧慧能源,20-99人,储能,本科,1-3年,"机器学习, 深度学习, 强化学习, 推荐算法, 搜索算法, 气象算法, Python, SQL, 算法工程化经验",15-30K,无锡,,2026-05-29 23:05:01
2fb8d5defc72d0ba03J739m9GVdT,电气工程师,隆玛科技,100-499人,智能硬件,本科,5-10年,"电路设计, CAD, SolidWorks",13-18K·14薪,无锡,,2026-05-29 23:05:01
35cdfd865b52827c0nd-2tS_FVFV,市场产品负责人（数据中心 / IDC / 云计算,某大型大数据公司,100-499人,大数据,大专,3-5年,"B端产品, 云计算产品, 数据中心, IDC",25-35K,无锡,,2026-05-29 23:08:56
93af11104ec4ccb30nd43tm6FFdU,质量工程师,某机械设备公司,0-20人,机械设备/机电/重工,本科,5-10年,"设计/研发质量工程师, 制程质量工程师, 客户质量工程师, 供应商质量工程师, 内审员, 16949, 质量体系工程师, 过程质量工程师, 客诉",21-26K,无锡,,2026-05-29 23:08:56
a8a1f67d2dd7de070nB-3dS9FVVV,PVD工程师,无锡连枝横科技,100-499人,金属制品,大专,3-5年,"表面处理工艺经验, PVD经验, 半导体经验, AutoCAD, 复合材料经验, 量产工程师（PE）经验, 机械加工制造经验, 成型工艺经验, 专用机械经验, 不需要出差, 试产工程师（NPI）经验, 汽车经验, 无机材料经验, 现场工程师（ME）经验",9-12K·13薪,无锡,,2026-05-29 23:08:56
9c4e4b3d27ce81f70nR93ti7FFBY,燃气工程师,天牛智能装备集团,100-499人,专用设备,学历不限,5-10年,,10-11K,无锡,,2026-05-29 23:08:56
e58901a0d123e29e03R53Nm6ElpS,液压工程师,小型直流电推杆|电动开窗器,100-499人,通用设备,大专,3-5年,,10-15K·13薪,无锡,,2026-05-29 23:08:56
5e69118054d03d160nB_2d20GVdT,测量工程师,隆盛科技,1000-9999人,汽车零部件,大专,3-5年,,6-10K,无锡,,2026-05-29 23:08:56
b2f87f96d424d68c0nB_2dm1EVJZ,工艺工程师,某半导体公司,0-20人,半导体/芯片,本科,3-5年,,18-25K,无锡,,2026-05-29 23:08:56
12a2b95827b72d4803Zy3966GFFS,云计算售前,深信服科技,1000-9999人,计算机软件,本科,1-3年,,8-11K·14薪,无锡,,2026-05-29 23:08:56
aed612ef4652e2081n193Ny8ElBV,云计算应用开发工程师,弦歌,100-499人,互联网,本科,经验不限,"Python, Java, Linux",8-13K,无锡,,2026-05-29 23:08:56
9d08485151a9af4c0nZy2dS7ElFQ,基带工程师,无锡宇宁科技,100-499人,智能硬件/消费电子,本科,在校/应届,,6-8K·13薪,无锡,,2026-05-29 23:08:56
6231107cf53ddacc1H183N67EFU~,工程师,恩阳运,20-99人,原材料及加工/模具,学历不限,10年以上,"数控编程, 夹具, 机械设计",12-20K,无锡,,2026-05-29 23:08:56
ef01c7b3101117e0031529S0EVVX,电力工程师,时代华擎,500-999人,计算机软件,大专,1-3年,"潮流计算, 电力系统分析, 继电保护, 短路电流计算",4-8K,无锡,,2026-05-29 23:08:56
4a59ca0b31aaa2b90nB-3ti8GFdY,采购工程师,北京加速进化科技,100-499人,互联网,本科,5-10年,,13-25K·15薪,无锡,,2026-05-29 23:09:17
8546828730b30a2d0nRy2tm7ElFU,专利工程师,睿谦志途,20-99人,检测/认证/知识产权,本科,1-3年,"知识产权工程师, 专利代理人, 知识产权代理人",15-20K,无锡,,2026-05-29 23:09:17
bd0e587799b5ed2c0nd_39-9EltS,结构工程师,宁波某大型生活服务(O2O)公司,10000人以上,生活服务(O2O),本科,经验不限,,28-35K·14薪,无锡,,2026-05-29 23:09:59
676ad7724bd2e0c10nZy2di1FFdW,电气工程师,爱维丝,100-499人,自动化设备,大专,经验不限,,13-25K,无锡,,2026-05-29 23:10:20
fecc88572c87201a0nB60ti4GVBS,研发工程师,好达电子,500-999人,半导体/芯片,本科,3-5年,"射频, 电路设计, SAW, 滤波器, 双工器",15-25K,无锡,,2026-05-29 23:10:40
e7a73c4f9de74a210nB40tm0GVRX,质量工程师,泰格精密,20-99人,原材料及加工/模具,大专,1-3年,"有质量管理经验, 电子/通信经验, 半导体经验, 机械加工制造经验, ISO9001经验, DQE经验（研发）, SQE经验（供应商）, CQE经验（客户）, PQE经验（制程）, 团队管理经验, 8D报告经验, QC七大手法, 项目管理经验, 不需要出差",6-10K,无锡,,2026-05-29 23:10:40
46cfcd207cb3dca21nJ82NW7F1NX,焊接工程师,汇隆丰,0-20人,进出口贸易,本科,1-3年,"气保焊, 氩弧焊, 装配工艺, SolidWorks",5-8K,无锡,,2026-05-29 23:10:40
9a34ca008f26ecda1XJ509S7E1tS,挤出工程师,井上华光,100-499人,汽车研发/制造,大专,1-3年,,10-15K·13薪,无锡,,2026-05-29 23:10:40
7e3a9fcac71f34961X1739S8F1BY,硬件工程师,某大型电气机械公司,100-499人,电气机械/器材,本科,经验不限,硬件开发经验,25-50K·13薪,无锡,,2026-05-29 23:11:01
380af3999708cb621XF-3tW8EVJX,仿真工程师,恒畅复材,20-99人,机械设备/机电/重工,本科,1-3年,"接受无机械工程师经验, ANSYS, C++, MATLAB/Simulink, Python, FEA, 数值计算",10-15K·13薪,无锡,,2026-05-29 23:11:01
83b791e0792b8d881HJ939u5FlRQ,售后工程师,江苏祥环科技有限公司,100-499人,光伏,本科,经验不限,储能/新能源,5-10K·13薪,无锡,,2026-05-29 23:11:01
c68397ee9432c0f70nd83dS5FlNZ,质保工程师,华立聚能,500-999人,通用设备,本科,5-10年,,12-24K,无锡,,2026-05-29 23:11:22
929e2e2977b4e0380nd-09W8FVZX,测试工程师,均普智能制造,100-499人,仪器仪表/工业自动化,本科,经验不限,,6-9K·13薪,无锡,,2026-05-29 23:11:22
4b56eb34d8aa14a303x729q7EFtX,网络运维工程师,恒田企业,1000-9999人,服装/纺织,本科,1-3年,"网络运维, 通信相关专业, 桌面运维, 计算机相关专业, 网络安全相关经验, 运维经验, IDC机房运维",5-8K·13薪,无锡,,2026-05-29 23:12:03
ab2a42891c4bc6f40nd709y7GVZZ,运维工程师/五险一金/双休,润和软件,10000人以上,互联网,本科,5-10年,"Golang, 网络运维, Nginx, Ansible/Salt/Puppet, 系统运维, k8s, 运维开发经验, 桌面运维",12-14K,无锡,,2026-05-29 23:12:03
07bec59b57ce7feb03x63NW0EFZR,IT运维工程师,亿速信息,20-99人,计算机服务,高中,3-5年,"桌面运维, 网络运维, 系统运维, 实施交付运维, 计算机相关专业, 运维经验, 打印机/复印机维修经验, 智能化施工, 信息化施工",5-7K·13薪,无锡,,2026-05-29 23:12:03
67016bded7812b9b03B93t27ElZU,AI 工程师,合柒智能,20-99人,人工智能,本科,1-3年,"Python, Scrapy, Numpy, PyTorch, TensorFlow, PostgreSQL, Spark, 架构设计经验, 机器学习经验",8-12K,无锡,,2026-05-29 23:12:03
373bf29d4302c4ff0nB439i0GVpU,质量工程师,某小型汽车零部件公司,20-99人,汽车零部件,大专,3-5年,"客户质量工程师, 供应商质量工程师, 设计/研发质量工程师",20-21K,无锡,,2026-05-29 23:17:15
e137134cf2e2f6030nVz2Nm6GVdR,驻厂工程师,优腾机械有限公司,20-99人,专用设备,学历不限,5-10年,"不需要出差, 电工证, 要求有机械设备工程师经验, 维修服务商（乙方）, 其他, 设备维修/保养经验",5-6K,无锡,,2026-05-29 23:17:56
4dea5458dc9ad8100nZ-2N28FlVY,销售工程师,胜鼎,100-499人,金属制品,本科,1-3年,机械设备/机电/重工,7-12K,无锡,,2026-05-29 23:17:56
2b885a2974d06c200nB_2d-0GVVU,电气工程师,无锡某中型光伏组件自动化设备公司,100-499人,自动化设备,本科,3-5年,"st语言, PLC工程师",15-30K,无锡,,2026-05-29 23:17:56
994064e498438cdf03Jy09u7GFVW,算法工程师,无锡九霄,100-499人,自动化设备,硕士,5-10年,"C/C++, 图像算法, OpenCV, 深度学习, Python",20-35K,无锡,,2026-05-29 23:18:18
59f9ba6c997997e70nZy09u6F1pW,机械工程师,爱维丝,100-499人,自动化设备,本科,经验不限,"有机械工程师经验, SolidWorks, AutoCAD, UG, 机电设备经验, 自动化机械经验, 非标设计经验",15-25K,无锡,,2026-05-29 23:18:18
72157bc10ca8aad10nd43d-0FVRT,硬件工程师,无锡某小型机器人一体化关节模组智能硬件公司,100-499人,智能硬件,本科,3-5年,,25-30K·13薪,无锡,,2026-05-29 23:18:39
d6c1bd05706084dc0nd83dW-GFFW,工艺工程师,联元达,100-499人,原材料及加工/模具,大专,3-5年,"三菱数控系统经验, 手动编程经验, 不招学徒, MasterCAM, SoildCAM, 要求CNC/数控经验, 其他, 不需要夜班, PowerMill, UG, 广数系统, 电脑编程经验, 西门子数控系统经验, 新代数控系统经验, 不需要倒班, SolidWorks, FANUC数控系统经验",10-14K·13薪,无锡,,2026-05-29 23:18:39
b5c8e9da79f42e840nZ_3d--EVVS,电机工程师,建城,20-99人,金属制品,本科,1-3年,"AutoCAD, SolidWorks, 英语可用于工作",12-18K·15薪,无锡,,2026-05-29 23:18:39
6216c4e235cb9290031y39i4EVpY,现场运维工程师（工作地武汉）,无锡福佳半导体科技,100-499人,智能硬件,大专,3-5年,,7-10K,无锡,,2026-05-29 23:18:59
1601481ae2ce6df11Xdz0t--FVBZ,采购工程师,立霸股份,100-499人,原材料及加工/模具,本科,5-10年,"大中型企业采购经验, 供应链/贸易专业, 原材料",6-8K,无锡,,2026-05-29 23:19:19
a85565bfbe3599671nZ63dW6E1NW,运维工程师,无锡鑫沃,0-20人,计算机服务,学历不限,经验不限,办公设备维修维护,3-8K,无锡,,2026-05-29 23:19:19
31c3f20605f51d241HV43di1EVNR,运维工程师,宜兴市长和电子科技,20-99人,电子/半导体/集成电路,高中,经验不限,"系统运维, 电子/电气/自动化相关专业",5-6K,无锡,,2026-05-29 23:19:41
2d0bdec326652eac0H1-3Nu6FFI~,电气工程师,帕尔默智能,20-99人,自动化设备,大专,3-5年,"PLC, 电气设计",9-14K·13薪,无锡,,2026-05-29 23:20:03
d24a927b89d4648c0ndy3t-0FlBZ,运维工程师,骏安检测,20-99人,信息安全,本科,1年以内,"Linux, SQLServer, Windows",6-10K,无锡,,2026-05-29 23:20:03
66b17ed66b7d1a731X1z3961GFFY,电气工程师,无锡锦和科技有限公司,100-499人,通用设备,本科,3-5年,"SolidWorks, 三菱plc",12-15K,无锡,,2026-05-29 23:20:03
43467c539dfdb9960nd609i6EFJV,电气工程师,无锡某大型机械设备/机电/重工公司,1000-9999人,机械设备/机电/重工,本科,3-5年,"PLC工程师, EtherCAT通讯协议, 欧姆龙、倍福、西门子",18-30K·14薪,无锡,,2026-05-29 23:20:23
4c1c612bee7c808c0nV-2925FFRS,运维工程师,无锡逸峰凝天科技,0-20人,计算机软件,大专,,,70-120元/天,无锡,,2026-05-29 23:20:23
61a7b91cb3b2a2f63nxy0969FFE~,机械工程师,质谨科技,20-99人,机械设备/机电/重工,本科,3-5年,机械工程师，机械绘图，三维立体图，机械设备,10-14K,无锡,,2026-05-29 23:20:23
86f1940c9aee931b1nF929S1FFtR,华鼎机械招聘氩弧焊工,华鼎机械,100-499人,专用设备,中专/中技,3-5年,"五险一金, 夜班补助, 全勤奖, 工龄奖, 周末单休, 加班费, 包吃, 月休四天",6-11K,无锡,,2026-05-29 23:20:23
1332dd054868a3c303N82NS5FFJU,Al 工程师,江苏数智工场科技,0-20人,计算机软件,大专,3-5年,"机器学习, 自然语言处理算法, 多模态算法, Python, Java, 算法工程化经验",500-1500元/天,无锡,,2026-05-29 23:20:23
d92488e4733894f90ndy3Nm8EltZ,算法工程师,无锡康桐信息科技,20-99人,医疗服务,硕士,3-5年,"Java, 规控算法, 深度学习, 大模型算法, 自然语言处理算法, 算法工程化经验, 广告算法, 其他, 推荐算法, C/C++, Shell, 机器学习, 强化学习, 参加算法相关竞赛/获奖, Python",9-10K,无锡,,2026-05-29 23:20:23
553a375e699ac7bb031y092_ElZR,运维工程师（实习生岗位）,怡信天成,20-99人,智能硬件,大专,,"网络运维, 桌面运维, 系统运维, IDC机房运维, 计算机相关专业, 运维经验, 网络安全相关经验",140-150元/天,无锡,,2026-05-29 23:20:23
b109c6d9e5c9a6530nB-09i8FVFS,硬件工程师,天津某小型医疗器械公司,20-99人,医疗器械,本科,5-10年,"PCB, 8层, 电气",25-45K·14薪,无锡,,2026-05-29 23:20:23
0186c9116efa85711Hd-2tu4EVBV,运维工程师,人华警用装备,20-99人,专用设备,本科,3-5年,"网络运维, 系统运维, 实施交付运维, 计算机相关专业, 运维经验, 网络安全相关经验",7-10K,无锡,,2026-05-29 23:20:23
44e6e51d02a4ae650nd_2ty5GFJU,软件工程师,无锡创矩装备,20-99人,专用设备,本科,3-5年,,12-14K,无锡,,2026-05-29 23:20:23
a0ebbeafd2992b890nd83tq5ElJS,灯具工程师,铃派,100-499人,原材料及加工/模具,大专,1-3年,,12-15K,无锡,,2026-05-29 23:20:23
39a71638a23463740nZz0t25ElVR,研发工程师,无锡某中型自动化设备公司,500-999人,自动化设备,本科,3-5年,,15-25K,无锡,,2026-05-29 23:20:23
0852fb04195664550nB53N68ElpT,工艺工程师,迪富电子,100-499人,智能硬件/消费电子,大专,5-10年,"团队管理经验, 芯片/半导体经验, 半导体经验, AutoCAD, 量产工程师（PE）经验, 机械加工制造经验, 大家电经验, 成型工艺经验, 不需要出差, 模具经验, 小家电经验, 注塑经验, 橡胶经验, 耳机经验, 电脑经验, 自动化设备经验, 轻工消费品经验, 装配/总装经验, 手机经验, 电子/通信经验, 五金经验, 智能穿戴设备经验, 夹具/治具经验, 塑料经验, 电路板/集成电路经验, 现场工程师（ME）经验",10-13K,无锡,,2026-05-29 23:25:52
c4664699c2d7141e0nB-0t-5GFNT,调试工程师,超通智能,100-499人,仪器仪表/工业自动化,学历不限,3-5年,"机械/机电设备, 非标",7-10K,无锡,,2026-05-29 23:25:52
e1b070a9277b1a760nV52t61FlBQ,工艺工程师,某中型电子/半导体/集成电路公司,100-499人,电子/半导体/集成电路,本科,5-10年,"半导体经验, 芯片/半导体经验, 装配/总装经验, SolidWorks, 现场工程师（ME）经验, 不需要出差",20-35K,无锡,,2026-05-29 23:26:12
b2deef483f77be630nd-3NW4GVJU,sqe工程师,无锡亮源,100-499人,半导体/芯片,本科,3-5年,"光电, SQE工作经验, 熟悉ISO质量管理体系, 结构件",8-12K·13薪,无锡,,2026-05-29 23:26:12
8647314eb0df78540ndy2du7FFpZ,硬件工程师,双能达,20-99人,电子/半导体/集成电路,大专,3-5年,,10-15K,无锡,,2026-05-29 23:26:33
0e237452ddfc30dc0nZ72Ny6EVNZ,安全工程师,某机械设备公司,0-20人,机械设备/机电/重工,本科,3-5年,,22-25K·14薪,无锡,,2026-05-29 23:27:16
8b3681eadb397f560nB43Ni0ElNS,高级工程师,江苏腾信安全科技发展,20-99人,咨询,本科,3-5年,"要求有EHS工程师经验, 化工行业EHS经验, 注册安全工程师证书",15-16K,无锡,,2026-05-29 23:27:59
4673e1d1e9ff8e7f0nB739q9FFZT,FA工程师,无锡安绿光电有限公司,100-499人,计算机/通信/其他电子设备,大专,5-10年,,10-13K·13薪,无锡,,2026-05-29 23:27:59
872670610905c8000nB-2dy1FVZR,售前工程师,戎熵智造,20-99人,计算机/通信/其他电子设备,本科,5-10年,"无人机, 售前",10-15K,无锡,,2026-05-29 23:28:19
910813941eb6b2fc0ndy3Nq1FVBZ,质量工程师,真贺科技,0-20人,电子/硬件开发,本科,1-3年,,6-10K,无锡,,2026-05-29 23:28:19
1d04f48f7150a8c80nd929u9FVtS,sap运维工程师,盛合晶微,1000-9999人,半导体/芯片,本科,1-3年,,5-10K·14薪,无锡,,2026-05-29 23:28:41
e617ae930f4421f60ndy0tu5GFpR,实施工程师,黑湖科技,500-999人,企业服务,大专,3-5年,"客户全生命周期维护, ERP, 客户满意度, 制造业, SAAS, 客户续费, CRM",11-13K,无锡,,2026-05-29 23:28:41
68e2e1301fda7d7503d72ti4FVZR,机械工程师,普立讯智能科技公司,0-20人,自动化设备,本科,3-5年,"自动化机械经验, AutoCAD, 整机设计经验, 机器人经验, 有机械工程师经验",8-13K,无锡,,2026-05-29 23:28:41
2243cbe7d5d5b2ea0nd82Ny_GVdU,DFT工程师,亿方联创,100-499人,计算机软件,本科,5-10年,DFT,20-40K·15薪,无锡,,2026-05-29 23:28:41
56c4566378e6e7b21nR909y9EFpU,弱电工程师,锐目博识科技,0-20人,信息安全,本科,3-5年,硬件,8-10K,无锡,,2026-05-29 23:28:41
4bfa9e3e934929b70nd-2Ny5GVVZ,运维工程师,保诺(江苏)智能环境,0-20人,环保,本科,经验不限,系统运维,4-6K,无锡,,2026-05-29 23:28:41
1628c0672df87eb603R-0t65FlZR,项目工程师,隆盛科技,1000-9999人,汽车零部件,大专,3-5年,"汽车项目管理经验, 汽车相关专业, 机械相关专业, 工科背景, 生产管理经验",9-13K,无锡,,2026-05-29 23:34:14
2b292ade1aaa1b9b03Rz3dy9F1JU,运维工程师,力合科技,500-999人,仪器仪表,本科,,电子/电气/自动化相关专业,100-150元/天,无锡,,2026-05-29 23:34:14
443cb7e36ba9563a0nR43di0EFZX,电气工程师,派申特,20-99人,自动化设备,大专,3-5年,,12-13K,无锡,,2026-05-29 23:34:58
5003bf4934bf7e8003V839u9EVJS,机械工程师,泰信机械,100-499人,专用设备,本科,3-5年,"CATIA, 机械制图, AutoCAD, 新能源经验, CAD, 机电设备经验, 非标设计经验, 整机设计经验, ANSYS, 重型机械经验, 有机械工程师经验, 机械设计, Pro/E",10-15K,无锡,,2026-05-29 23:35:42
ee0c6493b533349b1Hd82dy8FlpZ,机电（高低压配电）工程师,维谛技术,20-99人,通信/网络设备,大专,经验不限,"IDC机房运维, 数据中心经验, 机电一体化",5-8K,无锡,,2026-05-29 23:36:02
ad9164ef17dfdac50nV62t-_GFdV,焊接工程师,无锡大金高精度冷...,100-499人,金属制品,大专,3-5年,,9-14K,无锡,,2026-05-29 23:40:55
cd124602493c54fd0nB43t-4GFVZ,销售工程师,无锡创信航电子科技,20-99人,计算机/通信/其他电子设备,本科,1-3年,,7-12K,无锡,,2026-05-29 23:40:55
7c24cda178e1128103N_3tW5GVpT,运维工程师助理,中元盛辉,20-99人,光伏,大专,1-3年,,5-8K,无锡,,2026-05-29 23:42:40
4db554095451292a0nV52tS7GFVS,系统工具工程师,晶哲科技,100-499人,半导体/芯片,本科,3-5年,"C++, 电子相关专业, 单片机设计经验, 单片机仿真",12-20K·14薪,无锡,,2026-05-29 23:43:02
5cf69b9deabaae331Hd72du4EFNU,研发工程师,年欢科技,0-20人,医疗健康,本科,经验不限,"机械专业, 硬件, 生物专业, 软件, CAD, 电子专业, SolidWorks, 结构, 可兼职",5-10K·13薪,无锡,,2026-05-29 23:43:22
74fa5b909f1716920nd929u8EldW,质量工程师,无锡某中型汽车零部件公司,500-999人,汽车零部件,本科,5-10年,,18-25K,无锡,,2026-05-29 23:49:08
c8da9400c54bc3db0nd429y4F1JW,机械工程师,无锡某大型新能源智能装备上市公司,10000人以上,智能硬件,本科,5-10年,,20-30K·15薪,无锡,,2026-05-29 23:50:11
f5a14bb822538fa5031409-7FlJZ,工程师,华昕设计集团有限公司,500-999人,建筑设计,本科,5-10年,"市政类设计院, 施工工程师, 设计工程师, 较多外勤, 电气, 供配电系统, 电气控制系统, 中级职称, 一级建造师, 二级建造师, AutoCAD",10-15K,无锡,,2026-05-29 23:50:33
5541136911b83f2403J709m8E1NV,销售工程师,长广溪智造,100-499人,自动化设备,本科,1-3年,,10-15K,无锡,,2026-05-29 23:50:33
81f4bd1a81b060e80ndz29W9EVtZ,自动化工程师,星火电子,20-99人,电子/半导体/集成电路,大专,1-3年,"要求CNC/数控经验, 操机调机经验, 数控车工操作证, 手动编程经验, 电脑编程经验, 数控车床经验, 数控铣床经验, 数控加工中心经验, 数控切割机经验, 数控电火花加工机经验, 模具加工经验, 非标准件加工经验, 自动化设备加工经验, 三菱数控系统经验, 西门子数控系统经验, UG, PowerMill, MasterCAM, 不需要倒班, 不需要夜班",5-8K,无锡,,2026-05-29 23:51:15
e6eb9faf7bb40b1e0nd70961GFRR,CNC工程师,无锡飞佳泰精密机械,0-20人,金属制品,学历不限,1-3年,"三菱数控系统经验, 需要夜班, 自动化零件加工经验, 自动化设备加工经验, 要求CNC/数控经验, 非标准件加工经验, 数控加工中心经验, 需要倒班, 操机调机经验",8-12K,无锡,,2026-05-29 23:56:27
7007cc38ee626fed1H143N20FFdY,液压工程师,奥普威特,20-99人,专用设备,学历不限,1-3年,"五险一金, CAD, 液压系统, 液压工艺, 液压机械",20-30K·14薪,无锡,,2026-05-29 23:56:27
a3e104f42883e6bf0nV82t24EVFY,质量工程师,无锡安绿光电有限公司,100-499人,计算机/通信/其他电子设备,大专,3-5年,"ISO14001经验, 内审员资格证, IATF 16949经验, 不需要出差, PQE经验（制程）, QC七大手法, ISO9001经验, 有质量管理经验, 电子/通信经验",10-12K,无锡,,2026-05-29 23:56:27
584b4ff90bb4dd2003d93Ny4EFZZ,检测工程师,江苏升科,20-99人,土木工程,本科,经验不限,"工业建筑, 民用建筑, 岩土工程, 道路工程, 土木工程相关专业, 地质工程相关专业, 化学分析、环境工程",6-7K,无锡,,2026-05-29 23:56:47
2b7778ab13773b9603B62Nu7FVJV,工艺工程师,深纳普思集团,500-999人,医疗健康,本科,3-5年,"不需要出差, 智能穿戴设备经验, AutoCAD, 消费类电子, 量产工程师（PE）经验, 试产工程师（NPI）经验, 组装工艺, SolidWorks, 手机经验, 电子/通信经验, 耳机经验, 现场工程师（ME）经验",12-24K·13薪,无锡,,2026-05-29 23:57:09
939d7ca8330ae4e20nd_0ty_FlNQ,散热工程师,无锡宏创盛安,100-499人,计算机软件,本科,3-5年,,12-24K·13薪,无锡,,2026-05-29 23:57:09
2201283cbf2651a10nd-09q7E1pY,硬件工程师,某机械设备公司,0-20人,机械设备/机电/重工,本科,5-10年,,25-35K,无锡,,2026-05-29 23:57:09
0e76bc6a562f69081HJy09S1GVFW,fae工程师,天津中环领先,1000-9999人,半导体/芯片,本科,5-10年,"fae, pie",20-25K,无锡,,2026-05-29 23:57:30
abfc7b433b0aa22803Vy09i-F1dQ,电气工程师,新倍特,0-20人,专用设备,大专,3-5年,"PLC工程师, 电机工程师, eplan, agv",12-24K·15薪,无锡,,2026-05-29 23:57:30
8ac84ca4d1e454f003F-2dy7EFNX,电气工程师,美芮尔超声,20-99人,自动化设备,学历不限,3-5年,"电路设计, PLC工程师, 电控工程师, eplan, CAD, 电气工程师证",8-12K,无锡,,2026-05-29 23:57:52
e825b167cc8445a30nR709W8F1pS,散热工程师,众星微,100-499人,半导体/芯片,本科,5-10年,3C,25-40K,无锡,,2026-05-29 23:57:52
43eddd90095b88380nd40t-1FFpV,电气工程师,无锡某大型新能源智能装备上市公司,10000人以上,智能硬件,本科,3-5年,CAD,20-30K,无锡,,2026-05-29 23:57:52
3aeb04bea7dc68153nV63t65E1Y~,机械工程师,无锡市海龙机械有...,100-499人,机械设备/机电/重工,本科,经验不限,"机械设计, 机械结构工程师, 机械绘图师, 工艺工程师, 机械工程师, 机电工程师, 总装工程师",10-15K·13薪,无锡,,2026-05-29 23:58:14
e7a1b6a7a48cb19e0nd839-7FVtZ,电气工程师,寒驰科技,20-99人,半导体/芯片,大专,5-10年,"st语言, PLC工程师",18-25K,无锡,,2026-05-29 23:58:34
b779a29ebbd90a950nV829m6FlFT,电气工程师,江阴恒大,20-99人,通用设备,学历不限,3-5年,"电气工程师证, PLC工程师",8-12K,无锡,,2026-05-29 23:58:56
5a581f56bcb2048d1X152ti8GVdU,环保工程师,无锡泽世环保科技...,0-20人,环保,高中,3-5年,"三维图纸绘制, 环保工程设计, 废气处理, 废气处理设计经验, 不需长期出差, 有环保工程师经验, CAD图纸绘制",8-10K,无锡,,2026-05-29 23:59:18
b1debeb3b4dfee690nB_2dq9EFJQ,机械工程师,无锡某中型光伏组件自动化设备公司,100-499人,自动化设备,本科,3-5年,"接受无机械工程师经验, 非标, 设备, 光伏, 自动化",20-40K·13薪,无锡,,2026-05-29 23:59:39
b5369dc2b3a1fed10nB62Nq4FlRT,硬件工程师,智驰华芯,20-99人,仪器仪表,硕士,经验不限,手机/电脑/通讯终端,10-15K,无锡,,2026-05-29 23:59:39
0ab5e06866e415050nRz2t2_ElNX,SMT工程师,无锡时代芯辰,20-99人,半导体/芯片,大专,3-5年,"不需要出差, 芯片/半导体经验, 半导体经验",12-15K,无锡,,2026-05-30 00:03:50
9af25a71a1af813c0nR83Nu7EFBQ,运维工程师,力合科技,500-999人,仪器仪表,本科,1-3年,电子/电气/自动化相关专业,7-9K,无锡,,2026-05-30 00:03:50
8c2169bd70d6b6ce031_2dq0EldV,质量工程师,无锡某大型金属锻件制造上市公司,1000-9999人,通用设备,本科,经验不限,,20-30K,无锡,,2026-05-30 00:03:50
cbe7a0fa53303a941HJy3NW7F1JW,质量工程师,江苏富仁,1000-9999人,通用设备,大专,1-3年,质量工程师,8-10K,无锡,,2026-05-30 00:03:50
02612487dea9efb603Zz09S1FVZS,液压工程师,增上机械制造,20-99人,通用设备,本科,3-5年,,11-22K·13薪,无锡,,2026-05-30 00:03:50
bd73b16b1e686a5f0nB42du0EVZU,工艺工程师,无锡某中型医疗健康公司,100-499人,医疗健康,大专,1-3年,,20-21K,无锡,,2026-05-30 00:04:12
01f3ba9741a855731HZ72dS0GVJR,光学工程师,鑫业诚,100-499人,自动化设备,本科,3-5年,"光路设计, 工业自动化, 检测设备",15-29K·13薪,无锡,,2026-05-30 00:04:12
3b8424a9d024af100nV72Ny9FlNS,SQE工程师,天芯微,100-499人,电子/半导体/集成电路,本科,5-10年,,10-15K·15薪,无锡,,2026-05-30 00:04:34
d2cdfb0c58327eba0nd73tu4FVRT,工装工程师,无锡优姆拉工业,20-99人,通用设备,学历不限,3-5年,"有夹具工程师经验, 汽车经验, 机械加工制造经验, 机器人经验, 机加工夹具经验, 组装夹具经验, 不需要出差",10-12K,无锡,,2026-05-30 00:04:34
3b3b25e551bd48690nd73d20EFNU,SQE工程师,拉普拉斯能源技术,1000-9999人,光伏,本科,3-5年,熟悉质量5大工具,10-15K·14薪,无锡,,2026-05-30 00:04:34
eda92d4162ae926c0nd-3Nm4EFFS,研发工程师,某大型化工公司,100-499人,化工,本科,1-3年,,15-25K,无锡,,2026-05-30 00:04:34
1ccc9a35062602e10nB62N27F1JW,产品工程师,无锡海潮,20-99人,电气机械/器材,大专,经验不限,"可适应出差, 售前技术支持经验",5-6K,无锡,,2026-05-30 00:04:54
7ba62bf3109ea73e03Jy29W6E1tZ,销售工程师,华坤检测,20-99人,企业服务,大专,1-3年,"市场拓展能力, 检测认证, 售前/售后技术支持, 大中型企业销售经验, 技术转销售, 商务谈判能力, 客户开发与维护, 对机构 (To B) 销售经验, 项目跟踪",5-10K,无锡,,2026-05-30 00:04:54
032219ae5131771803F_2d-6EVZW,专利工程师,无锡卓讯知识产权,20-99人,企业服务,本科,经验不限,"知识产权代理人, 专利代理人, 商标代理人, 无销售性质, 国内事务, 专利代理人, 知识产权工程师",12-22K,无锡,,2026-05-30 00:04:54
5ef9e87fd6d0a9ca1HJz39q8FVpS,go工程师,智监云,100-499人,计算机软件,大专,5-10年,"Golang, MySQL, Golang服务端开发经验, 中大型项目开发经验, Gin, 系统架构设计经验",15-25K,无锡,,2026-05-30 00:04:54
d24e2d80fba1af5c0nZ93tq0EFFX,工艺工程师,张家港市旭骏机械部件,100-499人,汽车零部件,大专,1-3年,,8-12K,无锡,,2026-05-30 00:04:54
d714c43db46c7a730nd839i6E1dT,调试工程师,东诺环保,20-99人,环保,大专,在校/应届,,4-5K,无锡,,2026-05-30 00:04:54
7260ab5156a29b8203172960E1ZX,工艺工程师,某中型消费电子公司,100-499人,消费电子,本科,5-10年,"机械加工制造经验, 轻工消费品经验, 仪器仪表经验, 电子/通信经验, 试产工程师（NPI）经验, 量产工程师（PE）经验, 现场工程师（ME）经验, 不需要出差, 手机经验, 电脑经验, 耳机经验, 物联网（IoT）设备经验, 智能穿戴设备经验",20-30K,无锡,,2026-05-30 00:04:54
896e1cc2ddefb7a01XJ53d20GFpY,销售工程师,思领,20-99人,计算机软件,学历不限,1-3年,"客户开发与维护, 售前/售后技术支持, 技术配合与沟通, 计算机软件, 商务谈判能力, 市场拓展能力, 计算机相关学历, 市场营销相关学历",5-10K,无锡,,2026-05-30 00:05:15
0c15161eeb12f4a103d92t2_ElZW,工艺工程师,无锡泰锐森贸易,100-499人,进出口贸易,大专,1-3年,"不需要出差, UG, AutoCAD, SolidWorks",9-14K,无锡,,2026-05-30 00:05:15
737e38f03f53ac3503Vz29W4FVpX,售后工程师,江苏祥环科技有限公司,100-499人,光伏,大专,经验不限,储能/新能源,5-10K·13薪,无锡,,2026-05-30 00:05:15
113655204e2476351H1729S5EFtV,电气工程师,某大型电气机械/器材公司,1000-9999人,电气机械/器材,本科,3-5年,欧姆龙NJ/NX,15-25K·14薪,无锡,,2026-05-30 00:05:15
3fe858c1c68f065f03d42dm-FlBS,采购工程师,ATW,1000-9999人,自动化设备,本科,3-5年,国内采购,8-13K·14薪,无锡,,2026-05-30 00:05:15
9d49461ec9d9af710ndy3Nu4GVNQ,电气工程师,无锡正佳自控系统,20-99人,自动化设备,学历不限,1-3年,,6-7K,无锡,,2026-05-30 00:05:15
5e6a1e40704dd71a03V63dS6E1dX,硬件工程师,某大型汽车研发/制造上市公司,10000人以上,汽车研发/制造,本科,5-10年,"硬件开发经验, 汽车电子行业, BLDC, 原理图",28-35K,无锡,,2026-05-30 00:05:37
8d82fe89aa58765803173Ny1EVZU,采购工程师,创恒激光,100-499人,自动化设备,本科,3-5年,"国内采购, 机械制造品, 自带供应商资源, 零配件, 大中型企业采购经验",10-15K·13薪,无锡,,2026-05-30 00:05:37
ceea4554a0db6c261HV53t25E1NT,售后工程师,联盟网聚科技有限公司,500-999人,回收/维修,大专,经验不限,"商业保险, 上门维修, 网点维修, 会用导航, 自备交通工具, 低压电工证, 系统培训",8-13K,无锡,,2026-05-30 00:05:37
5353d2340daf033e1n182t-8GVJT,测试工程师,无锡伟测,500-999人,半导体/芯片,本科,经验不限,"自动化测试, 硬件测试, 性能测试",9-10K·13薪,无锡,,2026-05-30 00:05:37
ea3e031c0984263203B-2ti9F1VZ,电气工程师,伊瑟半导体,20-99人,专用设备,本科,3-5年,,8-12K·13薪,无锡,,2026-05-30 00:05:37
ba41eccc835e56b603163d-_FFNX,销售工程师,东杰纺机专件,100-499人,金属制品,大专,经验不限,"售前/售后技术支持, 客户开发与维护, 电气相关学历, 机械设备/机电/重工, 机械相关学历",5-10K,无锡,,2026-05-30 00:05:37
8f615e3f3470b4250nB53N25EFFW,质量工程师,宏盛换热,500-999人,机械设备/机电/重工,大专,3-5年,"需要出差, 接受无质量管理经验",5-10K,无锡,,2026-05-30 00:05:59
d6ce2d9041165fb61HN83Ni7FVdU,结构工程师,无锡文教印务,500-999人,印刷/包装/造纸,大专,3-5年,包装结构,12-15K,无锡,,2026-05-30 00:05:59
a78925a869bd1bc40nB73t66FFNV,采销工程师,贵州栩霖,0-20人,进出口贸易,学历不限,1-3年,,5-10K,无锡,,2026-05-30 00:05:59
62c5d19b415778180nd93tu1FVdU,电气工程师,聚泰机械,20-99人,专用设备,大专,3-5年,"BOM, 电气原理图设计, 熟悉PLC编程, PLC编程, 熟悉HMI技术, Eplan",10-11K·13薪,无锡,,2026-05-30 00:05:59
e2c000c82c3546891nR93Ny0FlVY,运维工程师,西维斯,100-499人,智能硬件,中专/中技,经验不限,"运维工程师, 网络运维",4-5K,无锡,,2026-05-30 00:05:59
e6d686916e762e981HF93tu8E1FS,售后工程师,无锡博而远,100-499人,自动化设备,大专,1-3年,"计算机/通信相关专业, 机械/电子工程相关专业, 机械/机电设备技术支持经验",10-15K,无锡,,2026-05-30 00:05:59
09ec89e02b4dabc20nB-3N69F1VQ,检测工程师,科信,100-499人,其他行业,大专,1-3年,"生物科学设施, 了解常用空调系统, 暖通，空调，洁净室，环境检测，验证, 了解中央空调知识, AutoCAD, 负责驻场, 医疗建筑, 较多外派, 较多出差, 验收评定",5-8K,无锡,,2026-05-30 00:06:20
1a5c2204a14463850nd70t6_GVBV,电气工程师,江阴升辉包装,500-999人,印刷/包装/造纸,本科,5-10年,,8-13K,无锡,,2026-05-30 00:06:20
c7bdcc20a8061b890nR409-_EFZR,软件工程师,江苏虎虎机电科技...,20-99人,半导体/芯片,本科,1-3年,,8-13K,无锡,,2026-05-30 00:06:20
c1089004d4ebcd440nRz2Nm1GVtU,电气工程师,天奇股份,1000-9999人,自动化设备,本科,3-5年,PLC编程,8-13K,无锡,,2026-05-30 00:06:20
8cd671e46db8f4180nB72t29EVtX,采购工程师,LEBO SCIENCE,20-99人,仪器仪表,大专,3-5年,,8-10K·13薪,无锡,,2026-05-30 00:06:20
ca1fcbc42f80d76c1Hd73N69GVNS,匿名公司招聘电池工程师,某知名光伏公司,1000-9999人,光伏,硕士,3-5年,"研发工程师, 工艺工程师, 光伏电池, 光伏, 新能源",17-30K·16薪,无锡,,2026-05-30 00:06:20
cbb013dde551a70a03dy29-9F1dW,电子工程师,无锡某小型医疗器械公司,20-99人,医疗器械,本科,3-5年,,20-28K·13薪,无锡,,2026-05-30 00:06:41
94ff976c57392c771nJ93tq4GFFW,钣金工程师,新恒,20-99人,机械设备/机电/重工,大专,1-3年,"包吃包住, 八小时工作制",7-8K,无锡,,2026-05-30 00:06:41
56c00ebee63c9b751n1y3Ny9EVJU,设备运维工程师,长仪集团,500-999人,仪器仪表/工业自动化,本科,5-10年,"系统运维, 安全运维",10-15K,无锡,,2026-05-30 00:07:03
48a1ab6499cd0a9e0nd529u_FFpZ,测试工程师,江阴信邦,1000-9999人,电子/半导体/集成电路,本科,经验不限,,6-8K·13薪,无锡,,2026-05-30 00:07:03
6e8113e28d95a3c40nZ42t2_F1ZS,应用工程师,无锡迪普微视,20-99人,半导体/芯片,本科,3-5年,售前技术支持经验,12-20K·13薪,无锡,,2026-05-30 00:07:03
9c7ed3702bd43b520nB-39u4FFRW,电气工程师,无锡普瑞精密技术,20-99人,专用设备,本科,3-5年,"CAD, PLC工程师, eplan, 三菱, 西门子",10-15K,无锡,,2026-05-30 00:07:03
c4faa37e8ba0444e03Z_2tu_E1ZR,对日IT运维工程师（日语流利）,软唐信息科技,0-20人,计算机软件,大专,3-5年,,7-10K,无锡,,2026-05-30 00:07:03
ec0fae7eaac4354f0ndy2NS8GFBY,夹具工程师,无锡坤陆科技有限公司,0-20人,专用设备,大专,3-5年,"三菱数控系统经验, 手动编程经验, 需要夜班, 模具加工经验, MasterCAM, 要求CNC/数控经验, 数控加工中心经验, 需要倒班, 操机调机经验, 精密零部件加工经验, UG, 自动化零件加工经验, 电脑编程经验, 非标准件加工经验, 新代数控系统经验, SolidWorks, FANUC数控系统经验",7-12K,无锡,,2026-05-30 13:38:37
3202e39f2904c6220ndy3d--EFBX,硬件工程师,苏州某小型储能系统核心部件公司,20-99人,储能,本科,1-3年,,25-45K·13薪,无锡,,2026-05-30 13:39:40
27648bf53c104eb2031529u9FVFQ,算法工程师,杭州奈米科学仪器装备,20-99人,专用设备,本科,5-10年,"锂电池, 图像算法, 深度学习, 工业/缺陷检测, 图像处理库（OpenCV等）, 半导体缺陷检测",15-25K,无锡,,2026-05-30 13:40:01
4d6c66d02de28c111nV529q8FFdQ,研发工程师,无锡聚能新能源科技,20-99人,计算机软件,本科,1-3年,"电子/自动化相关专业, 嵌入式开发经验, 电路设计, DSP开发, C++, Linux, 单片机开发, 嵌入式软件开发, 嵌入式Linux, ARM开发",20-30K,无锡,,2026-05-30 13:40:22
36ccada9ef0c244703Zz3N6-E1dW,机电工程师,富拓智控,20-99人,机械设备/机电/重工,大专,1-3年,,5-8K,无锡,,2026-05-30 13:40:22
b03e3beb5dc57d640nR72N27FlVV,采购工程师,禹龙智装,100-499人,电气机械/器材,大专,3-5年,机械制造品,8-10K,无锡,,2026-05-30 13:40:43
1dc4429a5cd4b88d0nZy0tq0FlpS,MES设备集成工程师,人瑞网络科技,10000人以上,计算机硬件,大专,3-5年,MES,10-13K,无锡,,2026-05-30 13:40:43
d50a5b16ac0022941HJ_2t--EVpV,工艺工程师,无锡迈欣精密工业,20-99人,铁路/船舶/航空/航天制造,本科,3-5年,"不需要出差, UG, AutoCAD, 2D,3D软件, 机械加工制造经验, 航空制造, SolidWorks, Pro/E",9-14K,无锡,,2026-05-30 13:41:03
bcc1b3481ec008a61HR609i1GVBV,电气工程师,VTG GAGE,20-99人,自动化设备,本科,3-5年,"C++, PLC工程师, 电路设计, 汇编语言, 伺服, 机器人, 相机, 传感器",9-14K,无锡,,2026-05-30 13:41:03
15a0995691b944e11Xxz29i8FVdS,服务工程师,瑞尔医疗,100-499人,医疗器械,本科,经验不限,机械/机电设备,7-12K,无锡,,2026-05-30 13:41:03
44d89aab7e6d29d303V809S0GVFY,售后工程师,合肥亦威,100-499人,专用设备,高中,3-5年,"驻地, 售后",8-13K,无锡,,2026-05-30 13:41:03
38de730e6834da8b1HB62Ny-FVJU,机械工程师,森导智能,0-20人,自动化设备,大专,3-5年,有机械工程师经验,8-12K,无锡,,2026-05-30 13:41:03
c6ae71a2d48823d80nR62N67FldZ,工艺工程师,必创科技,500-999人,仪器仪表,大专,5-10年,,6-8K,无锡,,2026-05-30 13:41:24
3167c3500751dcd00nd-3dq1FlBS,电气工程师,惠然科技,100-499人,仪器仪表,大专,5-10年,"电路设计, 万用表, 烙铁",10-15K·13薪,无锡,,2026-05-30 13:41:24
e6ef19e3a7f767680nB609y_ElpQ,fpga工程师,无锡创信航电子科技,20-99人,计算机/通信/其他电子设备,硕士,3-5年,,15-20K,无锡,,2026-05-30 13:41:46
54b62a0f8996f11b03J83d-0E1BT,机械工程师,焙科智能,20-99人,自动化设备,本科,3-5年,"自动化机械经验, 绩效奖金, 钣金工艺, 装配工艺, AutoCAD, 非标设计经验, 整机设计经验, 加班费, SolidWorks, 液压工艺, 有机械工程师经验",10-15K·15薪,无锡,,2026-05-30 13:41:46
c7e5765bfbbb274f1XF92t-0GFFQ,电气工程师,灵鼎,20-99人,通用设备,本科,3-5年,PLC工程师,15-20K,无锡,,2026-05-30 13:41:46
a8840001a56db80b0nRy2t24E1BX,算法工程师,海斯凯尔,100-499人,互联网,硕士,1-3年,,20-30K·13薪,无锡,,2026-05-30 13:41:46
a0c9cb076e3509e81XJ_3tS6EFdY,测试工程师,普罗卡,20-99人,电子/半导体/集成电路,硕士,1-3年,"C++, 测试工作经验, 通信相关专业, 性能测试, 功能测试, 计算机相关专业, LabView",7-12K,无锡,,2026-05-30 13:41:46
49a395206c4ecd1a0nB53Ny9FVFU,抛光工程师,无锡启研光学科技,0-20人,半导体/芯片,高中,经验不限,月结,4-9K,无锡,,2026-05-30 13:46:16
7a48f21fc6fe81120nB439S0EVBR,销售工程师,上海青拓,20-99人,批发/零售,大专,1-3年,"业务创新能力, 市场拓展能力, 技术转销售, 青山创新钢种",8-9K·13薪,无锡,,2026-05-30 13:46:37
983990826cfdee3d03Ny39y4FFVX,硬件工程师,印题宝,20-99人,互联网,大专,3-5年,,10-15K·13薪,无锡,,2026-05-30 13:46:37
f444460e148031b40nZ52dW7F1BU,视觉工程师,江松科技股份有限公司,1000-9999人,专用设备,本科,5-10年,,20-25K,无锡,,2026-05-30 13:46:37
b82aef298b7a2ee30nB-2tu7GVtT,设备工程师,吉姆西,1000-9999人,半导体/芯片,本科,3-5年,,7-10K,无锡,,2026-05-30 13:46:59
0ae0c0dcfe5894970nB53dy1GVpS,质量工程师,ATW,1000-9999人,自动化设备,本科,在校/应届,,8-12K·14薪,无锡,,2026-05-30 13:47:20
361299aa775ebab50nB42N2_FFdV,运维工程师,同芯恒通,20-99人,半导体/芯片,本科,经验不限,"网络运维, 系统运维, Linux, 虚拟化",15-20K,无锡,,2026-05-30 13:47:20
97d4e41f4323fed90nd-39q9F1RU,采购工程师,求之科技,100-499人,智能硬件,本科,1-3年,,8-10K,无锡,,2026-05-30 13:47:20
fd67b5bb1f6d1a420nZ72Ni8F1FS,硬件工程师,某大型新能源公司,1000-9999人,新能源,本科,3-5年,,25-35K·15薪,无锡,,2026-05-30 13:48:02
503dc57866cb06030nV83tq6E1RQ,项目工程师,全盛集团,1000-9999人,汽车零部件,本科,3-5年,,6-10K,无锡,,2026-05-30 13:48:02
eaca74670aa45cf90nZ539W9GVpW,项目工程师,无锡航征,20-99人,智能硬件,大专,1-3年,,6-8K,无锡,,2026-05-30 13:48:02
d8d03095d9e59630031z0t20FVNW,染整工程师,华澄生物,20-99人,生物/制药,大专,经验不限,"染整研发, 面/辅料质检, 纺织/染整专业, 供应商资源",7-12K·13薪,无锡,,2026-05-30 13:48:23
f6a48c2c6c7fb7b00nd629S9E1JU,机械工程师,无锡某大型新能源智能装备上市公司,10000人以上,智能硬件,本科,5-10年,,19-27K·14薪,无锡,,2026-05-30 13:49:05
dc2b915904410bc503By2tm_GVNY,车灯工程师,常熟龙创,20-99人,汽车零部件,大专,3-5年,"内外饰, Catia, 电池, 设计软件, 汽车工程相关专业, 电子相关专业",15-30K,无锡,,2026-05-30 13:49:05
2cfc4cf53605b2050nB-2N69F1NW,质量工程师,无锡华测,100-499人,电子/硬件开发,本科,5-10年,,11-16K·13薪,无锡,,2026-05-30 13:54:11
d27f4b02eceeab221XR-0ti6EldY,门盖工程师,上汽大通,1000-9999人,汽车研发/制造,本科,5-10年,"CATIA, 汽车开闭件, 机械相关专业, 三维设计, 商用车, 开闭件, 汽车门锁",12-16K·14薪,无锡,,2026-05-30 13:54:11
c584f5a639f8986003V439S6EFBT,射频工程师,无锡京济通信科技,0-20人,通信/网络设备,本科,1-3年,"通信相关专业, 电子/电磁场/微波相关专业, CST/HFSS/ADS",11-20K,无锡,,2026-05-30 13:54:11
f44d2a4b395699ec0nB63N6-E1tR,电气工程师,徐氏雷霆,500-999人,进出口贸易,学历不限,1-3年,,8-13K,无锡,,2026-05-30 13:54:11
37b237e6985ea8a30nB-3dS9FFVS,外贸工程师,江南奕帆,100-499人,仪器仪表/工业自动化,本科,经验不限,"市场信息搜集与分析, 技术配合与沟通, 对机构 (To B) 销售经验, 商务谈判能力, 技术转销售, 市场拓展能力, 机械相关学历, 市场营销相关学历, 管理相关学历",6-8K,无锡,,2026-05-30 13:54:11
aa7eab13ca83beda0ndz3t21GVFX,现场工程师,人本集团有限公司,10000人以上,通用设备,本科,在校/应届,"有机械工程师经验, UG, 机电设备经验, 非标设计经验",6-8K,无锡,,2026-05-30 13:54:11
bd01a00a24d596270nd-0ti0EFRX,铸造工程师,江苏某大型风电设备制造上市公司,1000-9999人,其他行业,本科,5-10年,"机械加工制造经验, AutoCAD, UG, 不需要出差",15-30K,无锡,,2026-05-30 13:54:11
7d01933bc3867f910nZz3dW8EFVW,质量工程师,江苏延立,100-499人,汽车零部件,大专,5-10年,,6-10K,无锡,,2026-05-30 13:54:11
a5a2de8c475c7d1e0nV83tq1GFZV,质量工程师,江苏某大型半导体封装材料公司,1000-9999人,半导体/芯片,大专,3-5年,"有质量管理经验, 不需要出差, 半导体经验, 涂布行业, 胶带、保护膜",20-21K,无锡,,2026-05-30 13:54:11
58a0611081faa5331HN739-7FFZW,运维工程师,百世盛景科技,0-20人,智能硬件,学历不限,1-3年,"售前/售后技术支持, 计算机/通信相关专业, IT技术支持经验, 售后支持/客户响应经验",15-25元/时,无锡,,2026-05-30 13:54:33
d20190be725331a60ndy29W8E1JZ,制程工程师,帕瓦德,20-99人,智能硬件/消费电子,大专,3-5年,"不需要出差, AutoCAD, PCBA, 量产工程师（PE）经验, 试产工程师（NPI）经验, 物联网（IoT）设备经验, 电子系统经验, 汽车经验, 电子/通信经验, 现场工程师（ME）经验",7-10K,无锡,,2026-05-30 13:54:33
9069b98c5c80dc590ndz2t-9EFRS,弱电工程师,无锡科兴设备工程,0-20人,机电工程,本科,1-3年,"二级建造师, 经常外派, 楼宇自控系统, 商业综合体, 方案设计, AutoCAD, 智能照明系统, 公共广播系统, 安装施工, 产业园区, 住宅小区, 酒店, 计算机网络系统, 公共建筑, 综合布线系统",6-10K,无锡,,2026-05-30 13:54:33
da301b3b0b0a7b0e0nZ42dS_GFVQ,销售工程师,艾特克阻燃材料,20-99人,化工,本科,1-3年,,6-10K,无锡,,2026-05-30 13:54:33
65f44a779fd5a7ca1nZ9392_ElFS,销售工程师,伊诺特过滤系统,20-99人,环保,大专,1-3年,"销售工程师, 大客户代表, 机械销售, 外企客户, 互联网销售, 政府客户, 环保销售, 销售经理",13-26K·16薪,无锡,,2026-05-30 13:54:33
4c371bd5a14040cf0nd909W7EFFQ,视觉工程师,博尔福智能装备,0-20人,自动化设备,大专,3-5年,,8-13K·13薪,无锡,,2026-05-30 13:54:33
18fc6d15cf9e645c1HB839S4ElNW,销售工程师,江苏金润汽车,100-499人,汽车零部件,大专,3-5年,"市场信息搜集与分析, 技术配合与沟通, 客户开发与维护, 机械相关学历",10-15K,无锡,,2026-05-30 13:54:33
4929f3c13b5be7481HZ42d2-FVpW,unity3d工程师,无锡艺广新媒体营销,20-99人,广告营销,本科,1-3年,"Unity3D, C/C++",10-14K,无锡,,2026-05-30 13:54:33
f3cebb004943cf5f03F92NW9EFc~,爱可信招聘质量管理/测试工程师,爱可信,100-499人,仪器仪表/工业自动化,大专,1-3年,"内审员证, ISO标准, 供应商质量",7-9K,无锡,,2026-05-30 13:54:33
edae5e9c268d504e1HZ72dW0ElZU,质量工程师,无锡亮源,100-499人,半导体/芯片,本科,3-5年,"激光器, 设计/研发质量工程师, 制程质量工程师",8-13K·13薪,无锡,,2026-05-30 13:54:33
a1e3f11f63d43cdf03N63tm4E1JZ,质量工程师,前程包装,500-999人,印刷/包装/造纸,大专,3-5年,"ISO14001经验, 能源/环保/化工经验, 不需要出差, 包装/印刷/造纸经验, PQE经验（制程）, QC七大手法, 机械加工制造经验, ISO9001经验, SQE经验（供应商）, CQE经验（客户）, 有质量管理经验, 8D报告经验",8-9K,无锡,,2026-05-30 13:54:54
4612f2ad9183b54103B-09S5EVZQ,技术工程师,江苏安科瑞,500-999人,智能硬件,本科,经验不限,"不需要出差, 仪器仪表经验, AutoCAD",6-7K·13薪,无锡,,2026-05-30 13:54:54
13f88fa59b25c4d30nVy39m1GVRW,工艺工程师,深纳普思集团,500-999人,医疗健康,本科,经验不限,"不需要出差, 智能穿戴设备经验, 电脑经验, 量产工程师（PE）经验, 物联网（IoT）设备经验, 试产工程师（NPI）经验, 制药/医疗经验, 轻工消费品经验, 手机经验, 电子/通信经验, 耳机经验, 现场工程师（ME）经验",11-22K·13薪,无锡,,2026-05-30 13:54:54
8c5849f7aa10071b03d_09i_E1pR,项目工程师,逸航汽车,100-499人,通用设备,本科,5-10年,,12-20K·13薪,无锡,,2026-05-30 13:54:54
afff366f649937b41X182N66EFFX,焊机工程师,允升科技,20-99人,金属制品,学历不限,经验不限,"精密仪器, 设备保养/维修, 立焊, 仰焊, 焊工上岗证, 重型机械, 自动化, 焊接作业, 气焊, 激光焊, 横焊, 压力焊",6-10K,无锡,,2026-05-30 13:54:54
db4c658594155a731HBz3ty_ElVV,国泰精密招聘机修工,国泰精密,1000-9999人,汽车研发/制造,中专/中技,5-10年,包吃住,12-18K,无锡,,2026-05-30 13:54:54
418ed2b02f1154ff0nd939q7GVdV,销售工程师,广东宏昊化工江苏部,100-499人,化工,大专,3-5年,"市场拓展能力, 市场信息搜集与分析, 化工, 商务谈判能力, 技术配合与沟通, 客户开发与维护, 售前/售后技术支持, 市场营销相关学历, 化学化工相关学历, 技术转销售, 制定产品/服务方案, 业务创新能力, 对机构 (To B) 销售经验, 项目跟踪",5-6K,无锡,,2026-05-30 13:54:54
40d90472b1a5b9410nB-3Nm1EFVZ,销售工程师,无锡真源科技有限公司,20-99人,通信/网络设备,本科,3-5年,,9-14K,无锡,,2026-05-30 13:54:54
1d51d24118e5020f1HB-29W6EVBV,焊接工程师,飞挺管业,100-499人,通用设备,本科,1-3年,"工艺设计, 重型机械, 焊接作业, 电弧焊, 钢结构, 电阻焊, 压力焊, 中级职称及以上",8-12K·13薪,无锡,,2026-05-30 13:54:54
b6ffe96ab171e3aa0nB-2d-7E1VS,安全工程师,远景能源,1000-9999人,风电,本科,5-10年,,20-25K·13薪,无锡,,2026-05-30 13:55:16
f1d88cb25143beb80nV83Nm4GVdU,专利工程师,知更鸟,20-99人,检测/认证/知识产权,本科,1-3年,,7-12K,无锡,,2026-05-30 13:55:16
73fbfd1ac8a61fe603V539u4E1FT,电气工程师,无锡走飞科技有限公司,20-99人,仪器仪表/工业自动化,大专,经验不限,自动化 编程 电路设计,7-12K·13薪,无锡,,2026-05-30 13:55:16
44ac46b49872e62f0nd829-5FVJX,销售工程师,安集科技,500-999人,化工,本科,1年以内,,8-12K,无锡,,2026-05-30 13:55:16
458d98b22921348e0ndy2d69EFtT,电气工程师,轩田科技,500-999人,人工智能,大专,3-5年,,11-18K·13薪,无锡,,2026-05-30 13:55:16
45f6da0b2f9119f30nV529S5EVBY,销售工程师,卓海科技,100-499人,电子/半导体/集成电路,本科,经验不限,"对机构 (To B) 销售经验, 机械设备/机电/重工, 电子/半导体/集成电路, 仪器仪表/工业自动化",10-15K·15薪,无锡,,2026-05-30 13:55:16
cb42db9922b580f30nB70t20FVpQ,算法工程师,博彦科技承德有限公司,10000人以上,互联网,大专,3-5年,,13-14K,无锡,,2026-05-30 13:55:16
b0701d1900f7940b03B829y_EFFX,研发工程师,江阴信承电子有限公司,100-499人,汽车零部件,本科,1-3年,,6-10K·13薪,无锡,,2026-05-30 13:55:16
6b31ebcb97e693330ndz3ti_E1FT,工艺工程师,无锡海古德新技术,100-499人,半导体/芯片,本科,3-5年,,10-15K,无锡,,2026-05-30 13:55:16
2e4f51a8ce60944203J629i-FltV,质量工程师,某大型半导体公司,100-499人,电子/半导体/集成电路,本科,3-5年,"生产质量管理, PQA/PQE",20-25K·17薪,无锡,,2026-05-30 13:55:16
b7cf9d763606107e03xz2du_EVtY,销售工程师,无锡缘溪自动化科技,0-20人,计算机/通信/其他电子设备,本科,经验不限,,5-8K,无锡,,2026-05-30 13:55:38
dc1036b3a913ef731HR52Ny6EltU,技术工程师,江苏新工,100-499人,专用设备,本科,3-5年,"技术研发, 吊索具, CAD, ANSYS, 二维制图, SolidWorks, 三维制图, 机械设计",10-15K,无锡,,2026-05-30 13:55:38
79037479f0dd5bb91XJz3dS-ElFV,算法工程师,无锡宝通科技,1000-9999人,电气机械/器材,本科,经验不限,,13-25K·13薪,无锡,,2026-05-30 13:55:38
1e065d661775b9cc0nd_3t67FFFV,qpm工程师,某原材料及加工公司,20-99人,原材料及加工/模具,大专,3-5年,"DQE经验（研发）, 不需要出差, PQE经验（制程）, QC七大手法, 项目管理经验, 其他, CQE经验（客户）, 有质量管理经验, 8D报告经验",20-25K,无锡,,2026-05-30 13:55:38
9acd7d79aad54a3a0nB42Ni9EFFY,光学工程师,始终医疗科技有限公司,20-99人,医疗器械,本科,3-5年,,14-20K,无锡,,2026-05-30 13:55:38
f4afca34933c0f640nR82t6_FFNX,认证工程师,无锡格林通,100-499人,仪器仪表,大专,1-3年,"企业内部岗位, CCC/3C认证",8-10K,无锡,,2026-05-30 13:55:38
88c7aabc86e10e4b03V52tq0GFVS,锻造工程师,江阴市方鑫锻压,20-99人,专用设备,大专,5-10年,"锻造, 钢, AutoCAD, UG, SolidWorks, 英语可作为工作语言, 机械工程专业, 金属冶炼相关专业",10-15K,无锡,,2026-05-30 13:55:38
130710b75675a6810nB62dm_EFNS,工艺工程师,博世中国 / 集团,10000人以上,智能硬件,本科,1-3年,,10-15K·15薪,无锡,,2026-05-30 13:55:38
5e9bb53cba576a7003Fy39q5F1NV,焊接工程师,文汇钢业,500-999人,其他制造业,本科,3-5年,"重型机械, 钢结构",15-18K,无锡,,2026-05-30 13:55:38
8c8c17ca7fa0d8d30nd53N67FFRT,电气工程师,无锡某大型新能源智能装备上市公司,10000人以上,智能硬件,本科,3-5年,,15-26K·13薪,无锡,,2026-05-30 13:55:38
45a84bcf18306f3c1XV_2Ni-FFRS,采购工程师,无锡联泰科技有限公司,20-99人,通用设备,大专,5-10年,"国内采购, 机械制造品, 机械部件, 自带供应商资源, 零配件, 大中型企业采购经验, 机加工件, 轴承, 成品/样品",9-10K·14薪,无锡,,2026-05-30 13:55:38
abd813e2bc5e1d570nd73dS_FFpT,装配工程师,集萃华科,100-499人,铁路/船舶/航空/航天制造,中专/中技,1-3年,"仪器仪表, 装配工艺, 安装调试, 整机装配, 设备调试",6-10K,无锡,,2026-05-30 13:55:38
7f635865707fcd6e0nB52tq0GFJW,质量工程师,中村精机,100-499人,自动化设备,大专,1-3年,"有质量管理经验, 需要出差, 机械加工制造经验, IATF 16949经验, ISO9001经验, CQE经验（客户）, 8D报告经验, QC七大手法, 项目管理经验, 团队管理经验, 内审员资格证",10-13K·13薪,无锡,,2026-05-30 13:56:00
651bfc4d0173c2a90nd539S7EFdW,调试工程师,敏行,20-99人,自动化设备,大专,3-5年,,5-8K,无锡,,2026-05-30 13:56:00
3c775fbf2ed4e2d90nd-2tq-FlJQ,工艺工程师,某大型化工公司,100-499人,化工,本科,3-5年,,15-25K,无锡,,2026-05-30 13:56:00
bd42addb275187d903d72N28EFtZ,pe工程师,伟博科技,100-499人,汽车研发/制造,本科,3-5年,,14-20K,无锡,,2026-05-30 13:56:00
dc25995d7247ca281HB52dm-GFRV,测试工程师,无锡伟测,500-999人,半导体/芯片,本科,1-3年,测试工作经验,7-11K·13薪,无锡,,2026-05-30 13:56:00
1a5f3213cf1ba3d21HZ-0tm7ElRS,电机工程师,顶格电力设备江阴,100-499人,专用设备,本科,经验不限,"研发工程师, 熟悉永磁同步电机, 英语可用于工作",7-12K·13薪,无锡,,2026-05-30 13:56:00
c3dd159ae3349f7103F62t-1FFpT,结构工程师,无锡贝恩,100-499人,医疗器械,本科,5-10年,结构设计,8-12K,无锡,,2026-05-30 13:56:00
61573cf0ed64ca8603V52Nq_GFBU,暖通工程师,镁迪,0-20人,建筑设计,大专,1-3年,"生物科学设施, 了解常用空调系统, 方案设计, 有暖通工程经验, 了解中央空调知识, 医疗建筑, 有BIM相关经验, 图纸绘制/审核",6-10K,无锡,,2026-05-30 13:56:00
82dd8f7125cea5fe03Bz39S4FFZQ,机械工程师,淄博某大型医疗器械上市公司,1000-9999人,医疗器械,本科,5-10年,"超声设备, 流体仿真, 材料应用",20-30K·13薪,无锡,,2026-05-30 13:56:00
f1ed6ec4f34fc7b80ndz0tS4GVRW,销售工程师,中正锅炉,500-999人,机械设备/机电/重工,本科,1-3年,"客户开发与维护, 项目跟踪, 技术配合与沟通, 售前/售后技术支持, 对机构 (To B) 销售经验, 工业设备销售经验, 商务谈判能力, 大中型企业销售经验, 技术转销售, 机械相关学历, 机械设备/机电/重工, 能源",6-11K,无锡,,2026-05-30 13:56:00
e3f264204b9dde8a03d8296_FFRW,模具工程师,江苏鹏德工业科技,100-499人,汽车零部件,本科,5-10年,"铸造经验, 家用电器, 汽车, AutoCAD, 挤出经验, 有模具工程师经验, 冲压经验, SolidWorks, 钣金经验",11-20K·14薪,无锡,,2026-05-30 13:56:00
f4868bcee8a063350nB-29y6FFZU,售后工程师,恩纳基,100-499人,自动化设备,大专,1-3年,自动化,8-13K·13薪,无锡,,2026-05-30 13:56:22
f0e1e2b79751756203N93d2-EVpQ,采购工程师,雅克科技,500-999人,化工,本科,5-10年,"国内采购, 国外采购, 化工能源, 原材料, 大中型企业采购经验, 财会知识丰富",15-20K·13薪,无锡,,2026-05-30 13:56:22
9942255673187f890nR93N27ElNZ,研发工程师,开能华宇,100-499人,环保,本科,3-5年,"团队管理经验, 玻璃材料经验, 高分子材料经验, 铁路/船舶/航空/航天经验, 仪器仪表经验, 材料选型经验, 复合材料经验, 其他, 塑料材料经验, 轻工消费品经验, 材料改性经验, 电子/通信经验, 高分子材料相关专业, 无机非金属材料相关专业, 化学相关专业, 材料合成经验, 复合材料相关专业",5-10K,无锡,,2026-05-30 13:56:22
af38f0287a2c560a0nRz2t-0GFFQ,总工程师,某知名通用设备上市公司,1000-9999人,通用设备,本科,10年以上,,35-50K·15薪,无锡,,2026-05-30 13:56:22
54ec89f68029c0cf03R92Nm9ElNX,体系工程师,无锡顺铉,100-499人,橡胶/塑料制品,本科,5-10年,"ISO9001, 内审员资格证, IATF16949, CISSP/CISP/CISA, ISO14001",7-10K,无锡,,2026-05-30 13:56:22
3f68e6c4d60cc4510nB_2tS1FlBQ,设备工程师,江阴信邦,1000-9999人,电子/半导体/集成电路,大专,经验不限,"要求有机械设备工程师经验, 电子/通信设备经验, 汽车机械经验, 仪器仪表经验, 设备维修/保养经验, 企业（甲方）, 不需要出差",6-7K·13薪,无锡,,2026-05-30 13:56:22
80352d5ec8cba5011XJz3NW9FFNR,售后工程师,尤尼科恩,0-20人,自动化设备,中专/中技,1-3年,"汽车, 机械/机电设备",9-12K,无锡,,2026-05-30 13:56:22
5cec8d85316ba2470nV63tq_FVZQ,IE工程师,远景动力,1000-9999人,汽车零部件,大专,5-10年,,12-20K,无锡,,2026-05-30 13:56:22
1b9aeca781f11fa31n163925FVtY,激光工程师,雷腾光电,0-20人,自动化设备,大专,1-3年,"技术沟通, 产品咨询, 激光焊接，设备维护",6-10K,无锡,,2026-05-30 13:56:22
2a135d19e416a42a0nB_29S-FFFT,售后工程师,亚笙半导体,100-499人,专用设备,中专/中技,经验不限,,5-8K·13薪,无锡,,2026-05-30 13:56:22
ce00d61be78b157e03N-09u0EVVQ,测试工程师,国仪量子,500-999人,仪器仪表,本科,在校/应届,,7-10K,无锡,,2026-05-30 13:56:42
55944f275acef0b70nV82Nu9EFpT,电机工程师,造梦者,500-999人,互联网,本科,3-5年,"电机, 电磁, 无刷直流电机",15-25K,无锡,,2026-05-30 13:56:42
f94b1ace2dc0ed3c03V-2dS7GVVT,采购工程师,美尔凯威,20-99人,汽车零部件,大专,5-10年,,6-9K,无锡,,2026-05-30 13:56:42
6abf1c00486565f00nd809q8E1pW,采购工程师,天奇股份,1000-9999人,自动化设备,本科,1-3年,,6-8K,无锡,,2026-05-30 13:56:42
a67f436f0d101a5e03F92d-7EFJU,安全工程师,上海欧本建筑工程,20-99人,建筑工程咨询服务,大专,3-5年,"安全教育, 安全员C证, 安全技术交底, 安全台账",9-11K,无锡,,2026-05-30 13:56:42
749007a6e13bc9bd03B53di6FFFS,质量工程师,程天科技,100-499人,智能硬件/消费电子,本科,5-10年,"电子, 机械, 自动化",15-25K,无锡,,2026-05-30 13:56:42
266ccf0b43747f9a03143N21F1JU,测试工程师,木牛领航,20-99人,智能硬件/消费电子,本科,3-5年,,10-15K,无锡,,2026-05-30 13:56:42
7dbbe291a39922631Xx52d68F1FW,SQE工程师,无锡仲汉,100-499人,电子/半导体/集成电路,大专,经验不限,物料供应商,4-5K,无锡,,2026-05-30 13:56:42
ac23c7f9df584cc503d43ti_GVdZ,路试工程师,埃梯梯,500-999人,汽车零部件,本科,5-10年,,13-18K,无锡,,2026-05-30 13:56:42
c72a835b931edce30nd_29-_FlVY,fae工程师,智驰华芯,20-99人,仪器仪表,本科,1-3年,,6-9K,无锡,,2026-05-30 13:56:42
778dd53f95bdeb650nd72d68ElNW,暖通工程师,欧龙德科技有限公司,0-20人,专用设备,大专,3-5年,"有暖通工程经验, 暖通工程设计经验, 制冷工程经验, 通风工程经验, 空调工程经验, 3-5年暖通工程经验, AutoCAD, BIM, 不需要长期出差/驻场",8-12K·13薪,无锡,,2026-05-30 13:56:42
1e3d8160046ed8bf031y39S4FVRW,电气工程师,无锡登贵自动化,0-20人,机电工程,本科,3-5年,"PLC工程师, 电控工程师",6-8K,无锡,,2026-05-30 13:57:03
3287e769461250980nd90ti5EldQ,java工程师,长沙市云牛机器人科技,20-99人,计算机硬件,本科,3-5年,,12-24K,无锡,,2026-05-30 13:57:03
3356b0bf7212f4c20nd_2dq5FFNW,测试工程师,无锡世优检测有限公司,20-99人,检测/认证/知识产权,大专,3-5年,,7-9K,无锡,,2026-05-30 13:57:03
9fa99a68129b37100nZ62ti8ElFS,硬件工程师,江苏驭驱,20-99人,新能源汽车,本科,3-5年,"汽车硬件产品, 机械设计制造相关专业, 电池/电源类产品, 电子电气/自动化相关专业, 硬件开发经验",15-25K,无锡,,2026-05-30 13:57:03
5dffa16de714faf10nV60ty8FlFZ,售前工程师,佰倬公司,20-99人,计算机软件,本科,在校/应届,计算机/通信相关专业,7-12K,无锡,,2026-05-30 13:57:03
466e732388e815dd33Fy0tW9FFQ~,运维工程师,奥康环保,20-99人,专用设备,中专/中技,1-3年,自动化运维,6-7K,无锡,,2026-05-30 13:57:03
c73ddbe24b3f3b5003Nz2NS-EVVX,FPGA工程师,无锡领声科技有限公司,20-99人,其他新能源,本科,3-5年,"PCIe开发经验, 超声, PCIE, 高速信号采集",15-30K·14薪,无锡,,2026-05-30 13:57:03
c1c1be33de06c0cd03Z-09y9GFVV,硬件工程师,无锡某中型自动化设备公司,500-999人,自动化设备,本科,5-10年,"数字电路设计, Candence/Allegro, OrCAD, 微电子专业, 电子电气/自动化相关专业, 伺服电机, 伺服驱动",20-35K·13薪,无锡,,2026-05-30 13:57:03
7d740cf8579c1a320nZ53N26EVNZ,维保工程师,海澜智云,100-499人,计算机服务,中专/中技,3-5年,,6-9K·13薪,无锡,,2026-05-30 13:57:03
fe3a3c433e17fd8203F50ty9FVZS,售后工程师,日联科技集团,1000-9999人,自动化设备,大专,3-5年,"接线图, 机械/电子工程相关专业, 电路图",7-10K,无锡,,2026-05-30 13:57:03
240cc48430f124f11HV_3dW8F1dS,助理工程师,中沛科技,100-499人,医疗器械,本科,1-3年,"三维绘图软件, 医疗器械研发",6-10K·13薪,无锡,,2026-05-30 13:57:24
757396ee6fa136240nRz2Ny_FVpW,研发工程师,神宇股份,500-999人,通信/网络设备,本科,5-10年,,7-12K,无锡,,2026-05-30 13:57:24
2ab56a4af93a71780nRz3d69EVVV,总工程师,江苏巨亘建筑科技,20-99人,建筑设计,本科,10年以上,,7-10K,无锡,,2026-05-30 13:57:24
0cd981e9e4ebbc3a0nB-29m_FVVR,实施工程师,无锡中育智慧数字技术,20-99人,互联网,本科,1年以内,,5-8K,无锡,,2026-05-30 13:57:24
6083491a6fd935ec0nVy29i_GFZV,电气工程师,无锡亿龙精工,0-20人,专用设备,大专,3-5年,PLC工程师,8-12K,无锡,,2026-05-30 13:57:24
c95929d086f3734503F_3tW6EFpX,SAP开发实施工程师,某大型电子/半导体/集成电路公司,1000-9999人,电子/半导体/集成电路,本科,5-10年,,20-40K·18薪,无锡,,2026-05-30 13:57:24
bb105304487687310nB42966GFJX,机械工程师,优燃科技,0-20人,专用设备,本科,3-5年,"自动化机械经验, AutoCAD, 非标设计经验, 整机设计经验, SolidWorks, 重型机械经验, 有机械工程师经验",7-9K·13薪,无锡,,2026-05-30 13:57:24
1cf7568b52adb3020nB62di_E1BW,客服工程师,山东新华医疗器械...,100-499人,医疗器械,大专,1-3年,简单的电脑手机操作，电子维修知识,6-8K,无锡,,2026-05-30 13:57:24
514e0a643b99b7b71HN63tm6GVpQ,【无锡电网】运维工程师,济拓,100-499人,智能硬件,本科,1-3年,"MySQL/Oracle, 系统运维",5-7K,无锡,,2026-05-30 13:57:24
4ec87750ae4beeb40ndz3t65EFFT,测试工程师,无锡海潮,20-99人,电气机械/器材,大专,经验不限,"性能测试, 功能测试",5-6K,无锡,,2026-05-30 13:57:24
e3b6d1dcd5acfac90nB_2NW1EFpW,质量工程师,江苏云雀机器人,500-999人,通用设备,本科,1-3年,"有质量管理经验, 不需要出差, 半导体经验, 机械加工制造经验, QC七大手法, 内审员资格证",7-10K,无锡,,2026-05-30 14:01:32
ba4beb2b46a64a630nRy39W6EVNU,销售工程师,赫伽力,20-99人,仪器仪表,大专,3-5年,,8-13K,无锡,,2026-05-30 14:01:53
bb4de2ec6b19af1a0ndz3NW6EFBR,机械工程师,无锡某大型智能硬件上市公司,10000人以上,智能硬件,本科,3-5年,,17-27K,无锡,,2026-05-30 14:02:57
ac92e943b9ca80ec0nZ50964FltU,采购工程师,布拉特,100-499人,电子/硬件开发,本科,3-5年,"国内采购, 机械制造品, 能看懂机械图纸, 零配件, 包装, 英语可作为工作语言, 原材料",8-10K·13薪,无锡,,2026-05-30 14:03:18
a592080ac112e24203Z53tm6E1BT,采购工程师,曲速科技,20-99人,金属制品,本科,3-5年,"国内采购, 机械制造品, 零配件, 原材料, 大中型企业采购经验, 钣金, 非标结构件, 风机",6-10K,无锡,,2026-05-30 14:03:40
2172671fe7be4c1d0nB-29q0FlBT,运维工程师,上海量魁私募基金管理,20-99人,基金,本科,1-3年,,15-20K,无锡,,2026-05-30 14:04:01
38c8ddd84d214b6d0nB43N-_E1ZX,质量工程师,贝诺塑胶,20-99人,其他行业,高中,5-10年,"有质量管理经验, 包装/印刷/造纸经验, ISO9001经验, PQE经验（制程）, 8D报告经验, 内审员资格证, 不需要出差, 退休人员优先",5000-10000元/月,无锡,,2026-05-30 14:04:01
cdbba83722b380b70nd839u8E1JY,售后工程师,魅杰半导体,100-499人,半导体/芯片,大专,经验不限,"机械/机电设备技术支持经验, 机械/机电设备, 可适应出差",8-12K,无锡,,2026-05-30 14:04:23
a201d25ef2c9573703B92960FlVW,运维工程师,江苏维姆信息技术,0-20人,信息安全,学历不限,经验不限,,3-5K,无锡,,2026-05-30 14:04:44
0cd7defcc48e6c580nd63dW0E1VW,运维工程师,朗新科技,1000-9999人,计算机软件,本科,3-5年,,10-15K,无锡,,2026-05-30 14:04:44
c211ce069677a0d80nZ_0tm4F1tW,PE工程师,紫光同芯微电子,1000-9999人,半导体/芯片,本科,1-3年,,7-9K·13薪,无锡,,2026-05-30 14:04:44
82530c8a3738860b0nB63Ny0E1dX,变压器工程师,广州贝拿科技有限公司,20-99人,风电,大专,5-10年,,15-20K,无锡,,2026-05-30 14:09:50
7d78f3a7c2ce497c1HJy0924F1BQ,质量工程师,苏州楚硕,100-499人,汽车零部件,大专,3-5年,"制程质量工程师, 客户质量工程师",8-11K,无锡,,2026-05-30 14:10:31
a7529a5e48c3d8310nRy2tm9EFtW,工艺工程师,先导智能,10000人以上,智能硬件,本科,5-10年,"AutoCAD, SolidWorks, PLC编程软件, 不需要出差, 装配工艺, 机械工艺, 电气工艺",11-22K·14薪,无锡,,2026-05-30 14:10:31
b46ddd00b2271f9b0nZ629u9FlZS,管道工程师,无锡某大型通用设备制造公司,500-999人,通用设备,本科,3-5年,"ZWPD、E3D、, PDMS、SP3d",18-25K·15薪,无锡,,2026-05-30 14:10:51
049972989604da2603x92921FlJQ,机械工程师,无锡理奇智能装备,500-999人,专用设备,本科,在校/应届,接受无机械工程师经验,9-14K·14薪,无锡,,2026-05-30 14:10:51
54abc2232f0affc10ndy3924FFpY,产品工程师,逸航汽车,100-499人,通用设备,本科,5-10年,"五险一金, 带薪假期, 年终奖, 现场办公, 周末双休, 交通工具类",10-15K·13薪,无锡,,2026-05-30 14:11:13
cd801c4a391d4dc30nB63Ny9F1VR,工艺工程师,紫光青藤,100-499人,半导体/芯片,硕士,3-5年,,15-25K·14薪,无锡,,2026-05-30 14:11:55
ac17807f01c88b061Xx8296_EldV,机械工程师,欧司特动力技术(...,20-99人,通用设备,本科,1-3年,"AutoCAD, 压缩机, 非标设计经验, 整机设计经验, 机电设备经验, SolidWorks, 重型机械经验, 有机械工程师经验",11-18K·13薪,无锡,,2026-05-30 14:11:55
fd1a85db06f842c00nR53du7ElVV,FAE工程师,无锡鼎研微电子,0-20人,半导体/芯片,大专,3-5年,FAE工程师,10-15K,无锡,,2026-05-30 14:12:36
ff48c5c96afecf0b0nVz39i0FlFQ,硬件工程师,江苏三木禾科技,20-99人,电气机械/器材,大专,1-3年,,7-10K,无锡,,2026-05-30 14:12:36
815b5ee2e8be5f4d1HF_09u_EVVQ,机械工程师,无锡迅杰激光智能科技,20-99人,自动化设备,大专,3-5年,"自动化机械经验, 非标设计经验, 整机设计经验, 机电设备经验, SolidWorks, 有机械工程师经验",8-13K,无锡,,2026-05-30 14:12:36
02af57282a9d3edf03xy3Nu9FVBY,fae工程师,真贺科技,0-20人,电子/硬件开发,本科,经验不限,"单片机开发, PCB设计, 电路设计, 芯片设计, ARM开发",6-10K,无锡,,2026-05-30 14:12:57
11866d6448c2cb7a03N-39m5FlNU,锻造工程师,亘越机械,100-499人,汽车零部件,大专,1-3年,"铁, 钢, UG, AutoCAD, 金属冶炼相关专业, 锻造, 铜, SolidWorks, 铝",7-8K,无锡,,2026-05-30 14:12:57
5d76ad54b175fc260nB-2N66F1JZ,售前工程师,尚航科技,100-499人,大数据,本科,1-3年,,15-18K,无锡,,2026-05-30 14:17:07
ba5b053f700cd7430nB-2N6-EFBX,项目工程师,无锡超捷,100-499人,汽车零部件,本科,3-5年,,8-12K·13薪,无锡,,2026-05-30 14:18:12
49a95497bea77a9e0nd80tS0F1ZT,测试工程师,星微科技,100-499人,自动化设备,本科,1-3年,,7-12K·13薪,无锡,,2026-05-30 14:18:12
a51906c546afa81e0nd93NW-FlNX,PQE工程师,尊阳电子,500-999人,半导体/芯片,大专,1-3年,,5-7K,无锡,,2026-05-30 14:18:32
ac0638894baecad91HF_2tS_EVRR,Android工程师,华勤技术股份有限公司,10000人以上,智能硬件,大专,经验不限,"Android开发经验, C, Android客户端产品研发, BSP",15-23K,无锡,,2026-05-30 14:19:58
f01bd82de5a7efe11XF42du0GVJV,体系工程师,集斯达机械,20-99人,通用设备,大专,经验不限,ISO9001,7-10K·13薪,无锡,,2026-05-30 14:20:20
22ff10159b259dfb0nd-3d69GVRR,样品工程师,辉龙,1000-9999人,半导体/芯片,本科,1-3年,"不需要出差, 半导体经验, 试产工程师（NPI）经验",6-7K·13薪,无锡,,2026-05-30 14:20:20
3882387ad60b5b180nZ_3Nm6EltR,底盘工程师,龙创汽车设计,1000-9999人,汽车研发/制造,本科,3-5年,"要求底盘工程师经验, 英语可作为工作语言, 底盘总布置经验, CATIA, 第三方设计公司, 悬挂系统经验, 第三方设计公司经验, 乘用车经验",8-12K·13薪,无锡,,2026-05-30 14:25:29
6131ef2813b2ecb003x42927EldW,质量工程师,澄龙新能源,20-99人,原材料及加工/模具,本科,3-5年,"内审员资格证, IATF 16949经验, VDA6.1经验, 需要出差, PQE经验（制程）, QC七大手法, 机械加工制造经验, ISO9001经验, CQE经验（客户）, 有质量管理经验, 8D报告经验",8-12K,无锡,,2026-05-30 14:25:29
2c9d970b930d065e0nd909u_F1pV,BIOS工程师,立讯智造,10000人以上,智能硬件,本科,5-10年,"UEFI, BIOS, ACPI, 固件",25-40K·14薪,无锡,,2026-05-30 14:25:29
6857a2f71ac9623a03V-2NS7FVNZ,销售工程师,江苏蓝创,100-499人,大数据,大专,1-3年,,6-11K,无锡,,2026-05-30 14:25:50
14006db5a671c1150nB_2tW1E1tU,采购工程师,优瑞通,20-99人,仪器仪表,大专,1-3年,,6-9K,无锡,,2026-05-30 14:26:11
67c24ae4e45f65a70nB50ty9GFpW,PQE工程师,四川影目,100-499人,智能硬件,本科,3-5年,,7-12K,无锡,,2026-05-30 14:26:11
ef3a8583f0693b090nB62t-0FFJZ,QE工程师,宜兴锐嘉科技有限公司,100-499人,医疗器械,本科,3-5年,,8-12K·13薪,无锡,,2026-05-30 14:26:11
4e617a5d3b85cf601Xx-2d-4ElBZ,售后工程师,地心科技,20-99人,仪器仪表,本科,3-5年,"C/C++, 驱控系统参数调试, 机械/机电设备",7-10K·13薪,无锡,,2026-05-30 14:26:11
8effc4c72594a7010nR60t-7FVFQ,电气工程师,圣博莱,0-20人,仪器仪表/工业自动化,大专,1-3年,,8-12K,无锡,,2026-05-30 14:26:11
53934ae40b378f580nd42di7ElBZ,测试工程师,江苏某小型汽车智能交互零部件公司,20-99人,汽车零部件,本科,经验不限,"智能硬件类, DV, PV, 汽车内饰, 传感器",20-30K,无锡,,2026-05-30 14:26:32
02c7fd0067c8be980nd629m_E1BY,销售工程师,江苏羿科工业自动...,20-99人,通用设备,大专,1-3年,"市场拓展能力, 市场信息搜集与分析, 机械销售, 商务谈判能力, 技术配合与沟通, 客户开发与维护, 面销, 工业设备销售经验, 大中型企业销售经验, 技术转销售, 制定产品/服务方案, 对机构 (To B) 销售经验, 机械设备/机电/重工, 电气相关学历, 机械相关学历, 项目跟踪",5-10K,无锡,,2026-05-30 14:26:32
17f32186829c37660nV_0tm4F1ZQ,质量工程师,领健Linkedcare  ,1000-9999人,互联网,本科,5-10年,,12-20K,无锡,,2026-05-30 14:26:32
47ca4200f9f57d7b0nd909W6ElNT,镀膜工程师,乾泰科技,20-99人,新材料,大专,5-10年,"机械加工制造经验, 专用机械经验, 模具经验, 刀具/磨具经验, 五金经验, 表面处理工艺经验, CVD经验, PVD经验, PLC编程软件, 现场工程师（ME）经验, 团队管理经验, 不需要出差",5-10K,无锡,,2026-05-30 14:26:32
a1e04e07c21e89bf0nZ-2dm0ElRS,工艺工程师,江丰同芯,100-499人,仪器仪表/工业自动化,本科,1-3年,"不需要出差, 陶瓷经验, 芯片/半导体经验, 半导体经验, 复合材料经验, 量产工程师（PE）经验, 电路板/集成电路经验, 无机材料经验, PCB, 现场工程师（ME）经验",6-11K,无锡,,2026-05-30 14:26:32
09529b53e6ad48940nB53dm9GVtQ,运控工程师,ATW,1000-9999人,自动化设备,硕士,在校/应届,,15-20K·14薪,无锡,,2026-05-30 14:26:32
47cbf3436e1a03860nR92du0E1pZ,视觉工程师,某大型自动化设备上市公司,1000-9999人,自动化设备,本科,3-5年,,25-35K·14薪,无锡,,2026-05-30 14:26:52
be7982074bcdc6810nB63Ni-E1BT,工装工程师,江苏源清动力技术,100-499人,铁路/船舶/航空/航天制造,本科,3-5年,"有模具工程师经验, 铸造经验, AutoCAD, UG, SolidWorks",10-13K,无锡,,2026-05-30 14:26:52
2d9dd2c45e1f30d703V409q4E1FQ,研发工程师,无锡环胜,100-499人,金属制品,本科,5-10年,"金属材料经验, 合金材料经验, 铁路/船舶/航空/航天经验, 材料合成经验, 金属材料相关专业, 高分子材料相关专业",8-13K,无锡,,2026-05-30 14:26:52
b40b27337e052dad0nV52tW4FVZW,电机工程师,某知名企业,1000-9999人,互联网,硕士,10年以上,,40-45K,无锡,,2026-05-30 14:26:52
c7fc4e86780c655b03J80ti5GVVV,机械工程师,旭德机械,20-99人,通用设备,学历不限,1-3年,"AutoCAD, 有机械工程师经验",10-15K,无锡,,2026-05-30 14:26:52
934bc5059d9f57a00nB42dW8EVdQ,装配工程师,无锡蔚影电子科技,10000人以上,计算机/通信/其他电子设备,中专/中技,1-3年,,3-4K,无锡,,2026-05-30 14:26:52
41ba7685ad28ea6e0nB70t-4FlFV,采购工程师,苏州赛腾,1000-9999人,其他行业,大专,3-5年,,8-12K,无锡,,2026-05-30 14:27:12
50fa527fca922f3303d-09u6EFpT,机械工程师,增上机械制造,20-99人,通用设备,本科,经验不限,"AutoCAD, 非标设计经验, 整机设计经验, SolidWorks, 机电设备经验, 有机械工程师经验",12-24K,无锡,,2026-05-30 14:27:12
d69199fc2827587c0nB-29q-FFRR,mc工程师,无锡芯卓湖光半导体,1000-9999人,半导体/芯片,本科,1-3年,,6-10K·16薪,无锡,,2026-05-30 14:27:12
aa46aa5110b309a70nB-3t6_EVBQ,软件工程师,戎熵智造,20-99人,计算机/通信/其他电子设备,本科,5-10年,,15-28K,无锡,,2026-05-30 14:27:12
f55095279ff9acb203d72du8FFZZ,测试工程师,奇瑞汽车股份有限公司,10000人以上,汽车研发/制造,本科,5-10年,,15-30K,无锡,,2026-05-30 14:27:12
6232e70ffab0859b0nd63N-6FFdU,项目工程师,无锡忻润汽车安全系统,100-499人,汽车零部件,大专,1-3年,汽车项目管理经验,9-14K,无锡,,2026-05-30 14:27:12
8cbce3db9c18766e03J83Nu8EFpV,采购工程师,研微半导体,100-499人,通用设备,本科,3-5年,,10-15K,无锡,,2026-05-30 14:27:12
be99850410a1f07903F92tm5FVRZ,销售工程师,江苏帝蒙德轴承,20-99人,机械设备/机电/重工,大专,1-3年,"对企业/机构（To B）销售经验, 企业（To B）, 先进制造, 面销/陌拜, 不接受居家办公",7-12K,无锡,,2026-05-30 14:27:12
d6d6f27c43aea7031XB_3Nu0EVdQ,研发工程师,银邦股份,500-999人,金属制品,本科,经验不限,"金属材料, 复合材料",7-10K,无锡,,2026-05-30 14:27:12
400ed616c31bdf5d0nB42NW_FlpR,网络工程师,雅迪集团,1000-9999人,汽车研发/制造,本科,3-5年,"通信相关专业, 计算机相关专业, CCNP/HCIP等, 不需要出差, 有网络工程师经验, 3到5年网络工程师经验, 弱电布线经验, 办公网络运维, 大型企业网络运维",12-18K,无锡,,2026-05-30 14:27:34
907e0abc4d96dc440nd509q_FlpU,射频工程师,江苏某大型高端设备制造上市公司,1000-9999人,专用设备,本科,3-5年,,25-45K·15薪,无锡,,2026-05-30 14:27:34
1b8717ccaf70d8501H143tW6E1pX,工艺工程师,KWT,20-99人,通用设备,大专,3-5年,工艺流程改进,8-13K,无锡,,2026-05-30 14:27:34
8bc73ea0ac89ddfd0nV52N6_FVFR,销售工程师,江苏太湖能源装备,100-499人,专用设备,大专,1-3年,"环保, 市场拓展能力, 工业设备销售经验, 能源, 商务谈判能力, 电力/燃气/水利, 对机构 (To B) 销售经验, 仪器仪表/工业自动化, 机械设备/机电/重工",5-10K,无锡,,2026-05-30 14:27:56
4c3a178d9581512a03J_2tu9FFVY,质量工程师,生辉机械制造有限公司,100-499人,电气机械/器材,大专,3-5年,生产质量管理,8-10K,无锡,,2026-05-30 14:27:56
6b3eac523a1059440nB-09q6E1NZ,plc工程师,跃科智能制造,100-499人,自动化设备,本科,3-5年,自动化技术,15-30K·14薪,无锡,,2026-05-30 14:27:56
93f300c79873ed240nV40tu-EldR,产品工程师,江苏某早期融资小型汽车零部件公司,20-99人,汽车零部件,本科,5-10年,,18-28K,无锡,,2026-05-30 14:28:16
8c9f0a74cccb542303R42NS1GVZQ,热能工程师,江苏固衡新能源科技,20-99人,储能,本科,5-10年,"热动力, 散热设计, 散热物料, 热能与动力工程专业, 工程热物理专业, 新能源, AutoCAD, SolidWorks",15-20K,无锡,,2026-05-30 14:28:16
bec8e7ba4d6b9b4a0nB53tS0FVZY,电控工程师,无锡辰科电气科技,0-20人,其他制造业,本科,1-3年,电控工程师,8-12K,无锡,,2026-05-30 14:28:16
2c4abc4d0ec01b440nZ63tm4F1tW,电气工程师,精捷机器人,0-20人,智能硬件,大专,3-5年,PLC工程师,10-15K,无锡,,2026-05-30 14:28:16
50c1dcf2f1233b7b031_3tm_EFNY,质量工程师,美源实业,100-499人,印刷/包装/造纸,大专,1-3年,,10-15K,无锡,,2026-05-30 14:28:16
c7a8762aaebbfda21XN7296_FFFS,调试工程师,创驰,20-99人,自动化设备,高中,1-3年,"电气安装, 机电相关专业",4-6K,无锡,,2026-05-30 14:28:37
10ed2bf946b2c31403Z52ty-FFJX,后端工程师,芒果智能科技,20-99人,人工智能,本科,1-3年,"Java, Nginx, Docker, MySQL, 架构设计经验, Linux开发/部署经验, Python",10-15K,无锡,,2026-05-30 14:28:37
ec0c7d7f128b575a0nV53Nu_F1RQ,机械工程师,天泽电力,20-99人,电气机械/器材,本科,3-5年,"有机械工程师经验, UG, SolidWorks, 非标设计经验, CAXA",9-14K,无锡,,2026-05-30 14:28:37
660eb502438bcdbc0nB729m9FFNY,ie工程师,广东精工智能系统,100-499人,计算机软件,本科,1-3年,"要求有工业工程师经验, 机械加工制造经验, 其他, 精益改善经验, 团队管理经验, CAD, QC七大手法, 咨询管理",10-12K,无锡,,2026-05-30 14:28:37
4c91d92a11f643c20nd-3Nu9GVdR,结构工程师,宏昌电器,1000-9999人,自动化设备,大专,5-10年,"白色家电, 结构设计",8-12K·14薪,无锡,,2026-05-30 14:28:37
92cbf12a958f3b160nB-3tm5F1tW,特气工程师,锂凰科技,100-499人,其他新能源,中专/中技,3-5年,,6-11K,无锡,,2026-05-30 14:33:45
64e8ac2f22af8e3c1XR539i_EVQ~,运维工程师,用友无锡营销服务中心,0-20人,计算机软件,大专,在校/应届,"财务专业, 实施交付运维, MySQL/Oracle, 系统运维, 运维开发经验, 计算机相关专业, ERP系统运维, 网络安全相关经验, 数据库, 运维经验",3-4K,无锡,,2026-05-30 14:35:29
9701a3a38da7828403By39W_EFtY,注塑工程师,井上华光,100-499人,汽车研发/制造,大专,3-5年,"CATIA, 注塑机调试, 注塑工艺设计/评审",6-11K·13薪,无锡,,2026-05-30 14:36:11
80dc4afa9c4e9afb03N_0tS4E1VT,机械工程师,江苏网达智能装备...,0-20人,机械设备/机电/重工,本科,3-5年,"自动化机械经验, 设计, AutoCAD, 非标设计经验, 整机设计经验, 机械++设计+自动化++装配+CAD, 非标, SolidWorks, 有机械工程师经验",8-13K,无锡,,2026-05-30 14:36:52
3a1fc5ba975756950nV62ti5GVFX,视觉工程师,富仁高科,100-499人,智能硬件,学历不限,经验不限,"机器学习, 点云算法, 目标检测, 深度学习, 多模态算法, 大模型算法, 目标跟踪",11-18K,无锡,,2026-05-30 14:42:23
0c84b0c09751b2980nB7296-GFRS,电气工程师,天马电源,100-499人,电气机械/器材,本科,3-5年,"CAD, eplan",10-15K·13薪,无锡,,2026-05-30 14:42:44
0e9303de3b81383f1HZz2dq_EVRW,采购工程师,国仪量子,500-999人,仪器仪表,本科,5-10年,"机械制造品, 零配件, 成品/样品, 大中型企业采购经验",8-12K,无锡,,2026-05-30 14:44:10
d4904d09fd98d3190nd-39m_FFdV,液压工程师,天牛智能装备集团,100-499人,专用设备,本科,5-10年,,15-16K·13薪,无锡,,2026-05-30 14:54:14
18d3189cc6a0f0ba1Xdy3dm-ElRV,CAE工程师,卡仕福,20-99人,计算机软件,大专,1-3年,"座椅设计, 机械相关专业, 材料相关专业",10-15K·13薪,无锡,,2026-05-30 14:54:14
c349c2d84575f2d30nd-2t-8EltY,质量工程师,雷肯精密工具,0-20人,原材料及加工/模具,大专,3-5年,"团队管理经验, 8D报告经验, 不需要出差, 有质量管理经验, 机械加工制造经验, ISO9001经验, 三坐标",8-13K,无锡,,2026-05-30 14:54:14
0288c416e6e93ce90nd80t68GVJV,硬件工程师,无锡某大型电子/半导体/集成电路上市公司,1000-9999人,电子/半导体/集成电路,本科,1-3年,,20-23K·13薪,无锡,,2026-05-30 14:54:14
25f44bced578e4160nV_39-7EVdY,材料工程师,罗克莱堆焊科技,100-499人,机械设备/机电/重工,本科,3-5年,,6-9K,无锡,,2026-05-30 14:54:14
e0ccd0b589308b120nB_2dq-EVBQ,AI工程师,迈思诚,20-99人,其他行业,学历不限,3-5年,,12-13K,无锡,,2026-05-30 14:54:14
e74aafb3e20327591nx_0tu5FVNZ,质量工程师,国进精密,100-499人,汽车零部件,大专,3-5年,"包吃, 包住, 绩效奖金, 全勤奖, 汽车质量管理体系标准, 汽车零部件, CQE",9-12K·13薪,无锡,,2026-05-30 14:54:37
7e0451bf7dc76c3e1Hx63dy7FFpU,pqe工程师,特莱斯精密机械制造,20-99人,汽车零部件,高中,1-3年,制程质量工程师,10-15K,无锡,,2026-05-30 14:54:37
8a0244fc0d80246f03J53tu6FlU~,机械工程师,普莱斯特,20-99人,自动化设备,大专,3-5年,"自动化机械经验, 非标设计经验, Solidworks, 非标设计, SolidWorks, 有机械工程师经验, 机构设计",10-15K,无锡,,2026-05-30 14:54:59
30c06485b62d02d50nRz0t-7E1RV,铸造工程师,江苏优格曼航空科技,100-499人,其他制造业,高中,5-10年,"压铸, 重力铸造, 铝, 低压铸造",9-14K,无锡,,2026-05-30 14:54:59
ea199bf68714f7150nV73t61F1dW,视觉工程师,信捷电气,1000-9999人,其他行业,本科,1-3年,"C, C++",9-14K·14薪,无锡,,2026-05-30 14:54:59
6adaea9efd544f5f0nd83Ny8FFRR,仿真工程师,星微科技,100-499人,自动化设备,硕士,3-5年,,20-30K·13薪,无锡,,2026-05-30 14:54:59
3f517e58f70d3d6d0nB53d26EFBQ,SQE工程师,无锡先导,1000-9999人,新能源,本科,3-5年,"机械制造, 汽车",10-14K,无锡,,2026-05-30 14:54:59
0708c20fd28642b90nd42Ni7GFBS,研发工程师,星辉航天,20-99人,新材料,博士,经验不限,,20-40K,无锡,,2026-05-30 14:54:59
79ffda821854cb0e1Hdy0tu8EFdW,销售工程师,睿芯源,20-99人,电子/硬件开发,本科,5-10年,"电子/半导体/集成电路, 技术配合与沟通, 客户开发与维护, 机械设备/机电/重工, 项目跟踪",6-10K,无锡,,2026-05-30 14:55:19
2d0a94e17edcf13d0nRy2d6_EVVR,工艺工程师,卓胜微电子,1000-9999人,半导体/芯片,本科,在校/应届,,8-13K·16薪,无锡,,2026-05-30 14:55:19
b3586ca0ccef56f10ndy2966GFdW,测试工程师,深圳某大型智能硬件/消费电子公司,1000-9999人,智能硬件/消费电子,大专,1-3年,,15-25K,无锡,,2026-05-30 14:55:19
f89ac6ab78fbdc800nB-3di8GFc~,质量工程师,无锡比亚科技有限公司,100-499人,汽车零部件,本科,3-5年,"汽车整车, 汽车, 需要出差, 项目管理经验, 机械加工制造经验, 其他, IATF 16949经验, QC, PQE经验（制程）, QC七大手法, 英语可作为工作语言, CQE经验（客户）, 汽车经验, 有质量管理经验, 8D报告经验",8-10K,无锡,,2026-05-30 14:55:42
ca87b96bebef57cf03Vz29u1E1JX,软件工程师,无锡某中型汽车零部件公司,500-999人,汽车零部件,本科,3-5年,,20-35K,无锡,,2026-05-30 14:55:42
bbc979792c2595b71XZ70ty4FVtY,专利工程师,知之火,20-99人,检测/认证/知识产权,本科,经验不限,"专利代理人, 无销售性质",7-12K,无锡,,2026-05-30 14:55:42
f470ef9a9879f6a90nB70t6_EFBQ,品质工程师,无锡越创精密五金,20-99人,原材料及加工/模具,大专,1-3年,汽车质量管理,7-12K,无锡,,2026-05-30 14:55:42
9985c46b4dc148910nB-096-FFNS,pe工程师,无锡某中型通信/网络设备上市公司,500-999人,通信/网络设备,本科,1-3年,"电子/通信经验, 半导体经验, 量产工程师（PE）经验, 不需要出差, 芯片/半导体经验, 光学通信, 光学数据, 光模块, 光器件",20-21K,无锡,,2026-05-30 14:55:42
a2a71a9051e3e38f03J829u8EldQ,电器工程师,昌硕输送,20-99人,自动化设备,本科,3-5年,"Graphics, EWB, 电控工程师, PLC工程师",10-11K,无锡,,2026-05-30 14:56:03
a5a615d96a063f6e03163961E1NT,测绘工程师,同大规划建筑设计,0-20人,建筑设计,本科,3-5年,,5-6K,无锡,,2026-05-30 14:56:03
f22eccc05c193d240nd53Nm8EVBU,机械工程师,江阴市青阳镇荣之...,20-99人,金属制品,大专,3-5年,"有机械工程师经验, 自动化机械经验, 化工经验, 新能源经验, 制药/医疗经验, 团队管理经验, 非标设计经验, 整机设计经验, 仿真设计经验, SolidWorks, AutoCAD, Keyshot, 必须懂CAD画图",5-10K,无锡,,2026-05-30 14:56:03
65ae44324a6b6ae20nVz3tq9FVtY,工艺工程师,研微半导体,100-499人,通用设备,硕士,1-3年,,15-25K·13薪,无锡,,2026-05-30 14:56:03
3a4d4df056c3bfdc1HV829y-ElFS,液压工程师,上海百若,20-99人,仪器仪表,硕士,在校/应届,发展空间大,12-15K,无锡,,2026-05-30 14:56:23
527e3b25fac0cfb80nB40ti5F1ZX,焊接工程师,智能自控,500-999人,电气机械/器材,本科,3-5年,,10-15K,无锡,,2026-05-30 14:56:23
4aac4d16e271328303152tu6EFVR,射频工程师,无锡华测,100-499人,电子/硬件开发,硕士,3-5年,"电子/电磁场/微波相关专业, TR组件, 信道, 接收机, 有源模块",16-27K·13薪,无锡,,2026-05-30 14:56:23
8210c728e474e4f70nd60tW5EFpX,fae工程师,StorageX,20-99人,电子/硬件开发,本科,3-5年,mysql,8-12K·14薪,无锡,,2026-05-30 14:56:23
c876bd350fcfefa70nZ93Nq9FVpV,硬件工程师,方舟科技,100-499人,电子/硬件开发,本科,5-10年,,10-15K·13薪,无锡,,2026-05-30 14:56:44
64e6641e38106217031709--FVtQ,精益工程师,台铃,1000-9999人,其他制造业,大专,1-3年,,8-10K,无锡,,2026-05-30 14:56:44
a7fddaebfef597d80nB-2tq7GFNT,运维工程师,人瑞网络科技,10000人以上,计算机硬件,大专,3-5年,Apriso,8-13K,无锡,,2026-05-30 14:56:44
cc69df6a64661bbd0nV439S6F1pS,采购工程师,无锡亿艾斯,100-499人,其他新能源,本科,1-3年,,7-10K,无锡,,2026-05-30 14:56:44
e31b3f57d14820f803F92di5ElJS,测试工程师,航天云机,20-99人,铁路/船舶/航空/航天制造,本科,1-3年,,7-12K,无锡,,2026-05-30 14:56:44
d441e0b6945ce98f0nd92d64FFdR,暖通工程师,盛合晶微,1000-9999人,半导体/芯片,本科,3-5年,"有暖通工程经验, 暖通工程运维经验, 供暖工程经验, 3-5年暖通工程经验, 不需要长期出差/驻场",5-10K·14薪,无锡,,2026-05-30 14:56:44
04da3174eee1f70f1HN83Ni5GFBV,工艺工程师,无锡文教印务,500-999人,印刷/包装/造纸,大专,3-5年,"不需要出差, 印刷/包装/造纸经验",12-15K,无锡,,2026-05-30 14:57:05
beeac3b47c64d85f03Bz2du-EFRQ,机械工程师,欧超重工科技,100-499人,专用设备,大专,5-10年,"AutoCAD, 铁路/船舶/航空/航天经验, 非标设计经验, 整机设计经验, SolidWorks, 重型机械经验, 有机械工程师经验",10-15K,无锡,,2026-05-30 14:57:05
05274c741e8fe0961nx-39q-EVpX,测试工程师,华勤通讯,10000人以上,通信/网络设备,本科,5-10年,"测试工程师, 软件测试, 系统测试, 手机测试, 通信测试",9-13K·15薪,无锡,,2026-05-30 14:57:05
288e988fe0b631a70nV83Ny5FVVT,采购工程师,天奇股份,1000-9999人,自动化设备,本科,1-3年,,6-8K,无锡,,2026-05-30 14:57:26
79ecfadeb65cd3fe0nB-2Nu0FlJR,机械工程师,易晟,0-20人,电子/半导体/集成电路,大专,在校/应届,,5-8K,无锡,,2026-05-30 14:57:26
ea605f834a42171c03Vz3di7F1tY,机械工程师,源工三仟,100-499人,自动化设备,本科,5-10年,"非标设备研发, 机械结构设计, 自动化机械经验, 半导体经验, AutoCAD, 非标设计经验, 整机设计经验, SolidWorks, X-RAY自动化设备, 有机械工程师经验",20-30K·13薪,无锡,,2026-05-30 14:57:26
bb6b7fad518a46951XFz3d-9E1RS,电气工程师,纳旭测控,0-20人,仪器仪表/工业自动化,中专/中技,经验不限,"信号发生器, 万用表, 示波器, 电控工程师, CAD, SolidWorks, LabVIEW",5-8K,无锡,,2026-05-30 14:57:26
bf499baa80b3f4090nZ729-1GVRQ,sqe工程师,逸航汽车,100-499人,通用设备,本科,3-5年,,10-15K·13薪,无锡,,2026-05-30 15:01:35
9a9a5da6d8196e9b03V839u9ElRQ,液压工程师,泰信机械,100-499人,专用设备,本科,经验不限,"重型机械, ANSYS, 机械设计, Pro/E",8-12K,无锡,,2026-05-30 15:01:35
ed91cbda5f7780391HR_3tS_E1FS,液压工程师,上海百若,20-99人,仪器仪表,本科,1-3年,液压工程师,10-15K,无锡,,2026-05-30 15:01:56
9b424cab6cfa538a0nd92d-4EVNS,电气工程师,无锡树图智能科技,0-20人,自动化设备,学历不限,5-10年,PLC工程师,12-18K,无锡,,2026-05-30 15:01:56
c584d62d56a8c55e0nB409m4GVBY,电气工程师,无锡某中型光伏组件自动化设备公司,100-499人,自动化设备,本科,1-3年,,15-25K·13薪,无锡,,2026-05-30 15:01:56
3805bd6c3a1eac0b0nB63di1E1pX,材料工程师,上海嘉麦达工业科技,0-20人,铁路/船舶/航空/航天制造,硕士,经验不限,"金属材料经验, 钢铁材料经验, 合金材料经验, 半导体经验, 铁路/船舶/航空/航天经验, 材料合成经验, 材料改性经验, 材料选型经验, 材料检测经验, 材料/产品量产经验, 金属材料相关专业",15-20K,无锡,,2026-05-30 15:01:56
37c98a9f4046b6620nd_2960ElVY,研发工程师,无锡某中型半导体/芯片公司,100-499人,半导体/芯片,博士,1-3年,"陶瓷材料经验, 半导体陶瓷研发",30-50K,无锡,,2026-05-30 15:01:56
f4f64f63177dc9810ndz2ti8F1pU,售后工程师,无锡魅杰半导体设备,100-499人,半导体/芯片,本科,在校/应届,"机械/机电设备, 机械/电子工程相关专业, 可适应出差, 半导体, FAB工作经验, 设备安装调试",7-12K,无锡,,2026-05-30 15:02:16
360415dd5da5f3020nV93dW8GFtW,销售工程师,无锡捷顺,20-99人,智能硬件/消费电子,本科,1-3年,"市场拓展能力, 商务谈判能力, 智能硬件, 业务创新能力, 客户开发与维护",7-10K·13薪,无锡,,2026-05-30 15:02:16
4aa222e5fb3e20f10nB72dm4FFFQ,合成工程师,无锡聚合高新,20-99人,新材料,本科,在校/应届,,7-9K·13薪,无锡,,2026-05-30 15:02:37
93b8b8638bc6afc81XJ-3Nm4FldU,工艺工程师,某知名电子公司,1000-9999人,电子/半导体/集成电路,本科,3-5年,工艺流程设计,20-25K·15薪,无锡,,2026-05-30 15:02:37
9b469afa04cf1cc40ndy3NW6GVpX,销售工程师,中科芯,1000-9999人,半导体/芯片,本科,3-5年,,8-13K,无锡,,2026-05-30 15:02:37
837078f8369f6b4103d_29m8FVRS,售后工程师,科鼎鑫数控,20-99人,电气机械/器材,中专/中技,3-5年,"机械/机电设备, 储能/新能源, 计算机/通信相关专业, 机械/电子工程相关专业, 软件技术支持经验, 机械/机电设备技术支持经验, 可适应出差",8-12K,无锡,,2026-05-30 15:02:58
def1488eccac6df10nB50tq5FFJZ,电气工程师,江松科技股份有限公司,1000-9999人,专用设备,本科,3-5年,,14-20K,无锡,,2026-05-30 15:03:19
ac765ad5e73d9b290nB50t21FFNW,设备工程师,四川影目,100-499人,智能硬件,大专,3-5年,,7-12K,无锡,,2026-05-30 15:03:19
9ed19e0bb5485ab70nZ829W7E1FS,机械工程师,无锡某大型新能源智能装备上市公司,10000人以上,智能硬件,本科,3-5年,"新能源经验, 其他, 有机械工程师经验",20-25K,无锡,,2026-05-30 15:03:39
306fadfb2507d3060nB-2964GFBY,光学工程师,某大型自动化设备公司,100-499人,自动化设备,本科,3-5年,"固态皮秒/纳秒/飞秒, 激光器, 激光介质",18-25K,无锡,,2026-05-30 15:03:39
1aff5989e6c2760c1nZ43N68F1VS,焊接工程师,开源集团江南机械,20-99人,机械设备/机电/重工,中专/中技,3-5年,"机械零部件, 激光焊, 手工焊, 横焊, 氩弧焊, 精密仪器, 工艺设计, 焊工上岗证, 机械设备, 电弧焊, 气焊, 电焊, 非标机械, 气保焊, 自动焊",5-6K,无锡,,2026-05-30 15:04:19
a0ef31d224dc113303x_39u9EVM~,IE工程师,JHT GROUP,500-999人,服装/纺织,大专,3-5年,"IE工业, 精益生产, Layout规划",7-10K·14薪,无锡,,2026-05-30 15:04:40
192b210788cd3a0e0nd42Ni5FFJS,电气工程师,无锡某大型智能硬件上市公司,10000人以上,智能硬件,本科,3-5年,"PLC工程师, CAD",15-25K,无锡,,2026-05-30 15:04:40
9cbad57e97fe283f1Xd83926FVdX,国宏工具招聘质量管理/测试工程师,国宏工具,500-999人,电气机械/器材,大专,3-5年,"PQA/PQE, 接受无质量管理经验, 需要出差, SPC, IQC, IPQC, DQE/DQA, 质量管理体系标准",5-10K·13薪,无锡,,2026-05-30 15:09:09
dc17f0fee400a15833180ty6F1A~,机电工程师,千胜动力科技,20-99人,计算机软件,大专,1-3年,"机电工程师, 机械工程师, 装配工程师, 机械绘图师, 机械设计, 装配工艺, 总装工程师",4-8K,无锡,,2026-05-30 15:09:30
b932c27f1f01b2611Hd_39i7F1ZW,工艺工程师,朗迪测控,100-499人,专用设备,本科,1-3年,"连接/切割工艺经验, AutoCAD, 量产工程师（PE）经验, 机械加工制造经验, 其他, 成型工艺经验, 热处理工艺, 钣金经验, 五金经验, 不需要出差, 钢铁经验, UG, SolidWorks, CNC数控设备经验",11-22K,无锡,,2026-05-30 15:09:30
d9847e8a81e996ea0nd82N-9FFFQ,eap工程师,卓胜微电子,1000-9999人,半导体/芯片,本科,3-5年,"C#, C++, 团队管理经验, 数据库开发经验, MySQL",15-20K·16薪,无锡,,2026-05-30 15:09:30
b723689198cd1e5c1Xd42N2_ElpR,测试工程师,智凌芯,100-499人,智能硬件,本科,5-10年,"测试, 良率, FT, CP",15-25K,无锡,,2026-05-30 15:09:52
44491d774bc240e103x939y7GVJY,采购工程师,百思味食品,100-499人,食品/饮料/烟酒,大专,3-5年,,5-6K·13薪,无锡,,2026-05-30 15:09:52
464c5440bb1b7ef01Xx42Ni5GFNW,质量工程师,兢盾机械,20-99人,金属制品,本科,3-5年,熟悉机械工艺,8-12K,无锡,,2026-05-30 15:09:52
a7c58adaef20def933182d25F1E~,注塑工程师,爱可信,100-499人,仪器仪表/工业自动化,高中,5-10年,"装配工艺, 注塑工艺, 模具工程师, 注塑工程师",9-14K,无锡,,2026-05-30 15:10:14
30bfab47e12975f61HV-0tq1FVpQ,线束工程师,中汇线缆,100-499人,机械设备/机电/重工,中专/中技,1-3年,"电气相关专业, AutoCAD, 工艺工程师, 制造工程师, 低压线束, 高压线束",8-13K,无锡,,2026-05-30 15:10:14
e8dd022ff8f3c9c303J73ty1E1pT,FPGA工程师,北通导控,20-99人,通信/网络设备,硕士,1-3年,"AD9361、CX9261, FPGA开发/验证经验, 算法设计经验, XILINX、OFDM, 无线通信物理层, 5G  LTE",18-28K,无锡,,2026-05-30 15:10:34
2ead5ad1e85d33a90nB50t-8GVtZ,FPGA工程师,上海深原芯轶科技,20-99人,半导体/芯片,本科,3-5年,,18-24K·14薪,无锡,,2026-05-30 15:10:34
8e60e1485be36e721HR_29i6GVFT,光伏工程师,中诺,20-99人,土木工程,本科,3-5年,"光伏支架, 钢旋桩",7-10K,无锡,,2026-05-30 15:10:34
71f2a18061eca8ce03d-292-ElZQ,电机工程师,翱嘉,100-499人,汽车零部件,本科,1-3年,"UG, 研发工程师, Catia , 熟悉永磁同步电机, 熟悉MCU, 英语可用于工作, SolidWorks, 座椅电机",10-15K,无锡,,2026-05-30 15:10:34
6166eecea3b975fa1nF52Ny1EFZR,销售工程师,格林勒斯检测,500-999人,环保,大专,1-3年,"销售工程师, 检测, 高级销售",6-10K,无锡,,2026-05-30 15:10:34
115cf299aefd2fcf0nB-3Nu-FFRZ,cqe工程师,江苏无锡某大型电动交通工具电机及仪表制造公司,1000-9999人,其他制造业,大专,3-5年,"客户质量工程师, 电动车, 汽车, 二轮车",15-25K·13薪,无锡,,2026-05-30 15:10:34
142f34ef8dd4fc950nB73NS5FlRT,关务工程师,无锡某中型新能源公司,100-499人,新能源,本科,5-10年,,15-25K,无锡,,2026-05-30 15:10:56
2cef6459100cd2de0nZ_2dW-FFBQ,机械工程师,江苏令巾,20-99人,批发/零售,大专,3-5年,,8-10K,无锡,,2026-05-30 15:10:56
15383dcad59f23590nB52NW9ElpY,npi工程师,芯融半导体,20-99人,半导体/芯片,本科,3-5年,"有质量管理经验, 不需要出差, 电子/通信经验, MSA、SPC, 良率分析、失效分析, NPI导入",7-9K·13薪,无锡,,2026-05-30 15:11:16
9be40642df3268ce0nB609u0F1pZ,软件工程师,拉普拉斯能源技术,1000-9999人,光伏,本科,3-5年,,15-30K·14薪,无锡,,2026-05-30 15:11:16
5c212aa2346b2b2b1Hx53d-4FltY,采购工程师,无锡中鼎智能科技,500-999人,自动化设备,本科,3-5年,"国内采购, 机械制造品, 大中型企业采购经验, 采购工程师, 供应商开发, 机加工",7-12K,无锡,,2026-05-30 15:11:16
dcec593eba454a4703B43di1EldY,仪表工程师,华勤技术股份有限公司,10000人以上,智能硬件,大专,1-3年,"HMI, KANZI",11-20K·15薪,无锡,,2026-05-30 15:11:16
2df3da331233a63003d5296_F1ZZ,机械工程师,爱思通智能装备,100-499人,通用设备,大专,3-5年,"技术改造与调整, 绩效奖金, 安装与试运行, 加班费, 熟悉各类材料性质, 五险一金, 交通补助, 项目管理工程师, 电气工程师, 有机械工程师经验, 机械设计",12-24K·13薪,无锡,,2026-05-30 15:11:16
4077eaec9b853a130nR83926F1FZ,pe工程师,江阴常鸿新半导体科技,20-99人,半导体/芯片,本科,1-3年,"机械加工制造经验, 半导体经验, 电子/通信经验, 仪器仪表经验, 机电设备经验, 芯片/半导体经验, 试产工程师（NPI）经验, 其他, 需要出差",5-8K,无锡,,2026-05-30 15:11:16
057e45ede15a85580nd93Ni-E1pX,机械工程师,永景水利,0-20人,机械设备/机电/重工,中专/中技,1-3年,"AutoCAD, 有机械工程师经验",10-15K,无锡,,2026-05-30 15:11:39
4aa31e06ed08ff3703xy2dm4E1FQ,电气工程师,无锡奕羚智能科技,20-99人,电气机械/器材,大专,3-5年,"电路设计, PLC工程师",12-15K,无锡,,2026-05-30 15:12:00
3f9d097820aca7f403N809S7FlJX,结构工程师,无锡上泓,20-99人,智能硬件,本科,经验不限,"自动化机械经验, UG, AutoCAD, 整机设计经验, 非标设计经验, 家电设备经验, 机电设备经验, SolidWorks, 有机械结构工程师经验, Pro/E",8-13K·13薪,无锡,,2026-05-30 15:12:00
eb3ab0b2d0cdcb3c0nB62Nm6EVNW,应用工程师,艾可蓝环保,100-499人,汽车零部件,本科,3-5年,上市公司,8-12K·13薪,无锡,,2026-05-30 15:12:00
5117bb660402cebb0nZy3NS0FltT,体系工程师,某机械设备公司,0-20人,机械设备/机电/重工,本科,3-5年,"内审员资格证, IATF16949, SA8000, QC080000体系, 国家注册审核员",21-22K,无锡,,2026-05-30 15:12:00
3d83e337bd1b78131nJz2NS4EVJS,采购工程师,八英里,20-99人,电子/硬件开发,大专,经验不限,"电子元器件, 国内采购, 仪器仪表, 供应商下单及管理, SQE经验, 自带供应商资源, 大中型企业采购经验, 工业品产品研发经验, 供应商资源开发, 原材料, 计算机硬件",7-12K·13薪,无锡,,2026-05-30 15:16:08
0f215f14e545ce8e0nB_2Nm_F1ZT,软件工程师,无锡牛系科技有限公司,20-99人,互联网,本科,3-5年,"C#, C#开发经验, ASP.NET, .NET开发经验, SQL Server, 计算机相关专业",10-15K,无锡,,2026-05-30 15:18:35
31b16dabf3561a8d0nd-2dS1GVdZ,电机工程师,某大型汽车零部件上市公司,1000-9999人,汽车零部件,博士,1年以内,,25-40K·15薪,无锡,,2026-05-30 15:25:29
0e6542a9d761dd200nZ_3NS8FVRX,fpga工程师,上海某小型电子/半导体/集成电路公司,20-99人,电子/半导体/集成电路,本科,经验不限,,15-25K·13薪,无锡,,2026-05-30 15:25:50
cc0b07eb996ad486031739y1GFdZ,smt工程师,无锡东海智控软件,100-499人,电子/硬件开发,大专,3-5年,,8-11K,无锡,,2026-05-30 15:33:23
a6c2d59b72d801c70nB-0tS0EFNZ,Aiagent工程师,中甯科技,100-499人,计算机软件,本科,5-10年,Aiagent,18-21K,无锡,,2026-05-30 15:33:23
507beb354069c5d603x52Nu1EFVQ,技术工程师,道普威控制索有限公司,100-499人,汽车零部件,大专,1-3年,,5-7K,无锡,,2026-05-30 15:34:04
cdfa557ca94084080nB50ti8GFtT,充电桩维修工程师（base宁波）,润建股份,1000-9999人,互联网,学历不限,经验不限,,6-10K,无锡,,2026-05-30 15:34:26
34f9558238cd663603Jy2dq9GFRY,电气工程师,爱加APLUS,20-99人,通用设备,大专,1-3年,"CAD, PLC工程师",6-10K,无锡,,2026-05-30 15:35:08
fe3b2ccdc82713ed0nZ83Ni1FVVQ,销售工程师,金顶科技,0-20人,通用设备,学历不限,1年以内,,3-8K·24薪,无锡,,2026-05-30 15:39:59
a4c1fdd4cb7af55c03F629W1EFVR,电气工程师,无锡东海岸化学集团,20-99人,化工,本科,1-3年,"电气设计, 防雷照明接地设计, 施工图设计",11-20K,无锡,,2026-05-30 15:42:05
b198ddc504a9182103V72t66FlJT,研发工程师,大晃传英,20-99人,批发/零售,大专,1-3年,"食品相关专业, 配方开发, 食品加工及制品",6-10K,无锡,,2026-05-30 15:42:05
e04ceac662816f7403V709W6EVZR,PLM系统运维工程师(W0085),ATW,1000-9999人,自动化设备,本科,3-5年,"系统运维, PLM",12-20K·14薪,无锡,,2026-05-30 15:42:27
a3d597bb7511cdb50nZ90tq-ElJW,结构工程师,江苏驭驱,20-99人,新能源汽车,本科,3-5年,"CATIA, 团队管理经验, AutoCAD, 动力系统经验, 仿真设计经验, 其他, 电子系统经验, UG, 整机设计经验, 非标设计经验, SolidWorks, 汽车经验, 有机械结构工程师经验, Pro/E",10-15K,无锡,,2026-05-30 15:42:27
6cb250c92fe90db303N53du_FVZQ,机械工程师,久源机械制造,20-99人,通用设备,大专,5-10年,"需要出差, 有夹具工程师经验, 自动化设备经验, 非标设备经验",9-14K,无锡,,2026-05-30 15:47:36
60faba92084d905b03162tu8GVtT,试模工程师,瑞朗科技,100-499人,原材料及加工/模具,中专/中技,3-5年,,10-12K,无锡,,2026-05-30 15:47:57
444e32367cdfe0670nZy3dm9FlBV,机械工程师,无锡荣坚,20-99人,其他制造业,本科,3-5年,,13-18K,无锡,,2026-05-30 15:47:57
0663335775297591031y3ty7GFdS,采购工程师,德力佳,1000-9999人,专用设备,本科,在校/应届,,8-12K·14薪,无锡,,2026-05-30 15:48:19
a3d3a15c185b89cc1HF-2928FlBV,销售工程师,流水鱼,100-499人,农/林/牧/渔,大专,5-10年,"环保, 设计, 工业设备销售经验, 市场营销相关学历, 制定产品/服务方案, 商务谈判能力, 智能硬件, 客户开发与维护, 对机构 (To B) 销售经验, 机械相关学历, 项目跟踪, 水产养殖",7-12K,无锡,,2026-05-30 15:48:19
7cee4883848c0a030nB709y-E1BZ,关务工程师,无锡某小型锂电行业自动化与信息化系统研发公司,20-99人,计算机软件,大专,3-5年,"有海外销售经验, 英语, 不需长期驻外, 无需熟悉特定市场, 自动化设备",15-25K,无锡,,2026-05-30 15:48:39
342ff422cc99b3b20nB_2N6_FldQ,焊接工程师,汇聚人力,0-20人,其他生活服务,学历不限,3-5年,"重型机械, 自动化, 农业机械, 食品机械, 焊接作业, 仰焊, 立焊, 横焊, 平焊, 气焊, 焊工上岗证, 气保焊, 二保焊, 氩弧焊",9-10K,无锡,,2026-05-30 15:48:39
f1111c3586f5cc0a0nd529u5F1VU,机械工程师,宜兴翔谦通自动化科技,0-20人,仪器仪表,学历不限,1年以内,"有机械工程师经验, 机电设备经验, 自动化机械经验, 仪器仪表经验, 非标设计经验, 整机设计经验, SolidWorks, AutoCAD",6-10K,无锡,,2026-05-30 15:48:39
2b7e51622cde02ee0nB60920E1FZ,助理工程师,赛鸽,100-499人,批发/零售,大专,1年以内,,5-6K,无锡,,2026-05-30 15:48:39
7ce5e34f5c4c55310nVz2tS0F1tU,体系工程师,江苏程伩压力容器,20-99人,机械设备/机电/重工,学历不限,10年以上,,10-15K,无锡,,2026-05-30 15:48:59
93aebccee358e3ad0nB72du_F1RY,采购工程师,无锡锦和科技有限公司,100-499人,通用设备,大专,5-10年,"国内采购, 机械制造品, 零配件, 原材料, 成品/样品, 大中型企业采购经验",8-12K,无锡,,2026-05-30 15:48:59
032007a10891fd570nB63tq7FFVQ,销售工程师,无锡贝斯特尔自动...,20-99人,专用设备,大专,3-5年,,6-7K,无锡,,2026-05-30 15:48:59
4b6446ad6211ce210nZ_0t61ElpU,采购工程师,普沃思,100-499人,通用设备,本科,3-5年,"国内采购, 机械制造品, 零配件, 大中型企业采购经验, 供应链/贸易专业, 成品/样品, 原材料",8-10K,无锡,,2026-05-30 15:48:59
cb5133b89e655b031n1829q8FFNY,销售工程师,慧眼数据,20-99人,计算机软件,本科,1-3年,"五险一金, 年终奖, 大客户销售, 绩效奖金, 话补, 软件销售, 渠道销售",8-13K,无锡,,2026-05-30 15:49:20
3782f449179914441Hx93N69ElY~,结构工程师,无锡思恩电子,20-99人,电子/半导体/集成电路,本科,3-5年,"AutoCAD, Solidworks",5-10K,无锡,,2026-05-30 15:49:20
aa43469af1e223560nB-392-F1NR,机械工程师,青途智能,20-99人,自动化设备,本科,5-10年,,8-9K,无锡,,2026-05-30 15:49:20
78954c4744ece1e21HJ43dy0GVNV,项目工程师,华新精科,1000-9999人,汽车零部件,本科,3-5年,AutoCAD,20-40K·14薪,无锡,,2026-05-30 15:49:20
c18a0f04daf2ca2a0nB62t6_EVdV,厂务工程师,盐城润发新能源科技,20-99人,进出口贸易,大专,5-10年,,17-20K,无锡,,2026-05-30 15:49:40
3946bf53c06e131b1XV93ty-EFtT,研发工程师,艾特克阻燃材料,20-99人,化工,硕士,3-5年,"无机非金属材料, 高分子材料",6-10K,无锡,,2026-05-30 15:49:40
5881eebe55b36ce1031z0ty9EFBX,采购工程师,无锡海利特机械科...,20-99人,进出口贸易,本科,3-5年,"国内采购, 机械制造品, 零配件, 大中型企业采购经验, 供应链/贸易专业, 成品/样品",10-11K,无锡,,2026-05-30 15:49:40
dd5af84069b417010nR72tq0FltS,研发工程师,华洋滚动轴承有限公司,1000-9999人,专用设备,本科,3-5年,,13-25K,无锡,,2026-05-30 15:49:40
866f72bd143393220nZ83di9E1ZQ,算法工程师,某大型汽车研发公司,100-499人,汽车研发/制造,硕士,5-10年,,25-50K,无锡,,2026-05-30 15:50:02
43cac0950b8ff76f0nV53N--E1RQ,机械工程师,天奇股份,1000-9999人,自动化设备,本科,在校/应届,"自动化机械经验, 非标设计经验, SolidWorks, 有机械工程师经验",5-9K,无锡,,2026-05-30 15:50:23
424b7f8582de03851Hd-2dq9FVdW,工艺工程师,无锡欧派家居,1000-9999人,家具/家电/家居,本科,1-3年,,8-11K,无锡,,2026-05-30 15:50:23
665e8f46f88ef9460nVy0tW_FVpZ,涂装工程师,恒伟车业,1000-9999人,其他制造业,大专,5-10年,塑料材料经验,10-11K,无锡,,2026-05-30 15:50:23
c3fc0bb41a79b1b90Hxy3Nu9FVA~,电气工程师,威科特,0-20人,仪器仪表/工业自动化,本科,在校/应届,电气工程师,4-5K·13薪,无锡,,2026-05-30 15:50:23
127b706c9b4a7c9a0ndz39W7ElZQ,结构工程师,无锡万智电子科技,0-20人,汽车零部件,本科,3-5年,"汽车车身及配件经验, AutoCAD, 汽车经验, 有机械结构工程师经验",11-22K,无锡,,2026-05-30 15:50:45
69cfe2ff072960c20nR73tq6EVBS,工程师助理,晋拓,1000-9999人,汽车零部件,大专,经验不限,"不需要出差, 接受无质量管理经验",5-8K,无锡,,2026-05-30 15:50:45
b27ee17ce8a568e60nB-39-0EFBW,电气工程师,无锡市佩恩自动化,100-499人,自动化设备,大专,5-10年,"西门子, 三菱, PLC工程师, 汇川, eplan",11-16K·14薪,无锡,,2026-05-30 15:50:45
d4711a356a7639370ndz0tq1GVVR,电气工程师,新承科技,100-499人,专用设备,本科,3-5年,PLC工程师,14-28K·14薪,无锡,,2026-05-30 15:50:45
60debc6f4f09b0480nB_2Nq7GFBZ,电气工程师,无锡某大型工业自动化上市公司,1000-9999人,其他行业,本科,3-5年,"PLC工程师, 编程",15-25K,无锡,,2026-05-30 15:50:45
be051c21548f4e990ndy2d-_FFFY,材料工程师,江苏某中型半导体精密陶瓷器件公司,100-499人,电子/半导体/集成电路,博士,1-3年,,30-50K,无锡,,2026-05-30 15:55:55
a9fff636cda0f25403Fz2N-8GVdS,底盘工程师,爱思盟,20-99人,互联网,本科,1-3年,"团队管理经验, 一级供应商, 底盘集成经验, 商用车经验, 无人车经验, 要求底盘工程师经验, 底盘总布置经验, 第三方设计公司经验, 新能源汽车经验, 主机厂经验, 乘用车经验, 一级供应商经验",10-15K,重庆,,2026-05-30 17:32:17
752ac7431c3928aa031z2dW4F1dU,云计算技术专家,阿里巴巴集团,10000人以上,互联网,本科,1年以内,计算机相关专业,24-40K,重庆,,2026-05-30 17:32:17
78c7824d16289de00nB52N67FlFV,卫星运维工程师,南京未创信息,0-20人,互联网,本科,1-3年,"通信相关专业, 系统运维, 卫星通信, Python/Shell, 卫星",7-8K,重庆,,2026-05-30 17:32:17
afcc2fec1a69809f1HN90tW_EFtQ,测量工程师,靓邦,500-999人,土木工程,本科,5-10年,"有测绘/测量经验, 3-5年测绘/测量经验, RTK, 经纬仪, 全站仪, 水准仪, 水平仪, AutoCAD, ArcGIS, CASS, MapGIS, 其他, 中高级测绘工程师职称, 外业测量, 工程测量经验, 地形测量经验, 其他, 市政工程测量经验",10-12K,重庆,,2026-05-30 17:32:17
366a07adceaf91c40nd-3N27FVdV,仿真工程师,重庆美的通用,500-999人,通用设备,本科,5-10年,,12-24K,重庆,,2026-05-30 17:32:17
952925f2f017f4860nd-2ti5FFJZ,底盘工程师,凯越实业,500-999人,汽车零部件,大专,3-5年,,10-15K·13薪,重庆,,2026-05-30 17:32:17
69cb45c3ced78b1c03N62di9GVFY,云计算技术总监,腾龙,20-99人,电子/硬件开发,硕士,5-10年,互联网/AI,20-21K,重庆,,2026-05-30 17:32:17
19d457550cb6995803N82N2-GVJW,cae工程师,拾音,100-499人,汽车零部件,大专,3-5年,,20-30K,重庆,,2026-05-30 17:32:17
4f4b6f4922cce1910nB409y7ElpZ,机房运维工程师,信锐达,0-20人,信息安全,本科,3-5年,,5-8K,重庆,,2026-05-30 17:32:17
69762dc55962b8a903xz2N--F1tQ,运维工程师（实习生）,聚宝充,20-99人,其他新能源,中专/中技,经验不限,"接受实习生, 硬件运维, 设备运维",3-6K,重庆,,2026-05-30 17:32:17
e58d1b3a88cbe2040nB72Nm9EVNY,电气工程师,林生,100-499人,工程施工,大专,5-10年,,8-10K,重庆,,2026-05-30 17:32:17
133fb088c00bd1bb0nd40t21GFZT,CMF工程师,探骊动力科技,100-499人,铁路/船舶/航空/航天制造,本科,3-5年,"交通工具类, 五险一金, 带薪假期, 年终奖, 餐补, 周末双休, 现场办公, 车辆",7-12K·13薪,重庆,,2026-05-30 17:32:17
4e5bb0bc306cd6fa0nB43tm0FlFY,电器工程师,重庆奥摩汽车设计,20-99人,汽车研发/制造,大专,3-5年,"工程师, 适应出差",7-9K,重庆,,2026-05-30 17:32:17
4f979cb06a34af7d0nB-3dW5GVBS,RTE工程师,北京能科瑞元有限公司,1000-9999人,互联网,本科,1-3年,,20-30K,重庆,,2026-05-30 17:32:17
b2cb68b4fd8aeca30nB-2Nq9FVVZ,工程师,成都虹汕企业管理咨询,100-499人,互联网金融,本科,3-5年,,11-20K,重庆,,2026-05-30 17:32:17
d577ae0d8e90d34e0nB_2t6-EVZS,系统运维工程师,平云小匠,500-999人,互联网,大专,经验不限,"网络运维, 实施交付运维, 通信相关专业, 系统运维, 运维开发/DevOps, 运维开发经验, 桌面运维, 计算机相关专业, 电子/电气/自动化相关专业, 运维经验",280-300元/天,重庆,,2026-05-30 17:32:39
154668d7a666d9fa1Hx609m7GVBR,项目工程师,重庆卓普精密机械,100-499人,汽车零部件,大专,3-5年,"汽车项目管理经验, AutoCAD",11-12K,重庆,,2026-05-30 17:32:39
b3486880f87b231c0nB50tW_EVFZ,重庆  FPGA 工程师 | 20-26W/13 薪,某集成电路公司,20-99人,电子/半导体/集成电路,本科,3-5年,"VHDL, 微电子/电子工程相关专业, Verilog, FPGA开发/验证经验, 自动化相关经验, MATLAB",18-23K·13薪,重庆,,2026-05-30 17:32:39
079423c6d28dc88b0nB53ti5F1pQ,运维工程师,海游科技,20-99人,游戏,学历不限,1-3年,"网络运维, 运维经验",5-8K,重庆,,2026-05-30 17:32:39
4a6860d8e18a753b0nB-3Ni4EVBW,质量工程师,好得智服,100-499人,进出口贸易,大专,3-5年,,7-12K,重庆,,2026-05-30 17:32:39
788f4dbb99df6b5b0nB52ty-FFFX,食品工程师,肴食记,20-99人,餐饮,学历不限,经验不限,"成本控制, 制定SOP, 餐调研发, 开发配方, 食品添加剂 香料",8-13K,重庆,,2026-05-30 17:32:39
cf563320a4a5c1c7031_2N21EVZZ,工程师 免费培训 无责5500,芬尼斯科技,0-20人,汽车研发/制造,大专,1年以内,"UG, 机械制造相关专业, Catia, 座椅, AutoCAD, 设计软件, 自动化相关专业, 汽车工程相关专业, 计算机相关专业, SolidWorks, 电子相关专业",5-10K,重庆,,2026-05-30 17:32:39
8150359c1aea53360nB72N-1FFdT,运维工程师5000+,重庆米小圈互联网科技,20-99人,计算机软件,大专,经验不限,"通信相关专业, 计算机相关专业",5-7K,重庆,,2026-05-30 17:32:39
ebd9b2645ffb87f90nV52NS9EVFT,销售工程师,盈连科技,20-99人,通用设备,大专,5-10年,,7-12K,重庆,,2026-05-30 17:32:39
d0472ef317d3136a0nZ93ti9EVJT,车身工程师,重庆恒光汽车科技,20-99人,汽车研发/制造,本科,3-5年,"CATIA, 内外饰, 设计相关专业, 底盘, 三维设计, 白车身, 开闭件",10-15K,重庆,,2026-05-30 17:32:39
859d2b78039c0cc40nB639-7EldU,虚拟化运维工程师,贝特,100-499人,智能硬件,大专,3-5年,,8-12K,重庆,,2026-05-30 17:32:39
fecee08f20978a0e0nB-2ti-GFVS,服务器运维工程师（地点在贵州）,广东维云信息科技,100-499人,计算机服务,大专,1-3年,"运维经验, 服务器故障排查, 服务器硬件拆装, GPU服务器, Linux基本命令熟悉, 故障分析",6-10K,重庆,,2026-05-30 17:32:39
541f1f6d4fee09491HB72N28GFJY,项目工程师,平伟汽车系统,1000-9999人,汽车零部件,大专,1-3年,"电池托盘, 电池箱体, 冲压焊接",10-15K,重庆,,2026-05-30 17:32:39
7de974af4e72e2ca0nB-3ti_GFtQ,资深云原生运维工程师（车联网）,软通动力,10000人以上,计算机软件,大专,5-10年,"Java, 智能驾驶, 运维开发/DevOps, 车联网, Python/Shell, 云计算",8-10K,重庆,,2026-05-30 17:32:39
cace59597011d76b0nVy39y7E1tW,硬件维保工程师,重庆高斯智算,0-20人,人工智能,本科,1-3年,,6-10K,重庆,,2026-05-30 17:32:39
3e603e3565aa78240nZ_0967FlNT,PCB工程师,罗斯德尔,500-999人,汽车零部件,大专,1-3年,,10-15K·13薪,重庆,,2026-05-30 17:32:59
b2d690237010fbbf0nd62NS7FFpS,数据中心运维工程师（子公司瑞德铭）,腾讯,10000人以上,互联网,本科,3-5年,,15-20K·13薪,重庆,,2026-05-30 17:32:59
7a06d67f6a1f12b00nZ60t21EFZY,测试工程师,六比特,20-99人,计算机软件,大专,1-3年,"自动化测试经验, 测试工作经验, iOS/Android测试经验, 自动化测试, 性能测试, 压力测试, MySQL, 功能测试, 计算机相关专业",6-11K,重庆,,2026-05-30 17:32:59
51d17ef7192f2fcb03Nz29-4FFBZ,国企数字平台工程师,重庆某大型机械设备/机电/重工公司,10000人以上,机械设备/机电/重工,本科,3-5年,"云计算, 大模型",20-21K,重庆,,2026-05-30 17:32:59
4a6560fb557d8b450nB-3Nm_F1ZS,咨询工程师,重庆伯乐道人力资...,100-499人,人力资源服务,硕士,1-3年,,20-35K,重庆,,2026-05-30 17:32:59
a9965fc6f6dba5e9031_3Nq1FVVW,sqe工程师,海康威视,10000人以上,计算机软件,本科,3-5年,,8-12K·15薪,重庆,,2026-05-30 17:32:59
662e3c5c44afaa9103V82dq1F1BV,销售工程师,天丰电源,500-999人,动力电池,大专,1-3年,"先进制造, 对企业/机构（To B）销售经验, 企业（To B）, 其他行业",8-10K,重庆,,2026-05-30 17:32:59
db3e33821d42814f1HF43t-5GVFX,弱电工程师,重庆厚瑾信息技术服务,0-20人,计算机服务,大专,3-5年,"日常运维, 经常出差, 安装施工",5-7K,重庆,,2026-05-30 17:32:59
020ba73a05308a080nR509W8E1pV,销售工程师,菲仕电机,1000-9999人,汽车零部件,本科,3-5年,,12-23K,重庆,,2026-05-30 17:32:59
c44736bc0b17368203d42N-8EVFS,焊接工程师,腾海,500-999人,汽车零部件,学历不限,3-5年,工艺设计,9-14K,重庆,,2026-05-30 17:32:59
9e56d312a4f95ffc0ndz3Nq6FFBR,项目工程师,重庆某大型企业服务公司,1000-9999人,企业服务,大专,3-5年,,15-25K,重庆,,2026-05-30 17:32:59
e81fd19cf93e2ddb1nJ9092_FFtR,电机工程师,宗申动力,1000-9999人,汽车零部件,本科,3-5年,"电路设计, 驱动开发, 设计工程师",8-12K,重庆,,2026-05-30 17:32:59
883eed3f9917185f0nZy3dq5FVRZ,华为数通售后工程师（网络/安全）,五极信息,20-99人,计算机硬件,大专,3-5年,"计算机相关专业, 网络安全相关经验, 代理商, 路由器/交换机/WLAN, 厂商项目交付, 集成商, 实施交付",6-11K,重庆,,2026-05-30 17:32:59
d0a6143a98275bb30nZy2NW_EVRY,运维工程师（5-8k）,泰盈科技集团,10000人以上,互联网,本科,3-5年,"网络运维, 系统运维, 桌面运维, 计算机相关专业",5-8K,重庆,,2026-05-30 17:32:59
e6c0a8f6f6cfc6c80nR53N29FFpU,Python 工程师,科力锐,100-499人,计算机软件,本科,1-3年,"Linux开发/部署经验, Python",8-12K,重庆,,2026-05-30 17:32:59
6a61d947ce7c20a51Xx42N26GVFZ,PCB layout 工程师,智铸华信,100-499人,通信/网络设备,大专,3-5年,"PCB设计经验, AutoCAD, 通信基站设计经验, Cadence, 电子/自动化相关专业, OrCAD, allergo",10-15K,重庆,,2026-05-30 17:33:21
4af3bd5e8a3e6d6c03xz3dy7EVJV,散热工程师,英业达,1000-9999人,智能硬件,本科,1-3年,,6-10K,重庆,,2026-05-30 17:33:21
4f0daa3cdd1a344d0nZ52NS9GVtV,管道工程师,迈承颐建材有限公司,0-20人,批发/零售,学历不限,经验不限,"接受无给排水工程经验, 驾驶证, 其他, 不需要长期出差/驻场, 性格健谈",6-11K,重庆,,2026-05-30 17:33:21
aa83a1b7da6967870nB-39u7F1RQ,运维工程师,智算力,20-99人,人工智能,大专,3-5年,,7-9K,重庆,,2026-05-30 17:33:21
1c33e6a633c3e1a90nZ43Nm-FFtW,质量工程师,蓝黛,1000-9999人,汽车研发/制造,本科,3-5年,,8-13K,重庆,,2026-05-30 17:33:21
b7611341db7fb0410nV83dS_E1FT,助理工程师,重庆世净,20-99人,机电工程,大专,在校/应届,,5-8K,重庆,,2026-05-30 17:33:21
f129685cf146087d0nB609S-FFVV,成本工程师,某大型智能硬件公司,1000-9999人,智能硬件,本科,3-5年,"成本, 汽车",20-40K,重庆,,2026-05-30 17:33:21
4dc58a8797f9be7c03xy2Ni-GFFU,智家工程师,千时禧,20-99人,通信/网络设备,本科,1-3年,"电工证, 登高证, 有宽带装维经验",4-7K,重庆,,2026-05-30 17:33:21
17682485d19382070nZ_0tm_EFFQ,项目工程师,江苏某中型汽车零部件公司,100-499人,汽车零部件,本科,经验不限,"主机厂工作经验, 汽车项目管理经验, 工科背景, AutoCAD",15-25K,重庆,,2026-05-30 17:33:21
9e4688e1bb07fa220nd43Nq1F1JT,交付运维工程师（重庆梁平）,成都纵横,500-999人,铁路/船舶/航空/航天制造,大专,3-5年,,5-10K·13薪,重庆,,2026-05-30 17:33:21
262e19fc98dc97050nd_3t6_GFNQ,硬件维保工程师,芯大通,100-499人,半导体/芯片,本科,1-3年,"IDC机房运维, 计算机相关专业, 通信相关专业",8-12K,重庆,,2026-05-30 17:33:21
6732ae94e6aa302a0nd53Ni7ElVX,运维工程师,中国联合网络通信,100-499人,运营商/增值服务,大专,经验不限,"网络运维, 实施交付运维, 运维经验",4-8K,重庆,,2026-05-30 17:33:21
306a5a7b8bc297780nd_29q_FlFT,电气工程师,福伦德,100-499人,通用设备,大专,1-3年,"plc编程, 西门子, 三菱, 工业自动化",15-20K,重庆,,2026-05-30 17:33:21
fa6be923b31a49b20nV43tm8FFVW,网络技术客服工程师(J10086),太平洋电信,100-499人,运营商/增值服务,大专,3-5年,"MPLS VPN, SDWAN, ISIS, Policy Map, EIGRP",6-8K,重庆,,2026-05-30 17:33:21
bd5a253cdf6809620nB-0tq4F1tY,ai开发工程师,重庆江运,20-99人,旅游/景区,本科,1-3年,,10-11K,重庆,,2026-05-30 17:33:21
335d2635c4bec7240nB439S4EldW,运维工程师-重庆丰都县,绿洁环境科技,500-999人,环保,高中,1-3年,,5-6K,重庆,,2026-05-30 17:33:41
2f28b2f50d11dbd30nB63ti7GVRV,数据中心网络工程师,亚康万玮,1000-9999人,互联网,大专,1-3年,"数据中心, 网络工程师, 网络架构，协议配置",6-7K,重庆,,2026-05-30 17:33:41
df6dbea24b3d86701nV-292-FVtY,射频工程师,芯讯通无线科技,500-999人,通信/网络设备,本科,经验不限,"电路设计, 射频开发, PCB设计",11-22K,重庆,,2026-05-30 17:33:41
a36905310ddcfe820nV829S_FlZU,硬件运维工程师,陕西华耀泰诺科技,20-99人,通信/网络设备,本科,3-5年,,5-7K,重庆,,2026-05-30 17:33:41
b2f8da52acd15c650nV-09i9E1BS,运维工程师助理,恢弘科技,100-499人,电气机械/器材,本科,1-3年,,6-8K,重庆,,2026-05-30 17:33:41
248b874103e4473803x43Ny9EVdT,运维工程师,泓远汇濠,0-20人,建筑材料,大专,5-10年,,10-11K,重庆,,2026-05-30 17:33:41
5738bbf8a8e839510nd939W0FlNQ,PCB Layout 工程师,宏一电气,20-99人,电子/半导体/集成电路,大专,3-5年,"PCB设计经验, AD9/AD10",8-9K,重庆,,2026-05-30 17:33:41
4a6d4a1bde73e691031739q1EVBQ,设备工程师,重庆深科技有限公司,500-999人,智能硬件/消费电子,大专,1-3年,"不需要出差, 要求有机械设备工程师经验, 半导体设备经验, 电子/通信设备经验, 机器人经验",9-12K,重庆,,2026-05-30 17:33:41
49b04589fcc26c5b03Ny3dS7EFdR,机电工程师,重庆莱新汇商贸,20-99人,机电工程,本科,3-5年,,7-8K,重庆,,2026-05-30 17:33:41
e66eb47c58bad75d0nd73NS4FlRW,设备工程师,某大型动力电池公司,1000-9999人,动力电池,本科,3-5年,,20-21K,重庆,,2026-05-30 17:33:41
94b2db637bfb85390nZ92N-0E1ZY,设备工程师,瑞浦赛克,1000-9999人,动力电池,本科,在校/应届,"PLC编程软件, 不需要出差, 电工证, 企业（甲方）, SolidWorks, 接受无机械设备工程师经验",7-9K·15薪,重庆,,2026-05-30 17:33:41
a0b33b9eaf75de851XN43dm5GVU~,运维工程师,特恩斯,0-20人,仪器仪表/工业自动化,大专,1年以内,"数据分析, 系统运维, 系统管理员",3-4K,重庆,,2026-05-30 17:33:41
5a6b896bb06bc2151HB809S9E1BV,机电工程师,工源,0-20人,机械设备/机电/重工,大专,10年以上,"机电相关专业, 擅长SolidWorks, 擅长AutoCAD, 熟悉PLC编程",5-7K,重庆,,2026-05-30 17:33:41
8e6bca74b324e61403R82929E1pU,运维工程师（大足）,匠人智慧,20-99人,计算机软件,大专,1-3年,"讲解, 运维, 平台",4-6K·13薪,重庆,,2026-05-30 17:33:41
92dfce88a05907b31Hd82NW7FlNR,驻场运维工程师,为众科技,20-99人,计算机硬件,本科,1-3年,"桌面运维, 网络运维, 系统运维",7-8K,重庆,,2026-05-30 17:33:41
0c73e4d582d76e510nB-2NS0GFNV,【远程办公】运维工程师,波士科技,100-499人,互联网,本科,5-10年,,30-40K,重庆,,2026-05-30 17:34:03
518d16ae33ca097c03d829S9F1pU,运维工程师,重庆一得教育信息咨询,0-20人,其他生活服务,大专,经验不限,,4-9K,重庆,,2026-05-30 17:34:03
5f67b1b3b3bd21a70nV63dq8FVJR,产品工程师,重庆胜维德赫华翔,100-499人,汽车零部件,大专,3-5年,"灯具, 空调",8-13K·14薪,重庆,,2026-05-30 17:34:03
69abb68ea69e04fe03B639W1EFVR,运维工程师/接受无经验,杏林,100-499人,计算机软件,本科,1-3年,"网络运维, 系统运维",5-7K,重庆,,2026-05-30 17:34:03
7b5091023e5fc62a03F62tu0GFNW,运维工程师（兼职岗！兼职岗！）,固守远望,100-499人,互联网,本科,1-3年,"Linux, shell, ELK, 负载均衡技术, 服务器配置",4000-6500元/月,重庆,,2026-05-30 17:34:03
4986d20876b0b0800nZy29y-F1JQ,实习生-运维工程师,一维大成,100-499人,计算机软件,本科,,"系统运维, 实施交付运维, 计算机相关专业",100-110元/天,重庆,,2026-05-30 17:34:03
93385e3e80b2734b0nd40t24ElpU,AI Agent 工程师,北京软通动力云计...,10000人以上,互联网,本科,经验不限,"机器学习, 自然语言处理算法, Python, SQL",5-9K,重庆,,2026-05-30 17:34:03
789b047a64808c8f03J63N26GVJT,综合能源运维工程师,碳安能源,20-99人,光伏,本科,5-10年,,10-15K,重庆,,2026-05-30 17:34:03
60026e4cda5e00600nB_2d24FlpX,运维/部署工程师（AI私有化方向）,长洪兴智,0-20人,计算机软件,本科,5-10年,"桌面运维, 网络运维, 系统运维, IDC机房运维, 运维开发/DevOps, Python/Shell, Golang, Ansible/Salt/Puppet, Nginx, Redis, 计算机相关专业, 通信相关专业, 电子/电气/自动化相关专业, 运维经验, 运维开发经验",15-30K·13薪,重庆,,2026-05-30 17:34:03
25bba9708a8098c11HZ-3dW4GVVQ,运维工程师（驻场或外派）,云网科技股份,100-499人,互联网,本科,3-5年,"MySQL/Oracle, Docker, 系统运维, 运维开发/DevOps, IDC机房运维",5-10K,重庆,,2026-05-30 17:34:03
6c11ebe3c929943a03N_2Nm1ElNT,光学工程师,盛泰光电科技,1000-9999人,半导体/芯片,本科,5-10年,"光学器件, 光学评测, 海外项目, 光学镜头, 摄像头模组",12-20K,重庆,,2026-05-30 17:34:03
72f5cfd926d95cae1nJ409W-EFtX,风机工程师,三叶风,20-99人,机械设备/机电/重工,本科,5-10年,"包住, 全勤奖, 绩效奖金, 包吃, 餐补, 加班费, 家电设备经验, 房补, SolidWorks, 有机械结构工程师经验, 五险",6-10K,重庆,,2026-05-30 17:34:03
c81565484751524903R_3d2-FFVV,兼职运维工程师,美天科技,20-99人,信息安全,大专,经验不限,"桌面运维, 网络运维, 系统运维, IDC机房运维, DBA",5-10K,重庆,,2026-05-30 17:34:03
63cd5e71f1920bfc03d80tW9F1RZ,运维工程师,音迅科技,20-99人,通信/网络设备,本科,在校/应届,系统运维,4-7K,重庆,,2026-05-30 17:34:03
0b271059c0c47507031_3dy8E1FS,座椅工程师,延锋国际技术中心,10000人以上,汽车零部件,本科,3-5年,,10-15K·16薪,重庆,,2026-05-30 17:34:03
b458eb489c5f8e9e03x-2t-_FVFU,光学工程师,昌辉股份,1000-9999人,汽车零部件,本科,3-5年,,15-20K,重庆,,2026-05-30 17:34:25
0580745a22162c260nV_3di4EFJW,销售工程师,重庆联庆瑞奇,20-99人,仪器仪表,本科,3-5年,对机构 (To B) 销售经验,6-8K,重庆,,2026-05-30 17:34:25
43168ec7eaf3a57b0nd_2dW0EVBU,智能云服务交付工程师,中国电信,100-499人,运营商/增值服务,大专,经验不限,"网络运维, 实施交付运维, 通信相关专业, 网络安全相关经验, 运维经验, 打印机/复印机维修经验, IDC机房运维",4-9K,重庆,,2026-05-30 17:34:25
f1b13412bfd8e5a60nB42dm8EVNT,算法工程师,通途科技,0-20人,计算机软件,本科,经验不限,,6-9K,重庆,,2026-05-30 17:34:25
1066ba751ee432f50nV_3tu_F1ZU,运维工程师,重庆沃达通信信息,20-99人,互联网,学历不限,经验不限,网络运维,4-7K,重庆,,2026-05-30 17:34:25
43ecc1ba7051a2c803B63di0F1ZZ,IE工程师,力华,1000-9999人,电子/硬件开发,大专,3-5年,"要求有工业工程师经验, 精益改善经验, 电子/通信经验",7-12K,重庆,,2026-05-30 17:34:25
1dc45ff34ef249660nV_3du4EltZ,测试工程师,思骑科技,20-99人,智能硬件,大专,1-3年,,6-11K,重庆,,2026-05-30 17:34:25
3a575f231838d41f03N_2N65FVNX,全栈工程师,北踏云,0-20人,计算机软件,大专,,"全栈侧重后端, 全栈无侧重, JavaScript, Vue, TypeScript, PHP, Node.js, Java, Python, Spring/Spring Boot, 全栈项目经验, 后端开发经验, 前端开发经验",100-200元/天,重庆,,2026-05-30 17:34:25
5156af56ee5e58a903x72tW8F1dV,兼职运维工程师,厦门聚力优创科技,20-99人,人工智能,高中,1-3年,"计算机相关专业, 通信相关专业, 电子/电气/自动化相关专业, 运维经验",25-30元/时,重庆,,2026-05-30 17:34:25
4d951f580a2cdd990nR-09y8GVtW,aws运维工程师（K8S）,恩士迅,1000-9999人,计算机服务,本科,5-10年,"运维开发/DevOps, 计算机相关专业, 运维经验, Kubernetes",18-25K,重庆,,2026-05-30 17:34:25
c5bbc5d518f887a31nZz3tu8E1RX,运维工程师,重庆翱野科技有限公司,0-20人,大数据,学历不限,3-5年,"系统运维, IDC机房运维, 实施交付运维, 通信相关专业, 电子/电气/自动化相关专业, 运维经验, UPS工程师",5-8K,重庆,,2026-05-30 17:34:25
da3c11d5450520740nB43ty_F1NT,SaaS 实施运维工程师（试验检测方向）,德飞检测,100-499人,房屋建筑工程,本科,经验不限,"桌面运维, 网络运维, 系统运维, MySQL/Oracle, 计算机相关专业, 通信相关专业, 运维开发经验, 运维经验",5-7K,重庆,,2026-05-30 17:34:25
62f7f863aeb6f44d0nRz2N-8GVVQ,IT基础设施工程师(J10016),重庆耐德能源装备...,100-499人,专用设备,本科,3-5年,,8-12K,重庆,,2026-05-30 17:34:25
ec8e611f0e50cca81n1629y-E1pV,运维工程师,亨飞,0-20人,通信/网络设备,大专,1-3年,系统运维,5-6K,重庆,,2026-05-30 17:34:25
3e37abac7eff28a61HJ83N61GVFZ,能源与动力工程   工程师,化医能源研究院,20-99人,其他新能源,本科,3-5年,"能源, 锅炉, 分布式技术, 技术沟通, 产品咨询",4-6K,重庆,,2026-05-30 17:34:25
bfb73ca7bd82c7ff0nB43d66F1tW,质量工程师,重庆朗奕迪实业,100-499人,通信/网络设备,大专,3-5年,,7-8K,重庆,,2026-05-30 17:34:45
43d8472c210f05990nZ_2NW_EFZZ,工艺工程师,重庆长华线束有限公司,1000-9999人,汽车零部件,大专,1-3年,"连接/切割工艺经验, 五金经验, 不需要出差, 汽车车身及配件经验, AutoCAD, 机械加工制造经验, 专用机械经验, 汽车经验, 装配/总装经验, 新能源汽车经验",4-6K,重庆,,2026-05-30 17:34:45
d4b143cd30bed2990nd83tS4FFtW,桌面运维工程师（早九晚六，13薪）,江西图登,20-99人,互联网,本科,1-3年,,6-8K·13薪,重庆,,2026-05-30 17:34:45
01a00c54084b961303V-3d-4ElRW,运维工程师,杭州昂恒网络科技,100-499人,社交网络与媒体,大专,3-5年,"系统运维, 运维开发/DevOps, Python/Shell, Docker, 计算机相关专业, 运维经验",20-40K,重庆,,2026-05-30 17:34:45
02ed53126a0b18d11nZ509-_E1tY,服务工程师,重庆禾迎,0-20人,其他专业服务,高中,经验不限,空压机系统维护,4-5K,重庆,,2026-05-30 17:34:45
3c3760544b34f75d0nd-3t21ElBT,算法工程师,云上营商(重庆)科技,20-99人,大数据,硕士,经验不限,,7-12K,重庆,,2026-05-30 17:34:45
2493dcd284752eb81nR92t-_FFJS,运维工程师（长寿）,重庆广睿达,0-20人,互联网,大专,1-3年,"运维, 运维工程师",3-5K,重庆,,2026-05-30 17:34:45
b69f8c1a62e3901f0nR72tS4E1dT,机器视觉应用工程师,中科摇橹船,100-499人,计算机硬件,大专,1-3年,,6-9K,重庆,,2026-05-30 17:34:45
a030cbb6b8b99a770nd_2dW1ElVQ,技术工程师（重庆）,君同云科技,20-99人,计算机硬件,本科,3-5年,,5-7K,重庆,,2026-05-30 17:34:45
12259d278c6a294e0nR-0tW0FlBY,专利工程师,重庆知育道知识产...,20-99人,咨询,本科,1-3年,"专利代理人, 国内事务, 专利代理人资格证书, 无销售性质",10-15K,重庆,,2026-05-30 17:34:45
56e0ef212ba2529a03N92t2_EFRT,实施工程师,江达,0-20人,通信/网络设备,大专,1-3年,计算机相关专业,4-8K,重庆,,2026-05-30 17:34:45
cd7c4299d5acf8be0nB53Nm1E1tQ,平台运维工程师,重庆渝胜道科智能科技,1000-9999人,环保,本科,1-3年,"系统运维, 计算机相关专业, 运维经验, 运维开发经验",6-8K,重庆,,2026-05-30 17:34:45
ea27f57121c799df0ndy0tS5GFpZ,压铸工程师,财鑫杰,500-999人,汽车零部件,大专,3-5年,"锻造, 压铸, 铝, UG, 机械工程专业, 金属冶炼相关专业",8-13K,重庆,,2026-05-30 17:34:45
cbe41a883ce9a06e1XF43tW1FlNT,电气运维工程师,力福汀,20-99人,机械设备/机电/重工,学历不限,经验不限,电子/电气/自动化相关专业,6-9K,重庆,,2026-05-30 17:34:45
cad5faa670886ee80nd-3tu_FlJW,机械工程师,某大型医疗器械公司,100-499人,医疗器械,本科,3-5年,"有机械结构工程师经验, 机器人经验, 制药/医疗经验, 仪器仪表经验, 传动",20-30K·13薪,重庆,,2026-05-30 17:34:45
2d6cbc2559300fd81XF_39-4EVVV,项目工程师,恒伟林,1000-9999人,企业服务,大专,3-5年,"UG, 冲压, 汽车项目管理经验, AutoCAD, 项目管理, 汽配",8-13K,重庆,,2026-05-30 17:35:05
3b7b8c28301d3bed0nVz3dy4EFNS,设备工程师,重庆合纵聚鑫,100-499人,铁路/船舶/航空/航天制造,大专,1-3年,"要求有机械设备工程师经验, 机电设备经验, 数控设备经验, 设备维修/保养经验, PLC编程软件, 其他, 企业（甲方）, 不需要出差",6-7K,重庆,,2026-05-30 17:35:05
a1ea2182999573350nd43d20EltR,卫星运管工程师,航天天目,20-99人,其他行业,本科,3-5年,,10-15K,重庆,,2026-05-30 17:35:05
8443b9bd5b33ccb60nd_2dy4EVtR,运维工程师,法本,10000人以上,计算机软件,本科,5-10年,"Golang, Docker, K8S, 运维开发/DevOps, 运维开发经验, Python/Shell, 计算机相关专业",15-25K,重庆,,2026-05-30 17:35:05
24d1d54b071223050nB_2tu8GFZX,运维工程师,成都玛恩皮肤互联...,100-499人,医疗服务,本科,1-3年,"K8S, linux, mysql, vpn",8-12K,重庆,,2026-05-30 17:35:05
96198c0e280e53170nRy3NS7FFJU,IT运维工程师,睿创微纳,1000-9999人,电子/硬件开发,本科,1-3年,,9-14K·14薪,重庆,,2026-05-30 17:35:05
97912bf61e72b5e803J73924FFBW,运维工程师（人工智能方向）,微银重庆征信,100-499人,其他专业服务,本科,5-10年,"容器, K8S, 运维开发/DevOps, 大模型, 计算机相关专业, 网络安全相关经验, 运维经验, Docker, 系统运维, 运维开发经验, CI/CD, 人工智能, Kubernetes",10-15K,重庆,,2026-05-30 17:35:05
6128895a91915bb30nR62Ny6F1dR,爬虫工程师,贵州来康运输,0-20人,计算机服务,学历不限,1-3年,"Python, Numpy, Pandas, 其他, 爬虫经验, 量化交易开发经验, 量化交易",20-30元/时,重庆,,2026-05-30 17:35:05
66c98f2e9b00d7460nd93t68FFdY,linux服务器运维工程师,重庆世方通跨境电商,20-99人,电子商务,本科,1-3年,"网络运维, 系统运维, 运维开发/DevOps, DBA, Python/Shell, Ansible/Salt/Puppet, Nginx, Redis, MySQL/Oracle, 计算机相关专业, 运维经验, 大数据运维经验",3500-4000元/周,重庆,,2026-05-30 17:35:05
9370702c41fe4da70nR93dm5FldT,皖鄂渝风电运维工程师,上海峙雄,1000-9999人,风电,大专,1-3年,,6-9K,重庆,,2026-05-30 17:35:05
e700c15de771c20e1nV52N-7FlFX,硬件工程师,复恒,20-99人,计算机硬件,本科,3-5年,"硬件, 电池/电源类产品, 测试, 电子电气/自动化相关专业, PCB设计, 计算机相关专业, 嵌入式技术, 芯片/半导体/集成电路, 智能硬件/可穿戴设备, 嵌入式软件开发, 电子元器件工程师, 测试工程师, 硬件开发经验",5-10K,重庆,,2026-05-30 17:35:05
921f0fe59d33738603d_3Ny4ElJZ,传输设备运维工程师,北京中新科瑞科技,0-20人,通信/网络设备,大专,经验不限,"中兴传输设备, 通信相关专业, SDH, 地铁运维, 计算机相关专业, 爱立信传输设备, 华为传输设备, 运维经验",3-6K,重庆,,2026-05-30 17:35:05
bbaf72d1931507060nRy39-0GVRX,计量工程师,智翔金泰生物,500-999人,生物/制药,大专,1-3年,,7-9K,重庆,,2026-05-30 17:35:05
0bfe2b1db88ee3b71HFz2dS6EFJQ,运维工程师,重庆巨盈轩,0-20人,计算机软件,大专,1-3年,,5-8K,重庆,,2026-05-30 17:35:05
f358ffa34030d94a0nZy3Ni8EFpX,数据中心工程师,力云科技,100-499人,通信/网络设备,大专,1-3年,"应届生, AI, 人工智能, 计算机相关专业, IDC机房运维",7-10K,重庆,,2026-05-30 17:35:05
991301cf0a98a9381HN539-7EFNS,业务运维工程师,视洞科技,100-499人,互联网,本科,5-10年,"DBA, 熟练Linux系统, 实施交付运维, Docker, Elasticsearch, 熟悉Java运维栈, 运维开发/DevOps, Kubernetes",9-14K·13薪,重庆,,2026-05-30 17:35:26
7f46f09e00b0a9561HNz3dm6EVRX,售前工程师,光可巡科技,100-499人,仪器仪表,本科,1-3年,"售前技术支持, 标书制作",4-8K,重庆,,2026-05-30 17:35:26
067b5d8d47f9bf090nB52dS5F1pU,弱电运维工程师,重庆通乾科技有限公司,0-20人,批发/零售,大专,1-3年,弱电设备运维,4-5K,重庆,,2026-05-30 17:35:26
7f878467bfca78300nVy29u0GFFT,运维工程师,巫溪蓝翔电脑,20-99人,批发/零售,大专,1-3年,"网络运维, 实施交付运维, 系统运维, 桌面运维",4-6K,重庆,,2026-05-30 17:35:26
d6cb6ec0d3349e980nV_2d6_GVpX,运维工程师,重庆渝欧数智科技,500-999人,电子商务,本科,3-5年,"系统运维, 运维开发/DevOps, 计算机相关专业, 通信相关专业, 运维经验, 运维开发经验, 网络安全相关经验",12-20K·13薪,重庆,,2026-05-30 17:35:26
bce23d83b3a081ac0nRz39u6GVZR,产品技术支持工程师-重庆（26届校招）,达梦数据库,1000-9999人,计算机软件,本科,在校/应届,"DBA, 计算机相关专业",10-15K,重庆,,2026-05-30 17:35:26
47630cad230b10140nB73d-9GVpX,it运维工程师,瞰瞰科技,100-499人,智能硬件,本科,1-3年,,6-7K,重庆,,2026-05-30 17:35:26
5eff2d94c71d050c0nd-2NW7GVJV,售后工程师,远臻科技,20-99人,计算机软件,大专,3-5年,,6-8K,重庆,,2026-05-30 17:35:26
6f671d458ac464390nB409-0EVBV,工艺工程师,永进重机,100-499人,专用设备,本科,3-5年,"不需要出差, UG, AutoCAD, 机械加工制造经验, 专用机械经验, 装配/总装经验, 热处理工艺",7-12K,重庆,,2026-05-30 17:35:26
59a95f4c2f3b13100nV-2t21FFZT,驻场工程师,VisionVera,1000-9999人,通信/网络设备,本科,3-5年,,6-8K,重庆,,2026-05-30 17:35:26
74924e129ef4eac51HJz3dq5FFBS,运维工程师,重庆隆锦科技有限公司,0-20人,信息安全,大专,1-3年,网络运维,4-8K·13薪,重庆,,2026-05-30 17:35:26
4bbe97694f7f4c4e03Jz2t2_GFRY,风力发电运维工程师,重庆庭华新能源科技,20-99人,风电,大专,1-3年,"风力发电行业, 运维检测维修",5-10K,重庆,,2026-05-30 17:35:26
402f3a95275647860nV53d-9GFZR,高级运维工程师—重庆,税友集团,1000-9999人,互联网,大专,3-5年,"网络运维, Java, 实施交付运维, 通信相关专业, MySQL/Oracle, 大数据运维经验, 系统运维, 运维开发经验, 桌面运维, 计算机相关专业, 网络安全相关经验",6-7K·14薪,重庆,,2026-05-30 17:35:26
b50f2c931485ecfa0nR409q9FlBZ,售前工程师,重庆朋旭,20-99人,通信/网络设备,本科,1-3年,"售前技术支持经验, 计算机/通信相关专业, 招投标经验",6-7K,重庆,,2026-05-30 17:35:26
1e007079ef71d4650nV529W9GVdR,功率模块 AE 工程师,重庆平伟实业股份,1000-9999人,半导体/芯片,本科,1-3年,"功率模块应用开发, SiC-MOS驱动板开发",15-25K·13薪,重庆,,2026-05-30 17:35:26
fb07b9417142e8c60nB509y9E1NY,冲压工程师,福建万达,1000-9999人,电子/半导体/集成电路,大专,3-5年,,12-15K,重庆,,2026-05-30 17:38:49
1a3d0a0bc86c6a570nV52968E1pS,质量工程师,恒伟林,1000-9999人,企业服务,大专,3-5年,"APQP, FMEA, 供应商质量工程师, SPC, PPAP, MSA, 汽车质量管理体系标准",6-10K,重庆,,2026-05-30 17:38:49
0bda520019d751870nB43d66EVBQ,SMT工程师,国讯电子,500-999人,计算机/通信/其他电子设备,初中及以下,3-5年,,8-10K,重庆,,2026-05-30 17:38:49
48b6896568fee67d0nRz2tu9GFJZ,pcb工程师,重庆方正高密电子,1000-9999人,计算机/通信/其他电子设备,大专,1-3年,,10-15K,重庆,,2026-05-30 17:38:49
27e1c1c0c66025d11nJ90928F1pX,NVH工程师,宗申动力,1000-9999人,汽车零部件,本科,1-3年,"动力系统设计, NVH工程师",8-9K,重庆,,2026-05-30 17:38:49
6bd7f198a854d722031z3NS8GVtU,采购工程师,重庆某大型新能源汽车研发/制造上市公司,1000-9999人,汽车研发/制造,本科,3-5年,"国内采购, 汽车用品, 零配件, 大中型企业采购经验, 供应链/贸易专业, 财会知识丰富, 自带供应商资源, 熟悉法律法规知识",16-25K·14薪,重庆,,2026-05-30 17:38:49
e6dd0ef776a0b5660ndy3d29FVVY,岩土工程师,鸿钧建筑,20-99人,其他生活服务,大专,10年以上,"结构工程师, 中级工程师职称, 甲级设计院经历, 地质工程相关专业, 勘查技术",12-13K,重庆,,2026-05-30 17:38:49
27aafa663feaba571H16392_GFFT,驱动工程师,舟海,100-499人,计算机/通信/其他电子设备,本科,5-10年,"C/C++, 计算机相关专业",15-20K,重庆,,2026-05-30 17:38:49
7c62ea6363c921f803xy2d-8FVJV,cae工程师,重庆优智优行科技,20-99人,汽车研发/制造,大专,5-10年,"CATIA, 设计相关专业, 工程设计, 机械相关专业, 车身结构设计, CAE/CFD, 材料相关专业, 三维设计, 计算机相关专业",16-28K·13薪,重庆,,2026-05-30 17:38:49
c2edcefc0e08f2890nZ42926FltW,QE工程师,雷玛科技,20-99人,专用设备,大专,3-5年,,6-7K,重庆,,2026-05-30 17:38:49
4f42ca9d51164ae71X1_39W6GFBQ,策略工程师,道微投资,20-99人,基金,本科,1-3年,"Golang, Java, C++, C, MySQL, Redis, Oracle, Python, TensorFlow",10-15K,重庆,,2026-05-30 17:39:08
26f01a3b657e584b0nB73tq0FFtR,初级运维工程师,柏深时代,20-99人,电力/热力/燃气/水利,大专,1-3年,电力运维,5-6K,重庆,,2026-05-30 17:39:08
0ac62c4f4517323003V_29u7EVFW,气体工程师,亿鼎集团,100-499人,半导体/芯片,大专,3-5年,,7-8K·13薪,重庆,,2026-05-30 17:39:08
b661b988b12b00c20nB-3tq9FFRU,运维工程师,联合永道,1000-9999人,计算机软件,大专,3-5年,"系统运维, Python/Shell, 计算机相关专业, 通信相关专业, 运维经验, openstack, 虚拟化, RHCE, 存储",8-10K,重庆,,2026-05-30 17:39:08
ecd3c7f94bf15a300nB62dW5EVtQ,质量工程师,重庆协友兴汽车零部件,100-499人,汽车零部件,大专,3-5年,,8-12K,重庆,,2026-05-30 17:39:08
a5d08d339a79c8290nZ72961GVRV,座椅工程师,某中型汽车研发/制造公司,100-499人,汽车研发/制造,大专,3-5年,,20-21K,重庆,,2026-05-30 17:39:08
61808106db43b21f1HV42tu8F1tU,暖通工程师,重庆洁安,20-99人,医疗器械,大专,经验不限,"了解常用空调系统, 方案设计, 餐补, 负责驻场, 医疗建筑, 有BIM相关经验, 安装施工, 生物科学设施, 天正建筑, 交通补助, 鸿业暖通, 注册暖通工程师, 图纸绘制/审核, 五险",7-12K·13薪,重庆,,2026-05-30 17:39:08
e30ed8d81c4aaf6d0nZ92tq4FFtV,设备工程师,瑞浦兰钧能源,1000-9999人,动力电池,大专,1-3年,,11-17K,重庆,,2026-05-30 17:39:08
28b28e7c8b4fd5110nB53du1FldU,采购工程师,华玮旭电子有限公司,100-499人,非金属矿物制品,大专,1-3年,,8-10K,重庆,,2026-05-30 17:39:08
20d7a1ca47970e300nZ_3di9FlBQ,水泵工程师,新脉动,20-99人,机械设备/机电/重工,本科,3-5年,"有机械工程师经验, 机电设备经验, 非标设计经验, 仿真设计经验, CATIA, SolidWorks, AutoCAD",15-20K,重庆,,2026-05-30 17:39:08
66e06a3716ba31e9031z0tm1FVpW,硬件工程师,重庆特腾,20-99人,电子/硬件开发,本科,5-10年,"硬件项目管理经验, 芯片/半导体/集成电路, 通信相关专业, 电池/电源类产品, 电子电气/自动化相关专业, 智能硬件/可穿戴设备, 计算机相关专业, 硬件开发经验, 音视频/显示类产品, 手机/电脑/通讯终端",8-12K,重庆,,2026-05-30 17:39:08
1508850dac9cab4003xz2NW-E1ZX,工艺工程师,蓝黛,1000-9999人,汽车研发/制造,本科,5-10年,,8-13K,重庆,,2026-05-30 17:39:31
95ef599b1c9404d10ndz0928EVdW,网络监控工程师,道博机械,100-499人,电气机械/器材,大专,5-10年,,5-7K,重庆,,2026-05-30 17:39:31
763bc78f85d99dd70nd_3NS4E1tW,运维工程师,四川明源电气,0-20人,专用设备,学历不限,经验不限,,3-4K,重庆,,2026-05-30 17:39:31
8d3286861cef50620nR529u7ElJS,devops工程师,某新闻公司,0-20人,新闻/出版,学历不限,5-10年,"运维开发/DevOps, Python/Shell",15-30K,重庆,,2026-05-30 17:39:31
5a4c82985c9922371Hx73du6GFpS,发泡工程师,句升力汽车,20-99人,汽车研发/制造,学历不限,1-3年,"Catia, 座椅, 设计软件",10-15K,重庆,,2026-05-30 17:39:31
003b5ce9569cd02f0nB73Ny1EFdQ,SRE运维工程师 (Kubernetes/私有云方向),北京印行,100-499人,互联网,本科,5-10年,,15-25K,重庆,,2026-05-30 17:39:31
553119be8356bb060nB729S1FVVS,品质工程师,某大型塑料制品公司,100-499人,橡胶/塑料制品,大专,3-5年,"有质量管理经验, 不需要出差, 半导体经验",20-21K,重庆,,2026-05-30 17:39:31
7d68f26709c9f14803N_2N69EFpT,PM工程师,盛泰光电科技,1000-9999人,半导体/芯片,本科,5-10年,"PMP, 企业内部技术项目管理, 系统产品, 摄像头",12-20K,重庆,,2026-05-30 17:39:31
87163c1e1a54ad381HJ80t-9GFVW,质量工程师,重庆近江智信,100-499人,汽车零部件,大专,1-3年,"质量管理, 五大工具, 新品工程师",7-9K,重庆,,2026-05-30 17:39:31
33ba436ff4bf8f631HJ50tm7F1VZ,车身工程师,重庆飞特车辆技术...,20-99人,其他专业服务,大专,3-5年,"汽车内外饰设计, 汽车车身设计",7-12K,重庆,,2026-05-30 17:39:31
a528fd738bb147680nB70t-0ElZZ,数采工程师,瞰瞰科技,100-499人,智能硬件,大专,1-3年,,4-7K,重庆,,2026-05-30 17:39:31
b7bdc4a72f6e0aa90nB63N6-EFRT,试验工程师,重庆胜维德赫华翔,100-499人,汽车零部件,大专,3-5年,"有质量管理经验, 汽车经验, 8D报告经验, 需要出差, 熟悉17025体系，  熟练使用三坐标",5-10K·14薪,重庆,,2026-05-30 17:39:31
3eb28b65a0d506271HJ63t2_ElpX,质量工程师,重庆友盟鑫,100-499人,金属制品,大专,3-5年,质量体系工程师,7-9K,重庆,,2026-05-30 17:39:31
b3f21a952955fbce0nd82tS6GVVT,销售工程师,翼菲科技,500-999人,自动化设备,大专,5-10年,"工业设备销售经验, 商务谈判能力, 工业机器人",10-15K,重庆,,2026-05-30 17:39:31
b449b778607e5c7f0nB63dq7EFVV,客户服务工程师-实习生,中联,1000-9999人,计算机软件,大专,,"系统运维, 计算机相关专业",90-130元/天,重庆,,2026-05-30 17:39:53
8d8abd01017c81e103x-2dW-FVBS,设计工程师,泛塞克,20-99人,汽车研发/制造,大专,1-3年,"内外饰设计, CATIA, 工程设计, 座椅设计, 设计相关专业, 开闭件设计, 机械相关专业, 适应出差, 车身结构设计, CAE/CFD, 三维设计, 内外饰及座椅设计",6-11K,重庆,,2026-05-30 17:39:53
f6569476e6b7057b0nd80t21FldW,LLM/VLA 工程师,骅塬汇创,20-99人,计算机服务,学历不限,经验不限,"大模型算法, 强化学习, 规控算法, 自然语言处理算法, 多模态算法, 模型加速/性能优化, C/C++, Python, LLM, VLA, SaaS, STF/RLHF/DPO, skill/toll use",14-22K,重庆,,2026-05-30 17:39:53
c26ada9f7eb01c8a0nZy3NW7GVZQ,运维工程师,丰都欣兴通讯,0-20人,通信/网络设备,高中,1年以内,,4-5K,重庆,,2026-05-30 17:39:53
bf96c5aa3df95fdd0nVz29i0FVJS,运维工程师,奥瑞德,1000-9999人,电子/半导体/集成电路,大专,3-5年,,7-9K,重庆,,2026-05-30 17:39:53
a698589f9b205d8d0nB-3NW_E1NS,AI 工程师,霍尼韦尔,10000人以上,自动化设备,本科,1-3年,"Python, TensorFlow, PyTorch, 预测AI",12-24K·15薪,重庆,,2026-05-30 17:39:53
abef82c7a3cf2be503d939S-EVRX,销售工程师,众跃电气,0-20人,电力/热力/燃气/水利,大专,5-10年,"市场拓展能力, 能源, 工业设备销售经验, 大中型企业销售经验, 电力/燃气/水利, 商务谈判能力, 客户开发与维护, 对机构 (To B) 销售经验, 仪器仪表/工业自动化, 电气相关学历",5-6K·18薪,重庆,,2026-05-30 17:39:53
6fc853c98c23264b0HF92dS1ElY~,项目合伙人:大数据分析与音视化工程师,聪明马,0-20人,培训/辅导机构,本科,10年以上,"数据分析, 大数据, 人工智能, 商业数据分析, 数据库开发, 数据仓库, 云计算, 商业智能",120-180K,重庆,,2026-05-30 17:39:53
5d40c7cb95531bae0ndz3tW6EVpS,设备工程师,宜宾某大型动力电池公司,1000-9999人,动力电池,大专,3-5年,,15-29K,重庆,,2026-05-30 17:39:53
cce4782379bd9b900nB-3Nq_ElBW,AI工程师,越亮传奇,500-999人,互联网,本科,1-3年,,11-16K,重庆,,2026-05-30 17:39:53
34f1c34174cf04ed031-3N2_GFo~,服务器运维工程师,易联数码,100-499人,计算机服务,本科,1-3年,"实施交付运维, 虚拟机技术, 服务器运维, 计算机相关专业, 运维经验, IDC机房运维",4-6K·13薪,重庆,,2026-05-30 17:39:53
d8eba58eb6e6e31f1HZ_2t68FlRY,试验工程师,秦安机电,1000-9999人,汽车零部件,大专,1-3年,"耐久试验, 汽车相关专业, 机械相关专业, 电机, 电子相关专业",6-10K·13薪,重庆,,2026-05-30 17:39:53
7802759892e66c2003B709-_FlVX,运维工程师（可小白）+住宿,重庆亿小达科技,20-99人,互联网,大专,经验不限,安全运维,6-8K,重庆,,2026-05-30 17:39:53
edb20eefedd6d9040nd52dm_F1tZ,质量工程师,道普威控制索有限公司,100-499人,汽车零部件,大专,3-5年,"有质量管理经验, 不需要出差, IATF 16949经验, 汽车经验, SQE经验（供应商）, CQE经验（客户）, 8D报告经验, QC七大手法, 内审员资格证",5-7K,重庆,,2026-05-30 17:39:53
ee59c682635ad0f80nB_2ti_FVVR,交通信号工程师,乐晨,100-499人,通用设备,本科,3-5年,,6-10K,重庆,,2026-05-30 17:40:12
fa43458cb1b1471b0nZ42di_EFVR,运维工程师（Linux/网络/PLC数据采集方向）,绿汇科技,0-20人,计算机软件,本科,1-3年,"系统运维, 运维开发/DevOps",200-400元/天,重庆,,2026-05-30 17:40:12
6b9a30642f7cf12903x42Nm0EFtQ,质量工程师,山外山,1000-9999人,医疗器械,本科,3-5年,"不需要出差, 仪器仪表经验, 医疗器械经验, QC七大手法, 机械加工制造经验, ISO9001经验, 制药/医疗经验, 汽车经验, 医疗器械, 有质量管理经验, 电子/通信经验, 8D报告经验",8-12K·13薪,重庆,,2026-05-30 17:40:12
1ca4761d0943fdff0nd_3dq4FVZZ,高级Web 3D/ Web GIS 工程师,飞行石,20-99人,计算机软件,本科,3-5年,"WebGL, WebAssembly (WASM), glTF / 3D Tiles, WebGPU, 图形渲染",12-15K,重庆,,2026-05-30 17:40:12
31d3db8900cbfe631Hxy2Nq4GVZW,智家工程师,九龙坡区顺风通讯...,20-99人,通信/网络设备,本科,1-3年,"销售经验, 电工证, 通信相关专业, 登高证, 有驾照, 通信专业, 有宽带装维经验",5-10K,重庆,,2026-05-30 17:40:12
8047644aed05d5030nB70t-4FlFU,高级网络运维工程师,西西弗书店,1000-9999人,生活服务(O2O),大专,5-10年,"网络运维, HCIP, HCIE, 运维经验",8-12K,重庆,,2026-05-30 17:40:12
1c8fef79b9b81c0003N_29W0GFNQ,云平台资深运维工程师,长安科技,1000-9999人,计算机软件,本科,5-10年,,20-40K·16薪,重庆,,2026-05-30 17:40:12
848ed578f56c81e503N92dS-FVFR,NVH工程师,重庆张雪机车工业,1000-9999人,摩托车/自行车制造,本科,5-10年,"摩托车行业经验, NVH试验, NVH设备, NVH仿真",12-20K,重庆,,2026-05-30 17:40:12
fe1fd7321cf5ca5f0nd-3t25FFVR,项目工程师,力华,1000-9999人,电子/硬件开发,本科,5-10年,,12-20K,重庆,,2026-05-30 17:40:12
2a41e08463d853180nB439y1EFNV,软件工程师,某大型计算机软件公司,1000-9999人,计算机软件,本科,3-5年,"C, 汽车电子",20-25K,重庆,,2026-05-30 17:40:12
649f09d49d8579d90ndy3NW0GVFS,蚂蚁消金-高级AI Data 工程师,蚂蚁集团,10000人以上,互联网,本科,5-10年,,30-60K·15薪,重庆,,2026-05-30 17:40:34
669d78a9e5d67b991nBz3t65EFJW,运维工程师,泰盈科技集团,10000人以上,互联网,本科,1-3年,"系统运维, 服务器配置, 桌面运维, Windows, 安全运维, 大数据运维, 应用运维",5-6K,重庆,,2026-05-30 17:40:34
31aea61ad05e70c40nZz29u9FVtY,资深运维工程师,重庆市九零玖玖信...,20-99人,互联网,本科,3-5年,"Nginx, MySQL/Oracle, Docker, 系统运维, 运维开发经验, 运维经验, Kubernetes",12-15K,重庆,,2026-05-30 17:40:34
8ea0ee5d0fb4047a0nd82di8F1ZR,电器工程师,小刀,1000-9999人,其他新能源,学历不限,经验不限,CAD,15-25K,重庆,,2026-05-30 17:40:34
ae2132c1aa8cb5d91HN-29y5GVVT,夹具工程师,富木羽,0-20人,通用设备,大专,3-5年,"不需要出差, 组装夹具经验, 有夹具工程师经验, 机械加工制造经验, 机加工夹具经验, 非标设备经验",10-15K,重庆,,2026-05-30 17:40:34
904f6d05ea3172dd03Ny3dW8ElNX,资深运维工程师,神州新创,0-20人,互联网,大专,5-10年,,10-15K,重庆,,2026-05-30 17:40:34
588d3cb541f3ec211Hxy3926E1RY,运维工程师（校招）,武汉源启科技,100-499人,计算机软件,本科,在校/应届,"实施交付运维, MySQL/Oracle, 计算机相关专业",3-4K,重庆,,2026-05-30 17:40:34
99f2178ef067d21d03F_2dq-EVRT,品质工程师,重庆友强高分子材料,20-99人,橡胶/塑料制品,大专,3-5年,,7-12K,重庆,,2026-05-30 17:40:34
7b8eff420ce352980nB60tS0FFdT,软件工程师,某仪器仪表公司,20-99人,仪器仪表/工业自动化,本科,5-10年,,15-25K,重庆,,2026-05-30 17:40:34
cdd7d770f113b35103J709u4ElNY,产品工程师,重庆溯联股份,1000-9999人,汽车零部件,本科,1-3年,"有年终奖, 汽车零部件设计",10-15K·14薪,重庆,,2026-05-30 17:40:34
bd48752991e56a8d0nB_3968EFNS,电气工程师,重庆巴渝好实在互...,0-20人,其他新能源,本科,1-3年,"电路设计, PCB设计, 电控工程师, CAD, 电气工程师证",10-11K,重庆,,2026-05-30 17:40:34
9ed54065bcd38d550nZ82tq-E1JU,电气工程师,重庆赛力斯凤凰智...,1000-9999人,汽车研发/制造,本科,3-5年,,15-30K·14薪,重庆,,2026-05-30 17:40:34
35faee42758dcd610nB-3t64F1RW,VLA 工程师,重庆九城数字科技,0-20人,计算机软件,本科,3-5年,"大模型算法, 机器学习, 深度学习, 强化学习, 融合感知算法, 多模态算法, 模型加速/性能优化, Python, C/C++",14-20K,重庆,,2026-05-30 17:40:57
c6ca0c96b85b5e6903N-0tq1ElRY,尺寸工程师,赛力斯汽车,1000-9999人,汽车研发/制造,本科,5-10年,,15-30K·14薪,重庆,,2026-05-30 17:40:57
b057450510ae9e020nZ93d-1GVVW,全栈工程师,旱獭信息技术有限公司,20-99人,计算机软件,本科,3-5年,,8-13K,重庆,,2026-05-30 17:40:57
3a2f71a70be307710nB-09i0GFBU,电厂运维工程师,重庆格网科技,100-499人,计算机服务,本科,1-3年,,5-8K·15薪,重庆,,2026-05-30 17:40:57
94a394246a5360e30nd739y6FVdS,电力工程师,重庆安诺信智能设备,0-20人,电子/硬件开发,大专,1-3年,,6-9K,重庆,,2026-05-30 17:40:57
ac8efb791cb3c5420nB529m5FFJQ,技术支持工程师,麒麟信安,500-999人,计算机软件,本科,1-3年,"实施交付运维, 通信相关专业, Linux系统, 计算机相关专业, CentOS",6-10K,重庆,,2026-05-30 17:40:57
1e24bc09c0422251031z0tm_EFZY,模具工程师,重庆志成机械有限公司,1000-9999人,汽车零部件,本科,3-5年,"CATIA, 铸造经验, UG, 汽车, AutoCAD, 有模具工程师经验, 冲压经验, 其他, 注塑经验, SolidWorks, Pro/E",8-13K,重庆,,2026-05-30 17:40:57
77218287d42e87e60nB60tm-EVZS,商用车底盘布置 工程师,河南豫科动力系统,20-99人,新能源汽车,本科,3-5年,,15-20K,重庆,,2026-05-30 17:40:57
70c4ead8c318fa2e0nV83N6-EFFW,运维工程师,音迅科技,20-99人,通信/网络设备,本科,经验不限,"通信相关专业, 计算机相关专业",6-11K,重庆,,2026-05-30 17:40:57
4f0fdabf95d2dcd30ndz0ti4GVFT,地铁信号维保工程师,安信捷实业,100-499人,电气机械/器材,大专,1-3年,,5-8K,重庆,,2026-05-30 17:40:57
8fe4623d7de68d3a0nV609y7GVNY,风电运维工程师,四川载誉电力工程,100-499人,风电,学历不限,1-3年,,8-13K,重庆,,2026-05-30 17:40:57
77bef89d91f08f7d1nJ-3tu6FlRT,系统运维工程师（实习岗）（招聘15-20人）,重庆乾兴信息,20-99人,通信/网络设备,大专,经验不限,"网络调试, 弱电工程, 网络通信",2-3K,重庆,,2026-05-30 17:40:57
a6f27cdc014eb5ac0ndz39W4GVdU,运维工程师（k8s）,并连网络,100-499人,互联网,本科,3-5年,"网络运维, 运维开发/DevOps, Kubernetes, k8s",8-12K,重庆,,2026-05-30 17:40:57
ef82ae7925a03fb00nB509S6GFVZ,AI工程师,重庆某中型原材料及加工/模具制造公司,500-999人,原材料及加工/模具,本科,1-3年,AI辅助用户洞察,20-40K·14薪,重庆,,2026-05-30 17:40:57
e61e525200adee2e0nd_2tq1FFZS,电气工程师,中冶赛迪集团有限公司,1000-9999人,矿产/地质,本科,5-10年,,10-15K,重庆,,2026-05-30 17:40:57
f2cb22cb25de991c0nB_29q1F1FR,硬件工程师,重庆脑际医疗科技,0-20人,医疗健康,硕士,经验不限,,9-12K,重庆,,2026-05-30 17:41:19
7df5e6e13049a4310nV-3tq0GVVZ,机械工程师,重庆联源机械制造,20-99人,铁路/船舶/航空/航天制造,本科,5-10年,"团队管理经验, 自动化机械经验, UG, 铁路/船舶/航空/航天经验, AutoCAD, 非标设计经验, SolidWorks, 有机械工程师经验",10-15K,重庆,,2026-05-30 17:41:19
a739a5284564843903B93di6EFZQ,运维工程师,重庆实新洋贸易,100-499人,日化,学历不限,经验不限,,8-12K·13薪,重庆,,2026-05-30 17:41:19
3f743e7faf7220fc1Hd-3di6FVBU,机械工程师,福伦德,100-499人,通用设备,本科,3-5年,"自动化机械经验, 非标设计经验, 非标自动化, 有机械工程师经验",12-20K,重庆,,2026-05-30 17:41:19
3f5fe61656dcef2f03Z73t69F1FU,运维工程师,重庆快讯科技有限公司,0-20人,云计算,大专,1-3年,"网络运维, 系统运维, Linux , 桌面运维, 运维经验, IDC机房运维, 计算机网络, 云计算",3-5K,重庆,,2026-05-30 17:41:19
31d7d56e4a7574eb0nB529--FlBU,运维工程师,四方创新,100-499人,计算机服务,大专,1-3年,,5-8K·14薪,重庆,,2026-05-30 17:41:19
86534cf3ad9d94c90nZ70tq4EVNW,运维工程师,迅耀,20-99人,通信/网络设备,中专/中技,3-5年,"网络运维, 系统运维, 实施交付运维, 计算机相关专业, 运维经验",3-6K,重庆,,2026-05-30 17:41:19
95df452b3394778d1HNy3tu-FltT,运维工程师,重庆联庆环保,20-99人,环保,大专,1-3年,"系统运维, IDC机房运维",4-7K,重庆,,2026-05-30 17:41:19
e7c9013c2e35da980nB429S_FFFX,测试工程师,Int-speed,500-999人,智能硬件/消费电子,大专,3-5年,,7-12K,重庆,,2026-05-30 17:41:19
c55c6bdba574be2c0nd93t29FVtX,运维工程师（常驻机房）,重庆千德科技有限公司,20-99人,计算机软件,大专,1-3年,"计算机相关专业, 电子/电气/自动化相关专业, IDC机房运维",5-7K,重庆,,2026-05-30 17:41:19
97f942c235e08aee0nZz2921E1FZ,AI运维工程师,百智智慧,100-499人,计算机软件,本科,经验不限,"网络运维, 系统运维, IDC机房运维, 运维开发/DevOps",8-13K·14薪,重庆,,2026-05-30 17:41:19
04200f52947720d203Z-3N69ElJX,专利工程师,金山机器人,100-499人,医疗器械,硕士,3-5年,专利代理人,10-15K·14薪,重庆,,2026-05-30 17:41:19
dbcb820203a3cbdc0nV40tS4F1pS,安评工程师,天宏一站式技术咨询,20-99人,咨询,本科,3-5年,,10-15K,重庆,,2026-05-30 17:41:19
23a67fe0f5a288db0nB53du4EltX,g企-智能运维现场调试工程师,重庆某中型轨道交通设备制造公司,100-499人,铁路/船舶/航空/航天制造,本科,5-10年,"供电运维系统, 硬件通讯调试",20-21K,重庆,,2026-05-30 17:41:19
78122b0330679a721Xx63dm5GFVU,网络工程师,重庆朋旭,20-99人,通信/网络设备,大专,1-3年,,4-6K,重庆,,2026-05-30 17:41:39
ea0f1a18cc72f66e0ndz3tm4E1JY,环保工程师,川卓,20-99人,环保,本科,3-5年,,8-12K,重庆,,2026-05-30 17:41:39
2c3cf0d981ecb42d0nRz2Nm8FVJR,软件交付运维工程师,中盈优创,1000-9999人,计算机软件,本科,1-3年,,10-14K·14薪,重庆,,2026-05-30 17:41:39
f1cac302e5ba1d450nZ83t-5FFBV,算法工程师,重庆墨熵智控科技,0-20人,计算机软件,硕士,3-5年,,12-20K,重庆,,2026-05-30 17:41:39
73e30ff3db3cc3ce0nB-3tu6F1VZ,电气工程师,重庆锐刻新科技,0-20人,专用设备,大专,在校/应届,"电路设计, Java, Unix, PLC工程师, 仪器仪表工程师, 热风枪, Cadence, ProE",3-4K,重庆,,2026-05-30 17:41:39
93967f8a335503990nZy0tm_E1dZ,系统运维工程师,重庆蝶变科技有限公司,100-499人,计算机软件,大专,5-10年,"Java, Nginx, 实施交付运维, MySQL/Oracle, 系统运维, 运维开发经验, Redis, ERP、MES运维开发经验, Python/Shell, 计算机相关专业, 网络安全相关经验, 运维经验",10-13K,重庆,,2026-05-30 17:41:39
607d6545b067e3620nZ72d-9F1ZT,线束工程师,重庆奕麟欣智科技,20-99人,半导体/芯片,本科,1-3年,工艺工程师,5-8K,重庆,,2026-05-30 17:41:39
2878d523b737412d1XV62dS_FlNX,NVH工程师,河南东合,20-99人,汽车研发/制造,本科,1-3年,"Abaqus, Hypermesh, Hyperworks, NVH工程师, ANSA, LS-DYNA, CAE工程师, Nastran",11-20K,重庆,,2026-05-30 17:41:39
67be51c1af6d12cd0nN82dW_E1I~,运维工程师,重庆易安信,0-20人,信息安全,大专,,"运维工程师, 机房运维, 安全运维, 系统运维, 网络运维, 自动化运维, 网络设备, 网络工程师证",200-300元/天,重庆,,2026-05-30 17:42:00
18c8be4fc3ed981703Z42N-7GVtY,机械工程师,凯尔夫智能测控技...,20-99人,自动化设备,大专,1-3年,"CATIA, 自动化机械经验, UG, Keyshot, AutoCAD, 非标设计经验, 整机设计经验, 仿真设计经验, SolidWorks, 重型机械经验, 有机械工程师经验",12-20K,重庆,,2026-05-30 17:42:00
12c94714184a5ab40nB529W-F1RT,ug工程师,重庆铁卫医疗科技,0-20人,机械设备/机电/重工,本科,1-3年,UG,6-11K,重庆,,2026-05-30 17:42:00
912499d46591f4101HZ83du7FVFS,模具工程师,鑫翔诚,20-99人,原材料及加工/模具,大专,3-5年,"有模具工程师经验, 注塑经验, AutoCAD, UG, SolidWorks, 汽车, 精密仪器, UG, 汽车制造, 塑胶模具",8-10K·13薪,重庆,,2026-05-30 17:42:00
a4fa0351e21d0ffd3nN_09y7EFY~,运维工程师,科杰智科技有限公司,0-20人,财务/审计/税务,大专,1-3年,"运维工程师, 管理系统",4-6K,重庆,,2026-05-30 17:42:00
33abd4a554a6811a03xy09i0E1BR,咨询工程师,巴润公司,0-20人,咨询,本科,3-5年,,5-10K,重庆,,2026-05-30 17:42:00
4bff7dd5be5611840nZ-2Ny5FFJV,iOS工程师,千里鱼,100-499人,文化艺术/娱乐,大专,3-5年,"技术方案规划, 计算机/软件工程相关专业",8-12K,重庆,,2026-05-30 17:42:00
976b2701af44d85f0nd_2Nq0E1ZY,光学工程师,重庆某大型汽车零部件上市公司,1000-9999人,汽车零部件,本科,3-5年,"光学设计, 器件选型, Zemax, Code V, LightTools, TracePro, 成像系统, 照明系统",20-25K·15薪,重庆,,2026-05-30 17:42:00
16befb908da01a091nZ63966EFZR,基带工程师,芯讯通无线科技,500-999人,通信/网络设备,本科,5-10年,"仿真/验证, 模拟电路设计, 数字电路设计, 通信",11-18K,重庆,,2026-05-30 17:46:08
f3d6db036db3300703153tm4F1RX,焊接工程师,博俊科技,500-999人,汽车零部件,中专/中技,3-5年,"立焊, 机器人, 焊工上岗证, 焊接作业, 激光焊",6-10K·13薪,重庆,,2026-05-30 17:46:29
62d70ff37af764870nV_09m0FVJV,sqe工程师,重庆市澳英汽车科技,100-499人,其他制造业,大专,3-5年,"熟悉6 Sigma策略, 了解OEM/ODM, 汽车, SQE工作经验, 物料供应商, 产品供应商, 熟悉ISO质量管理体系",6-8K·13薪,重庆,,2026-05-30 17:46:29
8b9f24be6e31321f0ndz29y6FVtV,游戏运维工程师,成都某中型移动游戏公司,100-499人,游戏,本科,5-10年,,15-25K,重庆,,2026-05-30 17:46:29
621573d83bf016e903By39u_EFJS,发泡工程师,速博亚尔,20-99人,汽车研发/制造,学历不限,3-5年,,12-18K,重庆,,2026-05-30 17:46:50
5fafd576210b27031HBy0tm7EFNZ,运维及虚拟化工程师,梦之想科技,100-499人,信息安全,大专,经验不限,"网络运维, 系统运维, Python/Shell, Elasticsearch, Docker, 计算机相关专业, 运维经验, 运维开发经验",7-12K,重庆,,2026-05-30 17:46:50
88bb42cdbc0f0b4c03x_0tS5FlFW,座椅工程师,南京锐博斯特,20-99人,汽车零部件,大专,3-5年,,12-20K,重庆,,2026-05-30 17:47:13
78f110ec58bebb030nV73928EVdS,spice model 工程师,某半导体公司,20-99人,半导体/芯片,硕士,5-10年,"ADS, CMOS 器件, 半导体技术, IC-CAP, Cadence, 芯片设计",30-40K,重庆,,2026-05-30 17:47:13
f3593fb158a065460nB409y8ElFX,项目工程师,盛尔信,0-20人,专用设备,本科,3-5年,"汽车项目管理经验, PMP证书, 汽车相关专业, 机械相关专业, 工科背景, 主机厂工作经验, 生产管理经验",8-13K·13薪,重庆,,2026-05-30 17:47:33
6afa991202b810bf0nB629--F1JW,工艺工程师,某大型汽车研发/制造公司,1000-9999人,汽车研发/制造,硕士,经验不限,不需要出差,15-25K,重庆,,2026-05-30 17:47:33
845dee42a3cccd5e1H1809u0FVVT,电气工程师,双胜自动化,20-99人,自动化设备,大专,3-5年,电路设计,8-11K·13薪,重庆,,2026-05-30 17:47:53
ba4d06f70456a2fd0ndz0t-5E1VU,研发工程师,茂日科技,20-99人,计算机软件,本科,3-5年,,13-20K·13薪,重庆,,2026-05-30 17:48:14
cd0219c580ca41890nZ80965FlZV,dsp软件工程师,重庆某中型半导体/芯片公司,100-499人,半导体/芯片,本科,5-10年,,20-30K·15薪,重庆,,2026-05-30 17:48:14
6b3cd927f58aef941Xx709q0EFRW,研发工程师,珂蓝,100-499人,生物/制药,大专,5-10年,"化妆品原料, 熟悉化妆品105条, 配方开发, 护肤, 稳定性评估, 安全性测试",15-25K,重庆,,2026-05-30 17:48:35
d423c42d55bc2a2e03180969EFpU,光学工程师,伟时光电,100-499人,汽车零部件,本科,3-5年,,8-12K,重庆,,2026-05-30 17:48:56
a933eae35c6068380nR-3ty5ElpS,系统运维工程师,重庆石谷科技有限...,20-99人,信息安全,大专,1-3年,"系统运维, 计算机相关专业, 网络安全相关经验, 运维经验",6-8K,重庆,,2026-05-30 17:49:18
ad06867baad1faf61HF529i5FFpU,华为云计算工程师-重庆-HCIP/HCIE,瑞达沣,1000-9999人,通信/网络设备,大专,3-5年,"网络运维, 云计算",7-11K,重庆,,2026-05-30 17:53:26
0fe79c1f897c49780nd-2Ny0FlFY,质量工程师,重庆某大型新能源汽车研发/制造上市公司,1000-9999人,汽车研发/制造,本科,5-10年,"质量, 汽车, 汽车零部件",20-30K,重庆,,2026-05-30 17:53:26
a8fed5cbd49f7e670nB52tS1GFZZ,卫星运维工程师,南京未创信息,0-20人,互联网,本科,1-3年,"通信相关专业, 系统运维, 卫星通信, Python/Shell, 卫星",7-9K,重庆,,2026-05-30 17:53:26
eff426792a70553f03Fy2dq-EVNW,地质工程师,重庆江源工程勘察设计,100-499人,电力/热力/燃气/水利,大专,1-3年,"地质相关专业, 不需长期出差, 接受无地质工程师经验",8-13K,重庆,,2026-05-30 17:53:48
bd4b9ec7b6edf9fd0nZy0tq4GFNX,技术支持工程师（实习生）,重庆爱责慧,20-99人,物联网,大专,在校/应届,"项目管理, 电子/电气/自动化相关专业",4-8K,重庆,,2026-05-30 17:53:48
07d9b4b28c08047d03J40tW8FVdZ,销售工程师,武汉凯密科,20-99人,汽车零部件,大专,1-3年,"市场信息搜集与分析, 市场拓展能力, 市场营销相关学历, 汽车线束, 客户开发与维护, 对机构 (To B) 销售经验, 销售, 项目跟踪, 双休",15-20K,重庆,,2026-05-30 17:53:48
cc97dfe5328f22b30nd73ti9EVdV,光学工程师,重庆康华瑞明,100-499人,医疗器械,本科,5-10年,,20-40K·13薪,重庆,,2026-05-30 17:54:09
ca40be52eefbb9940nB_2dW0EFVZ,ie工程师,重庆某中型半导体/芯片公司,100-499人,半导体/芯片,硕士,1年以内,,21-26K·14薪,重庆,,2026-05-30 17:54:09
8c0393c5abed1caa1Hx-2N29FVtX,工艺工程师,力扬工业,500-999人,其他新能源,本科,3-5年,"不需要出差, 能源/化工/环保经验, 蓄电池经验, 试产工程师（NPI）经验, 现场工程师（ME）经验",7-12K·13薪,重庆,,2026-05-30 17:54:09
847bbd131cd4694203d72t--GFNR,北碚片区安防运维工程师,厚盾安全,20-99人,信息安全,大专,5-10年,"实施交付运维, 计算机相关专业, 通信相关专业, 电子/电气/自动化相关专业, 运维经验, 沟通及表达能力强",7-8K,重庆,,2026-05-30 17:54:09
85f75246bc414f451XV43d-9ElJS,SLAM算法工程师,中煤科工集团,1000-9999人,其他行业,硕士,1-3年,"研究导向, 语音/图像识别, 云计算, C++, IMLS-SLAM, Loam",20-40K,重庆,,2026-05-30 17:54:09
d8f5ab6890e0aa6c0nd42dm0ElpX,销售工程师,重庆万航星空,0-20人,智能硬件,大专,1-3年,"电话销售, 面销/陌拜, 其他产品/服务, 对企业/机构（To B）销售经验, 企业（To B）, 互联网/科技, 其他行业",4-8K,重庆,,2026-05-30 17:54:09
745ac03979f6758f0nB_2tu0FlZY,机械工程师,重庆信之源机械设备,0-20人,自动化设备,大专,1-3年,"要求有机械设备工程师经验, 需要出差, 企业（甲方）, SolidWorks",6-8K,重庆,,2026-05-30 17:54:31
3b62f76eae8236c70nB_2dy9GFFU,销售工程师,茂图气体,20-99人,化学原料/化学制品,大专,1-3年,"年终奖, 绩效奖金, 餐补, 话补, 五险",4-7K·13薪,重庆,,2026-05-30 17:54:51
bcb49b87c58817d01HR83d-0EVtV,电气工程师,卓信美,20-99人,自动化设备,大专,1-3年,"电路设计, st语言, C语言, CAD, PLC工程师, Windows, OrCAD, LabVIEW",9-13K,重庆,,2026-05-30 17:54:51
c91d427b372deee60nZ43d-9E1JY,AI工程师,中电金信,10000人以上,计算机软件,本科,3-5年,"发表算法相关优秀论文, 图像算法, 大模型算法, 算法工程化经验, MATLAB, Python",12-20K,重庆,,2026-05-30 17:54:51
2878022634474bcd1nx80tq5FVVV,车身工程师,重庆飞特车辆技术...,20-99人,其他专业服务,大专,1年以内,"塑料件设计, 汽车钣金件设计, 塑料件培训",1-3K,重庆,,2026-05-30 17:54:51
f9afd0ecd0ed3ac01XJ-3NS8GFJR,机械工程师,鹏勤科技,0-20人,自动化设备,本科,5-10年,"机械工程师, 团队管理经验, 自动化机械经验, 非标设计经验, 整机设计经验, 机械结构工程师, 涂装工程师, 机电设备经验, 非标机械, 有机械工程师经验, 机械设计",8-12K,重庆,,2026-05-30 17:55:12
c8e2e6b4a914810703N809W0F1BS,运维工程师,四川炜铭,20-99人,石油/石化,本科,1年以内,"通信相关专业, 桌面运维, 计算机相关专业, 运维经验",6-7K,重庆,,2026-05-30 17:55:12
f6dcf7a13702ab1e03180t6_FFtY,AOI工程师,溢哲渝,100-499人,半导体/芯片,大专,1-3年,"电子工艺工程师, 电子元器件工程师",8-9K,重庆,,2026-05-30 17:55:33
4f2be403a2210d240nd_2dm7GVtS,应用工程师,某大型半导体公司,100-499人,半导体/芯片,硕士,3-5年,芯片设计,35-50K·14薪,重庆,,2026-05-30 17:55:33
4435ca4d53f8e4871Xxz3t29GFVU,弱电工程师,重庆飞奇科技,20-99人,机电工程,大专,5-10年,实施交付运维,5-6K,重庆,,2026-05-30 17:55:33
3724eab45607fd190nB63N20F1tT,硬件工程师,重庆某大型汽车零部件上市公司,1000-9999人,汽车零部件,本科,5-10年,"汽车硬件产品, 电子电气/自动化相关专业, PCB设计, 驱动电路, EMC, LED驱动电源, 汽车电子控制器(ECU)",25-35K·14薪,重庆,,2026-05-30 17:55:54
633189a6e48272e81n1_3du8EVBR,测试工程师,微创软件,10000人以上,计算机软件,本科,3-5年,功能测试,7-9K,重庆,,2026-05-30 17:55:54
1f6825d0ed77f1620nR73dm4GFZW,语音工程师,赛力斯汽车,1000-9999人,汽车研发/制造,本科,5-10年,"语义类AI, 机器学习类AI",15-30K,重庆,,2026-05-30 17:55:54
a62fec0a9adbf1c31XV_0t69E1Q~,体系工程师,景裕电子,500-999人,金属制品,大专,3-5年,"可靠性, HSE体系",8-12K·13薪,重庆,,2026-05-30 17:56:14
6f54f00073d7b23c0nd-2t61GVBU,模具工程师,元创汽车,500-999人,其他制造业,大专,3-5年,"有模具工程师经验, 铸造经验, CATIA, 汽车",8-12K,重庆,,2026-05-30 17:56:14
b61f8a69feaf6b011nJ-0ty7ElVQ,运维工程师,登程,20-99人,通信/网络设备,学历不限,经验不限,系统运维,4-6K,重庆,,2026-05-30 17:56:14
a5296d1720ccc03503xy3d-6GFZV,消防工程师,时代吉利,1000-9999人,动力电池,本科,3-5年,,10-15K,重庆,,2026-05-30 17:56:35
bce6bae5ea99601f1nF82t-_EVpY,调色工程师,汉宝,20-99人,化工,高中,1-3年,"调色员, 水性涂料",8-10K,重庆,,2026-05-30 17:56:35
e80dae15f0ef0a0b1nxz2968FFJR,运维工程师,浩鲸科技,10000人以上,通信/网络设备,本科,3-5年,"阿里云, 百炼运维, AI, 大模型",10-14K,重庆,,2026-05-30 17:56:35
97e364c6f6a7f7ab0nB73tm4GVFY,检具工程师,重庆宏锐汽零,100-499人,汽车零部件,大专,1-3年,,6-9K,重庆,,2026-05-30 18:00:42
4ba1327d5655ef8a0nZy3dq-FFVS,Agent工程师,深圳市璀璨精选科技,100-499人,服装/纺织,本科,3-5年,,10-15K,重庆,,2026-05-30 18:00:42
3a3c59700b588ea51HV42dq8GVY~,驱动工程师,芯讯通无线科技,500-999人,通信/网络设备,本科,3-5年,"嵌入式, 单片机, 自动化",11-18K,重庆,,2026-05-30 18:01:03
ceab310fd4aa6eb403R63di0FFFR,助理工程师,BOE,10000人以上,计算机软件,大专,经验不限,"大数据运维经验, 系统运维, 计算机相关专业, 电子/电气/自动化相关专业",5-6K,重庆,,2026-05-30 18:01:03
d9c11d258e4707d20nB-2966FlBY,隧道工程师,靓邦,500-999人,土木工程,大专,5-10年,,9-10K,重庆,,2026-05-30 18:01:03
d0e7da617901104d0nB63tu6FlpX,铸造工程师,海通投资,500-999人,机械设备/机电/重工,本科,1-3年,"砂型铸造, 铁, AutoCAD, UG, SolidWorks, 金属冶炼相关专业",7-12K,重庆,,2026-05-30 18:01:24
c6808bb303e2beed1HV82ty8FltY,容器云实施工程师,灵雀云,100-499人,计算机软件,本科,3-5年,"实施交付运维, Docker, MySQL/Oracle, Kubernetes",11-20K·13薪,重庆,,2026-05-30 18:01:43
d311e90444941cdb0nZy3dy4FFZS,隧道工程师,云奥检测,20-99人,建筑材料,本科,5-10年,"隧道工程, 地铁轨道工程, 地质工程相关专业, 注册测绘师和测绘工程师以上职称优先考虑",8-10K,重庆,,2026-05-30 18:01:43
cce918ee5b27b28a0nB629y0E1VT,电气工程师,三卓吊装搬运,0-20人,其他生活服务,高中,1-3年,"PCB设计, 有PCB飞针测试机优先",7-12K,重庆,,2026-05-30 18:02:04
52cccc552ce0b5130nR52ti6F1tQ,FPGA工程师,深圳迈微医疗科技,100-499人,医疗器械,本科,5-10年,,20-25K·13薪,重庆,,2026-05-30 18:02:04
51ed2ddfadfa404a0nB-39-8F1RU,工业工程师,海辰储能,1000-9999人,储能,本科,经验不限,,12-17K,重庆,,2026-05-30 18:02:25
bcd7eab946382ffe0nd83Nu-GFFV,运维工程师,格物智享,100-499人,智能硬件,大专,1-3年,,4-5K,重庆,,2026-05-30 18:02:25
94d6156afdf71c3b0nB-3ty8FFRS,devops工程师,知达客,100-499人,计算机软件,大专,5-10年,"DevOps平台运维, Prometheus, K8s集群运维, Python/Shell, Linux操作, Kubernetes",15-22K,重庆,,2026-05-30 18:02:46
3bf3d6ec85a394a90nB72Ni4FFRQ,eap工程师,哥瑞利,100-499人,计算机软件,本科,经验不限,"eap, cim, 面板, bc, eas",10-15K,重庆,,2026-05-30 18:02:46
aae8dcbcbb653edc031_39i0FlVU,光学工程师,中科摇橹船,100-499人,计算机硬件,硕士,经验不限,,17-25K,重庆,,2026-05-30 18:02:46
7261d4f425a34ed30nB_2du1GFRR,一线运维工程师,重庆软维科技有限公司,500-999人,计算机软件,大专,1-3年,,4-5K,重庆,,2026-05-30 18:03:06
d2b2ad5090b1c66c0nd-09y9F1JR,电气工程师,重庆郎拓,100-499人,通用设备,大专,3-5年,CAD,7-10K,重庆,,2026-05-30 18:03:06
eccd03c29a8d4bac03d4292-EVJQ,实验工程师,平伟,1000-9999人,汽车零部件,本科,经验不限,塑料制品,6-9K,重庆,,2026-05-30 18:03:06
838374fbe7f1c2e10nB42dm4E1pT,运维工程师,四班科技,20-99人,计算机软件,学历不限,经验不限,,5-10K,重庆,,2026-05-30 18:03:26
27f293984f8b466d03V83Nu_GFVY,AI工程师,中电金信,10000人以上,计算机软件,本科,3-5年,"发表算法相关优秀论文, 搜索算法, 机器学习, 深度学习, 大模型算法, 多模态算法, 算法工程化经验, 参加算法相关竞赛/获奖, 优秀开源项目经历, 推荐算法, Python",11-18K,重庆,,2026-05-30 18:03:26
794424122d4b5d830nd80tq-GVpQ,运维工程师（国网项目）,力德恒业,100-499人,移动互联网,本科,3-5年,,7-9K,重庆,,2026-05-30 18:03:47
ae8d9fe318b6c0030nB63t-1FVVX,AI运维交付工程师,森鑫炬智慧,100-499人,计算机软件,本科,3-5年,,15-30K,重庆,,2026-05-30 18:03:47
559e1be95cbf48d90nd43N--GVdT,在线运维工程师（2026/2027毕业生）,绿满佳环保,20-99人,环保,学历不限,经验不限,,2-3K,重庆,,2026-05-30 18:03:47
246f7b012c2fb27e0nZ42d28GFBR,底盘工程师,爱思盟,20-99人,互联网,本科,3-5年,,10-15K,重庆,,2026-05-30 18:07:55
6cd71302a5559ae00nB52N-7E1BX,质量工程师,天策,20-99人,汽车零部件,大专,3-5年,"内审员资格证, IATF 16949经验, 不需要出差, 团队管理经验, PQE经验（制程）, QC七大手法, SQE经验（供应商）, CQE经验（客户）, 汽车经验, 有质量管理经验, 8D报告经验",8-12K,重庆,,2026-05-30 18:07:55
579724bb8a78105a03152Nu8ElBU,质量工程师,重庆利建工业有限公司,500-999人,其他制造业,本科,3-5年,,6-8K,重庆,,2026-05-30 18:08:16
66537399f53c7a3c0nd-09W_F1dX,设备工程师,深圳某小型半导体芯片设计公司,20-99人,半导体/芯片,本科,5-10年,,20-30K,重庆,,2026-05-30 18:08:38
2b281aac3571584c1XR_3N64GVRZ,DQE工程师,天实精工,1000-9999人,电子/硬件开发,大专,3-5年,"熟悉质量5大工具, 英语可作为工作语言, 熟悉IATF6949",10-15K·13薪,重庆,,2026-05-30 18:08:58
71cd74ad891a062d03F-0tu5EldV,环保工程师,商尼物贸,0-20人,石油/石化,本科,在校/应届,"认真好学, 化工相关专业, 接受无环保工程师经验, 环境相关专业",5-6K,重庆,,2026-05-30 18:09:18
60dd7973f4eadc4a03x42NW0ElFY,压铸工程师,重庆花正红科技,20-99人,通用设备,大专,3-5年,压铸,7-15K,重庆,,2026-05-30 18:09:18
c3bd44c1a6ab01520nB50t-6EFpT,电仪工程师,重庆科聚孚,100-499人,原材料及加工/模具,硕士,3-5年,,16-17K,重庆,,2026-05-30 18:09:38
8a2833dc92fd18fa0nR_09u7FFdT,NVH工程师,某大型汽车研发制造公司,10000人以上,汽车研发/制造,本科,经验不限,"nvh, nvh测试开发, 振动噪声",15-25K,重庆,,2026-05-30 18:10:18
5665282d609897340nB609-1GVBR,模具工程师,重庆银讯汽车部件,100-499人,汽车零部件,大专,3-5年,"有模具工程师经验, 冲压经验, AutoCAD, UG, CATIA, 汽车",8-12K,重庆,,2026-05-30 18:10:18
9f927a4f30ef2f4e0nB-3dy_EFNZ,产品部署实施工程师,小易智能技术有限公司,20-99人,人工智能,本科,3-5年,"运维开发/DevOps, 实施交付运维, 系统运维, 网络运维, 桌面运维, Java, MySQL/Oracle, Docker, 计算机相关专业, 通信相关专业, 运维经验, 运维开发经验, 大数据运维经验",9-12K,重庆,,2026-05-30 18:11:02
59316b5e57bdced00nZ72tu_FFNX,线束工程师,时代云驰,100-499人,汽车研发/制造,学历不限,3-5年,"高压线束, 低压线束, 设计工程师, CATIA",10-15K,重庆,,2026-05-30 18:11:02
fce66de568e613e81XN439S1EFNS,运维工程师,兆瀚咨询,0-20人,咨询,学历不限,1-3年,"网络运维, 系统运维, IDC机房运维, 计算机相关专业, 通信相关专业, 电子/电气/自动化相关专业, 运维经验, 网络安全相关经验",3-5K,重庆,,2026-05-30 18:11:02
04e0492701eae3b30nB-2N24GFtY,测绘工程师,重庆齐聚工程咨询,20-99人,电子商务,大专,1-3年,"接受无测绘/测量经验, 注册测绘师, 初级测绘工程师职称, 中高级测绘工程师职称, 内业数据处理/绘图",5-6K,重庆,,2026-05-30 18:15:11
1cfd3a135b294b730nR73tq0E1ZZ,座椅工程师,上海埃维汽车,500-999人,其他专业服务,本科,3-5年,适应出差,12-18K,重庆,,2026-05-30 18:15:32
6da60cbcc553bff61HN70tW8GVNX,项目工程师,持恒模具,100-499人,橡胶/塑料制品,大专,5-10年,"汽配, 汽车内外饰",10-15K·13薪,重庆,,2026-05-30 18:16:15
0b7cce2076aac0fc0nd529u1FFNR,研发工程师,正昕控股有限公司,100-499人,化学原料/化学制品,本科,3-5年,,8-12K·13薪,重庆,,2026-05-30 18:16:37
0631e7cdcec086760nZz29W0FlZQ,电子工程师,奥松,20-99人,电子/硬件开发,大专,1-3年,,12-17K,重庆,,2026-05-30 18:16:58
2819d743839190670nd80tm6FlFV,自控工程师,中控技术股份有限公司,1000-9999人,自动化设备,本科,3-5年,DCS,7-10K,重庆,,2026-05-30 18:17:41
9588325ead60f5fd0nV43Nq0ElZZ,结构工程师,冷酸灵,1000-9999人,日化,硕士,3-5年,"六险二金, 免费食堂",10-15K,重庆,,2026-05-30 18:18:02
8600ec09f7c72c670nB_2Nu4ElpX,数据中心基础设施运维工程师,杭数人才,100-499人,计算机软件,大专,1-3年,"IDC机房运维, 计算机相关专业, 通信相关专业, 电工, 数据中心巡检经验",6-7K,重庆,,2026-05-30 18:23:31
afb4c046f8bda3fe0nB709q4F1dT,标定工程师,东信创智,100-499人,汽车零部件,大专,3-5年,,15-16K,重庆,,2026-05-30 18:23:31
2318cb274f1fd8a303B-3Ni6FVdU,运维工程师,南京智益阁网络技术,100-499人,互联网,大专,在校/应届,,5-9K,重庆,,2026-05-30 18:23:52
d6fd61b8f11979ed1Hxy2t-7F1pU,质量工程师,渝江压铸,1000-9999人,汽车零部件,本科,3-5年,"品质控制（QC）, IATF16949, 设计/研发质量工程师, 品质管理（QE）, 制程质量工程师",8-12K,重庆,,2026-05-30 18:23:52
70acb2f87194499d03Z939m0ElpY,电镀工程师,玻芯成(重庆)半导体,20-99人,半导体/芯片,本科,5-10年,,10-12K,重庆,,2026-05-30 18:24:35
a934ae4b2472ddd903x42dW6GVFR,fpga工程师,重庆宇隆光电科技...,1000-9999人,智能硬件/消费电子,本科,5-10年,,20-30K,重庆,,2026-05-30 18:25:17
3b6bafd0dffec50503J-29u0EVNZ,NPI工程师,盛泰光电科技,1000-9999人,半导体/芯片,大专,3-5年,"半导体经验, 试产工程师（NPI）经验, 量产工程师（PE）经验, 不需要出差, 芯片/半导体经验",9-12K,重庆,,2026-05-30 18:25:17
0edb891e359968070nB53Nm4GVJW,测试工程师,北京奥智元科技,0-20人,人力资源服务,本科,3-5年,"Python, AI大模型",10-15K,重庆,,2026-05-30 18:25:39
b948df2cce16e0750nd-2tq_FVJS,运维工程师,数节科技,0-20人,云计算,大专,1-3年,,5-7K,重庆,,2026-05-30 18:26:20
60fb666a7768e92703F92ty-FlBW,运维工程师,华峰集团有限公司,10000人以上,其他行业,本科,3-5年,"网络运维, 通信相关专业, 系统运维, 计算机相关专业, 网络安全相关经验, 运维经验, IDC机房运维",8-12K,重庆,,2026-05-30 18:26:20
4c9fe609040878b70nB53Ni_EFRT,采购工程师,门里科技,100-499人,智能硬件,本科,3-5年,"熟悉结构件, 供应商开发",6-9K,重庆,,2026-05-30 18:26:20
6de2c80f67599cb81HB-3dq7FlBV,光伏运维工程师,泓晟新能源,20-99人,光伏,大专,1-3年,"IDC机房运维, 实施交付运维, 电子/电气/自动化相关专业, 运维经验",5-8K,重庆,,2026-05-30 18:26:41
3866aba9e224433b0nV83d-4EFRV,运维工程师,数创智联,20-99人,计算机软件,本科,3-5年,"系统运维, 双休, 五险一金",5-8K,重庆,,2026-05-30 18:26:41
657670581c86aa350nRy2tu9FFpY,气化助理工程师,重庆奕能电子有限公司,100-499人,半导体/芯片,大专,1-3年,,5-6K,重庆,,2026-05-30 18:26:41
ef2f40415ce211ad1HF809y1FlBW,外场运维工程师,博讯科技,20-99人,计算机软件,大专,1-3年,"网络运维, 通信相关专业, 系统运维, 桌面运维, 计算机相关专业, 运维经验",4-7K,重庆,,2026-05-30 18:26:41
0a0624794aa61f731nF43t2_FVJQ,运维工程师,望江公司,1000-9999人,机械设备/机电/重工,本科,3-5年,运维工程师,5-10K,重庆,,2026-05-30 18:26:41
6c2f06d3621e78b90nZ439u-FFVX,运维工程师,九如图科技,20-99人,电子/半导体/集成电路,大专,经验不限,,4-5K,重庆,,2026-05-30 18:26:41
e6def6e58b379d180nB43Nm5E1BX,运维工程师（重庆·长寿）,积成电子,1000-9999人,电子/硬件开发,大专,1-3年,"系统运维, MySQL/Oracle, 计算机相关专业, 电子/电气/自动化相关专业, 运维经验, Linux操作系统",5-7K·13薪,重庆,,2026-05-30 18:26:41
2e1de107f9bf9a3603x43d-8FFNW,算法工程师/主任 工程师 （机器学习方向）,某大型汽车研发/制造公司,1000-9999人,汽车研发/制造,本科,5-10年,,30-60K·14薪,重庆,,2026-05-30 18:26:41
6b0cf2e688f8fb600nV_3tu9ElpU,运维工程师（成都成渝金融法院）,重庆捷旭科技有限公司,100-499人,电子/硬件开发,大专,1-3年,,4-5K,重庆,,2026-05-30 18:26:41
a18ca71a3eac66350nV809m7FldV,运维工程师（实习生）,聚宝充,20-99人,其他新能源,中专/中技,经验不限,"接受小白, 硬件运维, 设备运维, 免费住宿",5-10K,重庆,,2026-05-30 18:30:49
3b18f1b88c8e4d0c0nd83dS8EVNQ,机械工程师,重庆某小型其他专业服务公司,20-99人,其他专业服务,本科,5-10年,,20-25K,重庆,,2026-05-30 18:32:16
0a205bc136fde07a0nV5096_E1VU,化学工程师,环驰科技,20-99人,日化,硕士,10年以上,"化工工程师证, 化学专业, 石油专业, 产品研发, 石油化工",15-20K,重庆,,2026-05-30 18:33:17
6e5b447214c76fbf1Hx-3N21EFBY,座椅工程师,上海达曦,20-99人,汽车零部件,学历不限,经验不限,"座椅, 发泡, 整椅",9-14K,重庆,,2026-05-30 18:38:48
175c609d74643e580nZy3Nu_EFRT,ee工程师,中国欧摩威投资,1000-9999人,汽车零部件,本科,3-5年,,13-25K,重庆,,2026-05-30 18:39:08
62e2f8c8099e98b50ndy39m1GVFU,废气工程师,东莞市杰凯工业设备,0-20人,环保,大专,3-5年,"废气处理设计经验, 设备安装调试经验, 现场施工管理经验, 不需长期出差, 有环保工程师经验",8-13K,重庆,,2026-05-30 18:39:08
7e9d73e96e89cb560nZz2d--FVFU,后端工程师,津彩公司,20-99人,生活服务(O2O),本科,3-5年,,10-15K,重庆,,2026-05-30 18:39:08
24679461391d58e20nV63Ni-EVZW,DSP工程师,重庆奕能电子有限公司,100-499人,半导体/芯片,本科,5-10年,,15-30K·14薪,重庆,,2026-05-30 18:39:29
c1921561689cada20nB-09q_GVZW,SIP工程师,某小型计算机服务公司,20-99人,计算机服务,本科,经验不限,,30-50K·13薪,重庆,,2026-05-30 18:39:29
581c05854c5ff9480nB609S0ElFY,数据中心运维工程师,重庆市锦腾衡达科技,20-99人,运营商/增值服务,大专,经验不限,"IDC机房运维, 电子/电气/自动化相关专业, 免费住宿, 员工食堂, 强电弱电",4-6K,重庆,,2026-05-30 18:39:29
5287e6d5605636420nB-2N2_EFVQ,工业工程师,建兴智能仪表厂,100-499人,仪器仪表,本科,5-10年,"新产品导入（NPI）经验, Layout经验, 要求有工业工程师经验, 精益改善经验, 电子/通信经验",15-20K,重庆,,2026-05-30 18:39:49
9f27294c45511edb03R42tq-FVNW,硬件工程师,樽禄科技,20-99人,电气机械/器材,本科,3-5年,"机械设计制造相关专业, 电子电气/自动化相关专业, 硬件开发经验",10-13K,重庆,,2026-05-30 18:39:49
60ef289dc02cef900nB73t6_F1ZS,结构工程师,大江动力,1000-9999人,通用设备,本科,5-10年,,12-20K,重庆,,2026-05-30 18:39:49
2b3125a68e0a3a0b0nB73tq0FFVR,电气工程师,某大型知名智能硬件上市公司,10000人以上,智能硬件,本科,3-5年,"PLC工程师, CAD",20-30K·15薪,重庆,,2026-05-30 18:40:10
723295d29b5cb1e61XV-09i9E1ZU,电子工程师,重庆信鑫,20-99人,通信/网络设备,大专,3-5年,"电子元器件工程师, 电子工艺工程师",6-8K,重庆,,2026-05-30 18:40:10
6ab3bb9bb9c120a90nB-2du4ElRV,机械工程师,重庆天钧焊接技术,100-499人,半导体/芯片,学历不限,5-10年,"有机械工程师经验, UG, AutoCAD, SolidWorks, 自动化机械经验, 机电设备经验, 汽车经验, 机器人经验, 非标设计经验, 工装, 夹具, 机械设计",10-15K·13薪,重庆,,2026-05-30 18:40:54
6dba4675ebb46f1d0nB53dW8GFFT,算法工程师,浙江徽创信息技术有限,100-499人,计算机软件,大专,5-10年,,15-22K,重庆,,2026-05-30 18:41:16
e4658e77880bf38c0nB_2t6-EFVS,云计算技术支持（火山引擎）-体验与服务,字节跳动,10000人以上,互联网,本科,在校/应届,,7-10K,重庆,,2026-05-30 18:45:52
80a956a0bcb6c7401XR83961GFRY,云计算工程师,紫光华智电子,20-99人,电子商务,本科,经验不限,Python,11-18K·14薪,重庆,,2026-05-30 18:45:52
2c1e0f12d0e013320nB_2tq7E1tX,运维工程师,四川准达,1000-9999人,通信/网络设备,大专,1-3年,,8-13K,重庆,,2026-05-30 18:45:52
870c5e614ea02a780nd_2dS7GFRY,cae工程师,罗斯德尔,500-999人,汽车零部件,学历不限,1-3年,"ansa, hypermesh, 座椅碰撞",6-10K,重庆,,2026-05-30 18:45:52
8e32c04b0f768353031-0tm0F1VT,云计算工程师,西部车网,20-99人,互联网,本科,1-3年,,15-20K,重庆,,2026-05-30 18:45:52
edc97d2a67afc82f03Z629S7GFRZ,云计算交付工程师,中软国际,10000人以上,计算机软件,大专,经验不限,"云计算交付, HCIE, hcs, HCIP-Cloud Computing",8-13K,重庆,,2026-05-30 18:45:52
2246b61761412f9503170ti9FFBS,云计算KA销售,重庆典名科技有限公司,100-499人,互联网,大专,3-5年,"软件/SaaS, 软件/信息化服务销售经验, B端市场开发经验, 公有云, 云计算, 泛互",10-15K,重庆,,2026-05-30 18:45:52
013566e979919eaa1XZz39--FlFW,云计算架构师,弦歌,100-499人,互联网,本科,1-3年,"Python, Linux, 系统运维, K8S",15-25K,重庆,,2026-05-30 18:45:52
7d1d0ccde091f5f30nB-3d65FVNU,主机运维工程师,华苏科技,1000-9999人,互联网,大专,3-5年,"IDC机房运维, 运维开发经验, 运维经验, 计算机相关专业, 红帽, RHCE, SUSE, openstack",7-8K,重庆,,2026-05-30 18:45:52
428cc34893fa6dff0nd809u5E1BQ,夹具工程师,重庆热联智能科技,20-99人,汽车研发/制造,大专,3-5年,"CATIA, 组装夹具经验, 焊装夹具经验, AutoCAD, 需要出差, 有夹具工程师经验, 机加工夹具经验, SolidWorks, 汽车经验, 焊接夹具经验, 非标设备经验",7-12K,重庆,,2026-05-30 18:45:52
d91702fe69d9758c1XN609m4FVdW,云计算运维专家,某知名互联网金融公司,1000-9999人,互联网金融,本科,10年以上,"运维, 运维监控, 系统运维, 安全运维, 自动化运维",50-80K·18薪,重庆,,2026-05-30 18:45:52
da1565de6278cf680ndy39y-GFFQ,TGV工程师,玻芯成(重庆)半导体,20-99人,半导体/芯片,本科,1-3年,"半导体经验, 芯片/半导体经验, 电路板/集成电路经验, 玻璃经验, 表面处理工艺经验, 连接/切割工艺经验, PVD经验, 激光切割经验, 试产工程师（NPI）经验, 量产工程师（PE）经验, 不需要出差",9-14K,重庆,,2026-05-30 18:46:14
c742359158ca66511XR42dq9FFRX,底盘工程师,天奕大承科技,100-499人,汽车研发/制造,本科,1-3年,底盘设计,9-10K,重庆,,2026-05-30 18:46:14
0b9981a1f9a0daf003R_2tS0GFJU,底盘工程师,重庆红驼动力科技,20-99人,其他制造业,本科,3-5年,"CATIA, AutoCAD, 底盘零部件经验, 主机厂, UG, 摩托车, 制动系统, 减震器, 制动系统经验, 要求底盘工程师经验, 悬挂, 悬挂系统经验, 主机厂经验",10-15K,重庆,,2026-05-30 18:46:14
801a34060c285b780nVz2t-9GVdU,全栈工程师,中科星启,20-99人,计算机软件,本科,经验不限,,8-13K,重庆,,2026-05-30 18:46:14
bc1325386e12a2590nZy2du7F1FX,测绘工程师,云奥检测,20-99人,建筑材料,本科,1-3年,"工程测量经验, CASS, 管线工程测量经验, 需要出差/驻场, AutoCAD, 1-3年测绘/测量经验, RTK, 有测绘/测量经验, 市政工程测量经验, 3-5年测绘/测量经验, 中高级测绘工程师职称, 水利工程测量经验, 路桥隧工程测量经验, 初级测绘工程师职称, 地形测量经验, 房建工程测量经验, 水准仪, 5年以上测绘/测量经验, 全站仪, 外业测量, 1年内测绘/测量经验, 注册测绘师, 内业数据处理/绘图",5-10K,重庆,,2026-05-30 18:46:14
7c0f0f1529b025cd03x50tm7GFJS,bsp工程师,重庆赛力斯凤凰智...,1000-9999人,汽车研发/制造,本科,5-10年,"C/C++, Linux驱动开发经验, BSP",17-30K·14薪,重庆,,2026-05-30 18:46:14
c7e52b71af45280e03xz09W1EFpZ,铸造工程师,重庆志成机械有限公司,1000-9999人,汽车零部件,本科,3-5年,"金属冶炼相关专业, 砂型铸造, 铝, 金属型铸造",8-13K,重庆,,2026-05-30 18:46:14
4a9019147b7c4b0d0nRz3t-6ElZT,冲压工程师,友利森,500-999人,汽车零部件,大专,5-10年,"冲床, 冲压, 修模, 钣金, 工艺",10-15K·13薪,重庆,,2026-05-30 18:46:14
393418b439ba4b590nB_2dW6ElBT,机房运维工程师,杭数人才,100-499人,计算机软件,大专,1-3年,"IDC机房运维, 高压、低压电工证",5-6K,重庆,,2026-05-30 18:46:14
4dc243d74613dab81XBy39y1FFVS,pcblayout工程师,重庆捷多电子科技,0-20人,电子/硬件开发,大专,经验不限,"PCB设计, Cadence, Protel, CAD, CAM350",2-7K,重庆,,2026-05-30 18:46:14
39006de8d501ad5303162tS4ElNZ,销售工程师,经纬恒润,1000-9999人,电子/硬件开发,本科,5-10年,"计算机相关学历, 市场拓展能力, 电子/半导体/集成电路, 智能硬件, 计算机软件, 客户开发与维护, 微电子相关学历, 对机构 (To B) 销售经验, 机械设备/机电/重工, 电气相关学历",12-24K,重庆,,2026-05-30 18:46:14
2d3e2053e714955003J43ti7EVJW,销售工程师,韦孚精密机械,20-99人,其他行业,大专,3-5年,,8-13K,重庆,,2026-05-30 18:46:35
85e4a3d7d39f951f1HZ70ty8GFJZ,sta工程师,某国企汽车零配件企业,10000人以上,汽车零部件,本科,3-5年,"轴齿, 供应商质量, 箱体",18-22K,重庆,,2026-05-30 18:46:35
e61eba93471edce50nB52du0ElFX,工艺工程师,海辰储能,1000-9999人,储能,本科,5-10年,,20-30K·14薪,重庆,,2026-05-30 18:46:35
46a2c8b96c6ce38c0nd-3ti1GVtW,焊接工程师,财鑫杰,500-999人,汽车零部件,大专,3-5年,"激光焊, 气焊, 新能源, 焊接工艺, 汽配",8-13K,重庆,,2026-05-30 18:46:35
f28ce5e800e77cbb0nVz3du9GVRW,cameratuning工程师,元时空,1000-9999人,计算机软件,大专,3-5年,,15-23K,重庆,,2026-05-30 18:46:35
99af99e6871081700nVy3t69GFNT,全栈工程师,重庆云泽锐创科技,0-20人,计算机软件,大专,1-3年,"Golang, 后端开发经验, 全栈侧重后端, .NET, 前端开发经验, 全栈项目经验",10-15K·13薪,重庆,,2026-05-30 18:46:35
cbc4b08e3275f07903N42Nu1FFFV,射频工程师,舟海,100-499人,计算机/通信/其他电子设备,本科,1-3年,,8-13K,重庆,,2026-05-30 18:46:35
ca1c6f6e47c78b360nB63tm8FVBR,销售工程师,盛尔信,0-20人,专用设备,大专,1-3年,"市场信息搜集与分析, 非标设备, 智能硬件, 客户开发与维护, 机械设备/机电/重工, 标书制作, 项目跟踪",10-15K·13薪,重庆,,2026-05-30 18:46:35
cbd1fb2d48e5c9f203J439i5GFFW,电气工程师,安马电子,20-99人,机械设备/机电/重工,本科,5-10年,,7-11K,重庆,,2026-05-30 18:46:56
fa30445393356ef30ndy3Ni6EltR,设备工程师,某知名动力电池公司,1000-9999人,动力电池,本科,3-5年,"要求有机械设备工程师经验, 企业（甲方）, 不需要出差, 自动化设备经验, 新能源设备经验, 汽车机械经验, 设备维修/保养经验",15-25K,重庆,,2026-05-30 18:46:56
fc0dea9e8a125d010nZ43tq4F1ZQ,ai工程师,象网科技,20-99人,生物/制药,本科,3-5年,,6-11K·13薪,重庆,,2026-05-30 18:46:56
84748c33b3b8a63f031-3dS9EVpT,sqe工程师,重庆深科技有限公司,500-999人,智能硬件/消费电子,大专,3-5年,"产品供应商, 机械制造, IT/通信, 熟悉ISO质量管理体系, SQE工作经验",9-14K,重庆,,2026-05-30 18:46:56
c5891831af2c572f0nR539m9EVpR,测试工程师,翌擎科技,100-499人,计算机软件,大专,3-5年,,11-17K,重庆,,2026-05-30 18:46:56
37acb45c822e650903J529-5ElNR,销售工程师,湖南诺西,20-99人,电气机械/器材,大专,3-5年,"市场信息搜集与分析, 工业设备销售经验, 支持线上面试, 技术配合与沟通, 客户开发与维护, 对机构 (To B) 销售经验, 电气相关学历, 机械相关学历",5-7K,重庆,,2026-05-30 18:47:18
8cf62985e871b0fe0nRz0tS5E1ZU,工艺工程师,隆鑫通用,1000-9999人,其他行业,本科,3-5年,,12-18K·13薪,重庆,,2026-05-30 18:47:18
4cb893c5c21ce4600nZ72ty7GVJX,DSP工程师,深海潜鲲,0-20人,铁路/船舶/航空/航天制造,本科,5-10年,,15-25K,重庆,,2026-05-30 18:47:18
3b5efdefc2e27bd903Z80t68GFVW,注塑工程师,重庆星科,20-99人,橡胶/塑料制品,中专/中技,5-10年,,10-15K,重庆,,2026-05-30 18:47:18
fa86be1612a4a0160nd_3t29F1RT,销售工程师,帆软软件,1000-9999人,计算机软件,本科,1-3年,,12-20K,重庆,,2026-05-30 18:47:39
b6a81b61401392770nd63d6_EVVV,cim工程师,某大型半导体公司,100-499人,半导体/芯片,本科,5-10年,,25-35K·14薪,重庆,,2026-05-30 18:47:39
64b00e489afc4aa8031z0tS5F1VT,电气工程师,川力达,0-20人,仪器仪表/工业自动化,大专,3-5年,PLC工程师,7-12K,重庆,,2026-05-30 18:47:39
ca3399ec053e8b880nR62NW_E1pU,硬件工程师,重庆弘域达科技,20-99人,计算机软件,本科,经验不限,,5-10K,重庆,,2026-05-30 18:47:39
f34be67deffa7c5003J70t68EFFZ,电机工程师,雷玛科技,20-99人,专用设备,本科,5-10年,"研发工程师, 设计工程师",15-25K,重庆,,2026-05-30 18:47:39
058915ba988a10881HBz3dy8E1RZ,组装工程师,芯睿辰,0-20人,电子/硬件开发,大专,3-5年,"电子工艺工程师, 万用表, 烙铁",6-9K,重庆,,2026-05-30 18:47:39
9fc882d2768987af0nV92tS_EVFT,测试工程师,光呈,20-99人,智能硬件,大专,1年以内,,4-5K,重庆,,2026-05-30 18:48:00
39d7b48f3b3914270nd52dW-EVNV,机械工程师,重庆铧鸿电力设备,20-99人,原材料及加工/模具,本科,3-5年,"自动化机械经验, AutoCAD, 非标设计经验, 有机械工程师经验, Pro/E",8-13K,重庆,,2026-05-30 18:48:00
01f437d95af9c2d8031y09y0F1dY,工艺工程师,千顾卡马,0-20人,摩托车/自行车制造,本科,3-5年,,6-7K,重庆,,2026-05-30 18:48:00
a8fe28b2f3f69ced0nZy09q8EFtQ,PCB工程师,深圳迈微医疗科技,100-499人,医疗器械,本科,1-3年,PCB设计经验,11-18K·13薪,重庆,,2026-05-30 18:48:00
7d37bdf0131d862e0nB72ti_GFRY,电气工程师,重庆佳点洪科技,0-20人,机械设备/机电/重工,学历不限,1-3年,"PLC工程师, 电控工程师, CAD, 电路设计",4-6K,重庆,,2026-05-30 18:48:00
2dd7a61ecd1f3e6b1Hxz2dq_FFBT,工程师,宗申动力,1000-9999人,汽车零部件,硕士,在校/应届,"机械相关专业, 电气相关专业, 车辆工程专业, UG, SolidWorks",8-10K,重庆,,2026-05-30 18:48:00
817a0ad3ec5a4b2003F52tW-FFpQ,运维工程师,重庆鑫嘉山家政服务,0-20人,培训/辅导机构,中专/中技,1-3年,,8-12K,重庆,,2026-05-30 18:48:00
85059280d401e9e20nB73d27FVdW,电气工程师,敏实集团,10000人以上,汽车研发/制造,大专,5-10年,PLC工程师,14-17K·15薪,重庆,,2026-05-30 18:48:00
d15cd317499adfac03x43928EVVQ,电子工程师,英业达,1000-9999人,智能硬件,大专,3-5年,,8-11K,重庆,,2026-05-30 18:48:00
f209e751a7dd0e770nB-29S8FlNS,算法工程师,浙江徽创信息技术有限,100-499人,计算机软件,大专,5-10年,,15-18K,重庆,,2026-05-30 18:48:00
4c6a7124e998f8550nZ93N28FVFR,机械工程师,全一,20-99人,自动化设备,大专,5-10年,"有机械工程师经验, 自动化机械经验, 非标设计经验, 整机设计经验, 仿真设计经验, SolidWorks, UG",8-10K,重庆,,2026-05-30 18:48:20
d9531abedc17a74d03F92ti_ElNS,助理工程师,重庆继联机电有限公司,20-99人,仪器仪表,本科,经验不限,"AutoCAD, 接受无机械工程师经验, SolidWorks",5-8K,重庆,,2026-05-30 18:48:20
80a788238f44bd2f03N809y6F1ZS,硬件工程师,重庆智芯光电有限公司,0-20人,智能硬件/消费电子,中专/中技,1年以内,"智能硬件/可穿戴设备, 汽车硬件产品, 电子电气/自动化相关专业",6-10K,重庆,,2026-05-30 18:48:20
8068faeb41336ba90nd82Ny-GVVV,EHS工程师,嘉戎技术,500-999人,通用设备,大专,1-3年,,7-9K,重庆,,2026-05-30 18:48:20
c5418109e50b0c4f03N709q0FFZW,模具工程师,渝江压铸,1000-9999人,汽车零部件,本科,1-3年,"有模具工程师经验, 铸造经验, 汽车",8-13K,重庆,,2026-05-30 18:48:20
b0daf3d5427faa390nB62dm_EldZ,PCB工程师,重庆慧睿智能物联科技,100-499人,计算机服务,本科,5-10年,"Candence/Allegro, OrCAD, 通信相关专业, 电子/自动化相关专业, PCB设计经验, EMC/EMI相关经验, 熟悉SMT制程工艺",11-22K,重庆,,2026-05-30 18:48:20
5709e4a90ebe4e800nB42dS5FFdX,硬件工程师,海通投资,500-999人,机械设备/机电/重工,本科,3-5年,,15-25K,重庆,,2026-05-30 18:48:20
785b39c306a5aa8c03B92dS1FVVY,全栈工程师,重庆联庆瑞奇科技,0-20人,仪器仪表/工业自动化,本科,5-10年,全栈项目经验,12-16K,重庆,,2026-05-30 18:48:43
7f3d938326269ca20nB-09i5E1pY,全栈工程师,巨球网络,20-99人,游戏,本科,3-5年,全栈侧重后端,15-25K·13薪,重庆,,2026-05-30 18:48:43
3f4c3e14094cb8200nV93ty0GFJU,电气工程师,固盛镁,20-99人,自动化设备,大专,3-5年,"Windows, PLC工程师, 万用表, 示波器, CAD",12-24K,重庆,,2026-05-30 18:48:43
4fefe8c3b221668603d_2d27F1BQ,研发工程师,辣滋缘食品,100-499人,其他制造业,大专,3-5年,"配方开发, 食品添加剂/香料",20-30K,重庆,,2026-05-30 18:48:43
dd476c7c7097c7ec03F639y0FVFV,机械工程师,重庆越众自动化,0-20人,自动化设备,大专,3-5年,"有机械工程师经验, 自动化机械经验, 非标设计经验, SolidWorks, AutoCAD",8-13K,重庆,,2026-05-30 18:48:43
5f6ad5f9cd9d7c3c03N63dS-FVFX,结构工程师,某知名汽车研发上市公司,1000-9999人,汽车研发/制造,大专,5-10年,"有机械结构工程师经验, UG, Pro/E, CATIA, 汽车经验, 底盘系统经验, 汽车车身及配件经验, 整机设计经验",20-40K·14薪,重庆,,2026-05-30 18:48:43
93b7e093a0aa65461HBz392-FVRQ,plc工程师,重庆新华互联网教育,20-99人,学校/学历教育,大专,3-5年,"教师培训经验, 内训, 私立学校, 制造/建筑技术, 线下教育, 职业与技能培训, 外训",5-10K,重庆,,2026-05-30 18:48:43
5fe9700d3847745003Ny3tS9F1RW,运维工程师,合盛优购,20-99人,新零售,本科,5-10年,,5-6K,重庆,,2026-05-30 18:49:04
e5f1d11fe4874f9b0nB62tW5EFdW,硬件工程师,米罗克科技,0-20人,通信/网络设备,本科,1-3年,"智能硬件/可穿戴设备, 计算机相关专业, 电子电气/自动化相关专业, 硬件开发经验, 英语读写能力良好",5-10K,重庆,,2026-05-30 18:49:04
0e4a174ce7654ba703R93ty0E1NX,结构工程师,重庆南山仪表有限公司,100-499人,仪器仪表,本科,1-3年,"CATIA, UG, AutoCAD, 接受无机械结构工程师经验, Pro/E",8-13K,重庆,,2026-05-30 18:49:04
fbf0df67db415a9c0nB639i8FlVW,机械工程师,金沣,20-99人,其他制造业,学历不限,3-5年,"自动化机械经验, 团队管理经验, UG, AutoCAD, 农业机械设计及安装, 非标设计经验, 机电设备经验, SolidWorks, 重型机械经验, 有机械工程师经验",6-11K,重庆,,2026-05-30 18:49:04
069620b1193d7b281HJz0tq0FlVW,工艺工程师,重庆博峰微球,100-499人,生物/制药,大专,3-5年,"化学药, 生物药, 生产工艺",8-13K·13薪,重庆,,2026-05-30 18:49:04
e1d03e65c7a1b0470nd42N2_GVpS,节能工程师,南岸区宇能电力器...,20-99人,电力/热力/燃气/水利,学历不限,5-10年,,12-24K,重庆,,2026-05-30 18:53:12
bff7cd918cb2552d0nZy2N20F1VV,车身工程师,派绅汽车,100-499人,汽车零部件,大专,3-5年,,15-22K,重庆,,2026-05-30 18:53:12
f1fd5bc0ade2c0221XN73Nu5F1NV,质量工程师,重庆胜维德赫华翔,100-499人,汽车零部件,大专,5-10年,"客户质量工程师, 汽车行业一级供应商, 客户质量",8-11K·14薪,重庆,,2026-05-30 18:53:12
3aff90e896574f570nR_2960ElBS,Labview工程师,推重比动力,20-99人,铁路/船舶/航空/航天制造,本科,1-3年,,9-14K,重庆,,2026-05-30 18:53:12
386d74edee05f1a20nR729y6FlZV,策略工程师,道微投资,20-99人,基金,本科,经验不限,"运筹优化算法, 自然语言处理算法, Python, Java, 大数据处理框架(Spark/Hadoop/Hive), SQL, C/C++, 算法工程化经验, 优秀开源项目经历",10-15K,重庆,,2026-05-30 18:53:12
ae6f09a35463487b0nB53d28FVtQ,助理工程师,BOE,10000人以上,计算机软件,大专,1年以内,"电子厂, 两班倒, 4人间宿舍, 五险一金",4-7K,重庆,,2026-05-30 18:53:12
203c7a2c17b6d2f70nZ53dq8EVBX,底盘工程师,新大洲本田摩托(...,1000-9999人,汽车研发/制造,本科,3-5年,,15-20K·14薪,重庆,,2026-05-30 18:53:12
8cce7661be03200d0nB_2t-4FVFW,冲压工程师,天人科技,100-499人,金属制品,本科,3-5年,,10-15K,重庆,,2026-05-30 18:53:12
2b4b8939b6d60c870nB-29q4FFJU,光伏工程师,深圳某大型计算机软件公司,10000人以上,计算机软件,本科,3-5年,,18-22K·14薪,重庆,,2026-05-30 18:53:12
a700b58425db356603B-09S_FFJV,SQE工程师,重庆惠科金扬科技,1000-9999人,消费电子,本科,3-5年,,7-10K,重庆,,2026-05-30 18:53:34
cbbe487b3a1d29130ndz09S0ElFX,品质工程师,威鑫佳,20-99人,其他制造业,大专,3-5年,"有质量管理经验, 不需要出差, ISO9001经验, IATF 16949经验, CQE经验（客户）, 8D报告经验, 半导体经验",6-10K,重庆,,2026-05-30 18:53:34
57ec062d4392dde903Vz09y-ElNY,销售工程师,上海凯泉重庆分公司,100-499人,机械设备/机电/重工,大专,3-5年,"环保, 市场信息搜集与分析, 市场拓展能力, 工业设备销售经验, 商务谈判能力, 电力/燃气/水利, 客户开发与维护, 电气相关学历, 仪器仪表/工业自动化, 机械设备/机电/重工, 机械相关学历",6-10K,重庆,,2026-05-30 18:53:34
88b948c24f2a9f7c0nd-3ti6EVdS,SQE工程师,四川新瑞石油科技,0-20人,石油/石化,本科,5-10年,"产品供应商, 汽车, 熟悉ISO质量管理体系, SQE工作经验",12-20K,重庆,,2026-05-30 18:53:34
90aac53d705a27b40nZy3N28EFVX,Agent工程师,深圳市璀璨精选科技,100-499人,服装/纺织,本科,经验不限,,6-10K,重庆,,2026-05-30 18:53:34
03ad7e0f0ae671090nd92t-7FlRR,工艺工程师,某大型专用设备公司,100-499人,专用设备,本科,3-5年,,15-25K,重庆,,2026-05-30 18:53:56
851a91f4f869ba990nB-2Nu7ElFX,产品工程师,适途科技,1000-9999人,汽车研发/制造,学历不限,1-3年,"内饰, Catia, 方向盘, 座椅",9-14K,重庆,,2026-05-30 18:53:56
e4c9b94a55a344891HZ609S_FFpR,智家工程师,中国电信,10000人以上,通信/网络设备,大专,1-3年,宽带装维,10-15K,重庆,,2026-05-30 18:53:56
01ee5205545aa2731Hx_3tu_FlZU,模具工程师,鼎丰,100-499人,机械设备/机电/重工,大专,5-10年,"有模具工程师经验, 铸造经验, AutoCAD, 汽车, 电子/通信",10-15K,重庆,,2026-05-30 18:53:56
d4a568907cefabba0nVz39-7GFpR,全栈工程师,云疆智航,20-99人,互联网,学历不限,经验不限,"TypeScript, Java, JavaScript, 全栈无侧重, 全栈项目经验, Python",12-20K,重庆,,2026-05-30 18:53:56
48367b9dfdd244450nd83Nm7F1dX,工艺工程师,重庆某中型汽车零部件公司,500-999人,汽车零部件,大专,5-10年,工艺工程师,20-30K·13薪,重庆,,2026-05-30 18:53:56
0749205f7b5ecdaa0nVz2N6_ElVT,技术工程师,方略富腾,100-499人,汽车零部件,大专,3-5年,"UG, 机械制造相关专业, 转向, AutoCAD, 设计软件, SolidWorks, PRO/E",15-30K,重庆,,2026-05-30 18:54:17
7ca87b67a645d54403B72Ny1FltQ,制冷工程师,康诚永生,100-499人,医疗器械,本科,3-5年,"电工证, 设备厂商（乙方）, 设备采购/选型经验, 要求有机械设备工程师经验, 仪器仪表经验, 需要出差, 自动化设备经验, 电子/通信设备经验, 设备维修/保养经验, 机电设备经验, 机械/设备, 制药/医疗设备经验",7-12K,重庆,,2026-05-30 18:54:17
fa1a798fbef7021803152du6E1tU,电子工程师,重庆特腾,20-99人,电子/硬件开发,本科,10年以上,,8-12K,重庆,,2026-05-30 18:54:17
2e77d9314e36e6b90nZz3Ny9FlNT,销售工程师,西驰电气,100-499人,电气机械/器材,大专,经验不限,,5-8K,重庆,,2026-05-30 18:54:17
92ab15d02855a64703x-3Nm5EFZW,工艺工程师,阿以特,100-499人,汽车零部件,学历不限,1-3年,"外饰, 工艺",6-10K,重庆,,2026-05-30 18:54:17
2d7b1c2bb10da2bd0nV63dW6F1NU,销售工程师,奥特玛特,100-499人,印刷/包装/造纸,大专,经验不限,"五险一金, 餐补, 话补, 绩效奖金, 工龄奖, 销售专员, 新客户开发, 销售工程师",10-15K,重庆,,2026-05-30 18:54:17
1bed1f19da3b186b0nZ93dy9GVBZ,产品工程师,先锋渝州,100-499人,其他制造业,本科,1-3年,,8-13K,重庆,,2026-05-30 18:54:38
08a803a43a92fa3a03N-3t-6FFVW,销售工程师,昂华（上海）自动...,100-499人,自动化设备,大专,3-5年,"工业设备销售经验, 市场营销相关学历, 技术配合与沟通, 智能硬件, 客户开发与维护, 仪器仪表/工业自动化, 机械相关学历, 项目跟踪, 标书制作",8-13K,重庆,,2026-05-30 18:54:38
1909869d6422c422031429m4GFRZ,软件工程师,盛泰光电科技,1000-9999人,半导体/芯片,本科,5-10年,,12-24K,重庆,,2026-05-30 18:54:38
2899495605fbd46a0nV-0tW0FVJX,电气工程师,新联自动化,0-20人,仪器仪表/工业自动化,高中,3-5年,"PLC工程师, 电控工程师, eplan, 梯形图, st语言",6-10K·13薪,重庆,,2026-05-30 18:55:00
ae31ba696deeac2c0nB609W_EFRS,设备工程师,奥松,20-99人,电子/硬件开发,大专,1-3年,"要求有机械设备工程师经验, SolidWorks, 企业（甲方）, 不需要出差, 半导体设备经验, 设备维修/保养经验",8-12K,重庆,,2026-05-30 18:55:00
4078eb0ea9cbe4c70nd709y_FFNS,结构工程师,力华,1000-9999人,电子/硬件开发,本科,1-3年,,6-8K,重庆,,2026-05-30 18:55:00
53bdc043a42553d303V92t20EFE~,机械工程师,雅克比,20-99人,自动化设备,本科,5-10年,"自动化机械经验, 绩效奖金, 工龄奖, 周末双休, 非标设计经验, 加班费, 自动控制, 有机械工程师经验, 机械设计",15-20K·13薪,重庆,,2026-05-30 18:55:00
40e3d8c88aef09c60nB729u7ElVZ,OS工程师,普华基础软件,100-499人,计算机软件,硕士,在校/应届,,10-15K·14薪,重庆,,2026-05-30 18:55:00
fd57f8ea547c76890nV42tS8GVJX,质量工程师,重庆高金,1000-9999人,其他制造业,本科,5-10年,"团队管理经验, 项目管理经验, 机械加工制造经验, SQE经验（供应商）, 其他, 生产质量管理, IATF 16949经验, DQE经验（研发）, 不需要出差, QC七大手法, CQE经验（客户）, 汽车经验, 有质量管理经验, 8D报告经验",7-12K,重庆,,2026-05-30 18:55:22
30796c795c432d750nZ43Ni_FVNU,压铸工程师,蓝黛,1000-9999人,汽车研发/制造,本科,3-5年,,8-13K,重庆,,2026-05-30 18:55:22
2d4479d592bfe73d0nd829W-FlFS,气动工程师,某大型汽车研发/制造公司,10000人以上,汽车研发/制造,本科,3-5年,"CFD分析, 飞行器, 气动布局设计",20-21K,重庆,,2026-05-30 18:55:22
1d8176cf7a563e4d1HN83Nu4GFU~,工程师,木云科技,20-99人,计算机软件,本科,1-3年,"Linux, 系统运维, 运维工程师, Nginx, 安全运维, 应用运维, Tomcat, CCNP证书",5-9K,重庆,,2026-05-30 18:55:22
cec8b26b60cd6d450nd_39S1FFVR,采购工程师,HKC,10000人以上,通信/网络设备,本科,1-3年,,7-12K,重庆,,2026-05-30 18:55:22
c2aeddcd2c1c02fb03173tu1EFtY,电子工程师,重庆磁骋科技有限公司,0-20人,电气机械/器材,本科,5-10年,"电控工程师, 电磁工程师",9-14K,重庆,,2026-05-30 18:55:22
a64d8207196861b70nV52dm6E1dZ,测试工程师,睿视兴,20-99人,通信/网络设备,本科,5-10年,,7-10K,重庆,,2026-05-30 18:55:43
30372fdaa8e2b9d403xz0t65ElZR,客服工程师,高昇创芯,100-499人,机械设备/机电/重工,大专,1-3年,,6-8K,重庆,,2026-05-30 18:55:43
64eb130a1be612790nV_2dW_FVpY,电气工程师,宏宽电力,20-99人,电力/热力/燃气/水利,本科,3-5年,CAD,7-8K,重庆,,2026-05-30 18:55:43
2c7947601e80183a0nR73tS_GVFR,驻场运维工程师,重庆千德科技有限公司,20-99人,计算机软件,大专,3-5年,"通信相关专业, 网络专业, 计算机相关专业, 运维经验",4-7K,重庆,,2026-05-30 18:55:43
8d58d97accbf2afe1nV80tu7E1BX,项目经理（技术工程师）,华叶跨域,100-499人,在线教育,本科,3-5年,"系统集成工程师, 信息化, 大数据, 云计算, 技术管理, 项目管理, 系统集成",6-11K,重庆,,2026-05-30 18:55:43
4580a6527cbc2be00nRy39-0E1dS,灌装工程师,智翔金泰生物,500-999人,生物/制药,本科,3-5年,,8-13K,重庆,,2026-05-30 18:55:43
000a5d5b3dfcb8bd1HF93N--F1NQ,硬件工程师,重庆联纵智能科技,20-99人,电子/半导体/集成电路,大专,经验不限,"机械设计制造相关专业, 电子电气/自动化相关专业, 智能硬件/可穿戴设备, 硬件开发经验",4-5K,重庆,,2026-05-30 18:56:05
82f94c2c4b5ae8e803x839W6EVdQ,售后工程师,葳耀科技,0-20人,自动化设备,大专,1-3年,"非标自动化, 机械/机电设备, 可适应出差",5-8K,重庆,,2026-05-30 18:56:05
d8690b9b79a9345c0nZ60927ElpR,机械工程师,某大型风电公司,1000-9999人,风电,本科,5-10年,,20-30K,重庆,,2026-05-30 18:56:05
a8f3c0f7d3c38efc0nR-3Ny6EVFZ,工艺工程师,翊为生物,0-20人,医疗健康,本科,3-5年,"机械加工制造经验, 制药/医疗经验, 连接/切割工艺经验, 化学工艺, Pro/E, AutoCAD, 试产工程师（NPI）经验, 量产工程师（PE）经验, 不需要出差, 专用机械经验, 模具经验, 夹具/治具经验, 粘接经验, 焊接经验",8-10K,重庆,,2026-05-30 18:56:05
ec29c0227da9a9d103J93t6_FFZW,电子工程师,力帆科技集团,1000-9999人,汽车研发/制造,大专,1-3年,PCB设计,10-15K,重庆,,2026-05-30 18:56:05
930856823861d8e603Z529S7GFRW,运维工程师,天津华宇信息技术,0-20人,计算机硬件,本科,5-10年,,7-10K,重庆,,2026-05-30 18:56:26
86c4cd3ffbd52df80nR_2dS8EVVS,NVH工程师,某大型汽车研发制造公司,10000人以上,汽车研发/制造,本科,3-5年,,15-25K·15薪,重庆,,2026-05-30 18:56:26
c4586c1ed634069f0nB42dW9GFZR,产品工程师,熠美实业,500-999人,汽车零部件,本科,1-3年,"接受无机械结构工程师经验, AutoCAD",8-10K,重庆,,2026-05-30 18:56:26
95f77ad40ce1a8550nV80t64GVtW,pe工程师,重庆晶潼电子有限公司,100-499人,通信/网络设备,大专,3-5年,"不需要出差, 量产工程师（PE）经验, 试产工程师（NPI）经验, 电子/通信经验",7-9K,重庆,,2026-05-30 18:56:26
70c8a40500defecc1HF92tS5ElpT,云网工程师,中冉数字,500-999人,互联网,本科,3-5年,系统运维,8-12K·13薪,重庆,,2026-05-30 19:00:34
132988152614b3ca03J809q8FVFY,标定工程师,重庆张雪机车工业,1000-9999人,摩托车/自行车制造,大专,3-5年,摩托车,8-13K·14薪,重庆,,2026-05-30 19:00:55
613a65ddf0f62cff0nR60tm-EFVR,质量工程师,某大型通用设备上市公司,10000人以上,通用设备,本科,3-5年,,20-21K,重庆,,2026-05-30 19:01:16
495ffc4c17cca53f031-29--EFRQ,焊接 工程师,重庆鲍斯流体技术,20-99人,通用设备,大专,5-10年,"焊工上岗证, 重型机械, 焊接作业, 压力焊",8-13K·13薪,重庆,,2026-05-30 19:01:16
5de4c6b89bab2c830nV50t24GFJT,咨询工程师,中弘设计集团有限公司,20-99人,建筑工程咨询服务,大专,3-5年,可行性研究报告,6-7K,重庆,,2026-05-30 19:01:59
ddccb9f7c7b1e9ce03x93di8EltY,TCAD工程师,重庆某中型半导体/芯片公司,100-499人,半导体/芯片,硕士,5-10年,"器件仿真, 碳化硅, SiC器件",25-50K·14薪,重庆,,2026-05-30 19:02:21
dcdfa053fdb0db8e0nV-3N61FFNV,废气工程师,平庆环保科技公司,20-99人,环保,大专,3-5年,"不需长期出差, 有环保工程师经验",5-8K,重庆,,2026-05-30 19:02:21
bfd4cee020eca6d50nV_39W-GVZS,运维工程师,重庆晟鑫能源科技,0-20人,光伏,本科,1-3年,"实施交付运维, 大数据运维经验, 系统运维, 运维开发经验, 运维经验",8-10K·14薪,重庆,,2026-05-30 19:03:03
7953912f54215e831Xd70tm8EFpW,光学工程师,联庆仪器,100-499人,环保,本科,3-5年,"光学, 显微光学",12-20K·15薪,重庆,,2026-05-30 19:03:46
c1f92b5f84dea1ac0nd42tS9EFNQ,厂务工程师,武汉星钥半导体,100-499人,半导体/芯片,本科,5-10年,,15-25K·14薪,重庆,,2026-05-30 19:03:46
59fbe00960c47f2b03V93968F1JV,设计工程师,广亚,100-499人,电气机械/器材,大专,5-10年,"UG, AutoCAD, 非标设计经验, 其他, 通机消声器设计, SolidWorks, 有机械结构工程师经验",8-13K,重庆,,2026-05-30 19:08:59
ac5f6acde06c63440nB4392-ElpU,装配工程师,中科慧仪,20-99人,电子/硬件开发,学历不限,经验不限,,4-8K,重庆,,2026-05-30 19:09:20
382a6e1b13c2a5701XF539y9EFc~,电气工程师,重庆净锋半导体设备,20-99人,专用设备,大专,3-5年,"电气安装, 机电相关专业, 熟悉PLC编程, 熟悉HMI技术, 熟悉晶圆研磨抛光工艺, 熟悉半导体设备及工艺",7-8K,重庆,,2026-05-30 19:09:20
90837c474395fc190nB43tq-FlRW,软件工程师,某大型计算机软件公司,1000-9999人,计算机软件,本科,3-5年,,18-25K·13薪,重庆,,2026-05-30 19:09:39
fa9d8e45c0f09e100nB50tu6GFVY,工艺工程师,重庆迪马工业,500-999人,汽车研发/制造,本科,经验不限,,4-7K,重庆,,2026-05-30 19:10:22
f6728a73d191acff1XJ509q9FlJZ,化工工程师,重庆凯麦,0-20人,化工,本科,3-5年,"工艺设计, 化工工程师证, 生产操作与管理, 化学专业, 精细与专用化学品, 英语可作为工作语言, 石油化工, 无机品, 设备管理",10-15K·14薪,重庆,,2026-05-30 19:11:05
23a5f5bca6df9bbf0nRz2tS_FVdU,体系工程师,重庆深科技有限公司,500-999人,智能硬件/消费电子,大专,3-5年,IATF16949,10-15K·13薪,重庆,,2026-05-30 19:11:05
5709a78d969433f00nV_09--GVRR,测试工程师,polelink,100-499人,计算机服务,本科,3-5年,,10-12K,重庆,,2026-05-30 19:24:11
35d76c967c85fed203x82N26FFdZ,电气工程师,葳耀科技,0-20人,自动化设备,大专,3-5年,"三菱, 非标自动化, PLC工程师",10-15K,重庆,,2026-05-30 19:25:38
250ae1b2a785d49d0nR83N2_E1pT,质量工程师,蓝黛,1000-9999人,汽车研发/制造,本科,5-10年,"制程质量工程师, 客户质量工程师, 供应商质量工程师, 汽车传动, 齿轴",8-12K,重庆,,2026-05-30 19:31:50
4d399e2b4f6cb18d0nV72dS5ElJU,装配工程师,重庆烨荣电气,20-99人,电气机械/器材,高中,1-3年,"接受无机械设备工程师经验, 设备厂商（乙方）, 需要出差",4-6K,重庆,,2026-05-30 19:34:41
d8815d1c0decdad70ndy2dW_GVRV,java工程师,重庆渝都文化传媒,20-99人,广告/公关/会展,大专,5-10年,,8-12K,重庆,,2026-05-30 19:35:03
132306b4c0e8d2480nZ80t24E1FV,模具工程师,重庆百信实业有限公司,100-499人,汽车零部件,大专,1-3年,"有模具工程师经验, 冲压经验, AutoCAD, UG, CATIA, 汽车",5-10K,重庆,,2026-05-30 19:35:03
8a5e16e0a2c2cace0ndy2Nm0FVZY,光学工程师,重庆某大型汽车零部件上市公司,1000-9999人,汽车零部件,本科,3-5年,"光学设计, Zemax、LightTools, TracePro、Code V, 光学元器件选型, 光学系统仿真, 光电产品开发",20-21K,重庆,,2026-05-30 19:35:03
5a31b2cd22b8d2930nB_2tS9ElRW,autosar工程师,BASSETTI,20-99人,企业服务,大专,3-5年,autosar,15-20K,重庆,,2026-05-30 19:40:35
6c9a331bc40b03031Hd43du4ElpQ,硬件工程师,重庆雅讯,20-99人,计算机/通信/其他电子设备,本科,3-5年,"电池/电源类产品, 芯片/半导体/集成电路, 汽车硬件产品, 电子电气/自动化相关专业, 硬件开发经验, 原理图设计",11-22K,重庆,,2026-05-30 19:40:35
3a9e570706ecedbb0nd42d6_ElFR,PQE工程师,厦门某大型储能公司,1000-9999人,储能,本科,5-10年,,20-30K,重庆,,2026-05-30 19:47:30
cfaee5c47f30bd440nZ73dq4EFdS,sqe工程师,得润汽车部件,100-499人,汽车零部件,本科,1-3年,"汽车, SQE工作经验",7-10K,重庆,,2026-05-30 19:55:46
41b187e6735afe671HN80tm5EVFZ,冲压工程师,重庆至信实业,1000-9999人,汽车零部件,大专,3-5年,"CATIA, AutoCAD, UG, CAE分析",8-13K,重庆,,2026-05-30 19:55:46
e63747a073bf79b91XB-0t27FVRT,质量工程师,重庆津城达电子科技,100-499人,汽车零部件,高中,3-5年,客户质量工程师,7-9K·13薪,重庆,,2026-05-30 19:55:46
66bd5ae60ce543880nV529S6FVZQ,电机工程师,雷玛科技,20-99人,专用设备,大专,1-3年,,10-15K,重庆,,2026-05-30 19:56:07
0ec0cade4c8afd191HZ_3d-_FltQ,算法工程师,杭州蚂蚁智能科技,10000人以上,基金,硕士,在校/应届,"发表算法相关优秀论文, 搜索算法, 机器学习, 算法工程化经验, 参加算法相关竞赛/获奖, 风控算法, 推荐算法, Python, SQL",25-30K·16薪,重庆,,2026-05-30 19:56:07
6770cdea8e32c6bf0nB439q8GFdR,全栈工程师,重庆云泽锐创科技,0-20人,计算机软件,大专,1-3年,"Golang, 后端开发经验, 全栈侧重后端, .NET, 前端开发经验, 全栈项目经验",10-15K·13薪,重庆,,2026-05-30 19:56:07
b367379e78159b7803V909W5FFVY,营建工程师,积客快装,20-99人,装修装饰,大专,3-5年,"内装, 连锁店面",7-10K,重庆,,2026-05-30 19:56:29
0e264b523b4f91f803B_39i7ElJY,PQE工程师,天实精工,1000-9999人,电子/硬件开发,大专,3-5年,,7-11K·13薪,重庆,,2026-05-30 19:56:29
58a37240fd50a2c10nB50tS9FFpS,工艺工程师,重庆某小型电子/半导体/集成电路公司,0-20人,电子/半导体/集成电路,本科,5-10年,"不需要出差, aoi, 光学检测",15-25K,重庆,,2026-05-30 19:56:29
d08f56d40203330f0nB50924GVpZ,项目工程师,友升铝业,1000-9999人,汽车零部件,本科,3-5年,,8-12K·13薪,重庆,,2026-05-30 19:56:29
fc6c70d5fc7950ae1nFz2du6FlRQ,技术工程师,宗申动力,1000-9999人,汽车零部件,本科,5-10年,动力系统设计,8-12K,重庆,,2026-05-30 19:56:50
de0039e19a01ba121HB70tq-FFtR,项目工程师,友利森,500-999人,汽车零部件,大专,3-5年,"汽车项目管理经验, 机加工艺, 挤压工艺, 铝合金",8-12K·13薪,重庆,,2026-05-30 19:56:50
29e8d48b4bc0919f0nd42N28EVJR,电气工程师,跨维(深圳)智能...,100-499人,智能硬件,本科,5-10年,"电路设计, PLC工程师, 电控工程师",12-24K·15薪,重庆,,2026-05-30 19:57:11
7640770b5d4ad8441XR43NS0EVFT,运维工程师,重庆搏世猫物联,0-20人,通信/网络设备,中专/中技,1-3年,网络交换技术,5-6K,重庆,,2026-05-30 19:57:11
0962ed7bfc76daf80nB_2t29F1VU,调试工程师,重庆锯鳐物联网科技,20-99人,物联网,本科,3-5年,"有消防工程经验, 不需要长期出差/驻场, 消防检测维保经验, 1-3年消防工作经验",5-6K,重庆,,2026-05-30 19:57:11
4952a1386bada7b30nB-39-7EFFQ,产品工程师,跨维智能,20-99人,人工智能,本科,1-3年,自动化设备,9-11K,重庆,,2026-05-30 19:57:32
7257e79a3e3d4ed703B90tW0GVFW,交付工程师,远臻科技,20-99人,计算机软件,大专,1-3年,"实施交付运维, MySQL/Oracle, Docker, 计算机相关专业",5-8K,重庆,,2026-05-30 19:57:54
3413f94dd5413dff0nB62dW1ElZY,技术工程师,重庆乐展机械制造,20-99人,其他制造业,学历不限,5-10年,"接受无机械工程师经验, AutoCAD",5-6K,重庆,,2026-05-30 19:57:54
f54bdffa1faca8a00nB-09u_FFJX,运维工程师,泓晟新能源,20-99人,光伏,大专,3-5年,"高处作业证, 要求光伏/风电运维经验, 光伏运维经验, 高压电工证, 工商业光伏运维, 低压电工证, 工商业光伏运维经验",5-8K,重庆,,2026-05-30 19:57:54
8a5fa19fc89f0f870nR-2tm8E1FV,运维工程师,星芒科技,0-20人,互联网,本科,10年以上,,5-55元/时,重庆,,2026-05-30 19:58:15
d1a1e9e6fd40880e0ndy29q9FlFS,线束工程师,重庆赛力斯凤凰智...,1000-9999人,汽车研发/制造,本科,5-10年,"设计工程师, 高压线束, 低压线束, 机器人",20-40K·14薪,重庆,,2026-05-30 19:58:15
35459d4e42c50b790nB-2N25GFZU,电子工程师,盛泰光电科技,1000-9999人,半导体/芯片,本科,3-5年,"Driver IC, Layout, FPC, LED",8-13K,重庆,,2026-05-30 19:58:15
c8a19b32a3ee1b5c03d62dS8EldX,工业工程师,海辰储能,1000-9999人,储能,本科,经验不限,"要求有工业工程师经验, 精益改善经验",10-15K,重庆,,2026-05-30 19:58:15
ce25eb26fed74e320nZ52tq7E1FU,工艺工程师,长城汽车,10000人以上,汽车研发/制造,本科,3-5年,,5-6K,重庆,,2026-05-30 19:58:37
17224677b50ce67b1nJ70tm1EVpY,运维工程师,纬创资通（华西厂区）,1000-9999人,通信/网络设备,大专,1-3年,自动化运维,5-9K,重庆,,2026-05-30 19:58:37
48321ccc720f9b560nB_2dS4F1ZS,需求工程师,海南金财网络技术,100-499人,计算机软件,本科,1-3年,,10-14K,重庆,,2026-05-30 19:58:37
24d8857dba7b5ea703By3Nq9GVRX,运维工程师,重庆长谷川建筑工程,20-99人,房屋建筑工程,学历不限,经验不限,,8-13K·13薪,重庆,,2026-05-30 19:58:37
efe580b9a31c5fae1HJ829-4E1BU,结构工程师,爱徕克,20-99人,仪器仪表/工业自动化,大专,5-10年,"CATIA, 接受无机械结构工程师经验, Pro/E",7-12K,重庆,,2026-05-30 19:58:37
395e894e144a5a370nB42tW4FVVQ,智能体运维工程师,佰聆数据,1000-9999人,互联网,本科,1-3年,"系统运维, AI 智能体, RAG, 大模型, Python/Shell, 计算机相关专业, Linux 操作",5-7K,重庆,,2026-05-30 19:58:37
2482584636cdfab20nZ73tu_EVVZ,运维工程师,重庆庆润,100-499人,计算机软件,本科,3-5年,,7-10K,重庆,,2026-05-30 19:58:37
a542bbbee4245238031z0tm8ElFU,运维工程师,重庆顺庭荣豪科技,100-499人,运营商/增值服务,大专,1-3年,,4-9K,重庆,,2026-05-30 19:58:57
acfa4cf9462b6e470nZ_09u4FFJR,评测工程师,数字天蚂,1000-9999人,互联网,本科,1-3年,"深度学习, 机器学习, 大模型算法, 图像算法, 搜索算法, 语音算法, 多模态算法, SQL, Python, C/C++",8-12K·14薪,重庆,,2026-05-30 19:58:57
1b87f4d977e555f61n1829-6EVJX,NC运维工程师,重庆和伙人科技,20-99人,计算机软件,本科,1-3年,"数据库运维, Linux, Windows, SQL, Java, 服务器配置, 系统运维",5-9K,重庆,,2026-05-30 19:58:57
c89a24b0521b45980HZ43dq0GFI~,软件实施工程师,攀宝科技,0-20人,计算机服务,本科,3-5年,"实施工程师/顾问, 人工智能, IT项目管理, 网络安全, 大数据, SQL, 云计算",8-13K·13薪,重庆,,2026-05-30 19:58:57
0943af11bcafbc1a0nB63921GVNU,制造领域 IT 工程师,某大型汽车零部件公司,10000人以上,汽车零部件,本科,5-10年,制造业系统,25-40K,重庆,,2026-05-30 19:58:57
5b241fb1a454e1200nd73ty1FVFT,实习生运维工程师,凯优新,0-20人,互联网,大专,经验不限,"计算机相关专业, 电子/电气/自动化相关专业, 通信相关专业, 运维经验",3-4K,重庆,,2026-05-30 19:58:57
041526662aa04ed60nZ-2ty1FVVR,运维工程师,重庆新枢科技有限公司,100-499人,计算机服务,本科,5-10年,"运维开发/DevOps, Golang, Docker, Kubernetes, 计算机相关专业, 运维开发经验, 网络安全相关经验",15-30K·13薪,重庆,,2026-05-30 19:58:57
fd8607bfad5777a60nB-2dW0EFNY,光伏工程师,尚徕特,20-99人,光伏,学历不限,经验不限,"装修工程经验, 机电工程经验, 房屋建筑经验, 分包施工员, 光伏施工, 施工员, 电气",4-9K,重庆,,2026-05-30 21:02:55
ee5f059e5a55c6b90nd60ti-FVI~,通讯工程师,晟岚,20-99人,通信/网络设备,学历不限,1-3年,布防光缆施工队,5-6K,重庆,,2026-05-30 21:03:16
0fb7a2f12ae11d0d0ndz39i8GFZY,设备工程师,某知名动力电池公司,1000-9999人,动力电池,大专,经验不限,"PLC编程软件, 不需要出差, 汽车, 要求有机械设备工程师经验, 自动化设备经验, 企业（甲方）, 机械工程, 新能源",15-25K,重庆,,2026-05-30 21:03:16
63de40de7273a10c0nB50t25FFRR,硬件工程师,煌甲科技,20-99人,智能硬件/消费电子,大专,1-3年,"硬件项目管理经验, 机器人, 养老设备, 机械设计制造相关专业, 智能硬件/可穿戴设备, 硬件开发经验, 外骨骼",8-13K,重庆,,2026-05-30 21:03:37
703d1b754df43fa60nB-3Nq0ElpY,电气工程师,重庆英时达自动化设备,20-99人,仪器仪表,大专,1-3年,PLC工程师,8-13K,重庆,,2026-05-30 21:04:18
44ee242b6713b96b0ndy3Ny7FVRR,网络工程师,湖北极度云数据科技,0-20人,互联网,本科,5-10年,,9-14K,重庆,,2026-05-30 21:04:40
a1b1bf0d9fa973510nd70ti9E1dT,后端工程师,厦门见福善选供应链,100-499人,批发/零售,本科,经验不限,"Java, Golang, Python, SpringCloud, MySQL, 物联网经验, 微服务经验, 不接受居家办公, 系统设计能力",7-12K,重庆,,2026-05-30 21:05:01
478df58cfdc16d331HR43dq1F1BR,座椅工程师,觅烽汽车科技有限公司,20-99人,汽车零部件,大专,3-5年,"座椅, 设计软件, 汽车工程相关专业, Catia",10-15K,重庆,,2026-05-30 21:05:23
ed3235f4d616dc420nB73N-7FVJT,售前工程师,竞业达,500-999人,计算机软件,本科,1-3年,,9-12K,重庆,,2026-05-30 21:05:23
4722246af4eb21540nZ72tm8GVJT,硬件工程师,初道,20-99人,计算机服务,本科,经验不限,,15-20K·13薪,重庆,,2026-05-30 21:05:45
c4deb9a94921109303Nz2d2-FFdV,硬件工程师,重庆日联,100-499人,通用设备,本科,3-5年,,7-12K,重庆,,2026-05-30 21:05:45
13408f8e2f92edd70nZ62N-8ElVT,初级运维工程师,重庆高斯智算,0-20人,人工智能,本科,经验不限,,7-12K,重庆,,2026-05-30 21:11:34
3ea37ba67245300003x93tW4EFVU,sqe工程师,时代吉利,1000-9999人,动力电池,本科,3-5年,"熟悉6 Sigma策略, 汽车, 物料供应商, SQE工作经验, 熟悉TS五大工具, 8D",10-15K,重庆,,2026-05-30 21:11:34
d74a6038743d39860nd439-0EFVZ,云计算技术支持（火山引擎）-体验与服务,字节跳动,10000人以上,互联网,本科,在校/应届,"Docker, MySQL/Oracle, Golang, Redis, Python/Shell, 计算机相关专业",7-10K,重庆,,2026-05-31 12:01:56
86e9755833b6b61e03Z83dq6FlFW,冲压工程师,恒伟林,1000-9999人,企业服务,大专,3-5年,,8-12K,重庆,,2026-05-31 12:01:56
21071772f86e2bd91Hd62tW1EFpU,底盘工程师,智车勤行,20-99人,计算机软件,大专,3-5年,"CATIA, 传动系统, 制动系统, 转向系统, AutoCAD, 要求底盘工程师经验, 第三方设计公司, 底盘总布置经验",8-13K·13薪,重庆,,2026-05-31 12:01:56
017333ed11d9470f0nR80tm9E1BS,cae工程师,罗斯德尔,100-499人,汽车零部件,大专,1-3年,,8-13K·13薪,重庆,,2026-05-31 12:01:56
c0935445bd8677451HFz3dq-GFpX,质量工程师,三峡机械,100-499人,金属制品,大专,在校/应届,"客户质量工程师, 16949, 五大工具, 8D, 制程质量工程师",6-10K,重庆,,2026-05-31 12:02:16
5a517f40e8e57d641HJ93t2_FVFV,车灯工程师,煜兆耀电子,20-99人,电子/半导体/集成电路,学历不限,经验不限,"UG, 灯具, AutoCAD, 设计软件, 汽车工程相关专业, 仿真软件",10-11K,重庆,,2026-05-31 12:02:16
72b2dd5f04c64f280nZ63tq-EFtY,销售工程师,重庆博盾金属制品,20-99人,金属制品,大专,3-5年,,6-8K,重庆,,2026-05-31 12:02:16
6d349fb73ee17ac00nV43N-5FlZT,质量工程师,重庆台铃,500-999人,其他新能源,大专,5-10年,,8-12K,重庆,,2026-05-31 12:02:16
6343c9072434ab850nB-09W5FVBS,渗透工程师,重庆云泽锐创科技,0-20人,计算机软件,大专,1-3年,"程序员, 渗透工程师, iOS高级开发工程师, iOS安全工程师, 逆向经验",12-24K·13薪,重庆,,2026-05-31 12:02:16
8b7963be2c1542c403By2tu4EVpR,中级工程师,重庆裕业科技有限公司,0-20人,建筑工程咨询服务,学历不限,经验不限,"中级工程师职称, 高级工程师职称",1000-4500元/月,重庆,,2026-05-31 12:02:16
5743544bd90442720nd70tq8GFVZ,工艺工程师,某大型动力电池公司,1000-9999人,动力电池,本科,3-5年,,20-21K,重庆,,2026-05-31 12:02:38
2d2123f748cd007c03N52tq-FVVW,java工程师,万千互连,0-20人,计算机软件,本科,3-5年,,400-600元/天,重庆,,2026-05-31 12:02:38
01b348791d4966050nV42tW4EldV,pcblayout工程师,江津区锐科电子信...,20-99人,电子/硬件开发,大专,1-3年,,15-50元/时,重庆,,2026-05-31 12:02:38
8bf8665edb504c240nV50t27FFZT,智家工程师,重庆道丰科技有限公司,20-99人,运营商/增值服务,大专,1年以内,"有宽带装维经验, 通信专业, 计算机专业, 销售经验, 电工证, 登高证, 社区经理, 宽带安装营销, 南岸电信, 装维工程师, 抗压沟通能力强",9-12K,重庆,,2026-05-31 12:02:38
2c5f37927b950c4e03J939q_GVFY,电力工程师,格致电力,100-499人,电力/热力/燃气/水利,本科,经验不限,,5-10K,重庆,,2026-05-31 12:02:58
212f79ab65e42cb503162Nm0ElJS,检测工程师,重大质检,100-499人,检测/认证,本科,1-3年,工程检测,4-6K,重庆,,2026-05-31 12:02:58
1b22f80c09d245221HN90t67FlNY,机电工程师,靓邦,500-999人,土木工程,本科,5-10年,施工单位,6-7K,重庆,,2026-05-31 12:02:58
a610a0901c4b4cb50nd409i1EFZY,NVH工程师,奇瑞控股集团有限公司,10000人以上,汽车研发/制造,本科,3-5年,"路噪, 异响, 风噪仿真, ANC NVH, 车身NVH",15-30K,重庆,,2026-05-31 12:02:58
2d107670b5f70b1103F80tq6GFBW,弱电工程师,茂卓科技,0-20人,计算机硬件,大专,1-3年,"机房工程, 方案设计, AutoCAD, 医院, 经常出差, 安装施工, 产业园区, 停车管理系统, 住宅小区, 日常运维, 安防系统, 电工证, 登高证, 天正建筑, 计算机网络系统, 广联达, 公共建筑, 综合布线系统",4-6K,重庆,,2026-05-31 12:03:19
446fc1550ebcac1b03F529m0FFJW,质量工程师,三三,100-499人,仪器仪表,本科,3-5年,制程质量工程师,5-8K,重庆,,2026-05-31 12:03:19
f8e63d08fdd1076403J90ti8GVBS,机械工程师,重庆执耳科技,0-20人,智能硬件,本科,5-10年,"有机械工程师经验, 机电设备经验, 自动化机械经验, 汽车经验, 动力系统经验, 汽车车身及配件经验, 非标设计经验, 仿真设计经验, SolidWorks",8-12K·13薪,重庆,,2026-05-31 12:03:19
39858dec6c85e91e0nd729S4EFNW,机械工程师,聚利时液压,20-99人,机械设备/机电/重工,本科,1-3年,"有机械工程师经验, AutoCAD, SolidWorks, 自动化机械经验, 机电设备经验, 重型机械经验, 非标设计经验, 整机设计经验",8-12K·13薪,重庆,,2026-05-31 12:03:19
ac53357092f371680nB53tW6FFFS,硬件工程师,重庆矿欧科技有限公司,20-99人,电子/硬件开发,大专,1-3年,,8-13K,重庆,,2026-05-31 12:03:19
088332d1eb568fea1nV43ti8F1ZT,车身工程师,铄淮汽车,20-99人,汽车研发/制造,本科,3-5年,"CATIA, 数字模型, 设计相关专业, 车身造型设计, 车身结构设计, 三维设计, 白车身",11-22K,重庆,,2026-05-31 12:03:19
f5daf31a25de37280nZ82tm_FVFW,机械工程师,编福科技,20-99人,仪器仪表,本科,1-3年,"有机械工程师经验, 电子/通信经验, 自动化机械经验, 非标设计经验, 整机设计经验, 仿真设计经验, SolidWorks, AutoCAD",8-13K·13薪,重庆,,2026-05-31 12:03:38
8530185b3c68753f03F839i7FlFY,研发工程师,天瑞化工,100-499人,通用设备,本科,经验不限,"化学专业, 产品研发, 石油化工",8-13K·13薪,重庆,,2026-05-31 12:03:38
88696afbfd2700d30nd829W5FVNZ,销售工程师,研瑞仪器,20-99人,仪器仪表,本科,1-3年,"市场信息搜集与分析, 工业设备销售经验, 化学化工相关学历, 技术配合与沟通, 客户开发与维护, 电气相关学历, 仪器仪表/工业自动化, 项目跟踪, 标书制作",4-9K·15薪,重庆,,2026-05-31 12:03:38
b0311f774f0be5e40nB-3tW4FVZR,体验工程师,重庆凌迪汽车销售服务,10000人以上,4S店/后市场,大专,1-3年,"电话销售, 4S店经验, 新车销售, 贷款销售经验, 一对一培训, 实习期薪酬不打折扣, C1以上驾驶证, 网络销售, 新能源车, 定期团建, 线下销售, 大专以上学历",10-15K,重庆,,2026-05-31 12:03:38
98eab77252a558871HF509m9FFRU,技术工程师,翼虎动力,100-499人,通用设备,大专,1-3年,"发电机组, 通机, 汽油发电机",8-13K,重庆,,2026-05-31 12:03:59
f6c223cd057043e903d909S1EFJQ,硬件工程师,深圳叡扬声学设计研发,100-499人,金属制品,本科,3-5年,"汽车硬件产品, 示波器, 万用表, 原理图及PCB的设计",9-12K,重庆,,2026-05-31 12:04:19
cb35107cf94bffb40nV53d25GVNS,bim工程师,朗博装饰设计,0-20人,装修装饰,本科,3-5年,,4-6K,重庆,,2026-05-31 12:04:19
4202e26a242eb9b30nB52dS-FFJX,咨询工程师,上宸漳州分公司,0-20人,建筑设计,学历不限,经验不限,,3-6K,重庆,,2026-05-31 12:04:19
d244609e52fed35903B609-1GFNW,算法工程师,CMCU,1000-9999人,建筑设计,博士,1-3年,"C/C++, Java, 机器学习, 图像算法, 算法工程化经验, 优秀开源项目经历, Python",25-26K·14薪,重庆,,2026-05-31 12:04:19
c0a775a56ebf80570nB439i_ElBX,大模型运维工程师,国安信息科技,100-499人,计算机软件,本科,3-5年,"系统运维, Python/Shell, MySQL/Oracle, Docker, Kubernetes, Redis, 计算机相关专业, 运维经验, 大模型",10-15K,重庆,,2026-05-31 12:04:40
f79add2a0b315bc31nB-2d-9E1NX,运维工程师,重庆涛越科技有限公司,0-20人,其他行业,中专/中技,1-3年,懂弱电知识优先,4-7K,重庆,,2026-05-31 12:04:40
5d0f4a74b54feac60nd63929FFRY,电气工程师,爱思盟,20-99人,互联网,本科,1-3年,,7-12K,重庆,,2026-05-31 12:04:40
0e6fd71c176f6ce40nV52960FVRY,算法工程师,伊杰禄科技,20-99人,人工智能,大专,1-3年,,12-16K,重庆,,2026-05-31 12:04:40
f3b2567381368a8f0nd92dW7E1FT,电气工程师,重庆柯乐沃机械,0-20人,仪器仪表,本科,5-10年,,5-7K,重庆,,2026-05-31 12:04:40
5b73a1c6cde750f10nV-3N61ElFW,废水工程师,平庆环保科技公司,20-99人,环保,大专,3-5年,"不需长期出差, 有环保工程师经验",5-8K,重庆,,2026-05-31 12:05:00
84a2297560545ab31XR42du1EVVZ,电器工程师,天奕大承科技,100-499人,汽车研发/制造,本科,1-3年,CATIA,6-7K,重庆,,2026-05-31 12:05:00
cd179ca470ed4eba03183dS6GVZZ,运维工程师(J14043),VisionVera,1000-9999人,通信/网络设备,本科,3-5年,,6-7K,重庆,,2026-05-31 12:05:00
f407494258072c4103N92dW-FldX,硬件工程师,某大型通信公司,500-999人,通信/网络设备,本科,3-5年,硬件开发经验,20-22K,重庆,,2026-05-31 12:05:00
719012507c8edb020nd83N-8GVJT,sqe工程师,重庆某中型汽车零部件公司,100-499人,汽车零部件,本科,5-10年,,20-21K,重庆,,2026-05-31 12:09:08
769c043cb466df601HN80tm4FFBV,焊装工程师,重庆至信实业,1000-9999人,汽车零部件,大专,3-5年,"机器人, 焊接作业, 电弧焊, 激光焊",8-13K,重庆,,2026-05-31 12:09:08
ce23c8effb6b986b0nB-0t20GVdU,工艺工程师,重庆通昊,20-99人,金属制品,大专,3-5年,,8-10K,重庆,,2026-05-31 12:09:08
152886d6f01462c10nR_3N6-GVNX,检具工程师,重庆润通工业股份,500-999人,汽车研发/制造,大专,5-10年,,9-12K·13薪,重庆,,2026-05-31 12:09:08
4535050e70fba1ac1XB72ty5EVJR,smt工程师,芯睿辰,0-20人,电子/硬件开发,大专,5-10年,SMT工程师,6-9K,重庆,,2026-05-31 12:09:08
914b20810b401af70nB40tS0FFdX,cas工程师,重庆新感觉摩托车,100-499人,摩托车/自行车制造,大专,3-5年,,15-25K,重庆,,2026-05-31 12:09:08
bce13d2c8180599a0nB-09q6EFZT,电力工程师,重庆哲源凯电力科技,0-20人,电力/热力/燃气/水利,学历不限,经验不限,要懂电力项目造价预算,7-12K,重庆,,2026-05-31 12:09:08
d4bbe9c8760c2ef90nB_39W4E1JZ,物联网/运维工程师,望卓科技,20-99人,通信/网络设备,中专/中技,1-3年,,5-8K,重庆,,2026-05-31 12:09:08
6fefcebe5bb4d1ba1nBz2Nm8FFVV,暖通工程师,云猫机电设计,0-20人,建筑设计,大专,1-3年,"酒店公寓, 天正, 住宅地产",5-10K,重庆,,2026-05-31 12:09:30
fed3d4404812bf1e0nZ50t-_FFpW,硬件工程师,坤硕智感重庆有限公司,20-99人,人工智能,大专,3-5年,,8-12K,重庆,,2026-05-31 12:09:30
3444b6898db811e40nd52dq-EVdY,焊接工程师,广鸿机械,20-99人,原材料及加工/模具,中专/中技,5-10年,"农业机械, 钢结构, 焊接作业, 仰焊, 立焊, 横焊, 平焊, 气焊, 焊工上岗证",7-12K,重庆,,2026-05-31 12:09:30
0ad2a635ec9d515f03J809S4FlJT,安全运维工程师,小成数安,20-99人,信息安全,学历不限,经验不限,,8-10K,重庆,,2026-05-31 12:09:30
651575fd7ee917dc03N-2du-F1dV,机电工程师,重庆大东汽车配件,500-999人,汽车零部件,大专,5-10年,"设备维修/保养, 热成型",7-10K,重庆,,2026-05-31 12:09:30
3794c927b743221403xy3tu8F1M~,渗透工程师,墨客科技,20-99人,计算机软件,学历不限,3-5年,"网络安全工程师, 网络攻防, 网络安全架构",25-50K,重庆,,2026-05-31 12:09:30
ff76333ee6d457520nB43tm1GVtV,车身工程师,重庆奥摩汽车设计,20-99人,汽车研发/制造,大专,3-5年,"CATIA, 内外饰, 适应出差, 底盘, 三维设计, 白车身, 开闭件",7-12K·13薪,重庆,,2026-05-31 12:09:30
8c0281679bc37a140nRz2928EFVT,销售工程师,安美润滑,1000-9999人,互联网,大专,1年以内,"市场信息搜集与分析, 市场拓展能力, 能源, 技术配合与沟通, 商务谈判能力, 化工, 客户开发与维护, 仪器仪表/工业自动化, 售前/售后技术支持, 电子/半导体/集成电路, 工业设备销售经验, 市场营销相关学历, 化学化工相关学历, 业务创新能力, 对机构 (To B) 销售经验, 电气相关学历, 机械设备/机电/重工, 机械相关学历, 项目跟踪",6-9K,重庆,,2026-05-31 12:09:30
13408f8e2f92edd70nZ62N-8ElVT,初级运维工程师,重庆高斯智算,0-20人,人工智能,本科,经验不限,,7-12K,重庆,,2026-05-31 12:09:30
4f31394f67ff05830nB40t-1EFJS,模具工程师,重庆索尔汽车配件,100-499人,汽车零部件,高中,3-5年,"UG, 汽车, AutoCAD, 有模具工程师经验, 注塑经验",6-10K,重庆,,2026-05-31 12:09:50
a645a2f504fe0dca03V62Ni7FVdW,模具工程师,佰思特,100-499人,咨询,本科,5-10年,"有模具工程师经验, 注塑经验, 冲压经验, AutoCAD",12-20K,重庆,,2026-05-31 12:09:50
ac5e4138c38be7fb03N83NW6EVVV,光学工程师,某大型汽车零部件公司,1000-9999人,汽车零部件,本科,3-5年,,20-21K,重庆,,2026-05-31 12:09:50
93aaddac7ec0a33a0ndy2tW8E1ZY,尺寸工程师,经纬才,0-20人,人力资源服务,本科,5-10年,,15-25K·14薪,重庆,,2026-05-31 12:09:50
8596061d0be35f971H1_2ti8FFdU,座椅工程师,重庆引瑞汽车,20-99人,汽车研发/制造,本科,1-3年,座椅,6-11K·13薪,重庆,,2026-05-31 12:09:50
55636f1d72709af70nB53dW9GFFY,品质工程师,熠美实业,500-999人,汽车零部件,本科,3-5年,供应商质量工程师,5-8K,重庆,,2026-05-31 12:09:50
ff7f4d3c69c836ec0nB-2Nq0FFFX,评测工程师,菲利信,1000-9999人,大数据,本科,1年以内,,7-9K,重庆,,2026-05-31 12:09:50
e4372fcd9131bbc21HJ_3dm4EVdV,标定工程师,爱思盟,20-99人,互联网,本科,3-5年,"车辆工程专业, 机械相关专业, 汽车设计专业",7-12K,重庆,,2026-05-31 12:09:50
61a0a360da5c55730nB_2dW8F1VY,电气工程师,万氪睿速,20-99人,计算机软件,大专,5-10年,,9-13K,重庆,,2026-05-31 12:10:11
04ff2d16d5069d590nd83t29FlpZ,电器工程师,小刀,1000-9999人,其他新能源,学历不限,经验不限,,10-15K,重庆,,2026-05-31 12:10:11
eab6b3fbf14bd8761HV42t25ElNZ,夹具工程师,富帆机电,20-99人,专用设备,大专,3-5年,"UG, AutoCAD, 需要出差, 有夹具工程师经验, 机加工夹具经验, 机械加工制造经验, 汽车经验",8-13K,重庆,,2026-05-31 12:10:11
c21ed45ded995dda0ndy2tq-FVZX,产品工程师,某大型汽车零部件公司,100-499人,汽车零部件,大专,3-5年,,15-25K,重庆,,2026-05-31 12:10:11
a1f821fe3e08e10a0nd-2tS8FFNS,硬件工程师,某智能硬件公司,20-99人,智能硬件,本科,1-3年,,20-25K·15薪,重庆,,2026-05-31 12:10:11
cba431c145de1a400nV_29q9FFpQ,夹具工程师,秋悦科技,20-99人,原材料及加工/模具,大专,1-3年,"有夹具工程师经验, 组装夹具经验, UG, 不需要出差",5-7K,重庆,,2026-05-31 12:10:32
e4aaf869484ff96b0nB709m8GFVU,注塑工程师,广正新能源有限公司,20-99人,家具/家电/家居,高中,3-5年,注塑机调试,5-6K,重庆,,2026-05-31 12:10:32
a2ef9e8fc2cf977403x709W9ElNZ,机电工程师,重庆莱新汇商贸,20-99人,机电工程,本科,5-10年,,9-10K,重庆,,2026-05-31 12:10:32
51632a98bd4d743203172tq-ElJY,技术工程师,道普威控制索有限公司,100-499人,汽车零部件,大专,1-3年,,6-7K,重庆,,2026-05-31 12:10:32
168f6d78350686c90ndy3tu0GVFZ,采购工程师,本乐科技,20-99人,农/林/牧/渔,大专,3-5年,"国内采购, 国外采购, 机械制造品, 计算机硬件, 原材料, 成品/样品, 零配件, 电子采购，机械设备采购等",5-6K,重庆,,2026-05-31 12:10:32
8de8c3433f8c6f3603N639W_GFdW,设备工程师,某大型电子/半导体/集成电路公司,1000-9999人,电子/半导体/集成电路,本科,3-5年,"接受无设备管理经验, 五险一金, 包吃住, 半导体, 测试, 封装, 检测",20-24K,重庆,,2026-05-31 12:10:32
22c9f5610df944e9031y2Ny7FFNT,注塑工程师,科泰,100-499人,汽车零部件,学历不限,3-5年,,9-10K,重庆,,2026-05-31 12:10:53
57098fa14cfcccac1XB92tW1GFNW,机械工程师,创沃机械,0-20人,机械设备/机电/重工,大专,1-3年,"CATIA, 技术改造与调整, 机械工程专业, AutoCAD, 图纸设计, 重型机械, 综合性工程师, 熟悉各类材料性质, 钢结构, 自动化机械经验, UG, 设计建模, 非标设计经验, 整机设计经验, 熟悉各类加工工艺, SolidWorks, 重型机械经验, 有机械工程师经验, Pro/E, 设计工程师",7-12K,重庆,,2026-05-31 12:10:53
ad7d2ad290e893ce03182t64ElVT,项目工程师,鑫煜科技,1000-9999人,金属制品,本科,5-10年,"团队管理经验, 信息系统项目管理师, 企业内部技术项目管理, ERP项目管理经验",11-18K,重庆,,2026-05-31 12:10:53
ac26a0c46f918ed80nB-2dq6EFpT,实施工程师,重庆回形针信息技术,20-99人,大数据,大专,1-3年,,5-10K,重庆,,2026-05-31 12:10:53
0538224be53a689d1HN52Ni5FVRT,线束工程师,甘肃沪佑正通电气系统,100-499人,汽车零部件,大专,1-3年,"CATIA, 电气相关专业, AutoCAD, 工艺工程师, 低压线束, 制造工程师, 熟悉TS16949标准, 设计工程师",10-11K,重庆,,2026-05-31 12:10:53
3f07f563aa3ee2490nB43du7EFpV,机电工程师,爱锐捷,20-99人,人工智能,本科,1-3年,,6-10K,重庆,,2026-05-31 12:10:53
545d79be70a60f8a0nB63dm8GVJQ,专利工程师,宽象运营中心,20-99人,检测/认证/知识产权,大专,1-3年,"涉外事务, 专利代理人, 国内事务, 无销售性质",8-13K,重庆,,2026-05-31 12:10:53
9ea359cae7091ce41H182tW1FldU,销售工程师,创锐,0-20人,企业服务,大专,经验不限,"环保, 市场信息搜集与分析, 市场拓展能力, 工业设备销售经验, 客户开发与维护, 对机构 (To B) 销售经验, 仪器仪表/工业自动化, 电气相关学历, 项目跟踪",4-8K,重庆,,2026-05-31 12:11:14
2ea315459111b63a03R439q4EFtR,运维工程师,重庆鼎威建筑安装工程,20-99人,工程施工,大专,,"网络运维, 计算机相关专业",150-200元/天,重庆,,2026-05-31 12:11:14
eadef4acc0e76b9503N52dq_FVFU,销售工程师,深圳尚为照明,1000-9999人,企业服务,本科,1-3年,"工业设备销售经验, 制定产品/服务方案, 客户开发与维护, 对机构 (To B) 销售经验, 仪器仪表/工业自动化, 项目跟踪",4-9K,重庆,,2026-05-31 12:11:14
56b4b6612668a9950nB43d2_ElRQ,结构工程师,吉鸥电子,100-499人,其他制造业,本科,1-3年,"CATIA, 汽车车身及配件经验, UG, SolidWorks, 汽车经验, 有机械结构工程师经验",7-10K,重庆,,2026-05-31 12:11:14
035a85ea355768140nB40ti0FFpV,工艺工程师,联合光科,100-499人,仪器仪表,本科,经验不限,"机械加工制造经验, 半导体经验, 不需要出差, 专用机械经验, CNC数控设备经验",5-7K·13薪,重庆,,2026-05-31 12:11:14
db6b0be39efd214b03Fz2dW0FFpS,光学工程师,必虎嘉骁,100-499人,仪器仪表,本科,3-5年,"激光, 测距",10-15K,重庆,,2026-05-31 12:11:14
af1fa5c88854d5300ndz2Ny8ElVU,逆向工程师,重庆光子易网络科技,0-20人,互联网,本科,5-10年,"安全体系架构和研发, 安全运维和保障, Python, Java, PHP, MySQL, 计算机/信息安全相关专业, 安全架构搭建经验, 攻防对抗经验",6-10K,重庆,,2026-05-31 12:11:14
abe52f4bfd7eba371Hd_3tS0GVFY,机电工程师,重庆渝智新自动化设备,0-20人,仪器仪表/工业自动化,大专,经验不限,"电气安装, 机电相关专业, 熟悉PLC编程, 设备维修/保养",5-6K,重庆,,2026-05-31 12:11:36
c80b1d9d01aa8e7a0nB53NS-EFNU,质量工程师,德美医疗,100-499人,医疗健康,大专,3-5年,"有质量管理经验, 不需要出差, 制药/医疗经验, 机械加工制造经验, 医疗器械经验, 内审员资格证, GMP经验",5-6K,重庆,,2026-05-31 12:11:36
d3fb91acfe4ccf350nd829m1E1JR,工艺工程师,唯可鲜,500-999人,食品/饮料/烟酒,本科,1-3年,,9-12K·13薪,重庆,,2026-05-31 12:11:36
065eaa41ca421fe00nB529u-EFpW,硬件工程师,泓宝科技,100-499人,计算机软件,本科,3-5年,,8-13K,重庆,,2026-05-31 12:11:36
c943f395c2c9379e03Z509u8GFVZ,结构工程师,重庆铁卫医疗科技,0-20人,机械设备/机电/重工,大专,1-3年,"CATIA, UG, 家电设备经验, 机电设备经验, 汽车经验, 有机械结构工程师经验, Pro/E",8-12K·13薪,重庆,,2026-05-31 12:11:36
dedd7f2049f3130103x839u0F1VY,机械工程师,葳耀科技,0-20人,自动化设备,中专/中技,3-5年,"自动化机械经验, AutoCAD, 非标设计经验, SolidWorks, 有机械工程师经验",10-15K,重庆,,2026-05-31 12:11:36
3bf2961029af76d70nRz09W4ElNW,运维工程师,硕河,20-99人,大数据,本科,1-3年,,6-11K,重庆,,2026-05-31 12:11:58
f996ac1af3a4546c0nd42tu_EFtR,产品工程师,柳州溯联,100-499人,汽车零部件,本科,经验不限,,4-5K,重庆,,2026-05-31 12:11:58
b1212a0642beca7f0nV43Nu9E1tT,总工程师,山东齐创重庆分公司,0-20人,化工,本科,10年以上,"石油化工, 工艺设计, 化工工程师证, 中级职称及以上, 化学专业, 注册化工工程师",15-20K,重庆,,2026-05-31 12:11:58
3928e740ed79fe811HB62dy_EVdQ,环评工程师,宏铭安全,0-20人,其他专业服务,大专,5-10年,环评工程师,10-11K,重庆,,2026-05-31 12:11:58
eb27f952f3927c6203J60ty0FlZU,ue工程师,重庆惟弈科技,0-20人,计算机软件,本科,,"UE4开发经验, UE4, 计算机/软件工程相关专业",120-150元/天,重庆,,2026-05-31 12:12:19
4e870c56370353b00nd62t27ElBS,算法工程师,盛海科技,100-499人,计算机软件,硕士,经验不限,,8-12K·13薪,重庆,,2026-05-31 12:12:19
fa565cb1f402db560nV53tq1EVpY,机械工程师,方长科技,20-99人,金属制品,大专,3-5年,"UG, 自动化机械经验, 非标设计经验, SolidWorks, 有机械工程师经验, Pro/E",8-10K·13薪,重庆,,2026-05-31 12:12:19
cb7ed777852ab68a0nZ6092-FlZW,实施工程师,重庆捷旭智融科技,0-20人,医疗健康,本科,,,100-150元/天,重庆,,2026-05-31 12:12:19
047582f0b709b2cf0HNy292_E1E~,运维工程师,重庆昊硕科技有限...,0-20人,仪器仪表/工业自动化,中专/中技,3-5年,"自动化运维, 项目实施, 解决方案, 物联网",7-8K,重庆,,2026-05-31 12:12:19
392777bbebe3510f3nV43dS_EFc~,运维工程师,恒帆网络科技,0-20人,通信/网络设备,大专,1-3年,"网络运维, 运维工程师, 运维监控, 系统管理员",3-4K,重庆,,2026-05-31 12:12:19
9f1a7a9b1c35795f0nZ-29u5FlRV,质量工程师,重庆志成机械有限公司,1000-9999人,汽车零部件,本科,5-10年,"客户质量工程师, 汽摩零配件, 制程质量工程师",8-13K,重庆,,2026-05-31 12:16:26
046d9b7282f4bdf30nd60tu4GFJV,初级工程师,宸芃勘测,0-20人,其他专业服务,大专,3-5年,"有测绘/测量经验, 3-5年测绘/测量经验, RTK, 全站仪, 水准仪, 无人机, AutoCAD, ArcGIS, CASS, MapGIS, 注册测绘师, 初级测绘工程师职称, 中高级测绘工程师职称, 驾驶证, 外业测量, 内业数据处理/绘图, 需要出差/驻场, 工程测量经验, 地形测量经验, 房建工程测量经验, 水利工程测量经验, 电力工程测量经验, 管线工程测量经验, 其他",4-7K,重庆,,2026-05-31 12:17:08
3c062742aa35d56703d629u-FlVR,光电工程师,紫光伟业,0-20人,仪器仪表/工业自动化,大专,在校/应届,,4-8K,重庆,,2026-05-31 12:17:08
d8f12bd3bb54c2f91XB42Nu9FFtS,销售工程师,首飞泵业,500-999人,通用设备,大专,1-3年,"市场信息搜集与分析, 工业设备销售经验, 市场营销相关学历, 技术转销售, 商务谈判能力, 客户开发与维护, 机械设备/机电/重工, 机械相关学历",5-10K,重庆,,2026-05-31 12:17:08
a643b0d1e88cc1d50nB-3927GVNZ,评测工程师,菲利信,1000-9999人,大数据,本科,经验不限,,7-10K,重庆,,2026-05-31 12:17:50
4ceb1cc9ee9dd3130nd92tW4FVFS,机械工程师,甲明智能,0-20人,通用设备,本科,5-10年,"自动化机械经验, UG, AutoCAD, 非标设计经验, 可兼职, 有机械工程师经验",8-13K·18薪,重庆,,2026-05-31 12:18:11
28c48df7b5d1195b03x93N-9EFZQ,算法工程师,华为,10000人以上,计算机软件,本科,经验不限,"深度学习, 机器学习, 大模型算法, 图像算法, 规控算法, C/C++, Python, Java, 嵌入式开发",15-30K,重庆,,2026-05-31 12:18:11
284f61f968d5816a0nB439-1GVVW,成本工程师,易繁设计,20-99人,装修装饰,大专,1-3年,,7-8K,重庆,,2026-05-31 12:18:31
301d2cffa286b9b80nZ53dW6EldU,机电工程师,重庆特璞,20-99人,电子商务,大专,3-5年,"电气安装, 机电相关专业, 擅长AutoCAD, 熟悉PLC编程, 设备维修/保养, 擅长SolidWorks, 电气工程师, 机电工程师, 机械设计, 电工, 编程员",8-13K,重庆,,2026-05-31 12:18:51
15fba42ad3b90fac03183N-8FVJS,硬件工程师,赛力斯汽车,1000-9999人,汽车研发/制造,本科,3-5年,"汽车硬件产品, 电池/电源类产品",14-28K,重庆,,2026-05-31 12:19:10
8490a5b33daf7e880nZ73N-6GFdY,资深运维开发工程师,重庆新枢科技有限公司,100-499人,计算机服务,本科,3-5年,"计算机相关专业, Kubernetes",15-25K·13薪,重庆,,2026-05-31 12:19:32
c1759652771974121HNz0tS_F1ZU,算法工程师,重庆日联,100-499人,通用设备,本科,5-10年,"C/C++, 图像开发, 图像算法, 大模型算法, 算法工程化经验, 图像增强, 图像识别",11-20K,重庆,,2026-05-31 12:19:32
dc207237070d078c0ndy39-6GVVZ,运维工程师,重庆佳蓝科技有限公司,20-99人,回收/维修,学历不限,1-3年,,4-8K,重庆,,2026-05-31 12:19:32
660f81a735b607e10ndy39-8EFZY,运维工程师,重庆尼奥张量科技,20-99人,人工智能,本科,3-5年,"Java, 实施交付运维, Ansible/Salt/Puppet, Docker, 运维开发经验, Python/Shell, 计算机相关专业, 网络安全相关经验, 电子/电气/自动化相关专业, 运维经验, Kubernetes",6-9K,重庆,,2026-05-31 12:19:32
e07ad6f1e2aba03d1HF809y5E1NY,驻场it运维工程师,博讯科技,20-99人,计算机软件,大专,1-3年,"网络运维, 通信相关专业, 桌面运维, 计算机相关专业, 运维经验, IDC机房运维",4-7K,重庆,,2026-05-31 12:19:32
d5c7df1fc51557ed0nR93du9GFZU,匿名公司招聘仿真工程师,重庆某大型汽车研发/制造上市公司,10000人以上,汽车研发/制造,大专,3-5年,"汽车CAE, 汽车CFD, 能量仿真, 流体仿真",21-25K,重庆,,2026-05-31 12:24:37
9cca3085859aa6be0nZz3Nm7EFVQ,齿轮工程师,重庆尚平机械有限公司,100-499人,机械设备/机电/重工,高中,3-5年,,9-12K·13薪,重庆,,2026-05-31 12:24:37
1c61547fc2f16e6b0nd52t-5FVZU,Framework工程师,三三,100-499人,仪器仪表,本科,3-5年,,12-20K,重庆,,2026-05-31 12:24:37
95ab1f94495d3f7b0nZ629u1F1JW,仿真工程师,重庆睿恒自动化设备,0-20人,汽车研发/制造,大专,3-5年,"仿真, 焊接, 白车身, 点焊, 弧焊, pdps, 搬运",8-13K,重庆,,2026-05-31 12:24:37
38f3b44ad7ed24bd03R42t66EVtU,技术工程师,重庆东轻铝合金锻造,20-99人,金属制品,大专,经验不限,"金属材料经验, 金属材料相关专业, 其他, 数控技术专业, 压力加工",5-10K,重庆,,2026-05-31 12:24:37
2853caf8d88e60b2031y2t66FlRR,电气工程师,重庆哲源凯电力科技,0-20人,电力/热力/燃气/水利,学历不限,经验不限,,8-12K,重庆,,2026-05-31 12:24:37
b6d7cceead674b600nB_2N-4F1RS,幕墙工程师,重庆渝茗宇劳务,0-20人,装修装饰,大专,经验不限,"玻璃肋, 门窗设计/施工经验, 方案设计, AutoCAD, 玻璃, 铝横梁, 了解智能型幕墙, 钢结构, 验收评定, 了解行业规范标准, 石材, 喜欢莽泥，不自我卷，，, 招/投标管理, 金属, 图纸绘制/审核, 施工下料",3-8K,重庆,,2026-05-31 12:24:59
ca7f271e5062dafd03d-3t25ElJX,质量工程师,江西天健龙维汽车部件,20-99人,汽车零部件,大专,3-5年,"客户质量工程师, 供应商质量工程师, 设计/研发质量工程师, 制程质量工程师",8-10K,重庆,,2026-05-31 12:24:59
d1d18cf2095dcac20nd-09u0F1VV,齿轮工程师,重庆秋域机械有限公司,20-99人,原材料及加工/模具,本科,5-10年,"接受无机械工程师经验, SolidWorks, AutoCAD, 齿轮厂, 变速器",9-12K,重庆,,2026-05-31 12:24:59
eb5c5d5bb481c3ff1HN929-0EFpV,项目工程师,重庆至信实业,1000-9999人,汽车零部件,大专,3-5年,适应出差,8-13K,重庆,,2026-05-31 12:25:21
38117326340daabb0nB50tu9FVNZ,项目工程师,精智实业,500-999人,其他行业,本科,5-10年,,12-15K·14薪,重庆,,2026-05-31 12:25:21
b6ec5c87b45e13190nd80tW8EFpQ,全栈工程师,云维先科技,20-99人,计算机软件,大专,5-10年,"TypeScript, Java, JavaScript, Vue, 全栈侧重前端, Node.js, 计算机相关专业, React, Python, 全栈项目经验",7-12K,重庆,,2026-05-31 12:25:42
54ce7529e74fc2b70nV73t--E1NY,品质工程师,重庆市铜兴科技,100-499人,金属制品,高中,3-5年,,7-10K,重庆,,2026-05-31 12:25:42
24e439946a7044c40nB_39m0EFpY,视觉工程师,荟至信息,100-499人,人工智能,本科,1-3年,"深度学习, 机器学习, 强化学习, 图像算法, 多模态算法, 模型加速/性能优化, C/C++, Python, Java, 大数据处理框架(Spark/Hadoop/Hive), 分布式训练",5-7K,重庆,,2026-05-31 12:25:42
b2ed74559eb9ab65031-0tW1GFpU,质量工程师,新乡某大型汽车零部件公司,1000-9999人,汽车零部件,本科,经验不限,"有质量管理经验, 不需要出差, 汽车经验, 机械加工制造经验",15-25K·15薪,重庆,,2026-05-31 12:25:42
cee67f44ca2905fc0nZ72tS5EVFX,全栈工程师,一起住好房,100-499人,互联网,本科,,"Java, CSS, 后端开发经验, 全栈侧重后端, Vue, 全栈侧重前端, HTML, 计算机相关专业, 前端开发经验, 全栈项目经验, TypeScript, C/C++, JavaScript, PHP, .NET, 全栈无侧重, Python",200-250元/天,重庆,,2026-05-31 12:26:02
1a76211acf55304f0ndy0t6_ElJR,设备工程师,某知名动力电池公司,1000-9999人,动力电池,本科,3-5年,,20-21K,重庆,,2026-05-31 12:26:02
5d8ad52f353bace50ndz3ty1EVNX,质量工程师,重庆丰海坤翔,500-999人,橡胶/塑料制品,大专,5-10年,"有质量管理经验, 需要出差, 机械加工制造经验, IATF 16949经验, CQE经验（客户）, 8D报告经验, QC七大手法, 内审员资格证",7-10K,重庆,,2026-05-31 12:26:02
057667ed3d9ebd9a03Vy2dW_EVBU,环保工程师,重庆科恒机电,0-20人,电子/硬件开发,大专,1-3年,"环保废气治理技术, 废气处理设计经验, 不需长期出差, 有环保工程师经验, 可兼职",8-9K,重庆,,2026-05-31 12:26:24
f39b85ea147fcd773nRz2N-0E1o~,重庆佳鑫精密模具...招聘模具工,重庆佳鑫精密模具...,20-99人,原材料及加工/模具,高中,3-5年,"模具工, 技工学徒, 塑胶模具设计, DFM, 模具钳工, 包吃包住, 五险",5-8K,重庆,,2026-05-31 12:26:24
768f56179ce81c630nB-2NS1F1NQ,暖通工程师,海辰储能,1000-9999人,储能,本科,1-3年,,12-18K,重庆,,2026-05-31 12:26:24
10ec0273a8bdecc60nd90tq7EFZR,软件工程师,稀宠文化创意有限公司,20-99人,文化艺术/娱乐,本科,1-3年,,12-20K,重庆,,2026-05-31 12:26:24
501d84d66c961bf9031-2N-5GFpZ,质量工程师,重庆蕴纳机械制造,20-99人,其他制造业,大专,3-5年,,6-9K,重庆,,2026-05-31 12:26:45
a4313d72e31c95743nV93tu5EVQ~,运维工程师,心和通信,0-20人,通信/网络设备,中专/中技,1-3年,"运维工程师, 机房运维",3-6K,重庆,,2026-05-31 12:26:45
7f4cb626f149fb8e03V-39u1FlVT,机械工程师,重庆松吉汇智能设备,0-20人,机械设备/机电/重工,大专,3-5年,"有机械工程师经验, 机电设备经验, 自动化机械经验, 重型机械经验, 非标设计经验, 整机设计经验, SolidWorks, AutoCAD, UG",8-12K,重庆,,2026-05-31 12:27:07
fe19d7bbe21c75b51HF62N61FltT,软件工程师,某知名汽车零部件公司,1000-9999人,汽车零部件,本科,5-10年,"汽车, 软件",20-30K·15薪,重庆,,2026-05-31 12:27:27
beea18563c20157c1Xd83dy-F1ZY,模具工程师,渝江压铸,1000-9999人,汽车零部件,大专,1-3年,"有模具工程师经验, 铸造经验, AutoCAD, UG, 压铸模具, 压铸模具工程师",7-10K,重庆,,2026-05-31 12:27:27
d2c2a73f89a689bb0nF72dm1GVQ~,运维工程师,阿拉星月,0-20人,新能源,大专,3-5年,技术型销售,5-10K,重庆,,2026-05-31 12:27:49
4c095e08333c35be0nd_2tm7FVpQ,质量工程师,联合光科,100-499人,仪器仪表,本科,1-3年,,6-9K·13薪,重庆,,2026-05-31 12:27:49
01df7bf6e3629a8c03Z839q9ElZR,运维工程师,重庆威尔德科技,0-20人,信息安全,中专/中技,1-3年,,4-9K,重庆,,2026-05-31 12:27:49
6a654a23285da5600nB_2Ny5FltR,销售工程师,烟台杞杨机械有限公司,20-99人,通用设备,大专,3-5年,"市场信息搜集与分析, 市场拓展能力, 售前/售后技术支持, 工业设备销售经验, 制定产品/服务方案, 商务谈判能力, 客户开发与维护, 机械设备/机电/重工, 机械相关学历, 项目跟踪",6-11K,重庆,,2026-05-31 12:32:57
894c4c6c1c4b5efa0ndy2tq0FFVX,骨架工程师,重庆某大型汽车零部件公司,1000-9999人,汽车零部件,学历不限,5-10年,,15-30K,重庆,,2026-05-31 12:32:57
8df13fadd10573631XR42du6E1RW,CAE工程师,天奕大承科技,100-499人,汽车研发/制造,本科,1-3年,"CAE工程师, Hypermesh, Abaqus",6-7K,重庆,,2026-05-31 12:32:57
009dc937ac1128440nd839-5FFRZ,ai工程师,国讯电子,500-999人,计算机/通信/其他电子设备,中专/中技,3-5年,,7-9K,重庆,,2026-05-31 12:32:57
73b14f97e1143a8d0nd93Nu7EVBR,机床电气工程师,重庆风擎精密科技,20-99人,金属制品,本科,5-10年,"PLC工程师, 电气工程师证",12-14K,重庆,,2026-05-31 12:32:57
cb476ace0cc47c590nB-39-_FlBS,sqe工程师,重庆秋域机械有限公司,20-99人,原材料及加工/模具,大专,1-3年,IATF16949,8-13K,重庆,,2026-05-31 12:32:57
c0cf802bfa9cba320nB-0tq6ElFQ,高级webrtc工程师,天地栅格,20-99人,通信/网络设备,本科,3-5年,"音视频开发经验, 流媒体开发经验, 音视频编解码, 流媒体传输协议, WebRTC, WebGL, 音视频/流媒体开发, 可兼职",10-12K,重庆,,2026-05-31 12:32:57
6d65cb42288c46de03d809--GVJU,光刻工艺工程师,玻芯成(重庆)半导体,20-99人,半导体/芯片,本科,3-5年,"半导体经验, 芯片/半导体经验, 电路板/集成电路经验, 五金经验, 有色金属经验, 玻璃经验, 高分子材料经验, 冶炼工艺经验, 成型工艺经验, 表面处理工艺经验, 连接/切割工艺经验, 装配/总装经验, SMT经验, 电镀经验, 抛光经验, 蚀刻经验, PVD经验, 焊接经验, 激光焊经验, 粘接经验, 激光切割经验, 电火花切割经验, AutoCAD, Keyshot, UG, SolidWorks, 试产工程师（NPI）经验, 量产工程师（PE）经验, 现场工程师（ME）经验, 不需要出差",9-14K·13薪,重庆,,2026-05-31 12:32:57
a32d54d5b018729103R4092_EVBS,冲压工程师,文冰工贸,100-499人,其他制造业,大专,3-5年,"UG, 机械工程专业, 冲压, 液压, AutoCAD, 模具, 五金钣金件",8-9K,重庆,,2026-05-31 12:33:17
9d750234de2b25c51n1_3Nm7ElpR,质量工程师,恒伟林,1000-9999人,企业服务,大专,3-5年,"APQP, FMEA, 供应商质量工程师, SPC, PPAP, MSA, 汽车质量管理体系标准",8-10K,重庆,,2026-05-31 12:33:17
03b4b43ca76b37820nB-39y7F1RZ,评测工程师,宜宾菲利信数字科技,500-999人,大数据,本科,经验不限,,7-9K,重庆,,2026-05-31 12:33:17
3bb1f557c1f7a1c203Vy39i9F1BS,测量测绘工程师,中营勘察,0-20人,矿产/地质,本科,5-10年,"工程测量/测绘, 工程测量员, 工程师职称, 有测绘/测量经验, 注册测绘师",8-10K,重庆,,2026-05-31 12:33:17
690c71a8af424d3c0nd909q_GVRR,策略采购工程师,某大型汽车研发/制造公司,10000人以上,汽车研发/制造,本科,3-5年,,24-25K,重庆,,2026-05-31 12:33:17
813df54009a57fff1H183d64FlFX,弱电工程师,朝闻教育,0-20人,培训/辅导机构,本科,10年以上,"图纸绘制/审核, 安装施工, 验收评定, 公共建筑, 商业综合体, 停车管理系统, 安防系统, 机房工程, 综合布线系统, 计算机网络系统, 负责驻场, AutoCAD, 广联达, 工程师职称, 电工证, 高级工程师",6-9K,重庆,,2026-05-31 12:33:37
b2d03105ffcf83c40ndz096-E1ZQ,质量工程师,鑫翔诚,20-99人,原材料及加工/模具,大专,5-10年,"有质量管理经验, 汽车经验, 机械加工制造经验, ISO9001经验, IATF 16949经验, SQE经验（供应商）, CQE经验（客户）, PQE经验（制程）, 8D报告经验, QC七大手法, 不需要出差",8-10K·13薪,重庆,,2026-05-31 12:33:37
cfd07d39f985751c03Jy2N25FVdU,标定工程师,臻驱科技,500-999人,新能源汽车,本科,1-3年,,10-15K·15薪,重庆,,2026-05-31 12:33:37
d7e2675c87706eb80nB-0t61EVFW,软件工程师,欧陆,20-99人,通用设备,本科,3-5年,,15-17K,重庆,,2026-05-31 12:33:37
dbfad3cf4294a8bc1Xd_3NS6FFRT,电机开发工程师,爱华机电,500-999人,机械设备/机电/重工,大专,3-5年,摩托车起动电机,8-10K,重庆,,2026-05-31 12:33:37
f52a7b87db32a04603d63dy9E1VR,光学工程师,奥方,100-499人,汽车零部件,大专,3-5年,,10-15K,重庆,,2026-05-31 12:33:37
fa15e4295592528a0nd62du_EVdR,AI工程师,深圳市璀璨精选科技,100-499人,服装/纺织,本科,经验不限,,6-10K,重庆,,2026-05-31 12:33:37
99ad813bf7511aad0nB43t-5EVVW,PA工程师,北京元富,100-499人,半导体/芯片,大专,3-5年,,8-10K,重庆,,2026-05-31 12:33:37
60d9048e5601387e03R83Nu6FlVU,汽车总线工程师,深圳叡扬声学设计研发,100-499人,金属制品,本科,5-10年,"线控, 线束, 汽车相关专业, 机械相关专业, 汽车总线开发经验, CAN 诊断, CAN FD",10-15K·13薪,重庆,,2026-05-31 12:33:57
8f0cc45b84e9a7780nB509y0GFZS,高级前端工程师,定义未来,20-99人,计算机软件,大专,5-10年,"ECharts, CSS, 不接受居家办公, JavaScript, Vue, Webpack, 前端开发经验, 架构师经验, 有app开发经验优先, 会混合开发",8000-10000元/月,重庆,,2026-05-31 12:33:57
73db5fcb477aec8a1HJ70tm1E1VR,网络工程师,神州新创,0-20人,互联网,大专,5-10年,"CCNA/CCNP, 通信相关专业, CCIE, 网络架构设计, 有网络工程师经验, 网络运维经验, 大型网络实施, 计算机相关专业, 3到5年网络工程师经验, 网络安全相关经验, CCIE/HCIE等, 通信/工程相关专业, 不需要出差, HCIE, 运营商, 大型网络运维",10-15K,重庆,,2026-05-31 12:33:57
081b415e44d88b9d0nB-2Nm1F1FY,电力工程师,柒佰伍新能源,0-20人,光伏,中专/中技,5-10年,"高压电工, 光伏",6-8K,重庆,,2026-05-31 12:33:57
ed5782bcb1b9c0951HB93dS1GVNS,台架机电工程师,深圳一诺维新科技,0-20人,仪器仪表/工业自动化,大专,1-3年,电机拖动,10-15K,重庆,,2026-05-31 12:33:57
b247643a875e8be61HN53Ny0FFBT,电子助理工程师,星杰电器,20-99人,原材料及加工/模具,本科,3-5年,"电子工艺工程师, Altium Designer, 万用表, 信号发生器, 示波器, 烙铁",6-10K,重庆,,2026-05-31 12:33:57
d9f892f375f89ad71HR60t20F1JZ,硬件工程师,重庆宝图,20-99人,计算机软件,本科,经验不限,"芯片/半导体/集成电路, 通信相关专业, 电子电气/自动化相关专业, 智能硬件/可穿戴设备, Mems, 硬件开发经验, 传感器",12-24K,重庆,,2026-05-31 12:33:57
1746bc121cbea3891HZ53Nu_ElNW,销售工程师,奥百诺生物,0-20人,其他专业服务,本科,1-3年,"市场拓展能力, 商务谈判能力, 生物科学类, 客户开发与维护, 业务创新能力, 生物医药, 项目跟踪",7-12K,重庆,,2026-05-31 12:33:57
5c194223c38a3e6a0nV93Ni_FFNT,焊接工程师,宏文机械,1000-9999人,其他制造业,大专,3-5年,"机器人, 自动化, 工艺设计, 焊接作业, 电弧焊",8-12K,重庆,,2026-05-31 12:34:17
f9abe59949eeb33d0ndz3ti9F1JY,电器工程师,小刀,1000-9999人,其他新能源,学历不限,经验不限,"电动车, UG, 电摩, 电器",15-20K,重庆,,2026-05-31 12:34:17
b0b73fa0366b02460ndy0tS1FldX,bim工程师,重庆东渝麟科技,0-20人,电子/硬件开发,大专,3-5年,,7-8K,重庆,,2026-05-31 12:34:17
159fcc259d69384b1HF73tq4EFVW,机械工程师,双胜自动化,20-99人,自动化设备,学历不限,1-3年,"有机械工程师经验, 自动化机械经验, 机电设备经验, 非标设计经验",6-11K·13薪,重庆,,2026-05-31 12:34:17
fdf6aeb0dbba6b7a1HVz0967EVFX,PHP高级工程师,东郊到家健康管理,100-499人,生活服务(O2O),大专,5-10年,"PHP, PHP开发经验",10-15K·13薪,重庆,,2026-05-31 12:34:17
33aab8aab46de1dd0ndz3NW5FFZU,AI部署工程师,未来智选,100-499人,进出口贸易,本科,经验不限,,8-12K,重庆,,2026-05-31 12:34:17
f14c1b9c14a3f4bf0ndz29q5ElBV,IT工程师,重庆庆兰实业有限公司,1000-9999人,汽车零部件,本科,3-5年,,6-9K·13薪,重庆,,2026-05-31 12:34:17
667fd5edaf39d5301HZ50t-9FFdT,ai算法工程师,重庆教娱科技有限公司,20-99人,互联网,本科,10年以上,"大模型算法, 自然语言处理算法, 多模态算法, 算法工程化经验, Python",13-20K,重庆,,2026-05-31 12:34:38
7068db70ab53f11d0nZz2di6F1BY,电气工程师,梯度电气,20-99人,计算机软件,本科,3-5年,,12-17K,重庆,,2026-05-31 12:34:38
9b5ef9cf9bd901581nVz2NS7FlBW,运维工程师,能荣,0-20人,机械设备/机电/重工,中专/中技,经验不限,"机房运维, 安全运维",1-5K,重庆,,2026-05-31 12:34:38
ae7787d696b8d5ae0nd83d64EFJQ,光学工程师,重庆某大型汽车零部件上市公司,1000-9999人,汽车零部件,本科,3-5年,"车灯, CATIA, Speos, Lucidshape, 光学设计",20-25K·14薪,重庆,,2026-05-31 12:34:38
6aa4588da5f970020nB-3tu1GVFV,软件工程师,重庆锐刻新科技,0-20人,专用设备,大专,在校/应届,"C++, 团队管理经验",3-4K,重庆,,2026-05-31 12:34:38
4f085ac1486c92430nd-2tS_F1NT,技术工程师,重庆众标科技有限公司,20-99人,其他制造业,本科,3-5年,"CATIA, UG, 汽车, AutoCAD, 有模具工程师经验, 其他",6-10K,重庆,,2026-05-31 12:34:38
ba4f92550825f06d0nd43N28FVtS,FAE工程师,七腾机器人有限公司,1000-9999人,智能硬件,本科,5-10年,,10-15K,重庆,,2026-05-31 12:34:38
af3f9b2111a36d070nd43Nm7FVVY,物流规划工程师,长沙某大型通用设备上市公司,10000人以上,通用设备,本科,3-5年,,14-28K,重庆,,2026-05-31 12:34:38
f00b7253ebe710e51HV60ti8F1JV,自动化工程师,上控科技,0-20人,其他生活服务,本科,3-5年,"PLC编程, 电子电气/自动化相关专业, 自动化开发经验",8-13K·15薪,重庆,,2026-05-31 12:34:58
48098390eec7373c0nB-09q_FlZY,粉丝运营工程师,斐德,100-499人,通信/网络设备,本科,3-5年,"图文设计, 社群运营",7-8K,重庆,,2026-05-31 12:34:58
e54da5665ac79fc40nB42N65FVRT,驻厂工程师,英得尔,1000-9999人,汽车零部件,大专,5-10年,"有质量管理经验, 需要出差, 汽车经验, IATF 16949经验, CQE经验（客户）, 团队管理经验, 8D报告经验, 项目管理经验",8-12K,重庆,,2026-05-31 12:34:58
e6e84c076c522a460nR62dm_FlJR,全栈工程师,细水资管,20-99人,证券/期货,本科,5-10年,,12-20K·13薪,重庆,,2026-05-31 12:34:58
184e9a4a9ede62171nJ73dW-F1NT,机械工程师,宽豆科技,20-99人,自动化设备,本科,3-5年,"团队管理经验, 自动化机械经验, AutoCAD, 非标设计经验, 整机设计经验, 机电设备经验, SolidWorks, 有机械工程师经验, 机械设计",12-20K,重庆,,2026-05-31 12:34:58
e71bfe66a329d7781HR92tS6EVpX,机械工程师,上海佳溢,20-99人,专用设备,大专,1-3年,,7-12K·13薪,重庆,,2026-05-31 12:35:19
f5cc94ef21293d3b0nB_2tW0ElRZ,java工程师,传音通讯技术,1000-9999人,通信/网络设备,本科,5-10年,,15-20K,重庆,,2026-05-31 12:35:19
5bcfb7b880f213790nB-09W5EFBW,助理工程师,唯可鲜,500-999人,食品/饮料/烟酒,本科,1-3年,饮料,5-6K,重庆,,2026-05-31 12:35:19
1e9a54bc5144b89f0nd63Ny_FlJQ,软件工程师,初道,20-99人,计算机服务,本科,经验不限,,15-25K·15薪,重庆,,2026-05-31 12:35:19
878f2dfa6f76b54703dz2dm_EFtQ,模具设计工程师,帜扬汽配,100-499人,汽车研发/制造,大专,3-5年,"UG, 汽车, AutoCAD, 有模具工程师经验, 冲压经验, 钣金经验",8-13K,重庆,,2026-05-31 12:35:19
fa081aaefd73359b0nV52tS4EVRY,体系工程师,重庆市钰甲汽车科技,100-499人,汽车研发/制造,大专,3-5年,"ISO45001, IATF16949, ISO14001",9-12K·13薪,重庆,,2026-05-31 12:35:19
fc6bd2b5e1f5bc3c03x-3Nq1ElNV,四川瑾辰招聘质量管理/测试工程师,四川瑾辰,100-499人,汽车零部件,大专,1-3年,"有质量管理经验, 汽车经验, ISO9001经验, IATF 16949经验, SQE经验（供应商）, PQE经验（制程）, 8D报告经验, QC七大手法, 需要出差",5-7K,重庆,,2026-05-31 12:35:39
cea5fa101b745f8103d63N2_ElFV,环评工程师,丛烨环保,0-20人,环保,大专,3-5年,"要求环评工程师经验, 1-3年环评经验, 注册环评工程师证书",7-10K,重庆,,2026-05-31 12:35:39
5db5b3a8c6a4d91e0nd60t-8E1ZQ,售后技术工程师,巨钳碟刹,20-99人,原材料及加工/模具,高中,1-3年,,4-7K,重庆,,2026-05-31 12:35:39
c9fec785f46f413003F_2NS-FlFT,硬件工程师,麦普斯科技,20-99人,电子/硬件开发,本科,5-10年,"硬件开发经验, 硬件项目管理经验, 军工定制非标产品, 模拟电路, 原理图设计",10-15K,重庆,,2026-05-31 12:35:39
45ea22a42851de720nZ509W0FlpY,线束设计工程师,翱嘉,100-499人,汽车零部件,本科,3-5年,"低压线束, 设计工程师, CATIA, 座椅线束",6-10K,重庆,,2026-05-31 12:35:59
d717e1fa75cd1ef81Xx83Nq4F1RV,硬件工程师,南电科技,20-99人,智能硬件,本科,5-10年,"通信相关专业, 电子电气/自动化相关专业, 智能硬件/可穿戴设备, 硬件开发经验",7-11K,重庆,,2026-05-31 12:35:59
787108658cc04c8e1nJy29-9ElFZ,售后技术工程师,重庆厚浪信息技术...,20-99人,工程施工,高中,1-3年,"安全运维, Linux, Windows",5-6K,重庆,,2026-05-31 12:35:59
8055f6b0e12ad6170nZ62t24F1ZU,硬件工程师,安铂尔科技,20-99人,电子/硬件开发,大专,3-5年,"逆变器, 研发, 硬件, 电源, 控制器",11-20K,重庆,,2026-05-31 12:35:59
a377415af624c1a20nB42N27EVNW,高级性能工程师,重庆美的通用,500-999人,通用设备,本科,5-10年,"有暖通工程经验, 高级暖通工程师职称, 制冷工特种作业操作证, AutoCAD, 不需要长期出差/驻场, 暖通工程设计经验, 制冷工程经验, 空调工程经验, 节能工程经验, 3-5年暖通工程经验, 5-10年暖通工程经验",12-24K,重庆,,2026-05-31 12:35:59
bdde64fc11faf7a70nB-2tS8GFZQ,线束工程师,重庆平创半导体研究院,500-999人,半导体/芯片,大专,3-5年,,7-12K·13薪,重庆,,2026-05-31 12:35:59
6acb3263cbf55a4c0nd_0t24FVJW,sqe工程师,重庆惠科金扬,1000-9999人,计算机/通信/其他电子设备,本科,1-3年,,8-12K,重庆,,2026-05-31 12:40:27
63a97ad1409b8cd703F-29u7GVtT,注塑工艺工程师,重庆敏顺机械制造,0-20人,橡胶/塑料制品,学历不限,5-10年,"注塑工艺设计/评审, 生产技术支持, 生产异常分析/处理, AutoCAD, 机械工程专业, 有车灯经验，试模经验优先考虑, 处事稳重，态度端正",8-10K,重庆,,2026-05-31 12:40:49
95cbe29e6ccd3b8b0nVz2t-_EVRV,软件工程师,中科星启,20-99人,计算机软件,本科,3-5年,,8-13K,重庆,,2026-05-31 12:41:10
2c2cc73a1db4316a031539q5FFRR,气缸盖工程师,浙江春风动力股份...,1000-9999人,汽车研发/制造,本科,3-5年,,15-25K·14薪,重庆,,2026-05-31 12:41:10
29244eb4c5f9fcf90nB43Nm4GVBR,采购工程师,重庆德智机器人,20-99人,人工智能,本科,1-3年,,7-10K,重庆,,2026-05-31 12:41:54
da5e77d828dcc2b90nRy2Nu5EFdS,软件测试工程师,某大型汽车研发制造公司,10000人以上,汽车研发/制造,本科,经验不限,"域控制器, 底盘",15-25K,重庆,,2026-05-31 12:41:54
7eb03159d881528e1Hd52Ny5EVJW,座椅工程师,赛力斯汽车,1000-9999人,汽车研发/制造,本科,3-5年,座椅设计,15-30K·13薪,重庆,,2026-05-31 12:41:54
f4814404c3dbefd71nN70966EFdX,销售工程师,泰坦科技,500-999人,化工,大专,1-3年,"房产销售, 面销, 大客户销售, 直销, 区域销售, 销售工程师",6-11K,重庆,,2026-05-31 12:42:15
6e9a184b14721f9003193dS6GVZQ,机械工程师,重庆叁青机器人科技,0-20人,自动化设备,本科,1-3年,"有机械工程师经验, 机电设备经验, 自动化机械经验, 机器人经验, 非标设计经验, 整机设计经验, SolidWorks, Keyshot, ANSYS, 专注于机械结构设计, 爱好者",5-6K,重庆,,2026-05-31 12:43:17
48f70336fd76093e0nB-3tW8EldY,机械工程师,厚生新材料,500-999人,新材料,大专,3-5年,"有机械工程师经验, CATIA, UG, AutoCAD, 自动化机械经验, 汽车经验, 新能源经验, 机电设备经验, 动力系统经验",10-12K,重庆,,2026-05-31 12:43:17
a30c1d9b89b34fd20nB42dy5FVBT,研发工程师,信人环,100-499人,化学原料/化学制品,本科,经验不限,"精细与专用化学品, 产品研发, 化学专业, 精细化工产品研发, 技术支持工程师, 应用研发工程师, 应用工程师",11-22K,重庆,,2026-05-31 12:47:47
162f64af938281d603x_2dq7FlBU,PQA工程师,北斗智联科技有限公司,1000-9999人,汽车智能网联,本科,3-5年,"IATF 16949经验, DQE经验（研发）, 需要出差, QC七大手法, 项目管理经验, 汽车经验, 有质量管理经验, 8D报告经验",15-20K,重庆,,2026-05-31 12:48:08
0b788132fccbfbd00ndz2t-6GVBW,产品工程师,重庆索尔汽车配件,100-499人,汽车零部件,大专,3-5年,,6-10K,重庆,,2026-05-31 12:48:30
09212b7ca9388b560nB-0t--EVBU,结构工程师,重庆台铃,500-999人,其他新能源,本科,3-5年,,8-10K,重庆,,2026-05-31 12:48:51
401fcf3cd1e98ede0nB-39q9FFVY,电气工程师,爱玛科技集团,1000-9999人,互联网,本科,3-5年,,11-21K·16薪,重庆,,2026-05-31 12:49:32
b935dfa4fc359246031629u-EFZY,网络工程师,中讯通康信息科技无锡,20-99人,医疗健康,本科,,,100-110元/天,重庆,,2026-05-31 12:49:53
70df6e567a0d6a861HR_3tq-GVNR,运维工程师,团诚科技,0-20人,智能硬件,大专,1-3年,"网络运维, 实施交付运维",4-5K,重庆,,2026-05-31 12:50:36
11f21d1d74e26bf30nZ53tq1EFdU,设备工程师,蜜雪冰城,1000-9999人,餐饮,本科,3-5年,"要求有机械设备工程师经验, 电工证, PLC编程软件, 企业（甲方）, 不需要出差, 食品/饮料/烟酒机械经验, 包装/印刷/造纸机械经验, 设备采购/选型经验, 设备维修/保养经验",8-12K,重庆,,2026-05-31 12:50:36
1e5e5346b8c8ef170nB-29-4ElNX,交付工程师,中科摇橹船,100-499人,计算机硬件,大专,5-10年,,9-14K,重庆,,2026-05-31 12:55:45
6b496285cccf20d70nB53t69GFtZ,全栈工程师,丹木科技,0-20人,人工智能,学历不限,经验不限,,4-6K,重庆,,2026-05-31 12:55:45
2296480269a311590nV529u-F1RX,燃油工程师,重庆迈奥科技,100-499人,其他生活服务,大专,3-5年,CATIA,9-10K,重庆,,2026-05-31 12:56:27
88e3aa7806df76a00nZy2tS8EFJV,销售工程师,重庆雪洁生物科技,0-20人,批发/零售,大专,经验不限,"市场拓展能力, 技术配合与沟通, 商务谈判能力, 生物工程, 客户开发与维护, 生物技术, 售前/售后技术支持, 大中型企业销售经验, 市场营销相关学历, 技术转销售, 化学化工相关学历, 制定产品/服务方案, 生物科学类, 业务创新能力",10-15K,重庆,,2026-05-31 12:56:47
3040bea8eefed73403180tS-EFpU,涂布工程师,厚生新材料,500-999人,新材料,大专,3-5年,,9-14K,重庆,,2026-05-31 12:56:47
025dcebef00da0cb03J42d-9FVJS,认证工程师,力华,1000-9999人,电子/硬件开发,大专,3-5年,"CCC, ISO9000/IATF16949",5-9K,重庆,,2026-05-31 12:57:09
76c8fb4aa6ff6ed60nd909m1E1FZ,硬件工程师,重庆某大型汽车零部件上市公司,1000-9999人,汽车零部件,本科,3-5年,"汽车硬件产品, 电子电气/自动化相关专业, 硬件开发经验, 汽车零部件, 电子设计",25-35K,重庆,,2026-05-31 12:57:09
e97a7f449570cc010nd43tS6EltW,认证工程师,长沙某大型通用设备上市公司,10000人以上,通用设备,本科,3-5年,,15-30K,重庆,,2026-05-31 12:57:09
4e3ae33623365f3b0nV43ty6EFpQ,电机工程师,重庆信鑫,20-99人,通信/网络设备,大专,3-5年,"项目工程师, 电气/电力/电子专业, 研发工程师, UG, AutoCAD, 熟悉永磁同步电机, 测试工程师, SolidWorks, 结构工程师, Pro/E",7-10K,重庆,,2026-05-31 12:57:31
5e2e3d4c6addcad90nR609-6EFZW,运维工程师,赛力斯汽车,1000-9999人,汽车研发/制造,本科,5-10年,"Docker, 系统运维, 运维经验, Kubernetes",12-24K·23薪,重庆,,2026-05-31 12:57:53
2082597f243a74420nB70tu0EVdZ,电气工程师,中钢诺泰,20-99人,机械设备/机电/重工,本科,在校/应届,PLC工程师,5-7K,重庆,,2026-05-31 12:57:53
9aedee7b3b534adf031729S-F1VW,IE工程师,祥承,500-999人,通信/网络设备,本科,3-5年,"半导体经验, 要求有工业工程师经验, 精益改善经验, 电子/通信经验",10-15K,重庆,,2026-05-31 12:58:14
a36bd5adc66cafc203N43dS1F1tR,运维工程师,庐江彤科信息科技,20-99人,计算机软件,学历不限,经验不限,,10-12K,重庆,,2026-05-31 12:58:14
cb7ad9ddc484a7341nVy0ti0E1ZV,运维工程师,中移集成,1000-9999人,人工智能,本科,3-5年,"系统运维, 安全运维, 数据库运维",10-11K,重庆,,2026-05-31 12:58:57
adce2ab546d3a09a1HZ92tu4GFtS,运维工程师,重庆黑仁科技有限公司,0-20人,其他行业,大专,3-5年,"桌面运维, 网络运维, 系统运维, IDC机房运维, 实施交付运维, 计算机相关专业, 通信相关专业, 运维经验, 网络安全相关经验, 打印机/复印机维修经验, 网络信息安全, 智能化物联网系统集成, 网络工程",4-7K·14薪,重庆,,2026-05-31 12:58:57
45494b77f1ec16470nV73t28ElFW,硬件工程师,四川省一千帧人工...,0-20人,人工智能,本科,,"汽车硬件产品, 电池/电源类产品, 机械设计制造相关专业, 电子电气/自动化相关专业, 硬件开发经验",100-200元/天,重庆,,2026-05-31 12:58:57
11284e94c943090203J72Ny-FltV,电子工程师,英业达,1000-9999人,智能硬件,大专,3-5年,"示波器, 万用表, 烙铁",8-11K,重庆,,2026-05-31 12:58:57
8654ce1d1fc454810nd83dW7EVpS,模拟版图工程师,黑龙江燧芯科技,20-99人,半导体/芯片,大专,1-3年,"BCD, CMOS, finfet",10-15K,重庆,,2026-05-31 13:04:05
7bbfbe69ef1f030a0nB_2tu1EVBS,工艺开发工程师,重庆某中型半导体/芯片公司,100-499人,半导体/芯片,硕士,在校/应届,,15-25K,重庆,,2026-05-31 13:04:26
e87c8265078c33640nB50t-7ElVT,化工设备工程师,重庆科聚孚,100-499人,原材料及加工/模具,硕士,3-5年,"要求有机械设备工程师经验, 化工机械经验, 仪器仪表经验, 团队管理经验, 设备采购/选型经验, 设备维修/保养经验, 电工证, PLC编程软件, 企业（甲方）, 不需要出差",15-16K,重庆,,2026-05-31 13:04:26
2498ee091e0811dc1H1639-6F1tV,layout工程师,舟海,100-499人,计算机/通信/其他电子设备,大专,1-3年,"通信相关专业, 电子/自动化相关专业",10-15K,重庆,,2026-05-31 13:04:26
9e637e3594755d5c0nB_39q0FFdV,结构工程师,凯际科技,20-99人,仪器仪表,大专,3-5年,"有机械结构工程师经验, AutoCAD, 自动化机械经验, 电子/通信经验, 整机设计经验, 非标设计经验",7-12K,重庆,,2026-05-31 13:04:26
2affcc3814ce56af0nB_39y_E1dS,评测工程师高级,四川菲利信科技,100-499人,大数据,本科,1-3年,,7-9K,重庆,,2026-05-31 13:04:48
be931827252854d30nR93Nm4GFZU,市场分析工程师,某大型汽车研发/制造公司,10000人以上,汽车研发/制造,本科,5-10年,,30-40K,重庆,,2026-05-31 13:05:09
cc27f76186703043031929u9EVtX,硬件工程师,重庆钧泽科技有限公司,0-20人,电子/硬件开发,大专,3-5年,"电子电气/自动化相关专业, 智能硬件/可穿戴设备, 硬件开发经验",95-100元/时,重庆,,2026-05-31 13:05:09
4cb33cf11159c30c0nZy0t2-FVJV,机器人工程师,云禾雪物联网科技,0-20人,计算机软件,大专,1-3年,机电相关专业,6-11K,重庆,,2026-05-31 13:05:09
96264e46ef8940a303Z43Nu-GFpR,Monad工程师,道微投资,20-99人,基金,本科,1-3年,"SQL, Python, R, MATLAB, SPSS, 数学/统计相关专业, 计算机相关专业, 数据分析/挖掘经验, 机器学习建模经验, 金融行业数据相关经验",10-15K,重庆,,2026-05-31 13:05:31
9399feb9f5b4b14a0nd439u-GVpQ,调试工程师,智仁景行,100-499人,自动化设备,大专,3-5年,,9-14K,重庆,,2026-05-31 13:05:52
80356dcc49c41bb003x72Ny4FFBT,动力标定工程师,重庆新感觉摩托车,100-499人,摩托车/自行车制造,大专,3-5年,"CATIA, UG, 摩托车, AutoCAD",15-20K,重庆,,2026-05-31 13:05:52
99f383c47e209da503J63dy_FVBR,模具工程师,多润机械,20-99人,原材料及加工/模具,大专,1-3年,"模具工程师, 跟模工程师, 工艺工程师, 机械工程师, 机械结构工程师, 冲压工程师, UG, CAD",6-8K,重庆,,2026-05-31 13:05:52
f4ae0c3047b059560ndz3tu4EVVW,java开发工程师,隆志科技,20-99人,计算机软件,大专,3-5年,,7-9K,重庆,,2026-05-31 13:06:12
5e356302f8a5dc451HV73ty8GVZV,fpga工程师,云甲科技,100-499人,医疗器械,本科,3-5年,"计算机相关经验, FPGA开发/验证经验, 算法设计经验, I2C, 相机设计, SPI",13-20K,重庆,,2026-05-31 13:06:34
953c8e36d872cc571nJ73N-4GFNV,系统运维工程师,重庆乾兴信息,20-99人,通信/网络设备,大专,1-3年,"运维通信资格证书, CCNA证书, 系统运维",3-8K,重庆,,2026-05-31 13:06:54
3115aa554eb228b00nd43t-4GFpT,sqe工程师,华玮旭电子有限公司,100-499人,非金属矿物制品,大专,1-3年,,7-9K,重庆,,2026-05-31 13:11:45
1db57e24a889090a0nd-0tS9FFdS,安防工程师,重庆安万嘉,20-99人,其他生活服务,大专,3-5年,,3-8K,重庆,,2026-05-31 13:12:27
3185da9958f23f021nZ42tm6EVBV,专利工程师,辉腾知识产权,20-99人,检测/认证/知识产权,本科,1-3年,"涉外事务, 技术，理工科专业, 专利撰写, 专利工程师, 知识产权工程师, 专利代理人, 国内事务, 英语可用于工作, 知识产权业务, 无销售性质",7-12K·13薪,重庆,,2026-05-31 13:13:10
060bee390bb3018f1HV60t-7F1FU,机械工程师,深圳一诺维新科技,0-20人,仪器仪表/工业自动化,学历不限,5-10年,"有机械工程师经验, 机电设备经验, 自动化机械经验, 整机设计经验, SolidWorks, AutoCAD, 台架",8-12K,重庆,,2026-05-31 13:13:53
6dbe1adcb02287490ndy29i5F1RU,运维工程师,信质电机(重庆基地),1000-9999人,通用设备,大专,1-3年,实施交付运维,6-9K,重庆,,2026-05-31 13:14:14
500639f4892aa58c0nB429i7GVZV,弱电工程师,线诚光电,0-20人,通信/网络设备,本科,3-5年,"经常外派, 3ds Max, 商业综合体, 方案设计, AutoCAD, 偏技术性, 医院, 经常出差, 验收评定, 数据中心, 停车管理系统, 住宅小区, 日常运维, 安防系统, 天正建筑, 计算机网络系统, 公共建筑, 综合布线系统, 图纸绘制/审核",5-7K,重庆,,2026-05-31 13:18:43
6efa29f76f7927670nB-2NW9FlpW,大模型评测工程师,菲利信,1000-9999人,大数据,本科,1年以内,"大模型评测经验, 1年相关经验",6-8K,重庆,,2026-05-31 13:19:03
ea003b65140125530nZy092-FlNQ,标定工程师,经纬恒润,1000-9999人,电子/硬件开发,本科,经验不限,"电气, 电控, 电子相关专业, 汽车相关专业, 适应出差, PLC, Python, UDS",10-15K·15薪,重庆,,2026-05-31 13:21:09
1729987fae1cd39c1X1y2dy1GFdY,Python开发工程师,途宝网络,20-99人,物联网,本科,1-3年,"服务端开发经验, Django, MySQL, 后端, 计算机相关专业, Python",5-9K,重庆,,2026-05-31 13:21:31
519e1cde9ef7d2010nV53t26EVpW,模具设计工程师,重庆海宏信科技,0-20人,汽车零部件,学历不限,经验不限,"有模具工程师经验, 注塑经验, AutoCAD, UG, 汽车",11-18K,重庆,,2026-05-31 13:21:52
0fc28eab61d47f7d0nd63N60FVpZ,采购工程师,某大型汽车研发/制造公司,1000-9999人,汽车研发/制造,本科,5-10年,,20-35K,重庆,,2026-05-31 13:27:02
02de9b9bfe05611b0nd42ty1F1VZ,项目工程师,沃尔特,0-20人,自动化设备,高中,5-10年,有电工证，焊工证，C1的优先,5-9K,重庆,,2026-05-31 13:28:04
3f1414f420c5ac811Hxz2dq_FFRQ,运维工程师,阿伦途灵,0-20人,其他专业服务,本科,3-5年,"桌面运维, 网络运维, 系统运维, IDC机房运维, 实施交付运维, Python/Shell, Docker, 计算机相关专业, 通信相关专业, 电子/电气/自动化相关专业, 网络安全相关经验, 打印机/复印机维修经验",5-7K,重庆,,2026-05-31 13:30:12
42781a73366d9b590nd_2925GVdX,黄光设备工程师,深圳某中型半导体/芯片公司,100-499人,半导体/芯片,本科,5-10年,,15-30K,重庆,,2026-05-31 13:35:20
4618a393e889a3740nd83N26EFdU,pcb工程师,骅塬汇创,20-99人,计算机服务,本科,3-5年,"Protel, 五险一金, 年终奖, 通信相关专业, PCB设计经验, PADS/PowerPCB, 计算机相关专业, 食堂早午餐, 电子/自动化相关专业, 通信产品相关经验",10-15K,重庆,,2026-05-31 13:35:20
12b9eddd826a1d370nRy3961GVZY,FAE现场工程师,上海展湾信息科技,100-499人,计算机软件,大专,5-10年,"数字化工厂, PLC, 上位机, 数据采集, scada, 工业通讯协议, 出差",10-15K,重庆,,2026-05-31 13:36:02
677b87ebc0e819540ndz0t-5F1ZX,网络工程师,湖北极度云数据科技,0-20人,互联网,本科,5-10年,,9-14K,重庆,,2026-05-31 13:36:02
8ed1c9796cf819c603F50966FlJZ,标定测试工程师,爱思盟,20-99人,互联网,大专,3-5年,,5-10K,重庆,,2026-05-31 13:37:05
1dde6a3338d62f1d0nd43Ni8E1RY,工业工程师,海辰储能,1000-9999人,储能,硕士,在校/应届,,12-20K,重庆,,2026-05-31 13:37:27
92589689860491b00nB73tu_FlRV,结构工程师,泓宝科技,100-499人,计算机软件,本科,3-5年,,11-22K,重庆,,2026-05-31 13:38:09
1199a6b5338f17ff03x53Nq_EFtV,电机工程师,重庆易和天宸科技,0-20人,通用设备,本科,3-5年,"电气/电力/电子专业, 自动化专业, 研发工程师, 熟悉永磁同步电机",5-6K,重庆,,2026-05-31 13:44:43
7a24e3807b4c1f45031y2t-0GFVY,MATLAB工程师,沈阳秋雅教育咨询,100-499人,培训/辅导机构,硕士,1-3年,"C/C++, Java, 机器学习, 规控算法, 图像算法, 深度学习, 大模型算法, 自然语言处理算法, MATLAB, Python",200-300元/时,重庆,,2026-05-31 13:45:03
5fbed95d54fa48f60nZ629W8EFtW,全栈工程师,江北知识产权,20-99人,检测/认证/知识产权,本科,1-3年,全栈无侧重,6-11K,重庆,,2026-05-31 13:46:48
d2123d607fcb567f1H1y2968F1FX,安防工程师,厚盾安全,20-99人,信息安全,大专,5-10年,"计算机相关专业, 管理相关专业",7-8K,重庆,,2026-05-31 13:51:19
51302ce8761f4dd91HF63925EFZT,冲压工程师,平洋工贸,500-999人,汽车零部件,本科,3-5年,UG,7-12K·13薪,重庆,,2026-05-31 13:51:40
9affe37bc64480ed0nRz3N-5EFZX,售前技术工程师,自行者科技,100-499人,仪器仪表,本科,1-3年,,12-20K,重庆,,2026-05-31 13:52:23
9cf681ab18fc640f03Vz2dW0FFVZ,焊接工程师,物然实业,20-99人,通信/网络设备,初中及以下,经验不限,"CAD, 钢结构, 电阻焊, 立焊, 焊工等级证, 中级, 等离子焊, 焊工上岗证, 焊接作业, 气焊, 电弧焊, 埋弧焊, 平焊",4-7K·13薪,重庆,,2026-05-31 13:53:05
f9141572076d72f30nZ429u6GVBR,运维工程师,重庆初信数软科技,20-99人,互联网,大专,1-3年,,4-6K,重庆,,2026-05-31 13:53:27
154e8603948cdcde1XN9396_F1FU,labview工程师,CMCU,1000-9999人,建筑设计,本科,1-3年,"性能测试, 自动化测试, 测试工作经验, 自动化测试经验",10-11K,重庆,,2026-05-31 13:58:19
d048d5c50022f9760nV-3dW_FFJW,测绘工程师,重庆思成工程勘测设计,0-20人,建筑设计,大专,3-5年,"工程测量/测绘, 需要出差/驻场, AutoCAD, MapGIS, 矢量数据处理, RTK, 内业处理, 数据建库, GPS, 中高级测绘工程师职称, 初级测绘工程师职称, 外业采集, 地理信息测量/测绘, 全站仪, 外业测量, 影像数据整理, 地理信息测量记录, ArcGIS, CASS, 无人机, 1-3年测绘/测量经验, 测绘工程师职称, Smart3D, 地理信息采集, 影像数据处理, RTK仪器, 接受无测绘/测量经验, 注册测绘师, 无人机摄影, 内业数据处理/绘图",3-8K,重庆,,2026-05-31 13:58:40
19c1dcac4c47f6bb0nd639u9F1RT,高级运维安全工程师,重庆市迅辰信息技术,0-20人,互联网,本科,3-5年,,8-12K,重庆,,2026-05-31 13:59:22
475afcb843de66180nB_2d28GVBU,ie工程师,重庆某中型半导体/芯片公司,100-499人,半导体/芯片,硕士,经验不限,,20-21K,重庆,,2026-05-31 13:59:22
eeeaf6fd4bb466360ndz3NS0FlFY,电气工程师,豪斯特新能源,500-999人,汽车零部件,大专,3-5年,PLC工程师,8-13K,重庆,,2026-05-31 14:00:03
188f54398d8f5e9d0nB53N--F1NQ,算法工程师,浙江徽创信息技术有限,100-499人,计算机软件,本科,5-10年,"C/C++, NLP, 深度学习, 大模型算法, 自然语言处理算法, 算法工程化经验, Python",15-16K,重庆,,2026-05-31 14:01:05
e3675b96f877cb8a0nB_29S-EldZ,硬件工程师,重庆脑际医疗科技,0-20人,医疗健康,硕士,经验不限,,9-12K,重庆,,2026-05-31 14:06:40
8e958f4a5f2d5e060nd72964GFBY,文档工程师,重庆某大型汽车研发/制造上市公司,1000-9999人,汽车研发/制造,本科,3-5年,,17-25K,重庆,,2026-05-31 14:08:45
e4a94d53fa9c7a5b1HF-2N-5ElZS,硬件工程师,江北区精益诚电脑...,0-20人,计算机硬件,高中,1-3年,"计算机相关专业, 手机/电脑/通讯终端",5-10K,重庆,,2026-05-31 14:22:32
3a450c0eead1adfb0nd93925EFZV,冲模设计工程师,重庆宇亮科技有限公司,100-499人,电子/半导体/集成电路,大专,1-3年,,14-15K,重庆,,2026-05-31 14:22:32
c7bf319cfeef95bf03J43NS-EFJZ,DSP软件工程师,豪恩汽车电子,1000-9999人,汽车零部件,本科,5-10年,,13-25K,重庆,,2026-05-31 14:23:14
8747ab783952d4411Xd-3ti0EVtW,专利工程师,重庆宏墨,20-99人,检测/认证/知识产权,本科,3-5年,"专利局工作经验, 知识产权工程师, 专利代理人, 专利挖掘, 知识产权代理人, 专利检索, 国内事务, 无销售性质",8-13K,重庆,,2026-05-31 14:23:14
5ace97d159aaf3200nd42N29GVpV,机械工程师,跨维(深圳)智能...,100-499人,智能硬件,本科,5-10年,"有机械工程师经验, 机电设备经验, 自动化机械经验, 机器人经验, 团队管理经验, 非标设计经验, 整机设计经验, SolidWorks, AutoCAD",12-24K·15薪,重庆,,2026-05-31 14:23:35
39614d3d9bd4a86f0nd43Nm5EFRW,工业设计工程师,重庆某小型起重设备上市公司,20-99人,其他行业,本科,1-3年,,17-25K,重庆,,2026-05-31 14:23:55
b6b6749cf856f65a0nd83N-_GFFR,技术部工程师,重庆崇奥汽车零部件,20-99人,橡胶/塑料制品,大专,3-5年,内外饰,6-11K,重庆,,2026-05-31 14:23:55
3189b40644b19d2e0nZ70ti_GVNQ,JAVA开发工程师,科捷睿信息,0-20人,计算机软件,学历不限,1-3年,,4-6K,重庆,,2026-05-31 14:24:16
3f1b4ca1c0eeec2003N7092_EVJT,fae工程师,锐驰智光,20-99人,智能硬件/消费电子,本科,3-5年,"C语言, 单片机开发",7-12K,重庆,,2026-05-31 14:24:16
5dcca3480e67883c0ndy2d-5FlBV,汽车线束工程师,奇瑞控股集团有限公司,10000人以上,汽车研发/制造,本科,3-5年,"高压线束, 低压线束",15-30K,重庆,,2026-05-31 14:24:36
9329daa77073f34e0nB-0t-1GFtR,电子工程师,爱徕克,20-99人,仪器仪表/工业自动化,大专,5-10年,"PCB设计, 电路设计, AD",8-13K,重庆,,2026-05-31 14:24:36
4cd5865f4b3bfe0b0ndy3tW6FltY,大数据工程师,美杰智荟,100-499人,互联网,本科,3-5年,"要求数据开发经验, 数据仓库开发经验, Spark, Flink, Kafka, Java, Python, 数据建模经验, ETL开发经验, 计算机相关专业, 数学/统计相关专业, 非外包类",10-15K·14薪,重庆,,2026-05-31 14:24:36
c84557171c2d0f131XR40ti6FltV,热控工程师,杰萃科技,20-99人,电力/热力/燃气/水利,中专/中技,3-5年,"热工仪表，, 火电厂, 热控维护, 热控调试，, 热控工程师, 热力控制, 电气自动化",5-9K,重庆,,2026-05-31 14:24:57
54ad14674091eb170nB-2dy5E1FY,风机运维工程师,唐山智宸科技,20-99人,风电,初中及以下,经验不限,"系统运维, 运维开发经验, 运维经验",5-10K,合肥,,2026-05-31 14:28:55
9105bbb30714a9b81HJ_3N29E1pY,云计算销售专员 周末双休 五险一金,合肥是也科技有限公司,20-99人,计算机软件,本科,1年以内,"电话销售, 个人（To C）, 软件/企业服务产品, aws云服务器, 网络销售, 面销/陌拜经验, 公有云, 互联网/科技, 网络营销经验",4-8K,合肥,,2026-05-31 14:28:55
3b1d3d266bcb2b671H1z09i6FVRZ,服务器操作系统工程师,安徽省通信产业服...,1000-9999人,互联网,本科,3-5年,"HCIE-Cloud, RHCE, 云计算, Linux",9-14K,合肥,,2026-05-31 14:28:55
4c5e84e92f4def49031-2dy4ElVT,暖通工程师,贵州荣创,20-99人,房屋建筑工程,学历不限,经验不限,中级工程师职称,15-26K,合肥,,2026-05-31 14:28:55
9256d7c4284b27c30nB_29q6EVBV,验证工程师,合肥春晖光电科技,20-99人,人工智能,大专,3-5年,,5-8K,合肥,,2026-05-31 14:28:55
acf1e719b5c2dc3c0nB-09i6EldV,光伏运维工程师,创维光伏,1000-9999人,光伏,大专,1-3年,光伏,4-9K,合肥,,2026-05-31 14:28:55
9b92c8d46e13fe130nV709W_EVJQ,EDA运维工程师,长鑫科技,1000-9999人,半导体/芯片,本科,10年以上,系统运维,15-25K·16薪,合肥,,2026-05-31 14:28:55
6498a08e4ec510a703162t24F1dX,合肥-数字化及云计算咨询(MJ006910),毕马威,1000-9999人,咨询,本科,,"计算机专业, 数据分析能力, 英语可作为工作语言",140-150元/天,合肥,,2026-05-31 14:28:55
d997f870c908e5530nB50tW_F1VT,服务器工程师,合肥某中型储能公司,100-499人,储能,本科,5-10年,,15-25K·15薪,合肥,,2026-05-31 14:28:55
9b2649a19af4b9a21HJy39m6GFNV,数通工程师,嘉环科技,10000人以上,计算机服务,大专,1-3年,"电信, 移动, HCIE, 联通, 天翼, 城域网BRAS, 网络安全",11-16K,合肥,,2026-05-31 14:28:55
e7813daa9f73753603Vy09q5EVdV,销售工程师,苏州奇梦者科技,20-99人,计算机软件,本科,经验不限,"市场拓展能力, 技术配合与沟通, 商务谈判能力, 智能硬件, 客户开发与维护, 计算机软件, 计算机相关学历, 电子/半导体/集成电路, 大中型企业销售经验, 软硬一体解决方案, 影像, 业务创新能力, 人工智能, 通信/网络设备, 微电子相关学历, 对机构 (To B) 销售经验, 电气相关学历, 声学",15-30K,合肥,,2026-05-31 14:28:55
9ae28abfc2540d6b03Ny0t-1FVVR,IDC运维工程师,亚康万玮,1000-9999人,互联网,大专,1-3年,"硬件运维, IDC机房运维",6-8K,合肥,,2026-05-31 14:28:55
12e165c85044960c0nR_39q_FlpY,工商业储能运维工程师,安徽蔚蓝时代,0-20人,光伏,大专,1-3年,"高处作业证, 高压电工证, 低压电工证, 储能",8-12K,合肥,,2026-05-31 14:28:55
3fa6adf4cf1565c81X1509-9E1pY,销售工程师,远扬智能,100-499人,计算机软件,大专,1-3年,"技术配合与沟通, 商务谈判能力, 空压压缩机, 客户开发与维护, 工业设备销售经验, 大中型企业销售经验, 技术转销售, 制定产品/服务方案, 机械设备, 医疗设备/器械, 机械设备/机电/重工, 机械相关学历, 项目跟踪, 空压机",5-10K,合肥,,2026-05-31 14:29:17
4bcefd40c8dea7610nZ-09q7FVRW,冲压工程师,安徽合顺强科技,100-499人,金属制品,大专,10年以上,,11-14K,合肥,,2026-05-31 14:29:17
453dd001b42ae0c1031y09q9ElNU,pcb 工程师,中国某大型汽车研发制造公司,1000-9999人,汽车研发/制造,本科,3-5年,,20-30K,合肥,,2026-05-31 14:29:17
83f1c631e174de4a0nB_3969EVNQ,运维巡检工程师,合肥某中型新能源公司,100-499人,新能源,大专,1-3年,,20-21K,合肥,,2026-05-31 14:29:17
f15083868ab900160nB43Nu_FlBY,机械 工程师,安徽汇联得一智能制造,20-99人,自动化设备,本科,3-5年,,13-20K·13薪,合肥,,2026-05-31 14:29:17
f5a7e56500541c7b0nB-39i-FFdZ,IDC机房运维工程师,中安润微,100-499人,计算机软件,大专,1-3年,"IDC机房运维, 计算机相关专业, 通信相关专业",4-6K,合肥,,2026-05-31 14:29:17
2c48669d6fbabea90nd80tW8FVpT,运维工程师,黯晶,0-20人,计算机服务,大专,5-10年,,20-24K,合肥,,2026-05-31 14:29:17
903fc62fe148b3890nV43tu_FFJY,现场交付工程师,中科迪宏,100-499人,计算机软件,大专,1-3年,,5-8K,合肥,,2026-05-31 14:29:17
e06da6059e5a5d721HB53Ni9FlpU,电力配网运维工程师,安徽弘丰电力工程技术,20-99人,其他生活服务,学历不限,经验不限,"网络运维, 系统运维, 运维开发/DevOps, 计算机相关专业, 网络安全相关经验, 运维经验",8-13K,合肥,,2026-05-31 14:29:17
318ea011c4ddbf9c03J90tq0EFdQ,弱电工程师,胜元智能,20-99人,通信/网络设备,大专,5-10年,"二级建造师, 机房工程, 写字楼, 方案设计, AutoCAD, 一级建造师, 公共广播系统, 医院, 数据中心, 产业园区, 停车管理系统, 安防系统, 招/投标管理, 工程师职称, 天正建筑, 广联达, 公共建筑, 综合布线系统, 图纸绘制/审核",7-10K,合肥,,2026-05-31 14:29:17
37a8b3dc3c00d9c10nZ63tm0ElZY,私有云资深工程师,维信诺科技股份有...,10000人以上,其他行业,本科,5-10年,,20-30K·17薪,合肥,,2026-05-31 14:29:17
04a2193c45056a7f0nB-39q5E1pU,it运维工程师,亿纬锂能/锂电池,10000人以上,其他新能源,本科,1-3年,,8-12K·14薪,合肥,,2026-05-31 14:29:17
65d54ebfb20ebea90nV_3d60FVRV,数据中心运维工程师,艾瑞信,100-499人,大数据,中专/中技,1-3年,"IDC机房运维, 高压证",4-5K,合肥,,2026-05-31 14:29:17
c027197afe6ba2bc0nB-3dS5ElBS,智能座舱 AI 工程师,青岛硕索福特,20-99人,新能源汽车,本科,1-3年,,12-21K,合肥,,2026-05-31 14:29:17
71b2dea94a1683e103x73Ny4F1RY,项目工程师,鑫典金,100-499人,半导体/芯片,本科,3-5年,汽车零配件行业,8-12K·14薪,合肥,,2026-05-31 14:29:17
e2932005f401c20203192dS-F1dS,linux运维工程师,立木科技,20-99人,计算机软件,本科,3-5年,"网络运维, 计算机相关专业, 运维经验",5-7K·13薪,合肥,,2026-05-31 14:29:38
0d1d8233d7fb85930ndy0t60FVNW,中级运维工程师,一视科技,100-499人,互联网,本科,1-3年,,8-12K·14薪,合肥,,2026-05-31 14:29:38
bb09d5497355c16d03B6296-F1pU,AI Agent 工程师,长鑫存储,1000-9999人,半导体/芯片,硕士,3-5年,"深度学习, 机器学习, 大模型算法, Python, 算法工程化经验",20-40K·16薪,合肥,,2026-05-31 14:29:38
edc6dee14247fe2a0nZ93tm9GVVY,Python 工程师,北京深度机智科技,20-99人,人工智能,本科,1-3年,"Pandas, MySQL, 机器学习经验, 接受无前端经验/技能, Numpy, Python",20-40K·15薪,合肥,,2026-05-31 14:29:38
b073251e8a3e2a321HVz09S8FFFY,电力运维工程师,嘉铄,100-499人,电力/热力/燃气/水利,大专,1-3年,"网络运维, 实施交付运维, 电气智能开关",7-10K,合肥,,2026-05-31 14:29:38
d8bd7dba857704390nB72965GFZR,量子通信系统工程师（运维与交付方向）,华苏科技,1000-9999人,互联网,本科,3-5年,,11-20K,合肥,,2026-05-31 14:29:38
fa07cbf81cac6e7a1XJ43t64E1NS,运筹优化算法工程师,力拓云计算,20-99人,计算机服务,硕士,1-3年,"云计算, C/C++",12-24K,合肥,,2026-05-31 14:29:38
ee932bf96488d3fa0nV50tW_EFFS,运维工程师,润宇科技,100-499人,计算机软件,学历不限,1-3年,,5-8K,合肥,,2026-05-31 14:29:38
4d8eb40c0ddcd27f1HZy2967EVBY,数据中心运维工程师,维谛技术,1000-9999人,通信/网络设备,大专,1-3年,"IDC机房运维, 电子/电气/自动化相关专业, 高低压电工证, 制冷操作证",4-6K·13薪,合肥,,2026-05-31 14:29:38
bd28b8842089b5280nR939i8FVVW,linux系统运维工程师,智寰科技,20-99人,智能硬件,本科,3-5年,,8-9K·13薪,合肥,,2026-05-31 14:29:38
3375e761513223de0nZ83ty8FFNQ,运维工程师,合肥星际新能源科...,100-499人,光伏,大专,1-3年,,6-7K,合肥,,2026-05-31 14:29:38
9511729361ca0ce10nd_3d--E1RT,技术工程师,安徽徽诚达,20-99人,回收/维修,大专,3-5年,,15-16K,合肥,,2026-05-31 14:29:38
614ca3cb96bd5a780nd-2dm4FFRV,运维工程师,合肥捷护机电设备,0-20人,通用设备,大专,3-5年,"系统运维, 空调维保",100-180元/天,合肥,,2026-05-31 14:29:38
6bb2d340d6d43d590nB42du4ElBW,系统运维工程师,极兔,10000人以上,快递,大专,1-3年,,5-7K·13薪,合肥,,2026-05-31 14:29:38
464b400cba4ce5a503V_3dq-EVFR,弱点工程师,合肥影羽,0-20人,其他行业,大专,在校/应届,"网络运维, 硬件, 音视频编解码, 流媒体技术, 网络设备, 项目实施, 网络安全",4-9K,合肥,,2026-05-31 14:29:59
acd7e116bbdcd93803d82dq1EFpT,销售工程师,维德动力,100-499人,新能源,本科,3-5年,,6-9K·16薪,合肥,,2026-05-31 14:29:59
137d6d70ebc7e8b30nd_2NW1EltV,中级运维工程师,英特费斯,20-99人,计算机服务,本科,3-5年,,13-15K·13薪,合肥,,2026-05-31 14:29:59
4d84dbc66a0da8890nZz2Nu1GFBX,全栈工程师,智跃星河,0-20人,人工智能,硕士,3-5年,,12-17K,合肥,,2026-05-31 14:29:59
eb8949db3401c0660Hx90tm6FVc~,技术工程师,潇飞信息,0-20人,计算机服务,大专,1-3年,"安全运维, 云计算, 项目实施",7-10K·14薪,合肥,,2026-05-31 14:29:59
f5eec3cb11a105510nd509y5FlVY,光伏运维工程师（五险一金）,晁坤新能源,20-99人,光伏,大专,5-10年,"光伏风电运维, 光伏运维, 集中式光伏运维, 分布式光伏运维",7-10K·13薪,合肥,,2026-05-31 14:29:59
787bb11468dbebf31HZ80t-7EVRX,网络运维工程师（包河）,国睿信息安全科技,20-99人,计算机硬件,大专,经验不限,"Windows, 系统运维, 安全运维, 应用运维, 桌面运维, 机房运维, 网络工程师证",4-6K,合肥,,2026-05-31 14:29:59
39bf5c5c37fbb8450HB429m4EFs~,系统集成工程师,汇英科技,20-99人,计算机软件,本科,1-3年,"云计算, 系统运维, 安全运维, IT技术支持",4-8K·13薪,合肥,,2026-05-31 14:29:59
f52399b522e102d40nV60960F1VU,车身 内外饰 工程师,杭州绿石科技创业,20-99人,新能源汽车,大专,3-5年,"内饰, Catia, 仪表板, 方向盘, 安全气囊, 门内饰板, 脚垫",12-24K,合肥,,2026-05-31 14:29:59
2963d1597d37e2820nd-3N69FlZZ,运维工程师,安徽优瑞家科技,0-20人,消费电子,大专,1-3年,"网络运维, 实施交付运维, 计算机相关专业, 通信相关专业, 运维经验",6-7K,合肥,,2026-05-31 14:29:59
76e6481eae4d12d603F_2Nq4FVdV,运维/技术支持工程师,容知日新,500-999人,智能硬件,本科,,,120-170元/天,合肥,,2026-05-31 14:29:59
f33b044ad0cc7a200nZ42tq0GVZV,电力配网运维工程师,亿莱克电气,20-99人,电力/热力/燃气/水利,学历不限,1-3年,,6-8K,合肥,,2026-05-31 14:29:59
d9abb3fdb2cf711f031y0tS_ElJX,运维工程师,安徽顺捷合盟数字科技,0-20人,互联网,硕士,1-3年,,10-11K,合肥,,2026-05-31 14:29:59
ad6e84ba9d23b77203J72921FlFZ,3D-IC 工程师,君正集成,100-499人,计算机软件,本科,3-5年,"有数字后端工程师经验, CPU, 低功耗设计经验, 成功流片经验, 后端EDA工具, 1-3年数字后端工程师经验",12-24K,合肥,,2026-05-31 14:29:59
a3f1e2f84998d61d0nd_2NW9FlVR,服务器工程师《薪资面议》,阳光电源股份有限公司,10000人以上,光伏,本科,3-5年,,11-12K,合肥,,2026-05-31 14:29:59
6f4d0ab5ee3b9d370nVy2di7FlNT,运维工程师,青岛尚丰盛科电力工程,0-20人,光伏,大专,3-5年,,8-10K,合肥,,2026-05-31 14:30:21
fb0451fcbc05b67f0nZ53t-9ElVQ,运维工程师（可实习）,中水三立,100-499人,电力/热力/燃气/水利,大专,经验不限,,3-5K,合肥,,2026-05-31 14:30:21
48e981e6ae63040a1XZ-2NW8FVpY,运维工程师,合肥承跃科技,0-20人,计算机服务,大专,经验不限,"弱电工程, 网络工程, 弱电智能化, 运维工程师, 收银软件, 软件安装, 电脑维修, 监控安装",5-8K,合肥,,2026-05-31 14:30:21
d141d4d8ec78613f03183tu8GVNV,装配运维工程师,恒研智能科技,20-99人,计算机硬件,本科,1-3年,"计算机相关专业, 通信相关专业, 运维开发经验, 运维经验",5-7K,合肥,,2026-05-31 14:30:21
5be4711606b77adc0nB42dS4FFNX,测试工程师,鼎校教育,500-999人,人工智能,大专,3-5年,,9-11K,合肥,,2026-05-31 14:30:21
9b07065f799fb91a0nB_39q7EFJS,分析工程师,巡鹰动力,500-999人,动力电池,本科,3-5年,,10-15K,合肥,,2026-05-31 14:30:21
3712a02c15b3361403x63927GFBX,AI Agent  工程师,大智慧,1000-9999人,互联网,硕士,在校/应届,,11-20K,合肥,,2026-05-31 14:30:21
46b176855d3ac81603N82tW8EVBS,运维工程师,非度信息,500-999人,计算机软件,本科,1-3年,,5-8K,合肥,,2026-05-31 14:30:21
f51bf52450467fe41HN73tW-E1NX,电子智能化系统运维工程师,合聚才信息,0-20人,信息安全,本科,3-5年,"网络运维, 计算机相关专业, 智能化系统运维, 运维经验",7-8K·13薪,合肥,,2026-05-31 14:30:21
ba99d283a31155201nJz3dy_ElpS,AGV项目实施工程师,冠林机械,20-99人,自动化设备,大专,1-3年,Java,5-10K,合肥,,2026-05-31 14:30:21
84bed547f92c9d1d03F62tu4EFNQ,结构工程师,安徽万朗,1000-9999人,橡胶/塑料制品,本科,3-5年,机械结构工程师,12-24K,合肥,,2026-05-31 14:30:21
62ad77476d230787031_09i-FltR,安卓工程师,九天画芯,20-99人,智能硬件/消费电子,大专,3-5年,"androidStudio, Android SDK, Android Studio",15-30K,合肥,,2026-05-31 14:30:21
e75e33fb5a71bd790nB_2Nm6F1RQ,电气工程师,孚烜科技,100-499人,专用设备,大专,1-3年,"PLC工程师, eplan",7-10K·13薪,合肥,,2026-05-31 14:30:21
344b51b39804183d0nB709W5FVVS,信息娱乐系统测试 工程师,武汉克莱蒙特科技技术,100-499人,汽车研发/制造,本科,5-10年,"信息娱乐, 英语, IVI",10-15K,合肥,,2026-05-31 14:30:21
729f4b7c9da5f3111nRz0tu5FFNQ,区块链开发工程师,安时智造,20-99人,计算机软件,本科,3-5年,"区块链, 密码, 安全, linux, rust, 分布式系统架构, 数据结构, 云计算",15-30K,合肥,,2026-05-31 14:30:21
7844911172cc263a03N43NW7F1RY,售后工程师,幸义超声,20-99人,进出口贸易,大专,1-3年,"储能/新能源, 机械/电子工程相关专业, 机械/机电设备技术支持经验, 机械/机电设备, 可适应出差",6-10K·13薪,合肥,,2026-05-31 14:30:41
3cc115451d6ae1831n17396_F1BT,运维工程师,金源泰,500-999人,光伏,大专,经验不限,"系统运维, 安全运维",4-7K·15薪,合肥,,2026-05-31 14:30:41
062362bbd49695f00nZy2NS0GFFZ,密码运维工程师,安信伟创,0-20人,信息安全,本科,1-3年,,5-7K,合肥,,2026-05-31 14:30:41
934795ff63ed76e70nd92dS8E1JW,信创实施/运维工程师,灵珠科技,0-20人,计算机软件,大专,1-3年,,7-11K,合肥,,2026-05-31 14:30:41
97a2876336cd52c30nB609m0FVNV,高级运维工程师,顶展,20-99人,互联网,大专,5-10年,,15-25K,合肥,,2026-05-31 14:30:41
587532f9bcd716ea0nd429S9FFFU,运维工程师,安徽烈阳光伏新能源,100-499人,光伏,大专,1年以内,,4-8K,合肥,,2026-05-31 14:30:41
3ea3a7382163447b1nR609W-ElZU,实施工程师,北京明鉴,20-99人,企业服务,大专,1年以内,"实施工程师/顾问, ERP, 管理系统, 云计算, SaaS, 供应链, IT服务",4-9K·14薪,合肥,,2026-05-31 14:30:41
6cb535c29179559a1Hd63dy7E1I~,网络工程师,千米科技,20-99人,大数据,大专,1-3年,"系统管理员, IT支持, Windows",4-7K,合肥,,2026-05-31 14:30:41
8081dc520bf86f281X170tm4GFRQ,PAE产品应用工程师,智行者科技,500-999人,汽车研发/制造,本科,1-3年,"自动驾驶, 实施交付运维, 无人驾驶, 计算机相关专业, 电子/电气/自动化相关专业",13-18K·13薪,合肥,,2026-05-31 14:30:41
20f03dd1391b47140nd409q0FFZQ,运维工程师（网络货运）,帮益把智慧物流,0-20人,快递,本科,5-10年,"Nginx, Ansible/Salt/Puppet, Docker, 运维开发/DevOps, 运维开发经验, Redis, 运维经验, Kubernetes",8-10K,合肥,,2026-05-31 14:30:41
b0a0f188614b7f020nd83967FVZY,运维工程师,上海鸿亦昌实业,0-20人,计算机软件,本科,经验不限,,5-8K·13薪,合肥,,2026-05-31 14:30:41
73693311ce4e46b20nR63t-4GFBS,电气工程师,合肥方然智能,0-20人,通用设备,中专/中技,1-3年,会看图电气柜安装接线,6-8K,合肥,,2026-05-31 14:30:41
e8e6d94a13bc4eaf0nV43t64GFFS,LED显示屏运维工程师（合肥）,安徽省通信产业服务,20-99人,通信/网络设备,大专,1-3年,,4-7K,合肥,,2026-05-31 14:30:41
b40db8548e6cff5103N629m6EVBT,运维工程师,信助视听,0-20人,智能硬件,中专/中技,1-3年,智能化,5-7K,合肥,,2026-05-31 14:30:41
febda71afa140e7403Fy2tm9FldS,运维工程师,亲友互娱,20-99人,游戏,大专,3-5年,,8-12K,合肥,,2026-05-31 14:30:41
f62c736bd8a70b701X1_3dq1EVdY,安防工程师,合肥盛文信息,20-99人,通信/网络设备,大专,经验不限,"安防系统, 弱电施工",5-8K,合肥,,2026-05-31 14:31:03
62ab61d44f0d33f11XF83968E1JX,语音识别算法工程师,多方,100-499人,通信/网络设备,本科,3-5年,"语音/图像识别, 云计算, TensorFlow/PyTorch, CNN/RNN/LSTM, MATLAB",18-25K·14薪,合肥,,2026-05-31 14:31:03
a51db732b374b4700nB429S0F1BR,道闸门禁运维工程师,安徽羽格,0-20人,通信/网络设备,大专,1-3年,"网络运维, 系统运维, 计算机相关专业, 通信相关专业, 网络安全相关经验",4-9K,合肥,,2026-05-31 14:31:03
e22aae48706329131HJ92NS1FFVZ,交付工程师,国科军通,20-99人,其他行业,大专,经验不限,"实施交付运维, 网络运维, 系统运维",4-5K,合肥,,2026-05-31 14:31:03
7eba96c51d91b52e0nZ52dm9EVZW,技术支持工程师,戈蓝软件,20-99人,计算机软件,本科,1-3年,,5-10K,合肥,,2026-05-31 14:31:03
2b27f14258d6fb8203Ry3dm7ElVQ,光储系统运维工程师,安徽晶晨能源有限公司,100-499人,光伏,大专,1-3年,"实施交付运维, 电子/电气/自动化相关专业",5-8K,合肥,,2026-05-31 14:31:03
f8b62f20bc7bd0110nV60tW0FFdT,运维工程师,顺丰同城科技,100-499人,生活服务(O2O),本科,1-3年,,6-8K,合肥,,2026-05-31 14:31:03
abc68b000aeef47c0nd-2d65FlpV,agent工程师,宏通科技合肥,100-499人,电子商务,本科,经验不限,,8-10K,合肥,,2026-05-31 14:31:03
b43055e08a6443290nVy0ti_EVVX,运维工程师,秉煜高科技术有限公司,20-99人,光伏,本科,3-5年,电子/电气/自动化相关专业,7-10K,合肥,,2026-05-31 14:31:03
f2d19fb87b251f841HJ72tu1ElNR,中高级运维工程师,亦禾科技,20-99人,电力/热力/燃气/水利,本科,3-5年,"MySQL/Oracle, 系统运维, 计算机相关专业, 运维经验",5-8K,合肥,,2026-05-31 14:31:03
46579a8ce19ceb121HJ-2d66EVdY,驻点运维工程师,中讯科技,100-499人,电子/半导体/集成电路,大专,1-3年,"网络运维, 系统运维, 实施交付运维",3-6K,合肥,,2026-05-31 14:31:03
9da8811a986b76310nZ52tS4FFpW,实习网络工程师（可转正｜双休）,易百互联,20-99人,计算机软件,大专,经验不限,,2-3K,合肥,,2026-05-31 14:31:03
05e7df5bade50dfe0nZz3Ni-E1tQ,网络运维资深工程师（工研总院）,国轩高科,10000人以上,汽车研发/制造,本科,5-10年,,15-22K·13薪,合肥,,2026-05-31 14:31:03
b2ed3c69555b37890nRz39m1EVFS,网络运维工程师,依网科技,500-999人,通信/网络设备,本科,3-5年,,10-15K,合肥,,2026-05-31 14:31:03
07abdaa57a1bf55d0nB-2t61EVJX,驻场运维网络工程师（中级）,荣联科技集团,1000-9999人,计算机服务,大专,3-5年,,7-12K,合肥,,2026-05-31 14:31:03
fbced0f03d9ac86d0nVz39i1GVtV,运维工程师,多玩信息,20-99人,计算机服务,本科,3-5年,,10-12K,合肥,,2026-05-31 14:31:23
8fa119eb1b2af21a1nR_3928GVBQ,运维工程师,安徽新力电气设备...,20-99人,电气机械/器材,大专,1-3年,配电房运维,5-10K·13薪,合肥,,2026-05-31 14:31:23
fe4de1ab67946aae03Jy3tS9GVNZ,高级运维工程师-驻场,北京新方,100-499人,运营商/增值服务,大专,5-10年,"shell, linux, 呼叫中心",10-15K,合肥,,2026-05-31 14:31:23
aae56ade9c64dde80nZ93Ny4EFRT,运维工程师,民融军,20-99人,电子/硬件开发,本科,1-3年,,6-10K,合肥,,2026-05-31 14:31:23
658b37d8b3d9f21a03142929E1tU,网络调试工程师,安徽祺盛,100-499人,计算机服务,大专,经验不限,"网络运维, 实施交付运维",4-5K,合肥,,2026-05-31 14:31:23
d6b93217f3d4e7040nZ72t66EVdR,运维工程师（双休＋五险一金）,中科亿能,20-99人,电力/热力/燃气/水利,大专,1-3年,"系统运维, 网络运维, 实施交付运维, 运维经验, 二级注册消防工程师, 一级注册消防工程师",5-10K,合肥,,2026-05-31 14:31:23
06d107a026569ec003B52t-0EFJR,网络运维工程师,赛福贝特,20-99人,计算机服务,本科,3-5年,"网络运维, 计算机相关专业, 网络安全相关经验",15-20K,合肥,,2026-05-31 14:31:23
c2387fa17e3768261nJ_2t20E1c~,运维工程师,网新科技集团有限公司,1000-9999人,互联网,本科,1-3年,"系统运维, IT支持",5-10K,合肥,,2026-05-31 14:31:23
1b78c6beeb8071d20nd82tu1GFVT,AI Agent 工程师,中科合安智为,20-99人,环保,本科,5-10年,"团队管理经验, 气象算法, 图像算法, 大模型算法, 算法工程化经验, 其他",18-25K,合肥,,2026-05-31 14:31:23
83e3b5fb49acc7880nd63dW6FFZY,运维工程师,宝兰德,500-999人,计算机软件,本科,5-10年,,13-18K,合肥,,2026-05-31 14:31:23
a2b329d42f2d941f1XJ909i4GVFQ,服务工程师,云蝶,0-20人,计算机软件,本科,经验不限,系统运维,4-9K,合肥,,2026-05-31 14:31:23
3dc14cf410782a6d33J63N26FVo~,实施运维工程师,合肥千汇,0-20人,计算机软件,大专,1年以内,运维工程师,6-7K·13薪,合肥,,2026-05-31 14:31:23
19d9e7ffadb84e330nB43tm7FFNV,AI Coding 工程师,安徽中技国医医疗科技,1000-9999人,计算机软件,本科,5-10年,,20-30K,合肥,,2026-05-31 14:31:23
b550a80c7fa5b9dc03N43dq7FVtZ,运维工程师--双休,合肥讯百,0-20人,计算机软件,大专,在校/应届,"系统运维, 计算机相关专业, 大数据运维经验",3-5K,合肥,,2026-05-31 14:31:23
93369abdcdcfa1631XV_3Nm8EVpZ,运维工程师,新季环保,20-99人,环保,大专,1-3年,"环境工程, 安装调试, 水质分析",6-9K,合肥,,2026-05-31 14:31:23
a43680772c498f130nB_2ti4GVtS,智能座舱 AI 工程师,杭州帮聚网络,20-99人,计算机软件,本科,3-5年,"计算机/网络系统工程师, 系统集成项目管理工程师, 座舱, ai",8-12K,合肥,,2026-05-31 14:31:45
97f1054d6729a9cd0nB429W1FFpZ,包河区/系统运维工程师/双休,安徽鼎校甄选科技,100-499人,培训/辅导机构,本科,1-3年,,8-12K,合肥,,2026-05-31 14:31:45
20415fcda26eae8b0ndy39u-E1ZT,智慧小区运维工程师,合肥智蜂达宸网络技术,20-99人,计算机软件,大专,经验不限,,4-8K,合肥,,2026-05-31 14:31:45
f206fe450f4cb07d0nB63tS7ElpV,K3运维工程师,双杰电气,1000-9999人,电气机械/器材,大专,1-3年,"系统运维, 金蝶K3, 计算机相关专业, 电子/电气/自动化相关专业, 运维经验",6-10K,合肥,,2026-05-31 14:31:45
fcbf8809998152da031939-5FVZR,运维工程师,烽业科技,0-20人,计算机服务,大专,经验不限,"网络运维, 系统运维, 计算机相关专业, 通信相关专业, 运维经验",4-6K,合肥,,2026-05-31 14:31:45
75764b408254a9b60nd-2NW9GFNY,运维工程师,奇光泛海数字科技,100-499人,社交网络与媒体,本科,3-5年,"网络运维, 海外平台经验, 大数据运维经验, 运维开发经验, 计算机相关专业, 网络安全相关经验, 运维经验",12-20K,合肥,,2026-05-31 14:31:45
79618bda3e2638b11n1-2N2_F1NV,技术支持工程师,威斯贝尔智能科技,20-99人,智能硬件/消费电子,大专,经验不限,自动化运维,5-10K,合肥,,2026-05-31 14:31:45
a6788733db61e8e80nZy39-0EFBQ,硬件工程师,艾可舒,20-99人,医疗器械,本科,3-5年,,6-11K,合肥,,2026-05-31 14:31:45
915b6511ecb27f300nB40ty6GVRX,AI提效工程师,优旦科技,100-499人,储能,本科,3-5年,,15-25K·13薪,合肥,,2026-05-31 14:31:45
4393198a991b22d81HJ_2d27FFVV,高薪+网络运维工程师（项目经理),一联科技,0-20人,其他专业服务,大专,1-3年,"软硬件, 系统集成, 系统维护",5-6K,合肥,,2026-05-31 14:31:45
6775e3a8ca1c5cfc0nRy2du9GFtY,运维工程师,立卓智能电网,100-499人,自动化设备,本科,经验不限,,5-8K,合肥,,2026-05-31 14:31:45
718103fc927476e81HJ42Nu6ElBV,实施工程师,合肥速通电子有限公司,0-20人,计算机软件,大专,1-3年,计算机,6-10K,合肥,,2026-05-31 14:31:45
168a379affc841bd0nB63t26EVJX,新一代运维工程师安徽,中能能源,100-499人,电力/热力/燃气/水利,本科,1-3年,,7-10K,合肥,,2026-05-31 14:31:45
52f5788e8611bcd91HJ42d24ElJS,电力运维工程师,合肥美的合康光伏科技,100-499人,新能源,本科,1-3年,"户用光伏, 售后支持",8-10K·13薪,合肥,,2026-05-31 14:31:45
ee6527105e61444c0nZ53Nu9F1NS,运维工程师,川西数据,20-99人,互联网,大专,1-3年,,6-8K,合肥,,2026-05-31 14:31:45
978105b1a26377cd1Hx53ty0ElNV,DevOps SRE工程师/运维工程,联蔚数科,1000-9999人,计算机服务,本科,3-5年,"Docker, 系统运维, 运维开发/DevOps",18-26K,合肥,,2026-05-31 14:32:05
dcba8c09d9a3d7420nV82t24EVpX,驻点运维工程师,海博数智,20-99人,计算机服务,大专,1-3年,"系统运维, 桌面运维, 计算机相关专业, 运维经验, 应用运维",4-6K,合肥,,2026-05-31 14:32:05
bf316aaf93fb3d6c03Z93N21EltU,系统运维工程师,安徽点都,0-20人,计算机软件,大专,经验不限,,4-6K,合肥,,2026-05-31 14:32:05
6330738531d90a5d03Z83N6-EFBS,运维工程师,聚虹光电,20-99人,信息安全,大专,1-3年,"网络运维, Nginx, MySQL/Oracle, 运维开发经验, 计算机相关专业, 运维经验",4-5K,合肥,,2026-05-31 14:32:05
341076f0a2e5beb00nd-2ti8FVBY,实施运维工程师(电力行业),北京亿江科技发展,100-499人,计算机软件,大专,1-3年,"网络运维, 实施交付运维, 大数据运维经验, 计算机相关专业, 运维经验",7-10K,合肥,,2026-05-31 14:32:05
348f8b2a59953e810nB43tS1GVZY,运维工程师,南京海蕴通信息科技,20-99人,通信/网络设备,本科,1-3年,,8-12K,合肥,,2026-05-31 14:32:05
c31b51583051aba003J63ty1E1RR,弱电运维工程师,安徽三瑞智能,20-99人,机电工程,大专,1-3年,"系统集成, 弱电施工, 售后维修, 弱电智能化",5-6K,合肥,,2026-05-31 14:32:05
b619c60336ad1e0c1HJ50925EFBQ,运维工程师,南京旭之瑞网络技术,0-20人,信息安全,大专,1-3年,"网络运维, 计算机相关专业, 网络安全相关经验, 运维经验",7-12K,合肥,,2026-05-31 14:32:05
5942a9be5ea9cef31HF729S8EVtZ,高级运维工程师,凝思软件,500-999人,计算机软件,大专,1-3年,"系统运维, 桌面运维, Nginx, 运维经验, Linux, Shell, 容器技术",9-14K,合肥,,2026-05-31 14:32:05
799f360b6fde5b450nB-2tm-EFdW,运维工程师,苏州乐行,20-99人,计算机服务,本科,1-3年,,8-12K,合肥,,2026-05-31 14:32:05
395fc7116ed533ee03Bz3d-7E1VZ,项目技术支持工程师,航谱时代,20-99人,专用设备,本科,1-3年,"Java, 通信相关专业, 系统运维, Python/Shell, 计算机相关专业, 电子/电气/自动化相关专业",8-13K,合肥,,2026-05-31 14:32:05
7491e3d1db01a30b0nd509q7FFFQ,服务工程师,安徽爱学记,20-99人,在线教育,本科,1-3年,,5-7K,合肥,,2026-05-31 14:32:05
2594be07bde8fe840nV52d69EFBZ,售后工程师,安徽飞赫生物科技,0-20人,进出口贸易,本科,1-3年,,5-6K·13薪,合肥,,2026-05-31 14:32:05
8f3e0850d247aa8d1XF82Nq7E1BS,电气自动化工程师,鼎业电气,100-499人,其他专业服务,大专,1-3年,"实施交付运维, 电子/电气/自动化相关专业, 大数据运维经验, 高压电工证",6-11K,合肥,,2026-05-31 14:32:05
fc0db3cbfcda9a0f0nV52tS5FVdX,软件系统运维工程师,一新软件,0-20人,计算机软件,本科,3-5年,,7-10K,合肥,,2026-05-31 14:32:05
a5dc564fb33ec2bc0nB43tq9E1BU,运维工程师,炽光文化,0-20人,培训/辅导机构,中专/中技,经验不限,,6-11K,合肥,,2026-05-31 14:37:14
acc24f7503a40eb00nB63Nm1E1ZY,视觉工程师,沈阳控格自动化科技,0-20人,自动化设备,学历不限,3-5年,,30-35K,合肥,,2026-05-31 14:37:14
1702e6f24ea4661a03x43d28GFtT,工程师,安徽卷薪建设有限公司,0-20人,房屋建筑工程,学历不限,1-3年,中级工程师职称,10-11K,合肥,,2026-05-31 14:37:14
d6bfc4e37d2c3f890nB429i8ElVR,销售工程师,川泽精工,20-99人,金属制品,高中,3-5年,"市场拓展能力, 市场信息搜集与分析, 商务谈判能力, 客户开发与维护",10-15K,合肥,,2026-05-31 14:37:14
94b35eeca5dea88a1HZ_29W_GFFS,工程师,森翼,20-99人,通用设备,学历不限,3-5年,SMT,6-10K,合肥,,2026-05-31 14:37:14
5a7697f8f31baba70nB42tq6GFNS,晶圆厂Layout 工程师,安徽合肥某大型半导体/芯片公司,1000-9999人,半导体/芯片,本科,5-10年,,20-40K·15薪,合肥,,2026-05-31 14:37:34
7e700ad6f47d3f930nV62d2-EFZQ,资深网络工程师,羁旅科技,0-20人,信息安全,本科,10年以上,"网络运维, 弱电维修, 计算机相关专业, 网络安全相关经验",150-200元/时,合肥,,2026-05-31 14:37:34
190f816c05c61a920nZ83tS7EVVW,虚拟化工程师,安徽云序软件,0-20人,计算机软件,本科,3-5年,,13-15K,合肥,,2026-05-31 14:37:34
f5a09ee6cbdb538c0nB-292-FVtU,AGV实施工程师（长期/线上面试）,上海甄速智选人力资源,1000-9999人,其他行业,大专,1年以内,,9-10K,合肥,,2026-05-31 14:37:34
d8c9302691bbe85f03192Ni4FFpU,硬件工程师,某中型智能家电家居公司,500-999人,家用电器,本科,1-3年,"音视频/显示类产品, 通信相关专业, 硬件开发经验, 电子电气/自动化相关专业",20-30K,合肥,,2026-05-31 14:37:34
85aa9d259995783303Zy3Nu0FlFR,工程师,合肥长光精易智能科技,0-20人,专用设备,大专,3-5年,"硬件项目管理经验, 电子电气/自动化相关专业, 智能硬件/可穿戴设备, 硬件开发经验",10-15K,合肥,,2026-05-31 14:37:34
aa18b5d3688a98210nB73dS_FlJZ,prompt 工程师,安徽衍易科技有限公司,0-20人,人工智能,本科,在校/应届,"机器学习, 图像算法",5-8K,合肥,,2026-05-31 14:37:34
8135fa24628bb4c503N70t-0FlFT,拉晶炉运维工程师,安徽联效科技有限公司,20-99人,半导体/芯片,大专,10年以上,,12-15K·13薪,合肥,,2026-05-31 14:37:54
63af7cc4202f75700nd-2Nu9FlNV,数据中心机房运维工程师,翼泓科技,20-99人,计算机服务,本科,3-5年,,8-12K·13薪,合肥,,2026-05-31 14:37:54
a0b827af9a3628290nB53N67EFFT,EKL 项目测试运维工程师,上海蔚东汽车设计...,20-99人,汽车零部件,本科,3-5年,,15-20K,合肥,,2026-05-31 14:38:15
7da41d71f4c724060ndz29-0FFdQ,运维工程师,安徽中科,20-99人,检测/认证,大专,,"长期实习生，毕业后可转正, 2027年毕业生",100-140元/天,合肥,,2026-05-31 14:38:15
71cd9311d63b928d03183tq_GVJV,售前工程师,安徽中科信创,20-99人,大数据,本科,3-5年,,8-13K,合肥,,2026-05-31 14:38:15
1cff0e03e583582f031_3di8ElZU,RTD运维工程师,上海视涯技术有限公司,500-999人,半导体/芯片,本科,3-5年,,20-40K·14薪,合肥,,2026-05-31 14:38:37
3d7631b589db73181Xx-29m5EVdQ,采样工程师,海正监测,20-99人,环保,本科,经验不限,"环境检测, 环境工程, 化学分析检测, 环境科学与工程, 环保咨询",6-7K,合肥,,2026-05-31 14:38:37
573e54c0ef6369f30nd50tW9FlNZ,运维工程师,中科视界,100-499人,通信/网络设备,本科,3-5年,,5-10K·14薪,合肥,,2026-05-31 14:38:37
24cbd727258e6dd803N909m5F1NZ,驻点运维工程师,安徽力瀚科技有限公司,100-499人,通信/网络设备,大专,1-3年,"系统运维, 桌面运维, 计算机相关专业",5-6K,合肥,,2026-05-31 14:38:37
172588c275282f4303Fz29y4FlBY,运维工程师,安徽禾顺信息科技,20-99人,计算机/通信/其他电子设备,大专,经验不限,,5-10K,合肥,,2026-05-31 14:38:37
8cccf1d5ee3f19870nZ529m1F1NW,中级运维工程师,科能电力,100-499人,计算机软件,本科,3-5年,,8-13K·13薪,合肥,,2026-05-31 14:38:37
f60ca0f1763acceb0nB-3d67F1RX,erp运维工程师,华众控股,1000-9999人,汽车零部件,大专,3-5年,"系统运维, 运维经验, 打印机/复印机维修经验, 运维开发经验, ERP, 金蝶",7-9K,合肥,,2026-05-31 14:38:37
3822a78225e433920nd92Nu0E1ZV,机械工程师,三诚国际,20-99人,进出口贸易,本科,3-5年,"自动化机械经验, AutoCAD, 非标设计经验, 整机设计经验, 其他, 有机械工程师经验",20-30K,合肥,,2026-05-31 14:38:58
b5c1dad0c835912d0nZ72N28GVtY,技术工程师,成威消防,100-499人,在线教育,大专,3-5年,,6-10K,合肥,,2026-05-31 14:38:58
7bc86d5b16f635b40nB73di4GFBZ,实习-运维工程师【2027届合肥】,天源迪科,1000-9999人,计算机软件,本科,,,150-180元/天,合肥,,2026-05-31 14:38:58
f019ae0aef13d01303Rz2tq9EVtS,电气运维工程师,泰格电气,20-99人,其他生活服务,中专/中技,5-10年,,8-12K,合肥,,2026-05-31 14:38:58
aacf7287c955f3251n1_3Nm-EFZZ,运维工程师,四和交通,20-99人,计算机硬件,大专,经验不限,"自动化运维, 机电一体化, 设备维修",5-6K,合肥,,2026-05-31 14:38:58
ac8d323115601eb20nB_29q-F1pZ,运维工程师,上海荼零科技有限公司,0-20人,互联网,本科,3-5年,,5-10K,合肥,,2026-05-31 14:38:58
d8b2f9e1f34bfb6f03Fz3tW0FFJW,大型政府机房驻场运维工程师,合肥豪迈科技,0-20人,计算机硬件,大专,5-10年,,8-10K,合肥,,2026-05-31 14:38:58
9ef07a346f337ccc0nV83d-0GVFX,工程师,西藏未来,100-499人,生物/制药,本科,5-10年,,20-30K,合肥,,2026-05-31 14:38:58
6ee75271a390b5eb03180t6-FlJQ,测试工程师,安科新创,100-499人,其他生活服务,本科,1-3年,,6-11K,合肥,,2026-05-31 14:39:19
f072a4fa2995261003R739i6FFFS,电气工程师,搬易通,500-999人,电气机械/器材,本科,1-3年,"CAD, SolidWorks, ProE",10-15K,合肥,,2026-05-31 14:39:19
7f23b3338a5392dc1HJ83tq_EFVW,运维工程师,安徽博思锐信息科技,20-99人,计算机服务,大专,经验不限,"计算机相关专业, 运维经验",4-7K,合肥,,2026-05-31 14:39:19
8078a77a71c8ef530nB63du7FlpX,驻场运维工程师,嘉为科技,500-999人,计算机服务,本科,5-10年,"系统运维, 实施交付运维, Docker, Kubernetes",10-15K,合肥,,2026-05-31 14:39:19
3c604fe867e1bd7003N939q_GVVZ,运维工程师,皖盛电力,20-99人,通信/网络设备,本科,1-3年,,4-5K,合肥,,2026-05-31 14:39:19
2511217108a3d6260nV42N65FltT,运维工程师,德勤,10000人以上,咨询,本科,5-10年,,16-22K,合肥,,2026-05-31 14:39:19
0812e9d3970d7f1f0nZz3N-7F1JT,电力运维工程师,宁波晨江电力集团,500-999人,电力/热力/燃气/水利,大专,1-3年,,5-8K,合肥,,2026-05-31 14:39:19
919e283be5868dd60nB-29W_EVRX,运维工程师,连舟信息技术,20-99人,互联网,大专,1-3年,,6-8K,合肥,,2026-05-31 14:39:19
be1411a7580691870nZ-3920EVFV,运维工程师,劲凌,20-99人,计算机软件,大专,经验不限,,4-8K,合肥,,2026-05-31 14:39:19
6893e02512204b3c03dy2NW6GFVR,风电线路运维工程师,徽辰智电,100-499人,其他行业,大专,1-3年,线路运维,8-10K,合肥,,2026-05-31 14:39:39
f7a028ed7a2865380nV_3N--GVBX,运维工程师,合肥盛世顺为贸易,0-20人,印刷/包装/造纸,大专,在校/应届,系统运维,3-4K,合肥,,2026-05-31 14:39:39
3c80774a2a456a4603N4292_GVVQ,初级网络运维工程师,广州运明智汇技术,100-499人,计算机软件,大专,1-3年,,6-10K·13薪,合肥,,2026-05-31 14:39:39
90d5a667f7742ae50nV82d--EFBU,PDMS 工程师,柏盛,20-99人,电力/热力/燃气/水利,本科,1年以内,"五险一金, 现场办公, 独立完成施工图, 周末双休, 独立完成效果图",8-10K,合肥,,2026-05-31 14:39:39
3c487acfa63673900nd90929E1NW,运维工程师,电啦啦新能源,100-499人,储能,大专,3-5年,"实施交付运维, 通信相关专业, 电池, 重卡, 电子/电气/自动化相关专业, 运维经验",6-9K·13薪,合肥,,2026-05-31 14:39:39
e7d927f32887771d1HBz2tW8GVM~,售前技术工程师,米阳智能科技,20-99人,智能硬件,本科,3-5年,"系统运维, 网络, IT支持, 运维, 安全运维, 网络安全",5-10K,合肥,,2026-05-31 14:39:39
3f889d449f53c9ef1XJ42Ni7GFRV,高级电气工程师（在线监测）,奇硕电气,20-99人,大数据,大专,3-5年,"变电站, 在线监测, 油色谱",7-12K·13薪,合肥,,2026-05-31 14:40:00
a1ad9f74c7dcb91b0Hd-2t28F1E~,运维工程师（需经常出差）,安徽慧软科技,100-499人,医疗健康,本科,3-5年,"运维监控, 运维工程师",6-11K·13薪,合肥,,2026-05-31 14:40:00
caeb25291e5f90b30nVz29W8ElpR,资深运维工程师 / DevOps 负责人,安徽景仟科技有限公司,20-99人,计算机软件,大专,3-5年,"Nginx, Docker, 运维开发/DevOps, 运维开发经验, Redis, 计算机相关专业, 网络安全相关经验, Kubernetes",23-25K,合肥,,2026-05-31 14:40:00
bdbf1f36814589290nR83di5EVpU,信息化运维工程师,锦星信息,0-20人,运营商/增值服务,本科,1-3年,"网络运维, 通信相关专业, 7*24小时响应, 系统运维, 单休, 节假日轮休, 驻场办公, 运维开发经验, 计算机相关专业, 网络安全相关经验, 运维经验",5-6K,合肥,,2026-05-31 14:40:00
84ee12c6608acca20nV939-6ElBU,系统运维工程师,陌科智能科技,20-99人,信息安全,本科,1-3年,,5-7K,合肥,,2026-05-31 14:40:00
0f5b8e98a933ad4103Ny3di0FVFX,安全运维工程师(J10035),中检天帷,100-499人,信息安全,大专,1-3年,,6-8K,合肥,,2026-05-31 14:40:00
8b3822a99c7a45ca0nB42Nm6F1RT,机械工程师,合肥某小型智能硬件/消费电子公司,20-99人,智能硬件/消费电子,本科,5-10年,"UG, AutoCAD, 非标设计经验, SolidWorks, 机器人经验, 有机械结构工程师经验",20-30K,合肥,,2026-05-31 14:40:00
d0ed6750d088ea3703Zy3t--FVtV,电力运维工程师,安徽国辉电力建设,20-99人,工程施工,大专,3-5年,电力运维、预防性试验、一二次试验,8-12K,合肥,,2026-05-31 14:40:00
8b5bc88075a3f41a0nV73dm8GFdY,电力运维工程师,安徽国优电力工程,20-99人,机电工程,大专,1-3年,"电子/电气/自动化相关专业, 运维经验, IDC机房运维",5-7K,合肥,,2026-05-31 14:40:00
f0f21d28267e7ecf0nd_39u9FldQ,运维工程师,城市云,100-499人,大数据,大专,5-10年,"系统运维, 运维经验",8-12K,合肥,,2026-05-31 14:40:21
923e225f57697f360nB53d26E1FW,机电运维工程师,禾丰科技股份有限公司,20-99人,其他新能源,大专,3-5年,,6-8K,合肥,,2026-05-31 14:40:21
4b4c97fd0884021c1XVy0tq5EFVU,运维工程师,千诺,20-99人,信息安全,大专,1-3年,"系统运维, 计算机相关专业, 通信相关专业, 运维经验",5-10K,合肥,,2026-05-31 14:40:21
7494f856173812f20nd_2Ny1FFdS,运维工程师,合肥中聚源智能科技,20-99人,计算机软件,本科,3-5年,"系统运维, 实施交付运维, Docker, 双休法休, 接受出差",5-8K,合肥,,2026-05-31 14:40:21
8cb86d9dc44a0d6103Nz3Nm5EFNQ,运维工程师,幸瑞科技,0-20人,机电工程,学历不限,经验不限,,4-5K,合肥,,2026-05-31 14:40:21
6aab1cd4a5386f2b1HN73N-_GVpW,运维工程师,中申电力,20-99人,光伏,大专,5-10年,"运维, 值班, 电子/电气/自动化相关专业, 光伏",8-13K,合肥,,2026-05-31 14:40:21
621e394a1defc2240nV_3Nq8E1dU,运维工程师,安徽震博科技工程,0-20人,其他行业,大专,1-3年,,3-6K,合肥,,2026-05-31 14:45:51
6628ab241af5bb5803d_2du5E1ZS,线束工程师,瑞智恒通,20-99人,电子/半导体/集成电路,大专,1-3年,"AutoCAD, 工艺工程师, 制造工程师, 低压线束, 熟悉TS16949标准",7-12K,合肥,,2026-05-31 14:46:11
28227ebd4e4b2fd403Jy0tq-F1RS,安防运维工程师,中新云,20-99人,计算机软件,大专,1-3年,,5-7K,合肥,,2026-05-31 14:46:31
6de2b0d56534898103x_09y1GFZT,机电工程师,安徽鑫盛机电工程,20-99人,半导体/芯片,本科,5-10年,机电安装工程师,3-8K,合肥,,2026-05-31 14:46:50
e6c6ea9fd82e0c130nB-2tW7FVJS,运维工程师（电网）,北京软通动力云计...,10000人以上,互联网,本科,3-5年,电网,6-8K,合肥,,2026-05-31 14:47:11
2c3ea190d2ea1b6d0nZ82Nm5FVpX,电力运维工程师,力德恒业,100-499人,移动互联网,本科,5-10年,"系统运维, 计算机相关专业, 通信相关专业, 电子/电气/自动化相关专业, 运维经验, 电力, D5000",7-10K,合肥,,2026-05-31 14:47:11
aa4fda45ca36637a0nZ63tu8FldW,光伏电站运维工程师,企米集团,20-99人,财务/审计/税务,学历不限,1-3年,,5-6K,合肥,,2026-05-31 14:47:11
5f6228f0a5285f191XB53tS4FVpT,运维工程师,徽赫科技,20-99人,通信/网络设备,大专,1-3年,"网络运维, 实施交付运维, MySQL/Oracle, 系统运维, 一卡通, 智慧校园, 计算机相关专业, 网络安全相关经验, 运维经验",4-8K,合肥,,2026-05-31 14:47:54
4460bbfb32142bdc0nd6292_FFpR,自动化运维工程师,谷创科技,0-20人,智能硬件,大专,1-3年,,6-10K,合肥,,2026-05-31 14:48:15
fd7f4c69768cb9120nV_3di7GVBV,电力工程师,屹卓森,0-20人,信息安全,大专,3-5年,"电子/电气/自动化相关专业, 网络安全相关经验",5-7K,合肥,,2026-05-31 14:48:36
341b09e84b2eb06f0nZ93N69FlFX,idc机房运维工程师,卓越运维,100-499人,企业服务,大专,1-3年,,6-7K,合肥,,2026-05-31 14:52:44
cb9d806786cc396e1H1z3N24GVVT,内饰工程师,上海达曦,20-99人,汽车零部件,学历不限,3-5年,"内饰, 立柱护板系统, 汽车相关专业, 门内饰板, 仪表板",10-15K,合肥,,2026-05-31 14:53:05
a91bdc939cb81ecb03Nz0tS_ElRQ,质量工程师,某大型新能源公司,500-999人,新能源,大专,5-10年,"有质量管理经验, 不需要出差, 能源/环保/化工经验, 电池经验, 前驱体, 锂电材料",20-21K,合肥,,2026-05-31 14:53:05
3a8ef8acbff1f3b80nV_3d-0GVJW,专网网络运维工程师,上海音达科技有限公司,500-999人,通信/网络设备,大专,3-5年,,8-10K,合肥,,2026-05-31 14:53:26
59ef85a6ad7294690nB50tS_F1RT,部署工程师,浙江大沩人工智能,20-99人,计算机软件,本科,经验不限,,4-7K,合肥,,2026-05-31 14:54:09
a20a93c97cbbcfb403J_3dW4E1NZ,运维工程师,力德恒业,100-499人,移动互联网,本科,3-5年,"D5000, D6000, 管理经验",7-9K·13薪,合肥,,2026-05-31 14:54:31
a95bbfb5337d6ff20nZz0tq7F1FQ,海外云平台 / SRE 工程师（AI 增强方向）,上海达盛奥数字科技,20-99人,互联网,本科,5-10年,,10-12K,合肥,,2026-05-31 14:54:31
abe52aea31a3a38a0nZy3NW_EVNZ,电商PRA工程师,合肥英吉利生物科技,100-499人,电子商务,本科,1-3年,,8-10K,合肥,,2026-05-31 14:55:36
93d24b9e96572ab603x63Ni4E1ZR,实施运维工程师,高维数据,20-99人,信息安全,本科,1-3年,,8-13K,合肥,,2026-05-31 14:55:58
7b7a6aa82a7828080nB709S-GVVV,云计算售前专家（Base济南-hf）,深信服科技,1000-9999人,计算机软件,本科,3-5年,,20-30K·15薪,合肥,,2026-05-31 15:00:07
4565e4ddc140fb1d0nR829-1FFdW,虚拟化工程师,安图特,100-499人,大数据,大专,5-10年,,10-14K,合肥,,2026-05-31 15:00:07
0e502eebf59d5f6103F82dm5EVdX,Devops/Linux 系统运维工程师,精智达,500-999人,半导体/芯片,本科,3-5年,,15-25K·13薪,合肥,,2026-05-31 15:00:48
994c8be4509252710nB739q7FVdW,AI Agent 工程师,长鑫存储,1000-9999人,半导体/芯片,本科,5-10年,,15-25K·15薪,合肥,,2026-05-31 15:00:48
4be49e0d7a6e3e720nd42t66FFNU,交付运维工程师（工业AI数据平台）,上海展湾信息科技,100-499人,计算机软件,本科,3-5年,,10-15K·13薪,合肥,,2026-05-31 15:00:48
70d114fbff71750b0nR709y_EVNT,电子系统电路EE 工程师,深圳某大型半导体/芯片公司,10000人以上,半导体/芯片,本科,5-10年,"驱动开发, PCB设计, 电路设计, 万用表, 示波器",25-50K·15薪,合肥,,2026-05-31 15:02:15
35738bebf15e0e4603Rz2t28EFtS,工程师,安徽卷薪建设有限公司,0-20人,房屋建筑工程,学历不限,经验不限,中级工程师职称,10-11K,合肥,,2026-05-31 15:07:27
fef15980a5caf1560nd90tm8GFZY,运维工程师-接受应届生（黄山路）,安徽研铭科技有限公司,20-99人,互联网,大专,经验不限,,3-5K,合肥,,2026-05-31 15:07:48
a5d0297ce93d886b0nB-09m1EltV,存储运维工程师,北京鸿果科技,100-499人,互联网,大专,5-10年,,9-12K,合肥,,2026-05-31 15:07:48
edae5e8a157e49a60ndy2965FlJW,运维交付工程师,深圳优维科技有限公司,100-499人,互联网,本科,1-3年,,8-13K,合肥,,2026-05-31 15:08:31
a3ed17098f1013ee0nd-3dW9FlVR,实施工程师,习承科技,100-499人,电子/硬件开发,本科,1-3年,,6-10K·14薪,合肥,,2026-05-31 15:08:31
2cfdb3c242efd1411HB-2Nu0EVZQ,中级运维工程师,炬视科技,20-99人,人工智能,本科,3-5年,"Nginx, 实施交付运维, MySQL/Oracle, Redis, 计算机相关专业, 电子/电气/自动化相关专业, 运维经验",7-12K,合肥,,2026-05-31 15:08:52
683f8261ebd8ffaa0nV82NS_FVtZ,实施运维工程师（短期）,科大讯飞股份有限公司,10000人以上,互联网,大专,3-5年,,6-7K,合肥,,2026-05-31 15:08:52
9735d51234d585a30nB43NW1F1dW,硬件工程师,合肥星能玄光,20-99人,其他新能源,本科,1-3年,,12-18K·14薪,合肥,,2026-05-31 15:09:12
58e2a9c2b0a2c40803J42du4FFFZ,运维工程师,中睿数据,0-20人,大数据,本科,1-3年,,6-8K,合肥,,2026-05-31 15:09:12
9d3e8cd58623ac780nV92Nu-F1pZ,巢湖电力配自运维工程师,安徽汇驿,20-99人,机电工程,学历不限,1-3年,,6-10K,合肥,,2026-05-31 15:09:12
9dd6bda3d9c6fc7603170tu8ElJS,测运控设计工程师,中科卫星,100-499人,通信/网络设备,本科,1-3年,卫星运维,7-12K·13薪,合肥,,2026-05-31 15:09:12
e747876d74798c9303x-2Nu4FFVQ,驻场运维工程师（安徽合肥）,中交信捷,20-99人,交通/运输,本科,1-3年,,8-12K,合肥,,2026-05-31 15:09:33
eb574f037ccaa8881XR539q0FVdT,烽火IT运维工程师,中通服,10000人以上,互联网,大专,经验不限,"Java, SQL, 服务器配置, 虚拟机技术, 网络交换技术, Linux, MySQL, SQL Server",4-5K,合肥,,2026-05-31 15:09:33
71664a524c39692103B70925F1BX,充电桩运维工程师,新彦技术,0-20人,新能源,高中,经验不限,"系统运维, 运维经验, 运维开发经验",4-5K,合肥,,2026-05-31 15:09:33
08a618f1758592390nR42du-GFdR,系统运维工程师,某知名大型人工智能技术上市公司,10000人以上,互联网,本科,3-5年,,20-25K,合肥,,2026-05-31 15:09:33
0a167ffbedb7f9e41nZ43dS7FFVR,电气工程师,安徽百发,20-99人,电气机械/器材,大专,3-5年,技术工程师,5-7K,合肥,,2026-05-31 15:09:33
ad7086d1fb8c19e703x62N2-E1tY,兼职运维工程师,厦门聚力优创科技,20-99人,人工智能,大专,1-3年,"计算机相关专业, 通信相关专业, 电子/电气/自动化相关专业, 运维经验, 运维开发经验",30-35元/时,合肥,,2026-05-31 15:09:54
cc688701d80ca0fe3nx7096_F1M~,Python开发工程师,众盛智能,0-20人,医疗健康,本科,3-5年,"后端开发, Django, 云计算, Python",8-13K,合肥,,2026-05-31 15:09:54
6b7f9a74d13e000f03x_0966ElFS,软硬件运维工程师,水贝甜,500-999人,批发/零售,学历不限,1-3年,"网络运维, 系统运维, 软件运维",5-6K,合肥,,2026-05-31 15:10:15
f59633b47eeb3dbc0XF72NS5EFI~,运维工程师,云桥智能科技有限公司,0-20人,工程施工,学历不限,经验不限,"门禁系统, 运维工程师, 管线系统, 负压系统",4-7K,合肥,,2026-05-31 15:10:15
ca671d1692b8f9461nF73Ni7FVtU,运维工程师,安徽天之海,0-20人,计算机硬件,本科,3-5年,"桌面运维, 网络交换技术",4-5K,合肥,,2026-05-31 15:10:15
59ddf52971ef63991X1939S6FFJU,光学工程师,合肥正阳光电,100-499人,电子/半导体/集成电路,硕士,5-10年,光学工程师,15-25K·13薪,合肥,,2026-05-31 15:10:36
caa11322806ec2f70nZz3N2-GVVW,技术运维工程师,召洋电子,100-499人,电气机械/器材,大专,3-5年,,7-10K·13薪,合肥,,2026-05-31 15:10:36
2d547d009351ee1d0nB_2tS4E1tU,测试工程师,上海吾创,100-499人,企业服务,学历不限,3-5年,"EPB, HIL",12-17K,合肥,,2026-05-31 15:14:43
1b47abe14e58bd2703N_2t-8EA~~,PHP工程师,中伟科,20-99人,计算机软件,本科,5-10年,"Laravel/Yii/ThinkPHP, Redis, 计算机相关专业, Laravel, Iot, ThinkPHP, 服务端开发经验, PHP开发经验, MySQL, PHP, MySQL/Redis/MongoDB, 架构设计经验, 数据库, 后端开发",13-18K·13薪,合肥,,2026-05-31 15:15:04
ce60cc4a27f4c43403173d29E1dV,制冷工程师,合肥亦威,20-99人,专用设备,本科,3-5年,,15-20K·13薪,合肥,,2026-05-31 15:15:24
defb3be7e7137a7003Vz0tm_EVRQ,印刷工程师,高绮,20-99人,印刷/包装/造纸,学历不限,1-3年,"熟悉印刷流程, AutoCAD, 熟悉印前工艺, AI, 全职",7-10K·13薪,合肥,,2026-05-31 15:15:24
1e9699377f190b870nd50t2-F1VW,电控工程师,芜湖某大型汽车研发/制造上市公司,10000人以上,汽车研发/制造,本科,10年以上,,20-40K,合肥,,2026-05-31 15:15:24
3b60f650e89185c603F709S_FVpU,智能交通运维工程师,双福科技,20-99人,机电工程,大专,3-5年,,6-8K,合肥,,2026-05-31 15:15:44
d4ce48fc26c9be9e03193dq_GFRT,风电检修工程师,上海峙雄,1000-9999人,风电,大专,3-5年,,9-14K,合肥,,2026-05-31 15:15:44
e2b67cbe066138e403x63Nu-EFBQ,运维驻场工程师（安徽省厅）,万格通讯,100-499人,通信/网络设备,大专,1-3年,"桌面运维, 网络运维, 系统运维, IDC机房运维, 实施交付运维, MySQL/Oracle, 计算机相关专业, 通信相关专业, 运维经验, 运维开发经验, 网络安全相关经验",4-5K,合肥,,2026-05-31 15:15:44
867d04a87f75804a0nV-0t29FldT,硬件工程师,国科军通,20-99人,其他行业,本科,1-3年,,8-13K,合肥,,2026-05-31 15:16:06
203082dc08a9d87d0nB-3dW7FFtW,暖通工程师,合肥市蜀山区晖诺...,0-20人,建筑设计,本科,1-3年,"有暖通工程经验, 暖通工程设计经验, 暖通工程施工管理经验, 暖通工程运维经验, 供暖工程经验, 制冷工程经验, 通风工程经验, 空调工程经验, 1-3年暖通工程经验, AutoCAD, 设计院工作经验, 不需要长期出差/驻场",5-6K,合肥,,2026-05-31 15:16:27
19eaf2d60939b72c1XJ42d28FFNZ,运维工程师,合肥米好智能科技,0-20人,互联网,本科,3-5年,"系统运维, 实施交付运维, 计算机相关专业, 要懂CAD",5-10K,合肥,,2026-05-31 15:16:27
a0f8c0a26caa900e0nVy2d24FldY,模切工程师,华焠科技,100-499人,新能源,大专,3-5年,,10-15K,合肥,,2026-05-31 15:17:10
22e6a9d3db353a310nR-29-_F1ZV,运维工程师,赛克迪网络,0-20人,计算机硬件,中专/中技,1年以内,,4-6K,合肥,,2026-05-31 15:17:10
8d389b047578077f0nd_3t24EVVX,运维工程师,合肥市人力资源服务,100-499人,其他生活服务,大专,1-3年,"IDC机房运维, 电子/电气/自动化相关专业, 运维经验",6-7K,合肥,,2026-05-31 15:17:31
c861e20a40a11dd90nB63NS9FVtT,机械工程师,合肥格柏瑞传动设备,0-20人,专用设备,大专,经验不限,"3C, 机械工程专业, 设计建模, AutoCAD, 图纸设计, 汽车制造, 熟悉电动/气动/传动设施, 熟悉各类加工工艺, 自动化, SolidWorks, 有机械工程师经验, 设计工程师",5-10K,合肥,,2026-05-31 15:17:52
8307aa741602096e0nd62dS0GVBU,运维工程师,鸿安信电子,20-99人,新材料,大专,1-3年,,6-9K,合肥,,2026-05-31 15:17:52
7df9953c3c7d16750nRz09S9FFJQ,技术工程师（驻场）,新嘉创,0-20人,计算机服务,大专,1-3年,,3-5K,合肥,,2026-05-31 15:17:52
f200f902aa2ea4b30ndz0ti4F1FU,工程师,合肥智荣商贸有限公司,0-20人,机械设备/机电/重工,大专,1-3年,,4-9K,合肥,,2026-05-31 15:23:01
3f388185cb4371c30nV80928EFBX,调试工程师,程星通信,100-499人,通信/网络设备,本科,1-3年,"通信相关专业, 射频, 微波, 调试, 功放, 变频器",5-8K·13薪,合肥,,2026-05-31 15:24:04
0d23be6a10ba64240nd409y-FldT,结构工程师,某大型专用设备公司,100-499人,专用设备,本科,3-5年,"要求有机械设备工程师经验, 不需要出差, 机电设备经验, 自动化设备经验",15-25K,合肥,,2026-05-31 15:24:25
f8e48210e217251503V53t61FlNU,弱电运维工程师,合肥东数网络,0-20人,通信/网络设备,中专/中技,3-5年,"网络运维, 计算机相关专业, 运维经验, 网络安全相关经验",6-10K,合肥,,2026-05-31 15:24:46
6ee998d898ad13911Hdy3N67E1JZ,FPGA工程师,幼狮光电,100-499人,专用设备,硕士,3-5年,"VHDL, Verilog, 人工智能",25-30K,合肥,,2026-05-31 15:25:06
dd2bbfa69276dcc10nB42Nm9EVFX,公安网络视频监控运维工程师,安徽励创,20-99人,通信/网络设备,大专,1-3年,,8-10K,合肥,,2026-05-31 15:25:28
dbc8f500fb6e981903Jz0t61F1JX,销售工程师,华日激光,100-499人,仪器仪表,大专,1-3年,"仪器仪表/工业自动化, 机加工, 光伏, 半导体, 面板",15-20K,合肥,,2026-05-31 15:31:20
60b787e41f02696303x72tq9GVBX,实习 工程师,合肥文炳知产,0-20人,检测/认证/知识产权,本科,,"知识产权工程师, 专利代理人, 知识产权代理人, 国内事务, 知识产权经济师, 无销售性质, 商标代理人",200-400元/天,合肥,,2026-05-31 15:31:42
dc774b90855d35330nd909-4FlVR,驻点运维工程师,华测检测,10000人以上,信息安全,大专,经验不限,,4-6K·13薪,合肥,,2026-05-31 15:32:04
5390b540ecf738130nZ539S0F1FS,运维工程师,一视科技,100-499人,互联网,本科,1-3年,,8-12K·14薪,合肥,,2026-05-31 15:32:04
8792ac77566ce95803N82NW0EFVX,监控工程师,信悦科技,20-99人,计算机服务,大专,3-5年,"实施交付运维, 监控, 电子/电气/自动化相关专业, 运维经验",6-8K,合肥,,2026-05-31 15:32:04
c8f14fd70fcb165d0nRy2Ni-GVZW,硬件工程师,合肥协力仪表控制...,100-499人,电子商务,本科,5-10年,"汽车硬件产品, 芯片/半导体/集成电路, 机械设计制造相关专业, 电子电气/自动化相关专业, 计算机相关专业, 硬件开发经验",15-25K,合肥,,2026-05-31 15:32:24
7efd668c147ef85a1XN529q_FltT,算法工程师,华为云计算,10000人以上,计算机服务,硕士,经验不限,"研究导向, 生物医疗, 云计算, Python, Shell, TensorFlow/PyTorch, 计算机相关专业, 深度学习经验, 药物分子生物计算",15-30K,合肥,,2026-05-31 15:32:45
0e272c3b9f87550803dz2ti8GFRT,软件工程师,国镜仪器,20-99人,半导体/芯片,硕士,1-3年,"C++, C, QT, OpenGL, 桌面开发经验, Linux开发/部署经验, 上位机开发经验",9-14K·15薪,合肥,,2026-05-31 15:34:10
ba2e593d08f7f2bc0ndy2ti4GVJQ,新一代运维工程师安徽,北京国泰京电,100-499人,电力/热力/燃气/水利,本科,1-3年,,7-10K,合肥,,2026-05-31 15:34:10
bc85f1baee5a848d0nV-09i9FFtT,运维工程师助理,恢弘科技,100-499人,电气机械/器材,本科,1-3年,,6-8K,合肥,,2026-05-31 15:40:20
ad0016da052c420a0nV92d-6FFNS,高级运维工程师,上海邮乐,500-999人,电子商务,本科,5-10年,,13-18K,合肥,,2026-05-31 15:41:02
6cb1ba5f5825872603162dy-EVpU,量子测控软件运维工程师,幺正量子,20-99人,电子/硬件开发,硕士,1-3年,,15-25K·14薪,合肥,,2026-05-31 15:42:06
220b04ccc7194cd91HF809u7EFFV,电气工程师,合肥兴粮仓储科技,20-99人,机械设备/机电/重工,大专,3-5年,"PLC工程师, 电控工程师, 电气工程师证, 单片机开发",7-12K,合肥,,2026-05-31 15:42:06
f0ed5e4a110718950nd_2dW_GFNS,运维工程师,上海礼聪,20-99人,互联网,本科,3-5年,,11-14K,合肥,,2026-05-31 15:42:50
ebb639a3ccb9c3250nd_2966EFNY,医院驻场 IT 运维工程师（合肥）,合肥星汉技术服务,0-20人,计算机服务,大专,3-5年,,7-8K,合肥,,2026-05-31 15:47:19
c3d9de6b466025100nZ52ty1ElBX,销售工程师,安徽中安数科信息技术,20-99人,计算机软件,本科,经验不限,"市场信息搜集与分析, 市场拓展能力, 商务谈判能力, 智能硬件, 客户开发与维护, 计算机软件, 工程施工, 计算机相关学历, 售前/售后技术支持, 大中型企业销售经验, 市场营销相关学历, 对机构 (To B) 销售经验, 管理相关学历, 项目跟踪",6-7K,合肥,,2026-05-31 15:47:40
eb296891782b96e90nV82t68EFdZ,海外售后运维工程师,通盛能源,100-499人,储能,大专,1-3年,,13-15K,合肥,,2026-05-31 15:47:40
0c9f98bb5735578b0nZ93tS0ElVU,运维工程师,安徽烽瑞,20-99人,通信/网络设备,学历不限,1-3年,"驻点运维, 国网运维, 国家电网, 桌面运维, 桌面",5-8K·13薪,合肥,,2026-05-31 15:47:40
3e9b4b272bc970890nB43dy8ElFY,sqe工程师,合肥汉邦希瑞护理用品,1000-9999人,医疗器械,本科,1-3年,,5-6K,合肥,,2026-05-31 15:48:02
1df6e96ab70bdaa603193961E1VT,pcb工程师,安徽光智科技有限公司,1000-9999人,半导体/芯片,本科,3-5年,,11-20K,合肥,,2026-05-31 15:48:02
d05239107bd249f303B_39S9FVFX,高级工程师,远景帆,0-20人,建筑工程咨询服务,本科,5-10年,,20-30K,合肥,,2026-05-31 15:48:22
81b6ca158b5544330nV-29q5FVtR,光学工程师,科大国盾量子（央企）,500-999人,信息安全,硕士,经验不限,"光电器件, 光纤激光, 封装",15-25K·14薪,合肥,,2026-05-31 15:48:22
767bad8000eab3f20nZ83dy8GFJY,中级交付工程师,空安,20-99人,计算机软件,本科,1-3年,"Nginx, 实施交付运维, MySQL/Oracle, Docker, 系统运维, 计算机相关专业, 运维经验",6-8K,合肥,,2026-05-31 15:48:22
c83ddeb2905a1d470nd_09-4EltU,结构工程师,安徽饭圈食品科技,20-99人,人工智能,本科,5-10年,"自动化机械经验, UG, AutoCAD, 整机设计经验, 家电设备经验, 机电设备经验, 机器人经验, 有机械结构工程师经验, Pro/E",12-24K,合肥,,2026-05-31 15:48:44
0ae2429bfd3b830f0nd_2tW5FVFQ,电子工程师,安徽新茂电子科技,0-20人,电子/硬件开发,本科,3-5年,,8-9K,合肥,,2026-05-31 15:49:06
bb0dcd4349b2c9220nd_3Ni5EFBV,电气工程师,合肥华威,100-499人,专用设备,本科,3-5年,"电气工程师, 电气相关专业",8-13K,合肥,,2026-05-31 15:49:27
ffc54d159089b6fd0ndz0t66EFtY,安全工程师,凯赛生物,1000-9999人,化工,大专,3-5年,,7-10K,合肥,,2026-05-31 15:49:48
0810c976a64cd6770nV739-6EVdT,销售工程师,合肥沃博科技有限公司,20-99人,环保,大专,3-5年,"客户开发与维护, 对机构 (To B) 销售经验, 商务谈判能力, 业务创新能力, 大中型企业销售经验, 市场拓展能力, 化学化工相关学历, 市场营销相关学历, 环保, 化工",4-5K,合肥,,2026-05-31 15:50:09
56e297a8735c82c30nZ839m-GFpR,销售工程师,艾普瑞克电气,0-20人,仪器仪表/工业自动化,高中,1-3年,"市场拓展能力, 制定产品/服务方案, 电力/燃气/水利, 合作开发市场，自己当老板, 有无功补偿电容器销售经验优先考虑, 电气相关学历, 仪器仪表/工业自动化, 项目跟踪",5-10K,合肥,,2026-05-31 15:54:37
1946fd2a006119470nB53di4EFJZ,短信/语音运维工程师,互普,20-99人,通信/网络设备,大专,5-10年,,6-10K,合肥,,2026-05-31 15:55:20
595c4a4551f140320nZ80tu1F1NY,运维工程师,欧益新能源,0-20人,其他新能源,大专,1-3年,"热泵, 空调, 除湿机, 冷水机组",5-8K,合肥,,2026-05-31 15:55:20
62a49a67b3ba2f540nZz29i5ElJR,运维工程师,合肥拓峰电气有限公司,0-20人,机电工程,本科,1-3年,变电站的工作经验最优。,8-9K,合肥,,2026-05-31 15:57:25
9afd88eadb7d860d0ndz2NW4E1ZX,多媒体工程师,环球晶点科技,20-99人,广告/公关/会展,学历不限,经验不限,"网络运维, 桌面运维, 系统运维, IDC机房运维, 运维开发/DevOps, 计算机相关专业, 运维经验, 网络安全相关经验, 大数据运维经验, 打印机/复印机维修经验",4-8K,合肥,,2026-05-31 16:01:54
529e958bfd4b3e151Xx909W-E1FY,电力运维工程师,恒量公估安徽,0-20人,其他专业服务,大专,5-10年,"电子/电气/自动化相关专业, 运维经验",6-11K,合肥,,2026-05-31 16:01:54
6340ca4fb8da29d10ndz0tu9GVBX,工业视觉和机器人运维工程师,上海韦岚新能源科技,100-499人,储能,大专,1-3年,运维开发/DevOps,10-15K,合肥,,2026-05-31 16:02:35
0bbd1d381e8160b21HV73t-4GVdX,运维交付工程师合肥,国信软件,100-499人,计算机软件,大专,3-5年,"zabbix, 实施交付运维, Promethuos, Linux, 大数据运维经验, Python/Shell, 网络安全相关经验, Kubernetes",7-9K,合肥,,2026-05-31 16:02:55
53cd6faa8f922db40nV_2d6_GFNU,系统运维工程师,EvoTec,100-499人,机械设备/机电/重工,本科,1-3年,,10-12K,合肥,,2026-05-31 16:03:58
7f68d49999c34a5c0nd_2tu4GVtS,驻场运维工程师,中金长远,0-20人,大数据,本科,5-10年,,7-10K,合肥,,2026-05-31 16:04:41
cfc22b5966c060290nV93tm8FFZQ,系统集成工程师,安徽昊迈信息科技,20-99人,信息安全,本科,5-10年,"运维工作经验, VMware虚拟化, 通信相关专业, 计算机相关专业, 安全集成/信息安全相关经验, 云计算",15-18K,合肥,,2026-05-31 16:10:09
f9c67acccb24c8cb03183NW6EFFX,结构工程师,鑫典金,100-499人,半导体/芯片,大专,1-3年,"设计软件, 汽车工程相关专业, 仿真软件",8-13K·14薪,合肥,,2026-05-31 16:10:30
ea748c0cba62f37d0nZy3t2_FVtT,测试工程师,乐聚机器人,500-999人,智能硬件,本科,1-3年,,8-10K·13薪,合肥,,2026-05-31 16:10:52
6962b8360b1533721Hdy09u4FFVZ,配电运维工程师,安徽恒阳电力科技,20-99人,电力/热力/燃气/水利,大专,1-3年,"电子/电气/自动化相关专业, 运维经验",5-8K,合肥,,2026-05-31 16:11:57
8c21815bf6a61ea71nF43Nu5FltT,机械工程师,多泰客,100-499人,金属制品,大专,5-10年,"UG, 装配工艺, AutoCAD, 冲压工艺, 非标设计经验, 其他, SolidWorks, 有机械工程师经验",7-12K,合肥,,2026-05-31 16:12:39
50df90a88866f02f0nB429i8FVFS,软件工程师,合肥大装置运行维...,20-99人,其他新能源,本科,经验不限,,8-10K,合肥,,2026-05-31 16:12:39
32ea145152c2252e0nRz29W1FFtR,储能运营工程师,合肥合利能源科技,20-99人,储能,大专,1-3年,"售后支持, 实施交付运维, 国家电网, 运维开发经验, 熟悉储能系统, 电子/电气/自动化相关专业, 储能",6-11K,合肥,,2026-05-31 16:12:59
7cd38f80fec069cd0nB-2dS-FFdU,mes工程师,合肥国轩绿色能源,500-999人,动力电池,本科,3-5年,,12-18K·13薪,合肥,,2026-05-31 16:12:59
6561ca2e356ef84b1XN-2tq5FlVW,运维工程师,安徽三三四四,20-99人,计算机软件,大专,1-3年,"系统运维, 计算机相关专业, 通信相关专业, 运维经验",4-8K,合肥,,2026-05-31 16:12:59
1a49da582edd49540nd_09S1GVVV,高级it运维工程师（双休+朝九晚六）,池州秘密夜电子商务,100-499人,互联网,大专,经验不限,"包食宿, 双休, 朝九晚六, 不加班",8-13K,合肥,,2026-05-31 16:18:11
c807757828c15eaa1XFz2NS_GFNU,人工智能算法工程师,中科星图,1000-9999人,计算机软件,硕士,经验不限,"C/C++, 卫星遥感, 机器学习算法/工程化经验, 计算机相关专业, 语音/图像识别, 深度学习经验, 云计算, Python",12-24K,合肥,,2026-05-31 16:19:14
6ed5edba41a8b99903Fz29S4ElBW,弱电运维工程师,ASCENDIT,100-499人,通信/网络设备,大专,1-3年,"实施交付运维, 弱电系统集成",6-8K,合肥,,2026-05-31 16:19:54
9e1e2de09ed2005f0nB729m9E1tT,计量工程师,合肥国轩绿色能源,500-999人,动力电池,大专,1-3年,,9-13K·13薪,合肥,,2026-05-31 16:24:44
eceec3afd929cd460nV439-4E1BY,c++/python 工程师,至博光电,100-499人,自动化设备,本科,5-10年,,18-28K·14薪,合肥,,2026-05-31 16:25:05
e043d9b24fb5b4e70nB72du_GVRT,分布式系统运行工程师,迅蚁,100-499人,智能硬件,大专,1-3年,,6-9K·13薪,合肥,,2026-05-31 16:25:27
373dec7ce074da5f1nZ-2965EVpW,电子工程师,中科谱锐达,0-20人,仪器仪表/工业自动化,本科,3-5年,"硬件, 仪器仪表",6-10K,合肥,,2026-05-31 16:25:48
700034926e4c463a03170tu9GFtT,卫星任务管控工程师,中科卫星,100-499人,通信/网络设备,本科,1-3年,卫星管控,7-12K·13薪,合肥,,2026-05-31 16:26:08
af884ec8d565dd980nB70t65GVZZ,尺寸工程师,人瑞网络科技,10000人以上,计算机硬件,大专,3-5年,"汽车经验, CATIA, 不需要出差, 动力系统经验, 电子系统经验, 底盘系统经验, 汽车车身及配件经验, 新能源汽车经验",11-20K,合肥,,2026-05-31 16:40:20
6a62c31d210968e00nB43N64FFRQ,采购工程师,科大智能科技公司,500-999人,汽车零部件,学历不限,3-5年,,8-10K·15薪,合肥,,2026-05-31 16:40:20
153f7ebf3a7a62be0nd50t25GFJZ,电机工程师,芜湖某大型汽车研发/制造公司,10000人以上,汽车研发/制造,本科,5-10年,,20-40K,合肥,,2026-05-31 16:49:18
ad70dccc58592b3e0nB429S8FlFV,销售工程师,ABB(中国)有限公司,10000人以上,电气机械/器材,本科,3-5年,,14-18K·13薪,合肥,,2026-05-31 16:56:54
14151d64f177e3f80nB73Ny4GVRQ,SSD NPI PE 工程师,宏芯宇电子,1000-9999人,半导体/芯片,本科,3-5年,"半导体经验, 电子/通信经验, 试产工程师（NPI）经验, 量产工程师（PE）经验, 不需要出差, 芯片/半导体经验, 电路板/集成电路经验, 手机经验, 电脑经验, 耳机经验, 智能穿戴设备经验",12-20K,合肥,,2026-05-31 16:56:54
bb396added3a97d003J63t28FFRV,smt工程师,合肥畅想未来电子,100-499人,半导体/芯片,大专,3-5年,"松下, 贴片机, SMT, 三星",10-15K,合肥,,2026-05-31 16:56:54
afaf18627eeb0ecd0nV609W4F1JW,运营商-中高级运维工程师-合肥,科大讯飞,10000人以上,互联网,本科,5-10年,Kubernetes,14-22K·14薪,合肥,,2026-05-31 16:57:14
c6f5cf4b119ab7d90nd-2Nu7GFpY,模具工程师,富光集团,1000-9999人,其他行业,中专/中技,5-10年,,10-15K,合肥,,2026-05-31 16:57:14
dcdc67d0befd94b10nV93tm7EFZZ,储能电站运维工程师,汉星智储,100-499人,储能,大专,1-3年,"运维经验, 储能电站, 330kv",5-10K,合肥,,2026-05-31 16:57:34
f93ea8c933a996890nVz3du7ElJU,硬件工程师,晟泰克机器人事业部,500-999人,人工智能,本科,3-5年,,12-18K,合肥,,2026-05-31 16:58:37
d0983ae3d81a9d040nd63ty5E1NQ,系统运维工程师,合肥协鑫新能源,1000-9999人,光伏,本科,5-10年,,10-15K·14薪,合肥,,2026-05-31 16:59:38
484d78d537a902c703193d61GVFW,运维工程师,合肥智宽网络技术服务,100-499人,通信/网络设备,中专/中技,经验不限,"网络运维, 计算机相关专业, 通信相关专业, 电子/电气/自动化相关专业, 运维经验",4-9K,合肥,,2026-05-31 17:05:40
04fc6ab97bdc7ff60nV439m8F1NW,工程师,金佰嘉,100-499人,橡胶/塑料制品,本科,1-3年,"不需要出差, 家电经验, ISO9000经验, PQE经验（制程）, QC七大手法, ISO9001经验, CQE经验（客户）, 有质量管理经验, 8D报告经验",7-9K,合肥,,2026-05-31 17:06:01
1d52bbc4810ba2800nd909y1ElpZ,运维工程师（k8s&Linux）,百得思维,1000-9999人,计算机软件,本科,3-5年,"MySQL/Oracle, Docker, Linux, k8s, 运维开发/DevOps, Redis, 计算机相关专业, 有Ai经验, Ai大模型经验, Kubernetes",10-13K,合肥,,2026-05-31 17:13:38
8d9f79c00b54504c0nZ83d21F1FR,"硬件
PCB
工程师",蓝讯科技,100-499人,智能硬件/消费电子,本科,3-5年,"芯片/半导体/集成电路, 硬件开发经验, 硬件项目管理经验",9-14K,合肥,,2026-05-31 17:13:38
20f5248208ef722f0nZy2du0ElFX,vehicle工程师,掌锐电子,100-499人,智能硬件,本科,3-5年,,20-35K·14薪,合肥,,2026-05-31 17:16:07
6e2e184892bbbf051HB-3NS1F1ZT,硬件工程师,拓渔科技,0-20人,智能硬件,本科,1-3年,"硬件项目管理经验, 电子电气/自动化相关专业, 硬件开发经验",9-14K·13薪,合肥,,2026-05-31 17:16:07
6edc8c344e7df14c1nZ62di1EVtU,JAVA开发工程师,华为,10000人以上,计算机软件,本科,1-3年,"分布式技术, 多线程, 网络协议, MVC开发, Spring, Dubbo, 云计算",15-30K,合肥,,2026-05-31 17:16:28
d5cd16ca68b2514d0nZ63Nm5E1tQ,系统运维工程师,天合正道运维服务,100-499人,计算机软件,本科,1-3年,"系统运维, IDC机房运维, 计算机相关专业, 运维经验",6-10K·13薪,合肥,,2026-05-31 17:21:18
74f3ecb4b27f39ec0nB-2N29EFVS,设备工程师,牧原食品股份有限公司,10000人以上,农/林/牧/渔,大专,1-3年,"接受无机械设备工程师经验, 电工证, PLC编程软件, SolidWorks, 企业（甲方）, 不需要出差",10-15K,合肥,,2026-05-31 17:22:00
9a46806bc1eba5621H1929u9FlpR,座椅工程师,某大型汽车研发/制造公司,1000-9999人,汽车研发/制造,本科,经验不限,"骨架, 发泡, 塑料件",20-25K·13薪,合肥,,2026-05-31 17:22:20
e816232151ab62320nZ92Nq5FlpV,销售工程师,洲明科技,1000-9999人,智能硬件,本科,1-3年,"计算机相关学历, 建筑类相关学历, 工业设备销售经验, 客户开发与维护, 微电子相关学历",8-13K,合肥,,2026-05-31 17:29:32
2a87cbec7d5c30400nB-3dW7E1tQ,工艺工程师,合肥久兴科技,20-99人,原材料及加工/模具,学历不限,1-3年,"塑料经验, 现场工程师（ME）经验, 不需要出差",10-11K,合肥,,2026-05-31 17:29:55
850c4cba480310150nV_3d69GVZW,专网网络运维工程师,上海音达科技有限公司,500-999人,通信/网络设备,大专,3-5年,,8-10K,合肥,,2026-05-31 17:29:55
9286f5d26957106f0nB-0ty8GVJY,运维工程师,合肥聚和安全智能科技,0-20人,通信/网络设备,本科,5-10年,"网络运维, 实施交付运维, 系统运维, Python/Shell, 计算机相关专业, 运维经验, IDC机房运维",6-10K,合肥,,2026-05-31 17:30:14
8d6c4353f2606b7a1XB_0tu0GFVQ,运维监控工程师,Bespin Global China,100-499人,互联网,本科,1年以内,英语口语好,4-6K,合肥,,2026-05-31 17:30:57
18b31c639054182d1XJ83968GVZQ,全栈工程师,路必达科技,0-20人,汽车零部件,本科,3-5年,"全栈侧重前端, JavaScript, CSS, Java, Spring/Spring Boot, MySQL/Redis/MongoDB, 计算机相关专业, 全栈项目经验, 前端开发经验",10-15K,合肥,,2026-05-31 17:31:40
10e68e89679a7f9d0nV-2t67FFFT,Java工程师,英弗伦斯科技,20-99人,互联网,本科,3-5年,,8-10K,合肥,,2026-05-31 17:32:01
6742c1ecb84ea66403x63dq9EFtQ,CNC工程师,凯昇,20-99人,机械设备/机电/重工,中专/中技,3-5年,"Mastercam, 非标自动化",11-14K,合肥,,2026-05-31 17:32:01
861135d90788cd261XBz29S1GFFS,运维工程师,兴博科技,100-499人,计算机软件,本科,经验不限,实施交付运维,5-8K,合肥,,2026-05-31 17:32:23
2d810ac1352b40a103d93ti6E1JW,空调工程师,鸿鑫维,0-20人,其他生活服务,学历不限,经验不限,,6-11K,贵阳,,2026-05-31 17:36:40
72be323bdfea37e203N-39W1FVJZ,光伏运维工程师,鑫途,20-99人,光伏,学历不限,1-3年,"登高证, 接受无光伏/风电运维经验, 户用光伏运维, 低压电工证",4-8K,贵阳,,2026-05-31 17:36:40
97745819e8f6b7cf0nd629y0GVZZ,IDC运维工程师,广东维云信息科技,100-499人,计算机服务,大专,1-3年,"硬件更换维修, GPU, IDC机房运维, 服务器售后",6-10K,贵阳,,2026-05-31 17:36:40
4d009a92a7c228550nB-39m6EldS,SMT质量工程师,贵州某中型汽车智能网联公司,100-499人,汽车智能网联,本科,5-10年,,18-25K·16薪,贵阳,,2026-05-31 17:36:40
0088d862d75eb2851HJ-3dS_GFZS,风电检修工程师,瀚城科技,20-99人,光伏,学历不限,经验不限,风电检修,7-12K,贵阳,,2026-05-31 17:36:40
eca946fc4343ddb81H150tq_GVNX,光伏电气工程师,龙辰集团,500-999人,风电,大专,5-10年,光伏项目,10-13K,贵阳,,2026-05-31 17:36:40
ae72d5f8c4185f950nZ_0t-0FVFS,注册安全工程师,贵州鑫扬项目管理,0-20人,建筑工程咨询服务,学历不限,经验不限,"建筑, 注册安全工程师证书",8-10K,贵阳,,2026-05-31 17:36:40
fd39072eed94ef251XF-0tq_GVVW,电气调试工程师,智远电力,20-99人,电力/热力/燃气/水利,中专/中技,经验不限,"一次，二次设备调试, 继电保护",7-12K·13薪,贵阳,,2026-05-31 17:36:40
cd65d85a64399b4503Jz0tW9GVRV,商务工程师,贵州亦鑫长瑞商贸,0-20人,医疗健康,本科,经验不限,,5-6K,贵阳,,2026-05-31 17:36:40
5a78721aad0a2d8c0nB-39i0EVpQ,SMT质量工程师,安徽亮剑文化传媒,500-999人,互联网,本科,5-10年,,20-24K·16薪,贵阳,,2026-05-31 17:36:40
898a47efa29c1e060nVz2tq7F1RX,测绘工程师,博睿科讯,0-20人,企业服务,本科,3-5年,"ArcGIS, 地理信息/测绘工程相关专业, 地图数据采集工程师, 地图数据采集经验, 测绘行业经验",9-11K,贵阳,,2026-05-31 17:36:40
f4dc5cf22fbaa13a0ndz2t2_FVNV,土木水利桥隧工程师,贵州小增长网络科技,0-20人,计算机软件,硕士,经验不限,"Abaqus, AutoCAD, MIDAS, 水利工程相关专业, 隧道工程, 施工员, 土木工程相关专业, PKPM, Revit, 结构工程师",200-500元/时,贵阳,,2026-05-31 17:36:40
d623fea991b5523103B72d67F1pR,给排水工程师,习升厚发,20-99人,其他生活服务,大专,1-3年,,5-10K,贵阳,,2026-05-31 17:36:40
4d19016a798094e00nB_2tS-FVNZ,数通工程师,中软国际,10000人以上,计算机软件,本科,1-3年,"运维通信资格证书, CCIE证书",4-6K,贵阳,,2026-05-31 17:36:40
e186919890f1dbf01HR-29q-GVdT,地质工程师,贵州天鹰工程咨询,0-20人,其他专业服务,本科,5-10年,"地质高级职称, 有地质工程师经验, 地质中级职称, 地质报告编制经验, 不需长期出差, 地质工程、资源勘查, 矿产资源勘探经验",5-10K,贵阳,,2026-05-31 17:36:40
07e0e5cad0c7edfc0nB_2tm-EFFV,IA开发工程师,京黔互连,20-99人,计算机软件,本科,在校/应届,"Python, Golang, C++, PHP, Django, Flask, Numpy, Kafka, Selenium, MySQL, PostgreSQL, Hive, Hadoop, 机器学习经验",4-6K,贵阳,,2026-05-31 17:37:01
e03f053cad6190ca0nV62Ny7FVRU,运维工程师,看书蛙,20-99人,智能硬件,大专,经验不限,,100-200元/天,贵阳,,2026-05-31 17:37:01
e65c35cc6fcecc64031z3tW0GFVT,驻场虚拟化工程师（必须具备VCP）-贵阳,中软泰和,100-499人,计算机服务,大专,5-10年,"VCP, MySQL/Oracle, Linux, 系统运维, Oracle, 运维经验",11-15K,贵阳,,2026-05-31 17:37:01
f7cdb7cc1d1139cb0nd82N-4F1pR,高级工程师,凯鼎成,0-20人,房屋建筑工程,大专,10年以上,"10年以上建筑工程经验, 高级建筑工程师职称, 四库一平台有业绩, 施工单位, 一级注册建造师, 安全员B证, 有建筑工程经验, 不需要长期出差/驻场, 土建工程经验",20-30K,贵阳,,2026-05-31 17:37:01
c0b4f76cf885869f1nBy2Ny6GFNY,Linux运维实施工程师,航天智慧农业,20-99人,计算机服务,本科,1-3年,"自动化运维, Linux, Python, Shell, 容器技术, 网络协议, 分布式技术, 网络交换技术",6-10K,贵阳,,2026-05-31 17:37:01
3635a86ff7fe61d90nV83di1EldX,QE中级工程师,中伟新材料,1000-9999人,其他新能源,本科,5-10年,"有质量管理经验, 需要出差, 能源/环保/化工经验, IATF 16949经验, PQE经验（制程）, CQE经验（客户）, 8D报告经验",10-15K·13薪,贵阳,,2026-05-31 17:37:01
a4c43b51fd3d80550nB-2tW5F1dQ,硬件测试工程师,某大型汽车智能网联公司,100-499人,汽车智能网联,本科,3-5年,,20-24K·15薪,贵阳,,2026-05-31 17:37:01
31bd16cf785773871XN72dq_F1FQ,数据分析工程师,华为,10000人以上,计算机软件,本科,经验不限,"Python, SQL, Hive, 数学/统计相关专业, 计算机相关专业, 数据分析/挖掘经验, 云计算, 运维, 爬虫",15-30K,贵阳,,2026-05-31 17:37:01
1f05d2d0d201024f3nN529q8FlY~,风力运维工程师,中广核龙里风力发电,0-20人,电力/热力/燃气/水利,大专,经验不限,"运维, 运维工程师",5-10K,贵阳,,2026-05-31 17:37:01
d13831a7074bc5990nd82N-7FFJZ,风电运维工程师,涿鹿星未来新能源科技,0-20人,其他新能源,中专/中技,经验不限,"风电运维, 接受无光伏/风电运维经验",7-12K,贵阳,,2026-05-31 17:37:01
41a1b498dfe6159c1HZ83Ni_FFdV,贵阳俱进招聘质量管理/测试,贵阳俱进,500-999人,汽车零部件,大专,1-3年,"SPC, APQP, PPAP, CPK, PPK",6-10K,贵阳,,2026-05-31 17:37:01
9c43e722e31b183e0nZ42t65FFpV,信息技术工程师（数据中心）,云上艾珀AIPO,100-499人,大数据,大专,5-10年,,35-40K·13薪,贵阳,,2026-05-31 17:37:01
5da571b78e4cc6b20nB-3t-1GVBQ,质量工程师,贵阳万江,1000-9999人,机械设备/机电/重工,本科,3-5年,"有质量管理经验, 汽车经验, ISO9001经验, DQE经验（研发）, CQE经验（客户）, 需要出差",8-12K,贵阳,,2026-05-31 17:37:01
6e00e68455ce67f01XNy3dW_ElNY,采矿工程师,贵州绿保工程技术...,20-99人,其他行业,本科,5-10年,采矿工程师,13-25K,贵阳,,2026-05-31 17:37:01
16a9e2f4d4798a261XNz2di7GFRS,数据中心基础设施运维工程师,贵州中融信通科技...,100-499人,计算机软件,本科,3-5年,IDC机房运维,7-10K,贵阳,,2026-05-31 17:37:01
bb21a6ac2e5e4a2b031z2t2_EFpT,采矿工程师,开阳广隆矿业有限公司,100-499人,矿产/地质,大专,5-10年,采矿工程师,10-12K,贵阳,,2026-05-31 17:37:22
d701c801ab87477c0nZ93dS1E1pT,电气工程师,江苏方之得,20-99人,电力/热力/燃气/水利,大专,1-3年,Linux,7-12K,贵阳,,2026-05-31 17:37:22
1f88962bf4f14bbd03d53du8FVRV,采矿工程师,中科广盛技术,20-99人,咨询,本科,5-10年,,12-24K,贵阳,,2026-05-31 17:37:22
5a8b16f76e30505a0nR829m9EVRT,矿业工程师,思城设计集团有限公司,20-99人,其他专业服务,本科,5-10年,"工程地质勘察经验, 矿产资源勘探经验, 矿产开采勘察经验, 地质报告编制经验, 地质初级职称, 地质中级职称, 地质高级职称, 不需长期出差, 有地质工程师经验",7-10K,贵阳,,2026-05-31 17:37:22
32199c0455d91c6803182tu8ElNU,项目交付工程师,舜元科技,100-499人,智能硬件,本科,3-5年,"销售支持/交付管理, 实施交付经验, PMP, 非标, 机械",12-20K,贵阳,,2026-05-31 17:37:22
4acb472b5a88579d0nd80ty8EVRX,焊接工程师,微化科技,20-99人,化工,大专,1-3年,"1-3年经验, 包住",7-10K,贵阳,,2026-05-31 17:37:22
30bf3ba31ea9afe00nB43Nq_FlFY,AI 应用 / Agent 工程师,星澜纪元,0-20人,人工智能,本科,经验不限,,8-13K,贵阳,,2026-05-31 17:37:22
baf99103565fe24503N-2N61F1tW,采矿工程师,贵州迪维洛普科技,0-20人,其他专业服务,本科,3-5年,,8-12K,贵阳,,2026-05-31 17:37:22
191ef4c4220d07330nZ80tq9FVRX,运维工程师,贵州荣惠建设工程,20-99人,通信/网络设备,中专/中技,经验不限,"网络运维, 通信相关专业, 熔纤，故障处理，设备熟悉，动力系统，低压, 运维经验",4-9K,贵阳,,2026-05-31 17:37:22
5506c339775009ab1Xx73NW4E1pS,售前解决方案工程师,SmartX,100-499人,计算机软件,本科,5-10年,"云计算, 云原生, 售前",25-35K·16薪,贵阳,,2026-05-31 17:37:22
00e998dbc2dad60e1HR729q6FFFZ,视频监控工程师,贵州金丰盛科技,0-20人,电力/热力/燃气/水利,本科,1-3年,网络运维,5-8K,贵阳,,2026-05-31 17:37:22
a1e7c8498c1beb1e1X160967FlZZ,质量工程师,东汇精密,100-499人,其他制造业,大专,3-5年,"SQA/SQE, GJB9001",7-10K,贵阳,,2026-05-31 17:37:22
d5dcdcdf030429f303F429y5ElpR,驻场技术支持工程师,金水公司,100-499人,大数据,本科,3-5年,,6-11K,贵阳,,2026-05-31 17:37:22
76df408966c132f90nZ-2tS0FFVQ,弱电工程师傅,胜开酒店管理有限公司,0-20人,其他生活服务,大专,1-3年,,4-6K,贵阳,,2026-05-31 17:37:22
26a58b4370b817ae0nR83N66GVdQ,销售工程师,熊猫机械,100-499人,电气机械/器材,大专,3-5年,"客户开发与维护, 市场信息搜集与分析, 项目跟踪, 对机构 (To B) 销售经验, 工业设备销售经验, 商务谈判能力, 大中型企业销售经验, 市场拓展能力",8-13K,贵阳,,2026-05-31 17:37:22
79ff7bc8ca21727603J839q5GFdY,硬件运维工程师,海象信息,20-99人,计算机软件,高中,1-3年,"Java, Nginx, 网络运维, 通信相关专业, 实施交付运维, 系统运维, Redis, 计算机相关专业, Python/Shell, 电子/电气/自动化相关专业, 网络安全相关经验, 运维经验",3-6K,贵阳,,2026-05-31 17:37:45
f60e3d3a5438935203R429-1ElRU,兼职Fluent工程师,百里杜鹃管理区西...,0-20人,学术/科研,本科,经验不限,接受无机械工程师经验,300-500元/时,贵阳,,2026-05-31 17:37:45
9b2393656113c8241HJ539m4F1RT,汽车内饰工程师,贵州华云汽车饰件制造,20-99人,汽车零部件,本科,3-5年,"内饰, 外饰, 汽车相关专业, 机械相关专业, 汽车零部件, 客车内外饰, CAD",7-12K,贵阳,,2026-05-31 17:37:45
77367c8918fbe790031_3tS7FltR,安全质量工程师,贵州泉天欣实业,100-499人,其他制造业,本科,3-5年,"不需要出差, 团队管理经验, PQE经验（制程）, 项目管理经验, ISO9001经验, 其他, 有质量管理经验, 食品/饮料/烟酒经验, HACCP经验",8-12K,贵阳,,2026-05-31 17:37:45
bbf8ccfb64cc9e8203Z909i0FFRX,运维工程师,达得集团,1000-9999人,互联网,学历不限,经验不限,网络运维,4-8K,贵阳,,2026-05-31 17:37:45
2c8c116d48c022bc0nB_3921GFJS,ue5开发工程师,贵州无尽星域科技,0-20人,计算机软件,本科,3-5年,UE5,10-14K,贵阳,,2026-05-31 17:37:45
6bc048ca3dd3f2df0nB-3dy8ElVZ,AI 工程师,贵州顺拓信息科技,20-99人,计算机软件,本科,1-3年,,10-14K,贵阳,,2026-05-31 17:37:45
1231472c92672e6f1nVy0926ElRV,虚拟化工程师,启源信通,20-99人,计算机服务,本科,3-5年,"安全运维, 虚拟化运维, 虚拟机技术",5-8K,贵阳,,2026-05-31 17:37:45
c628ff8aef30a86b1HR-29i9FVpZ,运维工程师,星星充电,1000-9999人,其他新能源,大专,1-3年,"充电桩运维, 能源设备运维",6-9K·13薪,贵阳,,2026-05-31 17:37:45
80988d97fd8c97670nB-3du0FVpW,销售工程师,贵阳万顺和元商贸,0-20人,其他专业服务,本科,3-5年,"客户开发与维护, 项目跟踪, 技术配合与沟通, 售前/售后技术支持, 标书制作, 工业设备销售经验, 商务谈判能力, 大中型企业销售经验, 市场拓展能力, 机械相关学历, 市场营销相关学历, 化学化工相关学历, 能源, 化工, 有技术职称优先",6-7K,贵阳,,2026-05-31 17:37:45
929d1ae8820b85a50nB_29W-E1BW,勘察工程师,贵州中筑勘测设计,100-499人,土木工程,本科,3-5年,"工程地质勘察经验, 地质报告编制经验, 地质初级职称, 不需长期出差, 有地质工程师经验",100-200元/时,贵阳,,2026-05-31 17:37:45
7cdd09bb580cf7551XFz0ti8EVtT,网络工程师,一方舟,0-20人,计算机软件,本科,1-3年,"有网络工程师经验, 1到3年网络工程师经验, 通信相关专业, 计算机相关专业, 熟悉Linux等操作系统, 大型网络运维, 数据中心运维, CCNA/HCIA等, CCNP/HCIP等, PMP证书, 系统集成商, 不需要出差",4-7K,贵阳,,2026-05-31 17:37:45
393336ef5d77136a0nZ72Nm9F1dQ,电气工程师,惠迅达通信,20-99人,通信/网络设备,大专,5-10年,CAD,9-10K,贵阳,,2026-05-31 17:37:45
d811707981e4f6320nB-3t6_GFFQ,初级python工程师,武汉佰钧成,10000人以上,移动互联网,大专,经验不限,,7-12K,贵阳,,2026-05-31 17:37:45
ddc2a9d868fa8a4c0nB42Nm5E1NY,采购工程师,广东凯金新能源,1000-9999人,其他新能源,本科,3-5年,,9-11K,贵阳,,2026-05-31 17:37:45
a85de78298f746860nB-39i6ElBR,全栈工程师,知无境科技,0-20人,人工智能,本科,1-3年,"全栈侧重前端, HTML, TypeScript, Vue, Python, Spring/Spring Boot, MyBatis, Django/Flask, MySQL/Redis/MongoDB, 全栈项目经验",7-9K,贵阳,,2026-05-31 17:38:06
2d03a5c8428494151HV_0ty6GFdT,注册安全工程师,贵州矿安科技有限公司,20-99人,检测/认证/知识产权,大专,1-3年,,4-8K,贵阳,,2026-05-31 17:38:06
448402e72dbedce70nB52ty7FVpY,数据中心维护工程师（自控）,世邦魏理仕,1000-9999人,房屋建筑工程,大专,3-5年,"IDC机房运维, 自控经验, 数据中心",15-20K·13薪,贵阳,,2026-05-31 17:38:06
cb75d04d1135a33a0nB63d-_F1dQ,质量工程师,琥崧集团,500-999人,其他新能源,本科,3-5年,"有质量管理经验, 不需要出差, 电池经验, 8D报告经验, QC七大手法",10-15K,贵阳,,2026-05-31 17:38:06
dc18878f2d3bcb990nB_2dy1EVFS,运维工程师（ITSM）,铭思软件,500-999人,人力资源服务,大专,1-3年,"运维开发/DevOps, Java, MySQL/Oracle, 运维开发经验",8-9K,贵阳,,2026-05-31 17:38:06
213da8d314e7a6500nR-2di-ElpW,AI应用开发工程师,众志业达集团,20-99人,其他专业服务,本科,1-3年,"AI技术应用, 大数据, 云计算",13-25K,贵阳,,2026-05-31 17:38:06
0f83fd1fe5a6c13a3nB83Nm7ElU~,运维工程师,红祥,0-20人,通信/网络设备,中专/中技,经验不限,"运维工程师, 网络运维, IT技术支持, 运维监控, 运维, 应用运维",7-8K,贵阳,,2026-05-31 17:38:06
9b4588a9d00ac81e1nBz3tq4F1VY,造价工程师,盛世黔审,20-99人,其他生活服务,大专,5-10年,可兼职,7-12K,贵阳,,2026-05-31 17:38:06
0f19cefbc8c1a24703150tu-ElZV,运维工程师,贵州联修科技,0-20人,咨询,学历不限,1-3年,系统运维,5-10K,贵阳,,2026-05-31 17:38:06
531106e9b42478d903x82t2_GVNQ,硬件工程师,贵州立诚电子技术,0-20人,电子/硬件开发,本科,1-3年,"芯片/半导体/集成电路, 硬件开发经验",8-13K,贵阳,,2026-05-31 17:38:06
668f2f8ac3b9813e33F80tW9GVo~,巡检工程师,蓝云魔方,20-99人,计算机软件,大专,5-10年,"运维通信资格证书, CCNP证书, RHCA",5-8K,贵阳,,2026-05-31 17:38:06
ab8a3c88e1a62d0a03F52Nu7FlNW,pcb硬件工程师,七江智能科技,0-20人,电子/硬件开发,本科,经验不限,"硬件项目管理经验, 汽车硬件产品, 芯片/半导体/集成电路, 电子电气/自动化相关专业, 智能硬件/可穿戴设备, 硬件开发经验",5-10K·13薪,贵阳,,2026-05-31 17:38:06
6fbe0415e4b937a51nR_3NS5EFFW,服务器工程师,贵州丰胜,0-20人,计算机硬件,大专,1-3年,"Linux, Windows, 虚拟机技术, MySQL, Oracle, 运维, 运维工程师, IT技术支持",5-8K,贵阳,,2026-05-31 17:38:06
0277d65bc4f612dc0nR93dW9FVRS,平台研发工程师,帕科科技,100-499人,计算机软件,本科,3-5年,,6-10K,贵阳,,2026-05-31 17:38:06
4486c751097d810303N82ty4ElBW,暖通工程师,安徽金润丰实验设备,0-20人,机电工程,本科,3-5年,,5-9K,贵阳,,2026-05-31 17:38:06
330d42568d4db2e703x93dm1FFpU,网络工程师（驻场运维）,紫光软件,500-999人,计算机软件,本科,3-5年,"网络运维, IDC机房运维",9-12K,贵阳,,2026-05-31 17:38:28
c0118c284f1158cf0nB709y5FVZU,配网主站运维工程师,闪电邦,100-499人,其他制造业,大专,1-3年,,6-8K·13薪,贵阳,,2026-05-31 17:38:28
332bded70438d9de0nB709W9GFBT,电气工程师,贵阳弗迪,1000-9999人,新能源,本科,3-5年,,8-10K,贵阳,,2026-05-31 17:38:28
eb9d02ae7256e7bc0nd92Nq5FVtV,项目工程师,先越技术,20-99人,通用设备,本科,3-5年,"团队管理经验, 销售支持/交付管理",7-12K·14薪,贵阳,,2026-05-31 17:38:28
ed5f6fbd792f80390nZ839y-EVNR,电气工程师,贵州铱格智能装备,0-20人,专用设备,大专,1-3年,PLC工程师,6-8K,贵阳,,2026-05-31 17:38:28
ed6f5961a509b4050nd-0ty8GVtR,机械结构工程师,中科慧思科技产业,20-99人,职业培训,本科,5-10年,"UG, 自动化机械经验, 智能穿戴设备经验, 铁路/船舶/航空/航天经验, 整机设计经验, 物联网（IoT）设备经验, 机电设备经验, 重型机械经验, 有机械结构工程师经验, 电子/通信经验",10-15K,贵阳,,2026-05-31 17:38:28
32ad9998bebe58d10nB439u4EFZR,体系工程师,贵州小铖实业发展,20-99人,仪器仪表,本科,1-3年,,6-10K,贵阳,,2026-05-31 17:38:28
a7acfcdd9b80d9fd0nZ509W6EVZS,软件工程师,贵州恒飞科技有限公司,20-99人,其他专业服务,本科,3-5年,,8-12K,贵阳,,2026-05-31 17:38:28
b4d81edad4f782890nB53Nq5GVBS,运维工程师,庭宇,100-499人,云计算,本科,3-5年,,10-15K·14薪,贵阳,,2026-05-31 17:38:28
0db6c309d59b825103d939i1E1VX,电气工程师,普凡达建设有限公司,20-99人,电力/热力/燃气/水利,大专,1-3年,,5-10K,贵阳,,2026-05-31 17:38:28
a7d64b55f4ce1ec60nR92NS7FlNX,贵州省驻场运维工程师,贵州启瀚云视科技,20-99人,计算机硬件,大专,1-3年,"网络运维, MySQL/Oracle, 系统运维, IDC机房运维",4-5K,贵阳,,2026-05-31 17:38:28
c461a973414eaa520ndz09q7GVRZ,机电工程师,贵阳荣祥兴机电设...,0-20人,机械设备/机电/重工,本科,3-5年,"设备维修/保养, 电气安装, 机电相关专业, 熟悉PLC编程",5-7K,贵阳,,2026-05-31 17:38:28
5c6b4a87ff7242c60nR52N65FlBU,矿山造价工程师,贵州柯巨科技服务,0-20人,其他专业服务,本科,1-3年,,3000-10000元/月,贵阳,,2026-05-31 17:38:28
4e8ddafd5d178e4403x-3dq5FlBU,运维工程师,贵州军梦拓展有限公司,0-20人,酒店/民宿,大专,,,150-200元/天,贵阳,,2026-05-31 17:38:28
49628742281cfc241HF40ty_GVNW,造价工程师,永建贵阳第一分公司,0-20人,建筑工程咨询服务,本科,5-10年,"第三方造价咨询公司, 一级造价工程师, 水利工程, AutoCAD, 安装工程, 广联达, 二级造价工程师",5-6K,贵阳,,2026-05-31 17:38:28
780e62950e7256e51HN93dm0F1BQ,工程师,贵州爱里舍酒店管理,20-99人,生活服务(O2O),本科,经验不限,"系统运维, 桌面运维, 计算机相关专业, 网络安全相关经验, 大数据运维经验",10-15K,贵阳,,2026-05-31 17:38:48
8fcb7fb5f0b465811XRy3Nu-EFVR,维修服务工程师,P,20-99人,机械设备/机电/重工,中专/中技,在校/应届,"五险一金, 餐补, 绩效奖金, 全勤奖",4-6K·15薪,贵阳,,2026-05-31 17:38:48
4c3a5dff57056d5c0nV42Nu7EVZT,运维工程师,贵州迅达,20-99人,通信/网络设备,本科,3-5年,,6-7K,贵阳,,2026-05-31 17:38:48
1ff5a9f4880988a31Xx82dm8EVJW,技术工程师,升腾网络,0-20人,通信/网络设备,大专,1-3年,网络运维,5-8K·14薪,贵阳,,2026-05-31 17:38:48
b489af61a6e44bfd1HB83Nq0F1VR,造价工程师,中问,20-99人,工程施工,本科,3-5年,"第三方造价咨询公司, 造价咨询公司经验, 房建工程造价经验, AutoCAD, Microsoft Office, 安装工程造价经验, 土建工程造价经验, 安装工程, 3-5年工程造价经验, 不需要长期出差/驻场, 市政工程造价经验, 一级造价工程师, 有工程造价经验, 土木建筑工程, 交通运输工程, 施工单位造价经验, 地产公司造价经验, 广联达",10-15K,贵阳,,2026-05-31 17:38:48
2de939f15876e18b0nd82961FFJW,运维工程师,贵州建兴科技,20-99人,工程施工,大专,1-3年,,4-5K,贵阳,,2026-05-31 17:38:48
d6765897db9536cd1XR429S6GFBU,电梯工程师,保利贵州物业,1000-9999人,物业管理,高中,5-10年,"五险一金, 工龄奖",8-12K,贵阳,,2026-05-31 17:38:48
1cc6dc412702767a0nV53tu6EVFW,环评工程师,贵州兰诚硕测绘,0-20人,土木工程,大专,3-5年,"要求环评工程师经验, 5-10年环评经验, 竣工环保验收经验, 水保方案编制经验, 水土保持报告, 环境评估报告, 环评职称",5-9K,贵阳,,2026-05-31 17:38:48
2f36693cc459a63a0nB-3t28F1ZU,网络SRE工程师（贵州）,顺丰科技,1000-9999人,互联网,本科,5-10年,,10-15K·15薪,贵阳,,2026-05-31 17:38:48
0191bcd5974baa930nB62Nq-FFtW,Agent开发工程师,贵州省酱桓酒业,0-20人,其他消费品,本科,3-5年,"机器学习类AI, C端产品, AI机器人, 语音类AI, 视觉类AI, 语义类AI",10-15K,贵阳,,2026-05-31 17:38:48
ffa63985d1f6a4c603V-2964GFdW,运维售后工程师,贵州奥宇,0-20人,批发/零售,中专/中技,在校/应届,"电子/电气/自动化相关专业, 电路技术安装维护, 认真做事的有技术的专业素质人才, 电工证，, 要搬运移动设备，有一定体力要求, 短时间在市区或省内城市间出差",5-7K,贵阳,,2026-05-31 17:38:48
36a54402c9341ec603V73NW7GVpS,驻场运维工程师,数森科技,20-99人,计算机服务,大专,1-3年,"网络运维, Java, 通信相关专业, 系统运维, 计算机相关专业, IDC机房运维",3-4K,贵阳,,2026-05-31 17:38:48
f8b8d403471834e70nR52965E1tS,销售工程师,咸亨国际,1000-9999人,批发/零售,大专,经验不限,"市场信息搜集与分析, 能源, 工业设备销售经验, 电力/燃气/水利, 客户开发与维护, 业务创新能力, 对机构 (To B) 销售经验, 仪器仪表/工业自动化, 项目跟踪",6-7K,贵阳,,2026-05-31 17:38:48
16c5e8d4c359cbef1HZ739-4EFY~,运维工程师,上海博登信息,20-99人,计算机软件,大专,5-10年,"运维, Linux, 数据库",12-17K,贵阳,,2026-05-31 17:38:48
f59f7d985e9bdab80nR80tW7F1BV,电力运维工程师,广西海辉新能源,20-99人,电力/热力/燃气/水利,学历不限,1-3年,,5-8K,贵阳,,2026-05-31 17:38:48
301a0ebfaa14840d03142t24E1FR,AI售前工程师,中孚恒升,0-20人,计算机软件,本科,在校/应届,"系统集成, 计算机/通信相关专业, 机械/电子工程相关专业, 售前技术支持经验, 可适应出差",4-5K,贵阳,,2026-05-31 17:39:07
60ab86056417896a03B52ti4GFBY,材料工程师,铂韬电子,20-99人,新材料,硕士,1-3年,"伪装隐身材料, 铁路/船舶/航空/航天经验, 电磁功能材料, 复合材料经验, 仿真, 材料合成经验, 复合材料相关专业",10-15K,贵阳,,2026-05-31 17:39:07
1a381bfd0bd70ac103R_3N--F1FR,运维工程师,贵州益华通科技,0-20人,计算机服务,高中,1-3年,"Java, 网络运维, 通信相关专业, 实施交付运维, 系统运维, 桌面运维, 计算机相关专业, 运维经验, 打印机/复印机维修经验",4-8K,贵阳,,2026-05-31 17:39:07
a2500d62cec208060HR909m6GFE~,驻场工程师,银河信技术服务,20-99人,其他专业服务,大专,1-3年,"运维监控, 机房运维, 系统运维, 运维工程师",6-7K,贵阳,,2026-05-31 17:39:07
3e5e163d8e2cb67c03N43N26GVZZ,运维工程师,贵州荣裕昌盛科技,0-20人,回收/维修,学历不限,1-3年,,4-6K,贵阳,,2026-05-31 17:39:07
198dde98f26d3efe03173Nm4ElFX,风机运维工程师,贵阳九洲翔丰环保科技,20-99人,通用设备,大专,3-5年,,4-9K,贵阳,,2026-05-31 17:39:07
2eff6f2c01a20d500nd60tW7GVdS,ai代码工程师,广州羽晴,20-99人,互联网,硕士,1-3年,"深度学习, 大模型算法, 强化学习, 规控算法, 广告算法, 推荐算法, 模型加速/性能优化, 风控算法, Python, 分布式训练, 其他, 算法工程化经验, 发表算法相关优秀论文, 优秀开源项目经历",8-13K,贵阳,,2026-05-31 17:39:07
e15d16a8a6df3bf40nd82NW_E1BT,机械设计工程师,贵阳铭轩科技有限公司,20-99人,计算机软件,本科,5-10年,,8-13K,贵阳,,2026-05-31 17:39:07
0fb0c585ff36d6c01nxz3tS5EFtV,售前工程师,数智教育科技,0-20人,计算机服务,大专,1-3年,"售前技术支持经验, 系统集成, 系统集成产品, PMP, 撰写技术方案, 新需求, 信息系统项目管理师, 技术标, 售前工程师, 技术沟通",10-15K,贵阳,,2026-05-31 17:39:07
26475f157cb664c803V73ti9EFJZ,节能工程师,贵州陇尚黔工程咨询,0-20人,咨询,本科,1-3年,CAD,5-10K,贵阳,,2026-05-31 17:39:07
236ce1a3b0c8ea790nd70tS4ElBX,注册安全工程师,贵州华信,0-20人,建筑设计,中专/中技,3-5年,"要求有EHS工程师经验, 注册安全工程师证书, 其他优势经验",9-10K,贵阳,,2026-05-31 17:39:07
3a1a913bbf5b053e0nV729q5FVFV,项目工程师,东创同心集团,100-499人,检测/认证/知识产权,本科,1-3年,团队氛围好,3-8K,贵阳,,2026-05-31 17:39:07
d4795a6e350177281XV92tS4FltU,IT技术工程师,鑫海视,20-99人,通信/网络设备,大专,1-3年,"系统运维, 安全运维, 机房运维, 网络工程师证",6-8K,贵阳,,2026-05-31 17:39:07
fc1758756b1a64000nZ829q6F1NQ,模具开发工程师,亚亿传动,100-499人,原材料及加工/模具,大专,5-10年,"有模具工程师经验, 铸造经验, AutoCAD, UG, Pro/E, SolidWorks, CATIA, 汽车",15-20K,贵阳,,2026-05-31 17:39:07
bfaff186313e26af0nB53tS0GFVZ,售后工程师,华芯医疗,100-499人,医疗器械,大专,1-3年,,5-7K,贵阳,,2026-05-31 17:39:07
0d6b44ee0d35a2be0nd_2dy9E1JW,IT综合运维工程师,康命源科技,100-499人,橡胶/塑料制品,本科,1-3年,,6-8K,贵阳,,2026-05-31 17:39:29
70b3e5000f769b930nVy09i-GVJV,后端工程师,贵州臻古黔盛影业,20-99人,广播/影视,本科,1-3年,"JVM, Java, 不接受居家办公, MySQL, Spring",5-10K,贵阳,,2026-05-31 17:39:29
02d5f8dda429110603N53dy0EFdY,硬件运维工程师,四川省途檬科技,0-20人,互联网,本科,3-5年,"计算机相关专业, 电子/电气/自动化相关专业, 运维经验, 电器工程师, AFC, 行李托运, 门禁监控, 机场闸机",5-8K,贵阳,,2026-05-31 17:39:29
3117c19c49aa26e41XJ42d-9EFtV,运维工程师,贵州省天地伟业,20-99人,计算机软件,中专/中技,1-3年,"安防, 实施交付运维, 计算机相关专业, 电子/电气/自动化相关专业, 运维经验",4-5K,贵阳,,2026-05-31 17:39:29
72d20b34d2d579d91Hx53tW_EVRQ,电气工程师,贵州电之声,20-99人,电力/热力/燃气/水利,本科,经验不限,"变电站二次调试, 变电站, 变电站一次, 二次调试",3-8K,贵阳,,2026-05-31 17:39:29
b40b79c4e081c0f91Hd-2t2-FFZW,销售工程师,深圳市尚为照明,1000-9999人,自动化设备,本科,1-3年,"对企业/机构（To B）销售经验, 企业（To B）, 面销/陌拜经验",5-10K,贵阳,,2026-05-31 17:39:29
cde3bde5d954a1581nZ80tS_FlRV,运维工程师,华成电子科技有限公司,20-99人,人力资源服务,学历不限,经验不限,"维修技术, 投影仪，大屏等维修",2-4K,贵阳,,2026-05-31 17:39:29
6fe8ff73054690591HVz3NS6GVJX,机电bim工程师,吾行工业,20-99人,电力/热力/燃气/水利,大专,3-5年,"施工单位, 传统行业, 施工工程师, 负责驻场, 较多出差, 电气, 供配电系统, 电气控制系统, 驾驶证, AutoCAD, Revit",6-10K,贵阳,,2026-05-31 17:39:29
4cbd5c3f952d67820ndy2dy7F1VX,YX02-系统运维工程师（贵阳区域）,远信科技,500-999人,互联网,本科,1-3年,,6-9K,贵阳,,2026-05-31 17:39:29
57b050b1fb859cab0nB60929FVtV,应届生-运维工程师-贵阳,亚信科技,10000人以上,计算机软件,本科,在校/应届,校招,面议,贵阳,,2026-05-31 17:39:29
4e728487621b534a03V40tq-GFFY,运维工程师,助力互联,20-99人,互联网,本科,5-10年,,8-13K,贵阳,,2026-05-31 17:39:29
f052c1a30c45ef4d03x83N-5EldS,运维工程师,双王科技,20-99人,通信/网络设备,本科,1-3年,系统运维,4-5K,贵阳,,2026-05-31 17:39:29
6935957fcdf5af7503N_09q7ElJT,高级技术工程师,平流层,0-20人,人工智能,硕士,在校/应届,"售前技术支持经验, 系统集成, 能源信息化项目, 医疗/大健康信息化项目, 人工智能、无人机、智能驾驶, 信息系统项目管理师, 计算机/通信相关专业, 云服务, 低空科技, 可适应出差",8-13K·15薪,贵阳,,2026-05-31 17:39:29
a118de2fd12395500nB52dy6F1RU,锅炉工程师,嘉信立恒,10000人以上,物业管理,中专/中技,5-10年,"5-8年经验, 月结, 包住",10-11K·13薪,贵阳,,2026-05-31 17:39:29
fe7f6cc1d40d83c20nB429y5F1tU,园林园建工程师,恒瑞隆,20-99人,房地产开发经营,本科,5-10年,,10-12K,贵阳,,2026-05-31 17:39:29
646ed9e6a8a103a00n1-29i-FVE~,维护工程师,固创云,0-20人,仪器仪表/工业自动化,大专,1-3年,"运维工程师, 系统运维, 网络运维, 机房运维",4-7K,贵阳,,2026-05-31 17:39:51
84e15f02ddd8938d03xz2dy9GVVT,运维工程师,芃熙信息,0-20人,计算机硬件,大专,5-10年,"网络运维, 系统运维, IDC机房运维, 计算机相关专业, 通信相关专业, 电子/电气/自动化相关专业, 网络安全相关经验",5-8K,贵阳,,2026-05-31 17:39:51
72da3b1af0e9e4b803J_0t67EFpT,运维工程师,贵州拓视实业有限公司,100-499人,通信/网络设备,大专,1-3年,,3-7K,贵阳,,2026-05-31 17:39:51
b29fd423f778d6e40nR-3di4ElZZ,java工程师,一飞印业,20-99人,其他制造业,本科,3-5年,"Java, 不接受居家办公, 团队管理经验, 分布式经验, SpringCloud, MySQL, MyBatis, Redis, 其他, 架构设计经验, Spring, ERP开发经验",6-10K,贵阳,,2026-05-31 17:39:51
c32f0c1453a430151HZ40tu7FlVY,运维工程师,橙钰传媒,0-20人,文化艺术/娱乐,中专/中技,1-3年,网络运维,4-5K,贵阳,,2026-05-31 17:39:51
cff7a40dbe78cc2303Z_0tq7FlNY,运维工程师,广东中科数通云科技,20-99人,计算机服务,大专,1-3年,,4-5K,贵阳,,2026-05-31 17:39:51
b7f13664335323e90nZz0ty0EFFU,设备运维工程师,绿恩环保,100-499人,仪器仪表,本科,1年以内,"网络运维, 系统运维, 运维经验",6-7K,贵阳,,2026-05-31 17:39:51
f42f0b01dcc0575e1XB53t2_EltZ,编程工程师,中达鸿腾,20-99人,其他专业服务,本科,3-5年,C++,3-4K,贵阳,,2026-05-31 17:39:51
e813d29fe33a264603N_2d-8GVdV,运维工程师,润建股份,1000-9999人,互联网,本科,3-5年,,6-8K,贵阳,,2026-05-31 17:39:51
8771d637788387210nVz0tW_GFJW,电气工程师,玖良,20-99人,自动化设备,本科,3-5年,"电路设计, 电气, 机械设备, 电子半导体, PLC工程师, eplan",8-13K,贵阳,,2026-05-31 17:39:51
a2aca68154d6cd9003Fy3N-0FFBW,电气工程师,智源电力,0-20人,电力/热力/燃气/水利,大专,经验不限,"电机工程师, 电气工程师证, 中级高级职称",10-11K,贵阳,,2026-05-31 17:39:51
3ad2de8d136539811HJ809m6FlJU,暖通工程师助理,贵阳奥驰机电设备,20-99人,通用设备,大专,经验不限,"安装施工, 方案设计, 日常运维, 写字楼, 医疗建筑, 负责驻场, 了解常用空调系统, 了解中央空调知识",4-5K,贵阳,,2026-05-31 17:39:51
2ee035fbd3e0ec9a1nJ43dS9EFpQ,运维工程师,贵州瑞瀚,100-499人,通信/网络设备,大专,1-3年,"网络运维, 系统运维, 安全运维, IDC机房运维",4-6K·13薪,贵阳,,2026-05-31 17:39:51
14c30e8b7a28364b03N429-4F1RX,物理测试工程师,熠品质量检测公司,100-499人,医疗器械,本科,3-5年,,5-9K,贵阳,,2026-05-31 17:39:51
c67313c81210565c0nB-0t66FFFY,机电工程师,江苏邮电,1000-9999人,通信/网络设备,大专,3-5年,"市政类设计院, 施工单位, 施工工程师, 电气, 暖通",7-11K,贵阳,,2026-05-31 17:39:51
99f9ea2a726ccfa203V739i1FlpX,金属材料工程师,先越技术,20-99人,通用设备,硕士,1-3年,"材料/产品量产经验, 团队管理经验, 材料检测经验, ‌汽车‌经验, 铁路/船舶/航空/航天经验, 金属材料, 材料选型经验, 金属材料经验, 材料改性经验, 合金材料经验",8-13K·14薪,贵阳,,2026-05-31 17:42:13
5d82de0cbe6229700nR52du0FFtQ,岩土工程师,贵州盛世骨朵企业...,0-20人,房屋建筑工程,本科,5-10年,注册土木工程师,5-40元/时,贵阳,,2026-05-31 17:42:13
c9cf2bf8512928c71nJ52tm_F1FT,运维工程师,富思邦,0-20人,机械设备/机电/重工,大专,1-3年,应用运维,6-9K,贵阳,,2026-05-31 17:42:13
92a782cd9f4ad5a30nB609m6FVZT,轴承销售工程师,正向商贸,0-20人,批发/零售,中专/中技,5-10年,,5-10K,贵阳,,2026-05-31 17:42:13
3b231405b4c4f73303R53dy0FlVS,建模工程师,高新兆诚,20-99人,计算机软件,大专,1-3年,,5-6K,贵阳,,2026-05-31 17:42:13
0a55cc647a6ba9b903163t61E1VY,中级运维工程师,贵州瑞筑科技有限公司,0-20人,其他专业服务,大专,1-3年,,4-6K,贵阳,,2026-05-31 17:42:34
8a03f455868352310nZ52tu8E1dU,售后运维工程师,珠海安克,100-499人,计算机软件,大专,1-3年,,4-7K,贵阳,,2026-05-31 17:42:34
a90376052700a3560nV92dy1F1A~,电气工程师,贵州迈卓自动化,0-20人,机械设备/机电/重工,高中,5-10年,"机电一体化, 发那科, 西门子",8-13K,贵阳,,2026-05-31 17:42:34
c586fe1ab6b1cdf403Vz3Nm6GVtT,研发工程师,贵阳某中型电线电缆制造公司,500-999人,其他制造业,博士,经验不限,"铅酸电池, 锂电池, 燃料电池, 电芯, 电池热管理, 磷酸铁锂电池",20-25K,贵阳,,2026-05-31 17:42:34
86a86946eaeb87b61XF-2N20EltT,驻场运维工程师,贵州启瀚云视科技,20-99人,计算机硬件,大专,1-3年,"网络运维, MySQL/Oracle, 系统运维, IDC机房运维",4-5K,贵阳,,2026-05-31 17:42:34
6338d46f30eb24b30nB70tW4GFdT,项目商务对接工程师,贵州筑新匠企建设,20-99人,建筑设计,本科,经验不限,,3-5K,贵阳,,2026-05-31 17:42:34
6984a518df65202b0nd509S1ElNV,agent工程师,某知名批发公司,1000-9999人,批发/零售,本科,1-3年,,20-40K,贵阳,,2026-05-31 17:42:34
84894a580cbe7b611HNy3di0FFJR,朗洲安全科技招聘生产安全员,朗洲安全科技,100-499人,咨询,本科,5-10年,"金属冶炼, 非煤炭矿山, 注册安全工程师证书",10-15K,贵阳,,2026-05-31 17:42:56
e9664c3c2a4c71ed03d_3dS4FFdX,地质矿产工程师,贵州弘华生态科技,20-99人,其他专业服务,大专,5-10年,"有地质工程师经验, 地质中级职称, 矿产资源勘探经验",4-9K,贵阳,,2026-05-31 17:42:56
47094313b59e78670nB43tq8F1NR,船舶工程师,贵州宇轩游艇有限公司,0-20人,其他专业服务,大专,经验不限,"包吃住, 机修工职业资格证书技师证, 月结, 机修工职业资格证书高级技师证, 招学徒, 高级机修工职业资格证书, 初级机修工职业资格证书, 中级机修工职业资格证书",5-10K,贵阳,,2026-05-31 17:42:56
967f749a1334e8481XR439-1GFRU,网络工程师,银河信技术服务,20-99人,其他专业服务,大专,3-5年,"故障处理, 路由器配置, 交换机配置, 网络规划设计",7-8K,贵阳,,2026-05-31 17:42:56
3e5f221a012af6d50nZy2d67GVRY,数据中心运维工程师（网络）,城市云,100-499人,大数据,本科,5-10年,"网络运维, IDC机房运维, 运维经验",8-13K,贵阳,,2026-05-31 17:42:56
13f109994502902f1XN43N-5ElZY,交付实施工程师,贵州齐聚星网络,0-20人,计算机服务,大专,1-3年,"计算机相关专业, 运维开发经验",5-10K,贵阳,,2026-05-31 17:42:56
92b8d594e62e659903F-3t-_E1tX,java开发工程师,贵阳铭轩科技有限公司,20-99人,计算机软件,本科,3-5年,"Java, SpringCloud, MySQL, Redis, Spring",8-13K,贵阳,,2026-05-31 17:42:56
2e8da88f2ad0c0460nB42tu7GFtW,金蝶实施工程师,群鹰工程,500-999人,矿产/地质,大专,3-5年,,10-13K,贵阳,,2026-05-31 17:42:56
cc7a44f0a80516610nR52tm6ElZV,华为工程师教学,宿州途耀信息技术,100-499人,计算机服务,大专,3-5年,,5-6K,贵阳,,2026-05-31 17:42:56
7760daadf122ec680nB_39W0GVBX,环保工程师,峰洁不锈钢有限公司,0-20人,建筑材料,大专,5-10年,"废水处理设计经验, 设备安装调试经验, 不需长期出差, 有环保工程师经验",10-11K,贵阳,,2026-05-31 17:42:56
13d141b010d256010nZ82NW7EFFS,技术支持工程师（数据中心）,多多云科技,100-499人,互联网,本科,5-10年,,12-15K,贵阳,,2026-05-31 17:42:56
21d82774f3d8f24103Jz0ty1GFtT,市政中级工程师,黔炬帆,20-99人,其他专业服务,大专,3-5年,"市政工程, 施工单位, 其他, 市政工程经验, 可兼职",10-11K,贵阳,,2026-05-31 17:42:56
2a011ec780d1b09e0nR_2tW6EVdX,销售工程师,贵州安瑞,0-20人,专用设备,大专,1-3年,,8-9K,贵阳,,2026-05-31 17:42:56
384d19312aa14af303Nz3dS0FVFT,充电桩运维工程师,全盟电力,100-499人,仪器仪表/工业自动化,大专,1年以内,,5-10K,贵阳,,2026-05-31 17:43:17
79e1cd7b44b2711503d63Ni_F1VY,运维工程师,贵州奥子启网络技...,0-20人,通信/网络设备,大专,经验不限,,2-7K,贵阳,,2026-05-31 17:43:17
adcaadf0b80f7ca903Jy2tW6E1pU,电气设计工程师,十一科技贵阳分院,100-499人,风电,硕士,经验不限,,10-15K,贵阳,,2026-05-31 17:43:17
345733a6a536b6e203d_2tu8FVNT,工艺工程师助理,金云丰,20-99人,铁路/船舶/航空/航天制造,本科,10年以上,"机械加工制造经验, 模具经验, 夹具/治具经验, 刀具/磨具经验, 热处理工艺, 其他, UG, 现场工程师（ME）经验, 团队管理经验, 需要出差",6-8K,贵阳,,2026-05-31 17:43:17
6c8f36f187f8168703x_3Ni4ElFQ,地质工程师,贵州凌达环境工程...,0-20人,矿产/地质,本科,1-3年,"矿产资源勘探经验, 地质报告编制经验, 其他地质经验, 地质中级职称, 地质高级职称, 有地质工程师经验, 急招矿产副高级工程师",4-9K,贵阳,,2026-05-31 17:43:17
b1d9221a67ba1f930nB42tq8GFZX,高级工程师,远景帆,0-20人,建筑工程咨询服务,大专,5-10年,,12-13K,贵阳,,2026-05-31 17:43:17
78a729ff972e1ea71nV50960F1RZ,运维工程师,金信林,0-20人,批发/零售,大专,1-3年,"运维监控, IT技术支持, 网络运维, ERP系统管理, 安防系统",4-8K,贵阳,,2026-05-31 17:43:17
0a33196637ea6b061nF42Nm_GVRR,建筑工程师,贵州百溪,20-99人,装修装饰,学历不限,1年以内,综合体,4-5K,贵阳,,2026-05-31 17:43:17
641f3b4cdb42c9a80nB43Nm6FlFX,销售工程师,海能未来技术,500-999人,仪器仪表,本科,1-3年,"仪器仪表/工业自动化, 医疗设备/器械, 检测认证",10-15K·15薪,贵阳,,2026-05-31 17:43:17
533079e69600fa6b0nd70t-_EVdT,注塑工程师,隆扬汽车零部件公司,20-99人,其他制造业,高中,10年以上,"注塑机调试, 注塑机保养/修理, 注塑工艺设计/评审, 生产技术支持, 生产异常分析/处理",7-11K,贵阳,,2026-05-31 17:43:17
8aeeb575547f764d0nV_09S8GFNV,机房运维工程师(贵阳),卓欣,100-499人,信息安全,大专,3-5年,"空调, 机房, 供配电系统, 低压电工证, IDC机房运维, 动环监控",5-7K,贵阳,,2026-05-31 17:43:37
3adab7f6e9a1f8850nZ909i6FFJX,风资源工程师,贵州国科电能源,500-999人,风电,本科,1-3年,,10-15K,贵阳,,2026-05-31 17:43:37
ca1799ae90aa182e1X163Nu-ElRR,电器工程师,贵州缘清,20-99人,机械设备/机电/重工,大专,3-5年,"PLC工程师, 电控工程师",7-8K,贵阳,,2026-05-31 17:43:37
a64dd17ad55ab9ea0ndz39W7FFJW,光电工程师,航旭电子,20-99人,电子/硬件开发,本科,1-3年,"光电工程师, 包吃住",5-7K,贵阳,,2026-05-31 17:43:37
1eaca6564fb527461HB-2Nm8ElFX,土建造价工程师,贵州壹号项目管理咨询,20-99人,咨询,大专,3-5年,"第三方造价咨询公司, 一级造价工程师, 有工程造价经验, 土木建筑工程, 需要长期出差/驻场, 安装工程, 广联达, 二级造价工程师",7-12K,贵阳,,2026-05-31 17:43:37
07285f29471a249903Bz2dW7GFdT,运维工程师,永鼎致远,100-499人,计算机软件,本科,5-10年,,11-13K,贵阳,,2026-05-31 17:43:37
ab06e5cd50c9b1d103J73dy1EVNW,PHP工程师,贵州云佩科技有限公司,20-99人,计算机软件,本科,1-3年,"ThinkPHP, 支付, Workerma, 游戏, Laravel",8-11K,贵阳,,2026-05-31 17:43:37
b67129c6f99761601nxy2dW1ElpX,机房运维工程师,紫晶通信,100-499人,通信/网络设备,大专,经验不限,"机房运维, 安全运维, 自动化运维, 系统运维, 运维通信资格证书",4-8K,贵阳,,2026-05-31 17:43:37
a10568a4f0e6b6e10nZy2dS-GVdY,初级FPGA工程师,贵州逻辑电子,0-20人,电子/半导体/集成电路,本科,经验不限,,5-6K,贵阳,,2026-05-31 17:43:37
f9def464d0bf016e03xz3Nu5GFtZ,电气工程师,昂华（上海）自动...,100-499人,自动化设备,大专,经验不限,PLC工程师,11-20K·14薪,贵阳,,2026-05-31 17:43:37
67186228534921900nZ42929EFZS,网络运维工程师,奥瑞德,1000-9999人,电子/半导体/集成电路,大专,3-5年,,7-9K,贵阳,,2026-05-31 17:43:37
b5b84f43b706c6a41Hd83tS_EVNY,运维工程师,国龄传媒,100-499人,广告/公关/会展,大专,经验不限,"运维开发/DevOps, Kubernetes, Nginx, Docker",5-8K,贵阳,,2026-05-31 17:43:37
5ccac62676aecc5e0nVy3tW_E1VV,运维工程师,贵州威尔诚医疗设...,0-20人,医疗器械,本科,3-5年,,5-8K,贵阳,,2026-05-31 17:43:59
83b211e648485fa80nZ839u7FFNQ,数据标注工程师,贵阳市清源华茂数据,500-999人,人工智能,大专,经验不限,,3-5K,贵阳,,2026-05-31 17:43:59
9816f23ba86bad6903J-2d-4FFpW,技术支持工程师,宇云科技,20-99人,移动互联网,大专,经验不限,"IT服务, 计算机软件, 大数据, 云计算",3-5K,贵阳,,2026-05-31 17:43:59
4cf72df5151acce41Hd53tq7FVVV,高级网络工程师,明辉科技,0-20人,计算机硬件,本科,1-3年,"CCIE/HCIE等, 网络建设/系统集成经验, CCNA/CCNP, 网络架构设计, 有网络工程师经验, 网络运维经验, 1到3年网络工程师经验, HCIE, 熟悉Linux等操作系统, 系统集成商, 计算机相关专业, 数据库管理",7-10K,贵阳,,2026-05-31 17:43:59
55b48bc554e7871d1nVy2tS0GFNY,高级VR工程师,南京龙贞,100-499人,计算机软件,大专,1-3年,"C++, 计算机软件, Unity3D Virtools",7-12K,贵阳,,2026-05-31 17:43:59
d23bf0ab012e2f060nR_3Nm0EVVS,中级运维工程师,数据宝,100-499人,互联网,本科,5-10年,,7-11K,贵阳,,2026-05-31 17:43:59
33d1314a2a0589e50nZz3d60GFNQ,Ai模型部署运维工程师,桦茂广告有限公司,0-20人,文化艺术/娱乐,本科,1年以内,,5-8K,贵阳,,2026-05-31 17:43:59
375fd2cd1cd739f30nZy0t61ElVQ,机电工程师,重庆大东汽车配件,500-999人,汽车零部件,学历不限,经验不限,设备维修/保养,5-6K,贵阳,,2026-05-31 17:43:59
a0fa7fbdb611e0291XJ-2dq_GVtQ,研发工程师,联德液压(贵阳),100-499人,通用设备,本科,3-5年,"工龄奖, 加班费, 五险一金",6-11K,贵阳,,2026-05-31 17:43:59
8de78d2628469b1503193tW9F1pV,机械工程师,致恒智能,100-499人,专用设备,大专,3-5年,"自动化机械经验, AutoCAD, 新能源经验, 非标设计经验, 化工经验, SolidWorks, 有机械工程师经验",8-13K·13薪,贵阳,,2026-05-31 17:43:59
62e470f91542b1820nB52ty4E1RT,维护工程师（暖通）,世邦魏理仕,1000-9999人,房屋建筑工程,大专,3-5年,"IDC机房运维, 暖通设施运维, 电气, 数据中心",15-20K·13薪,贵阳,,2026-05-31 17:44:20
c5b270f6a77025070ndy2NS1ElFR,渗透测试工程师,贵州腾芯科技有限公司,100-499人,信息安全,大专,1-3年,"渗透测试经验, 攻防对抗经验",10-12K,贵阳,,2026-05-31 17:44:20
a4c375be6082bf8003Z70tW9ElNX,运维工程师,捷世通,0-20人,通信/网络设备,高中,在校/应届,"网络运维, 安防, 通信相关专业, 系统运维, 打印机, 计算机相关专业, 电子/电气/自动化相关专业, 运维经验, 打印机/复印机维修经验",3-4K,贵阳,,2026-05-31 17:44:20
61ecb1ec351c580c0nB_2d69GFpY,测试工程师,云光博恒,20-99人,互联网,大专,5-10年,,6-8K,贵阳,,2026-05-31 17:44:20
3d6ceb9673bfeb030nZ93tW6E1tS,调味工程师,贵州味特食品有限公司,20-99人,食品/饮料/烟酒,大专,1-3年,"食品加工及制品, 食品相关专业, 粮食加工",6-11K,贵阳,,2026-05-31 17:44:20
151dffbfabc67e6e0nB62Nq_GFBT,高级网络运维工程师,美迅科技,20-99人,通信/网络设备,本科,3-5年,"网络运维, 通信相关专业, 计算机相关专业, 运维经验",6-9K,贵阳,,2026-05-31 17:44:20
94451fcd856a66771XF52ti0GFVW,运维工程师,联合汇通科技有限公司,20-99人,银行,大专,3-5年,"系统运维, 熟悉视频监控，报警系统及门禁系统",4-5K,贵阳,,2026-05-31 17:44:41
76c68b7ce136b5f30nd52925GFBY,造价工程师,贵州泽邦工程技术,0-20人,财务/审计/税务,大专,1-3年,"接受无工程造价经验, 不需要长期出差/驻场",5-10K,贵阳,,2026-05-31 17:44:41
01506ed88afced2a0nZz0tS4F1pX,运维工程师,贵州云助理网络科技,0-20人,互联网,大专,1年以内,"桌面运维, 网络运维, 系统运维, 计算机相关专业, 通信相关专业, 电子/电气/自动化相关专业, 运维经验, 运维开发经验",3-6K,贵阳,,2026-05-31 17:44:41
e7cef60851307aae031_3Ny0GFZY,资深运维工程师,九世窖藏,20-99人,电子商务,大专,5-10年,,10-11K,贵阳,,2026-05-31 17:44:41
d785a683fb03303603x-2du8EFZS,遥感应用工程师,神马勘测,100-499人,其他专业服务,硕士,经验不限,"深度学习, 图像算法, SLAM算法, 多模态算法, 融合感知算法, C/C++, Python, MATLAB, 发表算法相关优秀论文, 参加算法相关竞赛/获奖",11-15K,贵阳,,2026-05-31 17:44:41
c08fff0b1d3ab87d1nd609W9E1BZ,运维工程师,海润达,0-20人,环保,大专,1-3年,系统运维,4-8K,贵阳,,2026-05-31 17:44:41
556df6a1fd46a7f51HB_39u7FFBY,现场运维工程师,贵州卓康教育科技,20-99人,计算机软件,大专,1-3年,"系统运维, 计算机相关专业",4-6K,贵阳,,2026-05-31 17:44:41
b64182b6d384c43d0nB43tW4FFVY,运维工程师,贵州合江文化传媒...,20-99人,广告/公关/会展,本科,3-5年,"网络运维, 运维开发/DevOps, 实施交付运维, Python/Shell, Golang, Redis, Elasticsearch, MySQL/Oracle, 计算机相关专业, 通信相关专业, 电子/电气/自动化相关专业, 运维经验, 运维开发经验",4-8K,贵阳,,2026-05-31 17:44:41
b13b9229fb34a4e80nZz2dW5FlJQ,电气工程师,惠诚滋知,100-499人,批发/零售,大专,3-5年,"PLC工程师, 单片机开发, 电路设计",8-12K,贵阳,,2026-05-31 17:44:41
9440bf68045017af0nB-29u7GFVQ,一级造价工程师,贵州黔之澜项目管理,100-499人,工程施工,本科,1-3年,"有工程造价经验, 安装工程造价经验, 土建工程造价经验, 电力工程造价经验, 水利工程造价经验, 造价咨询公司经验, 1年内工程造价经验, 1-3年工程造价经验, 一级造价工程师, 不需要长期出差/驻场, 可兼职",5-6K,贵阳,,2026-05-31 17:44:41
11e4818bfae5ca0d0nRz39y6EVdX,林业高级工程师,环创环境技术有限公司,0-20人,其他专业服务,大专,3-5年,"林业工程师职称, 林业技术员, 市场经验, 节假日福利, 有林业经验/技能, 林业高级工程师, 无销售性质, 3年以上林业经验",6-10K,贵阳,,2026-05-31 17:45:03
2f65cb527740add81Hx-0tm0EFJQ,电信装维工程师,贵阳市经济开发区...,0-20人,运营商/增值服务,大专,经验不限,"网络维护, 电工证, 登高证, 宽带装维, 接受无宽带装维经验",5-10K,贵阳,,2026-05-31 17:45:03
934af487dd6f249e03d-2Ni6E1JW,.net开发工程师,贵州智软,20-99人,计算机软件,本科,3-5年,".NET, .NET开发经验, 服务端开发经验, ERP系统开发经验, OA系统开发经验, CRM系统开发经验",5-8K,贵阳,,2026-05-31 17:45:03
32791f606261909d1nN-2N-8ElJY,运维工程师,合兴科技,0-20人,计算机硬件,大专,经验不限,"网络运维, 系统运维, 实施交付运维, 计算机相关专业, 网络安全相关经验",3-7K,贵阳,,2026-05-31 17:45:03
b8631e44f571547d1nZ_09-7FFdQ,电气工程师,博远机电,20-99人,仪器仪表/工业自动化,本科,3-5年,"电气, 编程 PLC, CAD, 上位机, 配电, 成套, 自动控制, 西门子 施耐德",6-11K·13薪,贵阳,,2026-05-31 17:45:03
369daa81b99a00ed03R_392_FVNY,电气工程师,乾进技术,0-20人,电子/硬件开发,大专,经验不限,"万用表, 不间断电源, 供配电",3-6K·13薪,贵阳,,2026-05-31 17:45:03
c995efc981881af61Hxy2dW9GVdZ,中高级运维工程师,连屏科技,100-499人,互联网,本科,3-5年,网络运维,8-13K,贵阳,,2026-05-31 17:45:03
0841beb2eba3d5db1HZz0tu1EVBQ,运维工程师,鼎鸿盛智能,0-20人,智能硬件,大专,1年以内,"实施交付运维, 计算机相关专业, 电子/电气/自动化相关专业",4-5K,贵阳,,2026-05-31 17:45:03
dd72ecf700ed2a703nV52NS0E1o~,驻点维护工程师,广州申迪,500-999人,计算机软件,大专,1-3年,"运维工程师, 运维监控, 自动化运维, 机房运维, Python, Shell, 网络协议, MySQL",5-7K·13薪,贵阳,,2026-05-31 17:45:03
3475e3546cebcdf10nZ409u_FVFX,售后运维工程师,安德医智,100-499人,医疗健康,大专,1-3年,"网络运维, 实施交付运维, 系统运维, 网络安全相关经验, 运维经验",5-8K·13薪,贵阳,,2026-05-31 17:45:03
951543f47cb788390nV42dS_FldR,网络安全工程师,贵州上塬电力工程,20-99人,机电工程,本科,1-3年,,4-8K,贵阳,,2026-05-31 17:45:03
c6ef99aa62dc81c51n1z2964FVc~,运维工程师,神英火,0-20人,环保,大专,经验不限,"运维, 系统运维, 数据分析",3-8K,贵阳,,2026-05-31 17:45:23
f9746e5797faafd603Z-2NS0FVpW,工程师主管,中叙设计集团有限公司,0-20人,建筑设计,本科,1-3年,"交付团队, 工程咨询, 公司内部, 项目管理, 用地报批, 数据分析能力",4-9K,贵阳,,2026-05-31 17:45:23
42bd4cbf04f313c10nZ83tu_GVBT,运维工程师,贵州金石头科技,20-99人,通信/网络设备,大专,1-3年,"系统运维, 网络运维, 计算机相关专业, 运维经验, 网络安全相关经验, 通信相关专业",4-7K,贵阳,,2026-05-31 17:45:23
e5605b8d4d5256cf03x92tu6GVtU,运维工程师,雲起智控,0-20人,环保,大专,经验不限,水质运维,4-7K,贵阳,,2026-05-31 17:45:23
e3d1fbba5b62dfd10nd82dy7GVdU,在线设备运维工程师,枫桥生态,0-20人,环保,本科,1-3年,运维经验,5-6K,贵阳,,2026-05-31 17:45:23
9b340d259890045f1XN509i6FVNQ,运维售后工程师,贵州奥宇,0-20人,批发/零售,中专/中技,1-3年,认真做事的有技术的专业素质人才,4-7K,贵阳,,2026-05-31 17:45:23
11ffeada5cb8dff803F72t24GVJU,网络运维工程师,贵州江南航天信息...,500-999人,计算机软件,本科,3-5年,网络运维,6-10K,贵阳,,2026-05-31 17:45:23
0ea27f6742f87e9d0ndz09y_EVZT,造价工程师,保利文物,100-499人,工程施工,本科,3-5年,,6-8K,贵阳,,2026-05-31 17:45:23
77bb6a2c640d6e1b1nR50ty8GFNT,系统运维工程师,ALHS,0-20人,计算机软件,大专,1-3年,"运维, 运维工程师, 集群运维",5-7K,贵阳,,2026-05-31 17:45:23
349698fe2f0e698a1X173dy5GVdV,电气工程师,贵州博泰自动化科技,20-99人,专用设备,本科,3-5年,"电路设计, CAD, 电机工程师, PLC工程师, SolidWorks, eplan",7-10K,贵阳,,2026-05-31 17:45:23
23e82893ea6fe34803152N-7GVpV,全栈工程师,鸾鳐智能,0-20人,人工智能,本科,3-5年,"Java, Vue, 全栈侧重前端, 前端开发经验, React, 全栈项目经验, Python",8-10K,贵阳,,2026-05-31 17:45:23
837887e65b6f97870nd80ti_FlRY,机械工程师,凯创科技,0-20人,仪器仪表/工业自动化,本科,1-3年,"有机械工程师经验, 机电设备经验, 自动化机械经验, 机器人经验, 铁路/船舶/航空/航天经验, 非标设计经验, CATIA, SolidWorks, AutoCAD",4-9K,贵阳,,2026-05-31 17:45:23
a92c777e120facd90nd529q1FFtY,电气主任工程师,贵州裕能新能源电...,500-999人,其他新能源,本科,3-5年,电气工程师证,14-16K,贵阳,,2026-05-31 17:45:23
03702fdca916bfd903Bz29q8FlNQ,运维工程师（系统及虚拟化）-编外,贵州云上产业服务,500-999人,电子商务,大专,1-3年,,4-9K,贵阳,,2026-05-31 17:49:32
ddad0cc0014021c60nd539S4GFRV,声卡调试工程师,汇骏顶传媒,0-20人,文化艺术/娱乐,学历不限,经验不限,,5-9K,贵阳,,2026-05-31 17:49:32
0b3a6b319fd0f8e40nR-3tm6ElpY,地质工程师,贵州黔建云企业管理,100-499人,互联网金融,学历不限,1-3年,"地质相关专业, 不需长期出差, 接受无地质工程师经验",4900-5000元/时,贵阳,,2026-05-31 17:49:32
6ead9d7b6ec888950ndz39S-GFBT,光伏技术工程师,惠州顺合电力工程,20-99人,机电工程,学历不限,3-5年,"光伏安装, 充电桩, 接受无光伏设计经验, 新能源",13-15K,贵阳,,2026-05-31 17:49:32
12b496ae40f971be0nB-09y_ElRQ,硬件工程师,星系旋臂,20-99人,电子/硬件开发,本科,在校/应届,"ROS, 嵌入式, 机械臂, 机器人, 硬件工程师",3-4K,贵阳,,2026-05-31 17:49:32
c64f4e740217d1cd0nB6396-FFFZ,ai算法工程师,思普企业,20-99人,计算机软件,学历不限,3-5年,,15-25K,贵阳,,2026-05-31 17:49:32
46792cab7bd4da4d0nVy2d27E1BX,防水维修销售工程师,贵州龙途建材有限公司,0-20人,建筑材料,大专,3-5年,"建筑类相关学历, 市场拓展能力, 市场营销相关学历, 大中型企业销售经验, 商务谈判能力, 业务创新能力, 客户开发与维护, 建材",4-8K,贵阳,,2026-05-31 17:49:52
e752a9754d4fc71f0nd539m4EFNX,销售工程师,贵州君合晟科技,20-99人,通用设备,大专,1-3年,,5-8K,贵阳,,2026-05-31 17:49:52
c7713dac7075380a0nB609m1EltR,轴承采销工程师,正向商贸,0-20人,批发/零售,大专,1-3年,,5-10K,贵阳,,2026-05-31 17:49:52
2e715be5aa04e00d0nV70ty_FFpX,实习安全产品交付工程师,绿盟科技,1000-9999人,信息安全,本科,,"安全运维和保障, Python, Burp Suite, 计算机/信息安全相关专业, 安全产品/平台开发经验, 安全运维经验, CISM, CISSP/CISP",100-150元/天,贵阳,,2026-05-31 17:50:14
fb7c79dc9175f2e60ndz0tW7F1VQ,退休岩土工程师,贵州盛世骨朵企业...,0-20人,房屋建筑工程,大专,1-3年,"岩土工程, 注册土木工程师",5-35元/时,贵阳,,2026-05-31 17:50:14
38c7e764e8c010300nd73N6-EVZZ,材料工程师,星际开发,20-99人,铁路/船舶/航空/航天制造,本科,3-5年,"材料检测经验, 高分子材料经验, 铁路/船舶/航空/航天经验, 高分子材料相关专业, 材料选型经验, 复合材料经验, 陶瓷材料经验, 材料合成经验, 复合材料相关专业",15-20K,贵阳,,2026-05-31 17:50:14
fa0b5f6e4518f8ea0nR_2N--EVBR,材料工程师,贵阳星际宇航科技,20-99人,铁路/船舶/航空/航天制造,本科,3-5年,"铁路/船舶/航空/航天经验, 高分子材料相关专业, 复合材料经验, 纤维/尼龙材料经验, 材料改性经验, 材料合成经验, 复合材料相关专业",15-20K,贵阳,,2026-05-31 17:50:14
bde9bf5d44b169d61XF_2t-9E1ZQ,环评工程师,贵州艺林环境保护,0-20人,环保,本科,1-3年,"要求环评工程师经验, 3-5年环评经验, 永远学习，踏实负责",10-11K,贵阳,,2026-05-31 17:50:14
8eecfba6354fb5ff0nRz3t24E1JS,储能项目工程师,启立集团,500-999人,环保,本科,5-10年,企业内部技术项目管理,12-20K,贵阳,,2026-05-31 17:50:14
e6813fe87c79c39b0nB-2di_ElBV,运维服务工程师（交通行业）,蓝天创新,20-99人,互联网,大专,1-3年,,6-7K,贵阳,,2026-05-31 17:50:14
0501fdaccd135a561HF93Ny6FFRZ,电气工程师,正瑞继保,100-499人,计算机服务,本科,经验不限,电气工程师,8-12K·13薪,贵阳,,2026-05-31 17:50:35
40d4769427520d860nB-0961GFJZ,机加工艺工程师,航谷动力科技,100-499人,铁路/船舶/航空/航天制造,本科,3-5年,,6-9K,贵阳,,2026-05-31 17:50:35
d1b45e768a6b2c980ndy2du0E1dR,工艺工程师,贵州东汇精密机电,100-499人,其他制造业,大专,1-3年,,7-10K,贵阳,,2026-05-31 17:50:57
eeff866cd9fab2af0nZ72dy5FVZV,机械加工工程师,芯时代,20-99人,计算机软件,中专/中技,10年以上,,7-10K,贵阳,,2026-05-31 17:50:57
ac24957b36eaf6c20nR9396-GFpT,化工工艺工程师,开阳广隆矿业有限公司,100-499人,矿产/地质,本科,3-5年,,10-15K,贵阳,,2026-05-31 17:50:57
277e894367dfc1321H1-0t69FFtQ,矿山设计总工程师,贵州中行技术,0-20人,采掘/冶炼,大专,10年以上,矿山设计10年经验，,10-15K,贵阳,,2026-05-31 17:50:57
fc6c46e2abc9f8ae03Fy3tW4FlJV,自动化工程师,贵州恒大金源科技,20-99人,通用设备,大专,在校/应届,"机械设计制造相关专业, 电子电气/自动化相关专业",3-8K,贵阳,,2026-05-31 17:50:57
0f3245f8d2fc8e510nR92d6-FlVR,售前工程师,京黔互连,20-99人,计算机软件,本科,1-3年,"系统集成, ERP/OA/CRM系统, 计算机/通信相关专业",5-10K,贵阳,,2026-05-31 17:51:17
13df14483e06f41903N-39i_E1tV,电气工程师,宁德时代新能源科...,10000人以上,汽车研发/制造,本科,3-5年,PLC工程师,13-18K,贵阳,,2026-05-31 17:51:17
3e085219623cb1251HF90tq7FFtV,硬件工程师,联积,100-499人,半导体/芯片,本科,3-5年,芯片/半导体/集成电路,5-7K,贵阳,,2026-05-31 17:51:17
0c397d390f2461cd0nV63tm1GVBZ,资深java开发工程师,农集集,0-20人,电子商务,本科,1-3年,"接受居家办公, Java, Spring, MySQL, 架构设计经验, 分布式经验",50-60元/天,贵阳,,2026-05-31 17:51:17
8f222e32478f10f30nV_3tq9GVZT,数据工程师,车联邦,100-499人,计算机软件,本科,3-5年,"非外包类, 要求数据开发经验, 数据平台开发经验, ETL开发经验, Python, Spark, Hive, Flink",12-16K,贵阳,,2026-05-31 17:51:17
790dd4d62290c6a61HF539W_FVpQ,空调安装工程师,诚飞电器,20-99人,其他生活服务,学历不限,经验不限,"1-3年经验, 月结, 空调安装",10-15K,贵阳,,2026-05-31 17:51:37
0f36a04dd941101e1nx-29S5F1pQ,测试工程师,捷科智诚,10000人以上,计算机软件,本科,5-10年,"支付, 核心, 柜面, 存款",9-14K,贵阳,,2026-05-31 17:51:37
0e2ad70f170224da0nd52t-8FltY,Agent工程师,预泊科技,100-499人,生活服务(O2O),本科,3-5年,,25-50K,贵阳,,2026-05-31 17:51:37
467cbfa33d7c08441Hx_096-GVVW,运维工程师,贵州永森科技工程,0-20人,通信/网络设备,学历不限,1-3年,"网络运维, 系统运维, 通信相关专业, 运维经验, 网络安全相关经验",3-7K,贵阳,,2026-05-31 17:51:37
5aeb732da9154d6e1X163d66ElZW,水电工程师,众启恒,20-99人,建筑材料,本科,5-10年,"项目招投标, 地产招投标",8-10K·13薪,贵阳,,2026-05-31 17:51:37
0976669f1341ef451nR63Nu_EFNZ,售后工程师,众创仪云科技,0-20人,仪器仪表,本科,3-5年,"仪器 维修 售后实验室, 环境实验室应用工程师, 给予事业发展的平台",5-10K·13薪,贵阳,,2026-05-31 17:51:37
1a3f04255513ec4003Z_09q1EFVW,运行工程师,砂之船集团贵阳分公司,10000人以上,批发/零售,大专,3-5年,,5-6K,贵阳,,2026-05-31 17:51:59
2c37bec8550bd39a0nZz2d20FVFU,解决方案工程师,贵州智诚科技,100-499人,计算机软件,本科,1-3年,"售前技术支持经验, 系统集成, 计算机/通信相关专业, 机械/电子工程相关专业, 智慧城市信息化项目",7-11K,贵阳,,2026-05-31 17:51:59
fec78157e22e8d89031_3ti8F1VS,运维工程师/双休/五险一金,卓蓝优银,100-499人,其他制造业,本科,经验不限,,5-9K·13薪,贵阳,,2026-05-31 17:51:59
050849186a62b3b20nB629i0E1pR,全栈工程师,宏创信息技术,20-99人,计算机服务,本科,经验不限,,4-8K,贵阳,,2026-05-31 17:51:59
b33a497a96695b2903V82t60GVZW,网络工程师,南京苏瑞智能科技,20-99人,通信/网络设备,大专,1-3年,,4-6K,贵阳,,2026-05-31 17:51:59
905f49a28dc991821HB93t64FVFV,自动监控设备运维工程师,中科福瑞,20-99人,环保,大专,经验不限,"计算机相关专业, 电子/电气/自动化相关专业, 运维经验, 在线, 运维, 自动监控",2-5K,贵阳,,2026-05-31 17:51:59
8241c2785c6aa8250nV-39-4FVVX,运维工程师,贵州兴晟华瑞,0-20人,新零售,大专,1-3年,,6-9K,贵阳,,2026-05-31 17:51:59
c18dc3266c0cd43e0nB43dm6FVBS,售后服务工程师,贵州黔行设备有限公司,0-20人,自动化设备,高中,经验不限,,3-5K,贵阳,,2026-05-31 17:51:59
85d99331b2798e0803Bz3du_EFdR,电气工程师,致恒智能,100-499人,专用设备,大专,3-5年,"st语言, CAD, PLC工程师, Windows, eplan",10-15K·14薪,贵阳,,2026-05-31 17:51:59
fe0b65fb7d820a5f0nd92dW7GVBS,ai应用工程师,天睿节能,20-99人,专用设备,本科,1-3年,,8-13K,贵阳,,2026-05-31 17:52:21
0ec97354c02ba0761nx53dm7E1tX,运维工程师,百能思,0-20人,计算机软件,大专,经验不限,"服务器配置, 网络交换技术, 应用运维, 系统运维, Windows, Linux, Unix, AIX",3-6K,贵阳,,2026-05-31 17:52:21
efbceee7002020011XV53tq7GFtX,一级消防工程师,天赋科技,20-99人,工程施工,大专,3-5年,"公共建筑, 智能建筑, 高层建筑, 消防技术",8-13K,贵阳,,2026-05-31 17:52:42
fb923df2c9f11b2e03B_3N-9F1ZQ,运维工程师,贵州兴创,20-99人,计算机软件,大专,经验不限,"实施交付运维, 通信相关专业, 计算机相关专业, 网络安全相关经验, 运维经验",6-7K,贵阳,,2026-05-31 17:52:42
103139a09204230403Rz2NW1E1NR,CDN运维工程师,咯拉树,100-499人,互联网,本科,1-3年,CDN,9-14K,贵阳,,2026-05-31 17:52:42
bf59833d493d90c61Hd-3920GVVQ,测量工程师,典泊立建设,0-20人,电力/热力/燃气/水利,大专,3-5年,"工程测量/测绘, 需要出差/驻场, 三维建模成图, MapGIS, AutoCAD, 矢量数据处理, RTK, 较多外派, 内业处理, 3-5年测绘/测量经验, GPS, 测绘工程师, 初级测绘工程师职称, 外业采集, 地理信息测量/测绘, 全站仪, 外业测量, 影像数据整理, 驾驶证, 隧道, 地理信息测量记录, 地形图, ArcGIS, CASS, 工程测量员, 无人机, 有测绘/测量经验, 测量, 测绘工程师职称, 道路, 地理信息采集, 影像数据处理, 土建, RTK仪器, 工程师职称, 水准仪, 注册测绘师, 较多出差, 无人机摄影, 内业数据处理/绘图",5-10K,贵阳,,2026-05-31 17:57:50
4989bff9aa98c6a70ndz2ty4E1FS,通讯工程师,贵州小增长网络科技,0-20人,计算机软件,硕士,经验不限,,200-500元/时,贵阳,,2026-05-31 17:57:50
f1fb24bca47b0c3c03F73di7F1NX,地质工程师,朗洲安全科技,100-499人,咨询,本科,5-10年,"地质高级职称, 有地质工程师经验, 地质中级职称, 地质报告编制经验, 不需长期出差, 工程地质勘察经验, 矿产开采勘察经验, 地质初级职称, 矿产资源勘探经验",7-8K,贵阳,,2026-05-31 17:58:09
f8bbf1d6b119775003d_3Nq9FlNW,地质工程师,四为地质,0-20人,矿产/地质,本科,1-3年,"有地质工程师经验, 不需长期出差, 矿产资源勘探经验, 地质报告编制经验, 地质初级职称, 地质中级职称",3-6K,贵阳,,2026-05-31 17:58:09
9092bab4d24dc3790nd80tS8FFtU,工艺工程师,华翔动力,20-99人,金属制品,本科,3-5年,"机械加工制造经验, 铁路/船舶/航空/航天经验, 合金经验, 成型工艺经验, UG, AutoCAD, SolidWorks, 量产工程师（PE）经验, 试产工程师（NPI）经验, 现场工程师（ME）经验, 需要出差, 专用机械经验, CNC数控设备经验, 锻造经验",7-12K,贵阳,,2026-05-31 17:58:09
ce0fbf8628ac315c0nZ93tq8GVNR,测绘测量工程师,贵州艺桥工程咨询...,0-20人,农/林/牧/渔,本科,5-10年,"ArcGIS, CASS, AutoCAD, MapGIS, RTK, 无人机, 有测绘/测量经验, 3-5年测绘/测量经验, GPS, 中高级测绘工程师职称, 5年以上测绘/测量经验, 全站仪, 外业测量, 内业数据处理/绘图",4-5K,贵阳,,2026-05-31 17:58:31
490409b5673ab5e70nB_2tq0FFpQ,运维工程师,铭思软件,500-999人,人力资源服务,大专,1-3年,"系统运维, 实施交付运维, MySQL/Oracle, Java, Kubernetes, ITSM运维, 银行",8-10K,贵阳,,2026-05-31 17:58:31
352852d4e9ed40290nd829W4FFdZ,手机维修工程师,中和通,100-499人,通信/网络设备,学历不限,经验不限,"手机, 网点维修, 安卓手机, 苹果手机",4-9K,贵阳,,2026-05-31 17:58:31
d199689b9a6b68220nZ93tW-GVNT,电子工程师,博创恒诚科技,20-99人,信息安全,本科,3-5年,,8-12K,贵阳,,2026-05-31 17:58:52
7c25ff52ba28c07703Fz09W0EFdU,cnc编程工程师,贵阳精拓科技有限公司,20-99人,金属制品,学历不限,3-5年,"三菱数控系统经验, 手动编程经验, UG, 自动化零件加工经验, 电脑编程经验, 要求CNC/数控经验, 非标准件加工经验, 其他, 不需要倒班, 不需要夜班, 数控加工中心经验, 精密零部件加工经验",12-15K,贵阳,,2026-05-31 17:58:52
d3949599e403946c1XB63969FlpR,windows逆向工程师,贵州起易科技有限公司,20-99人,计算机软件,本科,3-5年,C++,16-20K,贵阳,,2026-05-31 17:59:14
59e6c4bdd16f70a10nR72di7FFJY,中级java开发工程师,东方国信,1000-9999人,计算机软件,本科,3-5年,"Java, Spring, MyBatis, MySQL, Oracle, 团队管理经验, 云计算经验, 微服务经验, 不接受居家办公",11-16K,贵阳,,2026-05-31 17:59:14
63fab57be5fdedab03Bz2N69E1ZZ,运维工程师,恒立诚广告,0-20人,广告/公关/会展,大专,1-3年,"网络运维, 系统运维, 计算机相关专业, 通信相关专业, 运维经验, 项目分红, 合伙人",3-6K,贵阳,,2026-05-31 17:59:35
bb08329d01d72a6b0nV83t68EFRY,机械工程师,贵州朋宇高级维修技术,0-20人,汽车后市场,中专/中技,3-5年,,5-6K,贵阳,,2026-05-31 17:59:35
4343e18b2671949e1XNz2d-6EVpZ,节能评估工程师,德道咨询,0-20人,咨询,本科,3-5年,"企业内部技术项目管理, 团队管理经验",4-8K,贵阳,,2026-05-31 17:59:35
524d9370135dd7ce0nd93t61FFRR,高级软件工程师,荣鹄科技,20-99人,企业服务,本科,5-10年,,14-18K,贵阳,,2026-05-31 18:00:18
447b7335816d02950nB639i_ElJX,网络SRE工程师（贵州）,顺丰科技,1000-9999人,互联网,本科,5-10年,,15-25K·15薪,贵阳,,2026-05-31 18:00:40
8db62b23849e10f10ndy3Ny4FVRU,产品检验工程师,瑞丰德祥,0-20人,铁路/船舶/航空/航天制造,大专,5-10年,"有质量管理经验, 半导体经验, 机械加工制造经验, ISO9001经验, ISO9000经验, ISO22000经验, IATF 16949经验, ISO14001经验, DQE经验（研发）, SQE经验（供应商）, CQE经验（客户）, PQE经验（制程）, 团队管理经验, 项目管理经验, 内审员资格证, 无损检测证, 不需要出差",5-6K,贵阳,,2026-05-31 18:01:01
b51157e6b65a58a61HR809m8FlNV,电气工程师,贵阳奥特设备制造,0-20人,机械设备/机电/重工,大专,1-3年,"CAD, 电路设计, PLC工程师, 电控工程师, 仪器仪表工程师, eplan",4-6K,贵阳,,2026-05-31 18:01:01
a9827dd3a7c35e4b0nB-2N61FlpS,数通工程师,四川准达,1000-9999人,通信/网络设备,大专,1-3年,"网络交换技术, 网络协议",10-15K,贵阳,,2026-05-31 18:06:09
418a9ce53d4772eb0nV709S5FFtQ,售前工程师—大疆无人机产品,中建材信息,1000-9999人,互联网,大专,3-5年,"农业信息化项目, 安防, 无人机, 服务器, 存储, 智慧城市信息化项目, 云计算",7-9K·17薪,贵阳,,2026-05-31 18:06:09
4e63514d11bd839d0nB-39m_FFNQ,SMT设备工程师,贵州某中型汽车智能网联公司,100-499人,汽车智能网联,本科,10年以上,,18-25K·16薪,贵阳,,2026-05-31 18:06:49
0024d1790b69d6b70nB-2Nq_F1dT,容器运维工程师,中黔电气,20-99人,电力/热力/燃气/水利,本科,3-5年,,7-11K,贵阳,,2026-05-31 18:06:49
7109b91c65f820a003R73Nm-EFtQ,运维驻场工程师,贵州嘉氏讯程信息科技,20-99人,电子商务,学历不限,1-3年,,5-6K,贵阳,,2026-05-31 18:06:49
cfa7af989bce2bad0ndy39-5EVZX,安服技术支持工程师,任子行,1000-9999人,计算机软件,本科,1-3年,,8-12K,贵阳,,2026-05-31 18:07:09
2bd127cbb4744abf03B_09-9GVRZ,采矿工程师,矿安能创科技有限公司,20-99人,专用设备,本科,经验不限,"地质相关专业, 矿产相关专业, 接受无地质工程师经验",4-9K,贵阳,,2026-05-31 18:07:09
665a278628d8f5eb1Hd429i6FFZS,大数据工程师,鼎慧大数据,0-20人,计算机软件,本科,3-5年,可兼职,7-12K,贵阳,,2026-05-31 18:07:09
e29d31599f8db89903V82NS1GVBW,国际销售工程师,新锐惠沣,100-499人,机械设备/机电/重工,大专,1-3年,"有外贸工作经验, 熟悉跨境平台操作",6-11K,贵阳,,2026-05-31 18:07:31
21ad6cf456d7dd780nR939-1EVBR,窑炉工程师,开阳广隆矿业有限公司,100-499人,矿产/地质,本科,3-5年,,10-15K,贵阳,,2026-05-31 18:07:31
fe75951d2285938d0nB-09m0GVJX,机械工程师,某大型知名汽车研发上市公司,10000人以上,汽车研发/制造,本科,3-5年,"要求有机械设备工程师经验, PLC编程软件, 企业（甲方）, 不需要出差, 自动化设备经验, 新能源设备经验, 汽车机械经验, 设备维修/保养经验, 英语可作为工作语言, 生产车间自动化, 规划TPM, 电子制造厂, 爬坡, 现场设备维保",20-25K,贵阳,,2026-05-31 18:07:53
925be87e8fe4c5130nB509S6F1RS,电气工程师,贵州创新电力有限公司,0-20人,其他专业服务,大专,在校/应届,"CAD, Windows, Unix, Linux, PLC工程师, 万用表, OrCAD, 高压电工作业证",5-6K,贵阳,,2026-05-31 18:07:53
2f5c412b6e749d2d1nd709-0EVFS,实施交付工程师,睿新云鼎,1000-9999人,计算机软件,大专,1-3年,"熟练掌握SQL语句, 软件实施, 实施工程师/顾问, 企业软件系统, MySQL, Oracle, 云计算, 信息化",4-5K,贵阳,,2026-05-31 18:08:14
1846654e4c489e431Hd80tW_GFJR,高级自动化工程师,老干妈,1000-9999人,食品/饮料/烟酒,本科,3-5年,"PLC编程, PLC工程师",15-20K·13薪,贵阳,,2026-05-31 18:08:35
5b83a1f77a67f2ea03F62tm_FVNX,售后运维工程师,中地云申,100-499人,计算机软件,大专,1-3年,,4-6K,贵阳,,2026-05-31 18:08:56
1a22940ad57ca5f003Jy0ti5GFpZ,服务工程师,科讯达,0-20人,通信/网络设备,大专,经验不限,,4-5K,贵阳,,2026-05-31 18:08:56
6b2eee47fbbaa2b603x52d-8GFNZ,实施工程师,贵州旺黔科技有限公司,100-499人,批发/零售,本科,1-3年,计算机相关专业,4-7K,贵阳,,2026-05-31 18:08:56
c4598116a7727d1b03Ny2Ni4FFpR,硬件维护工程师,辰稷,20-99人,移动互联网,大专,经验不限,运维经验,5-8K,贵阳,,2026-05-31 18:09:18
f0b9226d458103e503Z82d26EFBW,资深运维工程师,贵州矩阵传媒,20-99人,文化艺术/娱乐,本科,1-3年,,10-11K,贵阳,,2026-05-31 18:09:18
df88c7fa2e7043743nx-392-FVQ~,运维技术工程师,安恒,20-99人,电力/热力/燃气/水利,大专,经验不限,"环保, 运维, 运维工程师",3-8K,贵阳,,2026-05-31 18:09:18
1622a6a745db53d01HR93d25FVFW,高级php工程师,翌宸志信科技有限公司,20-99人,计算机软件,学历不限,3-5年,"PHP, PHP开发经验",6-11K,贵阳,,2026-05-31 18:13:46
46ea6a77042c81110nV-3Nq1F1JX,汽车电子工程师,黔途房车,0-20人,汽车研发/制造,本科,3-5年,,15-16K,贵阳,,2026-05-31 18:13:46
6c4a49df0628f4351XZ53ti9E1tX,锻造工程师,贵州航宇,500-999人,铁路/船舶/航空/航天制造,本科,经验不限,"钢, UG, 金属冶炼相关专业, 锻造, 英语可作为工作语言, 铝, 金属型铸造",8-13K,贵阳,,2026-05-31 18:14:08
03f18128c98e90a51H143t69EFJW,选矿工程师,贵州德力康化学科...,0-20人,化工,本科,3-5年,化工,7-10K,贵阳,,2026-05-31 18:14:08
aa5f04ad772dfe9f0nB_29u-E1VX,助理工程师,泰若数科,20-99人,计算机软件,本科,,,100-200元/天,贵阳,,2026-05-31 18:14:29
4e2b3820e15a85000nd6092_GVRX,环评工程师,柏年瑞和,20-99人,环保,本科,5-10年,"要求环评工程师经验, 5-10年环评经验, 竣工环保验收经验, 应急预案编制经验, 排污许可证申请经验, 项目/团队管理经验, 水保方案编制经验, 工资面议",2-6K,贵阳,,2026-05-31 18:14:29
20819d5609ee2e140nd_2t68FFFW,运维工程师（茅台驻场）,华创信科,0-20人,人工智能,大专,1-3年,,4-5K,贵阳,,2026-05-31 18:14:51
98186f68b81e595903N82dW7E1dY,注册咨询工程师,重庆大学建规院,20-99人,建筑工程咨询服务,本科,经验不限,,8-13K,贵阳,,2026-05-31 18:15:12
b4901d8d7c43d5001nJ62ty-GVRS,网络运维工程师,金诚卓越,0-20人,通信/网络设备,大专,3-5年,"网络交换技术, 网络协议, 服务器配置",4-5K,贵阳,,2026-05-31 18:15:33
86fa93c7c93d8cfb1HJ_3dW5F1Y~,运维工程师,四川金佑天鼎,20-99人,通信/网络设备,大专,1-3年,"运维, IT支持, 网络",5-9K,贵阳,,2026-05-31 18:15:54
3ef517a7f0210f050nB-3N6-EVNQ,后端工程师,贵州志渝科技有限公司,0-20人,互联网,本科,3-5年,,10-13K,贵阳,,2026-05-31 18:16:14
110c9781d50ea7c11n153dy6GFdS,运维工程师,黔易油智慧,20-99人,电子商务,本科,经验不限,"系统运维, 安全运维",5-10K,贵阳,,2026-05-31 18:16:14
40941068ff5d81211n1_0t68FFpZ,技术研发工程师,贵州中节能环保,20-99人,环保,大专,1-3年,"安全运维, 自动化运维, 系统运维",4-8K,贵阳,,2026-05-31 18:16:36
70a9cb266fb787310ndz2t25ElpR,电子信息工程师,贵州小增长网络科技,0-20人,计算机软件,硕士,经验不限,大数据处理框架(Spark/Hadoop/Hive),200-500元/时,贵阳,,2026-05-31 18:20:45
25ea49acfad7c0c00nB50tS0EVJX,结构工程师（总部）,长沙某大型通用设备上市公司,10000人以上,通用设备,本科,3-5年,"有机械结构工程师经验, CATIA, UG, Pro/E, SolidWorks, AutoCAD, 机电设备经验, 汽车经验, 铁路/船舶/航空/航天经验, 能源/化工/环保经验, 重型机械经验, 动力系统经验, 底盘系统经验, 汽车车身及配件经验, 整机设计经验, 团队管理经验, 仿真设计经验",15-30K·15薪,贵阳,,2026-05-31 18:21:48
0a332c3773c3ea6d0ndz2d21FFRR,pcb硬件工程师,七江智能科技,0-20人,电子/硬件开发,本科,1-3年,,35-150元/时,贵阳,,2026-05-31 18:22:08
64e9d0a64a87750e0nZ52tS4GFFS,市场销售/销售工程师,深圳坐标软件,1000-9999人,医疗健康,大专,1-3年,"软件/企业服务产品, 不接受居家办公, 互联网金融, 医疗/大健康, 对企业/机构（To B）销售经验, 企业（To B）, 面销/陌拜经验, 电话销售经验, 互联网/科技",4-7K,贵阳,,2026-05-31 18:22:30
85f023a712b84efa1H1y3Nq8E1VS,高级web前端工程师,政岿企道通企业管理,0-20人,互联网,学历不限,5-10年,"Java, C/C++, CSS, Vue, HTML5, 前端开发经验, React",6-11K,贵阳,,2026-05-31 18:22:52
e22f2d71fd0369121XFy2d21E1NU,产品设计工程师,贵州曼格维,0-20人,机械设备/机电/重工,本科,经验不限,增长产品,5-8K,贵阳,,2026-05-31 18:22:52
e50ad0d59b6c7e8503x93tm8F1pW,app前端开发工程师,贵阳智汇览信息技术,0-20人,互联网,本科,3-5年,,10-11K,贵阳,,2026-05-31 18:22:52
a3d93e49ae7ba54e0nV50tu1ElNQ,暖通工程师,高屋建瓴工程设计,0-20人,建筑设计,本科,3-5年,"有暖通工程经验, 暖通工程设计经验, AutoCAD, 中级暖通工程师职称, 1-3年暖通工程经验, 注册暖通, 其他, 不需要长期出差/驻场, 注册暖通工程师",4-6K,贵阳,,2026-05-31 18:22:52
1bd19ac78f69a5661Xd739m8FVJT,运维工程师,三琪电子科技,0-20人,通信/网络设备,大专,1-3年,"技术支持, 运维工程师, 售后工程师",4-7K,贵阳,,2026-05-31 18:23:13
80af66191b20e79d1nZ93tS1EVBT,消防维保工程师,恒信智通,20-99人,互联网,大专,3-5年,消防维保,8-9K,贵阳,,2026-05-31 18:23:13
904063c6fc154de71XN82N2_F1RZ,节能工程师1名,黔龙汇,0-20人,其他专业服务,本科,1-3年,项目专员,4-8K,贵阳,,2026-05-31 18:23:13
5e5e58be3abea5fc0nZ93Nq_EFBW,采购工程师,景联文,100-499人,人工智能,本科,3-5年,,6-8K,贵阳,,2026-05-31 18:23:35
206a7f32131b9fc00nd53t29EFdZ,初级开发工程师,江西腾里跳信息技术,100-499人,互联网,本科,1-3年,"Java, Spring, MySQL",6-9K·13薪,贵阳,,2026-05-31 18:23:35
4a1de6f30ccc21750nB-3d65FVpX,前端开发工程师,悟空信行科技,20-99人,互联网金融,本科,3-5年,,6-8K,贵阳,,2026-05-31 18:23:56
1ff42672deb1a22a0nV629y1GVRR,水文工程师,明诚,20-99人,企业服务,本科,3-5年,"水利工程设计经验, 水利报告编制经验, 其他水利经验, 水利中级职称, 设计院工作经验, 农田水利设计经验, 不需长期出差, 有水利工程师经验, 工程技术与设计服务, 水利罐概工作, 农田水利工程, 高标准农田建设项目, 河道治理工程",4-7K,贵阳,,2026-05-31 18:23:56
b47b65047f1776c70nB_2t2_FFVT,高级电气工程师,贵州华粤工程管理,20-99人,房屋建筑工程,学历不限,经验不限,,18-19K,贵阳,,2026-05-31 18:29:23
07ee3110f32c26340nd_2tS-EVpT,土建造价工程师,贵州国友建筑设计,0-20人,房屋建筑工程,中专/中技,经验不限,"接受无工程造价经验, 一级造价工程师, 不需要长期出差/驻场, 二级造价工程师",5000-8000元/月,贵阳,,2026-05-31 18:29:23
b1c529a66ccf07350XR52dm5GVc~,网络安全工程师,优服科技,20-99人,信息安全,本科,1-3年,"网络运维, IT技术支持, 运维工程师, 网络安全, 云计算, 实施工程师",8-12K,贵阳,,2026-05-31 18:30:04
f729f8571e98e6291HB83dW4FVpQ,华为全屋智能工程师,中和通林城东路分公司,100-499人,批发/零售,大专,1-3年,实施交付运维,6-10K,贵阳,,2026-05-31 18:30:04
cb9340e94b4a84670nB42Ni0GFZY,fpga开发工程师,航天测试,100-499人,电子/半导体/集成电路,本科,3-5年,"Verilog, FPGA开发/验证经验",8-9K,贵阳,,2026-05-31 18:30:04
4ea0a86a1f379b101nx42Ny_FFRR,销售工程师,海威光电,20-99人,智能硬件,大专,1-3年,"市场信息搜集与分析, 市场拓展能力, 全勤奖, 绩效奖金, 工龄奖, 商务谈判能力, 餐补, 客户开发与维护, 加班费, 计算机相关学历, 年终奖, 售前/售后技术支持, 市场营销相关学历, 工业设备销售经验, 制定产品/服务方案, 话补, 微电子相关学历, 电气相关学历, 管理相关学历, 五险",5-10K,贵阳,,2026-05-31 18:30:04
19e61ea5609c321f0nVz29i_GFVQ,运维工程师,奥瑞德,1000-9999人,电子/半导体/集成电路,大专,3-5年,,7-9K,贵阳,,2026-05-31 18:30:24
b298390837a666a10nB_29q5EFdZ,运维工程师,深圳优维科技有限公司,100-499人,互联网,大专,1-3年,,8-12K,贵阳,,2026-05-31 18:30:24
6f5494fadda955701nBz3dy-FldU,门窗售后工程师,南明区华晨空间建...,0-20人,装修装饰,中专/中技,1-3年,"工程管理, 销售支持/交付管理",6-10K,贵阳,,2026-05-31 18:30:24
fdb3043238b429e10nB70926FFFT,仪器售后工程师,深圳华大基因股份公司,1000-9999人,医疗器械,本科,3-5年,,10-11K·13薪,贵阳,,2026-05-31 18:30:46
ec5bb4c1d4d953b41HF529m5F1RR,化工设备工程师,贵州缘清,20-99人,机械设备/机电/重工,大专,5-10年,"产品研发, 设备管理, 常见事故处理, 中级职称及以上",8-11K,贵阳,,2026-05-31 18:37:17
cd458dd0376d5a4b0nR52Ny-EFBY,设备工程师,中伟新材料,1000-9999人,其他新能源,本科,经验不限,"要求有机械设备工程师经验, SolidWorks, 企业（甲方）, 不需要出差, 化工机械经验, 机电设备经验, 设备维修/保养经验",8-12K·14薪,贵阳,,2026-05-31 18:39:01
d4867730a5fa7c941HR809m6FVdZ,机械设计工程师,贵阳奥特设备制造,0-20人,机械设备/机电/重工,本科,1-3年,"重型机械, 机器人, 自动化, 图纸设计, 安装与试运行, 技术改造与调整, 综合性工程师, 产品测试工程师, 设计工程师, AutoCAD, SolidWorks, 机械工程专业, 接受出差, 熟悉电动/气动/传动设施",4-6K,贵阳,,2026-05-31 18:40:05
b2bd8d079edbfd250ndz2t29EFFR,计算机软件工程师,贵州小增长网络科技,0-20人,计算机软件,硕士,经验不限,,200-500元/时,贵阳,,2026-05-31 18:44:34
20e2d4633912b3600nd-09m0F1pV,箱变壳体工程师,贵州智能电气,0-20人,仪器仪表/工业自动化,中专/中技,5-10年,"AutoCAD, 整机设计经验, 机电设备经验, 有机械结构工程师经验",5-10K,贵阳,,2026-05-31 18:45:38
d2b76ce5450dce1703N-3tS6EFtW,中级焊接工程师,贵州松正建筑劳务,20-99人,房屋建筑工程,学历不限,经验不限,中级职称及以上,3500-5500元/月,贵阳,,2026-05-31 18:45:38
4b8353625afa806603B8392_FFFY,制冷研发工程师,贵州君合晟科技,20-99人,通用设备,本科,1-3年,"食品机械, 精密仪器, SolidWorks, AutoCAD, 热分析, 散热设计, 热能与动力工程专业, 制冷与低温技术专业, 暖通专业",8-11K,贵阳,,2026-05-31 18:52:52
94d3e1fb6fedcf8a0nB439-5ElRQ,AI提示词工程师,贵州志渝科技有限公司,0-20人,互联网,本科,3-5年,,5-10K,贵阳,,2026-05-31 18:53:34
2adcaff19fcb565a0ndy3Ny-ElpS,高级渗透测试工程师,贵州腾芯科技有限公司,100-499人,信息安全,大专,5-10年,"渗透测试经验, 攻防对抗经验",15-20K,贵阳,,2026-05-31 18:53:34
5c62ed2d6bb8fbdb0nB_3t27FFFX,电气控制工程师,贵州铱格智能装备,0-20人,专用设备,大专,,,80-120元/天,贵阳,,2026-05-31 18:53:34
469edb40fe5094840nB_2tq7FVFR,高级ai工程师,乐声引力文化传媒,0-20人,社交网络与媒体,学历不限,经验不限,,7-8K,贵阳,,2026-05-31 18:53:34
7be572dfea2ed4850nd70t-9GFJW,自动化设备工程师,江苏京迅递供应链...,10000人以上,快递,大专,3-5年,"PLC编程软件, 不需要出差, 电工证, 要求有机械设备工程师经验, 物流/仓储行业, 自动化设备经验, 企业（甲方）, 其他, 设备维修/保养经验",9-12K·13薪,贵阳,,2026-05-31 18:54:15
6cf8f310c5ff47b803x_3tq4GVNV,电气自动化工程师,亚亿传动,100-499人,原材料及加工/模具,大专,3-5年,,7-10K,贵阳,,2026-05-31 18:54:36
562f290f57e9aaaf0nB729W4GVtU,JAVA开发工程师,迈动云智,500-999人,计算机软件,大专,3-5年,"Java, SpringCloud, MySQL, Spring",10-11K,贵阳,,2026-05-31 18:55:38
418815d865098c840nZ-3Ny5EVFQ,软件技术工程师,卓越精算软件,20-99人,计算机软件,本科,1-3年,"售前/售后技术支持, 计算机/通信相关专业, 售后支持/客户响应经验, ERP/OA/CRM支持经验, OMS/WMS/TMS支持经验",5-10K,贵阳,,2026-05-31 18:55:59
7f46bd9d865df2500nd_3tu1EFZQ,热设计工程师,航谷动力科技,100-499人,铁路/船舶/航空/航天制造,本科,3-5年,"新能源, AutoCAD, 热动力, 热分析, 散热设计, 热能与动力工程专业, 工程热物理专业, SOFC, 燃料电池, 回热器",15-30K,贵阳,,2026-05-31 19:01:51
b822ea93d19a29b41HV609-9EFFR,风力发电工程师,智城坤,500-999人,新能源,大专,经验不限,风力发电,4-8K,贵阳,,2026-05-31 19:02:53
3f8f9ea32cffd5520nB70ti8EFJZ,银行测试工程师,神州信息,10000人以上,计算机软件,大专,1-3年,"功能测试, 性能测试, 计算机相关专业, 通信相关专业, 测试工作经验",5-10K,贵阳,,2026-05-31 19:02:53
24d0249725c0a67f0nZ-2t25FVBU,交付工程师（贵阳）,蜂鸟云,0-20人,信息安全,本科,经验不限,,3-5K,贵阳,,2026-05-31 19:03:14
6c7de88f1598ff410nV62dW5GFpQ,PHP工程师,宏泽科技,20-99人,互联网,大专,3-5年,"后端开发, 系统架构, 移动开发",8-12K,贵阳,,2026-05-31 19:03:56
960dc71693efdc071HB429i-E1NY,一级造价工程师,中正信合,0-20人,工程施工,学历不限,1-3年,"第三方造价咨询公司, 一级造价工程师, AutoCAD, 广联达",1500-2500元/月,贵阳,,2026-05-31 19:04:17
1d043ed09fe826130nZz0965GFBX,前端研发工程师,帕科科技,100-499人,计算机软件,本科,3-5年,"Vue, React, Angular",7-10K,贵阳,,2026-05-31 19:08:47
cc30db7534a248c60nZ_3NW9FlJZ,注册安全工程师,贵州鑫扬项目管理,0-20人,建筑工程咨询服务,本科,1年以内,,8-10K,贵阳,,2026-05-31 19:10:11
6d40667b9b1b6c5a03x63ti5EFRS,算法工程师,佰仕佳,20-99人,计算机软件,本科,3-5年,"语音算法, 图像算法, 深度学习, 大模型算法, 自然语言处理算法, 算法工程化经验, 其他, NVIDIA  JETSON, 嵌入式开发, 优秀开源项目经历, 推荐算法, C/C++, 升腾, Python, OCR",10-15K,贵阳,,2026-05-31 19:10:32
c893206aaa0f61d40nB-2Ny1EVJW,java开发工程师,正杰科技,0-20人,社交网络与媒体,本科,5-10年,"不接受居家办公, Java, SpringCloud, MyBatis, 架构设计经验, 分布式经验, 微服务经验",9-13K,贵阳,,2026-05-31 19:10:53
f6e0320357e778141HJy2tu-FFFV,风电-土建设计工程师,龙辰集团,500-999人,风电,大专,5-10年,"二级建造师, 天正建筑, AutoCAD, 土木工程相关专业, 风电项目, 光伏项目",9-12K,贵阳,,2026-05-31 19:18:28
779f34925576e3ed1HFy2tq4FVtV,水利水电工程师,贵水规划设计有限公司,20-99人,建筑设计,本科,1-3年,"有水利工程师经验, 水工设计, 水库设计, 水利水电工程设计, 山塘设计, 不需长期出差, 水利设计, 山洪沟治理, 农田灌溉, 河道治理",10-15K,贵阳,,2026-05-31 19:19:53
7286c9e19cd3abf00ndz2tW4EFNT,销售工程师,思普企业,20-99人,计算机软件,大专,1-3年,"计算机相关学历, 市场信息搜集与分析, 市场拓展能力, 售前/售后技术支持, 大中型企业销售经验, 制定产品/服务方案, 商务谈判能力, 客户开发与维护, 计算机软件, 对机构 (To B) 销售经验, 管理相关学历, 项目跟踪",5-10K,贵阳,,2026-05-31 19:24:02
af9f68f3f42774e703d92du1FVVX,材料研发工程师,贵州铂韬新材料科技,20-99人,金属制品,硕士,经验不限,"仪器仪表经验, 金属材料经验, 金属材料相关专业, 化学相关专业, 电子/通信经验, 材料合成经验, 合金材料经验",8-12K·13薪,贵阳,,2026-05-31 19:24:44
a38b98c6369d99890nV73dq_GFdS,java开发工程师,先越技术,20-99人,通用设备,本科,1-3年,,8-13K·14薪,贵阳,,2026-05-31 19:25:27
77aa950bcfcd0b860nV92dy_ElZX,仪器研发工程师,苏州赛卡司测控技术,20-99人,仪器仪表,本科,5-10年,,8-13K,贵阳,,2026-05-31 19:26:29
14ef83d575ba4fb80nB-3d60GFRQ,资深全栈研发工程师,医渡科技,1000-9999人,互联网,本科,10年以上,,18-25K,贵阳,,2026-05-31 19:26:29
8733466f0fa3074a0nR72d-1FFFS,安全服务工程师,河南巨牛云网络科技,100-499人,信息安全,大专,3-5年,"cisp, cisp-pte, 渗透测试, 应急",8-10K,贵阳,,2026-05-31 19:27:11
5715e22b59d4808d0nB42dy9F1FY,弱电智能化工程师,重庆珈电原科技,0-20人,机电工程,初中及以下,1-3年,"停车管理系统, 智能家居系统, 住宅小区, 安防系统, 楼宇自控系统, 天正建筑, 负责驻场, 智能楼宇管理师, 综合布线系统, 安装施工",5-8K,贵阳,,2026-05-31 19:31:20
b316eddc0b98b73c03x-2dy_FVRW,CNC维修工程师,贵州迈卓自动化,0-20人,机械设备/机电/重工,中专/中技,1-3年,"要求有机械设备工程师经验, 自动化设备经验, 数控设备经验, 设备维修/保养经验, PLC编程软件, 维修服务商（乙方）, 需要出差",6-11K,贵阳,,2026-05-31 19:31:20
ba23a6744a4aada60nV63Ny8EFJX,机器人调试工程师,赣州升达康科技,100-499人,自动化设备,大专,在校/应届,"机械设计制造相关专业, 电子电气/自动化相关专业",4-6K,贵阳,,2026-05-31 19:31:41
937970ec2b7c9b4e03x-3tq0FVZV,资深渗透测试工程师,贵州有安网络科技,20-99人,信息安全,大专,1-3年,"安服工程师, 渗透测试经验, 攻防对抗经验, 计算机相关专业",7-8K,贵阳,,2026-05-31 19:31:41
5b7977045edd681103V93NS4GVpX,防洪评价工程师,贵水规划设计有限公司,20-99人,建筑设计,大专,在校/应届,"水文, 水文水资源, 防洪, 水资源, 水利工程, 水利水电, 水资源论证, 行洪",4-9K,贵阳,,2026-05-31 19:32:02
3b94950e59c4feca03Z82Nm7ElNZ,运维工程师,贵州球实,0-20人,计算机软件,大专,经验不限,,4-7K,贵阳,,2026-05-31 19:33:27
df6e6b5585c0fb7103N70t61GVNU,中高级安服工程师,贵州凯瑞众德工程,20-99人,机电工程,本科,1-3年,"安全运维和保障, PMP, 渗透测试经验, CISSP/CISP, 数据安全管理经验, 熟悉ISO27001标准, 攻防对抗经验, CISA, 安全运维经验, CISM",5-8K,贵阳,,2026-05-31 19:33:27
7feecf46e371a7520nd_2NS_F1BZ,无线电计量工程师,航天测试,100-499人,电子/半导体/集成电路,本科,1-3年,,5-6K,贵阳,,2026-05-31 19:33:27
61101f9b1a02f1011HZ83Nm5GVtQ,硬件工程师,贵州逻辑电子,0-20人,电子/半导体/集成电路,本科,3-5年,"芯片/半导体/集成电路, 电子电气/自动化相关专业, 智能硬件/可穿戴设备, 硬件开发经验",7-10K,贵阳,,2026-05-31 19:34:09
46dff80394e60bd703N_29q9ElNR,专利工程师,易博皓,0-20人,专利/商标/知识产权,本科,3-5年,"专利代理人, 无销售性质, 国内事务, 专利代理人, 优秀者可给予股份做合伙人, 具备专利代理师资格证书, 有专利事务所经验优先, 熟练机械制图，能根据实物绘制三维图",6-9K,贵阳,,2026-05-31 19:39:41
d0de196995afb7451X182d2_ElRV,贵州黔建招聘质量管理/测试,贵州黔建,20-99人,其他专业服务,大专,3-5年,房屋安全鉴定,5-10K,贵阳,,2026-05-31 19:39:41
e650ed0d4abbac110nB_2tW6EVRV,测试工程师,深圳逍遥天下科技,0-20人,互联网,大专,5-10年,智慧园区,13-22K·13薪,贵阳,,2026-05-31 19:40:44
cffa8da4a532af720nB43tu6EltW,弱电工程师助理,贵州云乡源商贸公司,0-20人,其他生活服务,大专,1-3年,"安装施工, 日常运维, 公共建筑",3-4K,贵阳,,2026-05-31 19:41:26
c4af1ba9eeaf644d031z2dq-FVpW,资深IDC暖通工程师,某大型互联网上市公司，主要办公地点包括北京、广州、杭州、上海,10000人以上,互联网,本科,10年以上,运维,22-30K,贵阳,,2026-05-31 19:48:39
21a780a7ccec860f0nd609--FFBW,广告系统ai工程师,广州羽晴,20-99人,互联网,硕士,经验不限,"深度学习, 大模型算法, 强化学习, 图像算法, 规控算法, 自然语言处理算法, 广告算法, 推荐算法, Python, 大数据处理框架(Spark/Hadoop/Hive), 分布式训练, 算法工程化经验, 发表算法相关优秀论文, 参加算法相关竞赛/获奖, 团队管理经验, 优秀开源项目经历",8-12K,贵阳,,2026-05-31 19:50:24
47c4e9fa7a7c2c110nZ-3tq0ElRQ,流量试验工程师,航谷动力科技,100-499人,铁路/船舶/航空/航天制造,中专/中技,1-3年,,5-8K,贵阳,,2026-05-31 19:55:35
4a8eddaa0e35aff61XF_29m6FFNY,电气助理工程师,智远电力,20-99人,电力/热力/燃气/水利,中专/中技,经验不限,"继电保护, 一次二次电力调试",3-8K·13薪,贵阳,,2026-05-31 20:04:10
f220aab29ba3590c03d73928FlRZ,通信标准化工程师,恒立诚广告,0-20人,广告/公关/会展,学历不限,,"Wi-Fi, 通信协议/软件开发, 通信接口/总线, 蓝牙/Wi-Fi, 通信设备装维, 网络协议, 停车场，车牌识别经验",360-600元/天,贵阳,,2026-05-31 20:04:53
0d9e4ecf416838b61Hd63tS8FVJQ,总工或者副总工程师,天赋科技,20-99人,工程施工,本科,5-10年,机电消防 技术管理,15-20K,贵阳,,2026-05-31 20:05:14
bd5c055e757d4afa1nVy0926EFRZ,运维工程师,启源信通,20-99人,计算机服务,本科,3-5年,"Linux, 云计算, 网络设备, 系统运维, 安全运维, 虚拟化运维",5-8K,贵阳,,2026-05-31 20:05:34
38cd2c4cd3e8b7850nd82t-5EFZW,热障涂层工程师,航谷动力科技,100-499人,铁路/船舶/航空/航天制造,本科,3-5年,"机械加工制造经验, 能源/化工/环保经验, 铁路/船舶/航空/航天经验, 专用机械经验, 夹具/治具经验, 燃料电池经验, 五金经验, 表面处理工艺经验, 热处理工艺, CVD经验, PVD经验, AutoCAD, 现场工程师（ME）经验, 不需要出差, 等离子喷涂, 火焰喷涂",8-12K,贵阳,,2026-05-31 20:09:47
65e49380ae82b54c0nd90921EVBZ,业务运维工程师-周末双休/年终奖,名通科技,100-499人,计算机软件,本科,1-3年,"通信相关专业, Docker, 运维开发经验, Redis, 计算机相关专业, 电子/电气/自动化相关专业, 运维经验, Kubernetes",6-8K·13薪,贵阳,,2026-05-31 20:11:54
52a9f8fd2c2773ad0nR609i8EVpQ,有线传输工程师,吉大通信,1000-9999人,通信/网络设备,大专,1-3年,,5-6K,贵阳,,2026-05-31 20:19:37
4729a7ccc5f450b61n1y3NW5E1c~,电气工程师,博创恒诚科技,20-99人,信息安全,本科,5-10年,"项目管理, PLC工程师, 电控工程师, 电气安装, plc编程，组态编程",8-12K,贵阳,,2026-05-31 20:19:59
6c87baea92b296a103N53tu-F1RV,高级机电工程师,圣能电力工程有限公司,500-999人,光伏,大专,1-3年,,11-15K,贵阳,,2026-05-31 20:19:59
72c666ad817e57fe0nB_2NW-FFFU,应届Java开发工程师,贵州卡布国际,1000-9999人,其他行业,本科,1年以内,"Java, Spring, 不接受居家办公, MySQL, 架构设计经验, 订单支付, 业务场景落地实施, 独立项目经验",4-6K,贵阳,,2026-05-31 20:21:24
c5bc6e14b1bc1fe003d63920EVpU,遥感工程师 贵阳,艾尔思,20-99人,计算机软件,本科,1-3年,,5-9K,贵阳,,2026-05-31 20:22:05
d9295eaf5203407f0nB_2dm9F1dZ,昇腾交付工程师,四川准达,1000-9999人,通信/网络设备,本科,经验不限,"linux, 华为智算, 交付, AI, K8s, hcs, oracle",9-14K,贵阳,,2026-05-31 20:24:35
0f1a9f33a704222003162N67GFFR,电气工程师,舜元科技,100-499人,智能硬件,本科,3-5年,"电路设计, PLC工程师",10-15K,贵阳,,2026-05-31 20:27:44
f8676c7abd03f0fa0nB42N26EFpV,前端开发工程师,华研院公司,20-99人,大数据,本科,3-5年,"JavaScript, HTML5, CSS, Vue, Node.js, 计算机/软件工程相关专业, 前端开发经验, 技术博客/开源项目有所贡献, 不接受居家办公",10-13K,贵阳,,2026-05-31 20:32:15
2b3568c4fa55ca400ndz3di8FFdX,云计算中级运维工程师,傲林,20-99人,通信/网络设备,大专,1-3年,"计算机相关专业, 运维经验, 运维开发经验, 网络安全相关经验, 云计算, 信息安全, 软件/IT服务, 云计算开发, 云计算实施",4-6K,呼和浩特,,2026-05-31 20:46:12
fb2893c77f777da30nd83d6-FVJW,idc机房运维工程师,某中型人工智能公司,100-499人,人工智能,本科,5-10年,,40-70K·15薪,呼和浩特,,2026-05-31 20:46:12
b632105aaee0a7e503F93NW_FlY~,云计算讲师,博赛网络技术,20-99人,培训/辅导机构,本科,1-3年,"IT培训, 职业技术培训, 云计算",4-7K,呼和浩特,,2026-05-31 20:46:12
2d73d234c378ad7e0nVz3Nq5EFJZ,数据中心基础设施运维工程师,内蒙古中清源建设,0-20人,运营商/增值服务,大专,3-5年,IDC机房运维,10-13K,呼和浩特,,2026-05-31 20:46:12
cf7ba28843fe8bfe0nB43Ny-F1VW,初级运维工程师,内蒙古元道科技发展,0-20人,人工智能,大专,在校/应届,"网络运维, Nginx, 通信相关专业, MySQL/Oracle, Docker, Python/Shell, 计算机相关专业, 电子/电气/自动化相关专业, IDC机房运维",5-8K,呼和浩特,,2026-05-31 20:46:12
2b484946cd141f901n1-3t26ElJT,网络机房运维工程师,隆盛科技,20-99人,计算机服务,学历不限,1-3年,"交换机配置, 路由器配置, 网络规划设计, 故障处理, Linux, Windows, Oracle",4-7K,呼和浩特,,2026-05-31 20:46:12
5f0ddda5303f951a1HJ92Ny-EFtX,风机定检工程师,瀚城科技,20-99人,光伏,学历不限,经验不限,"低压电工, 高处作业, 高压电工",7-12K,呼和浩特,,2026-05-31 20:46:12
803c8a834ee72b521X172Ny-EVRV,硬件工程师,意启创,100-499人,电子/半导体/集成电路,本科,经验不限,"智能硬件/可穿戴设备, 计算机相关专业, 电子电气/自动化相关专业, 硬件开发经验",5-9K,呼和浩特,,2026-05-31 20:46:12
b3ee2a1bd3e0ab8503N_29q7EFRT,地质工程师,北京弘锐消防科技服务,0-20人,化工,本科,1-3年,"工程地质勘察经验, 地质报告编制经验, 其他地质经验, 地质初级职称, 地质中级职称, 地质高级职称, 英语可做为工作语言, 其他优势经验, 有地质工程师经验",10-15K,呼和浩特,,2026-05-31 20:46:12
cc16fe9fef95523a0nB-2d69ElNS,全栈工程师,德信科技,100-499人,企业服务,大专,5-10年,,13-15K,呼和浩特,,2026-05-31 20:46:12
5fe6bfa9826fb04b03N_3d20EFdW,云计算运维工程师,中电信数智,1000-9999人,通信/网络设备,本科,3-5年,"通信相关专业, 系统运维, 计算机相关专业, 运维经验, IDC机房运维",9-11K,呼和浩特,,2026-05-31 20:46:12
3b05af38345b37f40nR_3dq0FlpV,清洗工艺工程师,优牧机械,0-20人,金属制品,大专,3-5年,"机械加工制造经验, 仪器仪表经验, 其他, 自动化设备经验, 有色金属经验, 连接/切割工艺经验, 焊接经验, AutoCAD, 现场工程师（ME）经验, 需要出差",8-10K,呼和浩特,,2026-05-31 20:46:12
b90efb088d607ad50nB72tS6GVdW,golang工程师,肉联数智,0-20人,计算机软件,学历不限,3-5年,,6-7K,呼和浩特,,2026-05-31 20:46:12
80355d3fab72c92b0nB-2d21GVJQ,风机运维工程师,唐山智宸科技,20-99人,风电,高中,经验不限,系统运维,5-10K,呼和浩特,,2026-05-31 20:46:12
bb8c496925cc9d990nB63dS0FlZX,变压器工程师,广州贝拿科技有限公司,20-99人,风电,大专,5-10年,,15-20K,呼和浩特,,2026-05-31 20:46:12
e58cea0e4c04a62a1XJ909m6FFRW,电气设计工程师,内蒙古博越,20-99人,通信/网络设备,大专,1-3年,"系统集成技术, CAD, 自动化技术, 嵌入式技术, 电气技术支持, 电路图, 电气维修维护",4-8K,呼和浩特,,2026-05-31 20:46:32
c21029751daaa5870nZ70t-8FFpY,数据中心运维工程师,内蒙古璇玑创展科技,20-99人,企业服务,大专,1-3年,,15-18K,呼和浩特,,2026-05-31 20:46:32
f25cdf0f5b36ecd80nRy29W8EVJV,水工专业工程师,呼和浩特市丰泽水...,20-99人,其他专业服务,本科,10年以上,"有水利设计院工作经历, 有水利工程师经验, 不需长期出差",6-7K,呼和浩特,,2026-05-31 20:46:32
10e125842cc7a08f03xy3Nu5EVNT,售前工程师—大疆无人机产品,中建材信息,1000-9999人,互联网,本科,3-5年,"服务器, 存储, 智慧城市信息化项目, 云计算",7-9K·17薪,呼和浩特,,2026-05-31 20:46:32
64b9ffbaf4c7503203B909u6GFdT,服务工程师,锐开电气,100-499人,电力/热力/燃气/水利,本科,在校/应届,,6-10K,呼和浩特,,2026-05-31 20:46:32
5f99107c36242db40nB529-9GFtS,CEMS废气运维工程师,内蒙古酷博环保科技,0-20人,环保,学历不限,经验不限,"电子/电气/自动化相关专业, 运维经验",5-8K,呼和浩特,,2026-05-31 20:46:32
d1f0a3bedd4544a00nR639q6F1tS,【呼市】存储工程师,软通动力,10000人以上,计算机软件,大专,1-3年,"华为存储, 存储",8-13K,呼和浩特,,2026-05-31 20:46:32
a9d872855fd697f60nZ93dS6FltT,地质工程师,内蒙古政司科学技术,100-499人,其他专业服务,大专,3-5年,"工程地质勘察经验, 矿产资源勘探经验, 矿产开采勘察经验, 地质报告编制经验, 地质初级职称, 有地质工程师经验",10-15K,呼和浩特,,2026-05-31 20:46:32
3d8ea4ea0d98c46003xz2Nu9FFNS,RPA 工程师,全璟智能,0-20人,计算机软件,学历不限,经验不限,"Pandas, MySQL, Redis, Selenium, Oracle, Numpy, Python",3-5K,呼和浩特,,2026-05-31 20:46:32
6cbfc2d1e2df45e30nRz2dW7GFpX,工程师 项目经理,景晟勘察公司,0-20人,其他专业服务,大专,5-10年,"ArcGIS, 工程测量/测绘, CASS, AutoCAD, 矢量数据处理, 地理信息测量/测绘, 内业处理, 数据建库",5-6K,呼和浩特,,2026-05-31 20:46:32
6b5fd372ecfb67700nR_2dW_F1NR,地质工程师,东科建设,100-499人,其他专业服务,本科,3-5年,"地质报告编制经验, 其他地质经验, 不需长期出差, 有地质工程师经验, 煤田地质, 煤矿储量",5-8K,呼和浩特,,2026-05-31 20:46:32
aee88cb36a2f21920nB439y6E1BR,服务器运维工程师--服务器售后，服务器硬件,北京中科仙络,500-999人,互联网,大专,1-3年,"IDC机房运维, 系统运维, 数据中心, idc, 服务器售后, 上下架, 综合布线",6-7K,呼和浩特,,2026-05-31 20:46:32
a0712688e5f3a9cf1nF709-4EVA~,销售工程师,尚为照明,1000-9999人,企业服务,本科,经验不限,"市场拓展能力, 市场信息搜集与分析, 电子/半导体/集成电路, 市场营销相关学历, 商务谈判能力, 销售支持, 客户开发与维护, 电气相关学历, 管理相关学历, 项目跟踪",8-9K,呼和浩特,,2026-05-31 20:46:32
46e3f606c9ebe5350nB-2tW8FFtQ,装配工程师,绿茵生态,100-499人,工程施工,学历不限,5-10年,,9-11K,呼和浩特,,2026-05-31 20:46:32
390192925798837e03V439-4EFJW,建筑电气工程师,里仁工程,0-20人,土木工程,本科,5-10年,,10-13K,呼和浩特,,2026-05-31 20:46:32
99e95b7b8a3bcd5f0nd43NW8EFFR,服务器存储工程师,仁科,100-499人,互联网,学历不限,3-5年,,14-18K,呼和浩特,,2026-05-31 20:47:10
da4ebc5e82f9a0200nB70tq0FlNW,云计算售前技术支持,纬致芯创科技,1000-9999人,计算机软件,本科,5-10年,"解决方案, 云计算, g端",18-19K,呼和浩特,,2026-05-31 20:47:10
b5933c94b761650d0nd53dy8GVZQ,H88153岗售前技术支持工程师,武汉佰钧成技术,1000-9999人,计算机软件,本科,5-10年,"云服务, 公有云/私有云/混合云, 人工智能, 大模型, 云计算",17-18K,呼和浩特,,2026-05-31 20:47:10
b615a15e0cd76bc403J53N64FFVW,高级服务工程师-内蒙,凯瑞同创,100-499人,风电,大专,3-5年,,7-8K,呼和浩特,,2026-05-31 20:47:10
5d0b1b9430886e080nB-39y6EVFQ,实施工程师（全国可招、新能源、13薪）,中软国际,10000人以上,计算机软件,大专,1-3年,,10-13K,呼和浩特,,2026-05-31 20:47:10
7206b6f84f2d11d31HN-3t61FFpX,地质工程师,中地基勘工程技术有限公司,20-99人,其他专业服务,本科,5-10年,"工程地质勘察经验, 地质高级职称, 有地质工程师经验, 地质矿产, 储量核实, 找矿",15-16K,呼和浩特,,2026-05-31 20:47:10
dc4a6c90f47344290nB_2tW1FVRS,质量工程师（FQE）,上海峙雄,1000-9999人,风电,大专,经验不限,,15-20K,呼和浩特,,2026-05-31 20:47:10
7dcb06c512d9cbc20nZ-29W_GVNX,运维工程师,北京电旗,1000-9999人,互联网,大专,3-5年,"云, 虚拟化, 华为云, 云计算",8-9K,呼和浩特,,2026-05-31 20:47:10
960111944226a2d20nZ83tm1GVNX,变压器工程师,华毅达,20-99人,电气机械/器材,大专,5-10年,,10-15K,呼和浩特,,2026-05-31 20:47:10
1ecabdcd76598d3f0nZz29S_FVpQ,弱电工程师,达卯智能,100-499人,人工智能,大专,5-10年,,15-20K,呼和浩特,,2026-05-31 20:47:10
cb9d3f595717bd5f03F_09W5FldR,空调工程师,冰源制冷,0-20人,其他专业服务,大专,1年以内,"制冷工证, 月结, 不包吃住, 1-3年经验",4-8K,呼和浩特,,2026-05-31 20:47:10
3e37650884e0f19f0nV90tq5GVtQ,多模态算法工程师,北京利斯达内蒙分公司,20-99人,计算机软件,硕士,3-5年,"发表算法相关优秀论文, C/C++, 机器学习, 图像算法, 深度学习, 大模型算法, 自然语言处理算法, 多模态算法, 算法工程化经验, 优秀开源项目经历, 模型加速/性能优化, Python",10-15K·13薪,呼和浩特,,2026-05-31 20:47:10
d80810d4e1d075bf0ndz2dy_ElJY,数据中心基础设施运维工程师,永康世纪,0-20人,计算机服务,大专,1-3年,,100-300元/天,呼和浩特,,2026-05-31 20:47:10
41e9c7dee41a65fd0nB_2NS7E1FY,机房IT运维工程师,上海旷深信息科技,20-99人,计算机服务,大专,1-3年,"网络运维, IDC机房运维, Python/Shell",5-6K,呼和浩特,,2026-05-31 20:47:10
e58cea0e4c04a62a1XJ909m6FFRW,电气设计工程师,内蒙古博越,20-99人,通信/网络设备,大专,1-3年,"系统集成技术, CAD, 自动化技术, 嵌入式技术, 电气技术支持, 电路图, 电气维修维护",4-8K,呼和浩特,,2026-05-31 20:47:10
390192925798837e03V439-4EFJW,建筑电气工程师,里仁工程,0-20人,土木工程,本科,5-10年,,10-13K,呼和浩特,,2026-05-31 20:47:31
9c549cee548504eb0nZ93Nm6FlpY,IDC运维工程师~和林NY,金石易服,1000-9999人,大数据,大专,经验不限,"机房运维, 服务器配置, 网络协议",6-7K,呼和浩特,,2026-05-31 20:47:31
0b587a6927011d0c0nB509i6FlVQ,高级工程师,凯鼎成,0-20人,房屋建筑工程,大专,10年以上,"10年以上建筑工程经验, 高级建筑工程师职称, 四库一平台有业绩, 施工单位, 一级注册建造师, 安全员B证, 有建筑工程经验, 不需要长期出差/驻场, 土建工程经验",20-30K,呼和浩特,,2026-05-31 20:47:31
15891390b4101c2f0nR_0tm5EVNZ,弱电工程师,中联云港,100-499人,互联网,大专,3-5年,,15-20K·13薪,呼和浩特,,2026-05-31 20:47:31
b23930c6f1f68a4d0nB-3N65GFJQ,公有云运维工程师- AI方向-呼和浩特,安畅网络,1000-9999人,互联网,本科,5-10年,,15-22K,呼和浩特,,2026-05-31 20:47:31
a1a444f3a70f9ed10nB_2tq-FVdX,数据中心电气工程师,三古科技,20-99人,互联网,大专,3-5年,"IDC机房运维, 电子/电气/自动化相关专业",10-15K,呼和浩特,,2026-05-31 20:47:31
b742f175905238f70nB-0tm6FlBS,暖通工程师,浙江省邮电工程,1000-9999人,通信/网络设备,大专,3-5年,,10-13K,呼和浩特,,2026-05-31 20:47:31
6208346526af661f0nZ93du-FFRR,内蒙GIS工程师,大德众和,20-99人,智能硬件,本科,1-3年,"ArcGIS, QGIS, MapGIS, 地理信息/测绘工程相关专业, 团队管理经验, 测绘内业数据处理经验",4-8K,呼和浩特,,2026-05-31 20:47:31
cd4310e6fd962a950nB_3t-1F1BY,运维工程师,内蒙古斯展商贸,20-99人,批发/零售,大专,3-5年,"IDC机房运维, 电子/电气/自动化相关专业, 运维经验",10-11K,呼和浩特,,2026-05-31 20:47:31
99fa9e0891c6ac7d0nVz0t25F1VX,线路电气设计工程师,内蒙古万辉科技,0-20人,电力/热力/燃气/水利,本科,3-5年,CAD,8-13K,呼和浩特,,2026-05-31 20:47:31
edb2546797bf09e203Fz2Ny8FVBW,IDC运维工程师（呼和浩特）,广东维云信息科技,100-499人,计算机服务,大专,1-3年,"IDC机房运维, 实施交付运维, 计算机相关专业, 通信相关专业, 大数据运维经验, 网络安全相关经验, 运维经验, Linux, GPU",7-12K,呼和浩特,,2026-05-31 20:47:31
9b1c5b6e4f0986dd0nR_39-7FFFU,地质工程师,凯博建设,20-99人,工程施工,大专,10年以上,"有地质工程师经验, 地质中级职称, 工程地质勘察经验, 矿产资源勘探经验",10-11K,呼和浩特,,2026-05-31 20:47:31
2eef788c4d42d97a0nB42tm4ElRQ,交付工程师,广州云趣,100-499人,计算机软件,本科,1-3年,,7-9K,呼和浩特,,2026-05-31 20:47:31
82ad5bb8234dd5fa0nR52Nm6GFZR,手机维修工程师,赛罕区鑫瀚林电子...,0-20人,回收/维修,学历不限,1-3年,"有手机维修经验, 1-3年手机维修经验, 连锁维修店, 就近分配",10-11K,呼和浩特,,2026-05-31 20:47:31
1073d8400a663a7a03Fz09q_FVFX,技术工程师,左马自控,100-499人,通用设备,本科,3-5年,,7-10K,呼和浩特,,2026-05-31 20:47:31
291f4a1d85a2322b0nZy2dS9FVVS,IDC网络运维工程师,亚康万玮,1000-9999人,互联网,大专,1-3年,IDC,6-8K,呼和浩特,,2026-05-31 20:47:52
69293c7567ef7bc91Xx83N67E1ZQ,运维工程师-云计算,内蒙古自立科技,20-99人,信息安全,本科,3-5年,"系统运维, IDC机房运维",6-10K,呼和浩特,,2026-05-31 20:47:52
e105fce925c0c3ee0nB53Ni1EVFU,运维工程师,交大华芯,20-99人,计算机软件,大专,1-3年,,7-10K,呼和浩特,,2026-05-31 20:47:52
5f242e821e0808a503x_2Nm9FVJR,防水堵漏工程师,啄木鸟家庭维修,1000-9999人,生活服务(O2O),学历不限,1-3年,,8-13K,呼和浩特,,2026-05-31 20:47:52
1d5f8b5789877de21nB83ti1EFBU,测绘工程师,内蒙古方向图,20-99人,智能硬件,大专,3-5年,外业、内业,5-7K,呼和浩特,,2026-05-31 20:47:52
8779d03d43606d271X1429y-E1tX,机电工程师,呼和浩特市晨航模具,0-20人,机械设备/机电/重工,本科,10年以上,"擅长SolidWorks, 呼和浩特市",9-10K,呼和浩特,,2026-05-31 20:47:52
91a4de5de58663400nRz3Ni9ElJW,水工专业工程师,呼和浩特市丰泽水...,20-99人,其他专业服务,本科,10年以上,"有水利设计院工作经历, 有水利工程师经验, 不需长期出差",6-7K,呼和浩特,,2026-05-31 20:47:52
014e05eb97b2d46b0nB_2968E1pY,全栈工程师,浙江徽创信息技术有限,100-499人,计算机软件,大专,3-5年,"Java, 前端开发经验",9-13K,呼和浩特,,2026-05-31 20:47:52
64855666335273861HZ63N-5EVJX,线路电气工程师,益赫电力设计,20-99人,电力/热力/燃气/水利,本科,经验不限,"设计院经验, 发输变电工程师, 国内出差",7-12K,呼和浩特,,2026-05-31 20:47:52
f5defc818333ec520nB52d21FltU,安全工程师,上海星光瀚澜智能科技,20-99人,医疗服务,大专,5-10年,"煤矿, 非煤炭矿山, 金属冶炼, 安全资格证, 注册安全工程师证书",13-25K,呼和浩特,,2026-05-31 20:47:52
0f02183b4ce9fa9e0nB409m6GVNS,风电运维工程师,广东某大型新能源上市公司,1000-9999人,新能源,大专,经验不限,,15-25K,呼和浩特,,2026-05-31 20:47:52
6dd837ac5c1aca650nR72d-6FFtX,k8s运维工程师,华苏科技,1000-9999人,互联网,大专,3-5年,,6-9K,呼和浩特,,2026-05-31 20:47:52
f011ac19d41b23e00nV_0tq1FFBR,电气二次工程师,旭安能科,20-99人,电力/热力/燃气/水利,本科,3-5年,"CAD, 输变电工程设计",9-14K,呼和浩特,,2026-05-31 20:47:52
18ea0d687c2633a81XN53dm_F1RX,idc运维工程师,内蒙古奇云网络,0-20人,互联网,大专,经验不限,"网络运维, 实施交付运维, IDC机房运维",2-6K·13薪,呼和浩特,,2026-05-31 20:48:13
095a400ea9f209b10nR52Nm4EFJQ,风电运维工程师,呼市艾弗迪,0-20人,批发/零售,大专,1-3年,"风电运维经验, 风电运维, 运维工程师, 高空作业, 风电运维工程师, 要求光伏/风电运维经验, 经常出差",8-13K,呼和浩特,,2026-05-31 20:48:13
408fb7ccea91215b0nV-2NW6FldQ,核心网运维工程师,东软集团,10000人以上,计算机软件,大专,3-5年,"IMS, 核心网",6-10K,呼和浩特,,2026-05-31 20:48:13
8f2392c6a66138230nB-3Ny7GVtQ,实施工程师,杭州海智拓信息科技,10000人以上,企业服务,大专,3-5年,"SAP, 国网",10-11K,呼和浩特,,2026-05-31 20:48:13
3c866e6f883a07e21HR_29S9GVVZ,Linux运维工程师,厦门艾缇家科技,100-499人,计算机软件,大专,3-5年,"桌面运维, 网络运维, Python/Shell, Ansible/Salt/Puppet, Nginx, 计算机相关专业, 通信相关专业",6-10K,呼和浩特,,2026-05-31 20:48:13
313aef06a0d2fab80nB42Ny_EVJZ,功能测试工程师,天阳科技,1000-9999人,计算机软件,本科,3-5年,银行,6-9K,呼和浩特,,2026-05-31 20:48:13
05c0be754d27aa2c0nZy3dW5FFVU,IDC基础设施运维工程师（呼和浩特）,诚云科技,500-999人,互联网,本科,3-5年,"电气, 暖通, IDC设施运维, IDC机房运维, 高低压 制冷证书, 弱电",15-21K·15薪,呼和浩特,,2026-05-31 20:48:13
fbf890aa838c65920nd42tW-EVtR,全栈工程师,北京千悦源科技,20-99人,互联网,本科,3-5年,,6-8K,呼和浩特,,2026-05-31 20:48:13
3868718422d0e07c0nB709u5ElBU,环评工程师,精创公司,20-99人,其他行业,本科,经验不限,"要求环评工程师经验, 1年以内环评经验, 经验不限",10-11K,呼和浩特,,2026-05-31 20:48:13
f82781d00492b53e0nB-3Nu5E1RZ,AOI工程师,环晟光伏,1000-9999人,光伏,大专,3-5年,,9-13K,呼和浩特,,2026-05-31 20:48:13
3f61912ea4919f2b1nFz29i-E1pR,驻场工程师,隆盛科技,20-99人,计算机服务,学历不限,经验不限,"系统运维, 桌面运维, Windows, Linux, SQL, 服务器配置, VMware, Oracle",3-5K,呼和浩特,,2026-05-31 20:48:13
afce7959694307971Hx-2d24E1dX,设备维护工程师,阿穆尔环保,0-20人,环保,中专/中技,5-10年,"仪器仪表经验, C1驾照, 需要出差, 其他, 不需要夜班, 自动化机械经验, 化工机械经验, 电工证, 焊工证, 要求有设备维保经验, 设备厂商（乙方）, 不需要倒班, 3-5年设备维保经验",5-8K,呼和浩特,,2026-05-31 20:48:13
f51116fb2ec4875903J-2Nm9FVdY,BIM工程师,蒙爱文化,0-20人,广播/影视,大专,3-5年,"模型碰撞, 核心建模, Revit, Rhino, BIM实操经验, 弱电/给排水/暖通相关经验, BIM",8-12K,呼和浩特,,2026-05-31 20:48:13
dbb7603f47febfce1XJ739-1FVFY,敏谊电子招聘电脑/打印机维修,敏谊电子,0-20人,移动互联网,中专/中技,1年以内,"技术, 无需出差, 1-3年相关经验, 有电脑/打印机维修经验",7-10K,呼和浩特,,2026-05-31 20:48:13
8f83552c860886e60nd_39S9FVBR,电气工程师,柱华科技,100-499人,电力/热力/燃气/水利,大专,1-3年,"Linux, 国家电网, 电气自动化, 电力, 配网自动化, 变电站综自运维调试",5-6K·13薪,呼和浩特,,2026-05-31 20:48:13
8884f69c649bf6fc0nd42N6-FlNX,工艺工程师,双杰电气,1000-9999人,电气机械/器材,大专,5-10年,,15-30K,呼和浩特,,2026-05-31 20:48:34
51e3ce5c1860a2f70nd_2N28FVNQ,定检工程师（内蒙/东北）,润建股份,1000-9999人,互联网,中专/中技,3-5年,,7-12K·13薪,呼和浩特,,2026-05-31 20:48:34
412500a2fa8447190nB_2dW9FFZX,电气工程师,万氪睿速,20-99人,计算机软件,大专,5-10年,,9-13K,呼和浩特,,2026-05-31 20:48:34
c1ac8c8a5fcbb5f40nB52tW5EFBZ,暖通工程师,浪潮通信重庆分公司,1000-9999人,机电工程,本科,3-5年,,9-14K·14薪,呼和浩特,,2026-05-31 20:48:34
a91ffa5fa1a990030nB-2tW6ElFS,强电工程师,讯方技术股份,1000-9999人,计算机软件,大专,1-3年,CAD,6-10K,呼和浩特,,2026-05-31 20:48:34
1613a99183091fa00nV529W-FlJR,华为无线后台工程师,河南脉奇通信,20-99人,通信/网络设备,大专,1-3年,,5-8K,呼和浩特,,2026-05-31 20:48:34
00151ec5e7c038f60XJ-3tm4FFI~,网络工程师,辛克利,0-20人,通信/网络设备,本科,1-3年,"网络运维, 网络交换技术, 运维工程师, 网络设备, 网络工程师证, 网络安全, 实施工程师, 云计算",4-6K,呼和浩特,,2026-05-31 20:48:34
97cb2e91b26c61021Hx42dW4GVdT,运维工程师,克林通迅,10000人以上,通信/网络设备,学历不限,经验不限,通信相关专业,20-25元/时,呼和浩特,,2026-05-31 20:48:34
ad8f3d99b1e935ff031z2NS8GFFV,营养工程师,优然清水河奶山羊牧场,100-499人,农/林/牧/渔,本科,1-3年,,5-9K,呼和浩特,,2026-05-31 20:48:34
998ceb22f53b67e21XV93d28FVRQ,主机工程师,电信数智内蒙分公司,100-499人,计算机服务,大专,3-5年,"服务器配置, Linux",5-10K,呼和浩特,,2026-05-31 20:48:34
411bd6a16be2d37d0ndz09m8FFZQ,网络工程师,杭数人才,100-499人,计算机软件,大专,3-5年,"CCIE/HCIE等, CCNP/HCIP等, 不需要出差, 5年以上网络工程师经验, 网络架构设计, 有网络工程师经验, 数据中心运维, 金融网络运维, 大型网络实施, 3到5年网络工程师经验, 大型网络运维",8-12K,呼和浩特,,2026-05-31 20:48:34
9720d856e4a211ad0nZ-2ty1EFdZ,全栈工程师,舞蝶科技,20-99人,互联网,本科,3-5年,,9-14K,呼和浩特,,2026-05-31 20:48:34
eb2ac1da117b08420nB50ty7FFpR,网络工程师,蒙祥隆能源,20-99人,矿产/地质,本科,1-3年,,5-6K,呼和浩特,,2026-05-31 20:48:34
752029398fea25ff0nB-39W_FlBS,阿里数据中心-暖通电气工程师,石家庄市华正恒通,100-499人,通信/网络设备,大专,1-3年,"IDC机房运维, 计算机相关专业, 通信相关专业, 电子/电气/自动化相关专业, 运维经验, 大数据运维经验",5-8K,呼和浩特,,2026-05-31 20:48:34
8c2b6896299f2dc103J52Ny1EVZR,跟台工程师（全国）,深圳迈微医疗科技,100-499人,医疗器械,本科,经验不限,,9-11K·13薪,呼和浩特,,2026-05-31 20:48:34
7a146dd84644e59b03173NS1ElNS,运维工程师值班长-和林,中航信柏润,500-999人,互联网,大专,3-5年,,5-8K,呼和浩特,,2026-05-31 20:48:55
9c44edf0ed3a351403J50t21FFRS,运维工程师--和林格尔,中科曙光,1000-9999人,互联网,本科,1-3年,"实施交付运维, MySQL/Oracle, Docker, 系统运维, 运维开发经验, Python/Shell, 计算机相关专业, IDC机房运维",6-11K,呼和浩特,,2026-05-31 20:48:55
921057d97984666a0ndz09u7FFRX,网络工程师,弧聚科技,100-499人,互联网,大专,1-3年,"有网络工程师经验, 不需要出差, 1到3年网络工程师经验, 3到5年网络工程师经验, 大型网络运维, 大型网络实施, 数据中心运维, 金融网络运维, CCIE/HCIE等, CCNP/HCIP等, 路由/交换/防火墙, ospf/bgp/vrrp/isis",8-12K,呼和浩特,,2026-05-31 20:48:55
ef2f2de3fc62cce20nZz2NW4GVZU,网络工程师,浪涛科技,20-99人,建筑工程咨询服务,大专,5-10年,"CCNP/HCIP等, Java, 网络架构设计, 有网络工程师经验, 熟悉Linux等操作系统, 大型网络实施, 其他, 计算机相关专业, SQL, CCIE/HCIE等, 5年以上网络工程师经验, C/C++, 系统集成商, 大型网络运维, Python",7-12K,呼和浩特,,2026-05-31 20:48:55
f2b2b7c87cfa801a03J62di-ElpV,产品工程师,墨工智能,0-20人,智能硬件/消费电子,大专,3-5年,"网络/通信设备, 机械/电子工程相关专业",7-8K,呼和浩特,,2026-05-31 20:48:55
d6039419f3e72bbf03R83dq9E1pZ,运维工程师,金贤科技技术服务,20-99人,云计算,中专/中技,在校/应届,"实施交付运维, 电子/电气/自动化相关专业, 运维经验",3-6K,呼和浩特,,2026-05-31 20:48:55
a8ddb0dd8818ed3b0nB63t60EFRQ,网络工程师,重庆软维科技有限公司,500-999人,计算机软件,大专,3-5年,,7-11K,呼和浩特,,2026-05-31 20:48:55
e5292815fd2f0aa31Hd909u4F1VT,运维驻场工程师,华民信息科技,0-20人,通信/网络设备,大专,1-3年,"网络运维, 计算机相关专业, 运维经验",2-5K,呼和浩特,,2026-05-31 20:48:55
73a8a813a37fa4c4031y39W7FlRT,运维工程师,深圳市云恒网络技术,0-20人,人工智能,本科,1-3年,,6-11K,呼和浩特,,2026-05-31 20:48:55
e2753a34118b60bf03B43ti6E1dT,机房运维工程师,紫光云数,1000-9999人,计算机软件,本科,1-3年,"网络运维, IDC机房运维, 计算机相关专业, 通信相关专业, 运维经验, 网络安全相关经验",5-7K·13薪,呼和浩特,,2026-05-31 20:48:55
cb976668ffba27bd03N-2d20ElBZ,服务器运维/上门工程师,安擎计算机,500-999人,计算机硬件,大专,3-5年,服务器硬件运维,6-10K,呼和浩特,,2026-05-31 20:48:55
3b90c1e112da8bb91HJ82N2-ElNZ,运维技术工程师,德壹电力,20-99人,通信/网络设备,本科,1-3年,福利待遇好,4-8K,呼和浩特,,2026-05-31 20:48:55
a89cb713e52072150nd82tu-EFtT,电力交易平台运维工程师,巨鹏,100-499人,互联网,大专,3-5年,,10-11K,呼和浩特,,2026-05-31 20:48:55
92d1cbe2a254ad8d0nB-2dS4F1RR,技术工程师,内蒙古润年科技,0-20人,计算机软件,中专/中技,经验不限,,4-5K,呼和浩特,,2026-05-31 20:48:55
6f57be19f89737e303d-0tm8GFRX,网络工程师,博创信息,0-20人,通信/网络设备,大专,1-3年,"有网络工程师经验, 1到3年网络工程师经验, 熟悉Linux等操作系统, SQL, 其他",4-6K,呼和浩特,,2026-05-31 20:48:55
32f614ac8bf1b2ba0nd52di-FFdY,GPU运维工程师,紫金支点,1000-9999人,通信/网络设备,本科,3-5年,"Python/Shell, 计算机相关专业, 运维经验, NVIDIA GPU运维, NVIDIA GPU服务器B300, NVIDIA 服务器RTX6000, 容器化技术",20-25K·13薪,呼和浩特,,2026-05-31 20:49:16
cec9a8d2b32b74bf03153du0EVBS,运维工程师,广泽电子科技,0-20人,通信/网络设备,大专,,,100-150元/天,呼和浩特,,2026-05-31 20:49:16
1901845a0546ca161XB73NW_GVBS,中级运维工程师,博思数采,1000-9999人,电子商务,本科,3-5年,"系统运维, 运维开发/DevOps",7-8K,呼和浩特,,2026-05-31 20:49:16
4196f76392e358630nB-09y-E1FU,测试工程师,深鲸智能,0-20人,物联网,本科,3-5年,"接受无质量管理经验, 不需要出差, 有丰富的软件测试经验",6-10K,呼和浩特,,2026-05-31 20:49:16
31bd1beaa9916e5303x929W8GFVW,电气工程师,北京中数智云,0-20人,计算机软件,大专,经验不限,"PLC工程师, 电控工程师, CAD, 西门子, plc",6-9K,呼和浩特,,2026-05-31 20:49:16
64e3f5a4e094a6420nB42ty7GVtY,技术服务工程师（呼和浩特）,西安长天长软件,100-499人,计算机软件,大专,1-3年,,6-8K,呼和浩特,,2026-05-31 20:49:16
85d4128e6377cee80nZ73dq5E1ZU,驻场安全运维工程师,数字安全,20-99人,信息安全,大专,经验不限,,4-8K,呼和浩特,,2026-05-31 20:49:16
b1a23b78f79aeb391nZz2Nu7GVRY,工程师,实易软件有限公司,0-20人,计算机软件,大专,1-3年,"系统运维, 计算机相关专业, 运维经验, 应用运维",6-7K,呼和浩特,,2026-05-31 20:49:16
146e80278c601faf03d809-6EVZW,运维工程师,北京圣芯诺科技,20-99人,通信/网络设备,大专,3-5年,,6-7K,呼和浩特,,2026-05-31 20:49:16
214f2dbbb6ffa63a0nR92dS7ElFZ,售前工程师,云图,0-20人,新闻/出版,本科,3-5年,"售前技术支持经验, 系统集成, ERP/OA/CRM系统, 计算机/通信相关专业, 招投标经验, 可适应出差",5-10K,呼和浩特,,2026-05-31 20:49:16
b44ee3744dc0542b1XV93tS_FVdZ,云运维工程师,河北华恒信,500-999人,通信/网络设备,本科,3-5年,"Linux, Openstack, CCIE证书",8-13K,呼和浩特,,2026-05-31 20:49:16
fcd405227a4109680nB-3d-4FlVS,运维工程师,湖南大唐先一,500-999人,计算机软件,本科,3-5年,,5-7K·13薪,呼和浩特,,2026-05-31 20:49:16
4e5ddf191754de200nB-3tm0FlNX,IT运维工程师（需有高压电工证）,泽信融智,20-99人,计算机软件,大专,3-5年,"IDC机房运维, 网络运维, 计算机相关专业, 运维经验",5-7K,呼和浩特,,2026-05-31 20:49:16
198eb1c0fc7affd71nJ93dy9F1VQ,运维工程师,内蒙古节奏科技,0-20人,互联网,高中,经验不限,"网络, IT支持",3-7K,呼和浩特,,2026-05-31 20:49:16
40158c477ceed27c0nB509W-EFdT,网站前端运维工程师,务本科技,20-99人,计算机软件,大专,1-3年,,5-6K,呼和浩特,,2026-05-31 20:49:16
bf2065e0b9f7f8f60ndz3tu4FlNU,售前工程师,国控高科,20-99人,通信/网络设备,大专,1-3年,"金融信息化项目, 系统集成, 能源信息化项目, 售前技术支持经验, 计算机/通信相关专业",6-10K,呼和浩特,,2026-05-31 20:49:37
994ee985cb9af1b20nB_39W0GVtS,医疗AI应用工程师,子殷,20-99人,医疗器械,本科,3-5年,"深度学习, 多模态算法, 图像生成, 三维重建, C/C++, Python, 图像处理库（OpenCV等）, Java",15-16K,呼和浩特,,2026-05-31 20:49:37
49ce7aab0d29e1a103Jy0924EVFR,it技术支持/维护工程师,外星人电竞馆,0-20人,社交网络与媒体,学历不限,1-3年,"网络运维, 系统运维, 桌面运维",3-5K,呼和浩特,,2026-05-31 20:49:37
952188a339240f7a0n1z29q5FlU~,运维工程师,泛微网络,1000-9999人,计算机软件,本科,1-3年,"SQL, Java, Oracle, 实施工程师, 计算机软件, 云计算, 管理系统, 运维工程师",5-8K,呼和浩特,,2026-05-31 20:49:37
f028e370c1b670c91XZ729-9FFBV,维修维护工程师,骏明信息,0-20人,计算机硬件,中专/中技,1年以内,"系统运维, 机房运维, 最好有电工证, 计算机相关专业, 电子/电气/自动化相关专业, 安全运维, 运维经验",3-4K,呼和浩特,,2026-05-31 20:49:37
eed65e7204f7fbc00nB43dW0ElpY,内蒙初中级运维（交服）工程师,直真科技,1000-9999人,计算机软件,本科,1-3年,"linux, oracle",5-9K,呼和浩特,,2026-05-31 20:49:37
a4603d929fe33b5b1nx_09S5FVZQ,机械工程师,摩昆新能源,100-499人,其他新能源,大专,1-3年,五险一金,6-8K,呼和浩特,,2026-05-31 20:49:37
b46d323f4e5848e90nd-3dS6GFJT,高级运维工程师/运维项目经理,智胜慧安,100-499人,计算机服务,本科,3-5年,,10-13K,呼和浩特,,2026-05-31 20:49:37
e8ee4a187e139e4d1HV72Nm4FVZW,系统监控值班工程师,万德,100-499人,计算机软件,大专,1-3年,"实施交付运维, 通信相关专业, 计算机相关专业, 运维经验",4-5K,呼和浩特,,2026-05-31 20:49:37
56f1f6db67fa44780nB63t64EFVT,售后工程师,弥特科技,100-499人,自动化设备,大专,1-3年,"电工证, 设备安装调试, 机械/机电设备技术支持经验, 机械/机电设备, 可适应出差",5-8K,呼和浩特,,2026-05-31 20:49:37
d96588d7e244bf1503N72ti9EVJX,运维工程师,维泰铭,100-499人,计算机服务,本科,3-5年,,8-9K,呼和浩特,,2026-05-31 20:49:37
146bca26c97e68751HBz2N-5EVZW,运维工程师,利天电力,20-99人,计算机软件,学历不限,经验不限,运维经验,4-6K,呼和浩特,,2026-05-31 20:49:37
eef5917c2e3ba475031z3NW6FFZS,运维工程师,内蒙古海益电力科技,0-20人,电力/热力/燃气/水利,大专,1-3年,实施交付运维,3-6K,呼和浩特,,2026-05-31 20:49:37
92acc6cd092d52380nd_09S5FFZV,自动化工程师,正阳科技,20-99人,计算机软件,本科,5-10年,"PLC编程, 计算机相关专业, 电子电气/自动化相关专业, 自动化开发经验, 嵌入式开发经验, 中大型项目开发经验, PLC  , SCADA, SIS",10-15K,呼和浩特,,2026-05-31 20:49:37
224eb927b18293fb0nd829i5F1RW,运维工程师(呼市）,大数元,500-999人,计算机软件,大专,1-3年,,6-7K,呼和浩特,,2026-05-31 20:49:37
638fb4fa2352985903N72tq1ElVW,运维工程师,内蒙古翔宇信息公司,20-99人,通信/网络设备,大专,1-3年,"实施交付运维, 运维经验, IDC机房运维",4-6K,呼和浩特,,2026-05-31 20:49:58
f552586109202cf41Xx62Nq_FVFU,财务软件实施工程师,宏友软件技术服务公司,0-20人,计算机软件,大专,在校/应届,实施交付运维,3-5K,呼和浩特,,2026-05-31 20:49:58
3921a4806475809f03x73tW0GFtW,运维工程师,内蒙古合壮能源科技,0-20人,风电,大专,1-3年,,4-6K,呼和浩特,,2026-05-31 20:49:58
043464070092271403Nz2t-6FFRX,运维工程师,西安赛立科,20-99人,计算机软件,大专,1-3年,,3-6K,呼和浩特,,2026-05-31 20:49:58
6e960a09e28ab8ae0nZ839m6FFpW,电力运维工程师,国网电科院,10000人以上,电力/热力/燃气/水利,本科,1-3年,"Linux, 系统运维, 应用运维",7-8K,呼和浩特,,2026-05-31 20:49:58
783f357627ec325103V63t65ElBV,运维工程师,世纪环宇,20-99人,物联网,大专,1-3年,"系统运维, 电子/电气/自动化相关专业, 运维经验",5-6K,呼和浩特,,2026-05-31 20:49:58
18a9bd6dc976bdb40nd42ti5ElBY,初级网络运维工程师,拓维云创,1000-9999人,计算机软件,本科,1年以内,"网络运维, 系统运维, IDC机房运维, 运维经验, 计算机相关专业, 通信相关专业",4-5K,呼和浩特,,2026-05-31 20:49:58
b39cfb9146b77e470ndy3tq9E1RX,电力应用工程师,远宽能源,100-499人,专用设备,本科,1-3年,"DSP开发, CAD",12-17K·14薪,呼和浩特,,2026-05-31 20:49:58
92d99f29e9d7a40003Vy0tS4EFFQ,运维工程师,英维克,1000-9999人,其他行业,本科,经验不限,IDC机房运维,5-6K,呼和浩特,,2026-05-31 20:49:58
e9eca052316c4b9503Fy2Nq8EVZX,风电运维工程师,湖北云风电力有限公司,500-999人,计算机/通信/其他电子设备,中专/中技,经验不限,"风电运维, 接受无光伏/风电运维经验, 低压电工证, 高压电工证, 登高证, 电气类专业, 机电类专业",6-11K,呼和浩特,,2026-05-31 20:49:58
bc2089abf7ed5e0d03R42tq0GFpS,网络驻场运维工程师,玖思数智,0-20人,通信/网络设备,大专,1年以内,"网络运维, 网络安全相关经验, 运维经验, 打印机/复印机维修经验",3-5K,呼和浩特,,2026-05-31 20:49:58
a96ff790a21516ba0nZ52ti0EFJR,功率预测运维工程师,明扬新能源,20-99人,风电,本科,1-3年,"实施交付运维, 运维开发经验",9-14K·13薪,呼和浩特,,2026-05-31 20:49:58
5496cc035e3193de0nVy2tq6FVdQ,网络工程师,盛健生物,100-499人,食品/饮料/烟酒,大专,3-5年,,6-8K,呼和浩特,,2026-05-31 20:49:58
670fe495c403dcc71Xx929m9FVFY,cad制图工程师,永明机械制造,100-499人,专用设备,大专,经验不限,cad,5-6K,呼和浩特,,2026-05-31 20:49:58
a299c7e92279db9b031_29u1FFRZ,售后运维工程师（内蒙）,盛视科技股份有限公司,500-999人,智能硬件,大专,1-3年,"通信相关专业, 系统运维, 桌面运维, 计算机相关专业, IDC机房运维",4-6K,呼和浩特,,2026-05-31 20:49:58
1ec843160f129ae90ndz29-1F1JU,算法工程师,内蒙古数智亿联科技,20-99人,人工智能,本科,3-5年,"Java, 运筹优化算法, 图像算法, 深度学习, 大模型算法, 自然语言处理算法, 算法工程化经验, 多模态算法, 其他, 风控算法, 发表算法相关优秀论文, 机器学习, 气象算法, 强化学习, 参加算法相关竞赛/获奖, 模型加速/性能优化, Python",15-20K,呼和浩特,,2026-05-31 20:50:19
575d72b3f8bc23971XZ539u_FFdQ,运维工程师,福流科技,20-99人,环保,大专,经验不限,自动化运维,4-6K,呼和浩特,,2026-05-31 20:50:19
a79e8cf62d11bd310nRz29S1FlBT,实施工程师,航桥科技,0-20人,通信/网络设备,大专,1-3年,"软件实施经验, 计算机相关专业",4-7K,呼和浩特,,2026-05-31 20:50:19
940b021be2325d1603Vy2N64FVtY,运维工程师,启京科技,20-99人,电力/热力/燃气/水利,本科,1-3年,"网络运维, 系统运维, 实施交付运维, Docker, Kubernetes, Nginx, Elasticsearch, Python/Shell, 计算机相关专业, 电子/电气/自动化相关专业, 运维经验, 网络安全相关经验",6-10K,呼和浩特,,2026-05-31 20:50:19
f97aba68c5f8c78e03Ry39q-EVBZ,运维工程师-内蒙古（双休/年终奖）,名通科技,100-499人,计算机软件,本科,1-3年,"通信相关专业, 系统运维, 计算机相关专业, 运维经验",6-8K·13薪,呼和浩特,,2026-05-31 20:50:19
06bc2de9172787100nd63d--EltS,硬件维护工程师,新华三技术有限公司,10000人以上,计算机软件,大专,3-5年,"网络运维, 计算机相关专业, 网络安全相关经验, 运维经验, IDC机房运维",8-9K,呼和浩特,,2026-05-31 20:50:19
0e2f066fe4faaebb03R_2Nu7F1VZ,电力售前技术工程师,津通华(内蒙)能源,0-20人,电力/热力/燃气/水利,本科,3-5年,"能源信息化项目, 售前技术支持经验",8-10K,呼和浩特,,2026-05-31 20:50:19
4636ea7217b13d8e03J_2Ny9F1dQ,运维工程师,内蒙古天海鉴信息科技,0-20人,计算机软件,大专,,"网络运维, 计算机相关专业, 运维经验",100-150元/天,呼和浩特,,2026-05-31 20:50:19
f3a30f75e7fc772b1XB_3dS7E1pY,运维工程师,中科北讯,0-20人,大数据,大专,1-3年,网络运维,4-5K,呼和浩特,,2026-05-31 20:50:19
dab5a51ba7eb131203F-09y1EFVX,运维工程师,行天下建筑有限公司,0-20人,通信/网络设备,大专,1年以内,"网络运维, 系统运维, 计算机相关专业, 通信相关专业",3-7K,呼和浩特,,2026-05-31 20:50:19
af5f4db1a49def331H143Nm4FVJU,风机运维工程师,承德德风,20-99人,企业服务,大专,1-3年,风机运维及检修,5-8K,呼和浩特,,2026-05-31 20:50:19
64d13c626fd725b40ndy2dq0EltY,运维工程师,东新慧科,100-499人,互联网,本科,1-3年,"通信相关专业, MySQL/Oracle, 系统运维, 计算机相关专业, 电子/电气/自动化相关专业, 运维经验",6-9K,呼和浩特,,2026-05-31 20:50:19
39d5214a1bf4591403Z929q7F1JQ,运维工程师,能瑞科技,100-499人,电力/热力/燃气/水利,大专,1-3年,,4-6K,呼和浩特,,2026-05-31 20:50:19
c168ce85a82b5d981nZ639u9EFVY,实施工程师,博兴,0-20人,计算机硬件,学历不限,1-3年,"安全运维, 自动化运维, 虚拟化运维, 系统运维, 服务器配置, 网络协议",3-8K·13薪,呼和浩特,,2026-05-31 20:50:19
a917da142fec294603Z60tW6EFBS,运维工程师,内蒙古九龙顶数字科技,0-20人,计算机服务,大专,经验不限,,3-4K,呼和浩特,,2026-05-31 20:50:19
803c8a834ee72b521X172Ny-EVRV,硬件工程师,意启创,100-499人,电子/半导体/集成电路,本科,经验不限,"智能硬件/可穿戴设备, 计算机相关专业, 电子电气/自动化相关专业, 硬件开发经验",5-9K,呼和浩特,,2026-05-31 20:54:28
7bb319ee29e7a8350nB53d66ElBZ,注册环评工程师,宇正工程咨询,0-20人,咨询,学历不限,3-5年,,5-10K,呼和浩特,,2026-05-31 20:54:28
ef7caf233be2270b1HFz2du8F1tZ,集成售前工程师,内蒙古云健科技,0-20人,互联网,大专,1-3年,"售前技术支持经验, 系统集成, 计算机/通信相关专业",7-11K,呼和浩特,,2026-05-31 20:54:28
663e130fbd61a59f0nB60ti7FlFS,网络工程师,北京辉腾永盛通信科技,0-20人,通信/网络设备,大专,,,100-150元/天,呼和浩特,,2026-05-31 20:54:28
6f1cb83d0ce304940nR93di4FFtQ,售后服务工程师,三一重机有限公司,10000人以上,专用设备,大专,3-5年,,11-22K·14薪,呼和浩特,,2026-05-31 20:54:28
6cbfc2d1e2df45e30nRz2dW7GFpX,工程师 项目经理,景晟勘察公司,0-20人,其他专业服务,大专,5-10年,"ArcGIS, 工程测量/测绘, CASS, AutoCAD, 矢量数据处理, 地理信息测量/测绘, 内业处理, 数据建库",5-6K,呼和浩特,,2026-05-31 20:54:50
18518f47724b70700nB_2965FFtV,工艺工程师,上海芯飞睿,20-99人,其他行业,大专,经验不限,,5-9K·13薪,呼和浩特,,2026-05-31 20:54:50
854f5e7d35c2992a0nB-3N-4GVBW,电器程序工程师,内蒙古锐科智能装备,0-20人,专用设备,本科,5-10年,,8-10K,呼和浩特,,2026-05-31 20:54:50
5f99107c36242db40nB529-9GFtS,CEMS废气运维工程师,内蒙古酷博环保科技,0-20人,环保,学历不限,经验不限,"电子/电气/自动化相关专业, 运维经验",5-8K,呼和浩特,,2026-05-31 20:54:50
7f68e032e2d04e060nB_2d-7FFpU,水文地质工程师,内蒙古中汇地源工...,0-20人,房屋建筑工程,本科,5-10年,"水文水资源地质经验, 地质初级职称, 地质中级职称, 地质高级职称, 不需长期出差, 有地质工程师经验",5-10K,呼和浩特,,2026-05-31 20:54:50
9403d4689655fd5903x439i_EFFU,伊利2026届校招-能源工程师（婴幼儿呼市）,伊利,10000人以上,其他行业,本科,在校/应届,,6-7K,呼和浩特,,2026-05-31 20:55:12
fde0ff42430b3c920nVz3Nm9GFNX,AI部署工程师,内蒙古分众传媒,0-20人,电子商务,硕士,5-10年,,10-15K,呼和浩特,,2026-05-31 20:55:12
ad72c550cbcbfea303142N25FlRT,安全运维工程师,洞明科技,20-99人,信息安全,学历不限,经验不限,"网络运维, 系统运维",4-6K,呼和浩特,,2026-05-31 20:55:12
515736851eec13e903143du0EFBV,晶体工艺工程师,天津中环领先,1000-9999人,半导体/芯片,本科,3-5年,"半导体经验, 量产工程师（PE）经验, 试产工程师（NPI）经验, 不需要出差, 芯片/半导体经验",12-18K,呼和浩特,,2026-05-31 20:55:12
0daa73e009a066c11Hd93969F1FZ,土地勘测工程师,内蒙古蒙戈利智业集团,20-99人,咨询,学历不限,1-3年,"地理信息测量/测绘, 内业处理, 矢量数据处理, 影像数据处理, 数据建库, CASS, ArcGIS, MapGIS, 测绘工程师职称, 勘测定界",5-8K,呼和浩特,,2026-05-31 20:55:12
d20e92460a2c335d0nB_2di7GFZW,设备调试工程师,深圳市TCL环境科技,100-499人,环保,学历不限,1-3年,,6-8K·13薪,呼和浩特,,2026-05-31 20:55:12
77f11d96871358b01HB9396-EFFU,值班工程师,内蒙古自立科技,20-99人,信息安全,大专,经验不限,"IDC机房运维, 计算机相关专业, 运维经验",4-5K,呼和浩特,,2026-05-31 20:55:12
6e6f587d3c454ff01HN_2d25GFpZ,机房值班工程师,润建股份,1000-9999人,互联网,大专,1-3年,"网络运维, IDC机房运维, 计算机相关专业, 电子/电气/自动化相关专业, 运维经验, 值班，低压电工证",5-7K,呼和浩特,,2026-05-31 20:55:32
a93497f74f21fa290nB_2Ny6FlNZ,实施工程师,远大高科,20-99人,计算机软件,本科,5-10年,计算机相关专业,6-11K,呼和浩特,,2026-05-31 20:55:32
f46d380d4c1e9b9e0nB-2tu5FVFV,初级运维工程师,汇天网络,20-99人,通信/网络设备,本科,经验不限,,3-4K,呼和浩特,,2026-05-31 20:55:32
f294c4a817497ca50nR82dm6FVVR,监控工程师（三方）,中邮建,10000人以上,通信/网络设备,大专,1-3年,计算机相关专业,3-4K,呼和浩特,,2026-05-31 20:55:32
85f3b7a14c9ff1de1nN50t29EFVT,钢结构工程师,摩昆新能源,100-499人,其他新能源,大专,3-5年,五险一金,5-8K,呼和浩特,,2026-05-31 20:55:53
cabc50c2031576d71X152di1EVNU,咨询工程师,大元恒瑞,20-99人,信息安全,本科,3-5年,"中大型项目交付经验, 政府项目经验, 国内院校优先, Visio, 计算机/软件工程相关专业",8-13K,呼和浩特,,2026-05-31 20:55:53
1fd648c0284c4c82031-0tu1E1ZV,全栈工程师,内蒙古小草数字农...,100-499人,农/林/牧/渔,本科,1-3年,,8-12K,呼和浩特,,2026-05-31 20:55:53
5c2fe32b42a827e51X193N65GVNX,主机工程师,北京华胜天成,1000-9999人,计算机软件,大专,3-5年,"Ansible/Salt/Puppet, 系统运维, 国内院校优先, 计算机相关专业, Python/Shell, 运维经验, IDC机房运维",5-10K,呼和浩特,,2026-05-31 20:55:53
192fb6d5d0e59df41XJ_3ti0F1dZ,电气工程师,富特橡塑,20-99人,专用设备,本科,1-3年,"电气工程师证, PLC工程师",6-8K,呼和浩特,,2026-05-31 20:55:53
54009729d1fcd2c80HR72tm0EVo~,机房运维工程师,垚鑫同创,100-499人,计算机服务,大专,1-3年,"机房运维, 运维工程师",2-4K,呼和浩特,,2026-05-31 20:55:53
4ad855fa49e8264c0ndz3NS9EVFU,运维工程师（国网经验优先）,绛门科技,500-999人,计算机软件,本科,3-5年,"flink, MySQL/Oracle, Docker, Kubernetes",7-9K,呼和浩特,,2026-05-31 20:55:53
8ef2ba52b4a2cc9f0nV43du-GVdT,交付运维工程师,悦智人工智能,1000-9999人,互联网,大专,5-10年,,8-11K,呼和浩特,,2026-05-31 20:56:15
e1b0bf720f04169e03x_2d-8EVNZ,实施工程师,智诚民康,100-499人,医疗健康,大专,1-3年,,4-7K,呼和浩特,,2026-05-31 20:56:15
e050e8ed2c0de1100nZ72N69GFJV,运维工程师,北京国领智能科技,20-99人,计算机软件,大专,3-5年,网络运维,7-10K,呼和浩特,,2026-05-31 20:56:15
53c13e4d17797e351HR639u1F1JQ,linux运维工程师,惠通科技,20-99人,计算机软件,大专,经验不限,"桌面运维, 系统运维, 实施交付运维",2-4K,呼和浩特,,2026-05-31 20:56:15
70962bf956a132f11HB40927FFZR,plc电气工程师,星辰工业,0-20人,仪器仪表/工业自动化,本科,3-5年,"PLC工程师, CAD",6-11K,呼和浩特,,2026-05-31 20:56:35
647475264afa70f603B72t-8GFVR,风电运维工程师,长京新能源,100-499人,风电,中专/中技,1-3年,"风电运维, 运维, 光伏, 技改",5-10K,呼和浩特,,2026-05-31 20:56:35
ded9a4bb155cc70903xy3dq8EFFS,机械设备工程师,很简单,0-20人,电子商务,大专,3-5年,,6-11K,呼和浩特,,2026-05-31 20:56:35
9b030cac36ffc9250nB73Nu-ElVZ,实施工程师,内蒙古五色石网络科技,20-99人,信息安全,大专,3-5年,"PLM, 软件实施经验, ERP, PMP, SAP, Oracle EBS/Fusion, Netsuite, 计算机相关专业, PMI-ACP, Salesforce, 可适应出差, CSM/PSM",4-5K,呼和浩特,,2026-05-31 20:56:57
238a53acf2d8e37b0ndy3920EFtV,安装造价工程师,北京兴油,500-999人,其他专业服务,本科,5-10年,,10-12K,呼和浩特,,2026-05-31 20:56:57
d531d87ba9e85c681Xd42NW-FVFU,机械设计工程师,江苏旺达,100-499人,仪器仪表/工业自动化,本科,经验不限,"AutoCAD, 非标设计经验, CAD, 化工经验, SolidWorks, 有机械工程师经验, Pro/E",6-8K,呼和浩特,,2026-05-31 20:56:57
7204e6e1d4fa522903x83Nm6FFRU,实习工程师,恒通博联,20-99人,计算机软件,本科,,,100-150元/天,呼和浩特,,2026-05-31 20:56:57
7b5962f35ea8faf41Xd-3dS5ElBV,高级数据库工程师,北京同上科技有限公司,20-99人,计算机服务,学历不限,经验不限,"Shell, SQL, Unix, AIX, Oracle, OCM",15-16K·13薪,呼和浩特,,2026-05-31 20:56:57
5deeb4ccf28c6c5a0nZy3Nu5FldS,技术支持工程师,任子行,1000-9999人,计算机软件,本科,3-5年,"网络运维, IT技术支持经验, 通信相关专业, 实施交付运维, 计算机/通信相关专业, 大数据运维经验, 系统运维, Python/Shell, 网络安全相关经验, IDC机房运维, Linux 信息安全",8-12K,呼和浩特,,2026-05-31 20:56:57
0b343ae25a64bfce0ndy2dy5FVdR,运维工程师,内蒙古无量数据科技,20-99人,互联网,大专,1-3年,,4-6K,呼和浩特,,2026-05-31 20:56:57
5a8054366ce46e461XB_3Ni-GFJV,IT运维工程师,新中科,20-99人,企业服务,学历不限,1年以内,"计算机相关专业, 电子/电气/自动化相关专业",4-6K,呼和浩特,,2026-05-31 20:57:19
b4bce672540617970nRz3NW6FVNZ,运维工程师,吉林省天晟数科信...,20-99人,大数据,本科,1-3年,"Java, 网络运维, 通信相关专业, 运维开发经验, 计算机相关专业, 网络安全相关经验",8-9K,呼和浩特,,2026-05-31 20:57:19
6262992668a3011803F62d24E1JY,运维工程师,山西万腾鑫德,20-99人,光伏,大专,1-3年,风电运维,5-9K,呼和浩特,,2026-05-31 20:57:19
fdad78109ad43f8d03Nz2dq1FldY,电气运维工程师,博浩数据,500-999人,互联网,大专,3-5年,"IDC, 运维经验, 数据中心",15-21K·13薪,呼和浩特,,2026-05-31 20:57:19
b7a819025d69167d0nRz3du5EVpY,兼职运维工程师,典基网络,20-99人,通信/网络设备,大专,经验不限,"网络运维, 通信相关专业, 系统运维, 桌面运维, 计算机相关专业, 电子/电气/自动化相关专业, 运维经验",25-45元/时,呼和浩特,,2026-05-31 20:57:19
95c095b71c8bf9651n1y3tu8FFJY,运维工程师,星冉信息,100-499人,计算机软件,本科,1-3年,Linux,6-8K·13薪,呼和浩特,,2026-05-31 20:57:40
a6863f3ba48cf7c50nV_0tm8GFRQ,实施/运维工程师,北京东方通网信科...,1000-9999人,信息安全,本科,3-5年,,6-11K,呼和浩特,,2026-05-31 20:57:40
12432b6f0aa7d3d60nV83NS4F1ZW,Java开发工程师,中电金信,10000人以上,计算机软件,本科,3-5年,"Java, 银行核心, SpringCloud, Spring",11-17K,呼和浩特,,2026-05-31 20:57:40
9d6a551e5db4f7041nR_3dS8E1pW,风电工程师,无锡同一新能源,100-499人,新能源,大专,经验不限,"运维工程师, 运维, 系统运维, IT技术支持",4-9K,呼和浩特,,2026-05-31 20:57:40
d38f4514a3b436d11HB-09-7GVVZ,运维工程师,内蒙古网讯公司,20-99人,物联网,大专,1年以内,"网络运维, 运维经验, 计算机相关专业",4-6K,呼和浩特,,2026-05-31 20:57:40
6c545c11c0bf836103B829m9FVVS,运维工程师,天润嘉能,20-99人,计算机软件,本科,在校/应届,"运维监控, 网络运维, 信息系统管理, 运维",3-5K,呼和浩特,,2026-05-31 20:57:40
082295570be0ef041XV73tq6GFpZ,实施工程师,内蒙古蒙辰,20-99人,计算机软件,本科,在校/应届,"MySQL, SQL Server, Oracle",4-8K,呼和浩特,,2026-05-31 20:57:40
3b05af38345b37f40nR_3dq0FlpV,清洗工艺工程师,优牧机械,0-20人,金属制品,大专,3-5年,"机械加工制造经验, 仪器仪表经验, 其他, 自动化设备经验, 有色金属经验, 连接/切割工艺经验, 焊接经验, AutoCAD, 现场工程师（ME）经验, 需要出差",8-10K,呼和浩特,,2026-05-31 21:01:48
bb8c496925cc9d990nB63dS0FlZX,变压器工程师,广州贝拿科技有限公司,20-99人,风电,大专,5-10年,,15-20K,呼和浩特,,2026-05-31 21:01:48
0c670e7502cd817403Rz29q8FVtZ,注册环评工程师,内蒙古中清环保科技,0-20人,环保,本科,10年以上,"项目经理, 接受无环评工程师经验",8-13K,呼和浩特,,2026-05-31 21:02:08
46e3f606c9ebe5350nB-2tW8FFtQ,装配工程师,绿茵生态,100-499人,工程施工,学历不限,5-10年,,9-11K,呼和浩特,,2026-05-31 21:02:08
ffc089cb096fffd60nB_39i-FFdZ,功能测试工程师,天阳科技,1000-9999人,计算机软件,本科,1-3年,,6-8K,呼和浩特,,2026-05-31 21:02:08
7a036aa827273e0e0nB429u7E1dR,长晶工程师,化合积电,100-499人,半导体/芯片,本科,1-3年,,7-8K,呼和浩特,,2026-05-31 21:02:30
37e19b7fec9582bc0nd43Nu1F1NV,售前技术工程师,五域科技,0-20人,计算机软件,本科,3-5年,,5-8K,呼和浩特,,2026-05-31 21:02:30
68aabd997af6363103d_29-0F1dQ,弱电工程师,九福科技,20-99人,计算机服务,大专,3-5年,"低压证, 高压证, 消防系统",12-20K,呼和浩特,,2026-05-31 21:02:30
cca783c15983e6bf1Hx82tq9EldX,音频技术工程师,内蒙古崟视科技,0-20人,半导体/芯片,大专,1年以内,"Java, 信息系统项目管理师, 计算机/通信相关专业, 网络/通信设备, 机械/机电设备",3-8K,呼和浩特,,2026-05-31 21:02:30
813300076cac447c33V43dW5GVA~,网络工程师,扬帆伟业,20-99人,计算机软件,大专,1-3年,"网络运维, 网络工程师证, 云计算, 网络设备, 网络安全",3-4K,呼和浩特,,2026-05-31 21:02:51
c08d3847414f967a0ndz3dq7GVtX,暖通工程师,特发信息,1000-9999人,通信/网络设备,大专,5-10年,数据中心,10-15K,呼和浩特,,2026-05-31 21:02:51
f236d83a3027513503J63966FVpX,安全工程师,内蒙古胤炘减灾安...,0-20人,咨询,中专/中技,1-3年,"非煤炭矿山, 化工, 煤矿, 建筑, 注册安全工程师证书, 金属冶炼",4-7K,呼和浩特,,2026-05-31 21:02:51
0b0f34d7ed0129a40nB_29y1F1dW,洪水影响评价报告编制工程师,内蒙古新领创,0-20人,咨询,本科,3-5年,"水利报告编制经验, 水保方案编制经验, 其他优势经验, 有水利工程师经验, 洪评报告编制",15-30K,呼和浩特,,2026-05-31 21:02:51
74a27b6304b5d4e50nR82dS-F1ZZ,运维工程师（内蒙古）,森华易腾,100-499人,互联网,大专,1-3年,,5-7K,呼和浩特,,2026-05-31 21:02:51
4398f65ed73a0c180nZ_2dW4F1FV,机电工程师,内蒙古华丰集团,100-499人,房地产开发经营,学历不限,3-5年,,8-10K,呼和浩特,,2026-05-31 21:03:35
8fd06f0297c9791e0ndz09u8FFpS,GPU运维开发工程师,瞬联科技,1000-9999人,计算机软件,本科,经验不限,"系统运维, 运维开发/DevOps, GPU推理部署, NVIDIA驱动, Python/Shell, 运维经验, IDC机房运维",12-15K,呼和浩特,,2026-05-31 21:03:35
3fe1fcf5732df19e0nB72Ny8EltQ,技术工程师助理,一凡科技,0-20人,计算机软件,学历不限,经验不限,,3-5K,呼和浩特,,2026-05-31 21:03:55
ff9709ec49ad43a11XJ73d-4EFVR,高级算法工程师,华文科技,0-20人,大数据,大专,3-5年,"业务导向, 语音/图像识别, 云计算, Python, C/C++, Java, 机器学习算法/工程化经验, 深度学习经验, 计算机相关专业",7-12K,呼和浩特,,2026-05-31 21:03:55
b17cb1f29dcefcdc0nZ-3t-1GVdU,java开发工程师,中媒互动,20-99人,广告营销,学历不限,3-5年,Java,7-9K·13薪,呼和浩特,,2026-05-31 21:03:55
662ddea7753d3df31XJz3tm9ElFU,机电工程师,沃云,0-20人,机械设备/机电/重工,大专,5-10年,"设备维修/保养, 西门子电机, 伺服驱动",6-9K,呼和浩特,,2026-05-31 21:03:55
d81cb91f104798d11HJz0t-0GVRT,动环监控交付工程师,中京科信,20-99人,通信/网络设备,大专,经验不限,"电子/电气/自动化相关专业, 计算机相关专业",3-8K·13薪,呼和浩特,,2026-05-31 21:04:16
fc08358fbbebca231XBy3dm6F1ZV,运维工程师,世华中科,20-99人,学前教育,大专,1-3年,"通信相关专业, 电子/电气/自动化相关专业, 运维经验",6-7K,呼和浩特,,2026-05-31 21:04:16
2d1c3a126fc3ce161XB83ty0F1U~,运维工程师,垚鑫同创,100-499人,计算机服务,大专,3-5年,"虚拟化, IBM小型机, AIX",10-15K,呼和浩特,,2026-05-31 21:04:38
0352ffc226a4353a0nR809i6FFpR,电力运维工程师,安徽合跃电气科技,0-20人,电气机械/器材,大专,1-3年,,4-8K,呼和浩特,,2026-05-31 21:04:38
fa83a75d8f98df481HN629-4FVtR,IT设备维护工程师,公众,100-499人,互联网,大专,1-3年,机房,6-8K,呼和浩特,,2026-05-31 21:04:38
b90efb088d607ad50nB72tS6GVdW,golang工程师,肉联数智,0-20人,计算机软件,学历不限,3-5年,,6-7K,呼和浩特,,2026-05-31 21:09:07
73c7e29600546ec50nV-0t26F1VV,公路设计工程师,重庆交通大学工程...,0-20人,其他专业服务,本科,1-3年,土木工程相关专业,5-8K,呼和浩特,,2026-05-31 21:09:07
c7225c08ed3591a303193tq5E1ZW,电气工程师,铭雅声光,0-20人,其他生活服务,大专,5-10年,"CAD, SolidWorks, 计算机相关专业, 机械设计制造相关专业, 电子电气/自动化相关专业, 自动化开发经验, 数字电路/模拟电路基础, 赋予想象，开拓创新",5-10K,呼和浩特,,2026-05-31 21:09:07
6b5fd372ecfb67700nR_2dW_F1NR,地质工程师,东科建设,100-499人,其他专业服务,本科,3-5年,"地质报告编制经验, 其他地质经验, 不需长期出差, 有地质工程师经验, 煤田地质, 煤矿储量",5-8K,呼和浩特,,2026-05-31 21:09:28
f4cd6ed1141991420nZy3Ny6EVdZ,暖通工程师,软帝联合,100-499人,计算机软件,大专,5-10年,"有暖通工程经验, AutoCAD, 需要长期出差/驻场, 暖通工程施工管理经验, 数据中心暖通工程经验, 供暖工程经验, 1-3年暖通工程经验",9-13K,呼和浩特,,2026-05-31 21:09:28
aee88cb36a2f21920nB439y6E1BR,服务器运维工程师--服务器售后，服务器硬件,北京中科仙络,500-999人,互联网,大专,1-3年,"IDC机房运维, 系统运维, 数据中心, idc, 服务器售后, 上下架, 综合布线",6-7K,呼和浩特,,2026-05-31 21:09:28
85bfaae19aa2e8250nB62dq8FltR,GIS工程师,北京智源数创信息技术,20-99人,其他专业服务,本科,5-10年,"ArcGIS, 地理信息/测绘工程相关专业, QGIS, Python",8-12K,呼和浩特,,2026-05-31 21:09:28
9d2534046480610c0nB43du5GFNS,暖通工程师,四川准达,1000-9999人,通信/网络设备,大专,3-5年,,11-16K,呼和浩特,,2026-05-31 21:09:48
5b507c82057b80ee0nd-29u1FlFX,AI中高级工程师,正阳科技,20-99人,计算机软件,大专,3-5年,"深度学习, 机器学习, 大模型算法, 规控算法, 推荐算法, 融合感知算法, Python, Java, 团队管理经验",7-12K,呼和浩特,,2026-05-31 21:10:10
0d15a4611100a1e80nB43ti7FFdT,全栈工程师,有滋食品,0-20人,电子商务,本科,3-5年,,8-12K,呼和浩特,,2026-05-31 21:10:10
0319279bd10fb3061HZz3960EVpY,电气工程师,内蒙古瑞强科技有...,0-20人,机械设备/机电/重工,大专,经验不限,"数字电路/模拟电路基础, PLC编程, CAD, 电子电气/自动化相关专业, 自动化开发经验",3-8K,呼和浩特,,2026-05-31 21:10:10
a320a150693ba5110nB629q4GVFZ,初级运维工程师,华誉维诚,500-999人,互联网,大专,1-3年,"网络运维, 系统运维",5-7K,呼和浩特,,2026-05-31 21:10:10
40651c22f080b3831HR52tS7GVBU,安装维护工程师,凌志传媒,0-20人,广告/公关/会展,学历不限,1-3年,"网络运维, 系统运维",3-8K,呼和浩特,,2026-05-31 21:10:10
1883485352b821570nd90t6-FVJZ,调试工程师,智仁景行,100-499人,自动化设备,中专/中技,3-5年,,9-14K,呼和浩特,,2026-05-31 21:10:10
50ca0582fed525421HF52Ni0E1tU,网络工程师,北京华海睿信科技,20-99人,信息安全,大专,1-3年,"CCIE, 有网络工程师经验, 数据中心运维, 网络运维经验, 金融网络运维, 计算机相关专业, 网络安全相关经验, CCIE/HCIE等, 5年以上网络工程师经验, 不需要出差, HCIE, 云IE方向, 系统集成商, 大型网络运维",4-8K,呼和浩特,,2026-05-31 21:10:31
3844064f9c27c3860nB-39m8GFpT,销售工程师,深圳市海洋王照明,1000-9999人,其他行业,大专,1-3年,"市场拓展能力, 市场信息搜集与分析, 大中型企业销售经验, 商务谈判能力, 技术配合与沟通, 业务创新能力, 客户开发与维护, 项目跟踪",4-9K,呼和浩特,,2026-05-31 21:10:31
dce38f7b3e93d76b03d_2dy1F1ZY,现场运维工程师,南瑞电网公司,10000人以上,其他行业,本科,经验不限,,8-12K,呼和浩特,,2026-05-31 21:10:31
1d3e1fd55f57c6c00nB72t-4GFpS,软件驻场运维工程师（内蒙古）,合明软件,20-99人,计算机软件,本科,5-10年,,6-11K,呼和浩特,,2026-05-31 21:10:51
dba3dcbe9c36a4ec0nZ_2dy4EFRX,高级电气工程师,食尚惠联,0-20人,建筑设计,本科,5-10年,,6-9K,呼和浩特,,2026-05-31 21:10:51
7fa8b4de6d59cb8b0ndz3Ni0FlNQ,电力调试工程师,易涞锐科电力,20-99人,电力/热力/燃气/水利,本科,3-5年,,7-12K,呼和浩特,,2026-05-31 21:10:51
65741c6356ee20e61HN82968EldS,大数据运维工程师,国兴科技,20-99人,智能硬件/消费电子,大专,经验不限,"网络运维, 网络安全相关经验, 运维经验",4-6K,呼和浩特,,2026-05-31 21:10:51
5f301d94389c0ced0nR_2d2-GVBQ,模具工程师,华瑞新包装,20-99人,原材料及加工/模具,本科,3-5年,"AutoCAD, 有模具工程师经验, 冲压经验",6-9K,呼和浩特,,2026-05-31 21:10:51
9484ade0351f1e5d031y2dW4FVJY,网络安全驻场工程师,服安科技,0-20人,信息安全,大专,1-3年,,6-7K,呼和浩特,,2026-05-31 21:11:12
043b3eeb1e81aebe0ndz3929E1VU,内蒙-电气运维工程师,宏佑信息,20-99人,大数据,大专,1-3年,,15-21K·13薪,呼和浩特,,2026-05-31 21:11:12
00426c3deca71ec00nV709W_GFJR,电气工程师,美华装饰,20-99人,装修装饰,大专,3-5年,,6-9K,呼和浩特,,2026-05-31 21:11:12
3f910b557f858e680nB-3tm4EFFR,结构设计工程师,津通华(内蒙)能源,0-20人,电力/热力/燃气/水利,本科,3-5年,"有机械结构工程师经验, AutoCAD, SolidWorks, Pro/E, 能源/化工/环保经验, 整机设计经验",10-15K,呼和浩特,,2026-05-31 21:11:32
eb17b6a061588e4b0nd439i9FFZZ,弱电运维工程师,创讯智能,0-20人,计算机/通信/其他电子设备,中专/中技,3-5年,,5-10K,呼和浩特,,2026-05-31 21:11:32
09ca69dff22274650nd50tu_EFtV,风电运维工程师,三正新能源,20-99人,仪器仪表/工业自动化,高中,经验不限,"招学徒, 机修, 风电, 风力发电, 风电运维",5-6K,呼和浩特,,2026-05-31 21:11:53
c5369511293d55670nB-0tm8GFNV,运维工程师,东新慧科,100-499人,互联网,本科,1-3年,"实施交付运维, 通信相关专业, 系统运维, 桌面运维, 计算机相关专业, 电子/电气/自动化相关专业",6-9K,呼和浩特,,2026-05-31 21:11:53
40c2f97a94c6ce6d1Hx-0921GVtZ,初级岗位工程师,内蒙古百望云,20-99人,企业服务,大专,1-3年,"网络运维, 实施交付运维, MySQL/Oracle, 大数据运维经验, 系统运维, 计算机相关专业, 运维经验",4-6K,呼和浩特,,2026-05-31 21:12:13
64b9ffbaf4c7503203B909u6GFdT,服务工程师,锐开电气,100-499人,电力/热力/燃气/水利,本科,在校/应届,,6-10K,呼和浩特,,2026-05-31 21:17:20
c7c5f8d67ada19720nB_2t27ElFU,机房运维工程师,上海旷深信息科技,20-99人,计算机服务,大专,1-3年,,5-6K,呼和浩特,,2026-05-31 21:17:20
24daf83615aae8711HZ-3d-_FFRW,项目运维值班工程师,云科数据,100-499人,大数据,学历不限,经验不限,IDC机房运维,4-5K,呼和浩特,,2026-05-31 21:17:42
447b3f63aea7d2ef0nZ_29q8F1dU,注册安全工程师,西安新泰和安全技...,0-20人,咨询,大专,经验不限,,8-10K,呼和浩特,,2026-05-31 21:18:05
7f217c91b780191e03N53Nm6ElBY,地质勘探工程师,亿诚地矿,100-499人,矿产/地质,本科,5-10年,"矿产资源勘探经验, 地质初级职称, 不需长期出差, 有地质工程师经验",10-11K,呼和浩特,,2026-05-31 21:18:05
78a855b7d013d7930nd829S8GVZX,助理/水肥工程师,春沐源农业,500-999人,农/林/牧/渔,本科,1年以内,"农业技术员, 五险一金, 包住, 无销售性质, 有农业经验/技能, 瓜果, 农学专业, 大棚种植技术, 1年以内农业经验",5-7K,呼和浩特,,2026-05-31 21:19:52
8cbfd4a4124de4b51nx92Nq1FFpQ,系统运维工程师,前程远大,0-20人,智能硬件,本科,1年以内,Linux,3-5K,呼和浩特,,2026-05-31 21:20:14
ea4ee4971023873c0nV70tm7GVVT,地质勘探工程师,内蒙古政司科学技...,100-499人,互联网,大专,3-5年,"地质高级职称, 有地质工程师经验, 地质中级职称, 地质报告编制经验, 不需长期出差, 地质初级职称, 矿产资源勘探经验",12-20K,呼和浩特,,2026-05-31 21:26:05
b65cc91438c342ed0nVz0t21GVRW,配网设计工程师,内蒙古万辉科技,0-20人,电力/热力/燃气/水利,大专,1-3年,配网业扩工程设计,3-8K,呼和浩特,,2026-05-31 21:26:27
b6af47bad69715680nZ439W5FltR,外业检测工程师,成都圭目机器人,100-499人,人工智能,大专,经验不限,"地理信息工程经验, 工程测量经验, 路桥隧工程测量经验, 需要出差/驻场, 1-3年测绘/测量经验, 有测绘/测量经验, 地图测绘经验, 5年以上测绘/测量经验, 外业测量, 3-5年测绘/测量经验, 1年内测绘/测量经验, 驾驶证",4-9K,呼和浩特,,2026-05-31 21:26:27
b23e3094b1b3611a03Fy29q7GFZW,电气工程师,华融电力,20-99人,通信/网络设备,本科,3-5年,,7-8K,呼和浩特,,2026-05-31 21:27:29
d82a45c48dba40d703Z929S9EVVV,运维工程师,聚金信息技术,0-20人,计算机软件,大专,经验不限,,4-7K,呼和浩特,,2026-05-31 21:27:29
639e4a4c23c70dcb0nB_39q-ElNT,全栈工程师,麦讯科技,0-20人,计算机软件,本科,3-5年,"全栈无侧重, JavaScript, Vue, Java, PHP",6-8K,呼和浩特,,2026-05-31 21:27:51
7702583de950bd9003F82d26FFpZ,驻场网络运维工程师,玖思数智,0-20人,通信/网络设备,大专,在校/应届,"桌面运维, 网络运维, 系统运维, IDC机房运维, 实施交付运维, 计算机相关专业, 运维经验, 运维开发经验, 网络安全相关经验, 打印机/复印机维修经验",4-5K,呼和浩特,,2026-05-31 21:27:51
4d4c40533681053c0ndy0tS8E1ZQ,风电调试工程师,东方恒创,100-499人,电力/热力/燃气/水利,大专,1-3年,"风电运维, 要求光伏/风电运维经验, 风电运维经验, 风电调试工程师",6-11K,呼和浩特,,2026-05-31 21:28:11
f4f8d62fda6317830ndy2d-7FFJZ,矿山地质工程师,质众地勘,0-20人,其他专业服务,大专,1-3年,"地质报告编制经验, 水文水资源地质经验, 地质中级职称, 不需长期出差, 有地质工程师经验",6-8K,呼和浩特,,2026-05-31 21:33:05
74d25808b603a3110nB70ty6GVFZ,风电运维工程师,涿鹿星未来新能源科技,0-20人,其他新能源,中专/中技,经验不限,,7-12K,呼和浩特,,2026-05-31 21:33:26
b4f304388b7716b303N939m0FFZT,网络驻场工程师,新华三技术有限公司,10000人以上,计算机软件,大专,3-5年,,6-9K·13薪,呼和浩特,,2026-05-31 21:34:06
af1f74354c1894fa1nZ-39-0ElRR,网络技术工程师,联辰,0-20人,信息安全,大专,经验不限,"云计算, 网络运维, Windows, Linux, SQL, Java, Shell, 网络协议",3-6K,呼和浩特,,2026-05-31 21:34:25
d7403854999c035403x93dm4FFJS,网络工程师（驻场运维）,紫光软件,500-999人,计算机软件,本科,3-5年,"网络运维, IDC机房运维",9-12K,呼和浩特,,2026-05-31 21:34:25
f513d66fa7622a2c03Jy0t24ElVS,机械工程师,博驰能源科技,0-20人,其他专业服务,本科,3-5年,"有机械工程师经验, SolidWorks, AutoCAD, CATIA, 自动化机械经验, 机电设备经验, 电子/通信经验, 整机设计经验",8-10K,呼和浩特,,2026-05-31 21:35:26
547d2288add2548e03x63tm1GFNQ,运维实施工程师,欣荣惠,20-99人,计算机服务,本科,1-3年,,7-8K,呼和浩特,,2026-05-31 21:35:26
f8f29e90f232e9b61HR90960EVpT,网络运维工程师,向导科技,20-99人,计算机软件,大专,1-3年,"桌面运维, 网络运维, 系统运维, 计算机相关专业, 通信相关专业, 网络安全相关经验",4-9K,呼和浩特,,2026-05-31 21:35:26
24aef88ac7a2309d1HJ63dW5FFZQ,安防工程师,立信电气,100-499人,计算机软件,大专,1-3年,"通信相关专业, 运维经验, 网络安全相关经验",4-7K,呼和浩特,,2026-05-31 21:35:48
3f91c199e45965f003142Ny0GVNY,运维工程师,内蒙古胜联科技,20-99人,计算机服务,大专,1-3年,"网络运维, 系统运维, Java, MySQL/Oracle, 计算机相关专业, 运维开发经验",3-8K,呼和浩特,,2026-05-31 21:35:48
111da6b86869c58c1nx839S8FFJY,Java中级开发工程师,内蒙古强网,0-20人,计算机软件,本科,3-5年,"Nginx, Java, 团队管理经验, Tomcat, CSS, 分布式经验, SpringCloud, Redis, Spring, 大数据经验, MySQL, 云计算经验, MyBatis, MongoDB, 架构设计经验, Oracle",6-10K,呼和浩特,,2026-05-31 21:35:48
acaa547c2bd381ec1Hdz3N26EVJX,运维工程师,内蒙古奇云网络,0-20人,互联网,大专,在校/应届,"IDC机房运维, 实施交付运维, 通信相关专业, 运维开发经验",2-4K·13薪,呼和浩特,,2026-05-31 21:36:09
9302128619dbc4691HVy3Nq-EFpV,高级系统运维工程师,华腾科技,100-499人,计算机软件,大专,3-5年,"Nginx, 实施交付运维, MySQL/Oracle, 系统运维, Redis",7-9K,呼和浩特,,2026-05-31 21:36:09
7f4845ffa484266b03Ry3t60GVtQ,运维工程师,蚂蚁人工智能,20-99人,交通/运输,本科,1-3年,"网络运维, 系统运维, IDC机房运维",10-11K,呼和浩特,,2026-05-31 21:36:09
355f55f41f3ca6060nRz0tu1EFVV,化工工程师,科宏生物工程,500-999人,日化,本科,经验不限,"工艺设计, 化学专业, CAD, Revit, 不倒班, 年终奖",5-8K,呼和浩特,,2026-05-31 21:36:09
911ecfb084e186e103163tq9ElZV,手机维修工程师,丰星电子设备,20-99人,通信/网络设备,大专,1-3年,"有手机维修经验, 1-3年手机维修经验, 手机压屏, 官方授权店, 五险一金, 年终奖, 系统培训, 有经验优先",4-9K,呼和浩特,,2026-05-31 21:41:39
6529784ca8c4c4e403d_2ty4EltQ,数据中心运维工程师,亚康万玮,1000-9999人,互联网,大专,1-3年,,5-8K,呼和浩特,,2026-05-31 21:41:59
fce703ec9643a6200nd53Nq7GFtY,弱电运维工程师,景航科技,20-99人,计算机服务,中专/中技,1-3年,,6-11K,呼和浩特,,2026-05-31 21:44:06
af91227d25aae48903172tW5FFBX,服务器运维工程师,银信科技,1000-9999人,计算机软件,大专,3-5年,IDC机房运维,7-8K,呼和浩特,,2026-05-31 21:48:35
21a4b27d89371cc10nR93tS6FVtY,国网运维工程师,禹豪信息,20-99人,互联网,学历不限,1年以内,,7-8K,呼和浩特,,2026-05-31 21:48:57
85c042265c70676803d42N65GFRW,射频测试工程师,内蒙古方向图,20-99人,智能硬件,本科,1-3年,,5-6K,呼和浩特,,2026-05-31 21:49:19
20aab965fdd7c1260nZ93t21GVVW,注册环评工程师,质众地勘,0-20人,其他专业服务,大专,3-5年,"要求环评工程师经验, 3-5年环评经验, 注册环评工程师证书, 要求有相关工作经验，不接受兼职",5-8K,呼和浩特,,2026-05-31 21:49:19
221bedb22df5909c0nZ63d67EVZT,网络实施工程师,北京华海睿信科技,20-99人,信息安全,大专,1年以内,"接受无网络工程师经验, 系统集成商",4-7K,呼和浩特,,2026-05-31 21:49:19
5d8715cb47c5468d1XFz3N28FVFY,电气/暖通工程师,内蒙古双江机电科技,0-20人,其他行业,大专,3-5年,"实施交付运维, IDC机房运维",6-8K,呼和浩特,,2026-05-31 21:49:40
3e0bfd04bac06f230nR53dy-FFZW,电气工程师,内蒙古叁生电力检...,20-99人,其他专业服务,本科,经验不限,,8-10K,呼和浩特,,2026-05-31 21:49:40
d9761b5b37458e171XR62dW9EltR,内蒙存储工程师,三江天地,20-99人,大数据,本科,3-5年,"Linux, 分布式技术, 存储运维, 服务器配置",12-15K,呼和浩特,,2026-05-31 21:49:40
08771eee23e353c21XN42tW4GVFV,技术支持工程师,东信软件,500-999人,计算机软件,本科,5-10年,"系统运维, Nginx, Docker, Kubernetes, 计算机相关专业, 运维经验, 网络安全相关经验",6-11K,呼和浩特,,2026-05-31 21:50:01
e2d482a1226103af0nd6092-EldR,测试工程师,乌海网讯,20-99人,计算机软件,大专,5-10年,测试工作经验,5-7K,呼和浩特,,2026-05-31 21:50:01
e12c2f02f473f03f1HJ40tq0EVVR,运维工程师,金秾监管,20-99人,其他行业,大专,经验不限,"网络运维, 系统运维, 桌面运维",5-6K,呼和浩特,,2026-05-31 21:50:01
857a0ae8bdf683730nd83Nm6FVFV,土建造价工程师,北京兴油,500-999人,其他专业服务,本科,5-10年,,10-12K,呼和浩特,,2026-05-31 21:50:01
9359f76f474496500nZ63Nq7F1NS,风电检修工程师 全国（六险一金）,丰瑞新能源,0-20人,电力/热力/燃气/水利,大专,1-3年,,6-9K,呼和浩特,,2026-05-31 21:50:01
808c49e3d8aab3a81HJ52ty0EFNV,嵌入式工程师,意启创,100-499人,电子/半导体/集成电路,本科,经验不限,"C, Python, STM32开发, 计算机相关专业, 嵌入式/单片机开发经验",6-9K,呼和浩特,,2026-05-31 21:50:01
b904fe0cc4467cae1Xd-2tq6EVVT,运维工程师,成都中得智能技术集团,20-99人,计算机软件,大专,1-3年,"安全运维, 系统运维, 机房运维",4-7K,呼和浩特,,2026-05-31 21:50:22
b609ab74389dfaef0nB-3dW0EFBW,初级数据库工程师（校招）,科电数据,100-499人,计算机服务,本科,在校/应届,,5-6K,呼和浩特,,2026-05-31 21:50:22
5285de1514c2490c1nN53dm0GVc~,汽车改装工程师,奥讯龙,0-20人,汽车研发/制造,学历不限,1-3年,"汽车改装, 汽车维修",3-6K,呼和浩特,,2026-05-31 21:50:22
ce220daea0f614bb031z0ti6GVBY,通信电源运维工程师,沈阳朗云信通科技,0-20人,通信/网络设备,大专,1-3年,"通信相关专业, 电子/电气/自动化相关专业, 运维经验",5-7K,呼和浩特,,2026-05-31 21:50:22
976085801d05a9920nd52NS0F1VS,网络机房驻场运维工程师,华源智讯,0-20人,计算机服务,大专,在校/应届,"网络运维, IDC机房运维, 计算机相关专业, 通信相关专业, 电子/电气/自动化相关专业, 运维经验",4-6K,呼和浩特,,2026-05-31 21:50:22
ce5993305c9347930nd-0t2-GFNT,工业工程师(IE),宁德时代新能源科...,10000人以上,汽车研发/制造,本科,5-10年,"要求有工业工程师经验, 汽车经验, 自动化设备经验, 半导体经验, 精益改善经验, Layout经验, 新产品导入（NPI）经验",12-24K,呼和浩特,,2026-05-31 21:50:22
73998aae03f0320e0nZ53dy1FlVX,双休 运维工程师,百格利科技,20-99人,计算机软件,本科,1-3年,,4-5K,呼和浩特,,2026-05-31 21:50:22
0b79dfb0995fd02a1XZ_3N65GVFR,运维工程师,内蒙古容研盛视科...,20-99人,智能硬件,大专,1-3年,服务器配置,4-8K,呼和浩特,,2026-05-31 21:50:43
4bb19ca591f3348703x63tq5FFtQ,网络运维工程师,佳航科技,20-99人,电子/半导体/集成电路,大专,3-5年,"桌面运维, 网络运维, 系统运维, IDC机房运维, 实施交付运维, 计算机相关专业, 运维经验, 网络安全相关经验, 大数据运维经验",8-10K,呼和浩特,,2026-05-31 21:50:43
eedf4d531c67566a1Hd93d2-EFM~,运维工程师,万泰信息,20-99人,计算机软件,大专,1-3年,"数据分析, 信息安全, 运维开发",5-7K,呼和浩特,,2026-05-31 21:50:43
49bdafeb6fa821400nd-39y0EVFV,安全工程师,北京辰极元启科技,0-20人,计算机软件,本科,3-5年,"应急管理, 安全管理, 安全工程",8-12K,呼和浩特,,2026-05-31 21:50:43
db0a002989193c4c1HF42Ni9EltX,运维工程师,中通服节能技术服务,1000-9999人,其他行业,学历不限,经验不限,"实施交付运维, IDC机房运维",4-8K,呼和浩特,,2026-05-31 21:50:43
6ef019b002ed46d903173NS1EltZ,暖通工程师,中联云港,100-499人,互联网,本科,5-10年,日常运维,15-20K·14薪,呼和浩特,,2026-05-31 21:50:43
d0e7693c0473992203x909-_GVJX,程控交换机工程师,云储,0-20人,通信/网络设备,大专,1-3年,,4-5K,呼和浩特,,2026-05-31 21:51:05
b76ebd441c47f27c03B-39-5F1ZS,技术实施工程师,博创信息,0-20人,通信/网络设备,大专,1-3年,"计算机相关专业, 可适应出差",3-6K,呼和浩特,,2026-05-31 21:51:05
c1962fed1567a94f1XN53N21FlpW,运维工程师,印得商贸,0-20人,计算机服务,学历不限,3-5年,"网络运维, 系统运维, 计算机相关专业",3-5K,呼和浩特,,2026-05-31 21:51:46
3c27882a96c4b7ee1nNy39y-GVc~,运维工程师,壹米投资,100-499人,电子商务,大专,经验不限,"数据处理, 网络, 数据库",3-5K,呼和浩特,,2026-05-31 21:51:46
40393e50fa2c81860ndz3d24E1BW,数据中心电气运维工程师,中移系统集成有限公司,1000-9999人,通信/网络设备,本科,5-10年,,10-12K·15薪,呼和浩特,,2026-05-31 21:51:46
5d95393e1830a8141nV429m1EFNU,运维工程师,红歌红魅,20-99人,广告/公关/会展,学历不限,1-3年,"运维, 系统运维, 网络运维, 安全运维, 大数据运维",3-6K,呼和浩特,,2026-05-31 21:51:46
4a074853d8752f4e0nVz2N65FVZS,系统运维工程师,锦颐酒店,1000-9999人,酒店/民宿,本科,1-3年,,6-9K,呼和浩特,,2026-05-31 21:51:46
abff28c1687c33031nJ62dW_FldS,运维工程师(呼和浩特),中安智讯,20-99人,计算机软件,本科,3-5年,"自动化运维, Python, Shell, 服务器配置, 网络协议, 负载均衡技术, 网络交换技术, Nginx",4-8K,呼和浩特,,2026-05-31 21:51:46
f1b22a290d47a98503Z-09u1GVNQ,Java开发工程师,内蒙古小草数字农...,100-499人,农/林/牧/渔,本科,3-5年,"Hibernate, 服务器配置, MySQL, SpringMVC, SpringBoot, Spring, Oracle, SQL",7-12K,呼和浩特,,2026-05-31 21:51:46
96ffda5da2e6b7b00nB70t61GFdX,java开发工程师,屹通信息,1000-9999人,计算机软件,本科,5-10年,"Java, 银行, MySQL, Spring",10-15K,呼和浩特,,2026-05-31 21:51:46
189e71f1fde978390nR-3tu0GFZX,综合运维工程师,大唐数字科技有限公司,500-999人,计算机软件,本科,3-5年,,6-10K,呼和浩特,,2026-05-31 21:51:46
1d1d586741369cce1HZ42Nq4E1dS,运维工程师,伯罗奔尼科技,20-99人,电力/热力/燃气/水利,本科,3-5年,"网络运维, 实施交付运维",8-11K,呼和浩特,,2026-05-31 21:51:46
52963548666058431XZ409q_FlpZ,运维工程师,智得信息,20-99人,计算机硬件,大专,1-3年,"SQL, Linux, Windows, 系统运维, 机房运维, 存储运维",3-6K,呼和浩特,,2026-05-31 21:51:46
e5c58f9c0e943d6d1HRy0tm_EVJT,运维工程师,汉正天成,100-499人,电力/热力/燃气/水利,本科,1-3年,"MySQL/Oracle, 系统运维",4-7K,呼和浩特,,2026-05-31 21:51:46
da8cf081f4a5d12c1XN709u9GVJT,信息系统运维工程师,上海格蒂电力,500-999人,企业服务,大专,3-5年,"MySQL/Oracle, 系统运维",7-8K,呼和浩特,,2026-05-31 21:51:46
a0b0ddb80f2021f01HF83tu9E1pW,安全监理工程师,内蒙古普荣工程咨询,20-99人,电力/热力/燃气/水利,大专,3-5年,电力工程,5-8K,呼和浩特,,2026-05-31 21:51:46
77a2445fc75894ea03R609m0FVNR,通信技术工程师,河北洲德,100-499人,通信/网络设备,大专,经验不限,"5G, 无线通信, 华为, 督导",3-5K,呼和浩特,,2026-05-31 21:56:56
5cec6782ce484a8e0nB70tW4GVZV,IDC电气工程师,中兴精诚通讯,1000-9999人,通信/网络设备,大专,3-5年,,12-18K,呼和浩特,,2026-05-31 21:57:17
8e6d182e5befd3161nJ-39-1ElpT,化工工程师,冠华规划,20-99人,其他生活服务,硕士,经验不限,节能工程师,10-12K,呼和浩特,,2026-05-31 21:57:39
b63440b28904917c0nZ-3dS5EVBX,高级java工程师,智尚远航,20-99人,计算机软件,本科,5-10年,"JVM, Java, 微服务经验, SpringCloud, MySQL, MyBatis, Redis, 云计算经验, Spring, Python",8-12K,呼和浩特,,2026-05-31 21:59:22
91bec08d8a2804be03F92t24ElZV,初级实施工程师,西部资信,100-499人,互联网,大专,1-3年,,5-6K,呼和浩特,,2026-05-31 22:00:05
d52d7ffaae86e9cd1HN409m_EFBX,招聘高级后台工程师,兰州锦华技术有限公司,100-499人,通信/网络设备,大专,经验不限,"5G, 4G",9-12K,呼和浩特,,2026-05-31 22:04:32
e24ac13d70db382b0nRy09u5E1JT,接入网工程师,郑州逸豪良恺信息技术,0-20人,企业服务,大专,1-3年,接入网经验,7-10K,呼和浩特,,2026-05-31 22:04:32
0bcbf83ac3eec92f0nB_29S-EFtX,防雷检测工程师,万众工程检测有限公司,20-99人,检测/认证/知识产权,大专,1-3年,,4-8K,呼和浩特,,2026-05-31 22:04:53
fd52a1019539601b0nB_2dS_EVNT,银行测试工程师,天阳科技,1000-9999人,计算机软件,本科,3-5年,"银行, 存款, 测试",6-8K,呼和浩特,,2026-05-31 22:05:35
67800bf5c5de46211XZ80961E1ZW,运维工程师,内蒙古容研盛视科...,20-99人,智能硬件,大专,1-3年,"弱电, led安装",3-5K,呼和浩特,,2026-05-31 22:06:16
37490b9f85539bd1031609q0GFpZ,风电运维工程师,上海技益电力检修,100-499人,电力/热力/燃气/水利,大专,1-3年,,6-11K,呼和浩特,,2026-05-31 22:06:38
9c17f6cf39bac1a51Xdy3N25E1pY,Java开发工程师,邦健,0-20人,计算机软件,本科,3-5年,"Java, Spring, MyBatis, Tomcat, MySQL, Redis, 架构设计经验, 分布式经验",7-9K,呼和浩特,,2026-05-31 22:07:00
fca640c1e9bc3e0b1HN539-8EVVV,机房运维工程师,润建股份,1000-9999人,互联网,本科,3-5年,"IDC机房运维, 计算机相关专业, 通信相关专业, 运维经验",5-7K,呼和浩特,,2026-05-31 22:13:30
d559b1824009493003Jy2N-0F1NU,系统运维工程师,东润能源,100-499人,新能源,本科,经验不限,"系统运维, 计算机相关专业",4-6K,呼和浩特,,2026-05-31 22:15:35
a0712688e5f3a9cf1nF709-4EVA~,销售工程师,尚为照明,1000-9999人,企业服务,本科,经验不限,"市场拓展能力, 市场信息搜集与分析, 电子/半导体/集成电路, 市场营销相关学历, 商务谈判能力, 销售支持, 客户开发与维护, 电气相关学历, 管理相关学历, 项目跟踪",8-9K,呼和浩特,,2026-05-31 22:20:44
946393387d1bbb190nB42d66EFpU,解决方案工程师,正阳科技,20-99人,计算机软件,硕士,10年以上,"ERP/OA/CRM系统, 金融信息化项目, 医疗/大健康信息化项目, 能源信息化项目, 农业信息化项目, 机械/电子工程相关专业, 能源/电力相关专业, 售前技术支持经验, 英语可沟通, 可适应出差, PMP, 信息系统项目管理师, CISSP/CISP, CCIE, HCIE",12-18K,呼和浩特,,2026-05-31 22:20:44
47fdec7cb2c0950f0nB42d64GVtR,技术文档工程师,恒通博联,20-99人,计算机软件,本科,经验不限,,100-150元/天,呼和浩特,,2026-05-31 22:22:48
fc382635c40e78ee1nd43dm5F1NV,系统运维工程师,内蒙古文恒,20-99人,计算机软件,本科,1-3年,计算机相关专业,4-5K,呼和浩特,,2026-05-31 22:23:54
5fd746f36690876c0nd93N-0EFpR,网络工程师,讯方技术股份,1000-9999人,计算机软件,大专,1-3年,"有网络工程师经验, 不需要出差, 1到3年网络工程师经验, 3到5年网络工程师经验, 5年以上网络工程师经验, 大型网络运维, 数据中心运维, 大型网络实施",6-10K,呼和浩特,,2026-05-31 22:29:23
b0775bf3d4780f940nZ_3ty_FFRS,技术总工程师,内蒙古政司科学技...,100-499人,互联网,大专,3-5年,农/林/牧/渔,15-30K,呼和浩特,,2026-05-31 22:31:28
10e125842cc7a08f03xy3Nu5EVNT,售前工程师—大疆无人机产品,中建材信息,1000-9999人,互联网,本科,3-5年,"服务器, 存储, 智慧城市信息化项目, 云计算",7-9K·17薪,呼和浩特,,2026-05-31 22:37:39
dd41fb322d755f630nB-29u8F1BR,电气工程师,北京龙驰晟,0-20人,装修装饰,本科,1-3年,,10-15K,呼和浩特,,2026-05-31 22:37:39
41e903bdb16242e50nB-2Ny-EVpR,技经工程师,河北京豪工程设计,0-20人,电力/热力/燃气/水利,本科,1-3年,"有工程造价经验, 电力工程造价经验, 工程招投标经验, 1-3年工程造价经验, 不需要长期出差/驻场",6-10K,呼和浩特,,2026-05-31 22:38:01
bf9ca4e65c1a94661HZ63Ny0GVNS,风光资源工程师,益赫电力设计,20-99人,电力/热力/燃气/水利,硕士,经验不限,设计院经验,7-12K,呼和浩特,,2026-05-31 22:39:25
04464343ec0391050nB62di1FFZY,运维工程师（呼市）,北京禾宇号信息科技,0-20人,计算机服务,大专,1-3年,,5-6K,呼和浩特,,2026-05-31 22:39:25
644f90f4bfa960230nB629u6FlFT,Java软件工程师,积成电子,1000-9999人,电子/硬件开发,本科,在校/应届,"Java, Spring, SpringCloud, MySQL, SQL Server",9-14K·14薪,呼和浩特,,2026-05-31 22:39:45
8c1ffb267ef1c1ff0nB73N6_EFZZ,财务软件工程师,内蒙古蒙辰,20-99人,计算机软件,大专,经验不限,"会计/财税类专业, ERP项目实施",4-8K,呼和浩特,,2026-05-31 22:39:45
2b3c831e6dbdf6650nB42tS9EFZX,运维工程师,众兵联合,0-20人,公路物流,学历不限,经验不限,,3-7K,呼和浩特,,2026-05-31 22:39:45
90a2d713cbbfa7350nZ60tu9FVRY,系统运维工程师,锦颐酒店,1000-9999人,酒店/民宿,本科,1-3年,"网络运维, 系统运维",6-9K,呼和浩特,,2026-05-31 22:40:05
d7152b48981bb5d20XF82tm_EFc~,运维工程师,卓望公司,1000-9999人,互联网,本科,1-3年,"运维工程师, 系统运维, 网络运维, 安全运维, 网络安全, 服务器配置, 虚拟机技术, 网络交换技术",3-8K,呼和浩特,,2026-05-31 22:40:05
19cf1f815a6adad703B-29u7FlVX,销售工程师,深圳尚为照明,1000-9999人,企业服务,本科,1-3年,"客户开发与维护, 项目跟踪, 能源, 工业设备销售经验, 商务谈判能力",5-10K,呼和浩特,,2026-05-31 23:00:09
408e869032411ee50nd-39i5E1ZY,高级售前工程师,数字政通,1000-9999人,计算机软件,本科,1-3年,,12-20K,呼和浩特,,2026-05-31 23:02:16
ac8da1ec7af369591nx-0927EFtS,技术支持工程师,锐捷网络,10000人以上,通信/网络设备,大专,1-3年,"有网络工程师经验, 1到3年网络工程师经验, 通信相关专业, CCNP/HCIP等, 故障处理, 路由器配置, 网络规划设计, 交换机配置",4-7K,呼和浩特,,2026-05-31 23:10:36
051f7f6b160c7cd20nB63tS4E1ZW,java开发工程师,中电金信,10000人以上,计算机软件,本科,3-5年,"Java, MySQL, Spring, 有前端经验/技能",10-15K,呼和浩特,,2026-05-31 23:11:16
86c946803e5e7dd703R70tu-E1NR,电力运维工程师,内蒙古亚智,0-20人,计算机软件,大专,1-3年,"桌面运维, 网络运维, 系统运维, IDC机房运维, Java, Python/Shell, Nginx, Docker, 计算机相关专业, 运维经验, 网络安全相关经验, 打印机/复印机维修经验",4-5K,呼和浩特,,2026-05-31 23:11:16
0a5bb9c7794315230nd53N65FFBW,运维工程师,通信科研规划设计...,500-999人,通信/网络设备,本科,经验不限,,4-5K,呼和浩特,,2026-05-31 23:11:16
b0f9c695a4250a241nF72dW_GFJW,运维工程师,讯业金网,20-99人,计算机硬件,大专,1-3年,"安全运维, 应用运维",4-6K,呼和浩特,,2026-05-31 23:11:38
b3ee2a1bd3e0ab8503N_29q7EFRT,地质工程师,北京弘锐消防科技服务,0-20人,化工,本科,1-3年,"工程地质勘察经验, 地质报告编制经验, 其他地质经验, 地质初级职称, 地质中级职称, 地质高级职称, 英语可做为工作语言, 其他优势经验, 有地质工程师经验",10-15K,呼和浩特,,2026-05-31 23:15:45
94677984faf845fb0nVy2NW1EFZS,运维工程师,亚信科技,10000人以上,计算机软件,本科,,"Java, Nginx, 通信相关专业, MySQL/Oracle, Docker, 系统运维, 计算机相关专业, Kubernetes",150-200元/天,呼和浩特,,2026-05-31 23:18:55
f3b8d79535e6a7a903F-2968GFNW,注册安全工程师,内蒙古胤炘减灾安...,0-20人,咨询,大专,1-3年,"非煤炭矿山, 化工, 煤矿, 建筑, 注册安全工程师证书, 金属冶炼",5-7K,呼和浩特,,2026-05-31 23:21:46
5f0ddda5303f951a1HJ92Ny-EFtX,风机定检工程师,瀚城科技,20-99人,光伏,学历不限,经验不限,"低压电工, 高处作业, 高压电工",7-12K,呼和浩特,,2026-05-31 23:26:23
a9d872855fd697f60nZ93dS6FltT,地质工程师,内蒙古政司科学技术,100-499人,其他专业服务,大专,3-5年,"工程地质勘察经验, 矿产资源勘探经验, 矿产开采勘察经验, 地质报告编制经验, 地质初级职称, 有地质工程师经验",10-15K,呼和浩特,,2026-05-31 23:26:23
dd79299898333e780nB62ty8GVtR,钢结构工程师,内蒙古兴庭元钢结构,0-20人,土木工程,大专,1年以内,,5-7K,呼和浩特,,2026-05-31 23:32:23
608eb750bbdf105f0nV_0tu_F1dQ,节能评估工程师,内蒙古乾元,20-99人,其他专业服务,大专,3-5年,公司内部,4-5K,呼和浩特,,2026-05-31 23:33:27
f2e64c31dcb07d390nB_3tS7EFFX,高级ai算法工程师,天疆防务,20-99人,其他专业服务,本科,1-3年,"深度学习, 大模型算法, 图像算法, 融合感知算法, Python, 优秀开源项目经历",5-10K,呼和浩特,,2026-05-31 23:34:10
