职位ID,岗位名称,公司名称,公司规模,公司领域,学历要求,经验要求,关键技能,薪资范围,城市,发布时间,爬取时间
d9fd40708b4657370nV539u4EltY,数据分析师（初中高多HC）,北京某大型金融科技独角兽公司,10000人以上,互联网,本科,3-5年,"金融行业数据相关经验, 商业化, SQL, 数学/统计相关专业",30-50K·15薪,北京,,2026-06-04 12:56:26
07c8dcd2537f35940nB_2dq4EltU,数据分析师实习生（线下实习，base: 国贸）,新智科技,100-499人,大数据,本科,,"数学/统计相关专业, 数据分析/挖掘经验, 旅游行业数据相关经验, 金融行业数据相关经验, 电商/零售行业数据相关经验",100-150元/天,北京,,2026-06-04 12:56:26
b51125e4939bd1ff0nB809u5GVpS,数据分析师-百度外包,柯莱特集团,1000-9999人,移动互联网,本科,1-3年,,9-10K,北京,,2026-06-04 12:56:26
9530dc475d94d49a0nZz0t26FFBY,数据分析师(实习岗位）,中邮信科,1000-9999人,计算机软件,本科,,"SQL, Python, 数学/统计相关专业, 计算机相关专业, 数据分析/挖掘经验, 机器学习建模经验",200-250元/天,北京,,2026-06-04 12:56:26
776ba7723ede3ab80nB_3tu1GVRV,数据分析师(电商),青橙数码,20-99人,电子商务,本科,1-3年,"SQL, Python, Tableau, Power BI, 数学/统计相关专业, 计算机相关专业, 数据分析/挖掘经验, 电商/零售行业数据相关经验",9-14K,北京,,2026-06-04 12:56:26
479f054ee0d70c200nB709W7F1FZ,数据分析师,山东宝可,20-99人,计算机软件,本科,5-10年,,11-16K,北京,,2026-06-04 12:56:26
b965764374c01cea0nV83dS9FltW,28届数据分析师,京东世纪贸易有限公司,10000人以上,互联网,本科,,"Hive, 数据分析/挖掘经验, Tableau, 计算机相关专业, SQL, 数学/统计相关专业",400-410元/天,北京,,2026-06-04 12:56:26
7b2e7df5d52f45381XF92dW-FVJZ,数据分析师,众城鸿运,20-99人,互联网,本科,在校/应届,"R, 计算机相关专业, 电商/零售行业数据相关经验, Python, 数学/统计相关专业",15-20K·13薪,北京,,2026-06-04 12:56:26
12e560d312b325290nB439q8EFRR,数据分析师（26校招）气象背景优先,墨迹天气,100-499人,互联网,本科,在校/应届,"SQL, Hive, 计算机相关专业, 数学/统计相关专业, MySQL, 数据建模, 业务数据分析, 报表搭建, 业务逻辑梳理",12-18K·14薪,北京,,2026-06-04 12:56:26
774028b0ad1e616d0nB_3Nm1EFZX,IAA商业化数据分析师,百特万维,20-99人,互联网,本科,1-3年,"SQL, Tableau, 数学/统计相关专业, 计算机相关专业, 数据分析/挖掘经验, 文娱/游戏行业数据相关经验",8-10K,北京,,2026-06-04 12:56:26
6e689e446882ce490nB_0ty4FFFT,数据分析师,人瑞网络科技,10000人以上,计算机硬件,本科,1-3年,,9-10K,北京,,2026-06-04 12:56:26
3647fb00f95e81020nB73ti_ElZS,数据分析师,雪川农业集团,1000-9999人,食品/饮料/烟酒,本科,1-3年,,18-23K,北京,,2026-06-04 12:56:26
0bbfb3b8a1878c3e031y2Ny_E1dR,数据分析师导师,独立说,100-499人,互联网,本科,3-5年,,1000-1100元/时,北京,,2026-06-04 12:56:26
38160b181859d32203N_2N24EFtU,数据分析师,深圳赛舶科技有限公司,100-499人,计算机软件,本科,经验不限,"R, Hive, 金融行业数据相关经验, 数据分析/挖掘经验, Tableau, SQL, Python, 数学/统计相关专业",11-20K·13薪,北京,,2026-06-04 12:56:26
1a3220d393b4055d0nB809u6FFVS,数据分析师-菜单,北京某大型餐饮上市公司,10000人以上,餐饮,本科,1-3年,,15-30K,北京,,2026-06-04 12:56:26
e17a163f6867f3121nF8396-GVFY,数据分析师,拓尔思,1000-9999人,互联网,本科,1-3年,"统计学, SQL, Python, 计算机",12-15K,北京,,2026-06-04 12:56:46
f2a5f1c1647d48c01Xx_2NS6GFNS,数据分析师,慧行实达,0-20人,计算机软件,本科,经验不限,Excel,5-6K,北京,,2026-06-04 12:56:46
cdb808c26d8456f303Vy3Nu9GFFU,数据分析师,能者科技,100-499人,企业服务,本科,3-5年,,300-800元/天,北京,,2026-06-04 12:56:46
870c0084f768fe3e0nB73NW0GVNQ,数据分析师（用户分析）,新片场,100-499人,社交网络与媒体,本科,1-3年,,15-25K,北京,,2026-06-04 12:56:46
8772afec503e8f4a0nZ73du9EFRW,会员数据分析师,北京专精特新企业商会,20-99人,非营利组织,本科,3-5年,"数学/统计相关专业, 计算机相关专业, 数据分析/挖掘经验",15-30K,北京,,2026-06-04 12:56:46
b80f84736610576303x40ty5F1VX,数据分析师,小米,10000人以上,互联网,硕士,,"SQL, Python, R, Hive, 数学/统计相关专业, 数据分析/挖掘经验, 机器学习建模经验, 金融行业数据相关经验",250-350元/天,北京,,2026-06-04 12:56:46
606e7e174d9d9bb70nZz2921EVtS,数据分析师,首汽约车,1000-9999人,互联网,本科,3-5年,,12-15K,北京,,2026-06-04 12:56:46
e7f6ada971e752551HB839y_ElJS,数据分析师(BI分析师),携程集团,10000人以上,互联网,本科,3-5年,"Hive, 数据分析/挖掘经验, 计算机相关专业, Python, SQL, 数学/统计相关专业",23-45K·15薪,北京,,2026-06-04 12:56:46
3a9e5150f43946da1HZy0924ElQ~,数据分析师,清研科技,100-499人,计算机软件,硕士,1-3年,"数据分析, 数据处理, 数据挖掘",8-12K,北京,,2026-06-04 12:56:46
5e029de4d12083310nR63967FFBY,数据分析师（校招）,半糖去冰科技,100-499人,互联网,本科,在校/应届,"Power BI, Tableau, SQL, 数学/统计相关专业",11-18K·15薪,北京,,2026-06-04 12:56:46
207f0575bf78f31a0nd-2dm1E1RY,数据分析师,亿达信息,1000-9999人,计算机软件,本科,1-3年,,9-10K,北京,,2026-06-04 12:56:46
a58641a47b330feb0nd82t-9EVVV,BI工程师（数据分析师）,中科飓风,20-99人,计算机软件,本科,5-10年,,15-20K,北京,,2026-06-04 12:56:46
68d371a51263e0520nV-39-9FFtQ,餐饮数据分析师,聚宝源,100-499人,其他生活服务,本科,3-5年,,10-13K,北京,,2026-06-04 12:56:46
f751ac13cdf0c1a20nZ82tm4FVVT,数据分析师 （A137317）,去哪儿网,1000-9999人,互联网,本科,5-10年,"经济/工商管理相关专业, 机器学习建模经验, R, 数据分析/挖掘经验, Tableau, 计算机相关专业, MATLAB, SQL, Python, 数学/统计相关专业",35-45K·16薪,北京,,2026-06-04 12:56:46
b639a6b6e671ffb903N-3tq1FFtQ,资深数据分析师,少年得到,1000-9999人,在线教育,本科,3-5年,,20-35K·15薪,北京,,2026-06-04 12:56:46
83ab7f3af32c259a0ndz39y6F1FU,数据分析师-外包联想,联想利泰,1000-9999人,互联网,本科,3-5年,"SQL, Python, Power BI, 数据分析/挖掘经验, 数据分析师, ppt, PPT数据图表绘制, 英文流利",14-17K,北京,,2026-06-04 12:57:08
32a11df32d7b44481nR42dy1EFRT,数据分析师,山西天融,20-99人,环保,本科,5-10年,"数据分析, 环境工程",10-15K,北京,,2026-06-04 12:57:08
4a65792d6feeafe70nB-39y9FlZY,数据分析师,乐飞天下,100-499人,互联网,本科,1-3年,"数据分析/挖掘经验, 旅游行业数据相关经验, 计算机相关专业, SQL, 数学/统计相关专业",10-15K·13薪,北京,,2026-06-04 12:57:08
01450de03add97ea0nB_2dW5E1RX,ai数据分析师,天九共享控股集团,1000-9999人,互联网,本科,3-5年,,20-35K,北京,,2026-06-04 12:57:08
4a0a787f8aee9ab80nB-39S9EFBR,用户增长数据分析师,北京某中型计算机服务公司,500-999人,计算机服务,本科,5-10年,,20-35K,北京,,2026-06-04 12:57:08
275245dcbcfea72c0nR80ti6FVBQ,数据分析师,英菲纳,20-99人,进出口贸易,本科,经验不限,,7-10K,北京,,2026-06-04 12:57:08
ac457c4eebc0f5fa0ndy2dS_EVVZ,数据分析师,北京起航新未来科技,100-499人,互联网,本科,3-5年,"Power BI, 数据分析/挖掘经验, 计算机相关专业, ETL数据清洗, SQL, 数学/统计相关专业, 建模⼯具",10-15K,北京,,2026-06-04 12:57:08
78b30bb787e91a03031939W0FFBY,数据分析师,北京向量优化科技,0-20人,人工智能,本科,1-3年,"计算机相关专业, Python",18-22K·13薪,北京,,2026-06-04 12:57:08
e4d0d4f33992e3bf0nB-29W5E1ZS,空气监测数据分析师,旭诚科技,100-499人,计算机软件,本科,经验不限,"数据分析, 需求分析, 环保信息化, 数学/统计相关专业",8-11K,北京,,2026-06-04 12:57:08
1bd58e1f856c9c1a0ndz39S1GFdQ,数据分析师(奔驰/奥迪),百得利集团,1000-9999人,汽车研发/制造,本科,1-3年,"Python, Tableau, Power BI",7-9K,北京,,2026-06-04 12:57:08
f881d2e2eaaab0a40nRz0t61FlFX,高级数据分析师,幻方量化,100-499人,互联网金融,本科,1-3年,,35-65K·14薪,北京,,2026-06-04 12:57:08
a22e74be5db6cd6c0nB82ty8FlRZ,数据分析师,神州数码融信,1000-9999人,计算机软件,本科,3-5年,"SQL, Python, 数学/统计相关专业, 计算机相关专业, 经济/工商管理相关专业, 数据分析/挖掘经验, 金融行业数据相关经验",12-15K,北京,,2026-06-04 12:57:08
0c0e7117da94fcae0nB-2Nu1ElZR,资深数据分析师,Grab,1000-9999人,互联网,本科,5-10年,"口语, 风控相关经验, AI",45-60K·15薪,北京,,2026-06-04 12:57:08
981db48a5e4fe71003V63N66ElBT,数据分析师（应届生）,数洋智慧,100-499人,人工智能,硕士,经验不限,"电气专业, 数据分析/挖掘经验, 计算机相关专业, 数学/统计相关专业",8-13K,北京,,2026-06-04 12:57:08
1acd09603cb1e6071XN93t2_GFpX,数据分析师,勾正数据,20-99人,大数据,本科,1-3年,"数据分析/挖掘经验, 数学/统计相关专业",9-14K,北京,,2026-06-04 12:57:08
bfae7f382dce04a60nB82t28FFZV,数据分析师（银行风控 审计）,海致星图,500-999人,计算机软件,本科,经验不限,"SQL, Python, 计算机相关专业, 金融行业数据相关经验, 风控相关经验, 需求分析, 监管报送, 风险合规, 数据建模, AI 大模型",13-18K,北京,,2026-06-04 12:57:30
234103adbd20d8c60nVy39-4GVFX,数据分析师(SPSS/Stata/Python)-远程兼职,睿思众达,20-99人,学术/科研,硕士,在校/应届,"数学/统计相关专业, 经济/工商管理相关专业, 不坐班",14-17K,北京,,2026-06-04 12:57:30
4336f7393ab062cc0nZ829--FFZY,数据分析师(A222636),洋葱学园,1000-9999人,互联网,本科,1-3年,"数学/统计相关专业, 计算机相关专业, AIGC",12-18K·13薪,北京,,2026-06-04 12:57:30
d19c44d3b93a408c0nR63dW1EVdX,数据分析师,微鲤科技,100-499人,互联网,本科,3-5年,,20-30K,北京,,2026-06-04 12:57:30
bd4bf42a05319c8e0ndy2d-1F1NV,资深数据分析师,嘉信恒泰,500-999人,计算机软件,本科,5-10年,"SQL, Python, 数学/统计相关专业, 数据分析/挖掘经验, 金融行业数据相关经验, 风控相关经验",30-50K·16薪,北京,,2026-06-04 12:57:30
ec8ad2ec93f889d503Z929y-FFdS,数据分析师,臻盛网络,100-499人,互联网,本科,1-3年,,15-30K·14薪,北京,,2026-06-04 12:57:30
091dd590fa4528ef0nZ53Ny0F1BV,"数据分析师(半导体/智能制造方向,可实习）",北京集成电路装备...,100-499人,半导体/芯片,本科,1-3年,,12-24K·13薪,北京,,2026-06-04 12:57:30
a86d6f100885cc190nR-3d-7FVFS,数据分析师,SecretLisa,100-499人,互联网,本科,1-3年,,15-25K·14薪,北京,,2026-06-04 12:57:30
2ebcd92b87b596571HF62N2-EVRW,数据分析师,京东物流,10000人以上,快递,本科,,"SQL, 数学/统计相关专业, 计算机相关专业, 自驱力强",270-320元/天,北京,,2026-06-04 12:57:30
ac72ec1b6198c65a0nd63di4F1NR,数据分析师,查博士,1000-9999人,生活服务(O2O),本科,3-5年,"SQL, Tableau, Power BI, 数学/统计相关专业, 计算机相关专业, 数据分析/挖掘经验, 金融行业数据相关经验",18-22K,北京,,2026-06-04 12:57:30
4d6220e37df838ec0nd40tS4FFRZ,数据分析师 (MJ001583),融360,1000-9999人,互联网金融,本科,1-3年,,15-25K·15薪,北京,,2026-06-04 12:57:30
ea2265228dae79b40nd72Nq4FVJR,数据分析师,园头园脑,0-20人,广告营销,本科,在校/应届,,8-10K,北京,,2026-06-04 12:57:30
64f60e94232faf8b1X183dS0FVA~,数据分析师,友谱网络科技,20-99人,大数据,硕士,经验不限,"机器学习建模经验, 风控相关经验, 数据分析, 数据分析/挖掘经验, 数据挖掘, SQL, Python",12-24K,北京,,2026-06-04 12:57:30
501ad092d37fa0760nVy29q-ElVS,高级数据分析师,北京某中型大数据公司,500-999人,大数据,本科,经验不限,"Python, 机器学习建模经验, 金融行业数据相关经验, 风控相关经验, 风控建模, 评分卡, 营销模型",30-60K·15薪,北京,,2026-06-04 12:57:30
45a4b46054f0180e0nV83NW0FVZW,数据分析师,VIPKID,10000人以上,互联网,本科,3-5年,"SQL, 数据分析/挖掘经验, 数据看板",20-30K,北京,,2026-06-04 12:57:30
43c2b6551d3a29030nB-39m-GVFV,ai数据分析师,京东科技信息技术,10000人以上,电子商务,硕士,,"数据分析/挖掘经验, AI数据, AI 产品, SQL, Python, 数学/统计相关专业",300-320元/天,北京,,2026-06-04 12:57:51
b210ad8763c1449e03J409m-EFNV,高级数据分析师,闪电快车,10000人以上,互联网,本科,3-5年,"Hive, Presto, Excel, Pandas, 描述统计, Tableau, SQL, 效度分析",25-50K,北京,,2026-06-04 12:57:51
fafbfe99d644fffa0nd83961EVJW,数据分析师,莱熙科技,100-499人,移动互联网,本科,1-3年,"Hive, SQL",15-30K·15薪,北京,,2026-06-04 12:57:51
4ad4dcb30a31e9d503dy09y9GVNZ,数据分析师PPT编写专家,北京博雅正德投资管理,0-20人,投资/融资,本科,经验不限,"经济/工商管理相关专业, 金融行业数据相关经验, 数据分析/挖掘经验, 计算机相关专业",10-15K·13薪,北京,,2026-06-04 12:57:51
df2615fd0c31ee0b0nB72tm4FVZY,数据分析师,贝壳找房,10000人以上,互联网,本科,经验不限,,20-30K·16薪,北京,,2026-06-04 12:57:51
81c34539e3c15a0703x839-6F1ZR,资深数据分析师,adprof,20-99人,互联网,本科,5-10年,"计算机相关专业, SQL, Python, 数学/统计相关专业",20-40K,北京,,2026-06-04 12:57:51
beea950166c79a7b0nB_3d65GVBR,资深数据分析师,天天玩家,100-499人,游戏,本科,3-5年,,30-45K,北京,,2026-06-04 12:57:51
25576ebbc1c4a2a60nB63d68FVdQ,26届春招-自动驾驶数据分析师,卡尔动力,100-499人,互联网,本科,在校/应届,"SQL, Python, 计算机相关专业, ROS",15-30K·15薪,北京,,2026-06-04 12:57:51
1210b6b128704ce71HN42t29EFRY,数据分析师,启明星岳,20-99人,互联网,本科,1-3年,SPSS,17-18K,北京,,2026-06-04 12:57:51
e6ff79e8bcc7bf900HN_0ti0EFE~,数据分析师,万山数据,20-99人,大数据,本科,1-3年,"数据分析, 数据仓库, 数据治理, 数据架构师, ETL, 数据挖掘, SQL",8-13K,北京,,2026-06-04 12:57:51
aa32960290c5f7681HNz0t68FFNZ,数据分析师,两比特(北京)科...,20-99人,互联网,本科,3-5年,文娱/游戏行业数据相关经验,10-15K·14薪,北京,,2026-06-04 12:57:51
5780fc2450344cac0nd-09m5FlBY,数据分析师,能链,1000-9999人,互联网,本科,3-5年,"SQL, Python",25-50K,北京,,2026-06-04 12:57:51
533fbeae3098106f03xz3NW8GVZS,经营数据分析师,新美星空,500-999人,广告营销,本科,1-3年,"数学/统计相关专业, 经济/工商管理相关专业, 财务专业",10-15K,北京,,2026-06-04 12:57:51
211d0a14fe5b47420nd43tW4GFpT,数据分析师,协合运维,1000-9999人,风电,本科,3-5年,,15-20K,北京,,2026-06-04 12:57:51
fff056bcb094c8fa0nB53Nu9EVBY,数据分析师,北京顺城物流有限...,10000人以上,装卸搬运和仓储业,本科,经验不限,"Hive, SQL, Python",7-10K,北京,,2026-06-04 12:57:51
a2e77d3a53f3ea7b031909W4F1tY,数据分析师,嘀嗒出行,100-499人,互联网,本科,5-10年,,25-35K·15薪,北京,,2026-06-04 12:58:13
f0c0e32a4064056c0nV43ti_FlBW,数据分析师,特斯拉 Tesla,10000人以上,汽车研发/制造,本科,3-5年,"SQL, Python, Tableau, Power BI, 数学/统计相关专业, 计算机相关专业, 业务分析",20-30K,北京,,2026-06-04 12:58:13
216ff464742cb9c50ndy0928GVBX,资深数据分析师,Web3.x,100-499人,互联网,本科,5-10年,,40-60K·16薪,北京,,2026-06-04 12:58:13
dbebc57399de7a420nB63tS5E1BT,数据分析师,彩虹无线,100-499人,互联网,本科,5-10年,,15-25K,北京,,2026-06-04 12:58:13
96bdd49656123f46031-2NW_GVVY,数据分析师,北京光帆科技有限公司,20-99人,人工智能,本科,在校/应届,"SQL, Tableau, Power BI, 统招本科 硕士, 数据分析",12-20K,北京,,2026-06-04 12:58:13
a6a8f36e275bb39e0nB829-_GFZZ,数据分析师（数仓）,内蒙古呼和浩特某大型乳制品上市公司,10000人以上,其他行业,本科,5-10年,"SQL, Python, R, Power BI, Tableau, 零售, 快消品, 数仓搭建, 数据治理, etl",35-55K,北京,,2026-06-04 12:58:13
1a0c07445360aab40nd_39q9GVtT,数据分析师,尼尔森IQ,1000-9999人,大数据,本科,1-3年,"Python, 数学/统计相关专业, 数据分析/挖掘经验",9-12K·13薪,北京,,2026-06-04 12:58:13
be04daff1335e7e81nZz3967FVtW,数据分析师,马上赢市场调查,20-99人,企业服务,本科,3-5年,"尼尔森, 数据分析/挖掘经验, 市场研究, 零售监测, 电商/零售行业数据相关经验, SQL, Python, 数学/统计相关专业",15-20K,北京,,2026-06-04 12:58:13
4b2fd5a891e53d3303B909q-FFtU,高级数据分析师-投资运营,腾讯,10000人以上,互联网,本科,3-5年,,20-40K·15薪,北京,,2026-06-04 12:58:13
fbe1dde6df094c2d0nZ_3N20FFNS,数据分析师,金安创世,20-99人,信息安全,本科,5-10年,"资金分析, 网赌, 公安, 配侦, 电诈, Python",7-12K,北京,,2026-06-04 12:58:13
dc3eca4d886161ad03J-29y9FlNW,数据分析师,波士科技,100-499人,互联网,本科,3-5年,"计算机相关专业, SQL, Python, 数学/统计相关专业",15-25K·13薪,北京,,2026-06-04 12:58:13
5c87ddeab3ba872b03x92du-ElZW,电力交易数据分析师,心知科技,20-99人,人工智能,本科,经验不限,"Python, R, SQL, 数学/统计相关专业, 经济/工商管理相关专业, 数据分析/挖掘经验, 金融行业数据相关经验, 计算机相关专业",20-40K,北京,,2026-06-04 12:58:13
811102d7af0a8c811XV709-6FVFW,电力市场数据分析师,北京清大科越股份...,500-999人,计算机软件,本科,经验不限,"SQL, Python, 计算机相关专业, 数据分析/挖掘经验, 机器学习建模经验, 时间序列, 投资组合, 随机优化",15-30K·13薪,北京,,2026-06-04 12:58:13
725135e4c344652903By2924FFJY,高级数据分析师,点众科技,1000-9999人,互联网,本科,5-10年,"Hive, 投放策略设计, 数据分析/挖掘经验, dau产品, Tableau, SQL",20-35K,北京,,2026-06-04 12:58:13
30b56276443b8c8c0nd82N68E1tX,数据分析师,与爱为舞,1000-9999人,互联网,本科,3-5年,数据分析/挖掘经验,28-40K,北京,,2026-06-04 12:58:13
a8b97e902a8fbaee1HV83tm-GVpQ,数据分析师 (MJ002492),神州租车,10000人以上,生活服务(O2O),本科,1-3年,"SQL, Python, Tableau",15-20K·13薪,北京,,2026-06-04 12:58:35
8f159ebb59eefd620nB83tq7EFRQ,数据分析师（渠道推广）,搜狐视频,10000人以上,互联网,本科,1-3年,,15-20K·14薪,北京,,2026-06-04 12:58:35
530b497a8f59bddc0nB-29y5F1JU,电力市场数据分析师,清鹏智能,20-99人,计算机软件,本科,1-3年,,11-20K·15薪,北京,,2026-06-04 12:58:35
fe2a46d9698c4d751nZy3968E1BQ,数据分析师,神策数据,1000-9999人,大数据,本科,3-5年,"文娱/游戏行业数据相关经验, 出海, AIGC",20-30K,北京,,2026-06-04 12:58:35
1641e5dbc653e12b0nB-3dm7E1FW,数据分析师【全栈数据分析】,BlueglassYogurt,1000-9999人,生活服务(O2O),本科,1-3年,,7-12K,北京,,2026-06-04 12:58:35
6d8d9a93f6bb38780nZy39i0E1BV,数据分析师,铁血网,500-999人,服装/纺织,本科,1-3年,,15-25K,北京,,2026-06-04 12:58:35
ad7dcba66783cefb0nV739i-E1pT,数据分析师（建模方向）,与辉同行,100-499人,互联网,本科,3-5年,"数据分析/挖掘经验, 计算机相关专业, 电商/零售行业数据相关经验, Python, 数学/统计相关专业",20-30K,北京,,2026-06-04 12:58:35
bd13e18f34d53bb60nV72Nu_E1ZT,数据分析师,北京文俊,0-20人,批发/零售,本科,3-5年,,8-13K,北京,,2026-06-04 12:58:35
6768d1690c6effa50nZ42dW6FlNR,数据分析师,恒润科技,1000-9999人,汽车研发/制造,硕士,在校/应届,"机器学习建模经验, Hive, Power BI, 数据分析/挖掘经验, Tableau, 数学/统计相关专业, SQL, Python",10-15K·15薪,北京,,2026-06-04 12:58:35
aeb8346bb99e87150nV-2N-0FVNW,数据分析师,北京盘古在线,100-499人,互联网金融,本科,1-3年,,18-28K·14薪,北京,,2026-06-04 12:58:35
12d1241805ad080903R72ti_ElNY,数据分析师,乐堡互娱,100-499人,游戏,本科,3-5年,"文娱/游戏行业数据相关经验, Tableau, SQL",20-40K·13薪,北京,,2026-06-04 12:58:35
af01576551ac65b31Hx829q_EVpR,数据分析师,北京海成源科技,100-499人,互联网,本科,3-5年,"SQL, 数学/统计相关专业, 数据分析/挖掘经验, 数仓",15-22K·14薪,北京,,2026-06-04 12:58:35
1bbf274b292721bb0nZ709i7EFNX,数据分析师 - 海外电商 / SaaS 方向,元宇万相,20-99人,互联网,本科,3-5年,,18-35K·13薪,北京,,2026-06-04 12:58:35
5438719755a7d71103d90926ElZV,数据分析师,中邮普泰,100-499人,批发/零售,本科,3-5年,,15-25K·16薪,北京,,2026-06-04 12:58:35
93c655ec9b9fc7db0nZ-3di4FlJU,数据分析师,北京滴滴出行,10000人以上,互联网,本科,5-10年,,25-45K·15薪,北京,,2026-06-04 12:58:35
b5f47dfedad2277d0nV70tu5EFBZ,数据分析师,北京临场感科技,20-99人,互联网,本科,经验不限,,30-60K·14薪,北京,,2026-06-04 12:58:57
feaa277e13cd8fb003F-2Nm1EVtT,python数据分析师,众美健康,20-99人,计算机软件,本科,3-5年,"SQL, Python, Tableau, Hive, 数学/统计相关专业, 计算机相关专业, 数据分析/挖掘经验, 机器学习建模经验, 风控相关经验, 医疗行业",12-20K,北京,,2026-06-04 12:58:57
97ef21a41f4205731HV439y1FlFV,数据分析师,教师研修网,500-999人,在线教育,本科,5-10年,"R, 教育行业, 报告撰写及图表呈现, 数据分析/挖掘经验, Python, SQL, 数学/统计相关专业",20-40K,北京,,2026-06-04 12:58:57
eb87c5330e7d70010nB72dm-EVFT,数据分析师,天津三一鸿泰教育科技,0-20人,企业服务,本科,,"Python, SQL, 计算机相关专业",150-180元/天,北京,,2026-06-04 12:58:57
ab193aca3e12af6c0nZ53t28EFJV,数据分析师-北京,大麦娱乐,1000-9999人,社交网络与媒体,本科,5-10年,"数据分析/挖掘经验, 计算机相关专业, 电商/零售行业数据相关经验, SQL, Python, 数学/统计相关专业",35-45K,北京,,2026-06-04 12:58:57
041eaa68372540700nV52Nq1FFRZ,数据分析师,金保信,100-499人,互联网,本科,1-3年,,15-20K·14薪,北京,,2026-06-04 12:58:57
4b939804031ec67403Jz3ti5GVFZ,数据分析师,中指研究院,1000-9999人,企业服务,本科,3-5年,"数据分析/挖掘经验, Python, SQL, 数学/统计相关专业",15-20K,北京,,2026-06-04 12:58:57
922310ef12f485610nV63tW9EVpZ,数据分析师,畅捷通,1000-9999人,互联网,本科,5-10年,"机器学习建模经验, 数据分析/挖掘经验, 数学/统计相关专业",20-30K,北京,,2026-06-04 12:58:57
6a24d11f96dd8a2c0nZ72921GFRU,数据分析师,重庆信科设计有限公司,500-999人,通信/网络设备,本科,经验不限,"SQL, Power BI, Python, 数学/统计相关专业, 计算机相关专业, 数据分析/挖掘经验",15-20K,北京,,2026-06-04 12:58:57
b437983bbc2420691XF40tm0GVRT,政府科研数据分析师/研究员,中科易研,20-99人,大数据,硕士,经验不限,"Excel, Stata, SPSS",8-12K,北京,,2026-06-04 12:58:57
aae6adcf881b60ef1nR-3dS7GVRX,数据分析师,爱回收,1000-9999人,互联网,本科,3-5年,"数据开发, 数据分析, Excel, 数据分析/挖掘经验, 数据治理, MySQL, 电商/零售行业数据相关经验, 数据挖掘, 数学/统计相关专业, Python, SQL",15-25K·13薪,北京,,2026-06-04 12:58:57
c7fdf33d1e635f6803d-2921ElJS,数据分析师,北京歆悦数智科技,0-20人,计算机软件,本科,3-5年,"计算机相关专业, 经济/工商管理相关专业, 数据分析/挖掘经验, 电商/零售行业数据相关经验",30-50K·17薪,北京,,2026-06-04 12:58:57
929efa396225754e0nd_2NW9FFRU,数据分析师,好课在线,500-999人,培训/辅导机构,本科,3-5年,,15-30K·13薪,北京,,2026-06-04 12:58:57
0497d302c79494ea0nd43t-_ElJV,数据分析师,知家,100-499人,广告营销,本科,3-5年,"SQL, Python, Power BI, 数学/统计相关专业",15-18K,北京,,2026-06-04 12:58:57
0ae73153faafcec51nN43ti1ElBU,数据分析师,洛图科技,0-20人,咨询,本科,1-3年,"电商/零售行业数据相关经验, 数据分析/挖掘经验, 数学/统计相关专业, 计算机相关专业, 经济/工商管理相关专业, Excel",7-10K,北京,,2026-06-04 12:58:57
933adf05ae6435270nF43tu6EQ~~,数据分析师,大地云游,20-99人,旅游,本科,1-3年,"数据分析, 战略咨询",8-12K,北京,,2026-06-04 12:59:18
b27471c3287fe5e10nB-29S4F1FX,数据分析师,爱连健康,100-499人,医疗健康,本科,3-5年,"数据分析/挖掘经验, 保险, to b端经验, 计算机相关专业, SQL",10-15K·13薪,北京,,2026-06-04 12:59:18
fca9e9583cf2c3b403163N-_FVZW,大气数据分析师,蔚蓝之城,0-20人,环保,本科,1-3年,"数据分析/挖掘经验, 环保行业",8-10K,北京,,2026-06-04 12:59:18
79283a05ee090abc1HZy39u1GFZS,数据分析师,盘古数魔,20-99人,计算机软件,本科,经验不限,"SQL, Hive, Python",15-30K,北京,,2026-06-04 12:59:18
6932f95b4a95e2f30nV80ti_GVpZ,数据分析师,乐信圣文,500-999人,游戏,本科,1-3年,"经济/工商管理相关专业, 机器学习建模经验, 数据分析, 数据分析/挖掘经验, 计算机相关专业, SQL, Python, 数学/统计相关专业",20-30K·16薪,北京,,2026-06-04 12:59:18
a36d70628f47d221031z29q4GVVZ,数据分析师,美数科技,100-499人,互联网,本科,3-5年,"SPSS, 计算机相关专业, SQL, Python, 数学/统计相关专业",15-25K·15薪,北京,,2026-06-04 12:59:18
c443103c5121123e0nV53tW0FVBU,大气数据分析师,国润泽源环保科技,20-99人,环保,本科,3-5年,,10-11K,北京,,2026-06-04 12:59:18
d7f0ef9712f3ce0a03Vy3NS_ElJU,数据分析师,盈东科技,0-20人,大数据,本科,1-3年,"Qracle, 长期驻场出差, 数据分析/挖掘经验, SQL",7-12K,北京,,2026-06-04 12:59:18
bc27de6433d3730703J_39u7F1FX,区块链数据分析师,北京中利博冠网络科技,100-499人,互联网,本科,3-5年,"SQL, Python, 数学/统计相关专业, 计算机相关专业, 经济/工商管理相关专业, 数据分析/挖掘经验, 金融行业数据相关经验",25-50K,北京,,2026-06-04 12:59:18
fc4860ad343b296a0nZ92928EVVV,中高级数据分析师,数驱互动,100-499人,互联网,本科,1-3年,"C端产品, ab测, SQL, 数学/统计相关专业",18-30K·14薪,北京,,2026-06-04 12:59:18
93940f0b1dfa607d03J509W7FVBV,高级数据分析师,米可世界,1000-9999人,互联网,本科,5-10年,,30-60K·15薪,北京,,2026-06-04 12:59:18
b217b073ccda5b120nd-2du5EVRR,数据分析师,瑞幸咖啡,10000人以上,互联网,本科,3-5年,"机器学习建模经验, R, 数据分析/挖掘经验, Tableau, 计算机相关专业, MATLAB, 电商/零售行业数据相关经验, SQL, Python, 数学/统计相关专业",20-30K·14薪,北京,,2026-06-04 12:59:18
429693f913db59d003B709S6FlpR,资深数据分析师,北京某中型互联网金融科技公司,500-999人,互联网,本科,5-10年,,45-75K·16薪,北京,,2026-06-04 12:59:18
032c60a924d832551HR92928FFZZ,数据分析师讲师,众霄云盘科技,20-99人,互联网,本科,3-5年,"数学/统计相关专业, 计算机相关专业, 数据分析/挖掘经验",13-16K,北京,,2026-06-04 12:59:18
8a15d3e360ed3478031z2t-0EFRQ,数据分析师,CBC集团,1000-9999人,互联网金融,本科,5-10年,"Power BI, Tableau, SQL, Python",10-15K,北京,,2026-06-04 12:59:18
f65aa6df332dd6661Hx80tq9EFZQ,数据分析师,沃东天骏信息技术,10000人以上,互联网,本科,3-5年,"SQL, Python, Hive, 数学/统计相关专业, 计算机相关专业, 数据分析/挖掘经验",22-40K·16薪,北京,,2026-06-04 12:59:39
771df3b5d70b816f1HJ42dW_FFJR,数据分析师,某500强上市公司,500-999人,互联网,本科,3-5年,"SQL, Hive",18-35K,北京,,2026-06-04 12:59:39
bbfdc39bf09c62ab1H1_2t67ElJQ,数据分析师,南威软件,1000-9999人,计算机软件,本科,5-10年,"机器学习建模经验, 海关, 数据分析/挖掘经验, 计算机相关专业, Python, SQL, 数学/统计相关专业",15-30K·16薪,北京,,2026-06-04 12:59:39
0b679bc9f75b98a50nd_2N29FVVT,数据分析师,湖北活力日化科技,20-99人,日化,本科,3-5年,"SQL, Tableau, Power BI, 电商/零售行业数据相关经验, 数学/统计相关专业, 数据分析/挖掘经验",20-40K,北京,,2026-06-04 12:59:39
0d7cb128b362d1b41XF829-8ElZS,数据分析师,美团网,10000人以上,生活服务(O2O),本科,3-5年,"SQL, 数学/统计相关专业",40-70K·15薪,北京,,2026-06-04 12:59:39
ffac395b93f805fe03J73d-6FFZW,数据分析师,Zenjoy,100-499人,互联网,本科,3-5年,"R, 文娱/游戏行业数据相关经验, 游戏, Tableau, SQL, Python",20-40K,北京,,2026-06-04 12:59:39
ebe6f65b74c33c4c0nR739y5GVJR,商业平台数据分析师,iHandy,500-999人,互联网,本科,1年以内,"SQL, Python, MATLAB, Tableau, Power BI, 数学/统计相关专业, 计算机相关专业, 数据分析/挖掘经验, 机器学习建模经验, 广告变现数据, 业务数据, 数据建模",15-22K·15薪,北京,,2026-06-04 12:59:39
5cb5ec9cc75f91de03x739q7FFBW,数据分析师,盘拓数据,20-99人,大数据,硕士,经验不限,,10-15K,北京,,2026-06-04 12:59:39
56a0d285434f2e751nV93N2-FlBR,数据分析师,微博,1000-9999人,互联网,本科,1-3年,Excel,10-15K,北京,,2026-06-04 12:59:39
7b9ebd9c34010f670nV83tq9FFpT,实习数据分析师,数说故事人工智能,500-999人,人工智能,本科,,,120-150元/天,北京,,2026-06-04 12:59:39
0c702216db108af1031629y-ElpV,数据分析师,LBE TECH,100-499人,互联网,本科,3-5年,数学/统计相关专业,30-50K·14薪,北京,,2026-06-04 12:59:39
ce563d5b06f969c71HZz2dm0FFtY,数据分析师,玖基,0-20人,装修装饰,本科,5-10年,"SQL, Tableau, Hive",30-50K·16薪,北京,,2026-06-04 12:59:39
299c23d5e436bcf00nZ72t69EVFQ,数据分析师,百变大侦探,100-499人,互联网,本科,3-5年,"SQL, Python, SPSS, 数学/统计相关专业, 计算机相关专业, 数据分析/挖掘经验",15-25K·13薪,北京,,2026-06-04 12:59:39
d1b046568ee8c95303R609i1EFFX,数据分析师,易车,1000-9999人,互联网,本科,1-3年,"R, Python, SPSS, Hive, 数学/统计相关专业",20-30K·16薪,北京,,2026-06-04 12:59:39
60f8c107002fa85d03R62tS4FFNQ,数据分析师,Datatist,100-499人,大数据,本科,5-10年,"R, 金融行业数据相关经验, 数据分析/挖掘经验, Python, SQL",15-18K,北京,,2026-06-04 12:59:39
12d911894e3474110nB40tS-ElRZ,互联网数据分析师,微创软件,10000人以上,计算机软件,本科,1-3年,,9-11K,北京,,2026-06-04 13:02:01
df7f907e156d29c803B609u5GFZQ,SPSS数据分析师,渭洋溪数据科技公司,20-99人,学术/科研,硕士,经验不限,"经济/工商管理相关专业, 金融行业数据相关经验, 数据分析/挖掘经验, 数学/统计相关专业",3000-15000元/月,北京,,2026-06-04 13:02:01
921a9db22626258d0nB839i9EVJS,MEG 数据分析师(J12277),北京融睿诚通,100-499人,互联网金融,本科,5-10年,,16-17K,北京,,2026-06-04 13:02:01
d42a41d40031b58c0nB82tu4E1FS,数据分析师/周末双休,北京新都远景网络,500-999人,人力资源服务,本科,1-3年,SQL,9-11K,北京,,2026-06-04 13:02:01
427cf526553bf1611X1z3du4E1M~,数据分析师,黑丘,0-20人,企业服务,本科,3-5年,数据分析,12-18K,北京,,2026-06-04 13:02:22
bed965c19cb168970nV939y0E1FU,用户增长数据分析师,Castbox,100-499人,互联网,本科,在校/应届,,13-18K,北京,,2026-06-04 13:02:22
67437a4bce81990d0nB83dy_FlBZ,婴幼儿营养品电商营销总部数据分析师,伊利,10000人以上,其他行业,本科,1-3年,,11-15K,北京,,2026-06-04 13:02:22
b830514993e01c150nR92t-4EFRQ,高级数据分析师,作业帮,10000人以上,互联网,本科,3-5年,,16-30K·13薪,北京,,2026-06-04 13:02:22
85f1601ca68e01500nZ72t20FlFW,数据分析师,北京迈迪培尔信息服务,20-99人,计算机软件,本科,经验不限,,6-11K,北京,,2026-06-04 13:02:22
f517325f2779b45e0nB83d6_EFVR,数据分析师 (AI方向),异乡好居,1000-9999人,互联网,本科,3-5年,"Agent, Power BI, 数据分析/挖掘经验, AI 智能客服, 计算机相关专业, SQL, Python, 数学/统计相关专业",20-30K,北京,,2026-06-04 13:02:22
e45e5b06f4fb41b10nR93tS5FVpQ,数据分析师,舟谱数据,500-999人,互联网,本科,3-5年,,20-40K·15薪,北京,,2026-06-04 13:02:44
52d4cdedd13565280nd52du9FVRW,数据分析师(A115225),白光全析,20-99人,互联网,本科,经验不限,"数学/统计相关专业, 数据分析/挖掘经验, 埋点, 用户分析",15-30K·15薪,北京,,2026-06-04 13:02:44
672f8507109c561503Zy092-FlBQ,数据分析师,元保数科,500-999人,互联网,本科,1-3年,"SQL, Python, 数学/统计相关专业, 数据分析/挖掘经验, 金融行业数据相关经验, 电商/零售行业数据相关经验",15-30K·15薪,北京,,2026-06-04 13:02:44
d842b7d630fba1fe0nV83d6_FlVR,数据分析师（为算法提供数据相关支持工作）,硕芯未来,1000-9999人,互联网,本科,1-3年,,35-55K·14薪,北京,,2026-06-04 13:02:44
713feda531f31a8703V92N69F1ZS,数据分析师（人民币方向）,意讯无限,20-99人,互联网,本科,3-5年,"资金分析, 人民币分析, 数据分析/挖掘经验, 银行流水, SQL",10-15K,北京,,2026-06-04 13:02:44
ceaf85a451d0fb3903J-0tq0EVFQ,数据分析师,铭太科技,100-499人,计算机软件,本科,3-5年,"经济/工商管理相关专业, 风控相关经验, 计算机相关专业, 会计, SQL, Python, 数学/统计相关专业",10-15K,北京,,2026-06-04 13:02:44
34c9e4a8d33b12c70nd83dS0FVtT,BI工程师（数据分析师）,江苏达科,1000-9999人,通信/网络设备,本科,10年以上,,16-17K,北京,,2026-06-04 13:02:44
812e6fee997a273f1XN53di9F1ZW,数据分析师,兰格集团,100-499人,电子商务,本科,3-5年,"宏观经济, 数据分析/挖掘经验, 产业链数据",10-15K,北京,,2026-06-04 13:03:05
103483a1f9349a540nB-096_EFpW,数据分析师-sql,某大型知名互联网公司,10000人以上,互联网,本科,3-5年,"SQL, 数学/统计相关专业, 计算机相关专业",15-16K,北京,,2026-06-04 13:03:05
83ae19835765fd130nR72NW9FFJV,中级数据分析师,QuestMobile,100-499人,互联网,本科,3-5年,"Hive, SQL, Python, 数据分析/挖掘经验, 数学/统计相关专业, Excel",10-12K,北京,,2026-06-04 13:03:05
06a6d1d0dd7ff05f0nV_3dq9EVFX,数据分析师,量化派,100-499人,互联网,本科,在校/应届,,15-25K,北京,,2026-06-04 13:03:05
c201bfad923a6c8503B62dy9EFFX,数据分析师,诚益通,1000-9999人,自动化设备,本科,3-5年,,10-15K,北京,,2026-06-04 13:03:05
cb07b819388fc43a0nB53Nm7GVBS,数据分析师,银建投资,10000人以上,客运服务,本科,5-10年,"SQL, Python, 数据分析/挖掘经验",13-20K,北京,,2026-06-04 13:03:05
d6418f17dbc12ce70nd-0t20EVpY,数据分析师,软通动力,10000人以上,计算机软件,本科,3-5年,"SQL、excel熟练者优先, 4年以上工作经验, 3-5年数据分析经验",9-10K,北京,,2026-06-04 13:03:25
7274ab898f24f3d403N-3d27GVFS,海外程序化广告策略数据分析师,爱笑科技,20-99人,互联网,本科,5-10年,"大数据分析, 数据分析/挖掘经验, 海外程序化广告, 数据特征提取, 广告策略开发",20-40K·16薪,北京,,2026-06-04 13:03:25
c4202f3d6e5b72050nVy3t60EVVT,数据分析师（信贷业务）,星云智研,1000-9999人,互联网,本科,3-5年,,20-35K·15薪,北京,,2026-06-04 13:03:25
b0ea05efec7ed9d90nR93N-_GVRV,北京-Power BI 数据分析师（应届生）,敏捷艾科,100-499人,大数据,本科,在校/应届,"Power BI, 数据分析/挖掘经验, 计算机相关专业, 数学/统计相关专业",7-12K·13薪,北京,,2026-06-04 13:03:25
c87e7cb4c330387403Ry39m1GVFZ,数据分析师,学大教育,10000人以上,培训/辅导机构,本科,3-5年,"K12教育培训行业经验, Power BI, 数据分析/挖掘经验, Tableau, 计算机相关专业, MATLAB, SQL, Python, 数学/统计相关专业",15-25K,北京,,2026-06-04 13:03:46
f53ffac6ce141a920nZ63du9F1RX,数据分析师（北京）,易点天下,1000-9999人,互联网,本科,3-5年,,25-50K·16薪,北京,,2026-06-04 13:03:46
1c681698500ed1d20XJy3dm9FVc~,数据分析师,策点管理咨询北京公司,0-20人,咨询,本科,1-3年,"回归分析, 因子分析, 数据分析/挖掘经验, 方差分析, 市场研究员, 行业研究, 多元统计分析, SPSS, 分析员, 数学/统计相关专业",5-10K,北京,,2026-06-04 13:03:46
e411d4f27d86a5740ndz092_EltR,POPMART-资深数据分析师,泡泡玛特POP MART,1000-9999人,新零售,本科,5-10年,"SQL, Python, 数学/统计相关专业, 计算机相关专业, 数据分析/挖掘经验, 电商/零售行业数据相关经验, 文娱/游戏行业数据相关经验",20-23K,北京,,2026-06-04 13:04:06
860597804ef0437c0ndy2tW8FlRZ,数据分析师,数荷电科,20-99人,互联网,本科,1-3年,"数据分析/挖掘经验, Tableau, SPSS, SQL, 数学/统计相关专业",10-12K·13薪,北京,,2026-06-04 13:04:06
a82ae59c29c2f05a0nR82966FVZS,数据分析师主管,宜信科创,100-499人,电子商务,本科,3-5年,,12-20K,北京,,2026-06-04 13:04:06
24122380d607f28f0nZ_3tS1EVNS,数据分析师（互金）,金果未来,100-499人,计算机服务,本科,3-5年,"金融行业数据相关经验, 信贷, 海外金融",20-28K,北京,,2026-06-04 13:04:06
33f2aea2816a53560nZ-29u1FFBV,数据分析师 - 运营与海外广告投放方向,元宇万相,20-99人,互联网,本科,3-5年,,15-28K·13薪,北京,,2026-06-04 13:04:06
533c192c4adee4d203Z_29m_EVBY,数据分析师,CheilPengTai,500-999人,互联网,本科,5-10年,,15-20K,北京,,2026-06-04 13:04:06
2b7c79ae291d68140nB53Ny-EltV,数据分析师,奇妙王国,100-499人,互联网,本科,1-3年,"休闲游戏, 数据分析",20-40K·13薪,北京,,2026-06-04 13:04:06
811b7931ec7adbcd1Hx60tq_EVFX,大气数据分析师,璟云环保,20-99人,环保,本科,1-3年,"环保咨询, 大气, 污染分析",7-12K,北京,,2026-06-04 13:04:06
546a18f4c09a8b980nd929-_FVNR,数据分析师,法小查,0-20人,计算机软件,本科,1-3年,,6-11K,北京,,2026-06-04 13:04:27
a4d8633474297de603F83ty1FFNZ,数据分析师,快手,10000人以上,社交网络与媒体,本科,1-3年,,20-30K·16薪,北京,,2026-06-04 13:04:27
14b7f74cb318e49a0nd829y9E1FY,数据分析师,大连塬心品牌营销策划,20-99人,咨询,本科,5-10年,,20-35K,北京,,2026-06-04 13:04:27
4a577fbc238c9ed90nB82t-0ElJX,数据分析师,中信百信银行,500-999人,银行,本科,1-3年,"SQL, Python, 数学/统计相关专业, 金融行业数据相关经验",15-20K,北京,,2026-06-04 13:04:27
b87aaeb01aaa1f6d0nR62dW7F1tZ,助理数据分析师,中金易云,20-99人,计算机软件,本科,1-3年,,7-9K,北京,,2026-06-04 13:04:49
4df674dc066ddcbd03F629W9FlNY,数据分析师,立言评价,0-20人,其他专业服务,本科,1-3年,"经济/工商管理相关专业, 数据分析/挖掘经验, 数学/统计相关专业",8-12K,北京,,2026-06-04 13:04:49
29f980d97ba132110nB43dS5ElRQ,B2B数据分析岗,宿谷教育,20-99人,培训/辅导机构,本科,5-10年,,20-40K,北京,,2026-06-04 13:04:49
78ecb259c2fb09431H1y2NS8F1RY,数据分析师,美术宝科技集团,1000-9999人,互联网,本科,3-5年,"数据分析/挖掘经验, 数学/统计相关专业, SQL",15-25K,北京,,2026-06-04 13:04:49
f050121d440607e80ndy2dS7GFtX,数据分析师,学程思远,100-499人,在线教育,本科,3-5年,"R, Tableau, MATLAB, SQL, Python, 数学/统计相关专业",10-15K,北京,,2026-06-04 13:04:49
4812a99fc6214e230nB42t6_GFtV,AI产品数据分析师,中软国际,10000人以上,计算机软件,本科,1-3年,"计算机相关专业, SQL, Python, 数学/统计相关专业",7-11K,北京,,2026-06-04 13:04:49
250ee091d85c287c0nZ-3tq8E1FU,数据分析师,京东物流,10000人以上,快递,本科,3-5年,"SQL, 数学/统计相关专业, 计算机相关专业, 数据分析/挖掘经验, 物流行业数据相关经验",20-40K·16薪,北京,,2026-06-04 13:04:49
c3c2d0cc19a69a360nB_2tq9FVZR,数据分析师 (MJ009306),猿编程,10000人以上,在线教育,本科,3-5年,"SQL, Python, Power BI, 数学/统计相关专业, 数据分析/挖掘经验, 业务数据分析, ROI, 数据策略",20-35K·13薪,北京,,2026-06-04 13:05:10
f250dcedbc838cd20nR73d--GVFQ,数据分析师,北京钧天科技有限公司,20-99人,人工智能,本科,3-5年,,13-18K,北京,,2026-06-04 13:05:10
964e2602c54767a30nR43NS8EFdT,商业化数据分析师,今日水印相机,100-499人,互联网,本科,1-3年,"SQL, Python",20-40K·14薪,北京,,2026-06-04 13:05:10
de5813fc154bd0c503F53tS1GVZX,AI数据分析师,中电信数政科技,100-499人,互联网,本科,3-5年,"机器学习建模经验, R, 数据分析/挖掘经验, SPSS, 计算机相关专业, SQL, Python, 数学/统计相关专业",21-30K,北京,,2026-06-04 13:05:10
72ac970de730d0b01XJ_2N-5F1pT,数据分析师,摘星科技,1000-9999人,互联网,本科,1-3年,"数学/统计相关专业, 计算机相关专业, 数据分析/挖掘经验",8-13K,北京,,2026-06-04 13:05:10
20510ff7e045f3aa0nd809S0F1pW,数据分析师,中金金融认证中心,500-999人,计算机软件,硕士,,,140-150元/天,北京,,2026-06-04 13:05:10
6538228acb1f89f20nB60ty6ElFS,数据分析师（反欺诈）,北京某大型互联网国企公司,10000人以上,互联网,本科,5-10年,"金融行业数据相关经验, 计算机相关专业, 数学/统计相关专业, 数据分析/挖掘经验, 机器学习建模经验",20-30K,北京,,2026-06-04 13:05:10
35984e5690f57c241Xx_39q4FFVV,数据分析师,中科启航,100-499人,风电,本科,经验不限,"Power BI, 计算机相关专业, 算法开发, Python",15-25K,北京,,2026-06-04 13:05:10
eb17b5b8b2fc9e9803x43N67FlZU,数据分析师,山东锐泓嘉科技信息,0-20人,互联网,本科,1-3年,,15-20K,北京,,2026-06-04 13:05:10
fd8d71c8e3f52dc70nB_3926EVJR,广告变现数据分析师,万游网络,20-99人,游戏,本科,经验不限,,12-24K·13薪,北京,,2026-06-04 13:08:18
b4c336a0216fd2d50nB83dW7FldU,数据分析师,优友互联,100-499人,通信/网络设备,硕士,经验不限,,9-12K,北京,,2026-06-04 13:08:41
ac56bb3992ccf22c0nV42dW8E1NS,数据分析师,北京安云创,0-20人,通信/网络设备,本科,1-3年,"机器学习建模经验, R, Power BI, 数据分析/挖掘经验, Tableau, 计算机相关专业, SQL, Python, 数学/统计相关专业",8-12K,北京,,2026-06-04 13:08:41
13af278e14064da60nB83dm_E1tV,数据分析师,货拉拉科技,10000人以上,互联网,本科,经验不限,"SQL, Power BI, SPSS, 数学/统计相关专业, 计算机相关专业, 数据分析/挖掘经验",15-30K,北京,,2026-06-04 13:08:41
0c7a18d008059b1103B839i7FlBR,直播数据分析师,棉花史密斯,20-99人,互联网,本科,1-3年,,15-22K,北京,,2026-06-04 13:09:03
89872233dbe518241XJ80tu6GFM~,手游数据分析师,博乐科技,500-999人,游戏,本科,1-3年,"手游, 数据分析, 游戏, 数据挖掘",15-30K·13薪,北京,,2026-06-04 13:09:03
6164616ef66978dc0nB43d-1F1pU,数据分析师,新橙科技,500-999人,计算机软件,本科,3-5年,,15-30K,北京,,2026-06-04 13:09:03
71e6144cdc6585e60nZ72t20EFNT,数据分析师,MedPeer,20-99人,医疗健康,本科,经验不限,,6-11K,北京,,2026-06-04 13:09:03
175fec8b091f49361H1y2ti5FFZU,数据分析师,国信云联,20-99人,互联网,硕士,1-3年,"机器学习建模经验, 数据分析/挖掘经验, 计算机相关专业, 数学/统计相关专业",9-12K·13薪,北京,,2026-06-04 13:09:03
baf06f5c0453b59d0nB42Nu4FFtW,数据分析师（互联网大厂经验优先）,粉多多,500-999人,互联网,本科,1年以内,"Tableau, 数学/统计相关专业, 数据分析/挖掘经验, 用户留存, 短剧投流",20-35K,北京,,2026-06-04 13:09:25
eecaf54fe55acb070ndz0tu1E1tZ,数据分析师,涌跃智能,20-99人,人工智能,本科,1-3年,,15-30K·16薪,北京,,2026-06-04 13:09:25
3d55d4f84f7d82410nZy09q5EVdQ,数据分析师,勾正数据,20-99人,大数据,本科,1-3年,"数据清洗, 数据监控, 日报周报月报",7-12K,北京,,2026-06-04 13:09:25
eb9b857097e0b88c0nB_2di9FFpT,数据分析师(J100228),百度在线,10000人以上,互联网,本科,3-5年,,25-50K·16薪,北京,,2026-06-04 13:09:46
9d3f6d3971b05ffa0nV-2tu-E1FY,数据分析师（base泰国）,闪电快车,10000人以上,互联网,本科,3-5年,,25-30K,北京,,2026-06-04 13:09:46
8686108a81e54a4503Jy2dy4EltV,数据分析师,111医药馆,1000-9999人,医药批发零售,本科,1-3年,"SQL, Python, Tableau, R, 数学/统计相关专业, 计算机相关专业, 数据分析/挖掘经验, 电商/零售行业数据相关经验, 商品, 品类",11-18K,北京,,2026-06-04 13:09:46
e387c434215b4fb40nZy2Nu9F1RX,数据分析师,北京新都远景网络,500-999人,人力资源服务,本科,1-3年,SQL,9-11K,北京,,2026-06-04 13:09:46
0a5f6ffbd8b258570nB42dq8GVJX,中台策略数据分析师,外企德科数字,10000人以上,互联网,本科,3-5年,"商业化广告, 本地生活, SQL",11-16K,北京,,2026-06-04 13:10:06
0c78c00313af94d40nd-29m5F1tU,资深数据分析师-SLG,完美世界,1000-9999人,游戏,本科,5-10年,"SQL, Python, 文娱/游戏行业数据相关经验, SLG",30-40K·14薪,北京,,2026-06-04 13:10:06
cf648b91ce1cc1bb0nd43t-7E1VX,数据分析师,枫悦互动,500-999人,互联网,本科,5-10年,,30-40K·15薪,北京,,2026-06-04 13:10:06
cbe55d458fb61c9d0nVz2N6_GVVZ,数据分析师计费分析,北京四方小仓,100-499人,互联网,本科,1-3年,"数学/统计相关专业, 计算机相关专业",13-16K·14薪,北京,,2026-06-04 13:10:27
00f1d6877446edca1H1y3927FFNS,数据分析师,卡布姆科技有限公司,20-99人,游戏,本科,经验不限,"经济/工商管理相关专业, 绩效奖金, SAS, 数据分析/挖掘经验, 文娱/游戏行业数据相关经验, SPSS, 计算机相关专业, SQL, 数学/统计相关专业",30-50K,北京,,2026-06-04 13:10:27
5fe9d7889d7132360nRy29q9GVZU,海外数据分析师,掌阅科技,500-999人,互联网,本科,3-5年,"广告, 投放, SQL, 数学/统计相关专业",20-40K·14薪,北京,,2026-06-04 13:10:27
c73f64e590f27fe70ndy2N-6FVpU,数据分析师-沪/京,淘宝闪购,10000人以上,生活服务(O2O),本科,5-10年,"SQL, MATLAB, Tableau, Power BI, SPSS",27-50K·16薪,北京,,2026-06-04 13:10:47
611cccd5cc7b66a00nB50t2_EVJQ,BI工程师（数据分析师）,鼎讯同创,20-99人,企业服务,本科,3-5年,,18-25K,北京,,2026-06-04 13:10:47
3f0bf4827e3e7d960nZ629q6FlVT,数据分析师,晓程科技,500-999人,智能硬件,本科,经验不限,"数学/统计相关专业, 经济/工商管理相关专业, 数据分析/挖掘经验, 金融行业数据相关经验, 风控相关经验, SQL, R, Power BI, Python",15-30K,北京,,2026-06-04 13:10:47
0428f1ba73b83d820nd42du5GVRT,数据分析师,AARKI,100-499人,互联网,本科,1-3年,"DSP, 移动互联网出海, 数据分析, 程序化广告, 优化师, SQL",15-20K·13薪,北京,,2026-06-04 13:11:08
882dd3a5fc01db830nZz3N27FVpR,数据分析师(A87259),值得买科技,1000-9999人,互联网,本科,1-3年,"SQL, Python, 数学/统计相关专业, AI工具",15-22K·14薪,北京,,2026-06-04 13:11:08
1154b762265046940nB43dW0EVVY,数据分析师,天津某中型光伏上市公司,100-499人,光伏,硕士,1-3年,,20-35K,北京,,2026-06-04 13:11:08
d04355e5eaa371900nB53NW-EFdS,数据分析师,软通动力,10000人以上,计算机软件,本科,3-5年,"SQL, Python",7-9K,北京,,2026-06-04 13:11:08
c03682872de210060nZ82Nm-FlZQ,微博数据分析师 (MJ008046),微博,1000-9999人,互联网,本科,1年以内,"SQL, Python, MATLAB, Power BI, SPSS, 数学/统计相关专业, 计算机相关专业, 数据分析/挖掘经验, 文娱/游戏行业数据相关经验, 电商/零售行业数据相关经验",10-15K,北京,,2026-06-04 13:11:29
99cc172f8fffa1320nB409-1FFNQ,审计数据分析师,利星行中国,10000人以上,批发/零售,本科,1-3年,"Power BI, 数据分析/挖掘经验, 审计",12-15K,北京,,2026-06-04 13:11:29
db7ae1bc71eda0a51Hxz3967FVtZ,数据分析师,京东世纪贸易有限公司,10000人以上,互联网,硕士,,"Hive, 计算机相关专业, 电商/零售行业数据相关经验, SQL, 数学/统计相关专业",200-250元/天,北京,,2026-06-04 13:14:39
c9285d6c7b1d9ac60nB_2dS8GFdV,数据分析师,转转集团,1000-9999人,互联网,本科,经验不限,,12-18K·15薪,北京,,2026-06-04 13:14:39
6d5fb50111a95aef1XF639q_FFpU,高级数据分析师,企服码,20-99人,大数据,本科,3-5年,"数据分析/挖掘经验, 计算机相关专业, SQL, Python, 数学/统计相关专业",15-20K,北京,,2026-06-04 13:14:39
0cd0bcc8414a682f0nRy0ti9E1NU,数据分析师（应届）,爱回收,1000-9999人,生活服务(O2O),本科,在校/应届,,8-12K,北京,,2026-06-04 13:14:39
5a8080c5cd0d57f80nd82dS8FlFU,渠道数据分析师,Castbox,100-499人,互联网,本科,5-10年,"SQL, Python, Tableau, 买量业务",40-45K,北京,,2026-06-04 13:14:39
a1cff3b87e5c028b0nZy2Nu9GVdY,数据分析师,轻颜时代,20-99人,医疗服务,本科,5-10年,,8-13K,北京,,2026-06-04 13:14:59
50e2964f347877530nd72ty4FltV,数据分析师,奇妙王国,100-499人,互联网,本科,3-5年,,20-40K·13薪,北京,,2026-06-04 13:14:59
f53a2167d717aa310nV829m1ElJU,数据分析师,轻松健康集团,100-499人,互联网,本科,5-10年,,20-35K,北京,,2026-06-04 13:14:59
f67c3bf8678faa050ndy09q7FVNV,用户增长数据分析师,滴滴,1000-9999人,互联网,本科,5-10年,"广告, 数据分析, 投放, 用户增长",28-40K·15薪,北京,,2026-06-04 13:14:59
1052dbe79f60f36203xz3t29EVBY,数据分析师,京东科技集团,1000-9999人,互联网,硕士,,"Hive, SQL",400-450元/天,北京,,2026-06-04 13:14:59
7cbee66a82b34eba1Hx92dS0FVJT,财税数据分析师,灵数科技,100-499人,计算机软件,本科,1-3年,"数学/统计相关专业, 经济/工商管理相关专业, 金融行业数据相关经验, 税务经验，财务经验",8-10K,北京,,2026-06-04 13:14:59
27c3436ec0d97a9b0nB_09i8FlBV,数据分析师,阿里巴巴文化娱乐...,10000人以上,音乐/视频/阅读,硕士,1-3年,,16-20K·16薪,北京,,2026-06-04 13:14:59
c5710118ba476f0103N92dy_GFNV,spss数据分析师,博贤,100-499人,其他生活服务,本科,1-3年,,100-300元/时,北京,,2026-06-04 13:14:59
2d66bc069a674fc303J73dm_ElFY,数据分析师-北京,高德地图,1000-9999人,互联网,本科,3-5年,"用户体验, 服务体验, 数据分析/挖掘经验, Python, SQL",25-50K·16薪,北京,,2026-06-04 13:14:59
df29c4b1c06261411X162Nu6FVJQ,数据分析师,北京清普科技有限公司,20-99人,环保,本科,1-3年,"大气环境, 环保管家, 生态环境",7-12K,北京,,2026-06-04 13:14:59
69d29875dc0d5a3f0nB_2dm1FFZS,数据分析师-银行项目,法本,10000人以上,计算机软件,本科,3-5年,"SQL, Python, 机器学习建模经验, 反欺诈",13-18K,北京,,2026-06-04 13:15:21
0410805e8f42d5241n162t28FldQ,数据分析师,北京字节跳动,1000-9999人,互联网,本科,经验不限,描述统计,20-30K·15薪,北京,,2026-06-04 13:15:21
cf0234f258456d580nRz39W_EFZS,数据分析师,杭州金致品牌管理,100-499人,电子商务,本科,1-3年,"数据分析/挖掘经验, ISV",10-15K·13薪,北京,,2026-06-04 13:15:21
c5958dace7157ce30nR_2Nu0EFpX,数据分析师,上海铂中数字科技,500-999人,汽车经销商,本科,5-10年,"Power BI, 数据分析/挖掘经验, 数据模型, Tableau, SQL, Python",18-25K·13薪,北京,,2026-06-04 13:15:42
dd4af1ab729a3aa70nZ-3du5FlNY,数据分析师,万宝盛华企业管理...,1000-9999人,生活服务(O2O),本科,1-3年,"SQL, 数学/统计相关专业, 业务数据分析, 数据分析, 数据运营",10-15K,北京,,2026-06-04 13:15:42
b23a8666e7683aee0nZ82t28FVRV,数据分析师(DA),北京少年游通信,20-99人,游戏,本科,1-3年,"商业智能, 数据分析, 数据仓库, 分布式技术, 游戏, SQL, Python, Matlab",15-30K,北京,,2026-06-04 13:15:42
75f2b7616d0d07150nR-09m9F1RR,数据分析师,枫叶互动,500-999人,游戏,本科,经验不限,,20-40K·15薪,北京,,2026-06-04 13:15:42
2396c5810e07d9651HZ90ti_ElBZ,资深数据分析师,少年得到,1000-9999人,在线教育,本科,5-10年,"机器学习建模经验, Hive, Power BI, 数据分析/挖掘经验, 销转分析, K12, 电商/零售行业数据相关经验, Python",28-40K·15薪,北京,,2026-06-04 13:15:42
c8fa9f9fb5b6dd581X162Ni4FFs~,空气监测数据分析师,旭诚科技,100-499人,计算机软件,硕士,经验不限,"数据分析, 需求分析, 环保信息化, 数学/统计相关专业",8-11K,北京,,2026-06-04 13:15:42
fe882779dabb1f7b03Z_39i7F1BR,数据分析师,德国电信咨询,100-499人,咨询,本科,1-3年,,8-10K,北京,,2026-06-04 13:16:04
f1c896112e610bfb1H182d2_FlRX,高级数据分析师,Palmax,100-499人,互联网,本科,经验不限,"在线教育APP, 数据分析/挖掘经验, 文娱/游戏行业数据相关经验, 计算机相关专业, 数学/统计相关专业",15-25K,北京,,2026-06-04 13:16:04
d41bb1efcd5258990nB829W1F1RZ,数据分析师（模型评测）,景联文,100-499人,人工智能,本科,1-3年,,25-35K,北京,,2026-06-04 13:16:04
9381788723ed3fc30nZ52dq7E1dR,高级数据分析师,和讯网,500-999人,互联网,本科,5-10年,AI+,20-35K,北京,,2026-06-04 13:16:04
5f9dac79adc48fce0nB-2dy8F1FS,数据分析师,高途,10000人以上,在线教育,本科,1-3年,"计算机相关专业, SQL, Python, 数学/统计相关专业",18-24K·14薪,北京,,2026-06-04 13:16:04
1074caca89d6c3330nZ52967FlBU,数据分析师,新东方前途,1000-9999人,培训/辅导机构,本科,经验不限,Power BI,10-11K,北京,,2026-06-04 13:16:26
ed168ea55b732cce03B63ty9GVFY,数据分析师（心理学方向）,麦洛网络科技,20-99人,互联网,本科,经验不限,,200-500元/时,北京,,2026-06-04 13:16:26
e5cde7f2e06bb32a1Hdz29W5FFpW,数据分析师,美团点评住宿事业部,10000人以上,互联网,本科,3-5年,"旅游行业数据相关经验, Tableau, SQL, Python, 数学/统计相关专业",17-27K·15薪,北京,,2026-06-04 13:16:26
43b0f5061d029c040nZy296_F1VQ,振动/数据分析师,北京华信,100-499人,计算机服务,本科,1-3年,"机器学习建模经验, 数据分析/挖掘经验, 计算机相关专业, MATLAB, SQL",8-10K,北京,,2026-06-04 13:16:26
57ad42ae3d96a59903182tm6F1dW,数据分析师,北京李杨聚客餐饮,0-20人,餐饮,本科,3-5年,,11-12K,北京,,2026-06-04 13:16:26
80641714e70f863203F53Ny4F1RT,数据分析师,北京心动方糖网络科技,100-499人,社交网络与媒体,硕士,,"经济/工商管理相关专业, 机器学习建模经验, 数据分析/挖掘经验, 计算机相关专业, SQL, Python, 数学/统计相关专业",150-250元/天,北京,,2026-06-04 13:16:26
94380e2cd91acc5903V909m1ElFQ,数据分析师,APUS,100-499人,互联网,本科,3-5年,"Tableau, 计算机相关专业, 商业分析, Python, SQL, 数学/统计相关专业, 经营分析",15-30K·14薪,北京,,2026-06-04 13:16:47
836bf122ed116c2d0nB52tm7FFBY,创业-数据分析师,海鸿达(北京),100-499人,餐饮,本科,1-3年,,23-28K,北京,,2026-06-04 13:16:47
46166172b3c5ef5e0nZ42dS4F1tT,数据分析师,北京天翔鼎力国际咨询,20-99人,计算机软件,本科,3-5年,"尼尔森, 数据分析/挖掘经验, 市场研究, 零售监测, 电商/零售行业数据相关经验, SQL, Python, 数学/统计相关专业",15-25K,北京,,2026-06-04 13:16:47
7962551ec2a237370nB-3tu9EFFV,数据分析师,51Talk,1000-9999人,在线教育,本科,5-10年,,20-30K,北京,,2026-06-04 13:16:47
11b896855df4d14e0nR639-8GVFV,高级数据分析师,北京银霖通科技,100-499人,互联网,本科,5-10年,"金融行业数据相关经验, SQL, 数学/统计相关专业",20-25K,北京,,2026-06-04 13:17:09
f18a3512d22100f31nN-3dm9EVBR,数据分析师,360集团,1000-9999人,互联网,本科,3-5年,"Python, Excel",12-20K,北京,,2026-06-04 13:17:09
a2fa8c2aef3db7f303x92969EFBR,数据分析师,北京空融,100-499人,计算机软件,本科,3-5年,"互联网行业, 双端撮合业务",20-40K·14薪,北京,,2026-06-04 13:17:09
a984ffd6be5b12650nZ_2Nu_FVdV,数据分析师,智谱华章,500-999人,互联网,本科,1-3年,"SQL, Python, 数学/统计相关专业, 计算机相关专业, 风控相关经验, 生命周期价值, 漏斗分析模型, 经营指标",24-35K·16薪,北京,,2026-06-04 13:17:09
00497eb55469695d0nd62d24GFJR,高级/资深数据分析师,北京创智和宇,100-499人,计算机软件,本科,5-10年,,20-28K,北京,,2026-06-04 13:17:09
59ea5a8a5aabb46a03J73927FFdZ,数据分析师,掌阅科技,500-999人,互联网,本科,3-5年,"业务分析, 广告投放, 用户增长, 投放数据",20-40K·14薪,北京,,2026-06-04 13:17:09
8136406d0f38506a03x72Nm1EltU,【T&C】数据分析师 - AI chatbot方向,Shopee,1000-9999人,电子商务,本科,1-3年,"SQL, 数学/统计相关专业, 计算机相关专业, 数据分析/挖掘经验",25-35K,北京,,2026-06-04 13:17:30
8fcf81fd588a31120nR639W5EFVZ,数据分析师,华平能源,100-499人,其他新能源,本科,1-3年,"SQL, Python, R, 数学/统计相关专业, 计算机相关专业, 数据分析/挖掘经验, 换电行业, 统计学, 共享充电宝行业",10-15K,北京,,2026-06-04 13:17:30
c8415682ee7330e71HR_39S5FVZT,数据分析师,美团,10000人以上,互联网,本科,3-5年,"策略输出, SQL, 经营分析",20-40K·15薪,北京,,2026-06-04 13:17:30
50dbb8481d8e8fda0nZ52tW9FVZV,数据分析师,北京莉景沐阳咨询...,0-20人,培训/辅导机构,本科,经验不限,"Python, R, MATLAB, SPSS, 数学/统计相关专业, 数据分析/挖掘经验, 电商/零售行业数据相关经验",10-15K,北京,,2026-06-04 13:17:30
1df42222f84343f80nB-2dq8FVJR,数据分析师,沈阳阅准科技有限公司,100-499人,互联网,本科,3-5年,,20-40K·14薪,北京,,2026-06-04 13:17:30
db562adf040a26220nZ52tq9E1dU,数据分析师,冲云破雾科技有限公司,100-499人,游戏,本科,3-5年,"R, 数据分析/挖掘经验, 文娱/游戏行业数据相关经验, Tableau, 计算机相关专业, SQL, Python, 数学/统计相关专业",15-30K·14薪,北京,,2026-06-04 13:17:30
16964348d87ae8630ndz3t67E1dS,数据分析师,小仙炖鲜炖燕窝,500-999人,食品/饮料/烟酒,本科,1-3年,"SQL, Python, 数学/统计相关专业, 计算机相关专业, 数据分析/挖掘经验, 电商/零售行业数据相关经验",12-14K·14薪,北京,,2026-06-04 13:17:51
8d2bd60317098b790nd82Nq9GVVW,数据分析师(北京）,术木智能,20-99人,大数据,本科,3-5年,,8-10K,北京,,2026-06-04 13:17:51
318ea2a032c7f4c91HV63t2_FFZY,数据分析师,北京理想汽车有限公司,1000-9999人,汽车研发/制造,本科,1年以内,"SQL, Python, R, 数学/统计相关专业, 计算机相关专业, 数据分析/挖掘经验",40-45K,北京,,2026-06-04 13:17:51
dd4f1d5c5c40123603B73di5GFdZ,数据分析师,微鲤科技,100-499人,互联网,本科,3-5年,"SQL, Tableau, Power BI, 数学/统计相关专业, 数据分析/挖掘经验",15-30K,北京,,2026-06-04 13:23:23
9bf780b9243442ad0nB829m1F1VZ,数据分析师 (贷后策略),北京微财科技有限公司,500-999人,互联网,本科,3-5年,,25-35K·14薪,北京,,2026-06-04 13:23:23
d76cfc8d4f1b8f0c1HF42tW0E1ZU,数据分析师（实习生）,北京星图数网科技,20-99人,互联网,硕士,,"SQL, Python",120-180元/天,北京,,2026-06-04 13:23:42
04e76f3fe79580f51HJ82tm0F1tS,数据分析师,与爱为舞,1000-9999人,互联网,本科,3-5年,"Power BI, 画像平台, 数据分析/挖掘经验, 异动归因, 计算机相关专业, 指标体系, 数学/统计相关专业, AB test",25-40K·14薪,北京,,2026-06-04 13:23:42
dda6a5127436739a0nB72968GFRR,数据分析师-北京,大麦娱乐,1000-9999人,社交网络与媒体,本科,5-10年,"SQL, Python, 数学/统计相关专业, 计算机相关专业, 数据分析/挖掘经验, 电商/零售行业数据相关经验",25-35K,北京,,2026-06-04 13:23:42
0f41f2098f9a39d50nV-29q7E1RQ,新能源运行数据分析师,北京国电电力新能...,100-499人,其他新能源,本科,5-10年,"SCADA, CMS, 数据分析, 风力发电机组, 人工智能",15-20K·13薪,北京,,2026-06-04 13:23:42
d75a573836d01d26031y3NW8GFtX,数据分析师,博睿同信,20-99人,咨询,本科,1-3年,,9-11K,北京,,2026-06-04 13:24:03
f14bfecabaf7ac520nd_0t67F1BQ,数据分析师,道有道,100-499人,互联网,本科,1-3年,"数据分析/挖掘经验, 抖音电商, 巨量云图, 电商/零售行业数据相关经验",8-10K,北京,,2026-06-04 13:24:03
4490b8e34d300d8a0nZ72tm_FVFZ,微博数据分析师 (MJ007966),微博,1000-9999人,互联网,本科,经验不限,"R, Power BI, 数据分析/挖掘经验, 文娱/游戏行业数据相关经验, SPSS, 计算机相关专业, 电商/零售行业数据相关经验, Python, SQL, 数学/统计相关专业",10-15K,北京,,2026-06-04 13:24:03
c592ac7975a85d020nR63Ny0EVFY,数据分析师,美菜,10000人以上,电子商务,硕士,1-3年,"商品, 尼尔森, 数据分析/挖掘经验, 电商/零售行业数据相关经验, 商品分析, SQL, 数学/统计相关专业",15-22K,北京,,2026-06-04 13:24:26
98d472a47896675903Nz09q-GFBV,数据分析师,千百心动力,0-20人,人工智能,硕士,经验不限,"机器学习建模经验, R, 数据分析/挖掘经验, MATLAB, SQL, Python, 数学/统计相关专业",9-12K,北京,,2026-06-04 13:24:26
0a9c28753ffc81730nB80969FFFW,数据分析师,执中,20-99人,大数据,本科,3-5年,,10-15K·13薪,北京,,2026-06-04 13:24:45
4752a38f8a4d3b300nZ_39u_FVdT,数据分析师,国科仪,20-99人,环保,本科,经验不限,,5-7K,北京,,2026-06-04 13:24:45
998cfe3dd64e745b03Ny0ty8FFJX,资深数据分析师,东壁科技数据,0-20人,大数据,本科,5-10年,"R, Python, SPSS, 数据分析/挖掘经验, 数学/统计相关专业, 图案书情报专业, 同行业经验",25-40K·14薪,北京,,2026-06-04 13:25:07
8143739d851acee41HB-2t-_FFZT,数据分析师,砺戎科技,0-20人,人工智能,本科,3-5年,"SQL, Python, R, 数学/统计相关专业, 计算机相关专业, 数据分析/挖掘经验, 电子专业",7-12K,北京,,2026-06-04 13:25:07
a01f5660fcf4964d1XV70t-4EFZU,数据分析师,亿达信息,1000-9999人,计算机软件,本科,1-3年,"Excel, Power BI, 数据分析/挖掘经验, 计算机相关专业, 电商/零售行业数据相关经验, SQL, Python",7-10K,北京,,2026-06-04 13:29:15
da57e419e67c1d2b0nZ909S8FVNW,数据分析师,爱回收,1000-9999人,生活服务(O2O),本科,1-3年,"电商/零售行业数据相关经验, Python, SQL",15-25K·13薪,北京,,2026-06-04 13:29:55
af6bf9c9c0190e3f031y0ty9FFtV,数据分析师,国金黄金,1000-9999人,其他行业,本科,3-5年,"Power BI, SQL, 奢侈品行业经验",15-20K,北京,,2026-06-04 13:30:17
5513bb0643e877c403J72ti_F1ZT,数据分析师-BI,北京优信优途信息科技,500-999人,互联网,本科,3-5年,"经济/工商管理相关专业, Power BI, 数据分析/挖掘经验, 计算机相关专业, 电商/零售行业数据相关经验, 数学/统计相关专业",9-14K,北京,,2026-06-04 13:30:17
3c1d0e9b0c991e5f1XJ53t28GFRT,数据分析师,洛图科技,0-20人,咨询,本科,经验不限,咨询经验优先,7-12K,北京,,2026-06-04 13:31:00
361b72cdd348f19e1Hd729S6FlJW,数据分析师,数洋智慧,100-499人,人工智能,本科,3-5年,"Hive, 计算机相关专业, SQL",11-20K,北京,,2026-06-04 13:31:00
e3293e8c22bfb1521n162d60ElRQ,数据分析师,增速科技,0-20人,大数据,本科,经验不限,多元统计分析,10-11K,北京,,2026-06-04 13:31:21
79720db0a906aefe0nV52NS0EVFQ,数据分析师,北京某大型互联网O2O平台公司,10000人以上,生活服务(O2O),本科,1-3年,,20-40K·15薪,北京,,2026-06-04 13:31:21
b40c07c753fabc2c1HJ_3dm-EVJZ,数据分析师,冲云破雾科技有限公司,100-499人,游戏,本科,在校/应届,"数据分析/挖掘经验, 计算机相关专业, 数学/统计相关专业",11-18K·14薪,北京,,2026-06-04 13:32:02
9cf9ff34ea6744b20nd90ty-E1pW,数据分析师,SecretLisa,100-499人,互联网,本科,1-3年,,12-24K·15薪,北京,,2026-06-04 13:35:31
3f01320bf2235c5a1XR42tS6FlVW,数据分析师,中岭(北京)科技...,0-20人,电力/热力/燃气/水利,本科,经验不限,"多元统计分析, 相关分析",11-18K,北京,,2026-06-04 13:35:51
97006e5a73c9087e0nZ82di0FVBY,数据分析师,HUNGRY STUDIO,500-999人,游戏,本科,3-5年,,20-40K·15薪,北京,,2026-06-04 13:35:51
bd3cf683cb13d26c0nd-3NS5EVdX,数据分析师,合正信达,500-999人,大数据,本科,3-5年,,12-14K,北京,,2026-06-04 13:36:11
edea293ca6fdeb9e03x43t26EVJU,数据分析师,广推科技,20-99人,广告营销,本科,在校/应届,,15-30K·15薪,北京,,2026-06-04 13:36:11
76f9599339f577510nR93dm9F1FS,数据分析师,沈阳阅准科技有限公司,100-499人,互联网,本科,3-5年,,15-25K,北京,,2026-06-04 13:36:11
eb4542c4cd2e89900nZ_3tS6FltU,数据分析师,金果未来,100-499人,计算机服务,本科,3-5年,,15-30K,北京,,2026-06-04 13:36:54
ae0850a6aa7dfdbf1nF-2Ni0GVRY,数据分析师,福多瑞安,0-20人,电子商务,硕士,1-3年,"留学生优先, Power BI, 数据分析/挖掘经验, Tableau, SPSS, 电商/零售行业数据相关经验, 数学/统计相关专业, SQL",10-11K,北京,,2026-06-04 13:36:54
f88fdd2f6a6534f40nB52d26EFJX,环境科学——数据分析师,砥脊科技,20-99人,人工智能,硕士,经验不限,,45-300元/时,北京,,2026-06-04 13:36:54
f423a364f35f525a0nZ93tu1EFtZ,数据分析师,洋葱学园,1000-9999人,互联网,本科,3-5年,,15-25K·13薪,北京,,2026-06-04 13:37:15
0a061569094beb7f0nVy3tu8FFFZ,数据分析师,天眼查,500-999人,互联网,本科,5-10年,"SQL, 数学/统计相关专业, 计算机相关专业, 数据分析/挖掘经验, 活动、策略分析, 产品分析, 用户增长, 经营分析, 数据治理",20-35K·14薪,北京,,2026-06-04 13:37:15
e999505a15cb254a03R_3tW6E1BT,高级数据分析师,快手,10000人以上,社交网络与媒体,本科,3-5年,"SQL, Python",30-50K·16薪,北京,,2026-06-04 13:37:37
dcf68fd7a0604bfd1HRz3d6_GFtX,数据分析师,今日水印相机,100-499人,互联网,本科,1-3年,"数学/统计相关专业, 计算机相关专业, 数据分析/挖掘经验",25-45K·16薪,北京,,2026-06-04 13:37:58
ba2799cc49312c7d0nd82929E1JU,数据分析师,松果出行,1000-9999人,互联网,本科,5-10年,"机器学习建模经验, 数据分析/挖掘经验, 计算机相关专业, SQL, Python, 数学/统计相关专业",20-35K,北京,,2026-06-04 13:37:58
cfcd395a6ccf144803Z82N68GFdR,数据分析师,长轻营养食疗,1000-9999人,互联网,本科,3-5年,"SQL, Python, Tableau, Power BI, 数学/统计相关专业, 计算机相关专业, 数据分析/挖掘经验, 旅游行业数据相关经验, 电商/零售行业数据相关经验",18-35K,北京,,2026-06-04 13:38:18
657013caeb4d9c6d0nV43dq-EFVR,数据分析师,川秀国际,20-99人,食品/饮料/烟酒,本科,3-5年,,13-20K,北京,,2026-06-04 13:38:38
c11194ffe904f8b50Xd92Ni1FVI~,数据分析师,阿里-高德,1000-9999人,互联网,本科,3-5年,"SQL, 数据分析, Python, 地图导航, 数据挖掘",25-50K,北京,,2026-06-04 13:38:38
582e93345cb1b1050nd_0tu6EVNT,数据分析师,某大型互联网公司,100-499人,互联网,本科,3-5年,"SQL, Python, R, 数学/统计相关专业, 计算机相关专业, 外企, 英文",20-35K·15薪,北京,,2026-06-04 13:38:38
05f83449f0b29b300nZ-3dW_GVdZ,数据分析师,智谱华章,500-999人,互联网,本科,1-3年,,20-40K·16薪,北京,,2026-06-04 13:43:11
f176acfde44a351103N629u6EVpR,数据分析师10148,乐成集团,1000-9999人,医疗服务,本科,3-5年,"SQL, Power BI, 销售数据, 销售指标管理",12-18K,北京,,2026-06-04 13:43:32
9f7238da164702c10nZz3NS7GVJZ,高级数据分析师,成都曦和云创科技,20-99人,互联网,本科,3-5年,,25-35K·14薪,北京,,2026-06-04 13:43:52
9880bbd119989cf803Vy3968F1I~,数据分析师,味库,100-499人,互联网,本科,1-3年,"数据分析, 数据库, 数据处理",10-15K,北京,,2026-06-04 13:44:58
96e2aa61a85870a30nB42928FFpX,数据分析师,广推科技,20-99人,广告营销,本科,1-3年,,15-25K·15薪,北京,,2026-06-04 13:49:48
1b690682b4692c430nB-2ti7EFVV,数据分析师,北京微财科技有限公司,500-999人,互联网,本科,3-5年,,25-35K·14薪,北京,,2026-06-04 13:50:09
de904b9c3867ed0b03x50924FFFT,数据分析师,臻盛网络,100-499人,互联网,本科,1-3年,"数据分析, SQL",15-25K·14薪,北京,,2026-06-04 13:50:09
b6c5230208f15faa0nB82dS0E1tX,数据分析师,软通动力数字科技,1000-9999人,互联网,本科,1-3年,"SQL, Python, Tableau, Hive, 计算机相关专业, 数学/统计相关专业, 数据分析/挖掘经验",10-11K,北京,,2026-06-04 13:50:30
1955b29fb46695ba0HZy3dm0E1Y~,数据分析师,汽车之家,1000-9999人,互联网,本科,,"hive, 数据分析, 商业分析, SQL, Python",180-220元/天,北京,,2026-06-04 13:51:54
123cdb53354589720nV93N-8E1tX,数据分析师(电商),博晓通科技,20-99人,大数据,本科,1-3年,"计算机相关专业, 电商/零售行业数据相关经验, SQL, Python, 数学/统计相关专业",15-20K,北京,,2026-06-04 13:52:16
b5a96a5100dc73450nB80ty8FldS,数据分析师,Bid-Matrix,20-99人,广告营销,本科,1-3年,"数学/统计相关专业, 数据分析",6-8K,北京,,2026-06-04 13:56:23
3f13a1a15ac885601XR53dm7FlNW,风险数据分析师,江融信,500-999人,计算机软件,本科,1-3年,"R, SAS, SPSS, Python, Matlab, SQL",10-15K,北京,,2026-06-04 13:56:45
4438e296a924004b0nd_2t-9FVdQ,BI中级工程师（数据分析师）,中科飓风,20-99人,计算机软件,本科,5-10年,,15-25K,北京,,2026-06-04 13:57:27
1fae11c0a925feea1XB53d--ElZX,数据分析师,中科链安,100-499人,互联网,本科,1-3年,"数据分析/挖掘经验, 数学/统计相关专业",5-7K,北京,,2026-06-04 13:59:12
f761c660a43fea5003153tm0FlFR,数据分析师(A222419),重流智能科技,100-499人,互联网,本科,1-3年,,15-25K·15薪,北京,,2026-06-04 13:59:12
2f7ba4c98d0275850nB429u1EVRW,资深数据分析师,塔斯汀,10000人以上,餐饮,本科,5-10年,,25-40K·13薪,北京,,2026-06-04 13:59:32
65aea0eda5974fd61Hx809-5ElpV,数据分析师,成都英悦芯瑞网络科技,1000-9999人,互联网金融,硕士,3-5年,"R, 数据分析/挖掘经验, 计算机相关专业, Python, SQL, 数学/统计相关专业",25-40K,北京,,2026-06-04 13:59:32
0aa99aba657504000nZ82d60FVRS,数据分析师（会员方向）,某知名上市集团公司,10000人以上,社交网络与媒体,本科,5-10年,"数据分析/挖掘经验, 计算机相关专业, SQL, 数学/统计相关专业",25-50K,北京,,2026-06-04 13:59:32
8f964a61a0f50f930nB-0t60E1tX,广告变现数据分析师,万游网络,20-99人,游戏,本科,经验不限,,11-22K·13薪,北京,,2026-06-04 14:02:40
8461d5907d0d68460nB62tu5F1tU,数据分析师,墨迹天气,100-499人,互联网,本科,在校/应届,"SQL, 计算机相关专业, 大数据技术栈, 统计相关专业",12-18K·14薪,北京,,2026-06-04 14:03:02
a40fbbaf1f1a4d540nB43tq7FVNY,数据分析师,HUNGRY STUDIO,500-999人,游戏,本科,5-10年,"机器学习建模经验, R, Power BI, 数据分析/挖掘经验, 文娱/游戏行业数据相关经验, 计算机相关专业, Python, SQL, 数学/统计相关专业",25-50K·15薪,北京,,2026-06-04 14:03:02
51401816d268483f0nZ52ti_E1NW,数据分析师,中科飓风,20-99人,计算机软件,本科,3-5年,数据分析,12-15K,北京,,2026-06-04 14:03:24
daff06d7e2ce128f0ndz3di4ElpW,数据分析师,半糖去冰科技,100-499人,互联网,本科,在校/应届,"SQL, Tableau, Power BI, 数学/统计相关专业, 计算机相关专业",11-18K·15薪,北京,,2026-06-04 14:03:24
576dda27b8cc1dc00nZ83du1FFdQ,数据分析师,波士科技,100-499人,互联网,本科,3-5年,,13-25K·13薪,北京,,2026-06-04 14:03:45
d5556d5ab26ea29e03N62tW-F1RS,数据分析师,VIPKID,10000人以上,互联网,本科,3-5年,"数据分析, K12",20-30K,北京,,2026-06-04 14:03:45
aca50b03182a277603d_3969E1pT,数据分析师,泡泡玛特POP MART,1000-9999人,新零售,本科,3-5年,"数据分析/挖掘经验, 旅游行业数据相关经验, 计算机相关专业, 电商/零售行业数据相关经验, 数学/统计相关专业",25-35K,北京,,2026-06-04 14:04:07
650c9416e670e7301nx_3Nu1FVVT,数据分析师,清北乐思,20-99人,培训/辅导机构,本科,3-5年,描述统计,20-30K·15薪,北京,,2026-06-04 14:04:49
28c9bf7d667d16d40nB-3dm9FFBU,数据分析师,沈阳阅准科技有限公司,100-499人,互联网,本科,3-5年,"SQL, R, Python, SAS, 数据分析/挖掘经验",14-28K·14薪,北京,,2026-06-04 14:04:49
edf6e710362d8d530nZ72dm7FFVU,数据分析师,金保信,100-499人,互联网,本科,5-10年,"SQL, R, Python, Power BI, SPSS, 数学/统计相关专业, 计算机相关专业, 经济/工商管理相关专业, 数据分析/挖掘经验, 金融行业数据相关经验",15-25K·14薪,北京,,2026-06-04 14:04:49
43f1ceb938f2e1a203J90tm7EFZS,数据分析师,学大教育,10000人以上,培训/辅导机构,本科,3-5年,"经济/工商管理相关专业, 数据分析/挖掘经验, 计算机相关专业, SQL, Python, 数学/统计相关专业",15-20K·13薪,北京,,2026-06-04 14:04:49
4c10d75c0c6c4d3b0nB83d--FFNZ,用户增长数据分析师,北京某大型互联网旅游平台公司,1000-9999人,互联网,本科,5-10年,"SQL, Python, 数学/统计相关专业, 数据分析/挖掘经验, 机器学习建模经验, 电商/零售行业数据相关经验, 旅游行业数据相关经验",27-45K,北京,,2026-06-04 14:05:30
525b50fd7a4d36f30nB82tm4FlZS,数据分析师（游戏）,胜加科技,20-99人,游戏,本科,3-5年,"SQL, MATLAB, Tableau, 数学/统计相关专业, 文娱/游戏行业数据相关经验",15-25K,北京,,2026-06-04 14:05:51
388d9b63e4fd6fc00nV429-8F1tS,数据分析师,卓越工坊,100-499人,游戏,本科,3-5年,"出海, 休闲游戏, 计算机相关专业, 数学/统计相关专业",25-50K·15薪,北京,,2026-06-04 14:05:51
12ef1caf9728d92b0nB-39-6ElNX,数据分析师,纬致科技北京,10000人以上,计算机软件,本科,3-5年,"SQL, Python, 数据分析/挖掘经验, 金融行业数据相关经验, 金融信贷",12-17K,北京,,2026-06-04 14:08:58
a15c2dfa215c466c0nB80ty0GFFV,数据分析师,掌阅科技,500-999人,互联网,本科,1-3年,"SQL, 数学/统计相关专业, 数据基建",15-25K·14薪,北京,,2026-06-04 14:08:58
6701bed84876502f0nZ82dq4F1FZ,远程兼职金融计量数据分析师,浦城科盐教育科技,20-99人,学术/科研,本科,经验不限,"经济/工商管理相关专业, 金融行业数据相关经验, 数据分析/挖掘经验",100-300元/时,北京,,2026-06-04 14:08:58
84ee95833732b9700nV43dy1GVRS,储能行业数据分析师,中储能股份,20-99人,储能,本科,1-3年,,12-20K,北京,,2026-06-04 14:10:42
e480923fd618c2651HNz3Ny8EVFS,数据分析师,华企盾,100-499人,信息安全,大专,1-3年,"数据分析/挖掘经验, 计算机相关专业, Python, 数学/统计相关专业",6-8K,北京,,2026-06-04 14:15:15
5c7d002dc5075705031-3tS-EFtW,数据分析师,北京向量优化科技,0-20人,人工智能,本科,1-3年,"计算机相关专业, SQL, Python",17-20K,北京,,2026-06-04 14:16:18
f9e396cf6db8efc00nd52di6EltU,数据分析师,LiblibAl,100-499人,互联网,本科,3-5年,,20-40K·15薪,北京,,2026-06-04 14:17:21
6ab4d95f602582be03Nz2d61FlRU,数据分析师（游戏行业）,武汉幻萌无限网络科技,100-499人,游戏,本科,1-3年,"SQL, 计算机相关专业, 数学/统计相关专业, 经济/工商管理相关专业, 休闲游戏, 海外休闲, 游戏行业, 游戏公司",25-40K,北京,,2026-06-04 14:23:37
1095f973c8a802ca0nB8096_ElRR,数据分析师 (AI),北京某中型互联网留学房产平台公司,100-499人,互联网,本科,3-5年,"SQL, Python, 数学/统计相关专业, AI, AI ROI, 智能客服",20-35K·13薪,北京,,2026-06-04 14:25:43
ea650b97a6f1c5fa0nd-3dy-F1NQ,数据分析师,元保数科,500-999人,互联网,硕士,1-3年,"SQL, Python, Tableau, Power BI, 数学/统计相关专业, 数据分析/挖掘经验",15-20K·16薪,北京,,2026-06-04 14:38:09
e0d4cb8c5f1322cf0nZ_3926FlpZ,数据分析师,京东集团,10000人以上,电子商务,本科,经验不限,,30-60K·20薪,北京,,2026-06-04 14:43:23
a814dcaf04bf41670nR52N26ElBZ,数据分析师(A115225),白光全析,20-99人,互联网,本科,经验不限,,25-45K·15薪,北京,,2026-06-04 14:44:27
12c13ad0cea705a20nB829i9GFNR,数据分析师,北京某小型人工智能公司,20-99人,人工智能,本科,3-5年,"数据分析/挖掘经验, 文娱/游戏行业数据相关经验, 计算机相关专业, SQL, Python, 数学/统计相关专业",30-50K·14薪,北京,,2026-06-04 14:45:07
291f2ed6fd6f44e00nd63di5EFBQ,数据分析师,华企盾,100-499人,信息安全,本科,经验不限,"计算机相关专业, SQL",6-9K,北京,,2026-06-04 14:49:41
1def205cb1274ea10nV43Nu8GVBZ,数据分析师,星云智研,1000-9999人,互联网,本科,5-10年,,25-50K·13薪,北京,,2026-06-04 14:50:45
681265a0711887c91HZ42di8GVs~,数据分析师,青萌数海科技,0-20人,人工智能,本科,3-5年,"机器学习建模经验, 文档编写, 风控相关经验, R, SQL , 数学/统计相关专业",25-50K·14薪,北京,,2026-06-04 14:52:27
4d5e60834caa74970nd-0920E1tU,数据分析师,深圳某大型互联网社交平台公司,10000人以上,互联网,本科,3-5年,"Power BI, 数据分析/挖掘经验, 计算机相关专业, 电商/零售行业数据相关经验, SQL, 数学/统计相关专业",30-60K·16薪,北京,,2026-06-04 14:57:22
42e6980b768d977c0nV52Nu0EFRZ,数据分析师,北京某大型O2O上市公司,10000人以上,O2O,本科,经验不限,,25-40K·16薪,北京,,2026-06-04 14:59:10
f65a0cc4b702c0800nV52tu6EFdT,数据分析师（游戏）,深圳禅游科技,500-999人,游戏,本科,3-5年,"数据分析/挖掘经验, 文娱/游戏行业数据相关经验, SQL, Python, 数学/统计相关专业",20-35K·14薪,北京,,2026-06-04 14:59:10
a36c3f789737357f0nB_3N20FlJT,数据分析师,乐信圣文,500-999人,游戏,本科,5-10年,C端,25-50K,北京,,2026-06-04 15:04:42
6d2c69c06b5268c10nB-29m1F1RT,Data Analyst 数据分析师,上海某大型互联网出行服务公司,1000-9999人,互联网,本科,经验不限,,40-70K,上海,,2026-06-04 15:12:34
6b3cf7a02800948e0nR_2dW-ElZW,数据分析师/汽车,联蔚数科,1000-9999人,计算机服务,本科,1年以内,,9-14K,上海,,2026-06-04 15:12:34
ad01218f726fd5850nB42d69FFBZ,具身智能数据分析师-上海,某大型知名互联网公司,10000人以上,互联网,本科,3-5年,,40-70K·15薪,上海,,2026-06-04 15:12:34
18ae075fb5a8a63e0nZ429y4FltQ,数据分析师,上海与同与学文化传播,20-99人,咨询,本科,1-3年,,9-14K,上海,,2026-06-04 15:12:34
54505b1ed8240da20nB43t-8E1BV,数据分析师（双休）,中国乘空旅服股份,10000人以上,港口/铁路/公路/机场,硕士,1-3年,"SQL, Python, 机器学习建模经验",17-18K,上海,,2026-06-04 15:12:34
df7f30c78cfd84640nB-3di_FltX,人力资源数据分析师,七十迈,500-999人,智能硬件,本科,在校/应届,,8-12K·14薪,上海,,2026-06-04 15:12:34
a190a36f3df002070nd73d21ElNV,数据分析师,深圳魔术盒,20-99人,游戏,学历不限,1-3年,"经济/工商管理相关专业, 运营, 数据分析/挖掘经验, 文娱/游戏行业数据相关经验, 计算机相关专业, MATLAB, 日常数据拉取, SQL, 数据分析, 运营优化建议, 游戏, Python, 数学/统计相关专业",9-14K,上海,,2026-06-04 15:12:34
fc789713a27f205a0nZ92t2_FVNX,TEMU数据分析师选品助理岗跨境电商亚马逊,光伊,20-99人,电子商务,本科,经验不限,,7-8K,上海,,2026-06-04 15:12:34
79b243a2ba8e03750nB509W0E1tS,数据分析师,某知名企业,1000-9999人,移动互联网,本科,5-10年,,35-60K,上海,,2026-06-04 15:12:34
a4b37f6dc8774d260nR50tm4FFtX,数据分析师-流量变现方向,北京字跳网络技术,1000-9999人,计算机软件,本科,经验不限,,20-40K·15薪,上海,,2026-06-04 15:12:34
f541fc7f68132db30nB-3t24GVFX,数据分析师（电商）,上海缇卡丝传媒科技,100-499人,广告/公关/会展,大专,3-5年,,15-20K,上海,,2026-06-04 15:12:34
28d3e9aca02608ef031y0ty5EFpT,【T&C】数据分析师 （搜索方向）,Shopee,1000-9999人,电子商务,本科,1-3年,,25-35K,上海,,2026-06-04 15:12:34
68d857c61f149b3a0nB-29m9GFFW,美妆行业数据分析师,广州某小型社交网络与媒体公司,20-99人,社交网络与媒体,本科,3-5年,,15-30K,上海,,2026-06-04 15:12:34
a0da79167bc50c080nZ93Nm1FlZQ,数据分析师,沐数科技,20-99人,大数据,本科,,电商/零售行业数据相关经验,150-200元/天,上海,,2026-06-04 15:12:34
57b3032c94040fc20nd_296-ElVY,数据分析师实习生,北京兴长信达,1000-9999人,互联网,本科,,"SQL, Power BI, 数学/统计相关专业, 计算机相关专业, 数据分析/挖掘经验",120-150元/天,上海,,2026-06-04 15:12:34
5f82177f4c05c55a1HZy09q7EFVU,数据分析师 (远程),准雀教育,0-20人,在线教育,本科,,"SAS, SPSS, Python",200-300元/天,上海,,2026-06-04 15:12:56
56d24570453c9c7e0nV409q8FlVU,数据分析师,上海伴知科技有限公司,0-20人,计算机软件,本科,1年以内,"金融行业数据相关经验, 数学/统计相关专业, Python",15-16K,上海,,2026-06-04 15:12:56
49d98ea842c41dd20nB809S5F1pU,数据分析师-项二棋牌,波克城市,1000-9999人,游戏,本科,1-3年,,15-30K·15薪,上海,,2026-06-04 15:12:56
857e0b909336c71e0nR_3ty4GVtQ,数据分析师（商品分析经验）,壹品仓,100-499人,电子商务,本科,3-5年,,13-20K,上海,,2026-06-04 15:12:56
3f96f63c8d40015b0nB_0t-0E1pT,数据分析师,百秋尚美,1000-9999人,电子商务,本科,1-3年,,9-12K·14薪,上海,,2026-06-04 15:12:56
c7b10d8fa5f2678c03By2d27GFNV,数智服务部-数据分析师,某大型保险上市公司,10000人以上,保险,硕士,5-10年,"机器学习建模经验, R, 金融行业数据相关经验, 数据分析/挖掘经验, 数据分析与建模, SQL, Python",30-40K·16薪,上海,,2026-06-04 15:12:56
b399b5333a2653290nB809S1FFdS,数据分析师,携程集团,10000人以上,互联网,硕士,,,250-300元/天,上海,,2026-06-04 15:12:56
d801074c88a9ac3d03J42t-5GFBX,数据分析师,上海鹮宇管理咨询,0-20人,咨询,本科,1-3年,酒店管理专业/酒店咨询经验/酒店运营经验,3-4K,上海,,2026-06-04 15:12:56
0481042c36329a360nR52N69GFJR,数据分析师 - 初级,上海碳基有为科技,0-20人,大数据,本科,在校/应届,,4-8K,上海,,2026-06-04 15:12:56
7e1af89dcd3d3fb50nd729W4EVJZ,数据分析师-ISV,乐其集团,1000-9999人,电子商务,本科,1-3年,,11-22K·13薪,上海,,2026-06-04 15:12:56
38096702035e98ea0nd_2NS7FVFT,数据分析师,小红书,1000-9999人,电子商务,本科,1-3年,,25-40K·16薪,上海,,2026-06-04 15:12:56
78e8355fe49444500ndz2tW1FFBY,售前数据分析师（初级）,上海众谋,0-20人,大数据,本科,经验不限,"SQL, Python, 数学/统计相关专业, 计算机相关专业, 机器学习建模经验, 数据分析/挖掘经验",8-13K,上海,,2026-06-04 15:12:56
f86a9345ab87833f0nd83N-0GVZX,数据分析师,上海软科,100-499人,企业服务,本科,1-3年,,10-15K,上海,,2026-06-04 15:12:56
f2fc80f01206241a1X190921FFZW,数据分析师,新致软件,1000-9999人,计算机软件,本科,5-10年,"Oracle, SQL, Python",14-22K,上海,,2026-06-04 15:12:56
326559f7104c5f2d0nB-0t68ElRW,数据分析师,热风,1000-9999人,生活服务(O2O),本科,经验不限,,15-25K·14薪,上海,,2026-06-04 15:12:56
71385233aa13629b03F-3t66FVdW,数据分析师,阿发进口生鲜,20-99人,批发/零售,本科,3-5年,"经济/工商管理相关专业, 数据分析/挖掘经验, 计算机相关专业, 电商/零售行业数据相关经验, Python, SQL, 数学/统计相关专业",7-12K,上海,,2026-06-04 15:13:17
d2daf2c7578c18320nB83N26FFRX,数据分析师,上海能良,1000-9999人,电子商务,本科,1-3年,"Power BI, Tableau, Python, 数据分析/挖掘经验, 电商/零售行业数据相关经验",12-20K,上海,,2026-06-04 15:13:17
7aa04759cd230b210nB_2dq-FlZZ,AI数据分析师（上海）,南京运享通信息科技,100-499人,互联网,本科,经验不限,,11-22K,上海,,2026-06-04 15:13:17
4b2b2ab0870f2af00nV-2N6_GVdR,数据分析师,尼尔森IQ,1000-9999人,大数据,本科,1-3年,"Python, 数学/统计相关专业, 数据分析/挖掘经验",9-12K·13薪,上海,,2026-06-04 15:13:17
448e8635f500f6de0nd42Nm7E1tQ,AI数据分析师,领先餐饮（味千拉面）,1000-9999人,餐饮,本科,3-5年,,20-25K,上海,,2026-06-04 15:13:17
c77bf7462935c2e10nB63Nm7F1BX,高级数据分析师 (MJ004282),趣丸,1000-9999人,互联网,本科,1-3年,"SQL, Python, Power BI, 数学/统计相关专业, 计算机相关专业, 数据分析/挖掘经验, 文娱/游戏行业数据相关经验, 机器学习建模经验, C端产品, 直播, 社交, 互联网, 游戏",15-30K·15薪,上海,,2026-06-04 15:13:17
47a9bb11d83f7b540nB82tq7EFdT,数据分析师,北京微财科技有限公司,500-999人,互联网,本科,1-3年,,18-30K·14薪,上海,,2026-06-04 15:13:17
57a5503c753150200nd-2Ny4FFZS,中级数据分析师,索那朵拉,20-99人,互联网,本科,5-10年,"数学/统计相关专业, 计算机相关专业, 数据分析/挖掘经验, 金融行业数据相关经验, 风控相关经验",15-25K·14薪,上海,,2026-06-04 15:13:17
1eeb5e4cfe4bfb280nRz2d-8EVpR,上海数据分析师,盛秦,500-999人,装卸搬运和仓储业,本科,1-3年,"R, 数据分析/挖掘经验, 计算机相关专业, 体育赛事, SQL, Python, 数学/统计相关专业",7-12K·13薪,上海,,2026-06-04 15:13:17
9b7c86201e9e638d0nB-09q7GFtT,对日数据分析师,鲸立教育,100-499人,培训/辅导机构,本科,5-10年,"云服务相关, N1, N2, 日语, 日语听说熟练, SQL, Python",18-30K,上海,,2026-06-04 15:13:17
9f2605d8b735d7db0nB42N-9FlRQ,数据分析师,深圳市北科检测,20-99人,检测/认证,本科,3-5年,,15-21K,上海,,2026-06-04 15:13:17
0f14df4612cef6d50nB52tu1FVNZ,数据分析师  学信统本  现场面试,上海锐赢,100-499人,互联网金融,本科,3-5年,,15-18K,上海,,2026-06-04 15:13:17
31ca4f8453f470d71HB_3dW6ElNW,数据分析师,五星智投,1000-9999人,证券/期货,硕士,1-3年,"BI, Tableau, SQL",12-15K,上海,,2026-06-04 15:13:17
7f6a5b9add2b9b290nB63NS5FlZY,数据分析师 J11396,收钱吧,1000-9999人,互联网金融,本科,3-5年,"金融行业数据相关经验, Power BI, SQL, Python",15-25K·14薪,上海,,2026-06-04 15:13:17
031c8a4417b0c59b03x509-8FlNS,高级数据分析师,慧科讯业,1000-9999人,大数据,本科,3-5年,社媒聆听分析研究,15-23K,上海,,2026-06-04 15:13:17
af4da1d39233d3c40nB409-6GFtT,数据分析师（base南京）,南京墨兰茶事餐饮管理,500-999人,餐饮,本科,3-5年,,13-18K,上海,,2026-06-04 15:13:38
d483cffc6b95b72603183tq0ElFV,数据分析师兼职,上海瑞起灵跃生物科技,0-20人,其他行业,硕士,1-3年,"Python, R, Power BI, SPSS, 数学/统计相关专业, 计算机相关专业, 经济/工商管理相关专业, spss",7000-25000元/月,上海,,2026-06-04 15:13:38
95bf88358bddaa740nB82d2_FFVR,数据分析师 外资银行,中电金信,10000人以上,计算机软件,本科,5-10年,"SQL, Tableau, Power BI, Python, 计算机相关专业, 数据分析/挖掘经验, 金融行业数据相关经验",17-21K,上海,,2026-06-04 15:13:38
c8d2ca7211490a980nB63tS0F1BX,用户增长数据分析师,滴滴,1000-9999人,互联网,本科,3-5年,,35-45K·15薪,上海,,2026-06-04 15:13:38
ec7462ba0e9f9fa00nd73NS6E1dW,资深数据分析师    上海重庆,传音控股,10000人以上,通信/网络设备,硕士,10年以上,,50-80K·15薪,上海,,2026-06-04 15:13:38
12a8d33a487c024b03Z63tm6ElpY,数据分析师,上海汇正财经,1000-9999人,证券/期货,本科,3-5年,"计算机相关专业, SQL, Python, 数学/统计相关专业",20-30K,上海,,2026-06-04 15:13:38
c18fe1df458b52bd0nB63tu5FVpR,数据分析师,合合信息,1000-9999人,互联网,本科,1-3年,"数据分析/挖掘经验, 商业数据分析",18-22K·16薪,上海,,2026-06-04 15:13:38
b4fe046fd3540c1b1Hdy3di9E1dW,助理数据分析师（汽车智能化数据收集）,盖世汽车,100-499人,互联网,本科,1年以内,"数据收集, 经济/工商管理相关专业, 数据分析/挖掘经验, 行业研报, 前装市场, 汽车零部件, 数学/统计相关专业",10-15K,上海,,2026-06-04 15:13:38
520fb28134dd09850nd-0ti1ElRQ,数据分析师,林清轩,1000-9999人,日化,本科,3-5年,,15-20K·13薪,上海,,2026-06-04 15:13:38
6b3e4a806b97bca10nV429y_EFdY,数据分析师（金融数据方向）,北京某小型移动互联网公司,20-99人,移动互联网,本科,3-5年,,20-35K·13薪,上海,,2026-06-04 15:13:38
0d4ea9381cbf02420nVy39-7FlZR,数据分析师,卡里司马,100-499人,计算机软件,本科,3-5年,"Power BI, 数学/统计相关专业, 计算机相关专业, 数据分析/挖掘经验",10-15K,上海,,2026-06-04 15:13:38
1977d4075dc182140nd80tW8EltY,数据分析师,上海骑形,500-999人,文化艺术/娱乐,本科,3-5年,,8-10K,上海,,2026-06-04 15:13:38
72dca8d86053a88a0ndz0tq6FFdX,数据分析师,虹迪股份,500-999人,装卸搬运和仓储业,本科,1-3年,物流行业数据相关经验,10-15K,上海,,2026-06-04 15:13:38
6a0df1e060ad316b0nZ82tm6ElNR,助理数据分析师,中免日上互联科技...,100-499人,电子商务,本科,在校/应届,,10-15K·15薪,上海,,2026-06-04 15:13:38
970ecd731beb2ea60nd52d64FFRS,数据分析师助理数据分析师,Citysuper,500-999人,进出口贸易,本科,1-3年,,6-8K,上海,,2026-06-04 15:13:38
502fb5e37d335f0b0ndz3tu4EVVS,数据分析师,中广资本,1000-9999人,互联网金融,本科,3-5年,"金融行业数据相关经验, Power BI, 数据分析/挖掘经验, Tableau, SPSS, SQL, Python, 数学/统计相关专业",12-16K·13薪,上海,,2026-06-04 15:13:58
c0ef1edb0bf33db703R_09-0E1pW,数据分析师,维京悠旅,100-499人,电子商务,本科,1-3年,"Power BI, 数据分析/挖掘经验, 旅游行业数据相关经验, SQL, Python, 数学/统计相关专业",9-14K,上海,,2026-06-04 15:13:58
de1b9cfb4faabd850nZ72dy9GVtT,数据分析师-用增方向,叠纸游戏,1000-9999人,游戏,本科,3-5年,,20-35K·16薪,上海,,2026-06-04 15:13:58
78a0b9a16fdb84560nR62dS7EFpU,贷后数据分析师,优赛恒创,10000人以上,互联网,硕士,3-5年,,20-35K·14薪,上海,,2026-06-04 15:13:58
093db825c2be74611Xd90tu1ElVT,数据分析师,上海新枝防水工程,0-20人,家政服务,本科,5-10年,"效度分析, 多元统计分析, 淘宝代运营",10-11K,上海,,2026-06-04 15:13:58
3767873598ae1d6f1HN73d6-GFFX,数据分析师(A102852),爱回收,1000-9999人,生活服务(O2O),本科,1-3年,电商/零售行业数据相关经验,15-22K,上海,,2026-06-04 15:13:58
e8fe7f5dfe94e6850nd80ty-FFpQ,跨境电商精品数据分析师,蒙诺,20-99人,电子商务,本科,1-3年,"Tableau, Power BI, 数学/统计相关专业, 计算机相关专业, 数据分析/挖掘经验, 电商/零售行业数据相关经验",10-15K,上海,,2026-06-04 15:13:58
11180f24b23acbc203N92dm1EFFY,数据分析师（游戏行业）,武汉幻萌无限网络科技,100-499人,游戏,本科,3-5年,"Python, SQL, R, 数学/统计相关专业, 计算机相关专业, 数据分析/挖掘经验, Hadoop、Hive、Spark, 游戏行业, 海外休闲游戏, 游戏公司",25-40K,上海,,2026-06-04 15:13:58
13b121a1b094cf670nd62dq4F1FS,数据分析师,上海华为技术有限公司,10000人以上,通信/网络设备,硕士,1年以内,,12-24K·14薪,上海,,2026-06-04 15:13:58
0bfc3a16d963a85903d43d25EVJS,数据分析师,脉策科技,100-499人,互联网,硕士,,,120-130元/天,上海,,2026-06-04 15:13:58
6d8710105434febf0nB609S7F1RX,高级数据分析师,倍乐生,500-999人,在线教育,本科,5-10年,"SQL, Power BI, 数学/统计相关专业, 数据分析/挖掘经验, 电商/零售行业数据相关经验",20-30K,上海,,2026-06-04 15:13:58
795289a2fca5806d0nZz09W1GVdQ,数据分析师,即刻,100-499人,互联网,本科,1-3年,"SQL, 数学/统计相关专业, 计算机相关专业, 经济/工商管理相关专业",15-25K,上海,,2026-06-04 15:13:58
3cd17dd053b0558703x_3NS_FVRT,数据分析师,数皆,100-499人,互联网,本科,5-10年,"R, SQL, voc, social listening",15-20K,上海,,2026-06-04 15:13:58
fe3d488adacb26c81HN429i4F1RV,商业化数据分析师(A197295),Soul App,1000-9999人,社交网络,本科,3-5年,SQL,20-40K·16薪,上海,,2026-06-04 15:13:58
3edd85b302235b2903d-3di5F1tZ,数据分析师（要求必备python）,百观科技,100-499人,互联网,本科,1-3年,"电商/零售行业数据相关经验, Python",14-18K,上海,,2026-06-04 15:13:58
7db7a3f46a1f96910nB-3N-7E1ZQ,数据分析师,半天妖实业集团,1000-9999人,餐饮,硕士,1-3年,,12-23K,上海,,2026-06-04 15:14:19
5aea58d139a6e70b1XZ-09m4FVVX,数据分析师,某知名通用设备公司,1000-9999人,通用设备,本科,1-3年,Tableau,15-25K·14薪,上海,,2026-06-04 15:14:19
9fb6b0cdc9b0466c0nB-3tu8GVRY,数据分析师,中畅科技,100-499人,计算机软件,本科,3-5年,数据分析/挖掘经验,14-25K,上海,,2026-06-04 15:14:19
b06a598a86f91a1c1XN_2tm5ElZW,数据分析师,博斯腾科技,100-499人,互联网,本科,,"Python, SQL, 数学/统计相关专业, 计算机相关专业, 机器学习建模经验",200-300元/天,上海,,2026-06-04 15:14:19
d739fb32708b08681Hx_3966FFtX,数据分析师 (MJ000266),北京杉数智能科技,100-499人,大数据,本科,1-3年,"计算机相关专业, Python, 数学/统计相关专业",15-30K·14薪,上海,,2026-06-04 15:14:19
c2bc7763951fc7c00nd-39-_ElVQ,数据分析师,九方智投,1000-9999人,证券/期货,本科,3-5年,"SQL, Python, 数学/统计相关专业, 计算机相关专业, 数据分析/挖掘经验, 机器学习建模经验, 金融行业数据相关经验",15-20K,上海,,2026-06-04 15:14:19
a5b806bf3e4e4a5b0nB_3NS_EFJX,【INS新乐园】数据分析师,上海新电英雄文化传播,100-499人,文化艺术/娱乐,硕士,1-3年,,12-15K,上海,,2026-06-04 15:14:19
aea93063d45ed4c10nZ53NW6ElVV,策略评估科学家/资深数据分析师,度小满,1000-9999人,互联网,本科,1-3年,"ABtest, 字节, 金融行业数据相关经验, AB实验, 因果推断, SQL, 数学/统计相关专业",20-40K·15薪,上海,,2026-06-04 15:14:19
fddf877b1830d87e0nB509y9E1FY,资深数据分析师,艾特士,100-499人,计算机服务,本科,3-5年,,20-25K,上海,,2026-06-04 15:14:19
0f2a3129366b36cd03R82tu4E1tX,高级数据分析师,MarcPoint,20-99人,大数据,本科,5-10年,"SQL, 数学/统计相关专业, 计算机相关专业, 数据分析/挖掘经验, 数据分析, 流程, 管理, 业务",18-25K,上海,,2026-06-04 15:14:19
1a117a0791aabaf703J82N2_GFBW,数据分析师-外派到小红书,智观信息,500-999人,计算机软件,本科,3-5年,"Power BI, 服务体验, 内容产品分析, Tableau, 互联网大厂, SQL, 实验评估经验, 电商",15-20K,上海,,2026-06-04 15:14:19
4bca40b4d15e8a2b0nB-09S-GVdQ,高级数据分析师,货拉拉科技,10000人以上,互联网,本科,5-10年,,25-35K,上海,,2026-06-04 15:14:19
69351f7325db31c40nd_2Nm7GVdY,数据分析师,上海智共荟,100-499人,仪器仪表,本科,3-5年,"数学/统计相关专业, 机器学习建模经验, 工业物联网, 大数据分析",15-25K,上海,,2026-06-04 15:14:19
b97e690628758ac303J50t69FFdW,高级数据分析师,寰擎信息,100-499人,计算机服务,本科,3-5年,"金融行业数据相关经验, SQL, Python",13-20K·13薪,上海,,2026-06-04 15:14:19
dc1c2a73d4d5ae210nB839S4FVdQ,ai数据分析师,众安保险,1000-9999人,互联网,硕士,5-10年,,40-50K,上海,,2026-06-04 15:14:19
25422e32e0c6f3ed1H152dy6E1BW,用户数据分析师,潜链科技,20-99人,大数据,本科,,"用户画像, 数据分析, ai",150-300元/天,上海,,2026-06-04 15:14:40
44715032de61cdc61H1-2tu-FVRT,数据分析师（500强驻场）,上海阙天商务信息,20-99人,大数据,本科,1-3年,"Power BI, 数据分析/挖掘经验, 医药行业，渠道数据分析, Python",9-10K,上海,,2026-06-04 15:14:40
c10543940d8ae4a10nB63du_ElRT,数据分析师,上海玖月粮仓,500-999人,日化,本科,3-5年,"Power BI, 数据分析/挖掘经验, SQL, Python, 数学/统计相关专业",13-15K,上海,,2026-06-04 15:14:40
e06798a5075304460nB729y5FlBY,资深数据分析师（Ad),Meshy AI,100-499人,计算机软件,本科,3-5年,"SQL, 数学/统计相关专业, 数据分析/挖掘经验, 广告投放, 海外投放",25-50K·14薪,上海,,2026-06-04 15:14:40
adfa468688345faf0nB43dy1F1tT,数据分析师+结算,晶科电力,1000-9999人,其他新能源,本科,1-3年,"Python, SQL, 电力市场, 电力交易",9-14K·14薪,上海,,2026-06-04 15:14:40
93aaab838b1dfc7503R-2dW1EVZW,数据分析师(J10397),上海意欣,100-499人,电子商务,本科,5-10年,"数仓建设, 帆软BI, BI报表构建",20-26K·14薪,上海,,2026-06-04 15:14:40
0b3faa0633b805311XVy3tq6EFRT,数据分析师,衣以上科技,20-99人,电子商务,本科,3-5年,SQL,35-50K·14薪,上海,,2026-06-04 15:14:40
f8547e798d5976ad0nB-3d20EVFW,资深增长数据分析师,米哈游,1000-9999人,游戏,本科,3-5年,,20-40K,上海,,2026-06-04 15:14:40
f49382f3ed478f2b0nd63t61EFtT,数据分析师(J23860),药明康德,10000人以上,生物/制药,硕士,1-3年,Tableau,10-15K·14薪,上海,,2026-06-04 15:14:40
e65914fe01c9da820nB_2Nu_E1BR,数据分析师,金智海拓,0-20人,互联网,本科,1-3年,"SQL, Python, 数学/统计相关专业, 计算机相关专业, 数据分析/挖掘经验, 金融行业数据相关经验",15-25K·13薪,上海,,2026-06-04 15:14:40
6f761fa9bf3cf2d30nB82tm6EFNU,APP数据分析师,九方智投控股,1000-9999人,投资/融资,本科,5-10年,"SQL, 数据分析/挖掘经验, 数据分析",20-35K·14薪,上海,,2026-06-04 15:14:40
090f4d758ca664990nB-2tu7FlVY,数据分析师,早造电商,100-499人,电子商务,本科,3-5年,"SQL, Power BI, Tableau, 电商/零售行业数据相关经验, 数据分析/挖掘经验, 数学/统计相关专业, 用户运营, 私域用户分析",10-15K,上海,,2026-06-04 15:14:40
522375de8ed5cdca0ndy39m7EVpT,数据分析师,凯捷,10000人以上,计算机软件,本科,5-10年,"Power BI, 营销活动, 零售快消, SQL",22-25K·13薪,上海,,2026-06-04 15:14:40
1547faf8df8c124a0nB629m7EVNX,即时零售数据分析师,合印网络,100-499人,生活服务(O2O),本科,1-3年,,9-12K,上海,,2026-06-04 15:14:40
f0d8931ccd6c57a503Z-29q9EVRY,数据分析师,世光,20-99人,服装/纺织,本科,3-5年,,10-13K·13薪,上海,,2026-06-04 15:14:40
2db574988861b9460nB529W8ElRQ,数据分析师（美妆行业）,明略,1000-9999人,咨询,本科,1-3年,,8-12K,上海,,2026-06-04 15:15:01
3d89494194ac17120nd43N68ElRR,数据分析师（会英语）,时代天使,1000-9999人,医疗健康,本科,1-3年,"数据仓库, chatbi",15-20K·15薪,上海,,2026-06-04 15:15:01
10d204a85f006b960nB-09u4GFpT,数据分析师-供应链方向,康龙化成,10000人以上,医疗健康,本科,3-5年,,13-15K·13薪,上海,,2026-06-04 15:15:01
2bad3475bc934cad0ndz3Nq6EFdU,数据分析师(跨境电商),上海镁珅末文化科技,100-499人,互联网,本科,1年以内,,15-18K·14薪,上海,,2026-06-04 15:15:01
1684db3cb33855ca0ndz2tq4F1dR,数据分析师,国民健康科技,100-499人,医疗服务,本科,3-5年,,25-50K,上海,,2026-06-04 15:15:01
a257771d234827131nV529m9FFBQ,高级数据分析师,网鱼,1000-9999人,互联网,本科,3-5年,"数据分析, ETL, Python, Excel, R, 数据治理, 数据挖掘, 商业分析",15-25K,上海,,2026-06-04 15:15:01
bb28c18883dd28770nZy092-GFJS,数据分析师,布鲁可科技集团,1000-9999人,新零售,本科,3-5年,,15-25K,上海,,2026-06-04 15:15:01
15ba38bef1d68e0703x60ti-F1VX,数据分析师/专家,上海某大型电子商务公司,1000-9999人,电子商务,本科,5-10年,,25-45K·13薪,上海,,2026-06-04 15:15:01
3a7e72ff0dbc2a170nRz3t28FlNY,数据分析师,数喆数据,500-999人,企业服务,本科,1-3年,,11-22K·13薪,上海,,2026-06-04 15:15:01
b5f349483b1712190nV62N66GVZW,经营数据分析师,上海法谡,20-99人,互联网,本科,5-10年,"金融行业数据相关经验, 经营数据分析, 经营数据, 数据分析/挖掘经验, SQL, 数学/统计相关专业",15-30K·13薪,上海,,2026-06-04 15:15:01
3fbc966548d025410nB43N67F1ZR,数据分析师,满巍明,100-499人,餐饮,本科,1-3年,"R, Power BI, Tableau, SQL, Python",10-15K,上海,,2026-06-04 15:15:01
b7780d5dc3f9ee2503Fz3tS7EFVW,FA投行AI数据分析师,上海思加投科技,0-20人,投资/融资,本科,,"经济/工商管理相关专业, 金融行业数据相关经验, 数据分析/挖掘经验, 计算机相关专业, Python",200-250元/天,上海,,2026-06-04 15:15:01
d41c0fd525f906090nd73di-FldT,数据分析师（品牌客户）,开域集团,1000-9999人,互联网,本科,3-5年,,9-12K·16薪,上海,,2026-06-04 15:15:01
4cf59b31b66bb2dc1XN52t6-FFFS,数据分析师,上海集菁企业服务中心,0-20人,电子商务,硕士,5-10年,"数据分析/挖掘经验, 机器学习建模经验, 电商/零售行业数据相关经验",12-20K·13薪,上海,,2026-06-04 15:15:01
7e935cde6123cc620nZ93Ny5FltS,数据分析师,厦门青鹏信息技术,0-20人,计算机软件,硕士,3-5年,,20-35K·15薪,上海,,2026-06-04 15:15:01
867645973167193d0nd439y1GVBS,海外休闲游戏数据分析师,柚子互娱,20-99人,游戏,本科,3-5年,"海外休闲游戏, 数据分析, 增长投放, 商业化分析",20-40K,上海,,2026-06-04 15:15:23
5503b1afb415fbdb1H173N-6EFtW,数据分析师,摩帆科技,0-20人,物联网,本科,1-3年,"数据分析/挖掘经验, 计算机相关专业, 数学/统计相关专业",8-13K,上海,,2026-06-04 15:15:23
2dbb2dff667bf04c03d52dy7EVJV,生物数据分析师,腾程科技,100-499人,计算机软件,硕士,5-10年,数学/统计相关专业,20-30K,上海,,2026-06-04 15:15:23
2f0aa79994ea3f320nB709W0ElNW,休闲游戏数据分析师-sh,飞鱼科技,500-999人,游戏,本科,3-5年,"数据分析/挖掘经验, 计算机相关专业, SQL, Python, 数学/统计相关专业",18-25K·13薪,上海,,2026-06-04 15:15:23
9f507748b5a579f80nZ83Nu6F1VV,Tiktok跨境策略数据分析师,多啦阿梦,500-999人,文化艺术/娱乐,本科,1-3年,,8-13K,上海,,2026-06-04 15:15:23
7d00f3fb315e29d903x729i6EFpR,数据分析师,华为云计算,10000人以上,计算机服务,本科,在校/应届,,25-40K·15薪,上海,,2026-06-04 15:15:23
418b712cca17ee870nZz3N64GVpX,数据分析师,瑟壳数字,20-99人,人工智能,本科,3-5年,"Python, 数学/统计相关专业",15-30K·13薪,上海,,2026-06-04 15:15:23
ddf4f4d177dba76b0nZy0961F1RR,数据分析师(互联网产品),卓盟科技,100-499人,互联网,本科,经验不限,"机器学习建模经验, 数据分析/挖掘经验, 计算机相关专业, SQL, Python, 数学/统计相关专业",18-25K·15薪,上海,,2026-06-04 15:15:23
3827ab11f4aa64f503Zz3tq7E1ZS,数据分析师,德邦快递,10000人以上,快递,本科,3-5年,,12-15K,上海,,2026-06-04 15:15:23
b07038f8c3504a2d0nd409i7FVdW,高级/资深数据分析师,某大型互联网财务金融科技公司,1000-9999人,互联网,本科,3-5年,,30-50K·15薪,上海,,2026-06-04 15:15:23
f7b1fb2364f381680nZ42d6_GVVU,数据分析师,欧数科技,20-99人,互联网金融,硕士,1-3年,"金融行业数据相关经验, 数据分析, 信贷数据分析相关经验, 数据分析/挖掘经验, 计算机相关专业, BI数据分析相关经验, 数学/统计相关专业, Python, SQL",15-25K·16薪,上海,,2026-06-04 15:15:23
32f92965b19d05301HZ52dS-FlVR,数据分析师,擎朗智能,1000-9999人,智能硬件,本科,3-5年,"SQL, 数学/统计相关专业, 数据分析/挖掘经验, 电商/零售行业数据相关经验",25-30K,上海,,2026-06-04 15:15:23
8ad21c7f33d78ade1X1739i9FFBV,数据分析师,牛股王,500-999人,互联网,本科,3-5年,"SQL, 数据分析/挖掘经验, 金融行业数据相关经验",13-18K,上海,,2026-06-04 15:15:23
b0d8e43e5e76fd8c03Vz3tm9FlRZ,投放数据分析师,丞策信息科技,1000-9999人,互联网,本科,3-5年,"SQL, Python",20-40K·14薪,上海,,2026-06-04 15:15:23
0be21f7abc6963640nd82NW0ElFR,数据分析师,华益咨询,20-99人,咨询,本科,3-5年,"数学/统计相关专业, 数据分析/挖掘经验, 金融行业数据相关经验, 风控相关经验, 机器学习建模经验, 数据建模, 统计建模",12-17K,上海,,2026-06-04 15:15:23
f81eb294600e22140nB_29m4FVJS,数据分析师,李森,100-499人,电子商务,本科,3-5年,"电商/零售行业数据相关经验, SQL, Python",16-25K·14薪,上海,,2026-06-04 15:15:44
0a4b3d0b208e17f20nd83t-0FFFR,数据分析师,上海某大型科技驱动型个人金融服务上市公司,1000-9999人,互联网,本科,经验不限,,20-30K·16薪,上海,,2026-06-04 15:15:44
31f3d7fb11fb6a1b0nR-296_FFQ~,数据分析师,上海趣海淘网络科技,100-499人,电子商务,本科,3-5年,"数据分析/挖掘经验, 文娱/游戏行业数据相关经验, Tableau, 商业分析, SQL, Python",30-40K·15薪,上海,,2026-06-04 15:15:44
9dd25b10e662b64803x73tW4EVdY,资深数据分析师,北京字节跳动,1000-9999人,互联网,本科,5-10年,,30-50K·15薪,上海,,2026-06-04 15:15:44
60ff7160444e31f303Z-09q8FVVV,高级/资深数据分析师,途游游戏,1000-9999人,游戏,本科,3-5年,,30-45K·13薪,上海,,2026-06-04 15:15:44
537de4bb2644158d0nd90tm1GVJY,数据分析师（XC0027）,上海镁迦网络科技,100-499人,游戏,本科,3-5年,"SQL, Tableau, Python, Power BI, 数据分析/挖掘经验, 数学/统计相关专业, 风控相关经验, ClickHouse",25-40K,上海,,2026-06-04 15:15:44
de1ff2f9582eba680nB739q1F1ZW,数据分析师,上海拜迪网络科技,0-20人,互联网,本科,3-5年,数据分析/挖掘经验,12-15K,上海,,2026-06-04 15:15:44
13a20afe3fce20820ndz3di9E1JX,crm数据分析师,非麟企业,20-99人,咨询,本科,1-3年,"SQL, Python",11-12K·13薪,上海,,2026-06-04 15:15:44
efdbf5b7f1919c840nVz3dy8GFJZ,数据分析师,卫宁健康,1000-9999人,医疗健康,本科,3-5年,"Python, SQL, 数学/统计相关专业, 计算机相关专业, 数据分析/挖掘经验, CDR搭建, 数据处理工具",20-35K·14薪,上海,,2026-06-04 15:15:44
f04b7d2f087e5c631XRz3Nm1FlpY,数据分析师,中民未来,500-999人,投资/融资,本科,3-5年,"Python, SQL, SPSS, Tableau, R, Kettle, Datastage",25-35K·13薪,上海,,2026-06-04 15:15:44
46c14078408b91a90nB_09q0EVBW,数据分析师,上海圆隆汇方商贸,0-20人,服装/纺织,本科,5-10年,"SQL, Python, Tableau, 经销商分析",15-22K,上海,,2026-06-04 15:15:44
62eb2f9ba5383a331H163t66EFNW,PHM数据分析师,东华测试,500-999人,仪器仪表,硕士,1-3年,"Python, MATLAB, 数学/统计相关专业, 数据分析/挖掘经验",18-26K·13薪,上海,,2026-06-04 15:15:44
c660a3f3a0a932ea0nR-0tS1ElpV,数据分析师 (MJ000503),域起网络,100-499人,互联网,本科,1-3年,"文娱/游戏行业数据相关经验, 计算机相关专业, 数学/统计相关专业",12-13K,上海,,2026-06-04 15:15:44
30ba36046fe38bca0nR42t24ElNT,数据分析师-J798203,空地互联网络科技,20-99人,运营商/增值服务,本科,3-5年,"航空, 数据分析, 统计学, 互联网, SQL",11-16K,上海,,2026-06-04 15:15:44
40168462a02542391HJ_39u5FVRU,贷后数据分析师,某大型互联网金融公司,100-499人,互联网金融,本科,5-10年,"SQL, Python",40-60K·16薪,上海,,2026-06-04 15:15:44
231fd9a41aec5def0nZ82dq6FlpQ,远程兼职金融计量数据分析师,浦城科盐教育科技,20-99人,学术/科研,本科,经验不限,"经济/工商管理相关专业, 金融行业数据相关经验, 数据分析/挖掘经验",100-300元/时,上海,,2026-06-04 15:17:07
32ab0b683109dc2503x-29-_EFNR,数据分析师,启高科技,100-499人,计算机服务,本科,5-10年,"制造, 电商/零售行业数据相关经验",14-20K,上海,,2026-06-04 15:17:07
1fe777e2043363e20nR93Nu5GFJR,数据分析师（base嘉定）,得物App,1000-9999人,电子商务,本科,3-5年,,35-55K·16薪,上海,,2026-06-04 15:17:07
e8595cd1cc1795d00nB-39y0GFNZ,数据分析师 双休,北京七凌科技有限公司,1000-9999人,移动互联网,本科,1-3年,文娱/游戏行业数据相关经验,12-18K,上海,,2026-06-04 15:17:29
77957a55182dd1bb0nZ_3dy_FVtW,数据分析师,集识光年,20-99人,人工智能,本科,经验不限,,30-100元/时,上海,,2026-06-04 15:17:29
3c8454e8534cdcd603183d64FFBU,数据分析师（校招）,NEOCRAFT扭壳,100-499人,游戏,本科,在校/应届,,10-12K·13薪,上海,,2026-06-04 15:17:29
53287ad7ce20a65e0ndz3dS_GFRU,数据分析师,上海厚茶餐饮管理,100-499人,餐饮,本科,3-5年,"数据分析师, SAS, 数据分析/挖掘经验, 运营数据分析, 数据专家, 计算机相关专业, 数据分析主管, 餐饮数据分析, 电商/零售行业数据相关经验, SQL, Python, 数学/统计相关专业",12-15K,上海,,2026-06-04 15:17:29
9b7e13388757f1500nZ52ty6EVJU,数据分析师,北京友谊文物商店,20-99人,租赁/拍卖/典当/担保,本科,3-5年,,11-18K,上海,,2026-06-04 15:17:51
0c9f550c458fd0161HJ83NS4EltW,数据分析师,新致软件,1000-9999人,计算机软件,本科,5-10年,"SQL, Oracle、MySQL",12-22K,上海,,2026-06-04 15:17:51
c9317c58f5e634f60nd729i7E1FW,数据分析师,孜勤咨询,20-99人,咨询,本科,3-5年,,10-15K,上海,,2026-06-04 15:17:51
28b6514eea5e710f0nB439-5GFRX,数据分析师,钛马,100-499人,互联网,本科,5-10年,"Python, SQL, Power BI, Tableau, 数据分析/挖掘经验",13-18K,上海,,2026-06-04 15:17:51
2b5ab3423f5679220nB63N21EFRR,资深数据分析师,Finture科技,100-499人,互联网,本科,5-10年,,25-40K·14薪,上海,,2026-06-04 15:17:51
3f20050c6ae720d403x-2d2_GFdX,数据分析师（金融）,卡方科技,100-499人,证券/期货,本科,1-3年,"金融行业数据相关经验, 数据分析/挖掘经验, 数学/统计相关专业, Python, SQL",15-20K·15薪,上海,,2026-06-04 15:17:51
72a3b8128dfb527c1HZ40tm9EFVX,PowerBI数据分析师,敏捷艾科,20-99人,大数据,本科,1-3年,Power BI,9-14K·13薪,上海,,2026-06-04 15:17:51
7310402ee64febd603d82t27GVdX,数据分析师,万辰集团,1000-9999人,批发/零售,本科,3-5年,"数据分析/挖掘经验, 计算机相关专业, 电商/零售行业数据相关经验, SQL, Python, 数学/统计相关专业",15-30K·13薪,上海,,2026-06-04 15:18:12
ea25547789e5a1b40nB729m7FlBU,振动噪音数据分析师,上海深仪科技有限公司,20-99人,电子/硬件开发,本科,3-5年,"预测性分析, 机器学习建模经验, R, 噪音, PHM, 故障诊断, 振动, 数据分析/挖掘经验, Power+BI, 计算机相关专业, Python, 数学/统计相关专业",15-25K,上海,,2026-06-04 15:18:12
bded8a2201b1dcc703J73Ni6F1JU,数据分析师【金融方向】,滴滴,1000-9999人,互联网,本科,3-5年,"SQL, Python, 金融行业数据相关经验, 风控相关经验",25-50K·15薪,上海,,2026-06-04 15:18:12
d4e2ab0c8d87778e0nd70929E1FY,数据分析师/游戏,苏州自由易动网络科技,500-999人,互联网,本科,1-3年,"SQL, Python",12-16K,上海,,2026-06-04 15:18:12
e4b03a413d863cac03Nz2d69GFVX,数据分析师isv,古星电子商务,500-999人,电子商务,本科,3-5年,"数据银行, 消费者运营, 人群洞察, 电商/零售行业数据相关经验, 数学/统计相关专业",12-16K,上海,,2026-06-04 15:18:12
e83b6e42771cac210nd72t69EFVT,资深数据分析师,成都曦和云创科技,20-99人,互联网,本科,3-5年,,20-40K,上海,,2026-06-04 15:18:33
34be4f619709ebe60nR63tS0GVVV,数据分析师,领克汽车科技有限公司,20-99人,进出口贸易,本科,5-10年,,15-18K·13薪,上海,,2026-06-04 15:18:33
4a07b7933c9109e003F_3ty9FVZQ,DA数据分析师,雅通数据科技,100-499人,大数据,本科,3-5年,"SQL, Python",15-23K,上海,,2026-06-04 15:18:33
36a5dc9faf9aaf591XB639y5GVdX,数据分析师,复地活力城,100-499人,批发/零售,本科,经验不限,电商/零售行业数据相关经验,7-10K,上海,,2026-06-04 15:18:33
7e263e334d5c46090nd43Ni5ElpQ,数据分析师（零售）,米塔集,100-499人,文化艺术/娱乐,本科,3-5年,,18-30K·13薪,上海,,2026-06-04 15:18:33
9bedcc75773bef770nd409W9ElNQ,数据分析师（游戏平台）,上海鹰角网络,1000-9999人,游戏,本科,3-5年,,25-45K·16薪,上海,,2026-06-04 15:18:33
af0a33d1423cc0af03Bz09i8FFBX,数据分析师（远程）,成都创元聚星科技,100-499人,互联网,本科,5-10年,"金融行业数据相关经验, 数据分析/挖掘经验, 数学/统计相关专业",25-50K·16薪,上海,,2026-06-04 15:18:33
6bb9181b6781bc590nB82dW6GFFS,数据分析师,上海律通人合科技,20-99人,互联网,本科,5-10年,"数据分析/挖掘经验, Python, SQL, 数学/统计相关专业",15-30K·13薪,上海,,2026-06-04 15:18:54
10ce86d8c60812921XF82dm9GFBS,数据分析师,拓端tecdat,0-20人,互联网,本科,,"经济/工商管理相关专业, 提供转正机会, R, 计算机相关专业, MATLAB, Python, 数学/统计相关专业",120-170元/天,上海,,2026-06-04 15:18:54
8e515a0eaaa12c960nB83tu6EFFU,2026届校招:成本数据分析师,Dell,1000-9999人,智能硬件,硕士,在校/应届,"Power BI, 数据分析/挖掘经验, Tableau, 计算机相关专业, SQL, Python, 数学/统计相关专业",15-20K,上海,,2026-06-04 15:18:54
5b99eb7c377317160nB82tm_E1RQ,数据分析师（证券方向）,湘财证券,1000-9999人,证券/期货,本科,3-5年,"数学/统计相关专业, 计算机相关专业, 经济/工商管理相关专业, 数据分析/挖掘经验, 金融行业数据相关经验",15-20K,上海,,2026-06-04 15:18:54
fd4b4b4c320a14d703193NS1GVRZ,数据分析师,迈富时,1000-9999人,人工智能,本科,3-5年,"Hive, Power BI, Tableau, SQL, Python",15-30K,上海,,2026-06-04 15:19:16
a2fd8afad954498b1XZ909q8E1RT,数据分析师,中通快递,10000人以上,快递,本科,3-5年,"SQL, Tableau, 数据分析, 物流, 快递, BI",15-30K·13薪,上海,,2026-06-04 15:19:16
14f5f9eb8d36e0250nV72Ni6F1BT,高级/资深数据分析师,上海嘉略网络科技...,20-99人,互联网,本科,3-5年,,12-16K,上海,,2026-06-04 15:19:16
73ee83cb8666e14403Rz3925E1RR,数据分析师,青葱道,0-20人,在线教育,本科,在校/应届,"机器学习建模经验, R, SAS, 数据分析/挖掘经验, AI, SPSS, 计算机相关专业, 心理学相关专业, MATLAB, 教育学相关专业, Python, 数学/统计相关专业",10-15K,上海,,2026-06-04 15:19:38
e36c53f0956095e80nd729S1FVpZ,数据分析师（贷后）,广州永亿网络科技,500-999人,互联网,本科,3-5年,"SQL, Python, R, 数据分析/挖掘经验, 金融行业数据相关经验",30-45K·16薪,上海,,2026-06-04 15:19:38
0ef6924f48aac1031HZ739--ElpT,数据分析师,马上赢市场调查,20-99人,企业服务,本科,3-5年,"SQL, 数学/统计相关专业, 数据分析/挖掘经验, 电商/零售行业数据相关经验, 市场研究, 零售监测, 尼尔森",25-40K,上海,,2026-06-04 15:19:38
9db3e408fca31b1103F829W4E1BU,数据分析师,假面科技,100-499人,互联网,本科,3-5年,"SQL, 社交产品",20-35K,上海,,2026-06-04 15:19:38
8cbe43c4a05ecd1703B7296_GFdU,求职辅导老师（数据分析/数分科学方向）,上海佼仕出国留学服务,0-20人,培训/辅导机构,硕士,1年以内,"SQL, Python, 数学/统计相关专业, 计算机相关专业, 数据分析/挖掘经验, 机器学习建模经验, 电商/零售行业数据相关经验",250-400元/时,上海,,2026-06-04 15:19:38
69f098712ecb83820nB40tq1FFVW,数据分析师（跨境）,世纪开元,1000-9999人,互联网,本科,3-5年,,15-25K·13薪,上海,,2026-06-04 15:19:38
28d2b488eb9818a60nR939m4FFdR,web3资深数据分析师,泓盛网络科技,500-999人,互联网金融,本科,5-10年,"SQL, Python, 数学/统计相关专业, 计算机相关专业, 数据分析/挖掘经验",25-45K,上海,,2026-06-04 15:19:38
76fd0ce2e87597cb0nR-296-FlFW,高级数据分析师,文远知行,1000-9999人,人工智能,硕士,3-5年,,20-40K·15薪,上海,,2026-06-04 15:19:38
830d6189f8f29d130nB82960FFFZ,数据分析师（海外广告投放）,上海渠恩企业管理咨询,0-20人,企业服务,本科,1-3年,,20-40K,上海,,2026-06-04 15:19:38
dcf08acb6f1763790n183dm-FlE~,数据分析师,京东集团,10000人以上,电子商务,本科,1-3年,"数据分析, SQL, SPSS",15-25K,上海,,2026-06-04 15:19:59
f44dc25033d5ca6d03J73d-6EFZX,数据分析师（北京）,Zenjoy,100-499人,互联网,本科,3-5年,"R, 游戏, Tableau, Python, SQL",20-40K,上海,,2026-06-04 15:19:59
22e7e952122e082f0nd40t28EFJS,数据分析师,远图未来,1000-9999人,智能硬件/消费电子,本科,3-5年,"Power BI, Tableau, dataleap, FineBI, datawind, dataworks",13-26K·19薪,上海,,2026-06-04 15:19:59
02ae9b4491b9ce2603V709W1GVZS,数据分析师,特芮软,20-99人,新零售,本科,3-5年,"Power BI, 数学/统计相关专业, 数据分析/挖掘经验",15-25K,上海,,2026-06-04 15:19:59
71162622cd25ce7a0nB82dy6E1RT,数据分析师（云图）,力聚广告,100-499人,广告/公关/会展,本科,5-10年,,18-25K,上海,,2026-06-04 15:19:59
8db59eb0713d38030nZy0966F1VT,数据分析师【社交游戏】,炫稷网络,20-99人,游戏,本科,3-5年,"数据分析/挖掘经验, 计算机相关专业, SQL, Python, 数学/统计相关专业",20-40K,上海,,2026-06-04 15:19:59
2d5b2b05ffe878a00nZz0tm9E1VR,数据分析师（电商）,联恩,1000-9999人,电子商务,本科,1-3年,"电商/零售行业数据相关经验, 数据银行, 数据, ISV, 天猫",12-16K·14薪,上海,,2026-06-04 15:19:59
b515d6be6cc6f1aa0nd409u9EVZV,数据分析师,京东世纪贸易有限公司,10000人以上,互联网,本科,5-10年,"SQL, Python, 数据分析/挖掘经验, 电商/零售行业数据相关经验, 履约分析",30-60K·20薪,上海,,2026-06-04 15:19:59
989561f2942e97c51XN63d68E1FV,数据分析师,好运虎,100-499人,物流/仓储,本科,1-3年,"SQL, Python, 数学/统计相关专业, 计算机相关专业, 经济/工商管理相关专业",10-15K,上海,,2026-06-04 15:20:20
2d23f8146b5d1ef603N52tq-F1dT,数据分析师,上海润达,1000-9999人,医疗健康,本科,3-5年,"机器学习建模经验, 数据分析/挖掘经验, 计算机相关专业, SQL, Python, 数学/统计相关专业",12-18K·13薪,上海,,2026-06-04 15:20:20
a1d2bcb7dc22d5641HR53tu6GVFS,数据分析师,Datatist,100-499人,大数据,本科,经验不限,"金融行业数据相关经验, 数据分析/挖掘经验, SQL, Python",12-15K,上海,,2026-06-04 15:20:20
c15f8077ea8f37020nB429i1FlJX,数据分析师,企顺软件,100-499人,互联网,本科,1-3年,"SQL, Python, 机器学习建模经验, 数据分析, 英语",9-10K,上海,,2026-06-04 15:20:20
7e7d3b1b66109eb20nB82tu_E1pX,数据分析师,亚朵集团,10000人以上,酒店/民宿,本科,经验不限,,25-30K,上海,,2026-06-04 15:23:27
198c5d20262ae56d0nB609-8FlVX,ai数据分析师,睦熙科技,0-20人,互联网,本科,经验不限,,4-7K,上海,,2026-06-04 15:23:27
d053ef52383b83610ndy2N67GFFX,数据分析师（供应链方向） (MJ002275),源氏木语,1000-9999人,批发/零售,本科,3-5年,,13-16K,上海,,2026-06-04 15:23:27
7b2988c7779d68400nV-2t67F1NZ,数据分析师（信贷/贷超）,上海利阅信息技术,20-99人,互联网金融,本科,3-5年,"金融行业数据相关经验, 互联网金融, 数据分析/挖掘经验, SQL, Python, 数学/统计相关专业",15-25K,上海,,2026-06-04 15:23:48
e9bfedce7fdbca7b03V82d2_EFBV,数据分析师,上海算乙文化传播,0-20人,文化艺术/娱乐,本科,3-5年,,10-14K·14薪,上海,,2026-06-04 15:23:48
fe921a7cf30c3b110nB82tW8GVJT,数据分析师,佑欣餐饮,100-499人,餐饮,本科,1-3年,,8-10K,上海,,2026-06-04 15:23:48
9fc440d9192ad9850nB-09q5FlNR,数据分析师(A137570),欢动科技,100-499人,游戏,本科,1-3年,"SQL, Python, 数学/统计相关专业, 数据分析/挖掘经验, 文娱/游戏行业数据相关经验",8-13K,上海,,2026-06-04 15:23:48
d6c725f55de9cb070ndz09u_EFVY,药企数据分析师（双休，社保）,上海中智外包,1000-9999人,企业服务,本科,1-3年,"数学/统计相关专业, 数据分析/挖掘经验, 电商/零售行业数据相关经验",8-12K,上海,,2026-06-04 15:23:48
25e55001e6eaf2c803B629y4F1JZ,数据分析师,某大型证券/期货上市公司,1000-9999人,证券/期货,本科,5-10年,,20-40K·15薪,上海,,2026-06-04 15:23:48
b5b6f99bba08e73403V72tW1ElJV,数据分析师,同程旅行,1000-9999人,互联网,大专,3-5年,"数据分析/挖掘经验, Tableau, SPSS, 计算机相关专业, MATLAB, SQL, Python, 数学/统计相关专业",20-30K·14薪,上海,,2026-06-04 15:24:09
d9ff62474f3f74f40nZ_3d2_E1pX,实习数据分析师,数说故事,500-999人,互联网,本科,,,120-150元/天,上海,,2026-06-04 15:24:09
df0b7ef4e535194d03x53NS9E1BW,数据分析师,哈啰普惠,1000-9999人,互联网,本科,1-3年,,16-18K,上海,,2026-06-04 15:24:09
06d1eb18a6820d4703B42di4GFJS,贷后数据分析师,唯渡,1000-9999人,互联网,本科,5-10年,"金融行业数据相关经验, 信贷, 催收",20-30K·16薪,上海,,2026-06-04 15:24:09
48d31715399c57630nB439W7E1VX,高级数据分析师（客诉）,北京某中型金融科技公司,500-999人,互联网,本科,1-3年,"Python, SQL, 数学/统计相关专业, 贷后, 投诉, 降诉, 客诉",28-40K·15薪,上海,,2026-06-04 15:24:31
83c6ac7caf094e720nVy3du7GFRW,行业数据分析师（医药专业）,中国医药工业信息中心,100-499人,医疗服务,本科,1-3年,"医药专业, 政策解读, 研究报告, 定性方向",9-10K·15薪,上海,,2026-06-04 15:24:31
65b2ca4159c85a590nV83du7F1BT,数据分析师,btestsky,500-999人,计算机软件,本科,3-5年,,10-15K,上海,,2026-06-04 15:24:31
8a7f4fabec5d56b11HV739y9EFY~,数据分析师,灯宇科技,20-99人,互联网,本科,1-3年,"数据分析, 数据挖掘, 数据处理",6-12K,上海,,2026-06-04 15:24:31
b867c891c615211c0Xxy3Nq_E1Q~,数据分析师,AUTOBEST,100-499人,电子商务,本科,1-3年,"数据分析, 商业分析, SQL, Python",12-18K·13薪,上海,,2026-06-04 15:24:31
d49083b7396387db0nB839u7GFFQ,高级数据分析师(A18148),传音控股,10000人以上,通信/网络设备,本科,3-5年,,15-30K·16薪,上海,,2026-06-04 15:24:31
fe0286a475858ea80nB52dy7E1FS,数据分析师-电商,抖音视界有限公司,10000人以上,互联网,本科,3-5年,"SQL, Python, Tableau, Power BI, 电商/零售行业数据相关经验, 电商, 数据分析师, 经营分析师, 服装",12-15K,上海,,2026-06-04 15:24:51
bb970034826c04440nB52tu9FlJQ,数据分析岗(A36035),易买工品,100-499人,电子商务,本科,3-5年,,15-30K,上海,,2026-06-04 15:24:51
7efa5a7d8d4aafd21HB93N26E1tT,数据分析师,韩创科技,500-999人,互联网,本科,1-3年,"SQL, Python",9-14K·13薪,上海,,2026-06-04 15:25:12
89b9e6ea73fd68f50nd73Nm8E1JZ,风险数据分析师,深圳市杰丰越数字科技,20-99人,互联网金融,本科,1-3年,,12-20K,上海,,2026-06-04 15:25:12
8f29f4e5a19d27d603173tW0FVNX,智能数据分析师,上海戌月科技服务,20-99人,电子商务,大专,3-5年,"BI工具, Power BI, 数据分析/挖掘经验, AI, Tableau, isv, 电商/零售行业数据相关经验, Python, SQL",13-16K·13薪,上海,,2026-06-04 15:25:12
7266cc489d8cf8240nB839i_FlBY,资深数据分析师-广告,Meshy AI,100-499人,计算机软件,本科,3-5年,"SQL, Python, Tableau, 数学/统计相关专业, 数据分析/挖掘经验, 计算机相关专业, Metabase, Google, 广告投放, Facebook",25-50K·14薪,上海,,2026-06-04 15:25:12
e25dee0e8cb34d381Xx52964GFZV,数据分析师,上海开华软件公司,20-99人,计算机软件,本科,1-3年,"数据分析, 行业分析, 数据研究, 行业研究",8-12K,上海,,2026-06-04 15:25:34
b7bfdc9938e907e40nB82tS0EFtU,监管报送数据分析师-上海,安徽兆尹信息科技,100-499人,计算机软件,本科,5-10年,,15-19K,上海,,2026-06-04 15:25:34
055a94dda32bdb750nB_3Ny8FlRT,跨境电商数据分析师,稳得福,20-99人,服装/纺织,本科,1年以内,"计算机相关专业, 电商/零售行业数据相关经验, SQL, Python",12-18K,上海,,2026-06-04 15:25:34
a029b4eab38c2fc70nZz3Nq6FFNR,CRM 用户数据分析师,北京外企德科人力...,1000-9999人,人力资源服务,本科,3-5年,,10-13K·13薪,上海,,2026-06-04 15:25:34
c1f09b05c8a69f8f0nB-3t6-FVtU,数据分析师,联城房地产评估,100-499人,咨询,本科,1-3年,,10-15K,上海,,2026-06-04 15:25:34
52e6ba652e92b7d71nV-3tW8ElNS,城市数据分析师,伴城数据,0-20人,培训/辅导机构,本科,经验不限,"数据分析, 城市数据, 城市规划",8-12K,上海,,2026-06-04 15:25:55
d382c8a8ecc3e49c0nB709m_GFRV,数据分析师(电商),康之诚电商,100-499人,电子商务,本科,3-5年,"Power BI, 数据分析/挖掘经验, 计算机相关专业, 电商/零售行业数据相关经验, 数学/统计相关专业, SQL, Python",15-18K·13薪,上海,,2026-06-04 15:25:55
66864dfd3e57af9b0nB82dW6FlVQ,数据分析师,新播思,20-99人,通信/网络设备,本科,3-5年,"ViT, 图神经网络, Jetson, 数据分析/挖掘经验, GNN, 计算机相关专业, MATLAB, TensorRT, Python",20-30K,上海,,2026-06-04 15:25:55
7460e9365f1e32740nd80t25GVJV,营销数据分析师,亿电通,100-499人,电子商务,本科,5-10年,,15-25K·13薪,上海,,2026-06-04 15:25:55
080bc4b7a62798ed03N4096-F1RQ,数据分析师（资金）,印闪科技,500-999人,互联网,本科,经验不限,SQL,20-35K·14薪,上海,,2026-06-04 15:25:55
fb9acd0d81628f1f0nd82Nq8E1NT,数据分析师(上海）,术木智能,20-99人,大数据,本科,3-5年,,8-10K,上海,,2026-06-04 15:26:14
29db1e283d0bc91c0nB409S6GFpT,数据分析师,联恩商钥,1000-9999人,电子商务,本科,1-3年,,8-12K,上海,,2026-06-04 15:26:14
b0cdf56be1f10c851H1709-0EFZR,数据分析师,杭银消金,1000-9999人,互联网金融,本科,经验不限,"经济/工商管理相关专业, R, 金融行业数据相关经验, 数据分析/挖掘经验, 计算机相关专业, SQL, Python, 数学/统计相关专业",18-35K·14薪,上海,,2026-06-04 15:26:14
363e20938ec5ab770nB409i5GFpY,数据分析师（XC0027）,睿能艾特,100-499人,计算机服务,本科,3-5年,"Tableau, Power BI, SQL, Python, 数学/统计相关专业, 数据分析/挖掘经验, 金融行业数据相关经验",25-40K,上海,,2026-06-04 15:26:14
9597e0cf7826c63e031929i-ElVU,数据分析师,亦恺,100-499人,互联网,本科,3-5年,,15-18K,上海,,2026-06-04 15:26:14
78e90c33ab9f15c30nB829S9E1pV,数据分析师,上海第七大道,100-499人,游戏,本科,1-3年,"SQL, Python, 计算机相关专业, 数学/统计相关专业, 广告, Axure, Figma",11-19K,上海,,2026-06-04 15:26:14
fd6ccc3a17e7c7af03F93tS-FlVT,数据分析师,上海释璞信息技术,0-20人,计算机软件,本科,经验不限,,8-12K,上海,,2026-06-04 15:26:35
5222efc6a156cfc93nR90ti-ElI~,数据分析师,上海宣臻,20-99人,电子商务,本科,3-5年,"ETL, Python, DBA, BI, 数据分析, 数据挖掘, 数据仓库, 商业分析",9-14K·13薪,上海,,2026-06-04 15:26:35
e91d6015fa64e16e1XN53N2-F1tZ,数据分析师,益普索,1000-9999人,咨询,本科,1-3年,"Python, R, SPSS, 数学/统计相关专业, 数据分析/挖掘经验",10-15K·13薪,上海,,2026-06-04 15:26:35
7d98c0d85a93437903F63964F1dQ,资深数据分析师(A247255A),NIO蔚来,10000人以上,汽车研发/制造,本科,5-10年,,40-70K·13薪,上海,,2026-06-04 15:26:35
cf8a600d6ef68c4a0nB_3NW5EFFV,女装达人数据分析师-大厂,抖音视界有限公司,10000人以上,互联网,本科,1-3年,"GMV, Power BI, 活动策划, 数据分析/挖掘经验, Tableau, 达人, 电商/零售行业数据相关经验, SQL, Python",7-12K,上海,,2026-06-04 15:30:05
e2186073fc6310731XB_3dy8FlZR,数据分析师,数聚股份,100-499人,计算机软件,本科,5-10年,Tableau,15-28K·13薪,上海,,2026-06-04 15:30:05
1898e8b16bc51c7903B73N61EFFZ,数据分析师（ISV）,乐其集团,1000-9999人,电子商务,本科,5-10年,,20-30K,上海,,2026-06-04 15:30:05
bd8b5538568506e10nd-2tq_EVtS,数据分析师(业务方向),信也科技,1000-9999人,互联网,本科,1-3年,SQL,18-35K·15薪,上海,,2026-06-04 15:30:05
5fecfcdfc36527d00nZ52968ElJQ,ISV数据分析师,上海悦跑,100-499人,电子商务,大专,3-5年,"推广, 营销, 建设性的品牌策略",15-18K·13薪,上海,,2026-06-04 15:30:26
372cf2bd3a666b2f0nB42961ElVW,蚂蚁集团-具身智能数据分析师-上海,蚂蚁集团,10000人以上,互联网,本科,5-10年,,25-50K·15薪,上海,,2026-06-04 15:30:26
5a4ef5094326559f0nd929W_FlFX,数据分析师,吉利研究院,10000人以上,汽车研发/制造,本科,5-10年,,30-50K·13薪,上海,,2026-06-04 15:30:26
a770bb5d10fc39f40nB53d68ElFZ,数据分析师,九方智投,1000-9999人,证券/期货,本科,3-5年,,20-35K,上海,,2026-06-04 15:30:48
afbe431007f8328203B50t2_FVdW,数据分析师（电商方向）,百观科技,100-499人,互联网,本科,1-3年,,14-18K,上海,,2026-06-04 15:30:48
755db8a235aefb2a0nB82tS0E1dX,监管报送数据分析师,安徽兆尹信息科技,100-499人,计算机软件,本科,5-10年,"SQL, 金融行业数据相关经验, 监管报送, 数据报送",15-19K,上海,,2026-06-04 15:31:30
f80d67b7257ec89c1HJ709u-FlpU,信贷数据分析师,北京焕然数字科技,1000-9999人,消费电子,本科,3-5年,"Hive, 金融行业数据相关经验, 数据分析/挖掘经验, Tableau, SQL",20-40K,上海,,2026-06-04 15:31:30
43b0703a4b1e130e03Z82tW1FlBY,流行病学数据分析师,巴典科研,20-99人,其他专业服务,博士,3-5年,"R, SAS, SPSS, Python",300-800元/时,上海,,2026-06-04 15:31:52
b35b86191f06e2b303Z_3Ni6ElZR,数据分析师,澜思信息,20-99人,互联网,本科,1-3年,"数据分析/挖掘经验, 计算机相关专业, SQL, Python, 数学/统计相关专业",12-22K,上海,,2026-06-04 15:32:14
e281d4d4ff5b5c0e0ndz2t21FFNV,城市空间数据分析师,未来城市建筑规划,100-499人,人工智能,本科,3-5年,,11-16K,上海,,2026-06-04 15:32:14
c9bd41497b869cf90nB709y7ElZQ,数据分析师（美妆行业）,蕃茄蛋信息科技,20-99人,社交网络与媒体,本科,3-5年,"SQL, Python, Power BI, SPSS, SAS, 美妆行业洞察, 消费者洞察, 数据洞察报告",15-30K,上海,,2026-06-04 15:32:36
359eb4383db0925b0nd439y7EVZY,海外休闲游戏数据分析师,柚子互娱,20-99人,游戏,本科,3-5年,"海外休闲游戏, 数据分析, 增长投放, 商业化分析",20-40K,上海,,2026-06-04 15:32:36
4e5b602e278c22db03N429y_E1VW,数据分析师,江苏艾兰得,1000-9999人,生物/制药,本科,5-10年,"R, 数据分析/挖掘经验, 制造业, 工厂, 生产数据, Python, 数学/统计相关专业",20-35K·14薪,上海,,2026-06-04 15:32:36
d2437f26068c5c7c0nd43tu-EFpZ,数据分析师(英语流利),时代天使,1000-9999人,医疗健康,本科,3-5年,,15-22K·15薪,上海,,2026-06-04 15:32:58
21bf3140666f6e8903N52969FFZU,数据分析师,乐漾,500-999人,电子商务,本科,1-3年,"计算机相关专业, 电商/零售行业数据相关经验, SQL, Python, 数学/统计相关专业",10-13K,上海,,2026-06-04 15:32:58
1b7cd5e6170080820nB43d6-FlNX,数据分析师（模型）,上海埃帕信息科技...,100-499人,计算机软件,本科,3-5年,,10-15K,上海,,2026-06-04 15:36:07
6c20b9d560a70dcc0nR82tS_EVtT,数据分析师/汽车,联蔚数科,1000-9999人,计算机服务,本科,1-3年,,7000-14000元/月,上海,,2026-06-04 15:36:07
9be1f9d7220dbda20nV72tu5FlNU,数据分析师(J24874),旺旺集团,10000人以上,企业服务,本科,1-3年,,9-12K,上海,,2026-06-04 15:36:07
31aa6aa36f40612703dz3tm9FVBQ,数据分析师助理,蜂阁信息,100-499人,互联网,本科,1年以内,"Tableau, Power BI, 数学/统计相关专业, 数据分析/挖掘经验, 文娱/游戏行业数据相关经验, 应届生",8-12K·13薪,上海,,2026-06-04 15:36:07
61108dc5ca0ec53303F90t69GVRS,数据分析师（ISV）,宝尊电商,1000-9999人,互联网,本科,1-3年,,12-20K,上海,,2026-06-04 15:36:27
7ec61f32c5eb81d103J43tq4FFJX,数据分析师,九木杂物社,1000-9999人,新零售,本科,1-3年,,10-14K·14薪,上海,,2026-06-04 15:36:27
9a582353ba16f6aa03V92Nu6GFtW,数据分析师,蛮啾网络,500-999人,游戏,本科,5-10年,,20-30K·16薪,上海,,2026-06-04 15:36:49
f99709f3fbcbe7040nZ83dy-EVBU,资深数据分析师(A21972),Soul App,1000-9999人,社交网络,本科,1-3年,SQL,20-40K·16薪,上海,,2026-06-04 15:36:49
139c75fb641fd25103N73Ny-FlFU,数据分析师（数据科学）,上海宙询广告有限公司,100-499人,广播/影视,本科,1-3年,,13-18K,上海,,2026-06-04 15:37:10
be3dcd7b44240b320nB43dW-EVVR,高级数据分析师,菁哩科技,100-499人,互联网金融,本科,3-5年,"Python, SQL, MATLAB, Tableau, Power BI, 数学/统计相关专业, 金融行业数据相关经验, 风控相关经验",15-25K,上海,,2026-06-04 15:37:31
e1144145efb969e10nB839W5FVdZ,数据分析师（跨境电商）,上海镁珅末文化科技,100-499人,互联网,本科,1年以内,,10-15K·14薪,上海,,2026-06-04 15:37:51
24056a526f31eeb50ndz39m8GVNX,数据分析师,奇利匙,1000-9999人,计算机软件,本科,3-5年,"SQL, Python, R, Power BI, 数学/统计相关专业, 计算机相关专业, 数据分析/挖掘经验, CRM, Excel, 数据分析, 英语流利, 洞察",18-23K,上海,,2026-06-04 15:37:51
de06e958af36a1c703xy2tW1F1JQ,数据分析师,海能投顾,1000-9999人,证券/期货,本科,3-5年,"QuickBI, 阿里云, 金融行业数据相关经验, SQL, Python",15-30K,上海,,2026-06-04 15:37:51
e510d9bd4eb895cb0nB83t61EVJT,数据分析师-营销方向,卫龙,1000-9999人,食品/饮料/烟酒,本科,5-10年,,20-25K·15薪,上海,,2026-06-04 15:38:13
e75fdffdd947873a0nB70tu-GFNW,数据分析师,上海第七大道,100-499人,游戏,本科,1-3年,"SQL, Python, 计算机相关专业, 数学/统计相关专业, 广告, Axure, Figma",11-19K,上海,,2026-06-04 15:38:13
108ebcb6bb74e2b60nRz2tu9EVBR,充电数据分析师,无锡世纪云安新能源,100-499人,新能源汽车,本科,3-5年,"新能源充电, 数据分析/挖掘经验",13-18K,上海,,2026-06-04 15:38:34
fdfce58d6f5c7c470nRz2di_EFNQ,（可线上兼职）医学数据分析师,上海智研坊生物医...,20-99人,培训/辅导机构,硕士,1-3年,"SPSS, R, 数学/统计相关专业, 数据分析/挖掘经验, meta, 生信",7-12K·13薪,上海,,2026-06-04 15:38:34
7ba2bb6d397e741003x90ty7FlBS,数据分析师,游梦寻光,0-20人,咨询,本科,3-5年,,25-40K·15薪,上海,,2026-06-04 15:38:34
e125e060410265c00nZ_2NS-GVZR,工业数据分析师,无锡帝信科技有限公司,20-99人,计算机软件,本科,3-5年,"物理, 计算机相关专业, SQL, 数学/统计相关专业",15-30K·13薪,上海,,2026-06-04 15:38:55
e23373c9dc6324781HJz3Nu-F1VV,高级数据分析师(A30572),玛丽黛佳,500-999人,日化,本科,3-5年,"数学/统计相关专业, 计算机相关专业, 数据分析/挖掘经验",25-45K·13薪,上海,,2026-06-04 15:42:46
6ce4541e1d3b96850nB43N6-GVFR,资深数据分析师,游仁网络,100-499人,互联网,本科,3-5年,"Power BI, SQL, Python",12-18K,上海,,2026-06-04 15:43:07
537b358a92567cc81XR_2tq4FldR,数据分析师,上海元聚,500-999人,互联网,本科,5-10年,Python,25-35K,上海,,2026-06-04 15:43:28
ab993404d83e749e03R_2NW8FltW,Power BI 数据分析师（上海）,悦策科技,20-99人,大数据,本科,经验不限,Power BI,9-14K·13薪,上海,,2026-06-04 15:43:28
537da7e92713b5400nR80t61EVRQ,数据分析师,智租换电,500-999人,其他新能源,本科,3-5年,"Hive, 数据分析/挖掘经验, Tableau, 计算机相关专业, SQL, Python, 数学/统计相关专业",20-25K,上海,,2026-06-04 15:43:49
9932911f85670a010nV63NS5FFZT,高级/资深数据分析师,祥埻投资,20-99人,互联网,本科,5-10年,"Python, Hive, SQL, R, MATLAB, 数据分析/挖掘经验, 埋点",20-35K·13薪,上海,,2026-06-04 15:44:10
3951b1e4b3e6cfd41H1_2t2-EVdS,助理数据分析师（上海）,佰聆数据,1000-9999人,互联网,本科,,"机器学习建模经验, R, 国家电网, 数据分析/挖掘经验, 数据中台, Python, SQL, 数学/统计相关专业",150-200元/天,上海,,2026-06-04 15:44:30
21aedcf6f68545210nB439u5EVdX,数据分析师（贷后客诉）,某大型互联网公司,500-999人,互联网,本科,3-5年,"AB实验, 贷后, 客诉, 信贷",25-40K·14薪,上海,,2026-06-04 15:50:07
24a3f7103321f0c10nB6292_GVFQ,数据分析师,中康数字科技有限公司,500-999人,医疗健康,硕士,1年以内,,12-15K·13薪,上海,,2026-06-04 15:50:28
c6a5a8830457ff9d0nB_3NS6F1JW,数据分析师,Luckincoffee,10000人以上,餐饮,本科,1-3年,,15-25K·14薪,上海,,2026-06-04 15:50:28
9d6773157e8185e70nB629m7E1JU,数据分析师,力恒,100-499人,广告营销,本科,3-5年,,20-28K,上海,,2026-06-04 15:50:28
7e9e3285e89fe9a403140t2-FltQ,数据分析师-c端,海能投顾,1000-9999人,证券/期货,本科,1-3年,,9-14K,上海,,2026-06-04 15:50:28
fd63b3a7b9310d440ndy0tq-F1BY,数据分析师,多抓鱼,100-499人,互联网,本科,3-5年,,25-35K·15薪,上海,,2026-06-04 15:50:48
cc3e94d4fa3fd93503Nz3NS5ElFS,城市空间高级数据分析师,未来城市建筑规划,100-499人,人工智能,本科,5-10年,,20-40K,上海,,2026-06-04 15:50:48
8d15cb78f04c4d3a03N739u8EVdS,数据分析师数据分析-广告方向,游卡,1000-9999人,游戏,本科,5-10年,广告,25-40K,上海,,2026-06-04 15:54:39
e7855c7b9de816240nd829m7EFpW,数据分析师（会员/用户方向）,万辰集团,1000-9999人,批发/零售,本科,3-5年,,20-30K·13薪,上海,,2026-06-04 15:55:21
f6f61c0337a089480nV43Ny6ElpZ,数据分析师 (MJ000195),迪果科技,100-499人,游戏,本科,3-5年,,20-40K·13薪,上海,,2026-06-04 15:55:21
b7b005ac3d5863c81HV92ty4FVVU,数据分析师（英语口语）,杭州双久科技有限公司,100-499人,企业服务,本科,5-10年,"SQL, 电商/零售行业数据相关经验, 英语",23-26K·13薪,上海,,2026-06-04 15:57:08
81ecb7c3a6c2ba080ndz0925FlJU,数据分析师,某大型互联网公司,1000-9999人,互联网,本科,1-3年,,15-25K,上海,,2026-06-04 16:01:16
5f804e2cb41f544603F73d64F1NZ,数据分析师,新致软件,1000-9999人,计算机软件,本科,5-10年,"R, AARRR评估增长, ARIMA, RFM做客户分群, 统计建模, 漏斗模型分析转化, Python",12-22K,上海,,2026-06-04 16:01:37
2838e62b2e19d7970ndy3tW-FltW,AI数据分析师,美莱美容医院,10000人以上,生活服务(O2O),本科,经验不限,,10-15K,上海,,2026-06-04 16:03:00
e6ef2ef5c74d33cc0nB_29q7FVZV,数据分析师 (MJ000215),姚记潮品,100-499人,游戏,本科,1-3年,,12-18K·14薪,上海,,2026-06-04 16:11:00
424c501b9f82801c0nB80tW4GVBT,数据分析师,蔚蓝云创,500-999人,广告营销,本科,3-5年,会基础数据挖包,8-13K,上海,,2026-06-04 16:12:04
c6a3179dbbf403a30nZy09u1FFVZ,数据分析师,某小型机械设备/机电/重工公司,0-20人,机械设备/机电/重工,本科,1-3年,"SQL, Python, R, Tableau, Power BI, 数学/统计相关专业, 计算机相关专业",15-25K·14薪,上海,,2026-06-04 16:12:25
bce840ea7b8204590ndz3Nq4GFVS,数据分析师（投融资分析方向）,医药魔方,100-499人,大数据,本科,经验不限,,8-13K·14薪,上海,,2026-06-04 16:12:45
1a30c7e7ecbc69380nB439W0GFtT,数据分析师,上海畅写科技发展,20-99人,互联网,本科,5-10年,,20-40K·15薪,上海,,2026-06-04 16:12:45
2b30df13951a1af703J42dy4ElVR,营销数据分析师,莉莲蛋挞,500-999人,食品/饮料/烟酒,本科,3-5年,,8-12K,上海,,2026-06-04 16:13:04
c548480f698c0e9e03J92NW0EVZT,python数据分析师,一间花店,0-20人,其他消费品,本科,经验不限,,50-80元/天,上海,,2026-06-04 16:16:33
9f566df929ec35fe0nB52tW8F1tS,数据分析师（金融项目+本科）,上海锐赢,100-499人,互联网金融,本科,3-5年,"SQL, Python, Power BI, 计算机相关专业, 数据分析/挖掘经验",16-18K,上海,,2026-06-04 16:16:33
306601dcda7ec68a0nRy2dm1GFJT,高级数据分析师（程序化广告方向）,神蓍,20-99人,文化艺术/娱乐,本科,5-10年,,40-60K,上海,,2026-06-04 16:16:54
8e856fc0a010f3ff03B93tu5F1RX,数据分析师,雅通数据科技,100-499人,大数据,本科,3-5年,"计算机相关专业, 电商/零售行业数据相关经验, Python, SQL, 数学/统计相关专业",15-16K,上海,,2026-06-04 16:17:55
4f4a3ebdfa22c22e0nB_09m0E1NT,数据分析师（Data Analyst）,弗洛贝塔,20-99人,人工智能,本科,3-5年,,25-40K·15薪,上海,,2026-06-04 16:18:40
fce0e965076122570nZ93d61FFBZ,数据分析师（项目管理方向）,飞未云科,500-999人,咨询,本科,3-5年,"经济/工商管理相关专业, Tableau, 电商/零售行业数据相关经验, SQL, 数学/统计相关专业",17-24K·13薪,上海,,2026-06-04 16:19:01
8e3380ecba15ab2c0nB_2dy7E1pT,抖音数据分析师,洛氪迅,500-999人,互联网,本科,3-5年,"QuickBI, 0-1看板搭建, 抖音",11-18K,上海,,2026-06-04 16:19:21
3258253b03a86f8a1HR-2d-4E1BZ,数据分析师,字节跳动,10000人以上,互联网,本科,3-5年,"SQL, 数学/统计相关专业, 数据分析/挖掘经验, 电商/零售行业数据相关经验",30-60K·16薪,上海,,2026-06-04 16:19:42
9e3d68636a5e1b410nd429-8E1NS,高级/资深数据分析师（云图/小红书）,赞意,100-499人,广告营销,本科,3-5年,,15-25K,上海,,2026-06-04 16:31:31
ae1efa8110645e921Xdz09y4GVQ~,数据分析师,青葱道,0-20人,在线教育,硕士,1-3年,"机器学习建模经验, mplus, 数据分析, 心理测评, 数据分析/挖掘经验, 心理学, 统计数据分析, SPSS, 计算机相关专业, MATLAB, Python, 数学/统计相关专业",11-18K,上海,,2026-06-04 16:32:37
b667d5d781a5535c03F73Nu7F1FZ,数据分析师,上海某大型通用设备公司,1000-9999人,通用设备,本科,3-5年,新零售，门店,18-25K·16薪,上海,,2026-06-04 16:33:21
ba45cb27b45831820nB-39y6GVdV,数据分析师（XBK）,食亨,500-999人,电子商务,本科,1-3年,,14-16K,上海,,2026-06-04 16:37:34
4807d3a4b8c220ab0nB63N20FVpX,数据分析师实习生,得物App,1000-9999人,电子商务,本科,,,190-200元/天,上海,,2026-06-04 16:37:34
62ae88329ceac5820nd509i4ElpW,数据分析师,亿达信息,1000-9999人,计算机软件,本科,5-10年,"SQL, 电商/零售行业数据相关经验, 互联网",10-12K,上海,,2026-06-04 16:37:56
3d34521f502cfb6f1HR70968EVNZ,数据分析师/高级数据分析师,明略,1000-9999人,咨询,本科,1-3年,"数据分析/挖掘经验, 舆情分析, 广告监测, 计算机相关专业, 数学/统计相关专业",8-12K,上海,,2026-06-04 16:38:59
4f81875bc1d2d1e20nZ539-8FVBW,数据分析师,旺旺集团,10000人以上,企业服务,本科,经验不限,"Tableau, 产销协调",11-15K,上海,,2026-06-04 16:43:52
aad0e4d40c1ea6ee0nd42965FlNU,数据分析师,某大型互联网公司,500-999人,互联网,本科,经验不限,,25-35K·16薪,上海,,2026-06-04 16:44:54
e18db75fbb2b130c03Bz3Nu7FVtT,数据分析师,AUTOBEST,100-499人,电子商务,本科,1年以内,"Python, SQL",7-12K·13薪,上海,,2026-06-04 16:45:57
ad5c67a06407a7a70nd639u0FlZX,数据分析师,骏杰贸易有限公司,20-99人,进出口贸易,本科,1-3年,,7-9K,上海,,2026-06-04 16:46:59
44c18686452931020nZ93tS7EVRX,数据分析师,人瑞网络科技,10000人以上,计算机硬件,本科,3-5年,SQL,13-16K,上海,,2026-06-04 16:50:07
3645b633d6995aff0nd80964FFtV,用户增长数据分析师,SHEIN,10000人以上,电子商务,本科,3-5年,,25-40K,上海,,2026-06-04 16:50:07
e51dea655a52996f0nB50925FFZX,数据分析师,上海某小型互联网数字笔记与 AI 知识管理平台公司,20-99人,互联网,本科,5-10年,,30-60K,上海,,2026-06-04 16:51:51
500aa1f9c18ef0371HF60tS1F1pY,数据分析师,智源海通,0-20人,大数据,本科,3-5年,"SQL, Python, Power BI, 数据分析/挖掘经验, 电商/零售行业数据相关经验, 金融行业数据相关经验",7-12K·13薪,上海,,2026-06-04 16:53:15
4622440e39d6260d03Z53dq1FFtU,数据分析师,远发信息,20-99人,计算机服务,本科,经验不限,,10-15K,上海,,2026-06-04 16:53:15
d0f7d54703a6b3300nR72dS_GFRR,数据分析师,韵昕商务,0-20人,电子商务,本科,10年以上,"SQL, Python",24-25K·13薪,上海,,2026-06-04 16:53:15
e51653e41f033be60nd52d2-GFBX,数据分析师 双休 核心自研 流程快,深圳某大型计算机软件公司,10000人以上,计算机软件,本科,经验不限,,20-40K·14薪,上海,,2026-06-04 16:57:23
1ad25c4b417d3a240nB929-8GVJW,国内发行数据分析师,完美世界,1000-9999人,游戏,本科,3-5年,,20-30K·14薪,上海,,2026-06-04 16:57:44
aa01b5245d82f88d0nB40t-5GFZU,数据分析师 (MJ000215),姚记潮品,100-499人,游戏,本科,1-3年,,12-18K·14薪,上海,,2026-06-04 16:59:09
31893d306748d7d51HR62dy_ElFY,数据分析师,上海汇正财经,1000-9999人,证券/期货,本科,3-5年,"金融行业数据相关经验, SQL, Python",20-30K,上海,,2026-06-04 16:59:29
b346583505d1dd5d03Bz09-4FFpX,投放数据分析师(A12511),Soul App,1000-9999人,社交网络,本科,3-5年,"计算机相关专业, SQL, Python, 数学/统计相关专业",20-40K·16薪,上海,,2026-06-04 17:04:42
30e081a8dea8e5530nB439u0FldX,高级产品数据分析师｜C端增长方向,纳纳科技,100-499人,大数据,本科,3-5年,,35-50K·14薪,上海,,2026-06-04 17:04:42
7c1a85ceba772bbf0nB-39q4ElZS,数据分析师,食亨,500-999人,电子商务,本科,3-5年,,14-17K,上海,,2026-06-04 17:04:42
d4a859d50eb1db3303x92927FVZZ,数据分析师（电商风控方向）,上海从鲸信息技术,500-999人,互联网,本科,经验不限,,25-50K,上海,,2026-06-04 17:04:42
4833c88e95341e3103192d-5FlpZ,【2026届校招】数据分析师,边锋,500-999人,游戏,本科,在校/应届,,11-18K,上海,,2026-06-04 17:04:42
b6c7ebf3579b85fe03Zy2tm8F1RZ,抖音高级数据分析师-UGC,字节跳动,10000人以上,互联网,本科,3-5年,"SQL, 数学/统计相关专业, 数据分析/挖掘经验, 文娱/游戏行业数据相关经验, 数据分析, 用户增长, 内容产品",25-40K·15薪,上海,,2026-06-04 17:04:42
b123bee915459eec0nZ_3Nq_ElFS,高级/资深数据分析师,九方智投,1000-9999人,证券/期货,本科,5-10年,数据分析/挖掘经验,25-40K,上海,,2026-06-04 17:05:25
018bfb6ecc7cb6d003Fy39u4GFtY,数据分析师,雅通数据科技,100-499人,大数据,本科,,,150-200元/天,上海,,2026-06-04 17:05:25
ea23f89dd4b598470nRy29-4E1RT,数据分析师,上海森喃门窗有限公司,0-20人,装修装饰,本科,3-5年,,4-7K,上海,,2026-06-04 17:05:25
58c81357b2b46e700nB63ti_FVVQ,数据分析师,天津艾迪研医药科技,100-499人,生物/制药,本科,1-3年,,12-17K·14薪,上海,,2026-06-04 17:05:46
581faf629c971a711HV-2t--FVVQ,数据分析师,滴滴,1000-9999人,互联网,硕士,经验不限,"SQL, Python, 数学/统计相关专业, 计算机相关专业, 数据分析/挖掘经验",15-30K·15薪,上海,,2026-06-04 17:05:46
b5b584469cc2219f0nd50tq0GVFZ,高级数据分析师,Citysuper,500-999人,进出口贸易,本科,1-3年,,8-10K,上海,,2026-06-04 17:06:08
4dbb5ed3cf9e322b1nJ_39m-EVZY,数据分析师,上海鼎数,20-99人,大数据,本科,1-3年,"聚类分析, 非参数检验, 信度分析, 相关分析, 描述统计",6-11K,上海,,2026-06-04 17:07:32
ad50588af5d05eba03N93tm4FFtS,数据分析师,乖宝集团,1000-9999人,食品/饮料/烟酒,本科,5-10年,"经济/工商管理相关专业, 数据分析/挖掘经验, 计算机相关专业, 电商/零售行业数据相关经验, SQL, 数学/统计相关专业",20-30K,上海,,2026-06-04 17:07:32
6e23d8908b0629c30nB639W-EFFT,数据分析师,蓝色光标,1000-9999人,广告/公关/会展,本科,,"Python, 数学/统计相关专业, 计算机相关专业, 经济/工商管理相关专业, 数据分析/挖掘经验, AI",150-200元/天,上海,,2026-06-04 17:07:53
aca12e9a536540f50nd80tq5ElZS,数据分析师,锦象资产,100-499人,互联网金融,本科,1-3年,"金融行业数据相关经验, Excel, 数据分析/挖掘经验, 电商/零售行业数据相关经验, SQL, 数学/统计相关专业",10-15K·13薪,上海,,2026-06-04 17:07:53
6d11b236af5fae3503183Ny_F1tW,数据分析师,上海沙拉网络科技...,20-99人,电子商务,本科,3-5年,"数据分析/挖掘经验, 计算机相关专业, 电商/零售行业数据相关经验, SQL, Python",13-22K,上海,,2026-06-04 17:07:53
1311e29cb395220e1HN829W7ElJS,数据分析师,天翼电子商务有限公司,1000-9999人,互联网,本科,3-5年,"SQL, 数学/统计相关专业, 数据分析/挖掘经验, 电商/零售行业数据相关经验",13-18K,上海,,2026-06-04 17:07:53
0140713328e2d2c00nV70ti6FFFT,数据分析师,海昌海洋,100-499人,旅游/景区,本科,1-3年,,8-10K,上海,,2026-06-04 17:07:53
9f7eb99fd65cceba1XF43dS7ElFV,高级数据分析师,策云科技,20-99人,企业服务,本科,3-5年,"SQL, Python, R, 数据分析/挖掘经验, 机器学习建模经验, 电商/零售行业数据相关经验",20-30K·13薪,上海,,2026-06-04 17:07:53
1a8b20d2cd80853a1nF-29W0ElpY,数据分析师,弈泰资产,20-99人,基金,本科,1-3年,数据分析,20-30K,上海,,2026-06-04 17:07:53
ce39df02287e94ac03Zz09y-F1JX,数据分析师,德邦快递,10000人以上,快递,本科,5-10年,"SQL, Python, 物流行业数据相关经验",10-15K,上海,,2026-06-04 17:07:53
d8968c5c75f1ed900nd-2N-0EFtW,数据分析师,LiblibAl,100-499人,互联网,本科,3-5年,,20-40K·15薪,上海,,2026-06-04 17:15:10
152dd20706a456390nB709W4ElpW,数据分析师（跨境电商+双休）,元鲸,500-999人,电子商务,大专,1-3年,,10-15K,深圳,,2026-06-04 17:22:19
e931ebd716b03dfb0nd42tq1FVVT,数据分析实习生,HelloTalk,100-499人,互联网,学历不限,,,200-250元/天,深圳,,2026-06-04 17:22:19
b7267f567ae5676003Fy3N64GFVY,跨境电商数据分析师-可接受应届生和实习生,全民电子科技有限公司,0-20人,互联网,本科,在校/应届,"经济/工商管理相关专业, SAS, 数据分析/挖掘经验, 计算机相关专业, 电商/零售行业数据相关经验, SQL, Python, 数学/统计相关专业",4-5K,深圳,,2026-06-04 17:22:19
3bed36794315b3200nB_2dy0GVFV,数据分析师,同和信息技术有限公司,1000-9999人,计算机软件,大专,3-5年,"金融行业数据相关经验, 银行, 数据分析/挖掘经验, 金融, SQL, 数学/统计相关专业",12-16K,深圳,,2026-06-04 17:22:19
621586d285504b9b03F53tq9EVVZ,跨境电商数据分析师,亿莱沃实业有限公司,0-20人,电子商务,本科,3-5年,,5-100元/时,深圳,,2026-06-04 17:22:19
91c8323b0b9c85a403N539S6EFRS,跨境电商数据分析师,深圳市东科智创科技,20-99人,电子商务,本科,经验不限,"R, 数据分析/挖掘经验, 计算机相关专业, SQL, Python, 数学/统计相关专业",7-12K,深圳,,2026-06-04 17:22:19
0c46a3a01b18634a03Z539q_GVFS,数据分析师（大数据）,羽聚科技,20-99人,计算机软件,本科,经验不限,"SQL, Python, 计算机相关专业, 数学/统计相关专业, 数据分析/挖掘经验",8-10K,深圳,,2026-06-04 17:22:19
0272d047159b542f0nZ_29u0GFVX,数据分析师-初中级,跨越速运,10000人以上,快递,本科,1-3年,"策略, 金融行业数据相关经验, 风控相关经验, 数据分析, 数据专员, 计算机相关专业, 数学/统计相关专业",10-15K,深圳,,2026-06-04 17:22:19
20c7465635f39f630nB82du4EVFX,数据分析专员——竞品与数据方向（应届生）,石头科技,1000-9999人,智能硬件,本科,在校/应届,,10-15K·14薪,深圳,,2026-06-04 17:22:19
17cf5266711d766903183tW6FFRV,海外仓数据分析师,深圳易可达科技,1000-9999人,跨境物流,本科,3-5年,,12-20K,深圳,,2026-06-04 17:22:19
d0f6f37532a9be3f0nB_09W-FVBQ,番茄小说-数据分析师,字节跳动,10000人以上,互联网,本科,1-3年,"SQL, Python, R, Tableau, Hive, 数学/统计相关专业, 计算机相关专业, 经济/工商管理相关专业, 数据分析/挖掘经验, 文娱/游戏行业数据相关经验, A/B 实验设计与分析, 内容产品数据分析经验",35-50K·15薪,深圳,,2026-06-04 17:22:19
3b63f21422f25e6c1XNy0ti7EFVV,数据分析师/数据分析专员,深圳市奥森汉德电...,100-499人,进出口贸易,本科,经验不限,数据分析,12-24K,深圳,,2026-06-04 17:22:19
8d58d4c21f439baa0ndz2t61F1RU,跨境电商数据分析师,恒创嘉越,100-499人,互联网,本科,3-5年,"数据分析/挖掘经验, 电商/零售行业数据相关经验, QuickBI  Sql Python",15-25K,深圳,,2026-06-04 17:22:19
a316d59cffaed5b70nB50t20FlZZ,数据分析,强薯云,100-499人,计算机软件,本科,1-3年,,8-9K,深圳,,2026-06-04 17:22:19
fda643394961344603F-3di0E1VQ,数据分析师（物流供应链方向）,拼多多集团-PDD,1000-9999人,电子商务,本科,1-3年,,12-24K·14薪,深圳,,2026-06-04 17:22:19
090dbe2b617803e40nZ909-8F1tX,资深数据分析师,天好,500-999人,电子商务,本科,5-10年,,10-15K,深圳,,2026-06-04 17:22:40
f97ff36a9fe26f010nB839W8E1JT,高级数据分析师,兴戈科技,100-499人,智能硬件,本科,5-10年,,20-25K,深圳,,2026-06-04 17:22:40
e8f9d027197edbe60nZ42Nm8FVRZ,数据分析师,华强方特,10000人以上,文化艺术/娱乐,本科,3-5年,"计算机相关专业, SQL, 数学/统计相关专业",8-12K,深圳,,2026-06-04 17:22:40
a5f5b0cdd830b3780nB-09i0F1BQ,数据分析师,深圳讯流国际物流,100-499人,跨境物流,本科,经验不限,"SQL, Python, 数仓",10-15K·14薪,深圳,,2026-06-04 17:22:40
a260b08fcc7d171c0nZ83dW0GVNQ,策略数据分析师,大拇指,100-499人,电子商务,本科,1-3年,,15-20K,深圳,,2026-06-04 17:22:40
18bc30c5eed5f06c03Z52t24EldZ,助理数据分析师,万拓科创VANTOP,100-499人,互联网,本科,,,120-180元/天,深圳,,2026-06-04 17:22:40
ba58034768d8956f0nB-3t65ElZR,互联网数据分析师,微创软件,10000人以上,计算机软件,本科,经验不限,"经济/工商管理相关专业, 机器学习建模经验, Power BI, 数据分析/挖掘经验, 计算机相关专业, SQL, HIVESQL, excel, R, sql能力, 懂数仓数据架构, 熟悉hadoop, Python, 数学/统计相关专业",12-13K,深圳,,2026-06-04 17:22:40
388c5057dc11d95d0ndz0tm9FFFY,数据分析工程师（大数据工程师/数据挖掘）,诚迈科技,1000-9999人,计算机服务,本科,3-5年,,15-25K,深圳,,2026-06-04 17:22:40
64dbeb416c8f5aee0nZy2dm7EVtT,广告策略/数据分析师/数据挖掘,艾特尔,20-99人,互联网,本科,3-5年,,20-35K·13薪,深圳,,2026-06-04 17:22:40
8e2802069e3951130nB52dW8F1RX,数据分析师,新睿能,0-20人,游戏,本科,5-10年,"SQL, Power BI, 文娱/游戏行业数据相关经验, 海外游戏经验, 棋牌休闲游戏",20-40K·13薪,深圳,,2026-06-04 17:22:40
3b4c57646a2e07020nB62Ny6GFdS,深圳-Power BI数据分析师,敏捷艾科,100-499人,大数据,本科,3-5年,,9-13K·13薪,深圳,,2026-06-04 17:22:40
957af44ca3f223f303x939u5FFpR,算法数据分析实习生(J12316),深圳市锐明技术,1000-9999人,智能硬件,本科,,"车辆工程, 计算机相关专业, 机械工程",150-200元/天,深圳,,2026-06-04 17:22:40
2bda942b47288fd70nd-2N28FFpR,数据分析专员,宏鼎汇,100-499人,家具/家居,本科,1-3年,"BI, 计算机相关专业, 电商/零售行业数据相关经验, 数学/统计相关专业",10-15K,深圳,,2026-06-04 17:22:40
471151b42e76d33f03x63t-8GFRW,产业数据分析师,大东时代,20-99人,咨询,本科,3-5年,"数据分析, 产业分析, 新能源, 数据建模, 战略支持",15-20K·13薪,深圳,,2026-06-04 17:22:40
9cf604505913ba120nB_3dq5FltQ,数据分析助理,金安创世,20-99人,信息安全,本科,1年以内,,6-11K,深圳,,2026-06-04 17:22:40
eb3bcef66daa8ebc0nB60tu5GFRU,数据分析师,深圳陨铁管理咨询...,0-20人,咨询,本科,1-3年,"R, SQL, Hive, 漏斗分析, 留存分析",15-16K,深圳,,2026-06-04 17:23:02
efd1fc87ffd210c20nd639q4FVVY,数据分析师（消费金融）,泰商服,20-99人,互联网,本科,3-5年,"SQL, Power BI, Python, 金融行业数据相关经验, 风控相关经验, 数据分析, 消费金融",20-25K,深圳,,2026-06-04 17:23:02
643194e66196d4090nd90ti1EVBS,跨境电商/数据分析师/双休,智汇创想,1000-9999人,互联网,本科,1-3年,"数据分析/挖掘经验, SQL, Python",10-15K,深圳,,2026-06-04 17:23:02
a5e7f357381bab8f0nd729i9EldY,数据分析建模师,壹账通,1000-9999人,互联网金融,本科,3-5年,,13-20K,深圳,,2026-06-04 17:23:02
57478da563568f850nV839m_FVtQ,数据分析师,全民互动 互联网,100-499人,游戏,本科,1-3年,,10-15K,深圳,,2026-06-04 17:23:02
2409c3cd609721a00nd82dm_FVtX,数据分析师（跨境电商）,深圳西之月网络科技,100-499人,电子商务,本科,3-5年,"经济/工商管理相关专业, Power BI, 数据分析/挖掘经验, 计算机相关专业, 电商/零售行业数据相关经验, Python, SQL, 数学/统计相关专业",15-25K,深圳,,2026-06-04 17:23:02
6b575c808bf7c5dc03Ny3d2-ElpW,海外业务数据分析师,某大型知名移动互联网公司,10000人以上,移动互联网,本科,5-10年,,20-40K,深圳,,2026-06-04 17:23:02
8cdf00bad4e0c4d80nd73dy0GFNW,零售数据分析师,酷动数码,1000-9999人,其他行业,本科,3-5年,,12-15K·13薪,深圳,,2026-06-04 17:23:02
466a28e939be6b560nB82N21GFdT,AI+BI数据分析师,深圳某小型跨境电商公司,20-99人,电子商务,本科,3-5年,"AI, 搭建过自动化动作流, 跨境电商行业",18-25K,深圳,,2026-06-04 17:23:02
8b9035095db8513a0nd_3t21FVdZ,数据分析师,远趣科技,100-499人,互联网,本科,经验不限,,25-35K·14薪,深圳,,2026-06-04 17:23:02
785cc05b732621580nR52tm8GVpW,数据分析员,百岁山,100-499人,食品/饮料/烟酒,本科,1年以内,,8-11K,深圳,,2026-06-04 17:23:02
c8fbeb7df943cc7703F809W0GVJQ,数据分析,CHLOSIO,500-999人,服装/纺织,本科,1-3年,统计专员,7-12K,深圳,,2026-06-04 17:23:02
df5db9e95562c524031729u5GFZZ,数据分析师(J11333),神策数据,1000-9999人,大数据,本科,5-10年,跨境电商,25-30K,深圳,,2026-06-04 17:23:02
52ee74081cbe99d60nd-2Nq0ElJZ,腾讯云-官网高级数据分析师(深圳),腾讯,10000人以上,互联网,本科,3-5年,,30-60K,深圳,,2026-06-04 17:23:02
c3ddc20577dee36f0nZ-09y9FFZW,高级数据分析师,品阔,20-99人,互联网,本科,3-5年,"Hive, 金融行业数据相关经验, Power BI, 银行, 数据仓库, 数据分析/挖掘经验, 计算机相关专业, aws, Python, 数学/统计相关专业",45-50K,深圳,,2026-06-04 17:23:02
5cb4c3f4c3eb7b3b0nd52N-5GFdQ,数据分析师,环讯通,100-499人,计算机软件,本科,1-3年,,8-13K,深圳,,2026-06-04 17:23:22
3fce29978feee1461HJ42tq8E1tS,资深数据分析师,绿联科技,1000-9999人,智能硬件/消费电子,本科,3-5年,"Python, R, SQL",20-35K·14薪,深圳,,2026-06-04 17:23:22
45965d81fd1f42b10nB429u9EFZX,数据分析师,立墨工艺品,100-499人,电子商务,本科,3-5年,"数据分析/挖掘经验, 互联网, 电商/零售行业数据相关经验, SQL",10-15K,深圳,,2026-06-04 17:23:22
9a7dfcbf401af85803Z_3d24FlFT,数据分析,深圳市顶级视频设备,100-499人,物联网,本科,1-3年,,7-10K,深圳,,2026-06-04 17:23:22
e58461c107f0c20e03F539m6EVVQ,数据分析师,乘乘智数,100-499人,大数据,本科,3-5年,"R, 风控相关经验, 数据分析/挖掘经验, Tableau, MATLAB, Python, SQL, 数学/统计相关专业",25-30K,深圳,,2026-06-04 17:23:22
7b709c4ce7e091160nB52dm6FlFT,数据分析师,大族数控,1000-9999人,专用设备,本科,3-5年,,13-26K,深圳,,2026-06-04 17:23:22
96db10837f1197ec0nV_3dy-EFZY,数据分析师,某中型互联网公司,100-499人,互联网,本科,1-3年,,15-25K·16薪,深圳,,2026-06-04 17:23:22
a8b1bf49163ac4fe0nB-0961GFNS,数据分析工程师,易趣购,20-99人,进出口贸易,本科,经验不限,,5-8K·13薪,深圳,,2026-06-04 17:23:22
5292cbd0170ebd9b03Vy3dS0FltS,数据分析师,豫程航空,100-499人,电子商务,本科,3-5年,"经济/工商管理相关专业, 计算机相关专业, 数学/统计相关专业",9-12K,深圳,,2026-06-04 17:23:22
4533be7f33f8a6ec1nxy0929FFNV,数据分析助理,Oceanpayment,100-499人,计算机服务,本科,1-3年,"数据分析, 风控",7-9K,深圳,,2026-06-04 17:23:22
888084d7adb4fa790nB839y1ElZV,数据分析师,荣鑫业,20-99人,电子商务,本科,3-5年,,12-20K,深圳,,2026-06-04 17:23:22
6ff94ed18f7cb0e21XNz2Nu6FldS,高级数据分析师,顺丰集团,10000人以上,互联网,本科,5-10年,物流行业数据相关经验,15-25K·14薪,深圳,,2026-06-04 17:23:22
5bad5a948537430c0nB-39m1GVFY,晚班数据分析,奈亚互动,20-99人,广告营销,大专,经验不限,"电商/零售行业数据相关经验, 文娱/游戏行业数据相关经验",7-8K,深圳,,2026-06-04 17:23:22
4782af004ecbc6400nB-2dS8EFVZ,数据分析师,万科物业服务有限公司,10000人以上,物业管理,本科,3-5年,"数据分析/挖掘经验, AI, 中介房产装修行业, SQL, Python",13-19K·14薪,深圳,,2026-06-04 17:23:22
eaa8d7dab7d64d780nR-3dq6GFVQ,数据分析师(电商),WOOK,1000-9999人,电子商务,本科,3-5年,"数学/统计相关专业, 计算机相关专业",10-15K,深圳,,2026-06-04 17:23:22
9622c731a4cb62740nZ-3dm6ElFQ,高级数据分析师,亮亮欣控股,100-499人,电子商务,本科,5-10年,,15-25K,深圳,,2026-06-04 17:23:43
b782716e52d8149c0nB82Ny_FlVT,数据分析工程师,深圳市云元智域科技,0-20人,互联网,本科,3-5年,"Python, SQL, 计算机相关专业",10-15K,深圳,,2026-06-04 17:23:43
d639ecba9461ed9c0nB42ti6ElNW,数据分析BP,车泰斗科技,500-999人,进出口贸易,本科,3-5年,"Power BI, Tableau, 数学/统计相关专业, 电商/零售行业数据相关经验, 亚马逊",14-16K,深圳,,2026-06-04 17:23:43
43a50b312d7e052e0nZy2tm5FFZY,用户运营岗（偏数据分析）,杭州某大型已上市高端厨房电器公司,1000-9999人,其他行业,本科,5-10年,数据分析能力好,20-30K·15薪,深圳,,2026-06-04 17:23:43
4d9475cec5863c260nV43t-1E1NZ,数据分析专员,零差云控,100-499人,智能硬件/消费电子,本科,经验不限,"经济/工商管理相关专业, Power BI, 数据分析/挖掘经验, Tableau, 计算机相关专业, SQL, Python, 数学/统计相关专业",14-28K,深圳,,2026-06-04 17:23:43
efb4e512447ac3240nZ_2NS6F1BV,统计数据分析实习生(J11155),粤港澳大湾区数字...,100-499人,学术/科研,本科,,,200-300元/天,深圳,,2026-06-04 17:23:43
622aa8b25370237603Vy3Nu9EVtR,数据分析师,能者科技,100-499人,企业服务,本科,3-5年,,300-800元/天,深圳,,2026-06-04 17:23:43
5e778a0de2044c8a0nZy3t29FltX,数据分析工程师,华源格林,100-499人,计算机软件,本科,3-5年,"涉诈风险, 反诈",15-20K,深圳,,2026-06-04 17:23:43
b0485556abd928090nV-2ty9ElRX,数据分析师,深致智能,20-99人,人工智能,本科,3-5年,,20-30K,深圳,,2026-06-04 17:23:43
acb6e2adf10958800nB-2Nu8EFBT,数据分析师-直播方向,百丽电商,1000-9999人,服装/纺织,本科,3-5年,,15-20K·14薪,深圳,,2026-06-04 17:23:43
ddd22b0e531c481d0nB80ty5GFZQ,数据分析,博彦科技,10000人以上,计算机软件,本科,3-5年,"SQL, Python",8-11K,深圳,,2026-06-04 17:23:43
53fc8a30ad8ec45403153tW-FldY,数据分析师,萱穹,20-99人,计算机软件,本科,经验不限,"SQL, Python, 计算机相关专业, 数据分析/挖掘经验",8-10K,深圳,,2026-06-04 17:23:43
430864bb30b6663d03Nz2dy6FlRS,数据分析师,开仓了,20-99人,计算机软件,本科,5-10年,,13-15K·13薪,深圳,,2026-06-04 17:23:43
049a51c5ca0e14b30nB-39W0EVJU,用户增长数据分析师,北京某中型计算机服务公司,500-999人,计算机服务,本科,5-10年,,25-35K·15薪,深圳,,2026-06-04 17:23:43
5ea1540443ad4a610nd429i9FVBQ,数据分析师（业务数据）,创想三维,1000-9999人,智能硬件,本科,3-5年,,15-25K·13薪,深圳,,2026-06-04 17:23:43
1f08f0286d82e1460nR-39-_GVFY,数据分析师（三消）,灵感游戏,100-499人,游戏,本科,3-5年,"海外三消游戏, 数据分析, 商业化分析",20-28K,深圳,,2026-06-04 17:24:04
da56f24da4fa0d8b03V839-0E1BZ,数据分析师（财务方向）,李森,100-499人,电子商务,本科,3-5年,"跨境电商, Power BI, 财务部, 数据分析/挖掘经验, SPSS, 自动化报表, 0-1搭建电商平台数据库, 电商/零售行业数据相关经验, SQL, Python, 数学/统计相关专业, 较强的API+调用能力",15-25K·13薪,深圳,,2026-06-04 17:24:04
7471a4ae59a9dfee1HNz2di7EVtT,实习数据分析师（可转正）,前海数据,100-499人,大数据,本科,经验不限,"经济/工商管理相关专业, Power BI, 数据分析/挖掘经验, SQL, Python, 数学/统计相关专业",3-5K,深圳,,2026-06-04 17:24:04
506e20a48b1424371nJz09i6GFNV,数据分析师,凉屋游戏,100-499人,游戏,本科,1-3年,"SQL, Python, Tableau, Power BI, 数学/统计相关专业, 计算机相关专业, 机器学习建模经验, 数据分析/挖掘经验, 文娱/游戏行业数据相关经验",12-24K·13薪,深圳,,2026-06-04 17:24:04
a942d15e1b7e64d80nR90tW5FVJV,数据分析专家,某大型半导体公司,500-999人,半导体/芯片,本科,10年以上,"Python, SQL, 数据分析/挖掘经验, 机器学习建模经验, 数据可视化",45-60K·15薪,深圳,,2026-06-04 17:24:04
0581f529e7bdeacd1nZ-29i0FFNQ,数据分析师,玖诚建筑工程,0-20人,工程施工,本科,经验不限,Java,6-10K,深圳,,2026-06-04 17:24:04
042dd4cce3599a7f0nR609q1EFNS,数据分析挖掘工程师,中信银行信用卡中心,10000人以上,互联网金融,本科,3-5年,"机器学习建模经验, 金融行业数据相关经验, 数据分析/挖掘经验, 计算机相关专业, 数学/统计相关专业, SQL, Python",25-50K·14薪,深圳,,2026-06-04 17:24:04
9c0f5c394f6c70200nB_3di-EFZW,资深数据分析师,湖北某大型智能汽车及智慧出行的时空数据服务公司,1000-9999人,互联网,本科,经验不限,,25-45K,深圳,,2026-06-04 17:24:04
6086eb5142d637230nB929y6FlRS,独立站AI开发与数据分析师,凯帝丽莎,500-999人,进出口贸易,本科,3-5年,,20-40K·13薪,深圳,,2026-06-04 17:24:04
51b45b0e1d70e9120ndz09W_F1FZ,催收数据分析,渣打银行,1000-9999人,银行,本科,1-3年,"金融行业数据相关经验, SAS, 数据分析/挖掘经验, 数学/统计相关专业",10-15K,深圳,,2026-06-04 17:24:04
45bfddc6f91438411n153Ny7E1NX,data-数据分析,北京字节跳动,1000-9999人,互联网,本科,1-3年,SQL,15-25K·18薪,深圳,,2026-06-04 17:24:04
e7ae54bb2709de270nd62N2-GVJU,数据分析实习生,Shopee,1000-9999人,电子商务,本科,,,150-200元/天,深圳,,2026-06-04 17:24:04
e142c6a960e706ea03193dq9ElFU,数据分析师,赛亿信,0-20人,电子商务,本科,1-3年,"广告, 亚马逊, 数据分析/挖掘经验, 计算机相关专业, 电商/零售行业数据相关经验, SQL, Python, 数学/统计相关专业",8-13K,深圳,,2026-06-04 17:24:04
2ffa2bc2b272cf530nV70tm1FFBX,数据分析师（Data Analyst）,汉成集团,1000-9999人,汽车研发/制造,本科,5-10年,,17-21K,深圳,,2026-06-04 17:24:04
88811119a337938c0nd62dq6FlFY,数据分析师,上海华为技术有限公司,10000人以上,通信/网络设备,本科,经验不限,,12-24K·14薪,深圳,,2026-06-04 17:24:04
d9ccd6fa851c68461XVz39i_EFNU,数据分析师,招商基金,500-999人,基金,本科,1-3年,"Python, SQL, R, Tableau",15-25K,深圳,,2026-06-04 17:24:24
8f64a4346f387c790nB_3N25FFtT,中级数据分析师--印刷行业/POD按需印刷,隽思,1000-9999人,印刷/包装/造纸,本科,3-5年,"Power BI, 数据分析/挖掘经验, 电商/零售行业数据相关经验, SQL, Python, 数学/统计相关专业",18-25K,深圳,,2026-06-04 17:24:24
6fe8d0b0bd9f7f240nR43Nu8FVpW,数据分析师,和生创新技术,500-999人,智能硬件,本科,3-5年,"Power BI, Claude Code, AI, Python",15-28K,深圳,,2026-06-04 17:24:24
cb9592d7fbe4b47903J839W7EFJR,数据分析师(供应链),徕芬科技,1000-9999人,智能硬件/消费电子,本科,3-5年,"Python, 数学/统计相关专业, 数据分析/挖掘经验",13-18K,深圳,,2026-06-04 17:24:24
5d2b2f7d1306c6630nZ93tm0EFNR,数据分析师（项目管理方向）,飞未云科,500-999人,咨询,本科,3-5年,"经济/工商管理相关专业, Tableau, 电商/零售行业数据相关经验, SQL, 数学/统计相关专业",17-24K·13薪,深圳,,2026-06-04 17:24:24
ce547ef49d79f2490nd_0tS6EVRW,数据分析师,mongoso,20-99人,计算机软件,本科,1-3年,,7-10K,深圳,,2026-06-04 17:24:24
cc6dc6b29870abbf0nVz0927FlVZ,高级数据分析师,深圳前海东元投资,100-499人,新零售,本科,3-5年,,20-25K,深圳,,2026-06-04 17:24:24
5be200c8611ac96b0ndz09m6GFBQ,高级数据分析师（市场方向）,阿麦斯,1000-9999人,食品/饮料/烟酒,本科,5-10年,"SQL, Python, Power BI, 数学/统计相关专业, 计算机相关专业, 数据分析/挖掘经验, 电商/零售行业数据相关经验",20-30K,深圳,,2026-06-04 17:24:24
90fe424769396a780nVy0ti7F1dT,数据分析师,深圳市晟坤智科技,100-499人,物联网,本科,,,170-220元/天,深圳,,2026-06-04 17:24:24
83d7a6ca7bbf57850nZ73t26FFRR,数据分析师（量化）,冰创未来,100-499人,互联网,本科,1-3年,,20-35K·14薪,深圳,,2026-06-04 17:24:24
b4898b8520d73a5003d709W0F1NV,资金数据分析师,广东福朗智侦科技,0-20人,大数据,本科,3-5年,"数据分析/挖掘经验, 计算机相关专业, Python, SQL, 数学/统计相关专业",10-15K,深圳,,2026-06-04 17:24:24
73e2ef771f3f8ab70nR90927EltS,数据分析师,利欧集团,1000-9999人,电气机械/器材,本科,1-3年,,7-10K·13薪,深圳,,2026-06-04 17:24:24
781b5a5765b011440nd80t-7FVtY,IT数据分析助理（跨境电商）,朗胜,100-499人,进出口贸易,本科,经验不限,"Power BI , 大数据处理经验, 计算机相关专业, 数据库, Python, 数学/统计相关专业",6-8K,深圳,,2026-06-04 17:24:24
5aabc8cdc04ef3800nR_29m8GFdR,数据分析师,深圳乐思美综合门诊部,20-99人,医疗服务,本科,3-5年,"计算机相关专业, SQL",9-13K,深圳,,2026-06-04 17:24:24
7f16b52130ec87aa03xz2dS-EFVY,数据分析师,闪电快车,10000人以上,互联网,本科,3-5年,"数据分析, SQL",20-30K,深圳,,2026-06-04 17:24:24
48260bdc913ae87d0ndy3d60FFFX,数据分析（投放业务）,深圳禅游科技,500-999人,游戏,本科,3-5年,"投放, 文娱/游戏行业数据相关经验, 游戏",20-40K·13薪,深圳,,2026-06-04 17:24:45
f7497e86f095723b0nV63Ni7FldT,广告投放数据分析,富途,1000-9999人,互联网,本科,3-5年,,25-35K,深圳,,2026-06-04 17:24:45
e8ca7514f3051d4a0nd60tm5EFtU,数据分析师（兼RPA开发）(J14609),傲基,1000-9999人,电子商务,本科,3-5年,"Python, R, MATLAB, 数学/统计相关专业, 计算机相关专业, 数据分析/挖掘经验, 电商/零售行业数据相关经验, RPA",15-20K,深圳,,2026-06-04 17:24:45
1fd399d1c914d3760nVy3N-5GFJX,数据分析师（统计建模方向）,深圳万通顺达物流,500-999人,公路物流,硕士,1-3年,,20-30K,深圳,,2026-06-04 17:24:45
a373daba0f9553ba0nd_39u0ElZV,数据分析,某知名互联网公司,1000-9999人,互联网,本科,3-5年,,20-25K,深圳,,2026-06-04 17:24:45
8f936a74c0152b3a03F82t24ElFW,数据分析师（海外社交方向）,米可世界,1000-9999人,互联网,本科,3-5年,,20-40K·15薪,深圳,,2026-06-04 17:24:45
10edd2e45f516d5a0nd63ty8EFpQ,数据分析师,迷你玩科技游戏,1000-9999人,游戏,本科,5-10年,,20-30K,深圳,,2026-06-04 17:24:45
2dd549e852369a410nZ53tS8F1ZQ,数据分析师,固胜智能科技,100-499人,智能硬件,本科,3-5年,"SQL, Power BI, 数学/统计相关专业, 数据分析/挖掘经验, 电商/零售行业数据相关经验, 物流行业数据相关经验",15-20K·14薪,深圳,,2026-06-04 17:24:45
949bf1ac715599d30nR52ty6GFpY,跨境电商数据分析师,深圳市茂笙科技,0-20人,电子商务,本科,1-3年,"数学/统计相关专业, 数据分析/挖掘经验, 电商/零售行业数据相关经验, 跨境电商, 亚马逊",9-10K,深圳,,2026-06-04 17:24:45
d24dda35ac70a5fd0nZ53NW5F1NZ,数据分析师,星河机电,0-20人,通用设备,本科,5-10年,,15-28K,深圳,,2026-06-04 17:24:45
dc6c0f85f478b3b60nB83N69FlpT,数据分析,今日头条,0-20人,互联网,本科,3-5年,,20-40K·15薪,深圳,,2026-06-04 17:24:45
20ca101be44aaf660nB50ty4GVdS,数据分析师（银行）,商汤科技,1000-9999人,互联网,本科,3-5年,,15-30K,深圳,,2026-06-04 17:24:45
5ffb59f05b9e22900nB53d-_F1JS,营销数据分析专家,安克创新,100-499人,消费电子,本科,3-5年,SQL,13-22K,深圳,,2026-06-04 17:24:45
dbb85f1b93c65809031809q1EFpT,数据分析师(J10096),鑫荣懋,1000-9999人,食品/饮料/烟酒,本科,3-5年,"运营分析, 客户分析, 销售分析, 供应链分析",18-25K,深圳,,2026-06-04 17:24:45
bbc33e6829291e881HN73tW0GVRY,实验室数据分析专员,秒准,20-99人,电子/硬件开发,本科,1-3年,"仪器仪表, SAS, 数据分析/挖掘经验, 计算机相关专业, MATLAB, 数学/统计相关专业, 实验室器材",4-8K,深圳,,2026-06-04 17:24:45
4c7fa74fedfb7d940nZ43Nq_E1dS,数据分析师,航迹线科技,0-20人,移动互联网,本科,3-5年,SQL,17-22K,深圳,,2026-06-04 17:25:05
98a576da94ee02750nd82d69FVJR,数据分析师,葫芦哇科技,20-99人,互联网,本科,3-5年,,15-25K,深圳,,2026-06-04 17:25:05
3827507db047609b0nB-2ti9FVRQ,数据分析师,彩多多,20-99人,游戏,本科,3-5年,,18-30K,深圳,,2026-06-04 17:25:05
2a872c66df77b9b003B43ti7FlNW,数据分析师（社交）,广州智品网络科技公司,100-499人,互联网,本科,3-5年,,25-30K·15薪,深圳,,2026-06-04 17:25:05
a8f60ef0e247e1d20nB72tm7GFFY,数据分析师,某中型互联网金融公司,100-499人,互联网金融,本科,3-5年,,30-40K,深圳,,2026-06-04 17:25:05
06e1b8a4240a573803Z-3dW8FFBY,数据分析师（公安行业）,安数,100-499人,互联网,本科,3-5年,"Python, SQL",13-23K,深圳,,2026-06-04 17:25:05
c0e6a3795e987ce40nB_3d64GFFR,数据分析师,卓奇设计,100-499人,互联网,本科,3-5年,"SQL, Python, 数学/统计相关专业, 计算机相关专业, 数据分析/挖掘经验, 金融行业数据相关经验, Excel, 业务场景分析",12-18K,深圳,,2026-06-04 17:25:05
041daa13fb56fc2c03N52tS1FVtW,产业数据分析师,深圳中科新工数字技术,20-99人,计算机服务,本科,3-5年,,10-15K,深圳,,2026-06-04 17:25:05
5df6d46da41a34481HB-0tq4GFVY,抖音数据分析师,理然,100-499人,电子商务,本科,3-5年,"抖音, 云图, ISV, Python, SQL",20-30K,深圳,,2026-06-04 17:25:05
136aadbbba60e00a0nx80968EFc~,数据分析师,中宏酒业,0-20人,其他生活服务,本科,经验不限,"数据分析, 数据挖掘, 数据仓库, 商业数据分析, 数据库开发",3-4K,深圳,,2026-06-04 17:25:05
7d2e858e356e7f8303V92d68GFtZ,数据分析师,览众数据,100-499人,大数据,本科,1-3年,"数据分析/挖掘经验, Tableau, 计算机相关专业, MATLAB, SQL, 数学/统计相关专业",10-15K·13薪,深圳,,2026-06-04 17:25:05
feef48be0c69c7ec1nV63Ny9F1FY,数据分析师,常安科技,20-99人,批发/零售,本科,1-3年,"数据分析, MySQL, Oracle",10-12K,深圳,,2026-06-04 17:25:05
237bdf3a9312c8570ndz3dq1EVRS,跨境电商数据分析师,酷吉乐,100-499人,智能硬件/消费电子,本科,3-5年,,15-25K,深圳,,2026-06-04 17:25:05
e808f84b899aa1ec0nd43tm1FVJR,跨境电商数据分析师,创金跨境电子商务,20-99人,电子商务,本科,1-3年,"Python, Power BI, SPSS, 数学/统计相关专业, 计算机相关专业, 数据分析/挖掘经验, 电商/零售行业数据相关经验",9-14K,深圳,,2026-06-04 17:25:05
e65e6f32dcb028630nVy2tq6ElJZ,数据分析师,深圳市货来货往电商,20-99人,互联网,本科,经验不限,,4-8K,深圳,,2026-06-04 17:25:05
dbd144b10b9cdcc30nB42NS0EVVU,数据分析专家,深圳某大型互联网金融上市公司,10000人以上,互联网金融,本科,经验不限,,30-55K·16薪,深圳,,2026-06-04 17:25:24
679704c2f724c4631HR_39u_FldS,数据分析师,顺丰科技,1000-9999人,互联网,本科,3-5年,"Hive, 商业智能, 数据分析, 数据分析/挖掘经验, Hadoop, 计算机相关专业, 大数据, SQL, Python, 数学/统计相关专业",11-17K·14薪,深圳,,2026-06-04 17:25:24
091fcae3c6ec1b7d0nB83tq4ElVT,数据分析/数据开发,深圳市中洲商置投资,100-499人,房地产开发经营,大专,5-10年,"SQL, Python, 计算机相关专业, 数据分析/挖掘经验, 电商/零售行业数据相关经验",10-13K·15薪,深圳,,2026-06-04 17:25:24
9eb5baba7038814203x72N-4EVRV,数据分析师,海博欧科技,100-499人,互联网,本科,3-5年,,15-25K,深圳,,2026-06-04 17:25:24
6ce8b4597493ad7e0ndz3NW0GFNT,跨境PMC数据分析师（双休）,深圳犇康科技有限公司,100-499人,电子商务,本科,1-3年,,8-12K,深圳,,2026-06-04 17:25:24
31976c9d46c531581XF73d-_FFRV,数据分析师,点宽科技,20-99人,互联网,硕士,3-5年,"机器学习建模经验, 数据分析/挖掘经验, Python, 数学/统计相关专业",12-20K,深圳,,2026-06-04 17:25:24
02a02f8accd895bf0nB_0tu9F1NT,数据分析师,众智亿动,20-99人,互联网,本科,3-5年,"SQL, Python",12-24K·14薪,深圳,,2026-06-04 17:25:24
eda1740d51c366f90nV42tq7GVdY,数据分析师/BI Analys (远程),敬衡,100-499人,企业服务,本科,3-5年,,12-20K,深圳,,2026-06-04 17:25:24
12b358f358b9c3da0nRy3Nu7FVRW,KA实施项目经理（数据分析）,慧策旺店通-掌上先机,1000-9999人,互联网,本科,1-3年,"项目管理经验, 数据分析, 电商",12-18K,深圳,,2026-06-04 17:25:24
e5664bd7f86b92e80nZ_0961GVRR,会员数据分析师,全棉时代,1000-9999人,批发/零售,本科,5-10年,"Power BI, SQL, Python, 数学/统计相关专业, 数据分析/挖掘经验, 电商/零售行业数据相关经验",15-25K,深圳,,2026-06-04 17:25:24
17bc4702450fbfa40nZz3925F1VY,跨境数据分析师,深圳金焱焱,20-99人,电子商务,本科,1-3年,,8-13K,深圳,,2026-06-04 17:25:24
7ee1d0db2578488603J62du6F1pT,大气数据分析工程师,华仁智信,20-99人,计算机软件,本科,3-5年,"废气处理设计经验, 有环保工程师经验, 不需长期出差, 注册环保工程师证书",10-15K·18薪,深圳,,2026-06-04 17:25:24
6fc5cef9e67982570nR93NW6FlZR,Power BI 数据分析师（兼职）,悦策科技,20-99人,大数据,本科,3-5年,"Power BI, Python, SQL, 计算机相关专业",500-700元/天,深圳,,2026-06-04 17:25:24
f57d71a91247787f1XR-2di-F1FX,高级数据分析师,中华商务联合印刷,1000-9999人,印刷/包装/造纸,本科,5-10年,"SQL, Excel",15-20K,深圳,,2026-06-04 17:25:24
39b26f19e56dba3703172ti-FVtT,数据分析师,两步路,100-499人,互联网,本科,3-5年,,12-20K,深圳,,2026-06-04 17:25:24
d2c2d6aa23c11ed20nZ60ti1EVBZ,跨境电商数据分析师,深圳市斯塔福科技,20-99人,电子商务,大专,1-3年,"Power BI, Tableau, 计算机相关专业, SQL",7-9K,深圳,,2026-06-04 17:26:47
85af061555f5f5bd0nB439u1E1ZZ,数据分析,法本,10000人以上,计算机软件,本科,3-5年,AI,10-14K,深圳,,2026-06-04 17:26:47
a3ad14dcc08380850nB_0t21ElRX,数据科学家/数据分析师（智慧工厂方向）,塔牌集团,1000-9999人,其他制造业,本科,3-5年,"机器学习建模经验, Power BI, 数据分析/挖掘经验, 计算机相关专业, 数据分析、数据科学, SQL, Python, 数学/统计相关专业",18-30K,深圳,,2026-06-04 17:26:47
e038ed983b31e99d0nVy2Ny5EFBQ,数据分析实习生【27届及以后】,万兴科技,1000-9999人,计算机软件,本科,,,200-300元/天,深圳,,2026-06-04 17:27:08
5ebbe71f4aa68d780ndz09-9EVtX,客户质量数据分析师,韶音科技,1000-9999人,智能硬件,本科,经验不限,,15-25K·14薪,深圳,,2026-06-04 17:27:08
f6237a98985e4ff60nd_0tW0E1pR,海外短剧数据分析师,深圳市极光巨擘科技,20-99人,互联网,本科,5-10年,"海外短剧数据分析, Tableau, 计算机相关专业, 数学/统计相关专业",18-35K,深圳,,2026-06-04 17:27:08
27ee05bd2427cb130nd429m-FVFV,数据分析实习生,百度在线,10000人以上,互联网,本科,,"SQL, 数学/统计相关专业, 计算机相关专业, Pandas",300-560元/天,深圳,,2026-06-04 17:27:08
dd9a42715f27da401X1909W7ElNQ,数据分析师,乾朗实业,0-20人,电子/半导体/集成电路,本科,1年以内,"参数检验, 相关分析",12-13K,深圳,,2026-06-04 17:27:08
5c35c21309a925d10nB62d28FFJQ,数据分析专家,某大型计算机软件公司,1000-9999人,计算机软件,本科,10年以上,"深度参与商业流量策略, C端数据分析经验, 流量生态相关数据分析",45-55K·16薪,深圳,,2026-06-04 17:27:08
6f8cf2ab7a11c06e1Hx-09-1E1pZ,数据分析师/商业分析,深圳三可药业有限公司,1000-9999人,医药批发零售,本科,3-5年,Python,12-18K,深圳,,2026-06-04 17:27:08
56f952b514103eb30nB73ty8EVJV,it数据分析,某大型互联网公司,500-999人,互联网,本科,3-5年,,15-25K,深圳,,2026-06-04 17:27:29
dd234d202a14b56a0nZz0tW0F1tZ,数据分析师,货拉拉科技,10000人以上,互联网,本科,3-5年,SQL,25-35K,深圳,,2026-06-04 17:27:29
31142d424711cb590nV_3N-7GVBZ,亚马逊数据分析师,司顺电子商务,1000-9999人,电子商务,本科,3-5年,,15-19K·13薪,深圳,,2026-06-04 17:27:29
bbb1f49fcfb4fc300nB82N21EFVQ,数据分析团队负责人,Anker,1000-9999人,智能硬件/消费电子,硕士,10年以上,,35-55K·16薪,深圳,,2026-06-04 17:27:29
137a0736b7a0c48003d42Nu7FlBU,市场数据分析师,一帆珠宝云商,20-99人,投资/融资,本科,5-10年,,15-20K·13薪,深圳,,2026-06-04 17:27:29
769a1772343f8b520nB72di5F1RU,数据分析助理,睦熙科技,0-20人,互联网,本科,经验不限,,5-8K,深圳,,2026-06-04 17:27:29
9482fa6c37df3e3b0nB-2d6-GFZQ,短视频运营数据分析师,深圳市灵感跃动科技,20-99人,电子商务,本科,1-3年,,10-15K,深圳,,2026-06-04 17:27:50
6f06f0f8d00a30d10nB_09S0F1FX,高级数据分析师/主管,飞铭达,100-499人,进出口贸易,本科,5-10年,,15-30K,深圳,,2026-06-04 17:27:50
46609ad8129c16c51HJ_3Nq4E1pQ,高级数据分析师,剧星传媒,1000-9999人,广告营销,本科,1-3年,"Tableau, Power BI, 数学/统计相关专业, 计算机相关专业, 经济/工商管理相关专业",9-14K·13薪,深圳,,2026-06-04 17:27:50
9368289c108f14600nB73Nq5GFFW,数据分析专员,星火集团,100-499人,企业服务,本科,1-3年,,8-10K,深圳,,2026-06-04 17:27:50
ff218c544793ff240nB63Ny0GFJX,数据分析师,广联智通科技,100-499人,通信/网络设备,本科,3-5年,,11-20K,深圳,,2026-06-04 17:27:50
1543156f0fff876e0ndy0tq9FFZY,亚马逊数据分析师（人工+AI 库存管理）,上善无疆,20-99人,电子商务,本科,1-3年,,7-8K,深圳,,2026-06-04 17:27:50
2291a8697260b9ba03J92Nm7EFNZ,数据分析专家（市场部）,深圳某大型智能硬件公司,10000人以上,智能硬件,本科,5-10年,"营销数据分析, 社媒数据分析, 站外广告数据分析, 数据归因, 目标衡量",30-55K·15薪,深圳,,2026-06-04 17:27:50
57f293c97ef1f5490nB40924EVZW,数据分析师（策略方向）,想法流,20-99人,互联网,本科,1-3年,"内容平台, 用户画像, 数据分析/挖掘经验, 文娱/游戏行业数据相关经验, SQL, Python",20-30K·14薪,深圳,,2026-06-04 17:27:50
1e7af3691d5ee0ad0nB_2dS9FFNX,产品营销实习生（数据分析方向）,护家科技(集团)股份,500-999人,日化,本科,,,180-200元/天,深圳,,2026-06-04 17:28:12
07ddd7e1f5b7d6b003Fz0t66EVdT,数据分析师,赋风科技,100-499人,互联网,本科,3-5年,"经济/工商管理相关专业, 机器学习建模经验, 宏观经济, 数据分析/挖掘经验, 计算机相关专业, 建模, 政务, SQL, 政府, R, GDP, Python, 数学/统计相关专业",11-20K,深圳,,2026-06-04 17:28:12
f65e3b4ddb22eb8703Nz2Ni4GFRR,AI数据分析与标注工程师,创视智谷,0-20人,人工智能,本科,1-3年,数据分析能力，非常细心,12-15K,深圳,,2026-06-04 17:28:12
60cca3a93b7646e41Hx429i7FVBV,数据分析师,深电能,100-499人,电力/热力/燃气/水利,硕士,经验不限,"偏差控制, 机器学习建模经验, 电力交易, 数据分析/挖掘经验, 趋势分析预测, 计算机相关专业, 理工科学历, SQL, Python, 数学/统计相关专业",11-20K,深圳,,2026-06-04 17:28:12
166ba0ea2ba235780nZ929--GFJU,数据分析师/计划专员（经理级/储干培养）,雷特科技,1000-9999人,电子商务,本科,3-5年,,25-35K·13薪,深圳,,2026-06-04 17:28:12
f68d08e2bd6b8ec50nV73N6-GFNU,数据分析,某知名互联网公司,1000-9999人,电子商务,本科,1-3年,,35-65K·16薪,深圳,,2026-06-04 17:28:32
0b97a6b355c7c0e603Jz2Ny7GVdX,数据分析师,震兑,100-499人,互联网,本科,3-5年,"Python, MATLAB, Tableau, Power BI, SPSS, 数学/统计相关专业, 数据分析/挖掘经验, 工业数据, 数据分析",11-18K·13薪,深圳,,2026-06-04 17:28:32
1497b2551292f91b0nB52tW8GFZY,数据分析leader,速境生活科技,100-499人,智能硬件,本科,5-10年,,40-60K·15薪,深圳,,2026-06-04 17:28:32
ef710e48c330cbd203N63t20FVdU,数据分析师（跨境电商供应链）,麦瑞克科技,1000-9999人,智能硬件/消费电子,本科,5-10年,,20-30K·13薪,深圳,,2026-06-04 17:28:32
2b67a864c97e63140nZ63dW-FVpS,风险数据分析师（外包）-深圳 (MJ002678),百融云创,1000-9999人,人工智能,本科,1-3年,,20-28K,深圳,,2026-06-04 17:28:32
8007e913b588c1d60nR62tS7E1JQ,数据分析师,深圳金色向日葵科技,0-20人,人工智能,本科,1-3年,,8-13K,深圳,,2026-06-04 17:28:32
906063f049bfd7240nZ929i9E1dY,数据分析师实习生（AI产品）,添科智能,20-99人,人工智能,本科,,"SQL, Python, Tableau, Power BI, 数学/统计相关专业, 计算机相关专业, 经济/工商管理相关专业, 数据分析/挖掘经验, 机器学习建模经验, 标签文档, 数据治理",180-240元/天,深圳,,2026-06-04 17:28:32
bb031bd2a5da66b00nVy3tW0EFZS,数据分析师,TCL雷鸟科技,100-499人,互联网,本科,3-5年,,20-35K·16薪,深圳,,2026-06-04 17:28:54
fe12a4c1c7e637b80nB82Nq-EltQ,AI+BI数据分析师,深圳某小型跨境电商公司,20-99人,电子商务,本科,3-5年,"Power BI, Tableau, AI+BI, 跨境平台, Qlik Sense",15-25K,深圳,,2026-06-04 17:28:54
2439c5a167fbb0b70nVz2t25FVRW,数据分析师（数据科学方向）,卓驭,1000-9999人,人工智能,本科,3-5年,,30-40K·15薪,深圳,,2026-06-04 17:28:54
b620001f2e36bb1b03N-2Nq1ElpQ,BI高级数据分析师(外派拉美),比亚迪汽车工业,10000人以上,汽车研发/制造,本科,3-5年,"Power BI, 数据分析/挖掘经验, Tableau",30-60K,深圳,,2026-06-04 17:28:54
0662dbf2c654566403B62d-_EFRZ,数据分析师,云镝智慧科技有限公司,100-499人,互联网,本科,3-5年,,12-24K,深圳,,2026-06-04 17:28:54
19a21129fad0e0130nB42N-_EVNU,西班牙语数据分析,深圳市高链科技,1000-9999人,跨境物流,本科,1-3年,,8-12K·13薪,深圳,,2026-06-04 17:28:54
224e6308f5e3828503V-2du-FlFW,数据分析师（跨境电商/双休）,亿泽创新,100-499人,电子商务,本科,3-5年,"数据分析师, 数据分析/挖掘经验, 计算机相关专业, 跨境电商行业, 产品分析, 市场调研, 电商/零售行业数据相关经验, 数学/统计相关专业",15-20K·13薪,深圳,,2026-06-04 17:28:54
bbfdffc6bb34aaeb0nB70ty9FlBS,数据分析师,云游千川,20-99人,游戏,本科,1-3年,"互联网, 游戏, 火山引擎, SQL",13-18K,深圳,,2026-06-04 17:28:54
77557e92890130970nB709i5E1BY,物料成本及数据分析师,自变量机器人,100-499人,人工智能,本科,3-5年,,20-40K·16薪,深圳,,2026-06-04 17:29:15
ae874f45034aaccd0ndy2d6_GVNW,数据分析师,OYEFLY,20-99人,电子商务,本科,经验不限,"数学/统计相关专业, 计算机相关专业, 数据分析/挖掘经验, 经济/工商管理相关专业, 电商/零售行业数据相关经验",5-10K,深圳,,2026-06-04 17:29:15
e8a813f953f6847703F_3d27GVRZ,资深数据分析师(A143193),米可世界,1000-9999人,互联网,本科,5-10年,"数据分析/挖掘经验, 文娱/游戏行业数据相关经验, 计算机相关专业, 电商/零售行业数据相关经验, Python, SQL, 数学/统计相关专业",35-55K·15薪,深圳,,2026-06-04 17:29:15
73003742ae30bb690nV52tW9EVpR,数据分析师,软牛科技集团,500-999人,计算机软件,本科,3-5年,"SQL, Python, R, 数学/统计相关专业, 计算机相关专业, 数据分析/挖掘经验",15-30K,深圳,,2026-06-04 17:29:15
3d03cf7f06a8d94803B_0ty9F1pW,数据分析师,开时支付,100-499人,互联网,本科,3-5年,"数据分析, 数据仓库, 数据挖掘",20-40K·14薪,深圳,,2026-06-04 17:29:15
e8bbb2f21c236f3903d809-0GFdW,数据分析,万宝盛华企业管理...,1000-9999人,生活服务(O2O),本科,1-3年,"客户声音管理, Power BI, 渠道伙伴管理, 数据分析/挖掘经验, Tableau, 电商/零售行业数据相关经验, SQL, Python",11-20K,深圳,,2026-06-04 17:29:15
ac31cd6ab6c90d0603x_2Nu_GVtW,数据分析师,万邑通,1000-9999人,互联网,本科,1-3年,"机器学习建模经验, 数据分析/挖掘经验, 数据产品经理, 数据挖掘, 物流行业数据相关经验",40-60K,深圳,,2026-06-04 17:29:35
96148e918e56dc3603Z_09m5FFRU,数据分析,翔洪科技,20-99人,互联网,本科,经验不限,"金融行业数据相关经验, 数据分析/挖掘经验, 计算机相关专业, 电商/零售行业数据相关经验, 数学/统计相关专业",5-6K,深圳,,2026-06-04 17:29:35
dcf63741c03f318003V_2NW0FlFX,数据分析师,锐明像素,1000-9999人,大数据,本科,5-10年,"SQL, Python, 数学/统计相关专业",15-28K,深圳,,2026-06-04 17:29:35
685413443fbff3f00nB_09-1EFVV,数据分析,大瀚集团,1000-9999人,人力资源服务,硕士,3-5年,,15-30K·18薪,深圳,,2026-06-04 17:29:35
34403ba0797a2b8d0nVz2dm9EFVR,跨境电商数据分析师,深圳诺泰科电子,20-99人,进出口贸易,本科,1-3年,"Python, SQL, Power BI, 数学/统计相关专业, 计算机相关专业, 数据分析/挖掘经验, 电商/零售行业数据相关经验",8-13K,深圳,,2026-06-04 17:29:57
60d3e45136607e010nV82d-8FVtY,资深数据分析师/数据分析专家,迅雷网络,1000-9999人,互联网,本科,5-10年,"机器学习建模经验, 数据分析/挖掘经验, Tableau, SQL, Python, 物流行业数据相关经验",25-50K·15薪,深圳,,2026-06-04 17:29:57
b33bf3cc7770efbc03B92t26F1VY,数据分析师,北京凡得科技有限公司,20-99人,计算机软件,本科,1-3年,"SQL, 数据分析/挖掘经验",12-18K·13薪,深圳,,2026-06-04 17:29:57
2f899e2e1cf653980nd52Nm4F1JS,数据分析实习生-27届,影石Insta360,1000-9999人,智能硬件,本科,,,200-250元/天,深圳,,2026-06-04 17:33:03
3a45feb804d8bb8603N929u4FlJU,数据分析师,深圳冠晨,100-499人,互联网金融,本科,1-3年,"SQL, Python, 数学/统计相关专业, 计算机相关专业, 机器学习建模经验, 风控相关经验, 数据分析/挖掘经验, 算法, 风控策略, 机器学习, ai, 决策树",10-15K,深圳,,2026-06-04 17:33:03
e316ac4b84731b7003Zy0t64F1RV,数据分析师,巨鸣网络,20-99人,电子商务,本科,经验不限,"数据分析/挖掘经验, 计算机相关专业, SQL, Python, 数学/统计相关专业",7-10K,深圳,,2026-06-04 17:33:03
a0dbeaeac895cfd00nB42t-5EFdQ,中高级数据分析师（在线教育）,十方融海,1000-9999人,互联网,本科,3-5年,"Python, SQL, Power BI, 数据分析/挖掘经验",18-25K,深圳,,2026-06-04 17:33:03
e2aa56ee9b5da70303173ty-EVJR,数据分析师,优购哆电子商务,100-499人,电子商务,本科,5-10年,,20-30K,深圳,,2026-06-04 17:33:23
7c6022bdd5b54b550nVz0tS6F1pZ,数据分析师/产品经理/用户画像,诚迈科技,1000-9999人,计算机服务,本科,3-5年,"Hive, HQL, 事件分析/AB实验, 数据分析/挖掘经验, Tableau, APP/小程序/C端, 用户增长/产品分析, SQL, Python",17-25K,深圳,,2026-06-04 17:33:23
9317f2b3cd5a35ee0nZy2d-1GVtY,高级数据分析师,亚飞电商,1000-9999人,电子商务,本科,3-5年,,15-20K·13薪,深圳,,2026-06-04 17:33:23
0bf7ff37afb9298703Z43Nq5GVBV,数据分析师,转转集团,1000-9999人,互联网,本科,1-3年,,12-18K·15薪,深圳,,2026-06-04 17:33:23
7315f0e4ee5d54cc0ndy3Ny6E1dX,数据分析师（跨境电商&双休）,智汇创想,1000-9999人,互联网,本科,1-3年,"数据看板, 数据分析, 市场数据洞察, 亚马逊数据分析, SQL, Python, 跨境电商数据分析",11-20K,深圳,,2026-06-04 17:33:23
709180cf64efebfc0nB429S1GVVW,跨境成本数据分析师（双休/海外仓方向）,巨拓科技,100-499人,互联网,本科,1-3年,"数据分析/挖掘经验, Python, SQL, 数学/统计相关专业, 物流行业数据相关经验",9-11K,深圳,,2026-06-04 17:33:23
539ea2b05bee2b220nB-2NS1EFpQ,JT260504审计数据分析师,彩生活,10000人以上,生活服务(O2O),本科,3-5年,"风控相关经验, 数据分析/挖掘经验, 计算机相关专业, SQL, 数学/统计相关专业",10-15K,深圳,,2026-06-04 17:33:45
2e55ee8a6756aa070nd63tu4F1ZQ,数据分析师,深圳某大型互联网金融上市公司,1000-9999人,互联网金融,硕士,3-5年,,23-35K·17薪,深圳,,2026-06-04 17:33:45
2736b232b74933700nB73t6_FFdV,数据分析管培生薪资7-9k/需轮岗,深圳市艾霸科技,0-20人,互联网,本科,经验不限,,7-9K·13薪,深圳,,2026-06-04 17:33:45
0e44cd2ee86a597103Fy3d2-GFdT,oppo-数据分析师,OPPO,10000人以上,互联网,本科,3-5年,"SQL, 大数据, 用户, 广告",20-40K·16薪,深圳,,2026-06-04 17:33:45
733a4b63be6adcf60nB80967EFRS,数据分析师（驻场-统招）,慧博云通,10000人以上,计算机软件,本科,5-10年,"AI工具, Hive, 数据分析/挖掘经验, 零售行业, 计算机相关专业, Vibe coding, 熟悉端到端的财务流程, 电商/零售行业数据相关经验, Python, SQL, 数学/统计相关专业",15-16K,深圳,,2026-06-04 17:33:45
243fbb4e118443f90nB82dq1FFRZ,市场数据分析师,诺恩医疗器械有限公司,100-499人,医疗器械,本科,5-10年,"Power BI, Tableau, 搭建FDA 510(k)数据库, 有B2B或国际市场背景, 英语为主要工作语言, 完整数据分析0到1经验",15-20K,深圳,,2026-06-04 17:33:45
f410ee652c3add0a0nB_2tW-EVJQ,数据分析师-广告方向,SHEIN,10000人以上,电子商务,本科,3-5年,,30-45K·15薪,深圳,,2026-06-04 17:34:06
05be24ed48c7987b0nZ82N--FVpQ,数据分析师（TO B，外贸）,博达集团,1000-9999人,日化,本科,3-5年,SQL,8-13K·13薪,深圳,,2026-06-04 17:34:06
953adc69262925a40nd439S7FVBS,国际物流/项目助理 (数据分析师 / 双休),运筹帷幄物流集团,500-999人,跨境物流,本科,1-3年,"数据核算, Excel, 数据分析, 报表制作, 计算机相关专业, 业绩统计, Python, 数学/统计相关专业",6-9K·13薪,深圳,,2026-06-04 17:34:06
afb69ec1071e9e1a0nZ43ty7E1dW,数据分析师,广东莞创信息咨询,0-20人,计算机服务,大专,1年以内,"SQL, Python, R, MATLAB, Tableau, 计算机相关专业",6-8K,深圳,,2026-06-04 17:34:06
1036a26f3f32713f0nB82di7EVFZ,数据分析师（短期4个月）,龙艺集团,100-499人,人力资源服务,本科,3-5年,,10-15K,深圳,,2026-06-04 17:34:28
9407bb49e04658640nV43dy7GFVW,VOC数据分析师（提供宿舍和免费班车）,闪魔,500-999人,批发/零售,本科,1-3年,"Power BI, Tableau, SPSS, VOC, 电商/零售行业数据相关经验, SQL, Python",15-25K,深圳,,2026-06-04 17:34:28
25478d548cfbe0bb0nd93d24E1dX,数据分析师(电商/偏业务端),彼岸科技,20-99人,电子商务,本科,1-3年,"SAS, SPSS, 数学/统计相关专业, 计算机相关专业, 数据分析师",10-15K,深圳,,2026-06-04 17:34:28
28db6dcba5560dd00nZ_39i6FVNQ,亚马逊数据分析师,豪雅集团,1000-9999人,电子商务,本科,1-3年,"跨境电商, 亚马逊, 四六级, 大小周, 计算机相关专业, 电商/零售行业数据相关经验, 数学/统计相关专业",11-18K·13薪,深圳,,2026-06-04 17:34:48
c3e663c649171f9003x62Nq5EVtV,数据分析工程师,艾姆诗,500-999人,电子商务,本科,3-5年,"数据分析/挖掘经验, SQL, 数学/统计相关专业",12-15K·13薪,深圳,,2026-06-04 17:34:48
0ee96266c554f51103xz3929E1NQ,数据分析实习生,启盼,100-499人,互联网,本科,,,150-200元/天,深圳,,2026-06-04 17:35:08
e29d240f2a0f940f0nB73d25F1pS,数据分析师,镇旭科技有限公司,20-99人,游戏,本科,3-5年,"SQL, Python, 文娱/游戏行业数据相关经验",30-45K,深圳,,2026-06-04 17:35:08
d892c5fe0a082fef03N_09u-EVJV,数据分析师,金久缘珠宝,100-499人,珠宝/首饰,本科,3-5年,"飞书, 电商/零售行业数据相关经验",10-15K,深圳,,2026-06-04 17:35:08
97e6f1e3eb4cb0021HB829u-EFJU,数据分析师,嘉立创,1000-9999人,电子/硬件开发,本科,5-10年,"数据分析/挖掘经验, SQL, 数学/统计相关专业",25-30K·13薪,深圳,,2026-06-04 17:35:08
459114fd812921dd0nB-2Ny9F1JQ,数据分析师,万物云,10000人以上,物业管理,本科,3-5年,"BI报表, 数据分析, 大数据开发, Python, SQL",10-15K,深圳,,2026-06-04 17:35:08
fa51f724750a41530nZy3NS-FVVR,高级数据分析师,北京传易摩尔科技,500-999人,互联网,本科,3-5年,"数学/统计相关专业, 数据分析/挖掘经验, 机器学习建模经验",20-30K·14薪,深圳,,2026-06-04 17:35:30
eb21ad19e4fed2240nB52tm8FFJX,数据分析师,PatPat,500-999人,电子商务,本科,1-3年,"机器学习建模经验, SQL, Python",8-10K,深圳,,2026-06-04 17:35:30
7b7fdd56e21e5fa503d52dy9FlNQ,数据分析师（电商）,深圳尚美未来,100-499人,互联网,本科,在校/应届,,6-11K,深圳,,2026-06-04 17:35:30
d2e57e9c6091aee40ndz0tW_EFVW,数据分析师-北美区(J62719),追觅科技,1000-9999人,家用电器,本科,1-3年,,13-17K·15薪,深圳,,2026-06-04 17:35:51
9910db10d15aab670nB62d67F1pV,VOC数据分析师,特世伦,100-499人,消费电子,本科,1-3年,"Power BI, 数学/统计相关专业, 数据分析/挖掘经验, 电商/零售行业数据相关经验",10-15K,深圳,,2026-06-04 17:35:51
434c0875275b6f100nB63dy8EFdR,产业数据分析师,深圳蕾奥,500-999人,咨询,本科,1-3年,"数据分析/挖掘经验, 乙方公司背景, 咨询公司背景",11-20K,深圳,,2026-06-04 17:35:51
0dc92700623198811HJ53N-8FFRR,数据分析（供应链）,某大型进出口贸易公司,500-999人,进出口贸易,本科,5-10年,SQL,30-55K·14薪,深圳,,2026-06-04 17:36:12
efe177c8ba2d45200nB_2dy1GVdY,资深数据分析师,路特创新,500-999人,其他消费品,本科,3-5年,,20-40K·15薪,深圳,,2026-06-04 17:36:12
e09c5b5e146c6ce40nZ829W8GFZY,数据分析专员,东阳光,1000-9999人,生物/制药,本科,在校/应届,"Python, 数学/统计相关专业, 医药",6-8K,深圳,,2026-06-04 17:36:12
80e5867a73bd646a03x429-9FVZY,数据分析,好逻辑科技,20-99人,人工智能,本科,1-3年,,9-12K,深圳,,2026-06-04 17:36:12
4fbfa9589164bb700nB-2tW_GFJS,数据分析师,转转集团,1000-9999人,互联网,本科,1-3年,,12-18K·15薪,深圳,,2026-06-04 17:40:40
d88c9708db507e810nB929m5ElJU,AI数据分析,嘉驰英才,1000-9999人,人力资源服务,本科,3-5年,"SQL, Python, 数学/统计相关专业, 计算机相关专业, 数据分析/挖掘经验, AI数据分析",13-16K,深圳,,2026-06-04 17:41:01
fa3a7747cf9b20d30nR-39-_FVBZ,数据分析师（电子元器件）,深圳市兰德智通科技,100-499人,半导体/芯片,本科,10年以上,,20-30K,深圳,,2026-06-04 17:41:23
f85be2cfc2d1589c0nB43t66EFFU,高级数据分析师(CRM与智能营销方向),安泰智源,20-99人,互联网,本科,5-10年,,20-35K,深圳,,2026-06-04 17:41:43
eb7daca60c5fc07903162N-6GFVU,数据分析师,泉州市丰泽维识致...,20-99人,互联网,本科,1-3年,,18-25K·14薪,深圳,,2026-06-04 17:41:43
fc53d261dfa01cf40nB809y1E1BW,市场数据分析,Beyond Power,100-499人,智能硬件/消费电子,本科,,"SQL, Power BI, 数据分析/挖掘经验",270-300元/天,深圳,,2026-06-04 17:42:04
1fae965e18174b6e0nB_09u6FlJY,数据分析,深圳市楚乐原网络,20-99人,互联网,本科,经验不限,,20-40K,深圳,,2026-06-04 17:42:04
8e337d297ea564ec03R809S0FVtR,制造数据分析工程师,礼鼎科技,1000-9999人,半导体/芯片,本科,1-3年,,9-14K,深圳,,2026-06-04 17:42:24
234059059a1a43bb0nB83dS8FFZT,数据分析实习生,枫叶互动,500-999人,游戏,本科,,"SQL, Python, Tableau, 数学/统计相关专业, 数据分析/挖掘经验, 取数, 数据分析支持",180-200元/天,深圳,,2026-06-04 17:42:24
42dd7ba7fb2a31240nB83di4E1JV,数据分析师(A172622),疆海科技,100-499人,储能,本科,3-5年,"Python, 数学/统计相关专业, 计算机相关专业, 数据分析/挖掘经验",18-25K,深圳,,2026-06-04 17:42:24
1c9871fcd12af4820nV42NW1F1RV,证券数据分析师,万帆信息技术,0-20人,其他金融业,本科,经验不限,"金融行业数据相关经验, 数据分析/挖掘经验, 计算机相关专业, Python, 数学/统计相关专业",12-18K·13薪,深圳,,2026-06-04 17:42:45
39ae11083b10f58a1nx409y0FFBV,数据分析,德邦快递,10000人以上,快递,本科,1年以内,上进,6-11K,深圳,,2026-06-04 17:42:45
bb501841a85363100nB529q7E1VQ,数据分析师,道旅旅游科技,1000-9999人,互联网,本科,3-5年,"数据科学, A/B test",20-40K,深圳,,2026-06-04 17:42:45
b297fffb88d27a080nB53N20F1NX,数据分析师（海外语聊房）,广州奥拉帕迪科技,1000-9999人,社交网络与媒体,本科,3-5年,,15-30K·14薪,深圳,,2026-06-04 17:42:45
b1d3bd6afa020d440ndy3d65FVVQ,数据分析师（cqe）,深圳市菲森影像科技,500-999人,医疗器械,本科,1-3年,,9-14K·13薪,深圳,,2026-06-04 17:42:45
3e7144a7776a1bc90nB-2dq8FFVQ,数据分析师,广东某中型互联网金融公司,100-499人,互联网金融,本科,经验不限,,50-70K,深圳,,2026-06-04 17:43:04
f734da198b18a1301HJ_2t67EVVQ,数据分析师,迅雷网络,1000-9999人,互联网,本科,1-3年,"Python, R, SQL, 数据分析/挖掘经验, AB test, 数仓",15-25K·15薪,深圳,,2026-06-04 17:43:04
52d339675b8384fb0nB53Nm0FFpW,领域数据分析师(J26612),招商金科,500-999人,互联网,硕士,3-5年,,20-40K·15薪,深圳,,2026-06-04 17:43:04
72c782a6f55aeeeb0nB509m8F1BX,亚马逊3C类目运营专员数据分析,深圳巨爵科技有限公司,20-99人,电子商务,本科,1-3年,"品类运营, 手机壳运营, 店铺运营, 商家运营, 服饰/鞋帽/箱包, 3C品类运营, 数码3C, 手机壳销售",8-13K,深圳,,2026-06-04 17:43:04
d58b7e394ac7a15c0nR90tS0EVtU,数据分析师（电商业务）,图拉斯,1000-9999人,智能硬件/消费电子,本科,3-5年,"数据指标体系, 电商/零售行业数据相关经验, 经营分析",15-25K,深圳,,2026-06-04 17:43:04
d1979dccdde37b280nZ-2NS7FlVV,资深数据分析师,深圳西之月网络科技,100-499人,电子商务,本科,经验不限,"SQL, Python, 数学/统计相关专业, 计算机相关专业, 数据分析/挖掘经验, 电商/零售行业数据相关经验, 跨境履约",15-30K,深圳,,2026-06-04 17:43:25
0345bfdd5db0f07303B42961GVtW,数据分析实习生,飞未云科,500-999人,咨询,本科,,"经济/工商管理相关专业, 数据分析/挖掘经验, 计算机相关专业, 电商/零售行业数据相关经验, SQL, 数学/统计相关专业",200-230元/天,深圳,,2026-06-04 17:43:25
de142429e38e41700nR-3tW0FVtY,数据分析师,迪博,100-499人,咨询,本科,5-10年,"SQL, Power BI, 数学/统计相关专业, 计算机相关专业, 经济/工商管理相关专业, 数据分析/挖掘经验, 数据安全, dataease, flinksql, 数据分级分类, 政务数据",15-25K,深圳,,2026-06-04 17:43:25
1ad9dd0846629bc60nB42t29F1VS,数据分析师,君创科技,20-99人,互联网,本科,1-3年,,13-18K,深圳,,2026-06-04 17:43:25
a6a4fb22f7738d1803d82tu0EVRS,数据分析师,华冠智云,0-20人,云计算,本科,1-3年,"Python, R, Power BI, SPSS, 数据分析/挖掘经验, 数学/统计相关专业",10000-20000元/月,深圳,,2026-06-04 17:43:25
ee5e105b94486ae20nd83Ni9E1pS,数据分析师（跨境物流方向）,中技物流,500-999人,跨境物流,本科,3-5年,"Python, Power BI, Tableau, SQL, Hive, 计算机相关专业, 数据分析/挖掘经验, 电商/零售行业数据相关经验, 数学/统计相关专业",15-25K,深圳,,2026-06-04 17:43:25
07659ddebec5bcd80nV83du6E1FX,数据分析师,常生互娱,20-99人,互联网,本科,1-3年,"数据分析/挖掘经验, 文娱/游戏行业数据相关经验, 电商/零售行业数据相关经验, SQL",18-19K,深圳,,2026-06-04 17:43:25
9d0bd740de9d419b0nZ42tW5FFRW,数据分析师,立创商城 ,1000-9999人,电子商务,本科,1-3年,,15-20K,深圳,,2026-06-04 17:46:34
717f47a63a38cb370nB82di8E1tU,数据分析（人力资源）,富士康,10000人以上,互联网,本科,在校/应届,,9-11K·13薪,深圳,,2026-06-04 17:46:54
8a3f1eb5a65822a90nVy0960EVdU,数据分析师,腾讯,10000人以上,互联网,本科,,,350-450元/天,深圳,,2026-06-04 17:46:54
a4ceeea521930c7a0nB809-5GVVW,跨境电商数据分析师,卓士网络,1000-9999人,电子商务,本科,1-3年,,8-13K,深圳,,2026-06-04 17:47:17
459383fcc4430a430nVy2t-5GVtS,数据分析师,深圳某大型互联网金融上市公司,1000-9999人,互联网金融,本科,3-5年,,22-35K·15薪,深圳,,2026-06-04 17:47:38
2b8e2e24fd399abc0nB809-0F1BT,数据分析师,武汉新致,1000-9999人,计算机软件,本科,3-5年,"SQL, Python, Hive, Vibe coding",17-22K,深圳,,2026-06-04 17:48:20
ac86d2d0eb94b20303Zz3dS4FltV,高级数据分析师(跨境电商),悦孚斯,100-499人,电子商务,本科,5-10年,"跨境电商, 亚马逊, 数据分析/挖掘经验, BI, 电商/零售行业数据相关经验, SQL, Python, 数学/统计相关专业",25-50K·14薪,深圳,,2026-06-04 17:49:02
2f80528d293f027b0nV439y-E1VQ,数据分析师,深圳某中型互联网内容公司,500-999人,游戏,本科,1-3年,,15-25K·15薪,深圳,,2026-06-04 17:49:24
3650421549da95bc0nR43Nq6GVRZ,高级数据分析师,某中型全球互联网科技公司,100-499人,互联网,本科,5-10年,"APP, R, 数据分析/挖掘经验, C端产品数据分析, 计算机相关专业, SQL, Python, 数学/统计相关专业",35-55K·15薪,深圳,,2026-06-04 17:49:24
6f630606eaadaf040nd809i4E1ZZ,数据分析师,玖洲科技,20-99人,电子商务,本科,1-3年,"机器学习建模经验, R, Power BI, 数据分析/挖掘经验, SPSS, 计算机相关专业, 电商/零售行业数据相关经验, SQL, Python, 数学/统计相关专业",12-20K,深圳,,2026-06-04 17:49:24
f2a5dc41f9d45b270nd73tS4ElRT,系统实施顾问（数据分析方向）,贝特瑞,10000人以上,新材料,本科,5-10年,"要求数据开发经验, 非外包类, SQL, 数据治理经验, 制造业行业经验, 数据仓库开发经验, MySQL/SQL Server, 数据治理",20-35K,深圳,,2026-06-04 17:49:45
5fbe24984146a70e0nd60tq6ElpY,数据分析专员,慧眼,20-99人,咨询,本科,1-3年,"数据分析/挖掘经验, 医药公司数据分析经验, 进销存分析",8-10K,深圳,,2026-06-04 17:49:45
6fa407854bebb5691HJ929u6EFtZ,高级数据分析师(A16501),星创,100-499人,计算机软件,本科,3-5年,"数据分析/挖掘经验, 计算机相关专业, SQL, 数学/统计相关专业",35-65K·13薪,深圳,,2026-06-04 17:49:45
6f815c5998087bd50nB63Ny-EVpV,数据分析师,睿莱雅,20-99人,智能硬件/消费电子,本科,3-5年,"数据运营, 海外, 数据分析, KOL, 社媒",12-15K,深圳,,2026-06-04 17:49:45
49ae45f5195e8ac90nB53tS6EVdT,数据分析师,腾达远,500-999人,通信/网络设备,大专,3-5年,"数据分析师, 数据分析/挖掘经验, 数学/统计相关专业",7-8K,深圳,,2026-06-04 17:53:53
d30ca54cae25080d0nB83d2-E1NV,数据分析师（可接受应届）,唯乐高,100-499人,消费电子,本科,在校/应届,"数学/统计相关专业, 计算机相关专业, 数据分析/挖掘经验",10-15K·15薪,深圳,,2026-06-04 17:54:15
32bb432a7b1c671b03Z52dy8FldZ,数据分析师（互金行业/数据策略）,萨摩耶云科技集团,500-999人,互联网,本科,3-5年,"消费金融同业经验, 金融行业数据相关经验, 数据基建, Power BI, 业务异动分析, 数据分析/挖掘经验, 报表开发, 经营分析/商业分析, SQL, Python, 数学/统计相关专业",20-30K·14薪,深圳,,2026-06-04 17:54:35
2558be405a5b496a0nB_2dS_ElpU,数据分析师,丰图科技,500-999人,互联网,本科,在校/应届,"Python, Hive, 机器学习建模经验, 数学/统计相关专业",15-20K·15薪,深圳,,2026-06-04 17:54:35
0a4a311e102bf77a0nV93dq0EVpT,数据分析师,费滋,100-499人,互联网,本科,5-10年,,15-25K,深圳,,2026-06-04 17:54:56
1e5d7d8d59eb92b21nB53tm7FFZY,高级数据分析师 (MJ000056),店匠科技,100-499人,互联网,本科,5-10年,"SQL, 消费者漏斗研究, 数据体系, 数据仓库, 编程, 电商分析指标, 电商运营, 分析报告",20-40K·13薪,深圳,,2026-06-04 17:55:39
a32a8105191a8eba0nB-0t21EFpY,数据分析师（亚马逊 shopify）,杉川机器人,1000-9999人,生活服务(O2O),本科,3-5年,,15-20K,深圳,,2026-06-04 17:56:00
b2283fb57978e3050nB62N68EVtT,数据分析专家,某大型互联网金融上市公司,100-499人,互联网金融,本科,5-10年,"SQL, Python, 数学/统计相关专业, 流量生态, 用户生态, C端分析",25-35K·16薪,深圳,,2026-06-04 17:56:23
197449836ed3de1e0nR809u8E1tR,数据分析师,枫叶互动,500-999人,游戏,本科,经验不限,,20-40K·15薪,深圳,,2026-06-04 17:56:44
4b411365ad9511ec0nd93dq6FFVV,数据分析助理,中宝永绎,0-20人,电子商务,本科,1-3年,"Power BI, 计算机相关专业, SQL, 数学/统计相关专业",5-10K,深圳,,2026-06-04 17:56:44
a7b228e4578e2f461XJy2Ni7FFNV,数据分析师,深圳市丰巢科技,1000-9999人,生活服务(O2O),本科,3-5年,"SQL, Python, SPSS, 数学/统计相关专业, 计算机相关专业, 数据分析/挖掘经验",15-20K·14薪,深圳,,2026-06-04 17:56:44
f31726d4ba78faa70nd62tS4EVZT,数据分析师,苏州浅影科技有限公司,0-20人,大数据,本科,,"数学/统计相关专业, 计算机相关专业, 数据分析/挖掘经验",200-210元/天,深圳,,2026-06-04 17:57:05
2ab6409137a2843d03Z409m4E1BZ,数据分析师,巨鸣网络,20-99人,电子商务,本科,1年以内,,8-12K,深圳,,2026-06-04 18:01:15
91ac345836cc41fa0nB83969FVJQ,数据分析师+五险一金+周末休息,安瑞达信息,100-499人,互联网金融,本科,1-3年,金融行业数据相关经验,8-13K,深圳,,2026-06-04 18:01:15
2009d579aa77e3400nB-2NS4GFZX,数据分析师,深致智能,20-99人,人工智能,本科,3-5年,,20-30K,深圳,,2026-06-04 18:02:17
fe66f83904b73ea603x839i_F1dT,数据分析师,深圳市五拾纪电子商务,100-499人,互联网,本科,1-3年,,10-14K·13薪,深圳,,2026-06-04 18:02:17
995e2f163eb0376903J82N6_EVBU,【SPF】O2O高级数据分析师,Shopee,1000-9999人,电子商务,本科,3-5年,,25-35K,深圳,,2026-06-04 18:02:38
95231a55a30070c103140t28EFpW,信贷数据分析专员,联易融,1000-9999人,互联网金融,本科,经验不限,,7-12K,深圳,,2026-06-04 18:02:38
9f143976981d702c03d_29S_F1JS,数据分析师(J14119),康哲,1000-9999人,医疗健康,本科,1-3年,"SQL, Python, MATLAB, SPSS, 数学/统计相关专业, 数据分析/挖掘经验, finebi, 帆软, 医药, 医疗",13-20K,深圳,,2026-06-04 18:02:59
b8a57509e8e7f5420nZ50t66GVNX,高级数据分析、数据治理,小红书,1000-9999人,电子商务,本科,3-5年,"AI数据建模, 信用评分, 数据仓库, 大模型AI数据开发, 大数据AI数据分析, 金融数据建模, 风控数据治理, AI金融合规分析",29-45K·16薪,深圳,,2026-06-04 18:02:59
ebff05a90088aabf1X180t20EVZT,数据分析师,卡牛科技,100-499人,移动互联网,本科,1-3年,"数据分析/挖掘经验, 计算机相关专业, 数学/统计相关专业",11-20K,深圳,,2026-06-04 18:03:19
11ac7bb69c29ef210nB70ti6FldV,数据分析师,某500强上市公司,100-499人,互联网金融,本科,3-5年,"金融, 保险, 商业分析, c端, 用户",18-35K·16薪,深圳,,2026-06-04 18:03:19
e8c155d8e3c6b6d60ndz3dm6FFFS,亚马逊数据分析师,某大型智能硬件公司,1000-9999人,智能硬件,本科,1-3年,,15-30K·15薪,深圳,,2026-06-04 18:03:41
b257b938ef5856ed1HV509W-FFVZ,跨境电商数据分析师,金海嘉盛科技,0-20人,电子商务,硕士,经验不限,"数据分析/挖掘经验, 计算机相关专业, 数学/统计相关专业",8-13K,深圳,,2026-06-04 18:03:41
6b1c881260f63b360nd-0tm_FVBX,数据分析师,睿联,1000-9999人,智能硬件,本科,3-5年,电商数据分析,18-25K·14薪,深圳,,2026-06-04 18:04:01
ca367c9672b3236903J509W6EVRW,高级数据分析师,米可世界,1000-9999人,互联网,本科,5-10年,,30-60K·15薪,深圳,,2026-06-04 18:04:01
ba295cf4a72690a30nR_0tq4EFpW,用户数据分析,全棉时代,1000-9999人,批发/零售,本科,5-10年,"快消零售, 用户数据分析, 会员",12-24K·14薪,深圳,,2026-06-04 18:04:01
ba8892020d97c0140nB_2t61EFFV,数据分析（海外金融）,众智亿动,20-99人,互联网,硕士,1-3年,"金融行业数据相关经验, SQL, Python, 数学/统计相关专业",11-22K·14薪,深圳,,2026-06-04 18:04:22
c3fe4de19e306e7a0nB_2d25EldZ,数据分析师-在菲律宾和泰国工作,闪电快车,10000人以上,互联网,本科,3-5年,"SQL, 数学/统计相关专业, 计算机相关专业, 东南亚, 菲律宾",20-30K,深圳,,2026-06-04 18:04:22
4a415c6eae5bd1230nV42t68E1NQ,数据分析（金融）,上海熵界,1000-9999人,投资/融资,硕士,1-3年,"SQL, 数学/统计相关专业, 计算机相关专业, 金融行业数据相关经验",15-25K,深圳,,2026-06-04 18:04:22
4040d7eab94a41a303Vz3Nu6GVdY,数据分析师（实习）,深圳雷鸟科技,100-499人,互联网,本科,,"Hive, 计算机相关专业, 数学/统计相关专业, SQL",150-200元/天,深圳,,2026-06-04 18:08:29
4e4ef97a61460e1d0nB-09u0FFRS,数据分析师,深圳讯流国际物流,100-499人,跨境物流,本科,1-3年,"python, Power BI, 数据分析/挖掘经验, 飞书多维表, 数据分层建模, BI工具开发能力, Python, 物流行业数据相关经验, sql",8-13K,深圳,,2026-06-04 18:08:48
ac6d699ec35a4b8d0nB62tm-EVpZ,数据分析师,TILTA铁头,100-499人,智能硬件/消费电子,本科,3-5年,,10-15K·13薪,深圳,,2026-06-04 18:08:48
52409f40a26cf3070nB83tW7FVtR,数据分析,某中型互联网金融上市公司,100-499人,互联网金融,本科,3-5年,"SQL, Python, 数学/统计相关专业",20-35K·17薪,深圳,,2026-06-04 18:09:09
5e84aef15b4be56e1HZ709S1GFpZ,数据分析工程师,百丽智能制造,10000人以上,服装/纺织,本科,1年以内,数学/统计相关专业,5-8K·13薪,深圳,,2026-06-04 18:09:09
0b5c0d0c856194e20nd-09-0E1tT,数据分析师（算法方向）,桑椹汽配,100-499人,电子商务,本科,3-5年,,15-25K,深圳,,2026-06-04 18:09:09
72f5f41b1d5469fa03B909W4GFFW,数据分析师,货拉拉科技,10000人以上,互联网,本科,3-5年,,15-30K·14薪,深圳,,2026-06-04 18:09:30
4c70e9fc4052efdb0nB-296_F1pX,数据分析,中电金信,10000人以上,计算机软件,本科,3-5年,"数据分析/挖掘经验, 文娱/游戏行业数据相关经验, Tableau, SPSS, 计算机相关专业, MATLAB, SQL, Python, 数学/统计相关专业",10-12K,深圳,,2026-06-04 18:10:32
c0ccf740efb8d6f50nB609W9GVZR,数据分析师,捷顺科技,1000-9999人,互联网,本科,3-5年,,15-20K·13薪,深圳,,2026-06-04 18:10:32
a4a6730f7baa9b820nR60tu8EVRW,数据分析师（教培行业）,深圳市榜样教育科技,500-999人,培训/辅导机构,本科,3-5年,,15-30K,深圳,,2026-06-04 18:10:32
e1c780f61bdeb23b0nZy39W5E1pW,中级数据分析师（跨境电商）,宝洺科技,100-499人,电子商务,本科,3-5年,,10-15K,深圳,,2026-06-04 18:11:14
d8380cf816687fef1HJ-2Nu1EFdQ,高级数据分析师,迅雷网络,1000-9999人,互联网,本科,5-10年,"BI报表, 营收, Hive, 数据仓库, 数据分析/挖掘经验, 会员, 商业化, Python, SQL, 数学/统计相关专业",30-50K·15薪,深圳,,2026-06-04 18:11:14
8711d8b91581c5ac0nB-2di7EFZY,数据分析工程师,深圳市新凯来技术,1000-9999人,电子/半导体/集成电路,硕士,3-5年,"Python, Pandas, Numpy, Flask, 机器学习经验",20-40K·16薪,深圳,,2026-06-04 18:11:14
cc9d88ed63ec64ff0nB63d6_EFpR,电力数据分析实习生,易储能源科技,100-499人,投资/融资,本科,,,150-260元/天,深圳,,2026-06-04 18:11:14
2756e516503384220nZ-29i7E1NT,数据分析,固胜智能科技,100-499人,智能硬件,本科,3-5年,"SQL, Python, Hive, SAS, Power BI, 数学/统计相关专业, 计算机相关专业, 数据分析/挖掘经验, 电商/零售行业数据相关经验",12-16K·14薪,深圳,,2026-06-04 18:11:35
e234033024fc35e003V93tS0GFtR,数据分析师（亚马逊运营培养方向）,深圳基米有品科技,20-99人,电子商务,本科,1-3年,"机器学习建模经验, OPENCLAW, 飞书多维表格, RPA, Power BI, ai应用, 数据分析/挖掘经验, 广告投放, 计算机相关专业, Python, 数学/统计相关专业",6-10K·13薪,深圳,,2026-06-04 18:11:35
893fdd5c693dfc5c03d-3tW5EFFS,数据分析师（自研、双休）,立创商城 ,1000-9999人,电子商务,本科,3-5年,SQL,20-30K,深圳,,2026-06-04 18:14:44
6b5bb643a2f2cc2f0nB83Nm8E1NR,Data Scientist 数据科学家/资深数据分析师,远桌科技,100-499人,互联网,本科,5-10年,"SQL, Python, 数学/统计相关专业, 计算机相关专业, 经济/工商管理相关专业, 数据分析/挖掘经验, 英语",25-40K,深圳,,2026-06-04 18:17:08
bcd9ad65c2b7a0670nVz2dy6ElRQ,数据分析团队负责人,某大型智能硬件/消费电子上市公司,1000-9999人,智能硬件/消费电子,硕士,10年以上,"数学/统计相关专业, 数据分析/挖掘经验",60-80K,深圳,,2026-06-04 18:17:50
daf8962976eefd121Xx63NS-FlRY,数据分析,上海恒虎信息技术,100-499人,互联网,本科,3-5年,"金融行业数据相关经验, 互联网, 金融, 客户",25-45K·16薪,深圳,,2026-06-04 18:17:50
9c06656b57894b8a0nB509-1F1NT,数据分析师（红果方向）- 番茄小说,字节跳动,10000人以上,互联网,本科,经验不限,"SQL, Power+BI, 数学/统计相关专业, 计算机相关专业, 数据分析/挖掘经验, 活动分析, 实验设计",30-50K·15薪,深圳,,2026-06-04 18:22:01
5147be30eb8aaff01H142d69FVFX,数据分析,乐沙儿品牌,1000-9999人,批发/零售,本科,3-5年,,9-12K,深圳,,2026-06-04 18:23:05
9d8e4feb31d479c903x83Nq9GVNW,高级数据分析师,中信银行信用卡中心,10000人以上,互联网金融,本科,3-5年,,30-60K·16薪,深圳,,2026-06-04 18:24:09
81f75e3f1b41fcba0nB82N6-E1VQ,高级数据分析师(保险）,众惠相互保险,100-499人,保险,本科,5-10年,"Python, R, 计算机相关专业, 金融行业数据相关经验, 数学/统计相关专业, 保险, 互联网保险",20-30K·13薪,深圳,,2026-06-04 18:24:30
1be593c00d1e06f003Z_0tu1FVNQ,数据分析挖掘,信永中和,1000-9999人,企业服务,本科,3-5年,"机器学习建模经验, 指标标签画像营销, 金融行业数据相关经验, 数据分析/挖掘经验, 计算机相关专业, SQL, Python, 数学/统计相关专业",10-15K·14薪,深圳,,2026-06-04 18:25:13
b186a2f249920d5b1nx53N27GVtT,数据分析师-Data,今日头条,0-20人,互联网,本科,1-3年,"Python, SQL, Tableau, AB实验",21-35K·18薪,深圳,,2026-06-04 18:25:13
f6a9ae3436d782981HBz0ti9EFZT,数据分析,赣州岁程电子商务,100-499人,互联网,本科,3-5年,电商/零售行业数据相关经验,14-22K·13薪,深圳,,2026-06-04 18:25:13
ce394967097c07981Hx92t--F1ZV,营销科学数据分析师（外包）,华为,10000人以上,计算机软件,本科,1-3年,"Python, Tableau, Power BI",15-16K,深圳,,2026-06-04 18:25:13
2d8f6f3450e002010nd83N67EVpS,中高级数据分析师,赛恩特,0-20人,互联网,本科,3-5年,"机器学习建模经验, Power BI, 数据分析/挖掘经验, 文娱/游戏行业数据相关经验, 海外游戏, 海外社交, 计算机相关专业, SQL, Python, 数学/统计相关专业, 海外应用",15-30K,深圳,,2026-06-04 18:25:13
d86dd3c7f524ed1e03Z93t6-ElJV,数据分析,中科澳润,20-99人,电子商务,本科,1-3年,,8-12K·13薪,深圳,,2026-06-04 18:25:13
d3a5fa93279b36150nd52d25GFRT,数据分析师 双休 核心自研 流程快,深圳某大型计算机软件公司,10000人以上,计算机软件,本科,经验不限,,20-40K·14薪,深圳,,2026-06-04 18:29:21
653b4aa2d17301710nd42ti7FlBY,数据分析经理,雷特科技,1000-9999人,电子商务,本科,3-5年,,20-40K·13薪,深圳,,2026-06-04 18:30:24
5999a752ecfac72f03F929m0FVpY,高级数据分析师(J10084),速境生活科技,100-499人,智能硬件,本科,5-10年,,18-35K,深圳,,2026-06-04 18:30:46
28a7c763ed53c4530nV929-1EFtW,AI数据分析师(J11043),卓驭,1000-9999人,人工智能,本科,5-10年,,20-40K·15薪,深圳,,2026-06-04 18:31:06
ca7d8624448761ef0nd63t-4EFpR,数据分析师(J14605),傲基,1000-9999人,电子商务,本科,3-5年,"Python, SQL, Excel, Tableau",15-20K,深圳,,2026-06-04 18:31:46
78aaa30465e198871XB50tu7E1tX,数据分析师,悦喜达医疗,0-20人,医疗器械,本科,经验不限,"数学/统计相关专业, 经济/工商管理相关专业",8-10K·13薪,深圳,,2026-06-04 18:37:20
dc546238eeff60d40nd80tq4E1BY,中级数据分析师,金安创世,20-99人,信息安全,本科,5-10年,"资金分析, 网赌, 公安, 资金穿透, 电诈",13-22K,深圳,,2026-06-04 18:37:20
fe24c0198809c1371Xdy2Nm5ElBW,数据分析师,飞铭达,100-499人,进出口贸易,本科,1-3年,"数学/统计相关专业, 计算机相关专业, 数据分析/挖掘经验, Python",10-15K,深圳,,2026-06-04 18:38:22
095185bc28e7fafa03dy3ti7FlZQ,数据分析,北京某中型计算机服务公司,500-999人,计算机服务,本科,3-5年,,50-80K,深圳,,2026-06-04 18:38:43
c36edefd97c96fcc03J-2N-1ElNR,数据分析师+采购经理,尚天蜂,20-99人,电子商务,本科,1-3年,"商品采购, 采购, 数据分析/挖掘经验, 数学/统计相关专业",8-9K,深圳,,2026-06-04 18:39:23
f01a4cf4b9891b990nd83Nq8FVdS,数据分析师,顺新晖,1000-9999人,公路物流,本科,3-5年,"SQL, Python, Tableau, Power BI, 数学/统计相关专业, 计算机相关专业, 数据分析/挖掘经验, 物流行业数据相关经验, 经济/工商管理相关专业, 财会类专业",15-20K·15薪,深圳,,2026-06-04 18:39:23
bb5fa8b895a53f510nB_0t--EFpT,发行数据分析（买量投放）,某大型游戏公司,1000-9999人,游戏,本科,经验不限,"数据分析/挖掘经验, 文娱/游戏行业数据相关经验, 买量投放, 数据分析",40-50K·16薪,深圳,,2026-06-04 18:39:44
731c142caf073b5c0nB62Nq9E1dW,数据分析专家（C端）,百度,10000人以上,互联网,本科,5-10年,"SQL, Python, 金融行业数据相关经验",30-50K·16薪,深圳,,2026-06-04 18:39:44
6e726358a0c5b1a80nZy3dS_FlBV,数据分析师-银行项目,同和信息技术有限公司,1000-9999人,计算机软件,本科,3-5年,"Hive, 金融行业数据相关经验, 银行, 数据分析/挖掘经验, 计算机相关专业, Spark, 金融数据分析, SQL, Python, 数学/统计相关专业",12-15K,深圳,,2026-06-04 18:43:52
8968790069f4e71503N529-1FFFY,数据分析师,南宁市书航科技,20-99人,计算机服务,本科,1-3年,,200-500元/时,深圳,,2026-06-04 18:43:52
45a855da05e8bb900nd-29m1EVpV,中高级数据分析师,某大型智能硬件/消费电子上市公司,1000-9999人,智能硬件/消费电子,本科,5-10年,,40-65K,深圳,,2026-06-04 18:44:56
edfe8d7aaf79a2ca0nVy2dy5GFNT,数据分析专员,丰翼科技,100-499人,计算机硬件,本科,1-3年,,11-18K·13薪,深圳,,2026-06-04 18:45:40
87f926684c1570bb031-0ti9F1VX,数据分析师/数据分析专员,深圳市奥森汉德电...,100-499人,进出口贸易,本科,1-3年,数据分析,8-12K,深圳,,2026-06-04 18:51:13
f0bd1d2026c807e00nB-3ti6E1pX,数据分析工程师,易趣购,20-99人,进出口贸易,本科,经验不限,,5-8K·13薪,深圳,,2026-06-04 18:51:53
21c67ef6cf265b030nB_2dy1E1pX,资深数据分析师,路特创新,500-999人,其他消费品,本科,3-5年,,20-40K·15薪,深圳,,2026-06-04 18:54:00
d5dd8e7ca356adf50nB-2d-_EFRZ,DTC数据分析师,杉川机器人,1000-9999人,生活服务(O2O),本科,3-5年,shopify,15-20K,深圳,,2026-06-04 18:54:21
84219e33e487de4c0nB53Nq-E1dT,数据分析师-番茄小说（base北京/深圳）,字节跳动,10000人以上,互联网,本科,1-3年,"R, 数据分析, Power BI, AB实验, 数据分析/挖掘经验, Tableau, 计算机相关专业, 互联网大厂, SQL, 数学/统计相关专业",25-45K·15薪,深圳,,2026-06-04 18:57:30
8fe6d71f208027ac0nZz0t-5E1NX,算法数据分析工程师,硅基仿生,500-999人,医疗器械,本科,3-5年,"通信算法, Python, C/C++, SQL, 算法工程化经验, 数学, 统计学, 算法开发, 信号算法",15-25K·13薪,深圳,,2026-06-04 18:59:58
6402516ecda89d290nV62N64EVVW,数据分析工程师,某大型电子公司,100-499人,电子/半导体/集成电路,本科,3-5年,"Python, 计算机相关专业, 数据分析/挖掘经验",30-55K·15薪,深圳,,2026-06-04 19:00:18
b817a93a3cce0f160nB929q5EltV,数据分析师,深圳货拉拉科技有...,1000-9999人,互联网,本科,5-10年,"SQL, 数学/统计相关专业, 数据分析/挖掘经验, 数据分析, AI",20-35K·14薪,深圳,,2026-06-04 19:04:08
121afca99f86005b0nB83di5EFBV,AI+BI数据分析师,某电子商务公司,20-99人,电子商务,本科,3-5年,"Agent, AI, 大模型, API",20-30K,深圳,,2026-06-04 19:04:08
996e7711317b491f0nB_2N27GFRV,数据分析管培生,深圳市奋豆科技,0-20人,互联网,本科,经验不限,,7-10K·13薪,深圳,,2026-06-04 19:04:08
67b4c1716300fde41H143ty7GFJR,制造数据分析工程师,礼鼎科技,1000-9999人,半导体/芯片,本科,1-3年,"数据分析/挖掘经验, 数学/统计相关专业",9-14K,深圳,,2026-06-04 19:04:30
5384289638099afa03B72dm8FlpX,数据分析师（游戏或C端产品）,深圳某大型游戏上市公司,1000-9999人,游戏,本科,3-5年,"游戏数据分析, 数据分析",25-35K·15薪,深圳,,2026-06-04 19:06:55
854be07133596c540ndz3dS-EVZV,全栈数据分析师（电商方向/双休）,MelGeek,100-499人,智能硬件/消费电子,本科,3-5年,"SQL, Hive, Python, Power BI, Tableau, 数学/统计相关专业, 计算机相关专业, 数据分析/挖掘经验, 电商数据分析, 数据中台, 数据产品实施",15-25K,深圳,,2026-06-04 19:06:55
5759da0db3573f031X170t2_FFJX,游戏行业-数据分析,知名上市游戏公司,100-499人,互联网,本科,3-5年,"SQL, 数学/统计相关专业",35-55K·13薪,深圳,,2026-06-04 19:13:53
adef2c23b2d6451b1XJy3tq-F1BQ,数据分析,华为,10000人以上,计算机软件,本科,经验不限,"Hive, 数据架构, Power BI, 元数据管理, 数据仓库 ETL, SQL",15-30K·14薪,深圳,,2026-06-04 19:14:15
33b98e3c5418ac2f0nd_29i5FFpS,数据分析专员,广东傲盛科技有限公司,100-499人,其他行业,本科,1-3年,"五险一金, 数据分析/挖掘经验, SQL, 数学/统计相关专业",6-7K·13薪,深圳,,2026-06-04 19:14:15
0ffc592c3ac229fe03F83tu1FFY~,数据分析师,艾科泰环境科技,20-99人,企业服务,本科,经验不限,"大数据分析, 数据调研, 数据建模",8-12K·14薪,深圳,,2026-06-04 19:18:22
643b76d134f69a4f0nV82NW8FldT,数据分析师,逊飞科技,20-99人,电子商务,本科,1-3年,"数据分析/挖掘经验, 计算机相关专业, SQL, Python, 数学/统计相关专业",8-13K,深圳,,2026-06-04 19:19:06
0e192602cd8173ae031-09-8GVpR,数据分析实习生,货拉拉科技,10000人以上,互联网,本科,,"SQL, Python, 数学/统计相关专业, 计算机相关专业, 数据分析/挖掘经验",150-200元/天,深圳,,2026-06-04 19:19:46
4cb9d85ef87000980nd60ti0F1FR,数据分析师（芯片+双休）,嘉伟亿,100-499人,半导体/芯片,本科,1年以内,"数据分析, 半导体, 数据分析/挖掘经验, 芯片, 存储芯片, 商业分析",12-18K,深圳,,2026-06-04 19:25:40
38870e858504c7cb0nd62Ni4FFtU,高级数据分析师,乘乘智数,100-499人,大数据,硕士,5-10年,"数据分析/挖掘经验, 计算机相关专业, 数学/统计相关专业",25-40K,深圳,,2026-06-04 19:27:05
eb97450c56d8bb9c0nB709y_EFRS,数据分析师（欧美休闲游戏）,深圳禅游科技,500-999人,游戏,本科,3-5年,"SQL, 数学/统计相关专业, 游戏行业经验",20-30K·14薪,深圳,,2026-06-04 19:28:49
9f4029c614d9a9a10nRz09m4EVFY,数据分析工程师,某大型互联网公司,1000-9999人,互联网,本科,3-5年,数据,20-40K·16薪,深圳,,2026-06-04 19:33:16
120fb312d97c33c80nZ93NS_GVRR,数据分析,中电金信,10000人以上,计算机软件,本科,1-3年,"Hive, saas, 计算机相关专业, 数学/统计相关专业, sql",10-12K,深圳,,2026-06-04 19:36:05
f4678c908e8b48060nB62d--FlBT,数据分析实习生(27届)(A160760),星辉游戏,1000-9999人,游戏,学历不限,,,150-200元/天,广州,,2026-06-04 19:43:13
0591c0f508c5abc20nRz3Nu5GFpU,数据分析,星创,500-999人,电子商务,大专,1-3年,"数据库营销, 商业分析, 产品分析, 电商/零售行业数据相关经验, 数据挖掘, SQL, 市场分析, 竞品分析",15-23K,广州,,2026-06-04 19:43:13
58604c5b4c274f810nB72Ni6F1BW,数据分析师【base 厦门】,跑红集团,500-999人,日化,本科,1-3年,,12-18K,广州,,2026-06-04 19:43:13
fef71cfa6c92d4700nB_2tq4FFRQ,数据分析师 (初级),弈盛科技,500-999人,游戏,本科,1-3年,,12-18K,广州,,2026-06-04 19:43:13
6dc0d0c672b2396d0nB8096_ElVQ,数据分析（外包）,小马智行,1000-9999人,互联网,本科,1-3年,,7-10K,广州,,2026-06-04 19:43:13
fb92598ad4094d93031839q7ElVT,线上兼职数据分析师,武汉震烨,20-99人,文化艺术/娱乐,本科,1-3年,,8000-17000元/月,广州,,2026-06-04 19:43:13
3586b5c39260d1ca0nB83dy9GFFT,数据分析师,中电金信,10000人以上,计算机软件,本科,3-5年,"Hive, SQL, Python",9-10K,广州,,2026-06-04 19:43:13
dc46baf13e9b36420nB53di8EVdS,数据分析师（私域）,巴菲巴食品科技(...,1000-9999人,电子商务,本科,1-3年,,8-13K,广州,,2026-06-04 19:43:13
1c3049c8a1ba34eb0nd_29q5FVJX,计算机老师(数据分析方向·提供系统培训)8,数猎科技,20-99人,互联网,本科,1-3年,"线上教学, 职业培训班, 日常教学, 辅导答疑, 实操实训, 考核测评, 计算机相关专业",8-13K,广州,,2026-06-04 19:43:13
f284995d0c9618c60nB83Nq0FFBV,数据分析师,数字政通,1000-9999人,计算机软件,本科,3-5年,"数学/统计相关专业, 数据分析/挖掘经验",9-10K,广州,,2026-06-04 19:43:13
d78dd34512bc5ae60nB439q_FlJZ,品类数据分析师（商业数据/电商/大小周）,星链电商,20-99人,电子商务,大专,3-5年,"数据分析/挖掘经验, 电商/零售行业数据相关经验, SQL, Python, 物流行业数据相关经验",18-25K,广州,,2026-06-04 19:43:13
a75803fcf47ed98a0nd-0t2-FlVS,数据分析,广州文讯,20-99人,计算机服务,本科,1年以内,,7-10K,广州,,2026-06-04 19:43:13
c45f7408b10a6f481Hdy2di5FFdS,数据分析师,易尊科技,100-499人,互联网,本科,3-5年,"数学/统计相关专业, 计算机相关专业, 经济/工商管理相关专业",20-25K,广州,,2026-06-04 19:43:13
9b8c5ae884572d1903N43NS6GVBQ,数据分析师做过卓天商务后台的,广州市曜昕服饰,20-99人,电子商务,本科,1-3年,主要是做过希音公司的懂数据分析的优先,7-8K,广州,,2026-06-04 19:43:13
05bbe8f87ba284690ndz0965E1FS,中高级数据分析师,宝点科技,100-499人,计算机软件,本科,3-5年,数学/统计相关专业,14-18K,广州,,2026-06-04 19:43:13
2393fc8e4741393c0nZ609-4FVJQ,算法⼯程师（电⼒数据分析⽅向）,广州知几能源科技,0-20人,电力/热力/燃气/水利,本科,3-5年,,12-20K,广州,,2026-06-04 19:43:34
b278e1f14f2f1e7e0nV609i6GVRU,【2026校招】数据分析师-运营,Shopee,1000-9999人,电子商务,本科,在校/应届,,10-15K,广州,,2026-06-04 19:43:34
4b9d39f03451eede0nZ82dS8FFtZ,跨境电商数据分析师（双休、五险一金）,麦东国际,100-499人,服装/纺织,本科,1年以内,"SQL, Python, Power BI, 数学/统计相关专业, 数据分析/挖掘经验, 计算机相关专业, 亚马逊, 跨境电商",10-15K,广州,,2026-06-04 19:43:34
858a667d52f25dc20nB83d-0FlRU,数据分析师实习生,佰聆数据,1000-9999人,互联网,本科,,,160-170元/天,广州,,2026-06-04 19:43:34
9fa688af84cc4b6a03J4396-FFFQ,数据分析实习生,鼎对科技,100-499人,互联网,本科,,"Pandas, Tableau, Python, SQL",120-200元/天,广州,,2026-06-04 19:43:34
e3c199b8cd08cf0d0nd62928FltX,用户数据分析师,广汽集团,10000人以上,汽车研发/制造,本科,1-3年,,10-15K,广州,,2026-06-04 19:43:34
8968d470831f75d103xy09y6FldV,数据分析管培生,中顺洁柔,1000-9999人,日化,本科,在校/应届,"SQL, Python, Power BI, 数学/统计相关专业, 计算机相关专业, 数据分析/挖掘经验",5-10K,广州,,2026-06-04 19:43:34
038aa0287e8207980nZ82tq5FlFT,PR文员/数据分析师,广州洲一服饰有限公司,100-499人,服装/纺织,大专,1-3年,"数学/统计相关专业, 计算机相关专业, Python, 服装/电商行业, 抗压能力强, 有责任心",5-8K,广州,,2026-06-04 19:43:34
88d956cb49b331390nB83tS5GFNV,数据分析师【跨境电商+双休+不卷】,广州广颖创网络科...,1000-9999人,电子商务,本科,3-5年,"Python, SQL, Tableau, Power BI, 数学/统计相关专业, 计算机相关专业, 数据分析/挖掘经验, 电商/零售行业数据相关经验, 亚马逊, 亚马逊广告数据, 广告投放数据分析, 广告投放",10-15K,广州,,2026-06-04 19:43:34
e609be7c983b842c03R439i1FVVX,数据分析师,派菲顾科技,100-499人,交通/运输,本科,经验不限,"SQL, Python",10-11K,广州,,2026-06-04 19:43:34
459f3d2ce4544ae50ndy2NS9EVNS,数据分析师,随机漫步,20-99人,互联网,大专,1年以内,,11-16K,广州,,2026-06-04 19:43:34
48336e99a5bc79950nB929m4F1ZR,数据分析师,斯凯奇,1000-9999人,其他行业,本科,1-3年,"业务数据分析, 竞品分析, 业务模式/运营策略优化, 营销活动效果分析, 投放数据分析, 数据分析/商业分析经验, 统计/数学相关专业, 不接受居家办公",10-15K·13薪,广州,,2026-06-04 19:43:34
780956004fcb0a1d0nB83NW1FlRZ,数据分析师,同方鼎欣,1000-9999人,计算机软件,本科,5-10年,,15-19K,广州,,2026-06-04 19:43:34
698df3fecfc0a0461nN50ti-F1ZW,抖音数据分析师（投手）,壹伽,20-99人,电子商务,学历不限,1-3年,"千川投流，数据优化, Roi提高, 搭建投流计划, 投手, 投放feed, 数据分析, 运营",12-20K,广州,,2026-06-04 19:43:34
ae19ae30910ea0ac03J50t20FVVT,跨境电商数据分析师,睿果跨境,0-20人,服装/纺织,学历不限,1-3年,电商/零售行业数据相关经验,8-13K,广州,,2026-06-04 19:43:34
7c64444b5d7bf4c81H193tm8E1RZ,数据分析师,好太太集团,1000-9999人,家具/家居,本科,1-3年,"Python, SQL, 数学/统计相关专业, 数据分析/挖掘经验, 电商/零售行业数据相关经验",8-13K·13薪,广州,,2026-06-04 19:43:54
8a65f03082b0d1d50nd93dW5FFs~,数据分析实习生,佩升前研,100-499人,大数据,本科,,"数据分析, 市场调研",120-150元/天,广州,,2026-06-04 19:43:54
679a7ddd849568cf0nB929q9E1pZ,数据分析专员/主管,佳然至美,500-999人,美容,本科,3-5年,"Python, Power BI, SQL, 数学/统计相关专业, 数据分析/挖掘经验, 电商/零售行业数据相关经验",8-12K,广州,,2026-06-04 19:43:54
1a869ced3f6b9ed103N93NS1E1dW,数据分析师【护肤】,仰望星空,100-499人,电子商务,本科,经验不限,"数据分析/挖掘经验, 护肤/美妆, 电商/零售行业数据相关经验, 数学/统计相关专业",6-7K,广州,,2026-06-04 19:43:54
f895364d09beb0f40nB639-0E1NT,数据分析师（双休）,快决测QD,100-499人,其他专业服务,本科,1-3年,"R, 数据分析/挖掘经验, SPSS, MRDCL, Python, 数学/统计相关专业",6-9K·13薪,广州,,2026-06-04 19:43:54
1a8a71817eaa70e10nR73Ni7E1FX,数据分析师,广州乐药,10000人以上,电子商务,本科,3-5年,"经济/工商管理相关专业, R, 数据分析/挖掘经验, 互联网, 电商/零售行业数据相关经验, 医药, SQL, Python, 数学/统计相关专业",15-22K,广州,,2026-06-04 19:43:54
4f195773b2b7a7270nZ629y7FFpW,跨境电商数据分析师,艾丽丝服饰,500-999人,服装/纺织,大专,1-3年,"数据收集, 数据分析, 数据分析/挖掘经验, 企划, 希音, 电商/零售行业数据相关经验, Python, 数学/统计相关专业",10-15K,广州,,2026-06-04 19:43:54
69044ebec2f666610nB92966FFRR,数据分析师（外包）,美亚柏科,1000-9999人,计算机软件,本科,1-3年,,7-8K,广州,,2026-06-04 19:43:54
3a9b7489bfd79f6a0nB83di0FFJS,数据分析（包三餐+双休）,软通动力,10000人以上,计算机软件,本科,3-5年,"SQL, SPSS, SAS, Hive, 埋点设计",8-12K,广州,,2026-06-04 19:43:54
6f58e6c00fc97e9b03Zy09-9EFJW,数据分析师,广州智适应科技,0-20人,培训/辅导机构,大专,经验不限,"数学/统计相关专业, 计算机相关专业, 数据分析/挖掘经验, 机器学习建模经验, 电商/零售行业数据相关经验",6-7K,广州,,2026-06-04 19:43:54
ad44d25277e6919703d-09W9FVZS,亚马逊数据分析师,腾启,20-99人,电子商务,本科,3-5年,"经济/工商管理相关专业, 金融行业数据相关经验, 服装, 亚马逊运营, Tableau, 计算机相关专业, 亚马逊数据分析师, 英语4级, SQL, Python",10-15K,广州,,2026-06-04 19:43:54
36108e0de76c94560nZ83Ny7F1ZZ,数据分析（卡牌游戏）,诗悦网络,1000-9999人,游戏,本科,1-3年,,12-24K·13薪,广州,,2026-06-04 19:43:54
2d37679874f873ae0nB73tW7GVZX,数据分析师,鹿途,20-99人,广告/公关/会展,本科,1-3年,"飞书多维表格, 影刀RPA, 电商数据分析, Ai数据师, BI数据分析",7-12K,广州,,2026-06-04 19:43:54
8bc997701e7398a30nd_2NS-ElBV,数据分析师-场景和流量,未来一手网络科技...,500-999人,电子商务,本科,1-3年,,12-20K,广州,,2026-06-04 19:43:54
07aaa0e73fc1386c03B62dq8GVtU,中级数据分析师,宜通衡睿,100-499人,通信/网络设备,本科,1-3年,"Tableau, SQL",9-14K,广州,,2026-06-04 19:43:54
097123367464c7390nd40t-_GVNW,高级数据分析师,中数通,1000-9999人,计算机软件,本科,5-10年,,13-17K,广州,,2026-06-04 19:44:15
295d4a38efc42b4d1XZ829u-E1RU,数据分析师,酷乐科技,0-20人,大数据,本科,1-3年,"Excel, Hive, SQL",10-15K,广州,,2026-06-04 19:44:15
124668763c1ecd0a0nV729S6FVJV,（跨境选品）数据分析师,绿尚信息科技,20-99人,电子商务,本科,1-3年,"数据分析/挖掘经验, 计算机相关专业, 电商/零售行业数据相关经验, 数学/统计相关专业",6-8K,广州,,2026-06-04 19:44:15
86314320fa1e50c50nR439S0E1pV,数据分析,唯品会,10000人以上,互联网,本科,5-10年,,35-50K,广州,,2026-06-04 19:44:15
67fd9c743c23c3f00nVy29W0GVFQ,数据分析师,游酷盛世,500-999人,游戏,本科,5-10年,,25-40K·18薪,广州,,2026-06-04 19:44:15
a0a20912bdd56ecc0nd-2NW8EVpW,数据分析师/双休五险一金包餐,玖富集团,100-499人,互联网,大专,3-5年,"数据分析/挖掘经验, 电商/零售行业数据相关经验",7-12K,广州,,2026-06-04 19:44:15
36b685ffac062b080nR63tu7ElZX,市场数据分析专员,广州奇点出海商务咨询,20-99人,咨询,本科,3-5年,"跨境电商, Zapier, Power BI, n8n, API调用, 数据分析/挖掘经验, Make, Tableau, 电商/零售行业数据相关经验, SQL, Python, 数学/统计相关专业",5-8K,广州,,2026-06-04 19:44:15
bc1b5f11d48e1fe41HZy2967E1JX,数据分析,赵一鸣零食,1000-9999人,批发/零售,本科,1-3年,"Power BI, Python, 计算机相关专业, 电商/零售行业数据相关经验, 数学/统计相关专业, 计算机二级",7-8K,广州,,2026-06-04 19:44:15
9fe00d4bdfb8fa9f0nV_3tm6FVNV,数据运营BA（数据分析师）,广州小谷汽车销售服务,20-99人,汽车经销商,大专,经验不限,"数据分析/挖掘经验, 计算机相关专业, Python, 数学/统计相关专业",5-6K,广州,,2026-06-04 19:44:15
299fef6eb95b90df0nZ73Ny_FVFX,供应链数据分析师,灏仟亿科技集团,500-999人,互联网,本科,3-5年,"数据分析/挖掘经验, 计算机相关专业, SQL, Python",20-30K·14薪,广州,,2026-06-04 19:44:15
5e5dddc9c00034480nd809u-GFNW,数据分析师（梧州工作）,政通智慧城市运营科技,500-999人,其他生活服务,本科,3-5年,,8-9K,广州,,2026-06-04 19:44:15
933530eba8583d9c1nx82Ny_EVZV,微信数据分析实习生,腾讯,10000人以上,互联网,硕士,,"Python, SQL, R, Pandas, Excel, Hive",150-200元/天,广州,,2026-06-04 19:44:15
c088987dd018eb770nR80tW4FlpW,亚马逊选品开发（数据分析师）,昱臻贸易,0-20人,进出口贸易,大专,3-5年,"跨境电商选品, 亚马逊产品经理, 数据分析/挖掘经验, 电商/零售行业数据相关经验, Python",7-12K,广州,,2026-06-04 19:44:15
05a75081802464800ndz292_EVJQ,资深数据分析师,网易游戏,10000人以上,游戏,本科,3-5年,,30-50K·16薪,广州,,2026-06-04 19:44:15
3c45f0e086ecf8690nV42Ni0ElFX,数据分析师,拉美网络,100-499人,进出口贸易,本科,3-5年,"数据分析, 库存控制, 数据分析/挖掘经验, Python, SQL, 数学/统计相关专业",8-13K,广州,,2026-06-04 19:44:15
05b66d2fffd00a271HN93tq0E1tQ,数据分析师,广州市城市规划勘...,100-499人,其他行业,本科,,"留学生优先, 国内院校优先",150-200元/天,广州,,2026-06-04 19:44:37
541f2d1be3bf7b390nd709q5ElJX,数据分析师-时尚店铺方向,SHEIN,10000人以上,电子商务,本科,3-5年,,20-40K·15薪,广州,,2026-06-04 19:44:37
70c0627519fa8ad20nd63t-5GFBU,数据分析师（产品部）,海草跨境贸易,20-99人,进出口贸易,本科,经验不限,,6-9K,广州,,2026-06-04 19:44:37
786527d9353c760d1HF929y-FVZY,数据分析师,首末集团,100-499人,电子商务,本科,3-5年,"Power BI, 数据分析/挖掘经验, 电商/零售行业数据相关经验, SQL, Python, 数学/统计相关专业",10-15K,广州,,2026-06-04 19:44:37
69c9582710539ac10nZ42N20GVFY,数据分析师,林和木语,100-499人,进出口贸易,本科,1-3年,"跨境电商, 平台数据统计, Power BI, 数据分析/挖掘经验, Tableau, 电商/零售行业数据相关经验, Python, SQL, 数学/统计相关专业",6-10K,广州,,2026-06-04 19:44:37
930a3888b00cd1da03R739u_FFRW,数据分析师,汉光科技,0-20人,计算机软件,本科,1-3年,计算机相关专业,10-15K,广州,,2026-06-04 19:44:37
31b6e71e8d7017eb0nVz39W-GVRT,数据分析师,广州聚鸿晟商业管理,0-20人,大数据,本科,3-5年,,9-10K,广州,,2026-06-04 19:44:37
690d63b65205a21e0nB73N-9GVZZ,数字中心-数据分析师,蓝带啤酒,1000-9999人,食品/饮料/烟酒,本科,3-5年,,15-25K,广州,,2026-06-04 19:44:37
6a282d923789b6970nB72t21FlNX,资深数据分析师（广州 / 杭州）,北京某大型互联网内容平台公司,10000人以上,互联网,本科,5-10年,,40-70K·16薪,广州,,2026-06-04 19:44:37
384df5bfdc2a32ca03Z63Ny5F1ZQ,亚马逊数据分析,广州海麦科技有限公司,100-499人,电子商务,本科,1年以内,"数学/统计相关专业, 数据分析/挖掘经验, 计算机相关专业, 电商/零售行业数据相关经验, Power BI, 市场分析, AI",6-8K,广州,,2026-06-04 19:44:37
3e6fe94081fccf2d0nB709q0FFpU,数据分析专员,冰泉,100-499人,批发/零售,大专,1-3年,,6-8K,广州,,2026-06-04 19:44:37
8bcdb59ffae76f120nZz2d64FFNZ,数据分析师（短剧 / 漫剧投放方向）,广州快创,500-999人,互联网,本科,3-5年,"数据分析/挖掘经验, SQL, Python",15-25K·14薪,广州,,2026-06-04 19:44:37
a71a705a8e1fce810nV-2Ni_GFRQ,高级数据分析师,嫚熙,1000-9999人,电子商务,本科,3-5年,"业务驱动分析, 专项深度分析, 数据体系建设, 人群洞察, 流量分析",12-20K,广州,,2026-06-04 19:44:37
8c5f3e827d533f7403B839W8EVBZ,数据分析师,药师帮,1000-9999人,互联网,本科,经验不限,"数据分析/挖掘经验, 计算机相关专业, Python, SQL, 数学/统计相关专业",14-28K·14薪,广州,,2026-06-04 19:44:37
07b32ae0364c4d290nZz3Nm7ElNQ,数据分析（采购）,菲利斯太阳能,1000-9999人,储能,本科,3-5年,"数学/统计相关专业, 数据分析/挖掘经验",9-11K·14薪,广州,,2026-06-04 19:44:37
5f1f61ec4893cb2703192N-7GFpU,数据分析实习生(A127720),荔枝集团,100-499人,互联网,本科,,"计算机相关专业, SQL, Python, 数学/统计相关专业",200-250元/天,广州,,2026-06-04 19:44:57
89dfa86db17e89d61XZ93tu7GFZR,数据分析师,加利华,0-20人,咨询,本科,3-5年,相关分析,10-11K,广州,,2026-06-04 19:44:57
87cb6259957ee3230nB62d64EVJS,数据分析实习生-四部,数字广东,1000-9999人,计算机软件,本科,,,160-200元/天,广州,,2026-06-04 19:44:57
f24ec6596eb6aa3b0nd50964ElZV,数据分析师（电商bi）,BOP波普专研,500-999人,日化,本科,3-5年,"Power BI, 计算机相关专业, SQL, 数学/统计相关专业",15-20K,广州,,2026-06-04 19:44:57
deee4aebf38f2d9703J72ty7EVtX,数据分析师,铭太科技,100-499人,计算机软件,本科,3-5年,"经济/工商管理相关专业, Power BI, 数据分析/挖掘经验, Tableau, 计算机相关专业, SQL, Python, 数学/统计相关专业",10-15K,广州,,2026-06-04 19:44:57
9e9a6ed9c50e81d50nRz3ty4FlFU,数据分析师大小周,晓餐科技,500-999人,互联网,本科,1-3年,"数据分析, 计算机相关专业, 电商平台, SQL, 数学/统计相关专业",8-13K,广州,,2026-06-04 19:44:57
7da8ba2abef4481f031909S4GVRR,资深数据分析师（用户增长）,广州智品网络科技公司,100-499人,互联网,本科,3-5年,,28-40K·16薪,广州,,2026-06-04 19:44:57
ed04f8aa46157a870nB42Nm4FVVV,数据分析师,蓝鲲智创,500-999人,互联网,本科,3-5年,"SQL, Python, 数学/统计相关专业, 计算机相关专业, 数据分析/挖掘经验, 文娱/游戏行业数据相关经验",17-30K·15薪,广州,,2026-06-04 19:44:57
d210a6efba3047ec03V73925GFdT,高级大数据挖掘工程师（偏数据分析）,白驹科技,100-499人,社交网络与媒体,本科,3-5年,"Hive, 大数据处理经验, 机器学习经验, 计算机相关专业, Python, 数学/统计相关专业",15-25K·13薪,广州,,2026-06-04 19:44:57
cbbcddd917803e9f03x_3965GFNZ,数据分析,启航,20-99人,大数据,大专,经验不限,"SQL, Python, 计算机相关专业",5-10K,广州,,2026-06-04 19:44:57
43fbe9888debc8330nd_3t64EFRQ,Python 编程辅导讲师（数据分析方向）,广州朔珩咨询有限公司,20-99人,咨询,本科,1-3年,"线上教学, 职业培训班, 日常教学, 辅导答疑, 实操实训, 计算机相关专业",8-13K,广州,,2026-06-04 19:44:57
6fa8d51f3a4573071nR62N24F1BS,数据分析师-BI工程师,广州博锐,20-99人,企业服务,本科,1-3年,"数据分析, Excel, Cognos, MySQL, BI, 商业分析",6-7K·13薪,广州,,2026-06-04 19:44:57
5a6c4b465e040ca91nx439-0FFBU,数据分析师,网易游戏,10000人以上,游戏,本科,3-5年,"SQL, Python",15-16K,广州,,2026-06-04 19:44:57
b5b5da63161583880ndz3dS0FFRX,中级数据分析师,中建普联,100-499人,互联网,本科,1-3年,,6-8K,广州,,2026-06-04 19:44:57
076bcc58e203377703x50t6-EFJR,数据分析师,和元达,20-99人,移动互联网,本科,1-3年,,12-18K,广州,,2026-06-04 19:44:57
8099e5584c6594880nB929m6GVJS,线索数据分析专员/双休/五险一金/汽车行业,对点咨询,500-999人,人力资源服务,本科,1-3年,"线索数据分析, 线索全链路, 数据汇报, 指标分析, NEV 电销数据",10-11K,广州,,2026-06-04 19:45:17
4f43f28d80a472670nd_2d24GVVV,数据分析师,某进出口贸易公司,20-99人,进出口贸易,本科,经验不限,,20-25K,广州,,2026-06-04 19:45:17
fb1f9dca33b999770nRy2ti5ElpY,数据分析师（跨境电商）,初暖服装,100-499人,服装/纺织,本科,1-3年,"Hive, Power BI, 数据分析/挖掘经验, 计算机相关专业, 电商/零售行业数据相关经验, Python, SQL, 数学/统计相关专业",8-12K,广州,,2026-06-04 19:45:17
2ec18458f3c38dc10nVy2dS4GFFQ,数据分析,南方文交所艺术品中心,20-99人,检测/认证/知识产权,本科,经验不限,"Python, Tableau, 数学/统计相关专业, 经济/工商管理相关专业, 数据分析/挖掘经验",6-8K,广州,,2026-06-04 19:45:17
cd61f64c3b3d646103N609q_FVpY,数据分析师,卡卡诺,100-499人,电子商务,本科,1-3年,"机器学习建模经验, 风控相关经验, Power BI, 数据分析/挖掘经验, Tableau, 电商/零售行业数据相关经验, SQL, Python, 数学/统计相关专业",10-15K,广州,,2026-06-04 19:45:17
4cfdef013ef9c28b0nB52d2_GVFS,数据分析师（广告行业）,小牛传媒集团,1000-9999人,互联网,本科,3-5年,"机器学习建模经验, R, Power BI, 数据分析/挖掘经验, Tableau, 计算机相关专业, SQL, Python, 数学/统计相关专业",20-35K,广州,,2026-06-04 19:45:17
2ea287d4e049418e031z09S-E1VV,数据分析校招生,剧星传媒,1000-9999人,广告营销,本科,,,130-150元/天,广州,,2026-06-04 19:45:17
5f560ffdf1b9f37003x62NS5E1RQ,数据分析师,文石信息,100-499人,电子/硬件开发,本科,3-5年,"R, 数据分析, 供应链, 数据分析/挖掘经验, 制造业, 消费电子, Tableau, 电商/零售行业数据相关经验, 营销分析, Python, SQL",20-30K,广州,,2026-06-04 19:45:17
816ba75b7d5c55240nV_39S5EVNQ,经营数据分析专员,广州祺聚数字技术,100-499人,互联网,大专,1-3年,"R, SQL, Python",8-9K,广州,,2026-06-04 19:45:17
9824f569dfbf4de603Z62t28FVBX,数据分析师,恒凯科技,0-20人,人工智能,本科,经验不限,"奥数, 机器学习建模经验, 语数英, 学习能力, 教培, K12, 数学/统计相关专业",5-10K,广州,,2026-06-04 19:45:17
4b9b7f70daf95ef20nd609q6FVtV,数据分析师,CheilPengTai,500-999人,互联网,本科,10年以上,"Google Analytics, 神策, 网页分析, 网站监测, 计算机相关专业, 电商/零售行业数据相关经验, Adobe Analytics, 数学/统计相关专业",15-30K·13薪,广州,,2026-06-04 19:45:17
f1dfd41079be225a1Hd70tS_GVdQ,数据分析师,广州越秀区松鼠智...,0-20人,培训/辅导机构,学历不限,经验不限,"SAS, 可兼职",5-10K,广州,,2026-06-04 19:45:17
9c57e477407af10a03xy3du7GFRW,数据分析师,深圳市兰盛翼运输,20-99人,通信/网络设备,本科,1-3年,,10-11K,广州,,2026-06-04 19:45:17
d3b1099c650ff4d90nZ_0t28ElFR,会员数据分析​师（双休+五险一金）,123专业母婴,1000-9999人,批发/零售,本科,3-5年,,9-14K,广州,,2026-06-04 19:45:17
8e8182e1bb38e7150nB4392-FFBY,数据分析师(电商),健元药业,100-499人,医疗健康,本科,3-5年,,8-13K,广州,,2026-06-04 19:45:17
700499845402e6d31XB73t-7EltX,数据分析师,广州区块链新科技,20-99人,计算机软件,本科,3-5年,"SQL, Python, Power BI, 数学/统计相关专业, 经济/工商管理相关专业, 数据分析/挖掘经验",11-21K,广州,,2026-06-04 19:45:38
93db715db6fa717803R839-4ElZW,数据分析师,远华服装,0-20人,其他行业,硕士,3-5年,境外拼多多,8-9K,广州,,2026-06-04 19:45:38
941141b4f75b15ae03J709S-GVFX,python数据分析师,广州汇员帮信息科技,0-20人,互联网,本科,3-5年,"Power BI, Python",9-14K,广州,,2026-06-04 19:45:38
463f94539cbbb4d00nV53dm7FFRQ,数据分析师(电商ISV),北京兴长信达,1000-9999人,互联网,大专,1-3年,"数据银行/策略中心, 影刀, 数据分析/挖掘经验, 电商/零售行业数据相关经验, Python",7-8K,广州,,2026-06-04 19:45:38
eadd19f496ff5d5c1HJ63Nm6E1FT,数据分析专员,豪森威,20-99人,咨询,大专,1-3年,"Power BI, 数据分析/挖掘经验, SQL, Python, 数学/统计相关专业",4-9K,广州,,2026-06-04 19:45:38
7c6309170ac60f2a0nB6096-EVRW,茵曼女装数据分析实习生,汇美时尚集团,1000-9999人,电子商务,本科,,,100-110元/天,广州,,2026-06-04 19:45:38
71af951421a3026533xy39m-FlU~,数据分析师,劳卡全屋定制,1000-9999人,生活服务(O2O),本科,3-5年,数据分析,10-15K,广州,,2026-06-04 19:45:38
1abcb45bd5dfbd790nd82NW4FVdW,数据分析师（广告变现方向）,TopOn,100-499人,互联网,大专,3-5年,"广告系统分析, 投放数据分析, 商业分析, excel函数, SQL, Python",12-18K·16薪,广州,,2026-06-04 19:45:38
e11fe4014e9a504b0nR63NW0EVBS,数据分析师,凯乐石,1000-9999人,服装/纺织,本科,3-5年,,15-30K·14薪,广州,,2026-06-04 19:45:38
93901daa3f63a9d00nZ83tm_GFpW,薪酬专员（数据分析导向）,海越陶居餐饮,100-499人,餐饮,本科,3-5年,,7-9K,广州,,2026-06-04 19:45:38
2ef14ae44dad32d30nd-3dq6E1pT,高级数据分析（跨境电商背景，base深圳）,琉玛,20-99人,进出口贸易,本科,5-10年,,15-21K,广州,,2026-06-04 19:45:38
16a195bb09448f120nZ529i6EFtT,数据分析师,宏锦汽配,100-499人,汽车零部件,本科,3-5年,,7-10K,广州,,2026-06-04 19:45:38
b78c7b0cb8ae66650nB62N-_FVJQ,平台数据分析高级产品经理,BIGO,1000-9999人,计算机软件,本科,5-10年,,20-40K·16薪,广州,,2026-06-04 19:45:38
c4b220f79b80b3df1nR929i_F1JQ,高级数据分析师,算法科技,20-99人,广告营销,大专,1-3年,"数据分析, 抖音数据分析, 直播数据分析",15-20K,广州,,2026-06-04 19:45:38
0e579ed0b17aa8c40nV42ti8FVVZ,数据分析师（经营分析向）(A194847),广州星火无限游戏科技,500-999人,游戏,本科,3-5年,"Power BI, 数据分析/挖掘经验, 文娱/游戏行业数据相关经验, 计算机相关专业, SQL, Python, 数学/统计相关专业",20-35K·16薪,广州,,2026-06-04 19:45:38
6e37b6d121d9931c0nB-0924EFNX,数据分析,广州矩灵云象科技,0-20人,游戏,本科,经验不限,"数学/统计相关专业, 计算机相关专业, 数据分析/挖掘经验, 风控相关经验, 文娱/游戏行业数据相关经验",8-13K,广州,,2026-06-04 19:46:00
3adbc597d6b4f9910nV83Nq5FlpS,数据分析师,小猪胖胖科技有限公司,100-499人,其他新能源,本科,3-5年,"Power BI, SQL, Python",12-16K,广州,,2026-06-04 19:46:00
3d14462dbe38b9fd1Hd53du7EFNZ,业务数据分析师(J10125),毅腾,500-999人,电子商务,本科,1-3年,"Power BI, 数据分析/挖掘经验, Tableau, 计算机相关专业, 电商/零售行业数据相关经验, SQL",9-14K·13薪,广州,,2026-06-04 19:46:00
b1346e060acc783403Ry2Nq_FFdU,高级数据分析师,广州市米资科技,20-99人,汽车零部件,本科,3-5年,"Python, 数学/统计相关专业, 计算机相关专业, 电商/零售行业数据相关经验",15-20K,广州,,2026-06-04 19:46:00
79cc40b7846c2e850nd83NW7GVVX,数据分析工程师,摩恩通讯,20-99人,通信/网络设备,本科,3-5年,,6-8K,广州,,2026-06-04 19:46:00
5e72b90f713eadad1nJ439m-GVJV,数据分析运营助理,安德金科技,0-20人,电子商务,大专,在校/应届,Excel,4-7K,广州,,2026-06-04 19:46:00
11b05cf4fed692921HN53Ni5EVtQ,数据分析师,广州安络,20-99人,信息安全,本科,3-5年,"SQL, Python",15-20K,广州,,2026-06-04 19:46:00
b823d73ea9e1c4a50nVy3tW7FFFY,汽车行业数据分析师,数观信息技术有限公司,0-20人,大数据,本科,5-10年,数据分析/挖掘经验,15-20K,广州,,2026-06-04 19:46:00
46025d6671c0e5601Hx509q8GFM~,数据分析师,影子数据,20-99人,大数据,大专,3-5年,"数据分析, tableau, 数据挖掘",7-12K,广州,,2026-06-04 19:46:00
10fd91709e7a76cd0nB_3dq-EFJX,数据分析师,尊悦网络,20-99人,游戏,本科,经验不限,"Python, SQL, 数学/统计相关专业, 数据分析/挖掘经验, 商业数据分析, 游戏数值, 产品生命周期管理, A/B测试",8-13K,广州,,2026-06-04 19:46:00
453858cc022fd3771XZ_09u5EFtZ,数据分析师,酷狗音乐,1000-9999人,互联网,本科,5-10年,数据分析,30-60K·16薪,广州,,2026-06-04 19:46:00
46b10e5ad0ddb1960nB80ty4FFFQ,数据分析师,CLPS华钦软件,1000-9999人,计算机软件,本科,5-10年,"SQL, Python, Tableau, MATLAB, SAS, 计算机相关专业, 数据分析/挖掘经验, 金融行业数据相关经验, 银行, 英语, 粤语",15-22K,广州,,2026-06-04 19:46:00
0b2bb3b4c4a618c703Ny0tm4E1ZW,跨境电商数据分析师,广州微品服饰有限公司,100-499人,服装/纺织,大专,3-5年,,7-8K,广州,,2026-06-04 19:46:00
22299e9d884c43490nB40965E1dT,数据分析/数值策划,灵感游戏,100-499人,游戏,本科,3-5年,"SQL, 数学/统计相关专业, 数值策划, 数据分析, 商业化策划, 游戏策划",15-30K,广州,,2026-06-04 19:46:00
2d85b26e51a1c67903Z73ti_ElVW,数据分析师,广州智徽科技有限公司,0-20人,人工智能,大专,经验不限,数学/统计相关专业,15-30元/时,广州,,2026-06-04 19:46:00
0f7179635a0b8f370nV42ti_GFRU,数据分析师-跨境电商,心绘网络,100-499人,电子商务,本科,3-5年,"数据分析, Power BI, 数据分析/挖掘经验, SQL, Python, FineBI",10-15K,广州,,2026-06-04 19:46:21
58379c8a27c281ec03Z63t-5FFJR,数据分析师,华珵,1000-9999人,食品/饮料/烟酒,本科,3-5年,,25-30K,广州,,2026-06-04 19:46:21
a063304bdb3afd391HV82Nu4EVFQ,数据分析经理,好又灵,20-99人,广告/公关/会展,本科,1-3年,"数学/统计相关专业, 经济/工商管理相关专业, 数据分析/挖掘经验",8-9K,广州,,2026-06-04 19:46:21
799e03f9ba1b16a40nB-09-1FVdW,跨境电商数据分析师,沃飞贸易,100-499人,电子商务,硕士,1-3年,"SQL, 数学/统计相关专业, 计算机相关专业, 985, 211",7-12K,广州,,2026-06-04 19:46:21
e351aed2b67449720nB439y1EFdQ,数据分析师,星尘科技,20-99人,计算机服务,本科,1-3年,,5-6K,广州,,2026-06-04 19:46:21
5b4df6b78bd1ece51Xd_2dq1GFpV,数据分析师,辛选集团,1000-9999人,电子商务,本科,5-10年,"电商行情分析, 直播电商, Hive, 数据分析, 数据分析/挖掘经验, 计算机相关专业, hive sql, 电商/零售行业数据相关经验, 商品分析, 数学/统计相关专业, SQL",24-30K·13薪,广州,,2026-06-04 19:46:21
110011de154962f50nV72Nu4ElNS,非常紧急-数据分析-国企,某大型互联网上市集团公司,1000-9999人,互联网,本科,3-5年,"数据分析/挖掘经验, SQL, Python",15-25K·14薪,广州,,2026-06-04 19:46:21
0e164219ad28a23903xy09m6FltQ,数据分析师,广州中钦科技服务,20-99人,互联网,本科,1-3年,"SAS, Power BI, 数据分析/挖掘经验, SPSS, 电商/零售行业数据相关经验, Python, SQL",8-10K,广州,,2026-06-04 19:46:21
d1b9b6c3d6345f431HN_3tu4EVpW,数据分析经理,厦门妍芝尚科技,1000-9999人,互联网,本科,3-5年,"业务增长, OTO, 本地生活",20-30K,广州,,2026-06-04 19:46:21
50e197f9bd06dc101H1429m6GVVY,区块链数据分析师,广州瞬宇科技有限公司,20-99人,计算机软件,本科,3-5年,"数据分析/挖掘经验, Python, SQL, 数学/统计相关专业",15-20K,广州,,2026-06-04 19:46:21
4cd8cfc900202eee0nd_2965GVVV,跨境电商数据分析师,广州无云科技有限公司,20-99人,电子商务,本科,在校/应届,"数据分析/挖掘经验, 计算机相关专业, 电商/零售行业数据相关经验, SQL, Python, 数学/统计相关专业",5-8K,广州,,2026-06-04 19:46:21
c6c203d7565244100nB73tW5GVZW,数据分析师,菁英健康,20-99人,医疗健康,本科,1-3年,"电商/零售行业数据相关经验, 文娱/游戏行业数据相关经验, 数据分析/挖掘经验, 经济/工商管理相关专业, 量化, 性能评估, 机会挖掘, 数据处理, mcn",8-12K,广州,,2026-06-04 19:46:21
c3cec36a28ac33c80nB82ti5EVJZ,数据分析 (MJ000195),远方好物,100-499人,电子商务,本科,3-5年,,10-15K,广州,,2026-06-04 19:46:21
7f8da1ab4229ff390nV739-5FVZS,数据分析师,手盟网络,100-499人,互联网,本科,3-5年,"数据分析/挖掘经验, 文娱/游戏行业数据相关经验, SQL, Python, 数学/统计相关专业",12-18K·13薪,广州,,2026-06-04 19:46:21
0c09c60ff342c8d30nZ-2tm8FVtY,一代测序数据分析工程师,博瑞基因,20-99人,医疗器械,本科,1-3年,,5-8K·13薪,广州,,2026-06-04 19:46:21
8d54bb349f8a664e1HR70ti5FFVT,temu销量数据分析师,雅尚依服饰有限公司,20-99人,电子商务,大专,1-3年,"数据分析/挖掘经验, 电商/零售行业数据相关经验, 数学/统计相关专业",8-9K,广州,,2026-06-04 19:48:44
9f0220a4bce590bc0nB53ty4FVtR,经营数据分析师,广州市白云协和汽...,20-99人,汽车研发/制造,大专,3-5年,"业务数据分析, 不接受居家办公, 业务模式/运营策略优化, 统计/数学相关专业, 计算机相关专业, 数据分析/商业分析经验",7-10K,广州,,2026-06-04 19:48:44
af9e3ab5ca3151b60nR43ty5GFtT,数据分析师,广州市衣潮互联科技,20-99人,服装/纺织,大专,3-5年,"Python, SQL, Power BI, 跨境电商, 服装, 影刀",7-10K,广州,,2026-06-04 19:48:44
fe184518d240e3d703R-3Nm5EVBY,数据分析,信念智能机器人科技,20-99人,互联网,本科,,"数据分析/挖掘经验, 25届应届生, 数学/统计相关专业",150-200元/天,广州,,2026-06-04 19:48:44
ca6777a6f406575d0nB73dS4GFtS,数据分析师-电商行业、影刀方向、熟悉mysql,某大型互联网公司,500-999人,互联网,本科,经验不限,,20-21K,广州,,2026-06-04 19:48:44
8190d27a81468fc803J82Nm7FVpR,数据分析（双休/包餐/五险一金）,兴趣岛,1000-9999人,互联网,本科,1-3年,"精通Excel 函数, Excel, 提成核算, Power BI, 数据分析/挖掘经验, finebi, 独立做报表, SQL, Python",10-15K,广州,,2026-06-04 19:49:05
08f24af4e7b5ab470nB6292_FFFS,数据分析师（可面向应届生）,中康数字科技有限公司,500-999人,医疗健康,硕士,1年以内,,12-15K·13薪,广州,,2026-06-04 19:49:05
88fa80206010264b03B53N67E1RX,数据分析师,优推广告策划有限公司,20-99人,互联网,学历不限,经验不限,"金融行业数据相关经验, 区块链, 币圈",10-11K,广州,,2026-06-04 19:49:05
2edb8b605919cb230ndz3t25GVVY,AI数据分析师,边锋,500-999人,游戏,本科,1-3年,,15-30K,广州,,2026-06-04 19:49:05
c81e927269e626c60nVz2di6ElpY,兼职金融数据分析助理,武汉市九谦智舟信...,20-99人,其他金融业,本科,经验不限,,4000-5000元/月,广州,,2026-06-04 19:49:26
3cd0746fdd234c650nV709--EVBW,数据分析实习生,语析咨询,0-20人,咨询,本科,,,150-200元/天,广州,,2026-06-04 19:49:26
4af43f028a2a2cd31XJ_39y7FVRQ,数据分析师,东莞以纯集团有限公司,10000人以上,服装/纺织,本科,5-10年,"快销/零售, 经营分析",10-15K,广州,,2026-06-04 19:49:26
a149d7494ea39a7403x63N-8EFFT,数据分析师,艾丽丝服饰,500-999人,服装/纺织,大专,1-3年,"跨境电商, 亚马逊, 数据分析, 数据分析/挖掘经验, 商品数据, 希音, 电商/零售行业数据相关经验, Python, 数学/统计相关专业",12-20K,广州,,2026-06-04 19:49:26
d7b394b5e4447da303d-3d64F1RW,数据分析师,上海某大型生活服务(O2O)公司,1000-9999人,生活服务(O2O),本科,5-10年,,20-21K·14薪,广州,,2026-06-04 19:49:26
31644694c03824840nV72tS_FlFX,广州-Power BI数据分析师,敏捷艾科,100-499人,大数据,本科,3-5年,,9-13K·13薪,广州,,2026-06-04 19:49:46
f6ae7f5be7ba1e2f1nVz3d27EFZX,数据分析师,比地数据,100-499人,大数据,本科,1-3年,"SQL, Python, Excel",7-9K,广州,,2026-06-04 19:49:46
2da555613b7cf748031y3Nu7EVdV,数据分析师,百岁山,100-499人,食品/饮料/烟酒,本科,3-5年,"经济/工商管理相关专业, 金融行业数据相关经验, 风控相关经验, 数据分析/挖掘经验",10-12K,广州,,2026-06-04 19:49:46
14e92456107a777503Vy2ti0FFpV,APP数据分析师,百韬软件,20-99人,计算机软件,本科,3-5年,"数据分析/挖掘经验, 用户分层, 数据决策, app分析, 数据可视化, Python",17-27K·13薪,广州,,2026-06-04 19:49:46
3a1e71beabfb1ba40nB629W9FFNX,数据分析师（短剧+项目稳定）,丁丁文化传媒,500-999人,社交网络与媒体,本科,1-3年,,10-15K,广州,,2026-06-04 19:50:07
930dd9d38e1f814d03x63d6_ElpZ,数据分析师,广州与搏科技有限公司,20-99人,互联网,本科,3-5年,"数据分析/挖掘经验, SQL, Python, 数学/统计相关专业",13-18K·13薪,广州,,2026-06-04 19:50:07
bdf2160bdbea099b1XN_0ti5F1BU,化妆品数据分析师,美易搜,100-499人,大数据,本科,3-5年,"数学/统计相关专业, 数据分析/挖掘经验, 电商/零售行业数据相关经验, 化妆品, 行业分析",12-22K,广州,,2026-06-04 19:50:07
1c457153f46dcc9b0nd709q8E1pW,资深数据分析师,天盛跨境,100-499人,跨境物流,本科,3-5年,"SQL, Python, 数据分析/挖掘经验, 电商/零售行业数据相关经验",15-20K,广州,,2026-06-04 19:50:07
e6a044e81141b45b1HN409-7F1NX,数据分析师,舜风传媒,500-999人,广告营销,本科,1年以内,"数据银行, 云图, 电商/零售行业数据相关经验, 数学/统计相关专业",8-13K,广州,,2026-06-04 19:50:27
5c78154b7f9bad4e03F52tm_E1VR,bi数据分析师/双休/13薪,优卡普,100-499人,电子商务,本科,5-10年,"业务分析, Power BI, 数据分析/挖掘经验, Tableau, 计算机相关专业, 电商/零售行业数据相关经验, SQL, Python, 数学/统计相关专业",15-20K·13薪,广州,,2026-06-04 19:50:27
9b287f34b03db4890nZ82N--EFtZ,数据分析师（TO B，外贸）,博达集团,1000-9999人,日化,本科,3-5年,SQL,8-13K·13薪,广州,,2026-06-04 19:50:27
aada2211edc0a30d1X190968F1dV,数据分析师,扬名时尚设计美发店,100-499人,美容/美发,本科,经验不限,Power BI,6-7K,广州,,2026-06-04 19:50:27
4cd3d5b4a43344c503Z439q4GFtS,数据分析师,广州宬泷科技有限公司,20-99人,人工智能,本科,在校/应届,数据分析/挖掘经验,4-9K,广州,,2026-06-04 19:50:27
ac62908c586ee7110nd82dW0E1NV,数据分析师（广告投放分析方向）,欢聚集团,1000-9999人,互联网,本科,经验不限,"SQL, Python, 数学/统计相关专业, 广告优化",19-30K·16薪,广州,,2026-06-04 19:50:49
18951524f748ffe11H1_3Nu9ElFY,数据分析,CMGE中手游,100-499人,互联网,本科,1-3年,"数据分析/挖掘经验, 文娱/游戏行业数据相关经验, 计算机相关专业, SQL, Python, 数学/统计相关专业",12-18K,广州,,2026-06-04 19:50:49
dcf82b089e2ad7800nd82Nq8FVdW,数据分析师（广州）,术木智能,20-99人,大数据,本科,3-5年,,8-10K,广州,,2026-06-04 19:50:49
c6dad7684de9fd140nB_2d29ElFQ,数据分析师（电商服装）,恩美文化,100-499人,电子商务,本科,3-5年,"数据分析/挖掘经验, 抖音直播女装行业经验, 抖音头部主播/IP优先, 电商/零售行业数据相关经验, SQL, Python, 数学/统计相关专业",10-15K,广州,,2026-06-04 19:50:49
de3331dddfa0603603x82Nm7ElVT,数据分析岗（一）,珠江城市服务,500-999人,物业管理,本科,经验不限,,10-12K,广州,,2026-06-04 19:50:49
6dc5b0014d82259b0nd839-_F1dV,数据分析（经营分析方向）,中望软件,1000-9999人,计算机软件,本科,经验不限,"经营分析, 数据分析",15-25K·15薪,广州,,2026-06-04 19:51:10
d86448ee6f6a6ed20nB82d-1F1BV,数据分析师（AI要求）,乐看科技,100-499人,社交网络与媒体,本科,3-5年,"R, 数据分析/挖掘经验, 文娱/游戏行业数据相关经验, 计算机相关专业, SQL, Python, 数学/统计相关专业",15-25K,广州,,2026-06-04 19:51:10
6a9368d24b91cade1XB82Nm7E1FS,数据分析师,北京资采,100-499人,运营商/增值服务,本科,3-5年,"Hive, 数据分析/挖掘经验, 运营商业务运营经验, SQL, Python, 数学/统计相关专业",10-15K·13薪,广州,,2026-06-04 19:51:10
49c49b5791a8044d03Nz29W7E1dR,数据分析专员,艾壳信息,100-499人,电子商务,本科,经验不限,"Excel, Python, SQL",7-12K,广州,,2026-06-04 19:51:10
d785405d57ffe2c603x52N20GVdY,数据分析Leader,某大型游戏上市公司,10000人以上,游戏,本科,5-10年,"业务数据分析, 投放数据分析, 营销活动效果分析, 竞品分析, 数据分析/商业分析经验",70-90K·20薪,广州,,2026-06-04 19:51:31
7327900269f524a90nVy2dW5FVtV,数据分析师,广晟数科,20-99人,计算机软件,本科,3-5年,"数学/统计相关专业, 人力, 风控, 供应链",12-24K,广州,,2026-06-04 19:51:31
55f59481442420970nd-096_EVNZ,游戏数据分析师(可远程）,MobTech,100-499人,大数据,本科,3-5年,"游戏, 游戏数据分析, 海外",15-25K·13薪,广州,,2026-06-04 19:51:53
b9b8bdf50b2c262e0nB-39S6FVJR,数据分析,畅指网络科技,100-499人,计算机软件,本科,3-5年,"SQL, 数据分析/挖掘经验, 计算机相关专业, 数学/统计相关专业, 文娱/游戏行业数据相关经验, superset",18-25K,广州,,2026-06-04 19:51:53
37f7dee15c7bf7280nB-09m1EFNX,数据分析主管,广东骆驼服饰有限公司,1000-9999人,电子商务,本科,5-10年,"Python, 数学/统计相关专业, 电商/零售行业数据相关经验, 数据分析, 鞋服行业",15-25K,广州,,2026-06-04 19:51:53
1d91f907d02cbdb50nB929-5FlRR,线索数据分析师/汽车行业/双休/五险一金,广州某中型电子商务公司,500-999人,电子商务,本科,1-3年,"线索, 车企, to b, to c, Excel",10-11K,广州,,2026-06-04 19:51:53
5c0f811301a28b751HB62t68GVJS,急招-亚马逊数据分析/品类企划（周末双休）,广州盛为电子,100-499人,电子商务,大专,1-3年,"亚马逊品类企划, 市场调研数据总结, 数据分析/挖掘经验, 计算机相关专业, 亚马逊数据分析师, Python, 数学/统计相关专业",9-12K·13薪,广州,,2026-06-04 19:55:01
c6e23ec7598ed1cf0nd82d28EVpS,数据分析师,道有道,100-499人,互联网,本科,1-3年,"数学/统计相关专业, 计算机相关专业, 数据分析/挖掘经验",8-10K,广州,,2026-06-04 19:55:21
023c4a5d3cf2ba480nd93du5FFNQ,物流专员/主管（跨境物流+数据分析）,广州叁目信息技术,20-99人,电子商务,本科,3-5年,,8-10K,广州,,2026-06-04 19:55:43
d46179064617369b0nB52tu5F1tQ,数据分析师（大小周+五险一金）,七品运营管理有限公司,500-999人,日化,大专,3-5年,,12-18K,广州,,2026-06-04 19:55:43
0d09b2d0b29f7add03d63N26E1NX,数据分析师,广州亘硕贸易有限公司,20-99人,电子商务,本科,经验不限,"机器学习建模经验, Power BI, 数据分析/挖掘经验, 分析挖掘 数据模型, Tableau, 计算机相关专业, 提供决策数据支撑, SQL, 库存监控 需求预测, 数学、计算机理工专业, SPSS, 电商/零售行业数据相关经验, Python, 数学/统计相关专业",9-12K,广州,,2026-06-04 19:55:43
2c184a61d408257c1Hx82d-8EFVR,数据分析实习生,上海慧骋数据科技,100-499人,大数据,本科,,"SQL, Excel",200-250元/天,广州,,2026-06-04 19:55:43
221b628e9b23b7400nB83Nq8EVRR,数据分析师-DM10002620260604001,数说故事人工智能,500-999人,人工智能,本科,5-10年,,17-18K,广州,,2026-06-04 19:56:04
051be7b8f39919070nV80t66GVNY,数据分析师（海洋至尊/抖音）,梦尔达科技,1000-9999人,电子商务,本科,1-3年,"数据分析/挖掘经验, 护肤/洗护/彩妆, 电商/零售行业数据相关经验, 消费者洞察数据分析",10-13K,广州,,2026-06-04 19:56:04
c3b69a2b3368c5d81Xxy3t-5E1RW,数据分析师（偏运营岗）,爱知之星,100-499人,计算机软件,本科,1-3年,"数据运营, 运营分析, 运营商",8-10K,广州,,2026-06-04 19:56:26
a24dd338a17c015503xz39S9ElJT,数据分析师/商业分析师,广州某大型快时尚跨境电商公司,10000人以上,电子商务,本科,经验不限,,30-50K·14薪,广州,,2026-06-04 19:56:26
c4f2562c06fdf93e03Zy39i5ElFZ,数据分析师,摩尼宝,100-499人,进出口贸易,本科,1-3年,"Power BI, 数据分析/挖掘经验, Tableau, 电商/零售行业数据相关经验, SQL, Python, 数学/统计相关专业, 物流行业数据相关经验",9-11K,广州,,2026-06-04 19:56:26
10d90eb8aecbc5dd0nR72Ny7FVNZ,数据分析师,数字政通,1000-9999人,计算机软件,本科,1-3年,,8-12K,广州,,2026-06-04 19:56:26
e2b5c2cc3f8012360nB72tu7FFNR,数据分析师,棒谷科技,1000-9999人,电子商务,本科,3-5年,,15-20K,广州,,2026-06-04 19:56:26
7881307ced8504790nB80ty1GVtS,数据分析师,世颐堂,100-499人,医疗服务,大专,1-3年,数据分析/挖掘经验,4-5K,广州,,2026-06-04 19:56:26
788e9ad1f21d679e0nB63Nq5FVJU,数据分析师,中软国际,10000人以上,计算机软件,本科,1-3年,"数据分析/挖掘经验, 电商/零售行业数据相关经验, Python",10-11K,广州,,2026-06-04 19:56:48
8ff24597c70e7a900nZ-0920EFdT,跨境电商数据分析师,帕旗荟,20-99人,电子商务,本科,经验不限,,5-10K,广州,,2026-06-04 19:56:48
c3ab16c32305a03d0nZ72dy6EVJU,数据分析师(A183333),波克城市,1000-9999人,游戏,本科,3-5年,"数据分析/挖掘经验, 文娱/游戏行业数据相关经验, SQL, Python, 数学/统计相关专业",20-30K,广州,,2026-06-04 19:57:09
a8df569516e7516b0nZ-3t69FlZT,千问-商业数据分析师-千问AI功能-杭北,阿里巴巴智能信息事业群,1000-9999人,互联网,本科,经验不限,,30-50K·16薪,广州,,2026-06-04 19:57:09
dc757fdd4a21aa900nR-296-GVZX,高级数据分析师,文远知行,1000-9999人,人工智能,硕士,3-5年,,20-40K·15薪,广州,,2026-06-04 19:57:09
4f4e034bfbd673851HB62ty6GVBZ,数据分析师,厦门绽遇科技有限公司,1000-9999人,互联网,本科,3-5年,"SQL, Python, 数学/统计相关专业, 计算机相关专业, 数据分析/挖掘经验",15-20K,广州,,2026-06-04 19:57:09
97ffffb80f112da303V42tW6FlRZ,高级数据分析师/商业分析师,药师帮,1000-9999人,互联网,本科,3-5年,"Power BI, BI系统, 计算机相关专业, 电商/零售行业数据相关经验, Python, SQL",15-30K·14薪,广州,,2026-06-04 19:57:30
d7eb0ddb461aa8c203J42N29F1NS,数据分析师,广州比优科技有限公司,20-99人,互联网,本科,3-5年,"机器学习建模经验, 金融行业数据相关经验, 风控相关经验, Power BI, 数据分析/挖掘经验, Tableau, SQL, Python, 数学/统计相关专业",20-35K,广州,,2026-06-04 19:57:52
80c2e3c3c096d3360nB73tW4EFRR,资深数据分析师,广州某中型移动互联网出海平台公司,100-499人,互联网,本科,5-10年,"SQL, Python, 数学/统计相关专业, 业务数分",25-35K,广州,,2026-06-04 19:57:52
8140bf49b36d04d10nd82dy9GVtV,数据高级经理（云图 灵犀） 数据分析师,知途文化,20-99人,广告营销,本科,1-3年,"云图, 灵犀, 数据分析/挖掘经验, 广告投放, 电商数据分析, 数据分析经验, 电商/零售行业数据相关经验, 数学/统计相关专业",15-25K·13薪,广州,,2026-06-04 19:57:52
056ba9532a61963303B92dq9GFRZ,数据分析,新赫信息科技,100-499人,计算机软件,本科,1年以内,,5-7K,广州,,2026-06-04 19:58:13
4c7255e9f66df1af0ndy2dm-FlFT,游戏数据分析师,益世界,500-999人,游戏,本科,3-5年,,25-35K·13薪,广州,,2026-06-04 19:58:13
21f0ec870ecba59c03190ty7F1ZY,数据分析师-短剧投放业务,剧缘科技,20-99人,文化艺术/娱乐,学历不限,经验不限,,15-20K,广州,,2026-06-04 20:01:23
4a2bbfe46c08053c0ndz3dy9EFJV,数据分析师（偏策略运营/拟上市/核心岗）,人人租,1000-9999人,企业服务,大专,1-3年,"Power BI, 数据分析/挖掘经验, 计算机相关专业, 电商/零售行业数据相关经验, Python, SQL, 数学/统计相关专业, 策略运营",8-12K·13薪,广州,,2026-06-04 20:01:45
002eae356e63598303x62dS_FFZQ,微信读书/输入法数据分析实习生,腾讯,10000人以上,互联网,本科,,"机器学习建模经验, 数据分析/挖掘经验, 计算机相关专业, SQL, Python, 数学/统计相关专业",300-400元/天,广州,,2026-06-04 20:02:28
9c583ffba9b9aa6603x83NW8FlNV,南方电网数据分析/周末双休+五险一金,南方电网互联网服务,500-999人,智能硬件,本科,1-3年,"R, AI数据分析, 脚本开发, 电商/零售行业数据相关经验, Python, SQL",10-15K,广州,,2026-06-04 20:02:28
3d6f1fb4e022818a0nd93di9FlpR,数据分析师,允儿妈供应链,20-99人,服装/纺织,本科,3-5年,"数据分析, 服装",12-20K·13薪,广州,,2026-06-04 20:02:28
8d20835d2c8b9c4e0nB83Nq0FVVU,数据分析师,某大型人力资源服务公司,100-499人,人力资源服务,本科,经验不限,,20-30K·14薪,广州,,2026-06-04 20:02:28
dcbb6750642f05b103V729m_GVBQ,资深数据分析师（游戏行业）,网易,10000人以上,互联网,本科,5-10年,"游戏运营, 数据分析, 文娱/游戏行业数据相关经验",40-55K·16薪,广州,,2026-06-04 20:02:49
c08be2ac76d4d06b031y39-7FFRT,数据分析师,虎牙,1000-9999人,互联网,硕士,3-5年,,15-25K·16薪,广州,,2026-06-04 20:02:49
976e631d0c1dd4d80XZy29u9FVs~,数据分析师,荟质鲜,20-99人,批发/零售,本科,经验不限,"数据分析, 数据仓库, 数据挖掘, 商业数据分析, 数据库开发",4-8K,广州,,2026-06-04 20:02:49
898ef9520bad019b0nd42du1FFJU,高级数据分析师（结算方向）,广东傲盛科技有限公司,100-499人,其他行业,本科,3-5年,,13-18K·13薪,广州,,2026-06-04 20:02:49
3774ad6ba105f6d80nB929q7FFZW,数据分析师（IAP游戏）,深圳禅游科技,500-999人,游戏,本科,3-5年,"投放, 文娱/游戏行业数据相关经验, 游戏",20-40K·13薪,广州,,2026-06-04 20:03:09
1d0d77e19217ba190nZ_0t60FlZR,跨境物流数据分析师,SHEIN,10000人以上,电子商务,本科,3-5年,,16-24K,广州,,2026-06-04 20:03:09
af558504d517f6e60nV53969FFNX,数据分析,广州某中型互联网出海平台公司,100-499人,互联网,本科,3-5年,,30-45K·16薪,广州,,2026-06-04 20:03:09
8782574efdaa3bc80nZ429i6ElpT,数据分析师,中软国际,10000人以上,计算机软件,本科,3-5年,"Power BI, 数据分析/挖掘经验, 汽车项目, XMP平台, 海外业务经验",16-20K,广州,,2026-06-04 20:03:09
f2df04c85f12c5ae0nB-2d60E1ZY,销售管理（数据分析）(J11985),中海达,1000-9999人,智能硬件,本科,3-5年,,10-15K·14薪,广州,,2026-06-04 20:03:29
6cd65a0d49f5f0e90nV93dW8E1ZS,商业数据分析师,小红书,1000-9999人,电子商务,本科,1-3年,"AI数据建模, 大模型AI数据分析, 信用评分, 数据开发, 数据仓库",28-40K,广州,,2026-06-04 20:03:29
1e14c6a80e04553a03B73t-0FVJU,数据分析专员,广州臻亿电子商务,500-999人,进出口贸易,本科,1年以内,,5-6K,广州,,2026-06-04 20:03:50
81228cb626a4bb491Xd8096_EVdV,数据分析师,燊普信息服务有限公司,20-99人,互联网,本科,经验不限,"SQL, Python",10-15K·14薪,广州,,2026-06-04 20:03:50
ca0693c4ed9146f10nB82926FlZZ,营销数据分析实习生,小糊涂仙,1000-9999人,食品/饮料/烟酒,本科,,,100-140元/天,广州,,2026-06-04 20:04:12
9e1ffacd0feeeb770nZ42tS_FlJS,市场数据分析,厨房大佬,100-499人,其他制造业,本科,1-3年,"公司内部岗位, 定量研究, 定性研究, 全职",7-9K,广州,,2026-06-04 20:04:34
b57888a230cc6e1003Z52NW9GFBY,供应链数据分析师,优尼客贸易,100-499人,进出口贸易,本科,5-10年,"供应链, 数据分析/挖掘经验, 电商/零售行业数据相关经验",12-18K·13薪,广州,,2026-06-04 20:04:34
5809b7c0d1e3def51nR63tS_FVVR,数据分析师,腾讯,10000人以上,互联网,本科,3-5年,"数据分析, 数据仓库, SQL, BI, 商业分析, Python",30-35K,广州,,2026-06-04 20:04:34
bc88057bda82d8300nd53Ni7EVpQ,数据分析师,偏爱服饰有限公司,100-499人,服装/纺织,本科,1-3年,"数据, 数据分析/挖掘经验, 数学/统计相关专业",10-15K,广州,,2026-06-04 20:07:41
864a58a70612466f0nZ40tm0E1dX,数据分析师,广州智适应科技,0-20人,培训/辅导机构,大专,经验不限,数学/统计相关专业,100-200元/天,广州,,2026-06-04 20:07:41
fa1101eb025fd69f0ndy3tW0F1JT,数据分析实习生,钛动科技,1000-9999人,互联网,本科,,,150-180元/天,广州,,2026-06-04 20:07:41
0448062c411e98460nV529q8FFVQ,APP数据分析师,百韬软件,20-99人,计算机软件,本科,5-10年,"Power BI, Tableau, Python, SQL",18-30K·13薪,广州,,2026-06-04 20:08:24
1c86887aeed2de3d0nB62NS1EFNS,营销数据分析师,广东伊康纳斯生物...,500-999人,医疗器械,本科,1-3年,,6-9K,广州,,2026-06-04 20:09:49
e13eaa8f18609c131HJ73dW8EVBT,数据分析师 (MJ000162),北京杉数智能科技,100-499人,大数据,本科,1-3年,"计算机相关专业, SQL, 数学/统计相关专业",15-25K·14薪,广州,,2026-06-04 20:09:49
2fc6cfd622ee1a430nB52dy_F1BV,数据分析实习生,信安数据,100-499人,大数据,本科,,,100-150元/天,广州,,2026-06-04 20:09:49
bfba5a709163023e0nZ82d27F1tW,数据分析师 / BI工程师（全渠道方向）,中华,20-99人,日化,本科,3-5年,,12-18K,广州,,2026-06-04 20:09:49
f045bf30906a125f03Fz3du9EVJS,数据分析实习生,广州泰基网络科技,100-499人,互联网,本科,,数学/统计相关专业,100-150元/天,广州,,2026-06-04 20:09:49
a2485d6332fc179f03N92di1E1ZW,数据分析助理,广州安信,20-99人,计算机软件,本科,经验不限,,5-6K,广州,,2026-06-04 20:10:10
c00c55a8350046d90ndz2tm4GFRU,数据分析师,重庆神奕科技,100-499人,日化,本科,3-5年,"数学/统计相关专业, 数据分析/挖掘经验, 电商/零售行业数据相关经验, 风控相关经验",10-15K,广州,,2026-06-04 20:10:10
35052b192b7511f51XR73Ni_GFdY,数据分析师,时光韵,0-20人,批发/零售,本科,3-5年,"数据分析/挖掘经验, 电商/零售行业数据相关经验, 内容营销直播带货, 直播运营微信私域营销, 全域网络推广, 成熟的编剧和脚本能力, 内容营销, 兴趣电商, 电子商务专业优先, 网络营销 全网销售",8-16K,广州,,2026-06-04 20:10:10
d44617c1eb4b71941Xx53d21F1ZQ,数据分析实习生,自游空间创意发展...,0-20人,建筑设计,本科,,"SQL, Python, Tableau, 计算机相关专业, 数据分析/挖掘经验, 旅游行业数据相关经验",150-200元/天,广州,,2026-06-04 20:10:10
7b4a47d24554fba50nZ_2N21EVFV,数据分析师,广州鲜源链供应链科技,0-20人,港口/铁路/公路/机场,本科,3-5年,,7-10K,广州,,2026-06-04 20:10:31
4cc08601ef9d0b5a0nB42d-0GVBW,数据分析,兆天餐饮咨询,0-20人,咨询,本科,1-3年,,6-7K,广州,,2026-06-04 20:10:31
3a1453f09e7837bd0nZ52d-6ElJW,数据分析师（非游戏行业勿投，远程办公）,末龙科技,100-499人,互联网,本科,3-5年,,15-20K·13薪,广州,,2026-06-04 20:10:31
0cb3c4a7c56790650nV709m4EFZU,数据分析,广州某大型汽车研发/制造上市公司,1000-9999人,汽车研发/制造,本科,1-3年,"Agent, R, 数据分析/挖掘经验, 数据治理, Hadoop, 计算机相关专业, Spark, 数据挖掘, Python, 数学/统计相关专业",20-22K,广州,,2026-06-04 20:10:31
b17810115162e9dc031909i_EFZT,高级/资深数据分析师,歌莉娅,1000-9999人,服装/纺织,本科,3-5年,"Python, 数学/统计相关专业, 数据分析/挖掘经验, 电商/零售行业数据相关经验",10-15K,广州,,2026-06-04 20:10:52
8d46795b4b74707f0ndy39W-E1pU,数据分析专员,环能容器租赁有限公司,20-99人,物流/仓储,本科,1-3年,"数据, 统计, 数学/统计相关专业",6-10K,广州,,2026-06-04 20:10:52
d9816d615f087a6503Z-39m6EFZR,数据分析师（数据科学）,飞未云科,500-999人,咨询,本科,1-3年,"电商/零售行业数据相关经验, SQL, Python",13-18K·13薪,广州,,2026-06-04 20:10:52
8f280d166ec5aeb80nB82N24GFBV,数据分析专员（双休+五险一金）,蓝岛,20-99人,电子商务,本科,1-3年,"跨境电商, 经济/工商管理相关专业, 亚马逊, 数据分析/挖掘经验, 计算机相关专业, 电商/零售行业数据相关经验, 数学/统计相关专业",6-7K,广州,,2026-06-04 20:10:52
3c46c67bc076e9930nB83Nm4EVVX,数据分析管培生,广州思酷,20-99人,互联网,本科,,,120-170元/天,广州,,2026-06-04 20:14:00
33750d9592614ec90nd52dS9FFRT,人工智能与数据分析管培生,侨银股份,10000人以上,环保,硕士,在校/应届,,15-25K,广州,,2026-06-04 20:14:42
ea171e453bd9c7d80nZ42t66FVNV,对日-python、SQL数据分析师,上海嘉恒昇教育科技,0-20人,学校/学历教育,学历不限,3-5年,,18-29K,广州,,2026-06-04 20:14:42
3692f3d05051e3b10nB-2dW4EVZQ,数据分析工程师,广州墨尔智慧科技,100-499人,在线教育,本科,1-3年,,9-14K,广州,,2026-06-04 20:14:42
6be243673a0e8c5403173dy1ElNX,高级业务数据分析师,趣丸,1000-9999人,互联网,本科,5-10年,"机器学习建模经验, 业务数据分析, Hive, 数据分析/挖掘经验, C端数分, 计算机相关专业, 数学/统计相关专业",15-30K·15薪,广州,,2026-06-04 20:15:25
1bf46811919192321XV5292_FlRV,数据分析师,中顺网络,100-499人,游戏,本科,3-5年,"数据分析/挖掘经验, 文娱/游戏行业数据相关经验, 数学/统计相关专业, SQL",20-40K·13薪,广州,,2026-06-04 20:15:45
62080f18880b60f40nV63d27FlRQ,bi数据分析师,映射科技,20-99人,广告营销,本科,1-3年,,8-12K,广州,,2026-06-04 20:16:08
ff128cf24946fa470nV809q1EVdW,数据分析师,法本,10000人以上,计算机软件,本科,1-3年,"数据分析/挖掘经验, 电商/零售行业数据相关经验, SQL",12-14K,广州,,2026-06-04 20:21:02
5da59b4283d37fc90nd83dq4FVFY,PR数据分析师,广州洲一服饰有限公司,100-499人,服装/纺织,大专,1-3年,"计算机相关专业, Python, SQL, 数学/统计相关专业",6-11K,广州,,2026-06-04 20:21:02
de723b2583beaacc1Xd83t-5FltU,数据分析师,翔游出行,100-499人,即时配送,本科,1-3年,"业务数据分析, 不接受居家办公, 业务模式/运营策略优化, 营销活动效果分析, Python/R语言/SPSS, 统计/数学相关专业, 数据分析/商业分析经验, SQL",9-12K,广州,,2026-06-04 20:21:22
ce1c6466474bd63503R63NW-EVZU,数据分析师,视源股份(CVTE),1000-9999人,电子/硬件开发,本科,在校/应届,"经济/工商管理相关专业, 数据分析/挖掘经验, 计算机相关专业, SQL, Python, 数学/统计相关专业",12-14K·13薪,广州,,2026-06-04 20:22:04
7593b22f6081bec30nRz3Nm7ElFV,数据分析专家,谷雨护肤品,1000-9999人,电子商务,本科,3-5年,,18-30K·14薪,广州,,2026-06-04 20:22:45
ce7dcfa6917df1731HR73N-4E1dQ,产品数据分析师,极点三维,1000-9999人,计算机服务,本科,3-5年,"MATLAB, Tableau, Power BI",9-12K,广州,,2026-06-04 20:23:06
9acdf5f5ce7ba95a03J929S1EFBR,数据分析师,广州韵罐科技有限公司,100-499人,互联网,本科,1年以内,,10-11K,广州,,2026-06-04 20:23:06
28fac6487129af4d1XB-29W1FVNX,数据分析师,无上,0-20人,移动互联网,本科,1-3年,"数学/统计相关专业, 数据分析/挖掘经验, 金融行业数据相关经验",12-17K,广州,,2026-06-04 20:23:26
c654467827951ce00nB_3dm7FldW,数据分析师,三一重工,10000人以上,企业服务,本科,3-5年,,12-24K,广州,,2026-06-04 20:27:37
4cc82fddbb076a4c03Z50t2-E1tS,ai数据分析师,金海来投资,100-499人,互联网,本科,1-3年,"经济/工商管理相关专业, 金融行业数据相关经验, 数据分析/挖掘经验, 电商/零售行业数据相关经验",15-25K,广州,,2026-06-04 20:28:40
78c6222708e05a9c0nd-3t69FFNW,数据分析师（电商+甲方）,启源号,100-499人,批发/零售,本科,1-3年,"Power BI, 数据分析/挖掘经验, 计算机相关专业, 电商/零售行业数据相关经验, SQL, Python, 数学/统计相关专业",8-12K,广州,,2026-06-04 20:29:00
fa8dd8ac545b48500nZ-09-5EFBV,数据分析师（经营分析）,上奥尚源,20-99人,日化,本科,3-5年,"经济/工商管理相关专业, 预测分析/客户分析, 经营分析/供应链分析, 系统数据维护, 数据分析/数据策略, 数据分析/挖掘经验, 市场研究, Power+BI, Tableau, MATLAB, Hive, Python, 数学/统计相关专业",10-15K,广州,,2026-06-04 20:29:42
dfb06e48768dbaa40nB_2ty9FVFT,资深数据分析师（广告方向）,Mobvista汇量科技,1000-9999人,互联网,本科,5-10年,,20-30K·16薪,广州,,2026-06-04 20:29:42
29298cbc37ce85af0nd53961E1ZW,数据分析实习生,广州瑞才信息咨询,100-499人,电子商务,本科,,,200-250元/天,广州,,2026-06-04 20:34:10
84850701ea9d68b91nZ73NS9FFJS,数据分析师,国投智能,1000-9999人,信息安全,本科,1-3年,"SQL, Excel, ECharts, Hive, 大数据",10-11K,广州,,2026-06-04 20:34:10
21218347040123f00nd42tq6EVNV,广州-Power BI 数据分析师（应届生）,敏捷艾科,100-499人,大数据,本科,在校/应届,"Power BI, 数据分析/挖掘经验, 计算机相关专业, 数学/统计相关专业",7-9K·13薪,广州,,2026-06-04 20:34:53
1e0e79df9c260c0c1HR50tS7F1tS,数据分析,某500强上市公司,10000人以上,互联网,本科,3-5年,"Hive, SQL, Python",30-50K,广州,,2026-06-04 20:36:15
2f014f5a7be965971nd729u_FFdZ,数据分析专员/数据分析师,中准广东分所,100-499人,财务/审计/税务,本科,1-3年,"Java, 数据分析/挖掘经验, 软件工程师, 计算机相关专业, Python, SQL",5-8K,广州,,2026-06-04 20:36:35
25db391a897142860nB42tm9FlNQ,数据分析师,蓝带啤酒股份有限公司,1000-9999人,食品/饮料/烟酒,本科,3-5年,,15-25K·13薪,广州,,2026-06-04 20:41:52
a49612a1bc3ac2811nJ529y_FFFV,数据分析师,伟硕科技,0-20人,计算机软件,大专,1-3年,"fcp, 数据分析/挖掘经验, finereport, 计算机相关专业, SQL, 数学/统计相关专业",6-9K,广州,,2026-06-04 20:42:35
07f97201c87ed8261HZ43d21EFtS,数据分析师,广和能源,0-20人,电力/热力/燃气/水利,本科,1-3年,"Python, SQL, 数据分析/挖掘经验, 数学/统计相关专业, 金融行业数据相关经验, 电力电气相关专业",8-12K,广州,,2026-06-04 20:43:14
e0eff2c519b9741f0nB83N65E1dT,数据分析师,数字政通,1000-9999人,计算机软件,本科,3-5年,,9-10K,广州,,2026-06-04 20:46:44
7b758ce389a96dbd0nB-0t-9GVZQ,广告数据分析师【双休+五险一金+不卷】,广州广颖创网络科...,1000-9999人,电子商务,本科,1-3年,"数据分析, Power BI, 广告数据分析, 数据分析/挖掘经验, MySQL, 亚马逊广告数据, Tableau, 计算机相关专业, SQL, Python, 数学/统计相关专业",10-15K,广州,,2026-06-04 20:46:44
fbf4b78130e239930nB-2tS4EFZV,数据分析师,龙腾出行,100-499人,互联网,本科,10年以上,"用户研究, 数据分析, SQL",15-30K·13薪,广州,,2026-06-04 20:47:46
c835f285fcd66aca1H1y3du5GVVS,数据分析,广州某中型移动互联网公司,100-499人,计算机软件,本科,3-5年,SQL,15-25K,广州,,2026-06-04 20:48:29
342cc291f88b026e1Xdy0t24EVtS,数据分析师,瑞民医药,20-99人,生物/制药,本科,5-10年,"数学/统计相关专业, 计算机相关专业, 数据分析/挖掘经验",10-15K,广州,,2026-06-04 20:48:29
ca7103ba3ff70a450nd-3961FVJV,数据分析师,欧卡科技,0-20人,计算机软件,本科,3-5年,"模型预测数据统计分析, 数据分析师, 交互式仪表盘, 量化项目优先, 提示词上下文工程, SQL, Python",10-15K·13薪,广州,,2026-06-04 20:49:12
f7694c369828e9960ndz0tW5EFpY,数据分析（增长方向）,广州某中型互联网出海平台公司,100-499人,互联网,本科,5-10年,,25-35K·13薪,广州,,2026-06-04 20:49:12
174c1e264597b2b70ndz3tu5GFZR,数据分析（投放业务）,深圳禅游科技,500-999人,游戏,本科,3-5年,"投放, 文娱/游戏行业数据相关经验, 游戏",20-40K·13薪,广州,,2026-06-04 20:49:12
8bc848a6dbca879c03d90924EFBQ,数据分析师(数据BP）,客如云,1000-9999人,计算机软件,本科,3-5年,,15-20K·15薪,广州,,2026-06-04 20:49:33
98948b9e9bd7868c0nd72ty5GFpS,仓储数据分析师,拼多多集团-PDD,1000-9999人,电子商务,大专,1-3年,"仓储物流, 精益, 质控, 数据分析, 业务赋能",8-13K,广州,,2026-06-04 20:53:31
6d3c1b6a9fa6dc9a1Xx409q_EFVS,数据分析,润记空调,20-99人,原材料及加工/模具,大专,1年以内,"Python, 数学/统计相关专业, 计算机相关专业, 数据分析/挖掘经验",7-12K,广州,,2026-06-04 20:53:31
1e61996b1663babd0nB83Ni1E1JZ,数据分析实习生（2027届）,广交物流,1000-9999人,医药批发零售,本科,,"数据分析, BI",120-130元/天,广州,,2026-06-04 20:53:31
05cb3e1eae50b0460nB73d-1EVRQ,数据分析专员（近地铁+团队氛围好）,太阳娱乐(广州),500-999人,文化艺术/娱乐,大专,1-3年,,5-7K,广州,,2026-06-04 20:53:31
36fa2d8243d2e10b03F52N24FFdW,数据分析（可小白+无责10k）,广州友格商贸有限公司,0-20人,电子商务,本科,经验不限,,10-12K,广州,,2026-06-04 20:53:31
58c63bc1e4e235010nB529m4GVBX,数据分析师（双休+包吃住）,广东菲尔,100-499人,汽车零部件,本科,3-5年,,8-13K·13薪,广州,,2026-06-04 20:53:31
7c8ead5c80d453120nB529S5EFtV,数据分析文员,小瓶盖科技,100-499人,互联网金融,本科,1-3年,,8-11K,广州,,2026-06-04 20:53:31
23d5767a666f7343031-3dW0E1dV,数据分析校招生（东莞总部上班）,美宜佳,1000-9999人,批发/零售,本科,在校/应届,,7-10K,广州,,2026-06-04 20:53:31
672f833efcd691e81nJ83dS7FlJW,数据分析师（周末双休）,云养邦,20-99人,电子商务,大专,1-3年,"Excel, 数据分析师, 数据分析, 数据统计, 数据挖掘, 数据, 分析",5-10K,广州,,2026-06-04 20:53:31
553ce5d836f39f660nB80t21E1BV,数据分析管培生,MINISO,10000人以上,批发/零售,硕士,在校/应届,,14-15K·13薪,广州,,2026-06-04 20:53:31
9a7e6dbabf97e4130nB83di7F1BT,数据分析师,IEF服饰,500-999人,服装/纺织,大专,3-5年,服装行业,12-20K,广州,,2026-06-04 20:53:31
5fba14c775ced6780nB_29i4EFFS,数据分析师,蓝月亮,10000人以上,生活服务(O2O),博士,,,300-500元/天,广州,,2026-06-04 20:53:53
1d121e1efed1a95203V9296-F1JX,数据分析师,五常市众淼水稻种...,0-20人,农/林/牧/渔,学历不限,经验不限,,10-11K,广州,,2026-06-04 20:53:53
15a822c7a42cb5a40nV73dq7EFRX,python数据分析师,广州金数盾信息科技,20-99人,信息安全,大专,在校/应届,"SQL, Python, Tableau, 数学/统计相关专业, 计算机相关专业, 数据分析/挖掘经验",4-5K,广州,,2026-06-04 20:53:53
cddf7b45f2d8a39d0nd93t6-EFVV,数据分析,圣都家居装饰,10000人以上,装修装饰,本科,1-3年,,8-10K·14薪,广州,,2026-06-04 20:53:53
817f4a828fec3e570XN_2di5GFY~,数据分析师,广州枚谷服饰有限公司,20-99人,电子商务,大专,3-5年,"数据分析方向, 数据分析, 数据挖掘, 电子商务",8-10K,广州,,2026-06-04 20:53:53
be20f9f10052faff031_0t21E1VS,天猫数据分析-助理（无责15K+数据敏感,广州勒恩商贸有限公司,0-20人,电子商务,本科,经验不限,,14-17K,广州,,2026-06-04 20:54:15
529901593ddb0dc60nB72t-6FlZW,数据分析师（O2O）,星韧兴尘广告,100-499人,广告营销,本科,1年以内,,5-6K,广州,,2026-06-04 20:54:15
d1699127f259a0c30nV92tu0FlJZ,数据分析,广州加创商贸有限公司,0-20人,进出口贸易,大专,5-10年,,10-15K,广州,,2026-06-04 20:54:15
eaad6d40aeb03bcf0nd729u6FlVZ,数据分析师(运力网络）,中智信通,1000-9999人,计算机服务,本科,1-3年,,12-24K,广州,,2026-06-04 20:54:15
f9b0b4a546a211510nZ629-6FVBS,数据分析师（小红书抖音策略分析）,Seed United,100-499人,广告营销,本科,3-5年,"数据分析/挖掘经验, 文娱/游戏行业数据相关经验, 小红书, 抖音",20-30K·13薪,广州,,2026-06-04 20:54:15
f933f15c5b8b3e011Xdy3dy9GVZV,数据分析师,极学科技,20-99人,移动互联网,本科,3-5年,"SQL, Python, SPSS, 数学/统计相关专业, 计算机相关专业, 数据分析/挖掘经验",12-20K,广州,,2026-06-04 20:54:15
9c37f074c08df7ed0ndy2t29E1dS,数据分析师（商业策略与市场产品方向）,海大集团,10000人以上,农/林/牧/渔,本科,3-5年,"SQL, Tableau, Power BI, SPSS, Hive, 数学/统计相关专业, 计算机相关专业",22-26K,广州,,2026-06-04 20:54:35
5b0572590df3d77803N-29S8FlZX,数据分析实习生-广州-26届-英语和粤语优先,观远数据,100-499人,企业服务,本科,,"机器学习建模经验, R, Power BI, 数据分析/挖掘经验, Tableau, 计算机相关专业, 电商/零售行业数据相关经验, SQL, Python, 数学/统计相关专业",200-250元/天,广州,,2026-06-04 20:54:35
94eef0d3354897e31HBz3dW6E1pY,数据分析师,启高科技,100-499人,计算机服务,本科,5-10年,"BI, 观远",15-20K,广州,,2026-06-04 20:54:35
7d3adc8caf4f79680nV50t66F1JS,互联网数据分析师,广州市宜优信息技术,20-99人,互联网金融,学历不限,经验不限,"数据分析/挖掘经验, 电商/零售行业数据相关经验, 文娱/游戏行业数据相关经验, 风控相关经验, 互联网数据分析",7-12K,广州,,2026-06-04 20:54:35
df657b220e5e419a03x82NS1EFFY,电商数据分析师（近地铁/包餐）,欧博,1000-9999人,电子商务,本科,3-5年,"数据分析, 数据分析/挖掘经验, 计算机相关专业, 电商数据分析, 电商/零售行业数据相关经验, SQL, Python, 数学/统计相关专业",8-10K,广州,,2026-06-04 20:54:56
a745bb9b50ef80cf03x-2d27FlBV,跨境电商数据分析,江西道来贸易有限公司,20-99人,进出口贸易,本科,经验不限,,8-11K·13薪,广州,,2026-06-04 20:55:16
7d6626e29f54e45d0nB82NS4FVtW,数据分析师,赛立信,100-499人,咨询,本科,10年以上,"Power BI, Python, SQL, 数据分析/挖掘经验, 联通",15-20K,广州,,2026-06-04 20:55:16
ce90cc9c227b1c0033R539y-EFc~,数据分析师,广州市泽世科技,20-99人,汽车后市场,学历不限,1-3年,"打字录入, 汽车, 交通运输, 计算机软件, 车联网, 计算机相关专业, 数据采集, 数学/统计相关专业, 物流行业数据相关经验",4-7K·13薪,广州,,2026-06-04 20:55:38
322c83923778ee3e0nB43ty_E1ZU,NAMI-数据分析,库洛,1000-9999人,游戏,本科,5-10年,,20-40K·16薪,广州,,2026-06-04 20:55:58
b4d41f9d395fab210nRz3du0GVVZ,数据分析专家,乐享元游,500-999人,游戏,本科,10年以上,,50-60K·13薪,广州,,2026-06-04 20:56:18
0cbfb5f31a2d26510nRz0928ElBV,数据分析师,大参林,10000人以上,医疗健康,本科,1-3年,,10-15K·13薪,广州,,2026-06-04 21:00:49
b8a90210ac52ba7e031409q7GFZW,亚马逊数据分析,广州臻亿电子商务,500-999人,进出口贸易,本科,1-3年,电商/零售行业数据相关经验,6-9K,广州,,2026-06-04 21:03:58
a5231b02b4af7a550nR909q4EFJZ,数据分析师,拼多多集团-PDD,1000-9999人,电子商务,本科,经验不限,,12-24K·14薪,广州,,2026-06-04 21:07:05
115be475d715846603x62t-0FlZW,数据分析师,广州市白云区熙玥...,0-20人,互联网,大专,经验不限,,8-13K,广州,,2026-06-04 21:07:27
aa36b507181266210nB629S_E1tQ,数据分析专员,湖北莱斯科技有限公司,0-20人,人力资源服务,硕士,经验不限,,5-8K,广州,,2026-06-04 21:21:05
f2a19a104dbff5e50nVz0tq1GVVZ,数据分析主管(合同物流）,顺新晖,1000-9999人,公路物流,本科,3-5年,,8-12K·14薪,广州,,2026-06-04 21:37:08
18d5812945e3d3520nB40t61FVFU,数据分析（南京岗位，远程面试，加班双倍）,拓维云创,1000-9999人,计算机软件,本科,1-3年,,8-10K,杭州,,2026-06-04 21:57:58
271cfb5e77588c990nd80tu0GFRQ,数据分析工程师（车企-新势力）,上海某大型汽车研发/制造公司,1000-9999人,汽车研发/制造,本科,3-5年,,29-30K,杭州,,2026-06-04 21:57:58
1a92d196689656760nB52dq_FVpU,DRG数据分析师,杭州纪奥医疗科技,20-99人,医疗器械,本科,经验不限,"医保专员, DRG政策, 医保客服",10-15K,杭州,,2026-06-04 21:57:58
4a31420978ba74060ndy0ti-ElJV,数据分析师助理,小蚕,500-999人,互联网,大专,,"数据分析/挖掘经验, 电商/零售行业数据相关经验, SQL, Python",100-120元/天,杭州,,2026-06-04 21:57:58
71bb1dfb869d152d0nB-3N25FFdR,tableau数据分析师（短剧行业！）,杭州聚赢,500-999人,广告/公关/会展,本科,3-5年,,10-13K,杭州,,2026-06-04 21:57:58
b0ddac8bfb1a28d40nB-2d--E1ZY,数据分析师,浙江超球物资有限公司,0-20人,批发/零售,本科,1-3年,,7-8K·13薪,杭州,,2026-06-04 21:57:58
99fe5a61b30a2f180nd909-1FVtQ,数据分析师,杭州奥亦信息科技,100-499人,电子商务,大专,1-3年,"数学/统计相关专业, 数据分析/挖掘经验, 机器学习建模经验",10-13K,杭州,,2026-06-04 21:57:58
635701760c055f8a03Ny29i5EVtV,数据分析实习生,交个朋友电商学苑,1000-9999人,培训/辅导机构,本科,,,150-200元/天,杭州,,2026-06-04 21:57:58
4cabde34ed3a40f11nR_3NW_EVdW,数据分析师,匡氏纺织,500-999人,服装/纺织,本科,3-5年,"数学/统计相关专业, 计算机相关专业, 数据分析/挖掘经验, 电商/零售行业数据相关经验, 网络爬虫技术, 数据分析, 商业分析, 数据挖掘, 大数据",8-12K,杭州,,2026-06-04 21:57:58
5faa094ac0070a830nd93dy1ElZT,数据分析师(Quick BI/DataWorks/Hive SQL),杭州某大型汽车研发/制造上市公司,10000人以上,汽车研发/制造,本科,5-10年,"SQL, 数据分析/挖掘经验",20-22K,杭州,,2026-06-04 21:57:58
fc975320a665f3cf0ndy2tu6EFBX,数据分析师,大有智安(杭州),20-99人,信息安全,本科,3-5年,,8-10K,杭州,,2026-06-04 21:57:58
d0c03793e31957610nd62N66E1BY,数据分析师,MOODY,100-499人,电子商务,本科,3-5年,,13-20K,杭州,,2026-06-04 21:57:58
4ab96435347cbe581HFy3dm8EVs~,数据分析专员,凡闻科技,100-499人,大数据,大专,经验不限,"数据分析, 安全, 数据挖掘",5-10K,杭州,,2026-06-04 21:57:58
dfd8015b8d69f5de0nB6296-FlpZ,【27届春招实习生】-数据分析师-HOT,阿里健康,500-999人,互联网,硕士,,,400-450元/天,杭州,,2026-06-04 21:57:58
786dc6dd4a7452170nB839y9GFtV,数据分析师,杭州尚氧科技有限公司,20-99人,电子商务,大专,3-5年,,15-20K,杭州,,2026-06-04 21:57:58
d388514ff6fa73f80nB83d6_EFJX,数据分析,跨企查,100-499人,互联网,本科,,,120-180元/天,杭州,,2026-06-04 21:58:19
208390ff0a75a63d031z3tu4FVJX,数据分析实习生,造物方舟,20-99人,互联网,本科,,,200-250元/天,杭州,,2026-06-04 21:58:19
a73fae2ec0f4330003Z82N20FFZV,数据分析实习生,万兴科技,1000-9999人,计算机软件,本科,,,150-250元/天,杭州,,2026-06-04 21:58:19
357149c3c9913ba003Rz29i7F1dT,数据分析助理工程师,朗路检测,20-99人,工程施工,大专,在校/应届,责任心强,4-9K·13薪,杭州,,2026-06-04 21:58:19
f9c5c9c2be6282ea0ndz3dq1FlNV,数据分析（IT方向）,顾家家居股份有限公司,10000人以上,家具/家电/家居,本科,在校/应届,,8-12K·14薪,杭州,,2026-06-04 21:58:19
a116ffef7ab5bcf90nB43tq4F1JT,京东数据分析助理(J14584),Babycare,1000-9999人,电子商务,本科,1-3年,,6-8K,杭州,,2026-06-04 21:58:19
b1a04b9659672a960nd62dW6FFRW,高级数据分析师(J10500),卓尚服饰,1000-9999人,服装/纺织,本科,3-5年,"Power BI, SQL, 数据分析/挖掘经验, 电商/零售行业数据相关经验",10-15K,杭州,,2026-06-04 21:58:19
55eb22e820ac00940nZy092-F1VV,数据分析师,衣畅(网络),20-99人,服装/纺织,大专,1-3年,"数据分析/挖掘经验, 电商/零售行业数据相关经验, SQL, Python",10-15K,杭州,,2026-06-04 21:58:19
9ecb4530e2a3675c03d83t-5GVRW,数据分析员（实习）,浙江仙居制药,1000-9999人,其他行业,本科,,"SQL, Python, Power BI, 数学/统计相关专业, 数据分析/挖掘经验, 数据分析, 实习, 学习能力, 逻辑能力, BI",150-200元/天,杭州,,2026-06-04 21:58:19
1b2679bf6b1f61b30nB73dy9FFFS,数据分析师,中科聚信,100-499人,咨询,本科,1-3年,,8-12K,杭州,,2026-06-04 21:58:19
1aa5c2237931b3e40nV52di5GFpV,Python数据分析师,意法,1000-9999人,物业管理,本科,3-5年,,10-15K,杭州,,2026-06-04 21:58:19
59e9536fbd40828f0nB-3d-9FlFV,数据分析/电商运营（全职）,洛氪迅,500-999人,互联网,本科,在校/应届,"数学/统计相关专业, 数据分析/挖掘经验",6-8K,杭州,,2026-06-04 21:58:19
6fa862fcaf43f1580nd_2tS-EFFT,数据分析师+双休+五险一金,云享互联科技公司,100-499人,互联网,本科,3-5年,"金融行业数据相关经验, 数据分析/挖掘经验, SQL",12-20K,杭州,,2026-06-04 21:58:19
c09601a53d1365fd1nZ93du7GFBV,数据分析师,意达智数(杭州)...,20-99人,咨询,本科,1-3年,"数据分析, SAS, 心理学, 统计学, SPSS, 社会学, 法学, Python",7-9K·13薪,杭州,,2026-06-04 21:58:19
9a1dbb89ff2d4ff303d82Ny-ElVY,数据分析师实习生,盈宽科技,0-20人,电子商务,本科,,"数据分析/挖掘经验, 计算机相关专业, Python, 数学/统计相关专业",200-280元/天,杭州,,2026-06-04 21:58:19
65909b4f6c4fb4f40nd-3dy0EVRX,小说数据分析师,刚刚好影业,500-999人,广播/影视,本科,1-3年,"短剧, 文娱/游戏行业数据相关经验, 小说",12-18K,杭州,,2026-06-04 21:58:40
d423967c5c4f97e80nB_29q8GFdW,销售运营数据岗（数据分析+可视化看板搭建,北京软通动力云计...,10000人以上,互联网,本科,1-3年,"业务数据分析, 业务模式/运营策略优化, 营销活动效果分析, 数据分析/商业分析经验, Tableau/Power BI, 不接受居家办公, 可视化看板搭建",9-14K,杭州,,2026-06-04 21:58:40
af9ee0fe89c9893a03N92Nq7FlFQ,数据分析实习生,华信设计,1000-9999人,通信/网络设备,本科,,,130-150元/天,杭州,,2026-06-04 21:58:40
e727c3c9b5405bb70nB82dW8F1ZW,数据分析,衡强,20-99人,批发/零售,本科,3-5年,,7-8K,杭州,,2026-06-04 21:58:40
286bcf07d820a5471nN63Ny_GFdS,数据分析师,杭州龙鉴,0-20人,食品/饮料/烟酒,大专,1-3年,Excel,5-6K,杭州,,2026-06-04 21:58:40
96d1d96128c870600ndy2N-5ElZY,数据分析专员（双休/五险一金）,剧点,1000-9999人,人工智能,本科,1-3年,,6-9K,杭州,,2026-06-04 21:58:40
d0876b3c1b1297b00nB-3925EFNU,数据分析师（外派道富银行）,恒天软件,1000-9999人,企业服务,本科,1-3年,"SQL, Python, 数学/统计相关专业, 计算机相关专业, 数据分析/挖掘经验",10-12K·13薪,杭州,,2026-06-04 21:58:40
47fc52f2d2d838530nd-3tW-GFtU,数据分析师,吉利控股集团,10000人以上,汽车研发/制造,本科,3-5年,"数据中台, 数据仓库, 数据分析",15-25K,杭州,,2026-06-04 21:58:40
1d6108503d97f6130nB73Ni1FlJZ,Ai方向数据分析师,北京金色国际旅行...,20-99人,旅游/景区,本科,3-5年,,20-25K,杭州,,2026-06-04 21:58:40
ceb74b20b04d74420ndy2du1FFNW,数据分析师（电商渠道）,网易,10000人以上,互联网,本科,3-5年,,20-40K·16薪,杭州,,2026-06-04 21:58:40
cc96c91705ad1bb03nR92920EFY~,数据分析师,福瑞迪,0-20人,咨询,本科,1-3年,"数据分析, 数据挖掘, 股票金融",10-11K,杭州,,2026-06-04 21:58:40
b78b612c13d8bc100nd83961GFRX,数据分析师（接受全国外派出差）,华云科技,1000-9999人,计算机软件,硕士,在校/应届,计算机相关专业,7-11K·14薪,杭州,,2026-06-04 21:58:40
31b20df97b5c9e680nZy2dy8FlpT,数据分析师,静水合鸣,20-99人,咨询,本科,经验不限,,9-14K,杭州,,2026-06-04 21:58:40
4347558adc760b9c03x90t2_EltY,数据分析工程师(J10082),安脉盛,100-499人,仪器仪表,本科,1-3年,,12-18K·13薪,杭州,,2026-06-04 21:58:40
fab1f29501cb67ff03152N-6ElFS,中级数据分析师,诺祺科技,100-499人,计算机软件,本科,3-5年,"金融行业数据相关经验, 反欺诈, 银行, 数据分析/挖掘经验, 计算机相关专业, 建模, 金融风控, SQL, Python, 数学/统计相关专业",17-25K,杭州,,2026-06-04 21:58:40
d4cd0632085423c20nB82Ny-GFdW,数据分析师(用户增长方向),BOSS直聘,1000-9999人,人力资源服务,本科,1-3年,,20-35K·16薪,杭州,,2026-06-04 21:59:01
961da75789281d8e0nR92du7GVtV,跨境电商数据分析师,旎浩科技,100-499人,电子商务,本科,5-10年,,20-35K·13薪,杭州,,2026-06-04 21:59:01
8c1f2c0b59a7b5b20nV43dm6EFNW,数据分析实习生（AI安全方向）(A104636),西湖心辰,100-499人,互联网,本科,,"SQL, 数学/统计相关专业, 数据分析/挖掘经验, 风控相关经验",200-250元/天,杭州,,2026-06-04 21:59:01
fcd95ee7c3a6cfe11HFz2d-5EVtW,数据分析师,汇优盟,100-499人,互联网,本科,1-3年,"Python, SQL",8-12K,杭州,,2026-06-04 21:59:01
2997dfb70cc20c9d0nZz2NW-FlFU,资深数据分析师（偏分析方向）,AA百货,100-499人,新零售,本科,5-10年,,13-20K,杭州,,2026-06-04 21:59:01
8745142c6bb05c0403J62NW9FFtQ,数据分析师,杭州瑞瑞宁萃供应链,0-20人,人工智能,本科,1-3年,,10-15K,杭州,,2026-06-04 21:59:01
fe4b028446a8f4b90nZz0tW1E1pR,数据分析师,开心果数智,100-499人,大数据,本科,3-5年,,10-15K,杭州,,2026-06-04 21:59:01
4cc5350dcf0be1800nB83ty1EFpQ,电商商业与数据分析助理,康锡科技,20-99人,互联网,本科,1-3年,"数学/统计相关专业, 电商/零售行业数据相关经验, 数据分析/挖掘经验, 计算机相关专业",10-13K,杭州,,2026-06-04 21:59:01
190d6f0490300ab603xy3t68FFpY,BI数据分析师,晶绮信息科技有限公司,100-499人,游戏,本科,1-3年,,15-25K·13薪,杭州,,2026-06-04 21:59:01
f8c7ba384a6e35871HF50ti9F1FW,数据分析师,杭州硅铂科技有限公司,20-99人,计算机软件,本科,经验不限,"Python, SQL",5-6K,杭州,,2026-06-04 21:59:01
224363ccfe2be1290nZ72tu4FlZY,数据分析师（物流与供应链）-国际电商,字节跳动,10000人以上,互联网,本科,3-5年,,35-55K·15薪,杭州,,2026-06-04 21:59:01
1127a0809b69655d03Bz09u9EldY,数据分析专员,宇视科技,1000-9999人,通信/网络设备,本科,经验不限,"SQL, Python, Power BI, 数学/统计相关专业, 数据分析/挖掘经验",9-14K,杭州,,2026-06-04 21:59:01
ce92fe88966192211Xx80ti5EFpV,数据分析（驻场银行-信贷风控）,长亮科技,1000-9999人,计算机软件,本科,3-5年,"SQL, Python, 数据分析/挖掘经验, 金融行业数据相关经验, 风控相关经验",15-20K,杭州,,2026-06-04 21:59:01
f494e0a30d7173881HVy0ti9ElJT,数据分析实习生,智臾科技,100-499人,企业服务,本科,,"金融量化, 数据库, Python, SQL",180-230元/天,杭州,,2026-06-04 21:59:01
f8c373cb7a8935df1HFy3t-7EVtY,数据分析工程师（驻场）,易雅通CRM,100-499人,计算机服务,本科,5-10年,"数据分析/挖掘经验, 计算机相关专业, SQL, Python, 数学/统计相关专业",15-18K,杭州,,2026-06-04 21:59:01
fd62db4ce1c02d2f1HF639-4EFZV,数据分析师,阿里巴巴集团,10000人以上,互联网,本科,1-3年,,30-40K·16薪,杭州,,2026-06-04 21:59:24
9f88b7d1cc5413e80nd82dy9F1FT,数据分析师,巨好麦,0-20人,电子商务,本科,1-3年,,10-11K,杭州,,2026-06-04 21:59:24
1f8c093d880118dc03N52Ni0E1ZX,战略专员-数据分析,大东鞋业有限公司,10000人以上,生活服务(O2O),本科,3-5年,,5-10K,杭州,,2026-06-04 21:59:24
f5d4e44f459fdf441Xx42Nu7GFRY,数据分析师,杭州融地信息技术,20-99人,计算机软件,大专,经验不限,"数据分析/挖掘经验, 计算机相关专业",6-10K·13薪,杭州,,2026-06-04 21:59:24
42f34efcb8cfd7810ndz3tq6EFRQ,数据分析师（BI）,税友集团,1000-9999人,互联网,本科,3-5年,"Power+BI, Tableau, Python, SQL, 数学/统计相关专业, 计算机相关专业, 数据分析/挖掘经验, 业务数据分析, 数据看板, 财税, 数据建设, TO B",13-20K·15薪,杭州,,2026-06-04 21:59:24
5b755d2e443613070nB_2d-5EFtZ,数据分析师,沐诚跨境,20-99人,互联网,本科,1-3年,"Power BI, Python, 数学/统计相关专业, 计算机相关专业, 经济/工商管理相关专业, 数据分析/挖掘经验, 机器学习建模经验, 跨境电商亚马逊 b2c",9-13K·13薪,杭州,,2026-06-04 21:59:24
ed66e829c110263403B73t64EVdR,经营数据分析师,南宋胡记,100-499人,食品/饮料/烟酒,本科,3-5年,,15-25K,杭州,,2026-06-04 21:59:24
c55e10243b7b09200nB-39q5FFJU,数据分析师（跨境电商）,YPOO易跑,100-499人,批发/零售,本科,1-3年,"跨境数据分析, 跨境电商平台, 亚马逊, 数据分析, 库存",10-15K·13薪,杭州,,2026-06-04 21:59:24
136011d76eb6b9f81n1z29W_FVFR,数据分析师,邦睿科技,100-499人,计算机软件,本科,5-10年,"Tableau, SPSS, Python",15-20K,杭州,,2026-06-04 21:59:24
b79fdd6d364a66470nB409-_FVJQ,跨境电商数据分析师,博来工具,1000-9999人,其他制造业,本科,3-5年,,9-13K,杭州,,2026-06-04 21:59:24
14758e4fbd59eea80nB53dy_EVNQ,数据分析师,上海佩知,100-499人,批发/零售,大专,1-3年,"经济/工商管理相关专业, 数据分析/挖掘经验, 电商/零售行业数据相关经验, SQL, 数学/统计相关专业",6-8K,杭州,,2026-06-04 21:59:24
824b3525cd15df8103B70t-7F1NX,数据分析师,银科思成,100-499人,计算机软件,本科,1-3年,,14-15K,杭州,,2026-06-04 21:59:24
aae0e9d1c0b130c81HF_3t21GVNR,脑影像数据分析工程师（初级）,脑海科技,20-99人,计算机软件,硕士,在校/应届,"数据分析, MRI, 脑影像",7-12K,杭州,,2026-06-04 21:59:24
da3e155bb2d3d72d0nB-3NS1ElBY,数据分析,杭州聚惠客智能科技,20-99人,电子商务,本科,1-3年,,9-12K·13薪,杭州,,2026-06-04 21:59:24
354eec74f19af5bc0nV82d24E1RT,数据分析师,易孵,0-20人,计算机软件,本科,1-3年,"数据分析/挖掘经验, 数学/统计相关专业",8-12K,杭州,,2026-06-04 21:59:24
a34e80d484fdc94f03Z809u8FFRS,数据分析师,深大智能,500-999人,互联网,本科,3-5年,,8-10K,杭州,,2026-06-04 21:59:45
0b0ed05e436d694d1nx-0966GFdU,数据分析专员,完美物联,100-499人,大数据,本科,1-3年,Python,10-12K,杭州,,2026-06-04 21:59:45
eff58cceda4836d01H1_3N66GVBX,数据分析师,登高者,20-99人,广告营销,本科,3-5年,"SQL, 计算机相关专业, 数学/统计相关专业, 数据分析/挖掘经验",17-30K,杭州,,2026-06-04 21:59:45
94d306f39b53d3b70nB43ti4EFpT,数据分析师（快消品）,拼便宜,500-999人,互联网,本科,3-5年,,20-28K,杭州,,2026-06-04 21:59:45
68c8a38ca69baefa0ndy09i9FFVX,外贸数据分析师,杭州风鱼电子商务,20-99人,电子商务,本科,1-3年,,11-20K,杭州,,2026-06-04 21:59:45
1fcd98653b8bdd3f03Vy3d26GFpT,数据分析师—融辉总部+五险一金,融辉物流,10000人以上,装卸搬运和仓储业,大专,1-3年,"数据分析/挖掘经验, SQL, Python, 数学/统计相关专业, 物流行业数据相关经验",6-9K,杭州,,2026-06-04 21:59:45
58cf688e6d5258300nZ-2t-5FVZV,游戏运营（数据分析与工具开发向）,游戏科学,100-499人,游戏,本科,经验不限,"游戏运营, 数据分析",11-18K·14薪,杭州,,2026-06-04 21:59:45
4e041ddc88ee858d0nR93tq5FFRX,数据分析师,南昌辰睿,20-99人,互联网,本科,1-3年,,7-9K·14薪,杭州,,2026-06-04 21:59:45
cf94c246fa4f22d103J73Nm-F1ZZ,亚马逊广告数据分析师,杭州晶淼贸易有限公司,20-99人,进出口贸易,本科,1-3年,"跨境电商, 广告数据分析, 数据分析/挖掘经验, SP/SB/SD, 广告审核, 数学/统计相关专业",12-18K,杭州,,2026-06-04 21:59:45
f1574a0fb12752be1X1y2Nm4E1JQ,数据分析/数据挖掘,某国内知名互联网金融公司,10000人以上,互联网金融,硕士,经验不限,"R, Kafka, Hive, 自然语言处理经验, 机器学习经验, 大数据处理经验",30-60K·16薪,杭州,,2026-06-04 21:59:45
518f5350bdd195b10nd_2965F1tT,数据分析师,浙江极由科技有限公司,500-999人,服装/纺织,本科,1-3年,,12-15K,杭州,,2026-06-04 21:59:45
21271cc0ab53ef830nB729u4F1tQ,数据分析师（抖音，周末双休）,杭州颜否,500-999人,电子商务,本科,3-5年,"天猫/抖音经验均可, 有对客经验优先",15-22K,杭州,,2026-06-04 21:59:45
44e455117d743bc10nB52d28GVBW,6-8k招高级数据分析专员,快送熊,1000-9999人,批发/零售,本科,经验不限,"数学/统计相关专业, 计算机相关专业, 经济/工商管理相关专业, 数据分析/挖掘经验, 电商/零售行业数据相关经验, 数据分析, 薪酬调研, 数据处理, 人力, 招聘数据",6-8K,杭州,,2026-06-04 21:59:45
130d7dfadc4775210nB62Ni5EVRV,数据分析,润和软件,10000人以上,互联网,本科,5-10年,Dataworks,14-16K,杭州,,2026-06-04 21:59:45
7d2f31f8761bbae10nZz2tu8EVBU,Data Analyst数据分析师(A89510),北京哇嘶嗒科技,100-499人,人工智能,本科,经验不限,,20-30K,杭州,,2026-06-04 21:59:45
e7508bd25770ce5e1XB53Ni5EVZV,数据分析,京东,10000人以上,电子商务,本科,经验不限,"SQL, 数学/统计相关专业, 电商/零售行业数据相关经验, 物流行业数据相关经验",5-6K,杭州,,2026-06-04 22:00:06
c5a8841cd02bd5490nd_0tW5FFVW,BI数据分析师,天猫校园,100-499人,新零售,本科,1-3年,,10-13K,杭州,,2026-06-04 22:00:06
9d4c91ffd3ae22590nRz2d28EVJV,数据分析师,杭州喜欢你体育文化,500-999人,其他生活服务,本科,3-5年,,12-16K·13薪,杭州,,2026-06-04 22:00:06
678894866f6305201HZ839S0FVRV,跨境电商数据分析师,SHEIN,10000人以上,电子商务,本科,3-5年,"Tableau, SQL",20-35K·14薪,杭州,,2026-06-04 22:00:06
a757f183e3a9e4f71H1909S6GVQ~,数据分析师,溪鸟物流科技,500-999人,互联网,本科,1-3年,"SQLServer, 数据分析, 数据挖掘",10-15K·16薪,杭州,,2026-06-04 22:00:06
777ad19bdb0fcfff0nB42tm9F1pX,数据分析师,帕科科技,100-499人,计算机软件,本科,1-3年,"SQL, Python, 数学/统计相关专业, 计算机相关专业, 数据分析/挖掘经验",7-10K,杭州,,2026-06-04 22:00:06
819ad6be0bc831ad0nB60tq5GFtR,数据分析师,云天畅想,100-499人,互联网,本科,1-3年,,8-11K·13薪,杭州,,2026-06-04 22:00:06
5753149fb2682ce133Jz39u6EVQ~,数据分析师,英菲迅,0-20人,企业服务,本科,3-5年,"数据分析, Powercenter, 咨询领域, HDFS, TypeScript, NoSQL",10-11K,杭州,,2026-06-04 22:00:06
eefb24cf8c816d961Xx43N-9FFVZ,数据分析师,极尽数据,0-20人,大数据,本科,3-5年,"SQL, Python, 数学/统计相关专业",11-20K,杭州,,2026-06-04 22:00:06
da110bb23276a2e10nd52tu1EVdX,数据分析师(景区方向）,浙江大丰文化发展,500-999人,文化艺术/娱乐,本科,1-3年,"Power BI, SQL, 数据分析/挖掘经验, 旅游行业数据相关经验",9-14K,杭州,,2026-06-04 22:00:06
d551f6f47ebb56fe0nZ72N-0FlZV,阿里-数据分析师,杭州某大型互联网电商平台上市公司,10000人以上,互联网,本科,5-10年,"数据分析, 电商行业, 互联网行业, 商业分析, SQL",25-50K,杭州,,2026-06-04 22:00:06
92df15a408d0934203x82NS5FVtY,数据分析,崇劲科技,20-99人,互联网,本科,1-3年,,7-11K,杭州,,2026-06-04 22:00:06
a03fbb3fd55dcff20nZz2tm-EltY,数据分析师,炎黄新星网络,500-999人,电子商务,本科,5-10年,,8-10K,杭州,,2026-06-04 22:00:06
1630cf306af49bc31HBy2t-9E1ZY,数据分析师,森谷小城,100-499人,服装/纺织,本科,3-5年,"数学/统计相关专业, 电商/零售行业数据相关经验",12-20K,杭州,,2026-06-04 22:00:06
84b715454994717703R63d24FlZV,数据分析师,驼驼数科,100-499人,互联网,本科,5-10年,"机器学习建模经验, 数据分析/挖掘经验, 电商/零售行业数据相关经验, SQL, Python",22-35K·13薪,杭州,,2026-06-04 22:00:06
34c5aba8e56c17551XZz39m-F1dV,数据分析师,北京字节跳动,1000-9999人,互联网,本科,经验不限,"Hive, 相关分析, 数据分析/挖掘经验, 描述统计, 计算机相关专业, Tableau, 数学/统计相关专业, SQL, Python",25-35K·15薪,杭州,,2026-06-04 22:00:28
e10f0979e969779f1HN_3Nu0E1ZY,数据分析线上培训讲师（可兼职）,杭州多多洛科技,20-99人,职业培训,本科,5-10年,"数据分析/挖掘经验, SQL, Python",10000-30000元/月,杭州,,2026-06-04 22:00:28
f290b26d23e23c8f03Zy2NS_EFBW,中级数据分析师,杭州盛锋管理咨询,20-99人,咨询,本科,5-10年,"Excel, Power BI, powerquery, 数据分析/挖掘经验, power, SQL, 数学/统计相关专业",10-15K,杭州,,2026-06-04 22:00:28
4531fabced26808f1HB809i1E1tU,数据分析师,杭州景扬服饰有限公司,20-99人,服装/纺织,大专,3-5年,"数学/统计相关专业, 数据分析/挖掘经验",4-5K,杭州,,2026-06-04 22:00:28
4426971aa4e7045303x72dm_E1pQ,数据分析,满帮集团,1000-9999人,互联网,本科,1-3年,"SQL, Python, 数据分析/挖掘经验, 物流行业数据相关经验, 计算机相关专业, 数学/统计相关专业",20-30K,杭州,,2026-06-04 22:00:28
e3e60328155adb551nN73dS0FFFQ,气象数据分析工程师,杭州浅海科技,100-499人,仪器仪表,硕士,经验不限,"数据分析, 气象数据, 大气科学",12-24K·13薪,杭州,,2026-06-04 22:00:28
b56b88c0bc4ea4b41HN_2di1GFRQ,数据分析师,晶玖,20-99人,进出口贸易,本科,1-3年,"SQL, Power BI, Python",8-13K,杭州,,2026-06-04 22:00:28
e32a4276165fb31a0nB_3N-9FlNT,数据分析实习生SX2614,华数传媒,10000人以上,互联网,本科,,SQL,100-110元/天,杭州,,2026-06-04 22:00:28
be8e64a21988afa80nZ_39q_FVRW,数据分析负责人,安恒信息,1000-9999人,信息安全,本科,5-10年,,20-27K,杭州,,2026-06-04 22:00:28
e128689c6acb7da50nd52dW_FlpY,数据分析师,宏丽数智,0-20人,互联网,本科,3-5年,,12-13K,杭州,,2026-06-04 22:00:28
6ab4a475a04dc5370nB62dq6FVBY,数据分析专员,优邦易,20-99人,电子商务,大专,1-3年,,5-7K,杭州,,2026-06-04 22:00:28
2422d55cc108827a03xy2dq7FVdQ,蚂蚁国际-支付优化数据分析师-上海/杭州,蚂蚁集团,10000人以上,互联网,本科,1-3年,"SQL, Tableau, Power BI, 数据分析/挖掘经验, 金融行业数据相关经验, 支付相关经验",20-40K,杭州,,2026-06-04 22:00:28
59e5102b9985ce8403d_39-_ElBR,数据分析专家,快手,10000人以上,社交网络与媒体,本科,3-5年,,30-45K·16薪,杭州,,2026-06-04 22:00:28
5dfc31ba6eced9960nB-3N29FlBZ,数据分析师,智篆商业,100-499人,企业服务,本科,5-10年,电商/零售行业数据相关经验,12-24K·14薪,杭州,,2026-06-04 22:00:28
7d3ce0816fd6103f1XF92tm6FlVV,数据分析师,轴线,0-20人,电子商务,本科,1-3年,"SQL, Tableau, Power BI, 数据分析/挖掘经验",15-30K·13薪,杭州,,2026-06-04 22:00:28
b2dc3818cc51327f0nZz3d60FlBW,数据分析师,港田集团,500-999人,互联网,本科,3-5年,"Python, SQL, Power BI, 数学/统计相关专业, 计算机相关专业, 数据分析/挖掘经验, 电商/零售行业数据相关经验, 机器学习建模经验",10-15K,杭州,,2026-06-04 22:00:48
7b025544eea888811XN709u6EFRV,python数据分析师,大耳牛,20-99人,食品/饮料/烟酒,本科,1-3年,"Python, 数学/统计相关专业, 计算机相关专业, 爬虫经验",12-15K,杭州,,2026-06-04 22:00:48
8e575120b1ace57f0ndy3dS-FlJQ,数据分析与 AI 应用岗位,杭州神盾信息技术服务,0-20人,互联网,本科,经验不限,,10-15K,杭州,,2026-06-04 22:00:48
0c28877b3db6c1c40nd82tu5EVRS,高德直招-商家满意数据分析师,高德地图,1000-9999人,互联网,本科,5-10年,,30-50K·16薪,杭州,,2026-06-04 22:00:48
527a6d4a5011ff0d0nB43d-0EVFY,数据分析/业务分析（双休/14薪/五险一金）,杭州圣都家居装饰,10000人以上,房屋建筑工程,本科,5-10年,"SQL, Python, 数学/统计相关专业, 数据分析/挖掘经验",14-18K·14薪,杭州,,2026-06-04 22:00:48
b5ef5433e6e91dc30nB52N-4FlNS,数据分析师（A股方向）,杭州高高高科技,0-20人,互联网,硕士,经验不限,,10-15K,杭州,,2026-06-04 22:00:48
a672c33b38c863411X1z2dq9FVJQ,数据分析,澜敏电商,500-999人,电子商务,本科,3-5年,"Hive, Excel, 描述统计, 相关分析",20-40K·14薪,杭州,,2026-06-04 22:00:48
a06ffd66c41214e90nB829q7E1dW,跨境电商数据分析师,杭州赛泽,20-99人,电子商务,本科,1-3年,"数据分析/挖掘经验, 数学/统计相关专业, 物流行业数据相关经验",9-12K,杭州,,2026-06-04 22:00:48
662dd6f8edc9697e0nB42dW1GVtU,数据分析,杭州麦行供应链管理,20-99人,餐饮,本科,3-5年,"数据分析/挖掘经验, 电商/零售行业数据相关经验, 数学/统计相关专业",8-13K,杭州,,2026-06-04 22:00:48
adb078e731aec2d70nZ-2tS4GFBT,数据分析师,杭州余杭澜界商贸...,0-20人,进出口贸易,本科,经验不限,,5-6K,杭州,,2026-06-04 22:00:48
7fac2086021632310nB83NS9EVZW,数据分析师(跨境电商) 双休,杭州迎凯,100-499人,进出口贸易,本科,1-3年,"Python, 数学/统计相关专业, 数据分析/挖掘经验, AI, 跨境电商",8-10K,杭州,,2026-06-04 22:00:48
64965d5b7b1c45610nB_0ty1EVVR,数据分析/商业分析专家,涟隐集团,1000-9999人,电子商务,本科,3-5年,,15-30K·14薪,杭州,,2026-06-04 22:00:48
b08eb4d3da10009e03Z-3dy-F1VT,数据分析师,诚云科技,500-999人,互联网,本科,3-5年,,9-12K·15薪,杭州,,2026-06-04 22:00:48
f0620ca64f4a10c80nV-39y8GFJU,数据分析师,奋兮科技,0-20人,企业服务,本科,3-5年,"机器学习建模经验, 数据分析/挖掘经验, 深度学习, Python, SQL",15-25K,杭州,,2026-06-04 22:00:48
fca7d51d6f77d8061Hx_3N-5EVFS,容器调度数据分析专家,杭州蚂蚁智能科技,10000人以上,基金,本科,3-5年,"SQL, Python, 计算机相关专业, 数据分析/挖掘经验, 机器学习建模经验",15-30K·13薪,杭州,,2026-06-04 22:00:48
22f3c605996bc58c03190ty0GFdS,数据分析实习生,未城科技,20-99人,人工智能,本科,,,150-200元/天,杭州,,2026-06-04 22:01:09
ce21cd3e03a161741XNz2NS-EVBQ,环境监测数据分析工程师（杭州）,谱育科技,1000-9999人,仪器仪表,本科,经验不限,"分析报告, 数据审核, 大气在线监测",6-10K·15薪,杭州,,2026-06-04 22:01:09
baab72696cb95f5903F-3t69GFdT,数据分析师,新略数智,100-499人,计算机软件,本科,1-3年,电商/零售行业数据相关经验,11-14K,杭州,,2026-06-04 22:01:09
2ec9b01aeffb13c903J42tu1FldU,数据分析师BI数据分析经理,飞未云科,500-999人,咨询,本科,5-10年,,20-30K·13薪,杭州,,2026-06-04 22:01:09
603c4515ae35f9f11HV43Nu4FVBV,数据分析师,阿里巴巴集团,10000人以上,互联网,本科,1-3年,"SQL, 数学/统计相关专业, 数据分析/挖掘经验, 电商/零售行业数据相关经验",10-15K,杭州,,2026-06-04 22:01:09
bdbf2916542bc2841HF729--ElBR,数据分析师,昆山景松泰公司,20-99人,汽车零部件,本科,3-5年,"Python, Power BI, 数据分析/挖掘经验, 机器学习建模经验, 金融行业数据相关经验",12-20K·14薪,杭州,,2026-06-04 22:01:09
20ddd2f031cdd6b63nd72tW8EFY~,数据分析师,阿里云,10000人以上,互联网,硕士,经验不限,"数据分析, 数据挖掘, SQL, Python, Tableau, Hadoop, BI, 供应链",15-30K,杭州,,2026-06-04 22:01:09
7a8dcfc9a7d3a85703xz39u-FlNR,数据分析师,LAZADA,10000人以上,电子商务,本科,3-5年,"Excel, SQL",20-40K·16薪,杭州,,2026-06-04 22:01:09
44e2bbceb564394f1Hd729W4E1ZU,数据分析师 杭州(J10645),微店,1000-9999人,互联网,本科,3-5年,"Tableau, SQL",15-22K,杭州,,2026-06-04 22:01:09
1e98d3a26a19e0f00nV52Ni4ElFQ,数据分析 杭州农信,艾融软件,1000-9999人,互联网,本科,3-5年,"金融项目经验, 银行项目经验, 数据分析/挖掘经验, SQL, Python",15-18K,杭州,,2026-06-04 22:01:09
255a7fa12272b96a03x63dS-FVdT,资深数据分析师(电商),认养一头牛,1000-9999人,互联网,本科,3-5年,"电商/零售行业数据相关经验, SQL, Python, 数学/统计相关专业",15-18K·14薪,杭州,,2026-06-04 22:01:09
0930809806d3d6fc03R60t27EVRX,数据分析,民泰银行,1000-9999人,银行,硕士,在校/应届,计算机相关专业,16-25K,杭州,,2026-06-04 22:01:09
8d392a5f4418097903J829u8EFJW,投资合规数据分析,美国道富,10000人以上,互联网金融,本科,3-5年,"金融业务合规管理, 英文, 金融",12-15K,杭州,,2026-06-04 22:01:09
958e2af7f927c44b0nd_2N26EVZT,数据分析师,网盛数新,100-499人,互联网,硕士,1-3年,,11-20K,杭州,,2026-06-04 22:01:09
d6162cdcb2bfbe721XF53ty5EFVT,数据分析师,浙江移动数智科技,500-999人,通信/网络设备,本科,3-5年,"SQL, Python, Power BI, 数学/统计相关专业, 计算机相关专业, 数据分析/挖掘经验, 深度学习, 机器学习, 指标体系",17-30K,杭州,,2026-06-04 22:01:09
237219c7f1c178cc0nd_2Nm1FFJS,数据分析初级工程师（双休五险一金年终奖）,震维,20-99人,计算机软件,大专,经验不限,"数学/统计相关专业, 计算机相关专业, 经济/工商管理相关专业",7-8K,杭州,,2026-06-04 22:02:31
ab7c3f92472725850nB839i8EVtQ,数据分析BI,北京外企德科人力...,1000-9999人,人力资源服务,本科,1-3年,,8-10K,杭州,,2026-06-04 22:02:31
b83df76d74141b9f1nV82d69FVFX,数据分析师,杭州诺途,20-99人,电子商务,本科,经验不限,"数据分析, 数据挖掘, SQL, 帆软finersport",8-13K,杭州,,2026-06-04 22:02:31
92c8c2e49229e1c30nV83tu1GVpY,数据分析实习生(J14284),零跑科技,10000人以上,新能源汽车,本科,,,140-160元/天,杭州,,2026-06-04 22:02:31
bb2bfe8c3815eba70nZ72d-1FlZS,电商数据分析师,虹软科技,500-999人,计算机软件,本科,1-3年,,7-10K,杭州,,2026-06-04 22:02:31
55a8ac2547bb518c031_2Ni-E1JR,数据分析师,淘宝闪购,10000人以上,生活服务(O2O),本科,1-3年,SQL,20-35K·16薪,杭州,,2026-06-04 22:02:52
ba26ff3cacc7e1370nB529q_EldQ,数据分析专员（应届生）,宝宝馋了,100-499人,食品/饮料/烟酒,本科,1-3年,"数学/统计相关专业, 金融行业数据相关经验, 财务专业, 统计学专业",5-7K,杭州,,2026-06-04 22:02:52
b4b136da238491610nV43t66GFdX,数据分析师,鸿程系统,500-999人,互联网,本科,,"数据分析/挖掘经验, AI, RAG, 大模型, 计算机相关专业, Python, SQL, 数学/统计相关专业",150-200元/天,杭州,,2026-06-04 22:02:52
e39080a409f18c450nB839S5GFNY,数据分析师/跨境平台(A37132),陆遥科技,100-499人,电子商务,本科,3-5年,"SQL, Python, Power BI, 数学/统计相关专业, 计算机相关专业, 数据分析/挖掘经验, 电商/零售行业数据相关经验",11-20K,杭州,,2026-06-04 22:03:14
ab6f630a6c641fa203d80tu7GFpW,天猫数据分析师,联世传奇,100-499人,互联网,学历不限,1-3年,"影刀, 天猫, 生意参谋, SQL, Python",9-14K,杭州,,2026-06-04 22:03:14
113e9d708f3acf4d0nRy09q_EltY,数据分析师,丸米大队,20-99人,电子商务,本科,5-10年,"Tableau, SQL, Python, 数学/统计相关专业",10-15K,杭州,,2026-06-04 22:03:14
b699f916a55433070nB60tu5FlZY,数据分析专员,江苏德行物联科技,20-99人,互联网,本科,1-3年,物流行业数据相关经验,7-8K,杭州,,2026-06-04 22:03:14
2d58cac2c753f0290nB709y_FFBW,AI数据分析师（AI自动化）,鲸灵智能,500-999人,电子商务,本科,1-3年,"SQL, Python, 数据产品, AI自动化落地, 数据看板, 经营分析, 策略输出",20-30K,杭州,,2026-06-04 22:03:14
ea5b8a6f67866f8e1HZ92dm0FVZV,数据分析实习生,每日互动,500-999人,互联网,本科,,"数据分析/挖掘经验, 数学/统计相关专业",200-250元/天,杭州,,2026-06-04 22:03:14
7e069af4b69f1e0c0nZ90tS4EFZS,数据分析师（A256079）,CoFANCY可糖,100-499人,电子商务,本科,1-3年,,11-17K,杭州,,2026-06-04 22:03:36
39fcff9f6f7ae0e50nd52du8FVpX,数据分析师(电商熟悉天猫平台),杭州新佰商贸有限公司,100-499人,电子商务,本科,1-3年,"SQL, Python, Tableau, Power BI, 计算机相关专业, 数据分析/挖掘经验, 电商/零售行业数据相关经验, 电商数据, sql, etl",11-22K·13薪,杭州,,2026-06-04 22:03:36
a6fda516b0ffa9900nR73ti8GVVZ,实习生（数据分析）,先临三维,1000-9999人,仪器仪表,本科,,"Power BI, Python, SQL, 数学/统计相关专业, 计算机相关专业, 数据分析/挖掘经验, 机器学习建模经验",150-200元/天,杭州,,2026-06-04 22:03:36
1b846dda9d1cb07b0nZz0ty6EVNQ,数据分析师,杭州德亚投资,20-99人,基金,学历不限,在校/应届,,6-9K,杭州,,2026-06-04 22:03:36
658667a50213a801031_2dq5E1RT,亚马逊广告数据分析师,七鑫彩家居,100-499人,电子商务,本科,1-3年,,10-15K·13薪,杭州,,2026-06-04 22:03:36
f8c42353ac83ad180nB73d6-FVtW,数据分析师,彩虹无线,100-499人,互联网,本科,5-10年,,10-15K,杭州,,2026-06-04 22:03:36
868f10b9a1a772571XJ52N-_E1JW,数据分析师,天正信息,100-499人,计算机软件,本科,经验不限,"数据分析/挖掘经验, 计算机相关专业, SQL, Python, 数学/统计相关专业",5-9K,杭州,,2026-06-04 22:03:36
8b506395ad332f291H1-39W8FlZX,数据分析师,杭州华为云计算,1000-9999人,计算机软件,本科,经验不限,"SQL, Python, Power BI, Hive, 计算机相关专业, 数学/统计相关专业, 经济/工商管理相关专业, 数据分析/挖掘经验, 机器学习建模经验",20-30K,杭州,,2026-06-04 22:03:56
8661ed3ef6c3d79d0nV92d20GFpY,数据分析师,SHEIN,10000人以上,电子商务,本科,3-5年,,25-40K·15薪,杭州,,2026-06-04 22:03:56
92ae038e0051d99d0nB52dy4FFNV,数据分析师（base厦门）,跑红集团,500-999人,日化,本科,1-3年,,15-18K·14薪,杭州,,2026-06-04 22:03:56
28232899f854887a0nB429W7FFBV,用户增长数据分析师,滴滴,1000-9999人,互联网,本科,3-5年,,35-45K·15薪,杭州,,2026-06-04 22:03:56
bdf4a4dfe08c7b4f0nVy2d28FFJT,数据分析师/BI开发工程师,悠可,1000-9999人,电子商务,本科,3-5年,"Power BI, 数据分析/挖掘经验, 计算机相关专业, 电商/零售行业数据相关经验, Python, 数学/统计相关专业",13-18K·13薪,杭州,,2026-06-04 22:03:56
e73acbaacf0fdca903x50tu7EVVU,工业 AI 数据分析师,中控技术,1000-9999人,计算机软件,博士,在校/应届,,15-30K·14薪,杭州,,2026-06-04 22:03:56
9610f1a3c19a16ac0nB52dm9ElJY,数据分析师,杭州有熊,500-999人,电子商务,本科,3-5年,,15-18K,杭州,,2026-06-04 22:03:56
095cc2d2e6ad50d51Hd72Ny_Fls~,数据分析师,杭州云审,20-99人,计算机软件,本科,1-3年,"数据分析, 数据处理",5-8K,杭州,,2026-06-04 22:04:16
f446c6b6643df57d1nJ72dy7FlNQ,数据分析师,亿知猫知识产权服...,0-20人,专利/商标/知识产权,本科,1年以内,相关分析,5-10K,杭州,,2026-06-04 22:04:16
e31bada281c003c10nd-0tu7GFBV,数据分析与经济分析专家,某大型知名互联网公司,10000人以上,互联网,博士,5-10年,,45-75K·16薪,杭州,,2026-06-04 22:04:16
6c1dc869b8ee37b20nVz3tq_GVtU,SPSS、Stata、Python数据分析师-线上兼职,睿思众达,20-99人,学术/科研,硕士,经验不限,"经济/工商管理相关专业, 数学/统计相关专业, 不坐班",80-95元/时,杭州,,2026-06-04 22:04:16
09956d84de128f8d03Vz09u-F1NV,绩效考核专员（偏数据分析方向）,道然进出口,500-999人,进出口贸易,本科,1-3年,绩效考核管理,7-12K,杭州,,2026-06-04 22:04:16
7d3f58c7b32af79c03N_3di_EVZU,数据分析管培生,古茗茶饮,1000-9999人,批发/零售,本科,在校/应届,"SQL, Python, 数学/统计相关专业, 计算机相关专业",15-25K·13薪,杭州,,2026-06-04 22:04:37
b9d6f4050ac4504403B72tm9FVRS,数据分析师,不息,100-499人,广告/公关/会展,本科,1-3年,"数据分析/挖掘经验, Pandas, 小红书, 计算机相关专业, MATLAB, 电商平台, NumPy, SQL, Python, 数学/统计相关专业",10-15K,杭州,,2026-06-04 22:04:37
01e71da24064d3e103F-3di9EVVY,高级/资深数据分析师,某大型已上市公司,10000人以上,游戏,本科,3-5年,"数据分析/挖掘经验, 文娱/游戏行业数据相关经验, 计算机相关专业, 电商/零售行业数据相关经验, SQL, Python, 数学/统计相关专业",28-45K·16薪,杭州,,2026-06-04 22:04:58
4da5bc3995c033490nd52tW_FVRQ,数据分析/模型专家岗,潮流网络杭州分公司,100-499人,通信/网络设备,本科,经验不限,"ASR&TTS, 文本日志, 数据分析/挖掘经验, LLM模型, 计算机相关专业, Python, 数学/统计相关专业",15-30K,杭州,,2026-06-04 22:04:58
e195f60f7a3f634203R-2d60Flo~,数据分析师,开启网络,100-499人,游戏,本科,3-5年,"文娱/游戏行业数据相关经验, 数学/统计相关专业",12-18K,杭州,,2026-06-04 22:04:58
0ffac6b009aa00d20nd42tS5GFNZ,数据分析师,携银信息,100-499人,计算机软件,本科,5-10年,"SQL, Python, R, Tableau, Power BI, 数学/统计相关专业, 计算机相关专业, 数据分析/挖掘经验, 经济/工商管理相关专业, 金融行业数据相关经验",11-20K,杭州,,2026-06-04 22:05:20
3ff4728360b7c6e103F72du5FFBY,数据分析专家,萤石,1000-9999人,互联网,本科,5-10年,,24-29K,杭州,,2026-06-04 22:05:20
79f1dfc540d9c25a0nZ53Ni5EFZU,数据分析师,新略数智,100-499人,计算机软件,本科,1年以内,"用户画像, 市场分析, 消费者运营, 策略执行",8-11K,杭州,,2026-06-04 22:05:20
f26e854c69008bf703x_2di7E1ZX,品牌数据分析+电商(J10426),微念集团,1000-9999人,电子商务,本科,3-5年,,11-18K,杭州,,2026-06-04 22:05:41
c6ed6d09c35e48cc0ndy0tW_F1NQ,电商数据分析师,精选贸易,100-499人,电子商务,本科,3-5年,"SQL, 数学/统计相关专业, 数据分析/挖掘经验, 电商/零售行业数据相关经验",12-15K,杭州,,2026-06-04 22:05:41
bde91ffa6301c57103x80ty1F1JQ,汽车行业数据分析专家,吉利汽车集团,10000人以上,汽车研发/制造,本科,10年以上,,30-60K·15薪,杭州,,2026-06-04 22:05:41
7c8821829fc8be8e1HJ_39m5FVJU,会员数据分析,黛玛诗,1000-9999人,服装/纺织,本科,3-5年,"SQL, Power BI, Python, 数学/统计相关专业, 数据分析/挖掘经验, 电商/零售行业数据相关经验",10-13K,杭州,,2026-06-04 22:05:41
3ec2aefc7879d33a0nZy2dm5ElVQ,数据分析岗(J12806),泰隆商业银行,10000人以上,银行,本科,3-5年,"SQL, Python, Hive, 数学/统计相关专业, 数据分析/挖掘经验, 金融行业数据相关经验",25-35K,杭州,,2026-06-04 22:05:41
089f7add782a247e1HBy2Ni-GVRS,实习生/初级/中级数据分析师,剧星传媒,1000-9999人,广告营销,本科,1-3年,"Python, SQL, 数学/统计相关专业, 数据分析/挖掘经验, 电商/零售行业数据相关经验",9-14K,杭州,,2026-06-04 22:08:49
fa2923b3682c223d0ndy3965E1NX,数据分析实习生（杭州）,剧狐,100-499人,互联网,本科,,"Python, SQL, 数学/统计相关专业, 计算机相关专业, 实习生, 数据分析, Prompt",200-250元/天,杭州,,2026-06-04 22:08:49
68c1f3ec898a30c60nB53Nm7ElNS,高级数据分析师,杭州壹网壹创,1000-9999人,电子商务,本科,3-5年,,9-12K,杭州,,2026-06-04 22:09:10
aaf2ec29dbc4fda30nB-2d-1F1NW,数据分析实习生（农业方向）,熙牛医疗,100-499人,计算机软件,本科,,,200-250元/天,杭州,,2026-06-04 22:09:31
e6bd3091909330370nB52t--FFpQ,数据分析实习生,群核科技,1000-9999人,互联网,本科,,,100-150元/天,杭州,,2026-06-04 22:09:31
2184bd2b15affbbf0nZ_0tm1FFdQ,全国招SAP FICO顾问（成本数据分析）,透云科技,500-999人,互联网,本科,5-10年,,25-35K·13薪,杭州,,2026-06-04 22:09:53
4668d8198750b7e70nB829m0GFRZ,数据分析专员(base 绍兴),新和成,1000-9999人,化工,本科,1-3年,,10-15K,杭州,,2026-06-04 22:09:53
213e25695185d5480ndy2tS5GFRR,亚马逊广告数据分析师,维诺电商,20-99人,电子商务,本科,1-3年,,7-12K·13薪,杭州,,2026-06-04 22:09:53
50467f32be8a24340nB_2t2-GFJV,数据分析师,浙江无忧娱乐有限公司,1000-9999人,广播/影视,本科,3-5年,,12-15K,杭州,,2026-06-04 22:09:53
ef530e61937cac350ndy2di8EVNQ,数据分析师,厦门优选生活科技,500-999人,互联网,本科,3-5年,"短剧, 影视行业, 广告投放",18-30K,杭州,,2026-06-04 22:10:14
dc572dd079e928d103J62dW4FlJV,数据分析师,泽鹿视界,100-499人,电子商务,本科,3-5年,,20-30K·14薪,杭州,,2026-06-04 22:10:35
d4533137d1e168291Xx_0tm8EFFX,数据分析师,和琪,100-499人,服装/纺织,本科,3-5年,"数据分析/挖掘经验, 电商/零售行业数据相关经验, SQL, Python, 数学/统计相关专业",9-13K,杭州,,2026-06-04 22:10:35
20d2b6679e352a450ndy0tq8E1JY,数据分析师（海外 App 方向+急聘）,小影,100-499人,互联网,本科,3-5年,"AI工具, 海外, 数据分析/挖掘经验, 计算机相关专业, SQL, 数学/统计相关专业",15-25K·14薪,杭州,,2026-06-04 22:10:55
42f029de4c876f960nB_2dS6EFJX,数据分析/AB实验平台负责人 for 效能 深圳,某大型知名智能硬件公司,10000人以上,智能硬件,本科,10年以上,"AB实验, 数据分析, 研发效能",60-90K·16薪,杭州,,2026-06-04 22:10:55
7a7ede268e94c12f0nB83dq0F1ZS,运动数据分析师,杭州数叶科技有限公司,20-99人,互联网,本科,1-3年,,5-10K,杭州,,2026-06-04 22:10:55
c451b1c6bbb355430nB-2t65FlRZ,数据分析助理（双休，五险一金）,睦熙科技,0-20人,互联网,本科,经验不限,,6-9K,杭州,,2026-06-04 22:10:55
fbef6d1353e96f801HJ40tq-GVBW,数据分析师,浙江豪猪网络技术,20-99人,互联网,本科,1-3年,,12-20K·14薪,杭州,,2026-06-04 22:11:17
c3e06475b1120aaa0nB80tu5F1RQ,电竞用户数据分析,独眼蛇电竞网络,100-499人,互联网,本科,3-5年,"SQL, 经济/工商管理相关专业, 数据分析/挖掘经验, 文娱/游戏行业数据相关经验",6-8K,杭州,,2026-06-04 22:11:17
07c1d1d586573b730nZ-3N27E1NU,千问-商业数据分析师-千问AI创作线-杭北,阿里巴巴智能信息事业群,1000-9999人,互联网,本科,经验不限,,30-50K·16薪,杭州,,2026-06-04 22:11:37
6544c0e6f93e3fdb1HZ63Nm1EFBZ,数据分析师,飞猪,1000-9999人,互联网,本科,3-5年,"数据分析, 数据挖掘, 精细化运营",20-40K·13薪,杭州,,2026-06-04 22:11:37
76d110e6eef971de0nB-09i8GVNQ,数据分析实习生,杭州梦次元幻方科技,20-99人,电子商务,本科,,"Python, 数学/统计相关专业, 计算机相关专业, 机器学习建模经验, 浙江大学",300-500元/天,杭州,,2026-06-04 22:16:05
34ea9bfb46b88c7f0nV62dq7GVNY,高级数据分析师,新兔科技,100-499人,电子商务,本科,3-5年,,15-25K,杭州,,2026-06-04 22:17:08
55f05eefb35a9bb30nB70t-8EFJT,数据分析师（杭州）,贝壳找房,10000人以上,互联网,本科,3-5年,"SQL, Python, Power BI, 数学/统计相关专业, 数据分析/挖掘经验, 经济/工商管理相关专业",11-20K·14薪,杭州,,2026-06-04 22:17:29
a3a7b3e7edc86c5c0nB42t20F1FV,数据分析bi,润和软件,10000人以上,互联网,本科,5-10年,"Power BI, 数学/统计相关专业, 数据分析/挖掘经验, Dataworks",16-17K,杭州,,2026-06-04 22:17:29
04076306914244cd031409u1GVVX,数据分析师,即刻电商,20-99人,电子商务,本科,1-3年,,7-8K·13薪,杭州,,2026-06-04 22:17:29
d9e5e23166873b860nB829y9FVRS,数据分析师（财务系统）,法本,10000人以上,计算机软件,本科,5-10年,"SQL, 数学/统计相关专业, 数据分析/挖掘经验, 财务系统数字化, SAP系统, Quick BI",16-18K,杭州,,2026-06-04 22:17:50
020da9b2143e6d2003F92NS9FFRY,python数据分析师,杭州荣安科技有限公司,20-99人,计算机软件,本科,3-5年,"Django, Pandas, MongoDB, 架构设计经验, nebulagraph, Numpy, Python, Flask",10-15K,杭州,,2026-06-04 22:17:50
d7a8271fd362abe50nZy0tS9FFRY,ai数据分析师,金棒控股集团有限公司,100-499人,进出口贸易,本科,1-3年,"计算机相关专业, 数据分析/挖掘经验",15-20K,杭州,,2026-06-04 22:18:33
667c344e8349f9bd03F62NS7EVtR,数据分析师（产品方向）,萤石,1000-9999人,智能硬件,本科,5-10年,,15-25K,杭州,,2026-06-04 22:18:33
f07a4a492fc2044a03J-2tS0FVFR,数据分析（电商）,洲洲达,20-99人,进出口贸易,本科,1-3年,"经济/工商管理相关专业, 数据分析/挖掘经验, 电商/零售行业数据相关经验, 数学/统计相关专业",8-12K,杭州,,2026-06-04 22:19:15
2322e6df5e3a6ba70nB_2ty8EVRV,数据分析专员（跨境电商）,爱斯基摩人,100-499人,电子商务,本科,1-3年,"金融行业数据相关经验, 数据分析/挖掘经验, 计算机相关专业, 电商/零售行业数据相关经验, SQL, Python, 数学/统计相关专业",10-15K,杭州,,2026-06-04 22:19:15
98571f9b9c2fc84603F43t68FVBR,数据分析师,传播大脑,100-499人,互联网,硕士,3-5年,,15-30K,杭州,,2026-06-04 22:19:15
00119f5edb08371d0nd62967EVBW,Senior 数据分析师,高帆破浪科技,20-99人,人工智能,学历不限,经验不限,,20-40K,杭州,,2026-06-04 22:22:21
013dc51c682b13b10ndz3d2-E1JX,数据分析师BI,杭州无界增长科技,20-99人,生活服务(O2O),本科,3-5年,,10-15K,杭州,,2026-06-04 22:23:06
006ce04cc6ec0c2a0nZ82ti0E1RV,数据分析师,鸣贯星科技,0-20人,人工智能,学历不限,经验不限,,200-500元/时,杭州,,2026-06-04 22:24:10
b50cd501559c328f0nB70ti-E1VT,数据分析,某计算机软件公司,20-99人,计算机软件,本科,5-10年,"跨境电商, 业务数据分析, 业务模式/运营策略优化, saas, AI, 英语, ota, 数据分析/商业分析经验",30-40K·13薪,杭州,,2026-06-04 22:24:31
3da620a22c2da7861XNy0tq9EFRR,高级数据分析师,布泉,0-20人,其他行业,本科,1-3年,数据分析/挖掘经验,10-11K,杭州,,2026-06-04 22:24:31
5655cf1e9d59b89d0nB529S1ElFU,数据分析师（周末双休）,乔一控股,100-499人,日化,硕士,1-3年,"数据分析/挖掘经验, 电商/零售行业数据相关经验, 数学/统计相关专业",10-15K,杭州,,2026-06-04 22:24:53
0c61f90c2df840bd031-2ti4F1RR,数据分析师,灸春堂,500-999人,保健/养生,本科,1-3年,"数学/统计相关专业, 数据分析/挖掘经验, 观远经验",10-15K,杭州,,2026-06-04 22:25:14
e7078bb11bc8c6980nRy29S8EFZU,数据分析专家,香飘飘,1000-9999人,电子商务,本科,5-10年,,25-35K,杭州,,2026-06-04 22:25:14
64656bc264a407ee0nB62tW5ElJV,数据分析,成都克诺丰赢科技,20-99人,互联网,本科,,"经济/工商管理相关专业, R, Power BI, 数据分析/挖掘经验, 计算机相关专业, MATLAB, SQL, Python, 数学/统计相关专业",280-330元/天,杭州,,2026-06-04 22:28:44
a20176f528431dae1nZ73ty4FVtR,高级数据分析专家（后台）,杭州海浪网络科技,500-999人,互联网,本科,5-10年,"Python, Java, Shell, Scala, SQL",40-70K·14薪,杭州,,2026-06-04 22:28:44
a48a0666ec9fe53403V43dS_EVBR,数据分析师,观远数据,100-499人,企业服务,本科,,,150-200元/天,杭州,,2026-06-04 22:29:05
ec7e65c7c6c538130nB63Nm0E1tY,数据分析师,新兔科技,100-499人,电子商务,本科,3-5年,"计算机相关专业, SQL, 数学/统计相关专业",15-30K,杭州,,2026-06-04 22:29:26
34151b61737b39e61HZ93dW7ElFX,数据分析师,览众数据,100-499人,大数据,本科,3-5年,"SQL, Python",12-15K,杭州,,2026-06-04 22:29:47
b80ce74081810d060nZ93t24FlRY,数据分析实习生,群核科技,1000-9999人,互联网,本科,,,100-150元/天,杭州,,2026-06-04 22:30:31
a1b5817d67ac43540nd809S4EVBU,数据分析,浩鲸科技,10000人以上,通信/网络设备,本科,5-10年,"R, Tableau, Power BI, 数学/统计相关专业, 电商/零售行业数据相关经验, 数据分析/挖掘经验, 政务, AI",18-21K,杭州,,2026-06-04 22:30:52
01304b20904de3a91XV53tq-E1JR,数据分析师,杭州龙鉴,0-20人,食品/饮料/烟酒,本科,1-3年,excel,5-6K,杭州,,2026-06-04 22:31:11
2f0b7f44310f553a0nZ53di9FlZS,数据分析师,乐其集团,1000-9999人,电子商务,本科,1-3年,"抖音, 数据分析/挖掘经验, 天猫, 京东, 计算机相关专业, 电商/零售行业数据相关经验, SQL, 数学/统计相关专业, 电商",10-14K,杭州,,2026-06-04 22:35:22
3a965d4efb41576f0nR-2ti5GVJS,数据分析师（社招）,杭州牧直,100-499人,大数据,本科,1-3年,"数据分析/挖掘经验, 计算机相关专业, SQL, 数学/统计相关专业",12-18K,杭州,,2026-06-04 22:35:22
607cbcabafebe6ad0nB829y0ElpR,数据分析师,赛尔集团,1000-9999人,进出口贸易,本科,1-3年,,10-15K,杭州,,2026-06-04 22:35:43
b902e48935843feb0nR_3N-5F1pS,亚马逊数据分析（市场调研/产品开发助理）,浙江云端,100-499人,电子商务,本科,3-5年,,7-12K,杭州,,2026-06-04 22:36:03
c33569df70182d100ndz39y-FVpQ,数据分析,启维软件,20-99人,计算机软件,本科,,"Python, R, SAS, 数学/统计相关专业",190-200元/天,杭州,,2026-06-04 22:37:25
20f553b9d1ddda270nB70t-1GFNQ,数据分析师,普正制药,500-999人,生物/制药,硕士,1年以内,"Power BI, 数据分析/挖掘经验, 计算机相关专业, 电商/零售行业数据相关经验, SQL, Python",8-13K,杭州,,2026-06-04 22:37:45
86955c81bb3fea9803N-3t61EldT,海外业务数据分析师,海康威视,10000人以上,计算机软件,硕士,经验不限,"SQL, Python, Power BI, Tableau, R, 数学/统计相关专业, 经济/工商管理相关专业, 数据分析/挖掘经验",13-20K·15薪,杭州,,2026-06-04 22:38:06
639cab74314c0ca80nV42t25EFZS,数据分析师,义乌春舞秋歌服饰,500-999人,电子商务,本科,1年以内,"数据分析/挖掘经验, 电商/零售行业数据相关经验",12-20K,杭州,,2026-06-04 22:41:15
2a61a953202ffe7e0nd63d60EFZS,数据分析师,浙江预策科技有限...,100-499人,大数据,本科,,,200-400元/天,杭州,,2026-06-04 22:41:36
f1a8c3b5c99a008f0nd52t29ElNR,Power BI 数据分析师（高增天猫健身器材）,杭州新佰商贸有限公司,100-499人,电子商务,本科,1-3年,"etl熟练, Power BI, 数据分析/挖掘经验, Tableau, 电商数据, SQL, Python",10-15K·13薪,杭州,,2026-06-04 22:41:36
1c24c96574fc5dde0nd53NW0GFNQ,数据分析,凯途科技,0-20人,智能硬件,本科,3-5年,,10-15K,杭州,,2026-06-04 22:41:36
344455501d8e37590nB-39S5FlJV,电商商业与数据分析助理,拜耳,10000人以上,医疗健康,本科,1-3年,,10-15K·13薪,杭州,,2026-06-04 22:41:36
760027aeaaafa68f0nB83d2-E1VT,rpa数据分析师,杭州紫语科技有限公司,20-99人,进出口贸易,本科,经验不限,,7-9K,杭州,,2026-06-04 22:41:57
2b69c25a2db89c7903J539q4FVZS,高级数据分析师（网易云音乐）,网易,10000人以上,互联网,本科,1-3年,,20-40K·16薪,杭州,,2026-06-04 22:41:57
3a5ef36b4757d5a203x63Nq4FVRZ,数据分析师（美妆行业）,兰匠,100-499人,日化,本科,3-5年,,10-15K·14薪,杭州,,2026-06-04 22:42:18
4a9cfd4b83365d7b0nVy39W4E1JW,数据分析工程师,慧博云通,10000人以上,计算机软件,本科,3-5年,"风控相关经验, 数据分析, 数据建模, 数仓建模",11-15K,杭州,,2026-06-04 22:42:18
8b83b3ee45cdd1cb0nV82du5EVtT,数据分析建模师（长期出差）,中科聚信,100-499人,咨询,本科,3-5年,,15-30K,杭州,,2026-06-04 22:42:39
0c7a0b7c858a61e80nB60tm7GFpQ,数据分析师,彩虹无线,100-499人,互联网,本科,5-10年,,10-15K,杭州,,2026-06-04 22:42:39
8cbd5df4391775a90nB60ti4GVdV,数据分析BP,佰傲再生医学,500-999人,医疗服务,本科,3-5年,电商/零售行业数据相关经验,14-18K,杭州,,2026-06-04 22:42:39
fe4136d98483d91a0nB-2968EVRW,品牌数据分析,巴顿设计,20-99人,广告营销,大专,3-5年,,12-22K,杭州,,2026-06-04 22:43:00
673a157395dc74680nZ72Nu6ElpV,资深数据分析师,颖数科技,20-99人,互联网,本科,5-10年,,11-20K,杭州,,2026-06-04 22:43:00
a0d7d5ad06372dd803N-2N6_E1pX,数据分析,凯棉科技,20-99人,计算机服务,本科,1-3年,,30-50元/时,杭州,,2026-06-04 22:43:00
32d0e8f38ce4a2ce1HJ52NS0F1NZ,大小周+年终奖数据分析师,杭州懂数,1000-9999人,互联网,本科,3-5年,"Python, SQL",10-15K,杭州,,2026-06-04 22:43:00
f9b5c47eee9298e81XBy09i7ElJS,数据分析师,大搜车,1000-9999人,互联网,本科,,"计算机相关专业, SQL, 数学/统计相关专业",150-200元/天,杭州,,2026-06-04 22:43:00
59987535cf89310e03d60tW8EVZV,数据分析建模工程师,邦睿科技,100-499人,计算机软件,本科,5-10年,"金融行业数据相关经验, 风控相关经验, 数据分析/挖掘经验",15-18K,杭州,,2026-06-04 22:43:00
74944de85fd89e020nB52N6_ElJR,数据分析专员,瑷漾,100-499人,批发/零售,本科,1-3年,"数据分析/挖掘经验, 计算机相关专业, 数学/统计相关专业",7-8K,杭州,,2026-06-04 22:43:00
2aed176d619399af1XN42960FFBX,高级数据分析师,上海赤豆信息,100-499人,互联网,本科,5-10年,"SQL, Python, R, 数据分析/挖掘经验",30-50K·13薪,杭州,,2026-06-04 22:43:00
64936207596371b61XZ609-0FVZT,数据分析师-用户增长,字节跳动,10000人以上,广告营销,本科,经验不限,"Python, Excel, SQL, Hive, R, 用户增长",30-60K·15薪,杭州,,2026-06-04 22:43:22
2a4ffaec8324ff130ndz2tu4EFpQ,数据分析,瑞天数据,100-499人,计算机软件,硕士,3-5年,"机器学习建模经验, 金融行业数据相关经验, 风控相关经验, 数据分析/挖掘经验, SQL, Python, 数学/统计相关专业",12-15K,杭州,,2026-06-04 22:43:22
8814ab7818bd057c0nB80t-5FFRZ,多组学数据分析工程师,科伊思(杭州),20-99人,人工智能,硕士,经验不限,"Python, R, SQL, 计算机相关专业",9-13K,杭州,,2026-06-04 22:43:22
2af63d096b7d2f160nB83N28EVtZ,数据分析经理,游卡,1000-9999人,游戏,本科,5-10年,,20-35K·14薪,杭州,,2026-06-04 22:43:22
bcc8a40a7b163f1e1HF639-4FFRT,数据分析师,阿里巴巴集团,10000人以上,互联网,本科,1-3年,"SQL, 数学/统计相关专业, 经济/工商管理相关专业, 电商/零售行业数据相关经验",30-35K·16薪,杭州,,2026-06-04 22:43:22
f58cd346a15eb1310nB809i8EVRU,数据分析师 (MJ002745),古茗茶饮,1000-9999人,批发/零售,本科,经验不限,,15-25K,杭州,,2026-06-04 22:43:22
aff704fa499815fd0nZ-3ti_ElNW,高德直招-数据分析负责人,高德地图,1000-9999人,互联网,本科,5-10年,,60-80K·16薪,杭州,,2026-06-04 22:43:42
37549e94c464806f0nB40tu-FlRQ,数据分析专家【Spes品牌-双休】,浙江浩迈,100-499人,互联网,本科,3-5年,"数据分析/挖掘经验, 快消, 线下",10-15K,杭州,,2026-06-04 22:43:42
8c1a4ab4b7013724031839W-FVNQ,数据分析师,浙江淏瀚,20-99人,计算机软件,本科,3-5年,,15-20K,杭州,,2026-06-04 22:43:42
57bec9c4ecdbda4e0nR83dS9GFpU,数据分析师,贝喜阳,20-99人,电子商务,本科,3-5年,,15-30K·14薪,杭州,,2026-06-04 22:43:42
4f4a8a5136b4c92e03R509q_EFVU,数据分析师,杭州肥圆网络科技,20-99人,电子商务,本科,1-3年,"Power BI, 电商/零售行业数据相关经验, SQL, 数学/统计相关专业",5-8K,杭州,,2026-06-04 22:43:42
523b772c7de6725b0nZ-2du4GVpV,汽车金融数据分析师,融君汇,20-99人,计算机服务,本科,3-5年,"SQL, Python, Power BI, 数学/统计相关专业, 数据分析/挖掘经验, 计算机相关专业, 金融行业数据相关经验",12-18K·13薪,杭州,,2026-06-04 22:43:42
6b5565a85ce55f9c03x83Nm5EVpZ,数据分析师,LAZADA,10000人以上,电子商务,硕士,3-5年,"SQL, Python",30-60K·15薪,杭州,,2026-06-04 22:43:42
83260fe179d9176703R629-_FlZU,数据分析师,神兽数字产业,20-99人,物联网,本科,经验不限,,10-15K,杭州,,2026-06-04 22:44:02
c82c2a7517c9c29c03Z_3Nm-FVZS,数据分析师,智元数核,0-20人,人工智能,本科,1-3年,"计算机相关专业, Python",7-11K,杭州,,2026-06-04 22:44:02
b70ef381561169fd3nZy3N24EVA~,数据分析师,阿里巴巴集团,10000人以上,互联网,本科,5-10年,"数据分析, 数据挖掘, 商业分析, SQL, BI, 人工智能, 大数据",30-35K·16薪,杭州,,2026-06-04 22:44:02
ad4000497126efde1XZ43dS6EFRZ,数据分析师,浙江胄天科技,20-99人,其他行业,本科,1-3年,"Python, Pandas, Matplotlib, NumPy, 工业数据, 气象数据",12-18K,杭州,,2026-06-04 22:44:02
ed39fc8d5d7b0f7a03F82dW5EVtX,数据分析,浙江珞拾科技有限公司,20-99人,咨询,本科,3-5年,"数据分析/挖掘经验, 计算机相关专业, 数学/统计相关专业",6-8K,杭州,,2026-06-04 22:44:23
24af76b867dd3a5a03B52dy6FFtX,数据分析,浙江省北大信研院,100-499人,其他行业,硕士,,,180-220元/天,杭州,,2026-06-04 22:44:23
ef42475ac8b8e69f03R639-1E1ZX,数据分析,某知名互联网公司,10000人以上,互联网,本科,3-5年,SQL,27-40K·16薪,杭州,,2026-06-04 22:44:23
aee8c63568c8ec860nR43t26E1ZX,供应链实习生（PMC数据分析方向）,先临三维,1000-9999人,仪器仪表,硕士,,,150-200元/天,杭州,,2026-06-04 22:44:23
38d0fd19977c220d03153d25EldQ,亚马逊广告数据分析师,三宠电子商务,20-99人,电子商务,本科,3-5年,"数学/统计相关专业, 计算机相关专业, 数据分析/挖掘经验, ACOS, ROAS, CPC, TACoS",15-20K,杭州,,2026-06-04 22:44:23
703fefb84765218f03x50ty4GFdV,急招数据分析高级经理,厦门绽遇科技有限公司,1000-9999人,互联网,本科,3-5年,"数据分析/挖掘经验, 计算机相关专业, 电商/零售行业数据相关经验, SQL",20-30K,杭州,,2026-06-04 22:44:23
c73b80fad4cb2c4a0ndz396_GVRY,数据分析师（游戏）,胜加科技,20-99人,游戏,本科,3-5年,"数据分析/挖掘经验, Tableau, MATLAB, SQL, 数学/统计相关专业",15-25K,杭州,,2026-06-04 22:44:23
0858f16cdffa640103R73tq8GFNZ,数据分析师,得物App,1000-9999人,电子商务,本科,3-5年,"数据分析, 数据挖掘, 数据仓库, SAS, R",25-30K·16薪,杭州,,2026-06-04 22:44:23
3471cb6c4f841a7303F82N-8FltR,数据分析师,杭州蝶象科技有限公司,20-99人,电子商务,本科,3-5年,"SQL, Tableau, Power BI, 数学/统计相关专业, 计算机相关专业, 数据分析/挖掘经验, 电商/零售行业数据相关经验",15-25K,杭州,,2026-06-04 22:44:23
80783f167e8e0fa003xz2du8FVBX,数据分析base成都,成都微光聚梦文化传播,100-499人,广播/影视,本科,3-5年,,20-25K,杭州,,2026-06-04 22:44:23
7699829194b390ea1XZ-09q_FFZX,数据分析师,字节跳动,10000人以上,互联网,本科,5-10年,"SQL, Python",25-50K·15薪,杭州,,2026-06-04 22:44:23
76adba826f35dab003R42Nm6EVZT,数据分析工程师,中弘科建,100-499人,建筑设计,本科,3-5年,"Python, 数学/统计相关专业, 计算机相关专业, 数据分析/挖掘经验",10-15K,杭州,,2026-06-04 22:44:23
2039a887fd35f90f03F53dm6E1dZ,数据分析师-供应链方向,嗨聚客网络,100-499人,电子商务,本科,3-5年,"SQL, Tableau, Hive, 数学/统计相关专业, 计算机相关专业, 物流行业数据相关经验",12-20K,杭州,,2026-06-04 22:44:23
95c1ba7a4d7d1d1f0nZ7392_GVJU,数据分析师 / 统计工程师（非全职）,数曜科技,0-20人,计算机服务,硕士,3-5年,"R, SAS, Eviews, Stata, SPSS, MATLAB, 数学/统计相关专业",10000-15000元/月,杭州,,2026-06-04 22:44:23
cde673e2a3af5f450nZ83Nm6GFtY,用户运营岗（偏数据分析）,老板电器,1000-9999人,其他行业,本科,经验不限,,15-25K·14薪,杭州,,2026-06-04 22:48:14
6f9a45daa47c6e411H1-3Ni4GFpX,数据分析师,亿创网络科技有限公司,0-20人,咨询,硕士,经验不限,,30-35元/时,杭州,,2026-06-04 22:49:18
5a1427af6771c2230nB73N-8E1BS,数据分析师,港田集团,500-999人,互联网,本科,3-5年,"Power BI, 数据分析/挖掘经验, 计算机相关专业, SQL, Python, 数学/统计相关专业",12-20K,杭州,,2026-06-04 22:49:18
dad7e9f3c163837a0nd40ti4GFRV,数据分析师,鹭诚捷,100-499人,仪器仪表/工业自动化,大专,1-3年,销售数据分析,8-11K·13薪,杭州,,2026-06-04 22:55:13
5b1eb4ba745365de1XJ52ti0F1VY,数据分析师,凯雁能源集团,20-99人,石油/石化,本科,1-3年,"数学/统计相关专业, 计算机相关专业, 数据分析/挖掘经验",6-7K,杭州,,2026-06-04 22:55:33
e5ad86c24ca8fe050ndz39W9FVRS,资深数据分析师（杭州）,网易游戏,10000人以上,游戏,本科,3-5年,,30-50K·16薪,杭州,,2026-06-04 22:55:33
f78993191a275e6e0nd-3Nu1GFJY,数据分析,绯逸信息,100-499人,计算机软件,本科,5-10年,"SQL, Python",15-20K,杭州,,2026-06-04 23:02:51
004fb8c1ab0977b90nB80927GVdT,数据分析,浩鲸科技,10000人以上,通信/网络设备,本科,3-5年,,15-21K,杭州,,2026-06-04 23:04:16
e9968632ba2b4fb70nZy3di-GFpW,高级数据分析师「base香港」,零壹比特,100-499人,互联网,本科,3-5年,"SQL, Python, Hive, 数据分析/挖掘经验, 数学/统计相关专业",40-60K,杭州,,2026-06-04 23:04:58
1aca24ea3a656df10nd63Nm-E1JY,Growth Data Analyst / 增长数据分析师,深圳昼光科技有限公司,100-499人,计算机硬件,本科,经验不限,,12-22K,杭州,,2026-06-04 23:04:58
2b7675eb5783bacc0nV739y-EVFY,数据分析师,山东锐泓嘉科技信息,0-20人,互联网,本科,,SPSS,200-240元/天,杭州,,2026-06-04 23:04:58
c031329821d5024c0nVz09q8EFJZ,数据分析专员,芮鸽,100-499人,电子商务,本科,1-3年,"Power BI, SQL, Python",6-8K,杭州,,2026-06-04 23:04:58
11581dd29e6e4cde1H1939-6F1ZY,数据分析师,寻梦说,20-99人,电子商务,大专,3-5年,"数据分析/挖掘经验, 电商/零售行业数据相关经验",5000-20000元/月,杭州,,2026-06-04 23:05:19
bc455e06386e3d471HR6392-FFJY,数据分析师,红阵易审,20-99人,计算机服务,本科,1-3年,"SQL, 计算机相关专业, 数据分析/挖掘经验",6-8K,杭州,,2026-06-04 23:05:19
f2e1173bc414c3dd0nB83tW8FlRT,数据分析+薪资福利待遇好+双休,天津派云科技,500-999人,游戏,本科,5-10年,"数据分析/挖掘经验, 物资类产品设计, 施工项目, 移动产品, 合同管理系统, 数据分析产品",23-28K,杭州,,2026-06-04 23:10:08
eae866abfe8d8cd71HN52d-5F1dU,数据分析,上海华为技术有限公司,10000人以上,通信/网络设备,硕士,1年以内,Python,11-22K·14薪,杭州,,2026-06-04 23:10:28
01f37e9b37f0a4de0nZ80t2-GFZX,数据分析师（海外广告投放 & 归因）,元启视界,100-499人,互联网,本科,1-3年,,11-15K·13薪,杭州,,2026-06-04 23:10:48
db896ce66ffb3f520nB-09W5E1pR,数据分析工程师,金石亚药,1000-9999人,生物/制药,本科,3-5年,,9-14K,杭州,,2026-06-04 23:11:09
08ac9518f626a3e003R_3t65FFpT,数据分析师（杭州）,佰聆数据,1000-9999人,互联网,本科,3-5年,"Hive, 数据分析/挖掘经验, 计算机相关专业, SQL, Python, 数学/统计相关专业",12-18K,杭州,,2026-06-04 23:11:52
39e2c55839dab8ed0nB629S_EVtT,数据分析,爱拼单,0-20人,电子商务,本科,1-3年,,10-11K,杭州,,2026-06-04 23:11:52
3b3f47f380f6fda20nB-3928FFFX,数据分析师,久婵物联,20-99人,计算机服务,本科,3-5年,,30-50K,杭州,,2026-06-04 23:12:35
0d3f84a46084826a03J_0tW0FFJU,技术支持与数据分析,滴滴出行,1000-9999人,互联网,本科,,,200-300元/天,杭州,,2026-06-04 23:12:35
128e330ce8aad47a03d62927FFNY,数据分析师,杭州马斯克企业管理,0-20人,其他金融业,本科,在校/应届,计算机相关专业,5-8K,杭州,,2026-06-04 23:25:48
ab6373410fb5673f1nZ62d6-ElNX,数据分析师,滴滴出行,1000-9999人,互联网,本科,3-5年,SQL,20-30K·15薪,杭州,,2026-06-04 23:33:07
75944a0b5ae7e3fb03153ty_GFRY,极氪-数据分析实习生-杭州,吉利控股集团,10000人以上,汽车研发/制造,本科,,,150-180元/天,杭州,,2026-06-04 23:37:19
bbf4cb3b44ce956533Z429W-GFY~,数据分析,鸿程系统,500-999人,互联网,本科,1-3年,"数据分析, 数据分析/挖掘经验, 计算机相关专业, 数学/统计相关专业, SQL, Python",7-12K,杭州,,2026-06-04 23:37:19
2a1768e529433af01HF53t21ElpY,数据分析实习生,胜禾网络,0-20人,大数据,本科,,"SQL, Python, 数学/统计相关专业, 数据分析/挖掘经验, 金融行业数据相关经验",100-110元/天,杭州,,2026-06-04 23:39:05
9266c3d2f84a3b570nB829q1GVVR,电商平台数据分析+双休,杭州曜昀科技有限公司,20-99人,电子商务,本科,1-3年,"要求数据开发经验, 数据平台开发经验, 非外包类, 电商/零售行业经验, ETL开发经验, 其他, 其他",10-15K,杭州,,2026-06-04 23:43:55
decc00ce999e6b6d03x93ty5FFRZ,【2026届校招】数据分析师,边锋,500-999人,游戏,本科,在校/应届,"游戏, 数学/统计相关专业",11-18K,杭州,,2026-06-04 23:43:55
62a23bb096a01c970nV739S-EVZX,我是数据分析大王/看数据分析岗位找我,某大型综合集团公司,10000人以上,互联网,本科,1-3年,"SQL, Python",30-60K·16薪,杭州,,2026-06-04 23:43:55
75d2f46d870c33240nB829W4GVNS,数据分析师（短剧行业）,杭州聚赢,500-999人,广告/公关/会展,大专,1-3年,"Python, 数学/统计相关专业, 计算机相关专业, 数据分析/挖掘经验, 金融行业数据相关经验",10-15K,杭州,,2026-06-04 23:43:55
bc9c6b97fa5e831403B_3t--GFRV,SPSS数据分析师,义乌市睿笔网络技...,0-20人,互联网,本科,经验不限,,200-300元/天,杭州,,2026-06-04 23:43:55
4ecd68a2003ff3f90nB839m4GFpQ,高级数据分析(J14640),Babycare,1000-9999人,电子商务,本科,3-5年,,10-15K·13薪,杭州,,2026-06-04 23:43:55
0b938790d5d455981HN839q9FVBV,数据分析师,阿里巴巴集团,10000人以上,互联网,本科,1-3年,"SQL, Python",20-35K,杭州,,2026-06-04 23:44:16
aca777a1acc5084d0nB509S5E1VY,数据分析,杭州有熊,500-999人,电子商务,本科,1-3年,,13-18K·13薪,杭州,,2026-06-04 23:44:16
f6562c38d379912003V-3dy7FlJT,数据分析-杭州,邦睿科技,100-499人,计算机软件,本科,3-5年,"金融行业数据相关经验, 风控相关经验, 数据分析/挖掘经验, 计算机相关专业, 银行承兑汇票, SQL, Python, 数学/统计相关专业",15-22K,杭州,,2026-06-04 23:44:16
d140d72005aca3571nx-3Nq9EFFU,资深数据分析师,大益集团,100-499人,电子商务,本科,5-10年,"聚类分析, 相关分析, SQL, Python",20-40K,杭州,,2026-06-04 23:44:36
2aba8ed0394686560nd82t-7EVVV,数据分析师,静水合鸣,20-99人,咨询,本科,经验不限,,8-13K,杭州,,2026-06-04 23:44:57
6dad045af8574c9d0X1909W6ElI~,策略数据分析师,分子优联,20-99人,广告/公关/会展,大专,1-3年,"数据分析, 品牌数据银行, 数据运营, 数据分析师, 商业分析, 天猫, 电子商务, AIPL",10-15K·13薪,杭州,,2026-06-04 23:45:19
1235c8164d0010080nZ80t25EldY,金融数据分析师,盛逸科技,0-20人,计算机软件,硕士,,期货,100-150元/天,杭州,,2026-06-04 23:45:39
8bc0ab9046d6e9720nV83NS0ElZS,资深数据分析师/专家-平台用增方向,蚂蚁集团,10000人以上,互联网,本科,3-5年,"数据分析/挖掘经验, 电商/零售行业数据相关经验, 金融行业数据相关经验, 平台, 流量, 用户增长",30-60K,杭州,,2026-06-04 23:46:00
260b96275d6746bd0nZ83dq6E1NT,数据分析师（滴滴能源）,滴滴,1000-9999人,互联网,本科,5-10年,,40-50K·15薪,杭州,,2026-06-04 23:46:21
01d0f638e6e7ddaf03d42N2_F1JZ,数据分析实习生,不鸣科技,100-499人,游戏,本科,,,150-200元/天,杭州,,2026-06-04 23:46:21
046ec5aab70b9c5303Z409W1EFdR,数据分析工程师（外派驻场）,展业消防,20-99人,计算机软件,本科,3-5年,"Power BI, 数学/统计相关专业, 计算机相关专业, 数据分析/挖掘经验, 机器学习建模经验",10-15K,杭州,,2026-06-04 23:46:41
06bec9ac86f067020nR50t-0FlVT,数据分析师,杭州铭师堂,1000-9999人,在线教育,本科,5-10年,"撰写数据报告, 教育行业数据分析, 数据分析/挖掘经验, 计算机相关专业, SQL, 数学/统计相关专业",25-30K·13薪,杭州,,2026-06-04 23:47:01
14fad63a5ff0205a03B82dy7FFVY,数据分析师,峰援科技,0-20人,职业培训,本科,3-5年,房产,20-25K·14薪,杭州,,2026-06-04 23:47:01
5bc7baf79d08b0740nZ73di0GFpT,数据分析/模型训练,潮流网络杭州分公司,100-499人,通信/网络设备,本科,3-5年,"语音标注, 视频标注, 标注数据分析, 数据分析能力强, 模型训练",20-35K,杭州,,2026-06-04 23:47:01
3026d2fc599aa3451Hx439q5FVRY,高级数据分析师,海亮教育科技服务集团,10000人以上,学校/学历教育,本科,5-10年,"SPSS, 计算机相关专业, SQL, Python, 数学/统计相关专业",20-25K·14薪,杭州,,2026-06-04 23:47:01
451540dde429b9f00nZz2t65F1FU,数据分析（线上面试）,信雅达科技股份,1000-9999人,计算机软件,本科,3-5年,"SQL, Python, 数据分析/挖掘经验, 金融行业数据相关经验, 银行, 金融",15-18K,杭州,,2026-06-04 23:51:53
70c2bf1a611154f803B53di6FFNY,数据分析师,嘉兴九州文化传媒,1000-9999人,社交网络与媒体,本科,1-3年,"SQL, Python",12-16K·13薪,杭州,,2026-06-04 23:52:14
ebf2df209f7e252f0nd529m_GFdZ,高级数据分析工程师,彩连科技,100-499人,互联网,本科,3-5年,,18-30K,杭州,,2026-06-04 23:54:00
60b38b34155a5f0b0nR43ty8FltU,数据分析师,和也健康科技有限公司,1000-9999人,服装/纺织,本科,经验不限,"Hive, Power BI, 数据分析/挖掘经验, 计算机相关专业, 电商/零售行业数据相关经验, SQL, 数学/统计相关专业",8-12K,杭州,,2026-06-04 23:54:22
d0ff9cf6b40feeff0nZ80960E1FW,ISV数据分析,彼扬传媒,20-99人,广告营销,本科,1-3年,数学/统计相关专业,12-15K·14薪,杭州,,2026-06-05 00:01:15
c84d6bdf818da2420nB_3NW_EFNW,区域数据分析师（杭州）,特斯拉 Tesla,10000人以上,汽车研发/制造,本科,3-5年,"数学/统计相关专业, 计算机相关专业, excel",15-25K,杭州,,2026-06-05 00:05:08
cd3409147a4891d00nRz09S1E1pT,市场数据分析,杭州喜山,100-499人,进出口贸易,本科,1-3年,,10-11K,杭州,,2026-06-05 00:08:00
3ccadd9bcf46d2f103B80t25E1BX,数据分析师,辉县市锦辰网络科技,100-499人,计算机服务,硕士,1-3年,"经济/工商管理相关专业, 机器学习建模经验, R, 数据分析/挖掘经验, Tableau, SPSS, 计算机相关专业, MATLAB, Python, 数学/统计相关专业",8000-16000元/月,成都,,2026-06-05 00:15:08
231a3aa00cd6089e0nB82NS4FlZS,大模型评测数据分析专员,中谦数智,100-499人,互联网,本科,1-3年,,7-9K,成都,,2026-06-05 00:15:08
00fb6307c62efb4d0nB439W6E1RQ,spss数据分析师-异地-兼职,成都信效度科技,0-20人,计算机服务,本科,经验不限,"R, SPSS, MATLAB, SQL, Python, 数学/统计相关专业",8000-22000元/月,成都,,2026-06-05 00:15:08
06f8b9440bfbb74e1nx42NW-FFVU,数据分析,华西证券,1000-9999人,证券/期货,本科,3-5年,Python,12-16K,成都,,2026-06-05 00:15:08
c6ff593f177bbb540nZ92d26FFNX,数据分析师+近地铁,康特恩,1000-9999人,电子商务,大专,1-3年,"经济/工商管理相关专业, 百千万数据处理能力, Power BI, 帆软BI, Tableau, 计算机相关专业, MATLAB, 电商/零售行业数据相关经验, SQL, Python, 数学/统计相关专业, 物流行业数据相关经验",6-8K,成都,,2026-06-05 00:15:08
d38022197eec88920nB82N--EVdY,数据分析,雨晨国际,20-99人,保健/养生,学历不限,经验不限,,4-7K,成都,,2026-06-05 00:15:08
9607f7c6e500b2b80nB_0tq5GFRZ,HR数据分析,北京三快,10000人以上,互联网,大专,1-3年,,6-7K,成都,,2026-06-05 00:15:08
7ecc6a7615fa42db0nB60tu8E1pT,财务对账/数据分析/业务运营支持【全英办公,金慧融智,1000-9999人,大数据,本科,1-3年,"Power BI, Tableau, SQL",12-17K,成都,,2026-06-05 00:15:08
c44560f16f6becf203J53ti8GFVV,数据分析,蜀俊博凌,20-99人,计算机软件,本科,在校/应届,,12-24K,成都,,2026-06-05 00:15:08
18a0a2c2e4f893590nV_3d25GVtT,算法数据分析实习生,深圳市锐明技术,1000-9999人,智能硬件,本科,,,100-150元/天,成都,,2026-06-05 00:15:08
a9189cc6bc3bd52a0nB53NS0E1RW,数据分析,成都正龙叁联供应...,20-99人,互联网,大专,1-3年,,6-11K,成都,,2026-06-05 00:15:08
341d6d0b2c3a37a70nB83N-9EVdW,数据分析师,优趣互娱,100-499人,游戏,大专,经验不限,"数据监控与异常跟进, 数据统计与报表迭代, 数据支撑",4-5K,成都,,2026-06-05 00:15:08
35f1d65d265c6d101HJz3d-6FFVZ,数据分析师,成都安特智自动化设备,0-20人,进出口贸易,本科,1-3年,"Python, Power BI, 计算机相关专业, 数据分析/挖掘经验, 电商/零售行业数据相关经验",10-11K,成都,,2026-06-05 00:15:08
28cf6b1324b6b7750nB929m9GVdY,亚马逊数据分析员,成都有木科技有限公司,20-99人,电子商务,本科,1-3年,,5-8K,成都,,2026-06-05 00:15:08
432d62dd9b46a9980nB-3Nq9FlpS,数据分析实习生-抖音生活服务,字节跳动,10000人以上,互联网,本科,,"SQL, 数学/统计相关专业, 计算机相关专业, 数据统计, 数据分析",200-300元/天,成都,,2026-06-05 00:15:08
3eb138c6bef31c9b0nR-0t68EFdZ,数据分析师（实习）,新希望金科,500-999人,互联网,硕士,,,80-120元/天,成都,,2026-06-05 00:15:28
3660087c27c28b4c0nB_09y_GVVX,自动驾驶数据分析,唯准科技,100-499人,互联网,大专,经验不限,数据分析,4-5K,成都,,2026-06-05 00:15:28
7747fc13c323f9ee03Z62N2_FlJW,创投数据分析实习生,创业邦,100-499人,互联网,本科,,"经济/工商管理相关专业, 数学/统计相关专业",70-80元/天,成都,,2026-06-05 00:15:28
12963b1ab5f711323nZ-0967GVU~,大数据分析师,科睿埃迪,20-99人,咨询,本科,3-5年,"数据开发, 数据分析",8-13K·13薪,成都,,2026-06-05 00:15:28
e4ef4fd50cc8435003d429-8FVNV,数据分析师SQL,名扬正信,100-499人,财务/审计/税务,本科,1-3年,"SQL, 计算机相关专业, 数据分析师, 大数据, 统计学",3-8K,成都,,2026-06-05 00:15:28
54ded5dd9ca9b4800nd63Nu5EVtR,数据分析师（长期出差）,中科聚信,100-499人,咨询,本科,3-5年,,13-20K,成都,,2026-06-05 00:15:28
01049a7949267a3f03Fz3dS9EFRY,大宗商品数据分析（双休）,成都天禾丰瑞商贸,20-99人,互联网金融,大专,1-3年,,5-8K,成都,,2026-06-05 00:15:28
acfbaa27d5d7c2ee0nVz3dm8F1NV,数据分析师/电商行业,四川露露有为科技,100-499人,互联网,本科,3-5年,"财务相关专业, 电商/零售行业数据相关经验, 财务背景",8-12K,成都,,2026-06-05 00:15:28
79a8579249494d110nd52tq9E1pT,数据分析师,理想光合,20-99人,证券/期货,本科,,"Power BI, Tableau, 计算机相关专业, SQL, Python, 数学/统计相关专业",70-80元/天,成都,,2026-06-05 00:15:28
4f27faa8850572b80nB83Nu-ElFZ,口腔数据分析工程师,智贝云,20-99人,医疗健康,大专,经验不限,,4-6K,成都,,2026-06-05 00:15:28
cd961b704bac01ba03N62NW5GFtQ,数据分析师,寰宇金汇,0-20人,互联网金融,学历不限,在校/应届,乐观有耐心,7-9K,成都,,2026-06-05 00:15:28
48d5a379d58722ae0nR53dS7E1dX,spss数据分析师,成都自然智群科技,20-99人,企业服务,本科,经验不限,,6-11K,成都,,2026-06-05 00:15:28
3f40bfb6d292f1f3031929S0FVBX,大数据分析师,金牛区为国酒类经...,100-499人,互联网,学历不限,经验不限,可兼职,4-9K,成都,,2026-06-05 00:15:28
e83438eb5d198ec70nd909u0GVBY,数据分析【兼职】,掘金光年,20-99人,计算机软件,本科,5-10年,"经济/工商管理相关专业, R, 数据分析/挖掘经验, 计算机相关专业, SQL, Python, 数学/统计相关专业",15-30K,成都,,2026-06-05 00:15:28
da63dfce91772e410nV82tm6FFBU,大数据分析工程师,科倍创智,20-99人,计算机软件,本科,3-5年,,7-12K,成都,,2026-06-05 00:15:28
708a126f724c73290nB42Ni9F1NZ,策略分析师9-14k/十三薪,杉立科技,100-499人,计算机软件,本科,1-3年,"数据分析/挖掘经验, 计算机相关专业, 数学/统计相关专业",9-14K·13薪,成都,,2026-06-05 00:15:51
b6ee54b6d00a05400nZ83d-1F1pQ,销售运营/销售支持/数据分析（本地生活）,成都方联文化传媒,100-499人,生活服务(O2O),大专,3-5年,"数学/统计学相关学历, 数据分析能力, 沟通表达能力, 逻辑思维能力, 项目管理能力, 企业（To B）, 业务数据监控及分析, 业务流程管理及优化, 制定实施激励政策, 销售成本分析/效能分析, 挖掘业务增长点, 业务督导及推动经验, 互联网销售/运营经验, 团队管理经验, 销售支持/运营经验, 对机构（To B）销售经验, 纯运营职位（无销售性质）, O2O, 互联网/科技, 电子商务, 企业服务, 其他, 抖音/快手/小红书, 本地生活服务行业, EXCEL熟练, 性格外向, 主动积极负责任",9-11K,成都,,2026-06-05 00:15:51
fc73bc85aaf7820c031z2dm_EldQ,数据分析师,豆秒集团,1000-9999人,其他金融业,本科,3-5年,"金融行业数据相关经验, Power BI, 数据分析/挖掘经验, Tableau, 计算机相关专业, SQL, Python, 数学/统计相关专业",7-9K,成都,,2026-06-05 00:15:51
4daeda685eda43ea1XR52ti4FlBQ,数据分析师,京东集团,10000人以上,电子商务,硕士,3-5年,"SQL, 多元统计分析, 决策树, Hive",30-50K·19薪,成都,,2026-06-05 00:15:51
a9ed6bcfe34c405b0nB53tu7GVpX,数据分析师,成都幻维智体科技,0-20人,互联网,硕士,1-3年,,35-70元/时,成都,,2026-06-05 00:15:51
2c672782a88b40400nV90t-9GFZR,数据统计分析专员,龙泉驿区黎杨教育...,0-20人,学术/科研,本科,经验不限,,200-300元/时,成都,,2026-06-05 00:15:51
918dcf44ad88024b0nV43t65FltT,需求分析师（产品设计）紧急,界无际,20-99人,计算机软件,本科,3-5年,"商业产品, 市场调研, 需求分析, 产品设计, 用户研究, 用户增长, 数据分析",18-25K,成都,,2026-06-05 00:15:51
ca6acf19804577470nd43t65ElVQ,高级数据分析师（数据体系 & 增长方向）,未来晟蓉,20-99人,互联网,本科,3-5年,,11-22K,成都,,2026-06-05 00:15:51
0038b6c33673bed71XZ83ti1E1pY,数据分析师,陌陌,1000-9999人,互联网,学历不限,1-3年,"SQL, Python, 计算机相关专业, 数学/统计相关专业, 数据分析/挖掘经验, 风控相关经验, Python",8-13K·15薪,成都,,2026-06-05 00:15:51
e771d7e6367228841Hd539m_E1ZX,数据分析师,艾普思,20-99人,大数据,大专,1-3年,"数据分析/挖掘经验, SPSS, 电商/零售行业数据相关经验, SQL, 数学/统计相关专业",4-8K,成都,,2026-06-05 00:15:51
591bcc7259a261b90nZz0ti6ElpX,高级数据分析师,货拉拉科技,10000人以上,互联网,本科,5-10年,,10-15K,成都,,2026-06-05 00:15:51
465441012d238fef0nV-2di8GVpZ,APP数据分析师,北京大有吉瑞传媒,20-99人,互联网,本科,3-5年,,13-16K,成都,,2026-06-05 00:15:51
fe376f8d1e26b69e0nB80tS1FFBY,跨境电商数据分析师,成都彼岸尚美鞋业,20-99人,电子商务,本科,1-3年,"数据分析/挖掘经验, 跨境数据分析经验",7-10K,成都,,2026-06-05 00:15:51
4284557b789326af03B_39y7F1pV,数据分析师,海口龙华皇金网络...,20-99人,互联网,学历不限,经验不限,,3000-10000元/月,成都,,2026-06-05 00:15:51
a0187e944178ed7d03x_09S4EVVW,远程生信分析数据工程师,深圳邦汇,100-499人,其他专业服务,本科,1-3年,,300-500元/时,成都,,2026-06-05 00:15:51
aca2650174beab570nd63Nm-EFdY,零售数据分析专员,四川七沃商业运营管理,0-20人,批发/零售,学历不限,1-3年,,5-6K,成都,,2026-06-05 00:16:12
7cf054ecac1b6db60nB_2Nq0F1ZW,健康管理数据分析,广州浅沼智能信息,0-20人,休闲/娱乐,学历不限,经验不限,,4-5K,成都,,2026-06-05 00:16:12
1bdf3d3ef47649bb0nV629y8EVNR,WFM/排班师(劳动力管理/数据分析),华为慧通,10000人以上,批发/零售,本科,1-3年,,9-12K·14薪,成都,,2026-06-05 00:16:12
7fd634f0cdf0d6581Hx83di-EFdV,智慧城市大数据分析师（Gis制图分析）,诺地思维,20-99人,大数据,硕士,1-3年,"Python, SQL, 数据分析/挖掘经验, 旅游行业数据相关经验, 物流行业数据相关经验, gis制图, 手机信令, 智慧城市",9-14K,成都,,2026-06-05 00:16:12
550ad214c401cfad0nR42di8F1RS,数据分析师（成都）,差旅壹号,500-999人,互联网,本科,1-3年,"Power BI, 旅游行业数据相关经验, SQL, Python",12-20K·13薪,成都,,2026-06-05 00:16:12
daace49b6f26e2400nd_2du4FVVV,数据分析实习生,绎达股份,100-499人,咨询,本科,,"数据分析/挖掘经验, SPSS, 计算机相关专业, SQL, Python, 数学/统计相关专业",100-130元/天,成都,,2026-06-05 00:16:12
fcbd5230c59161550nB80927FlNR,数据分析/支持/银行-双休,同和信息技术有限公司,1000-9999人,计算机软件,本科,3-5年,"业务数据分析, BI平台建设, 不接受居家办公, 统计/数学相关专业, 计算机相关专业, Tableau/Power BI, 金融/经济相关专业, 数据分析/商业分析经验, SQL",7-10K,成都,,2026-06-05 00:16:12
febe6ec0269e76aa0nB529i_EVNT,小语种数据分析,灵泽数汇,500-999人,人工智能,本科,经验不限,"五险一金, 小语种, 免费宿舍, 有食堂, 双休不加班",6-8K,成都,,2026-06-05 00:16:12
771515945fb69f170nB929y0GFpV,数据分析实习生,vertechs,100-499人,石油/石化,本科,,,100-110元/天,成都,,2026-06-05 00:16:12
6b94a4505a2a8eb00nR_2926ElBS,数据分析专家,成都某大型互联网公司,1000-9999人,互联网,本科,5-10年,,28-40K·13薪,成都,,2026-06-05 00:16:12
70a354e13497b7f70nZ809-8FlBS,数据分析高级研究员（生物大数据方向）,成都倍特药业,1000-9999人,生物/制药,博士,1-3年,,20-40K·13薪,成都,,2026-06-05 00:16:12
d06f1f9b5e275fa40nB-09q-F1ZS,AI数据分析师,红松,1000-9999人,互联网,本科,3-5年,,11-20K,成都,,2026-06-05 00:16:12
aaae394e0b7d264e0nB829W8GFRR,数据分析师,河南车柿供应链,100-499人,汽车经销商,大专,1年以内,,7-9K,成都,,2026-06-05 00:16:12
7a891cdde13863520XV93tS9GVc~,高级数据分析师,书声科技,1000-9999人,互联网,本科,3-5年,"SPSS, 数据挖掘, 商业数据分析, SQL, Python",12-24K·13薪,成都,,2026-06-05 00:16:12
ef5eec2787d8fa7803x909W5GFBV,数据分析,华润雪花啤酒,10000人以上,食品/饮料/烟酒,本科,3-5年,,10-15K·13薪,成都,,2026-06-05 00:16:12
11a9bf5e8241ff7b0nZ63Ni7GVJS,高级大数据分析师,天行探索,20-99人,通信/网络设备,本科,10年以上,,25-40K,成都,,2026-06-05 00:16:35
d894298225f64fdb0nB73d-9GFZQ,数据工程师/数据分析专员,成都鼎合众创,0-20人,计算机软件,本科,3-5年,"Hive, 大数据处理经验, 自然语言处理经验, 机器学习经验, 计算机相关专业, MATLAB, Python, 数学/统计相关专业",6-10K,成都,,2026-06-05 00:16:35
6fe1643ac96bc7110nR409i1GFtT,大数据分析师,蚂蚁集团,10000人以上,互联网,硕士,5-10年,,20-40K·15薪,成都,,2026-06-05 00:16:35
838eef973f21fd600nB63Nq5GFBV,大模型数据质量分析师,知乎,1000-9999人,互联网,本科,经验不限,"数据标注, 标注方法优化",18-26K·15薪,成都,,2026-06-05 00:16:35
473b6c7348c0628503Z939q0FVNS,数据分析师,四川省拓迈兴中科技,20-99人,计算机软件,大专,经验不限,,5-6K,成都,,2026-06-05 00:16:35
6f5ce17d7b521edd1HJz3d66FVZT,数据分析师,四川重铭数据科技有限公司,0-20人,大数据,本科,1-3年,,5-8K,成都,,2026-06-05 00:16:35
3de1d2d3f44d13380nVz296-FlZR,BI数据分析实习生,Castbox,100-499人,互联网,本科,,"数据分析, 计算机相关专业, SQL, Python, 数学/统计相关专业, 出海产品",140-150元/天,成都,,2026-06-05 00:16:35
4cb4cd6fa57d95250nZ62t25EldX,数据分析专家（侧重商业化与匹配效率）,全民星,0-20人,其他生活服务,本科,5-10年,,30-50K·14薪,成都,,2026-06-05 00:16:35
ed28d23eee68b1a70nB_09m4GVZT,出海棋牌运营数据分析策划,观天网络,20-99人,游戏,学历不限,经验不限,"业务模式/运营策略优化, 营销活动效果分析, 用户深度研究, 竞品分析, 数据分析/商业分析经验",16-30K,成都,,2026-06-05 00:16:35
b1379376c01107130nB929m1F1tT,数据分析与Java开发工程师,运达智科,20-99人,计算机软件,本科,在校/应届,"Java, Spring, SpringCloud, MyBatis, MySQL, 大模型, 数据清洗",5-6K·14薪,成都,,2026-06-05 00:16:35
57e4b5380e2021df0nVz3tS0FFtR,产业数据分析师,四川中智投资咨询,500-999人,其他生活服务,本科,1-3年,,15-25K·13薪,成都,,2026-06-05 00:16:35
a5e8dcf2e896a6400nB_29m5FVdZ,经营数据分析专员（周末双休+入职买社保）,华晟国康,100-499人,电子商务,本科,1-3年,"业务数据分析, 业务模式/运营策略优化, 统计/数学相关专业, 数据分析/商业分析经验",5-7K,成都,,2026-06-05 00:16:35
8d18a90da9adb3570nVz3d2_GFBZ,风控策略分析师,成都某大型互联网公司,1000-9999人,互联网,本科,3-5年,,20-40K·14薪,成都,,2026-06-05 00:16:35
b94ee704e37130ab03J939y-GVJR,数据分析,海艺互娱,100-499人,人工智能,本科,3-5年,,12-24K·13薪,成都,,2026-06-05 00:16:35
c940ef2ad30893c41HZ83d60F1tT,数据分析师,上融摩尔,20-99人,咨询,本科,3-5年,"方差分析, 相关分析, 多元统计分析, INFOSYS, Pandas, ROC分析, Stata, Power BI",8-12K,成都,,2026-06-05 00:16:35
88f0efe12704809e1Xx62tW-EVdT,数据分析师,成都索思科德,0-20人,移动互联网,学历不限,经验不限,"SQL, Python, Tableau, 数学/统计相关专业",8-12K,成都,,2026-06-05 00:16:56
04e799ecee0fa8a3031_3NS4EltS,数据分析师,四川海涯,20-99人,环保,本科,3-5年,"经济/工商管理相关专业, 风控相关经验, 数据分析/挖掘经验, 计算机相关专业, 数学/统计相关专业",6-10K,成都,,2026-06-05 00:16:56
96cae55e11ac57280nZz2t25GVRU,大数据分析师,成都恩米商务服务,0-20人,电子商务,本科,1-3年,"SQL, SPSS",10-11K,成都,,2026-06-05 00:16:56
6570039d65d2f55e0nZ63Ny1FFZQ,数据分析,成都飞力未来科技,100-499人,互联网,本科,1-3年,,25-40K·13薪,成都,,2026-06-05 00:16:56
728c7beb14d304e70nB83tq_GVNW,电商数据分析员,众创寰宇,20-99人,电子商务,大专,1-3年,,5-8K,成都,,2026-06-05 00:16:56
1992301ec573fa0f0nd_39q-FFZS,高级数据分析师,Nexa,20-99人,游戏,本科,3-5年,"Python, Hive, 计算机相关专业, 数学/统计相关专业, 大数据处理经验, 用户画像/标签体系相关经验, SQL, 用户行为分析, big query, 中间表",15-25K,成都,,2026-06-05 00:16:56
d48e72e92d80ddbc1X162NS0FVFU,数据分析师,文渊阁科技,100-499人,互联网,本科,3-5年,"SQL, Hive, Power BI",15-20K,成都,,2026-06-05 00:16:56
14775c672a6343c003dz2N--FVRQ,数据分析师,成都数界智引信息技术,0-20人,人工智能,本科,经验不限,,50-55元/时,成都,,2026-06-05 00:16:56
fab8aa10e7191da90nB-09S5EFdW,ai助理-数据分析,名瑞国际贸易,20-99人,服装/纺织,大专,经验不限,,4-7K,成都,,2026-06-05 00:16:56
2cc02b61ab54531c03J-2dq4FlJY,数据分析师/策略分析,水木次元,0-20人,互联网,本科,3-5年,,12-24K,成都,,2026-06-05 00:16:56
9eaa2db11d4d1d310nV92du1FVVX,数据分析师,瑞小满,20-99人,其他生活服务,本科,经验不限,,10-15K,成都,,2026-06-05 00:16:56
096f4350f8757db903x729q8EFdS,数据分析--医药品牌运营方向,成都荣创众享科技,100-499人,互联网,本科,1-3年,"业务数据分析, BI平台建设, 业务模式/运营策略优化, 投放数据分析, 接受居家办公",5-8K,成都,,2026-06-05 00:16:56
a7ad720756ce4e3503xy2N-1E1pX,数据分析师,欢扬互动,100-499人,互联网,本科,1-3年,,8-13K,成都,,2026-06-05 00:16:56
8fedc5196550138e0nd52tm9EFNS,需求分析师,上海某大型电子商务上市公司,1000-9999人,互联网,本科,5-10年,"Oracle/MySQL, 快消/零售行业项目经验, 英语听说读写能力良好",30-40K,成都,,2026-06-05 00:16:56
d71d5b6c928cb23c0nR-2tq7F1RX,《王者荣耀》国际版及在研IP-数据分析,腾讯,10000人以上,互联网,本科,1-3年,,12-24K·15薪,成都,,2026-06-05 00:16:56
f17eaac4f831728d03B93di7FltY,数据分析师,新禾,20-99人,计算机服务,本科,1-3年,,6-8K,成都,,2026-06-05 00:17:17
0d3f39abc4c9c0101Hx53Nq1FlZV,数据分析专员,伽伽大,100-499人,游戏,本科,1-3年,"Python, Tableau",10-15K,成都,,2026-06-05 00:17:17
301259dc9ccc455c03x509u1E1VS,Python大数据分析师,成都游熊,100-499人,游戏,本科,5-10年,"Python, Docker, Linux开发/部署经验",15-20K,成都,,2026-06-05 00:17:17
f7bc449c4849eed20ndz3dm7F1VY,网络数据分析应届生,迪格天河,20-99人,计算机软件,本科,在校/应届,"Python, Golang, C++, Docker, Flask, PostgreSQL, MySQL, 网络数据分析, 数学/计算机背景",7-10K,成都,,2026-06-05 00:17:17
dc8dbffaaefea3770nV63dy5GVJT,研发总监（AI数据分析产品方向）,效率源科技,100-499人,计算机软件,本科,5-10年,互联网/AI,20-30K,成都,,2026-06-05 00:17:17
bea1c7b1c267946b0nB83dy4F1tV,风控策略分析师 （拉美）,晖融科技,100-499人,计算机服务,本科,3-5年,,25-35K·14薪,成都,,2026-06-05 00:17:17
7363992ebac5c70f03d40t-6GFFQ,大数据分析师,中天浩会计师事务所,100-499人,计算机服务,本科,1-3年,"Python, SQL, 计算机相关专业",7-10K,成都,,2026-06-05 00:17:17
c8f2644b43e55df00nV73N25EVRZ,数据分析师,山东锐泓嘉科技信息,0-20人,互联网,本科,,SPSS,210-240元/天,成都,,2026-06-05 00:17:17
118b951dea1dd6390nZ93tS7GFdS,资深数据分析师-CQC,字节跳动,10000人以上,互联网,本科,3-5年,,7-12K·15薪,成都,,2026-06-05 00:17:17
15a157642fd512e303J72ty0F1VX,数据分析师,成都爱智游,20-99人,计算机软件,本科,1-3年,,8-12K,成都,,2026-06-05 00:17:17
54768f47783edda503Rz3dm-FVBQ,数据分析师,正秩科技,20-99人,互联网,本科,3-5年,"经济/工商管理相关专业, 金融行业数据相关经验, Power BI, 数据分析/挖掘经验, Tableau, 计算机相关专业, Python, 数学/统计相关专业",13-17K·13薪,成都,,2026-06-05 00:17:17
8690c6ce9521bfa603Z72dy7GFRY,数据分析师,超豪粮贸,0-20人,批发/零售,本科,1-3年,"Python, SQL, 数学/统计相关专业, 计算机相关专业, 数据分析/挖掘经验, 电商/零售行业数据相关经验, 机器学习建模经验",8-10K·13薪,成都,,2026-06-05 00:17:17
e23ad0d0642eb55703d-29m1GVBW,数据分析师,成都三态,1000-9999人,进出口贸易,本科,经验不限,,11-20K,成都,,2026-06-05 00:17:17
256e4864826817550nV52d--FlRW,【极氪汽车】--数据分析实习生,极氪智能科技,10000人以上,汽车研发/制造,硕士,,"数学/统计相关专业, 经济/工商管理相关专业, 数据分析/挖掘经验",180-200元/天,成都,,2026-06-05 00:17:17
f6fb9eebf1fbed4103153N-9FlpU,数据分析,长春某大型汽车研发/制造上市公司,10000人以上,汽车研发/制造,本科,3-5年,电商/零售行业数据相关经验,20-30K·14薪,成都,,2026-06-05 00:17:17
1e9055f7a7c4ee5403d52d-0FlNW,数据分析专员,唐源电气,100-499人,计算机软件,本科,经验不限,数学/统计相关专业,5-7K,成都,,2026-06-05 00:17:37
6fda551274d0f4ca03Z-2di5GFVS,数据分析师,宽窄智汇,20-99人,其他专业服务,本科,经验不限,"Power BI, SQL, Python, 数学/统计相关专业, 数据分析/挖掘经验, 计算机相关专业, 商业分析项目经验, 数据分析报告撰写",7-12K,成都,,2026-06-05 00:17:37
a9a990b24569cbf403Z53tm_EVRW,BI数据分析师,华为,10000人以上,计算机软件,本科,经验不限,,15-30K,成都,,2026-06-05 00:17:37
16b08d38b483a4890nd429W1FlpX,经营数据分析师,辉铭顺达,20-99人,房屋建筑工程,本科,1-3年,"数学/统计相关专业, 经济/工商管理相关专业, 装修装饰行业",6-10K,成都,,2026-06-05 00:17:37
d860bd1aa23ddc7e1XR70t20GVpZ,数据分析师,德特赛维,100-499人,运营商/增值服务,本科,经验不限,"Python, SQL, 通信, 网优",8-13K·15薪,成都,,2026-06-05 00:17:37
371b3958450130b60nB-3d-5FlpZ,足球分析师,宏盈通体育,0-20人,体育,学历不限,3-5年,,6-10K,成都,,2026-06-05 00:17:37
fd49e57c91ed128003Rz2t24EFJW,数据分析,松星科技,20-99人,互联网,本科,经验不限,"计算机相关专业, 数学/统计相关专业, SQL, Python",4-8K,成都,,2026-06-05 00:17:37
1f07fafbb6a6cd760nB62N66GVRU,数据分析师,亿达信息,1000-9999人,计算机软件,本科,1-3年,电商/零售行业数据相关经验,5-7K,成都,,2026-06-05 00:17:37
84df582b4c32862103Z409-1FFJS,数据分析师,四季动体育,0-20人,运动/健身,本科,1-3年,"SQL, 数学/统计相关专业",8-10K,成都,,2026-06-05 00:17:37
651e08a123d5d4aa03B63dq7E1tV,数据模型分析师,青羊区希希科技工...,0-20人,互联网,硕士,1-3年,"Python, MATLAB, SPSS, 数学/统计相关专业, 计算机相关专业, 机器学习建模经验",1000-1500元/天,成都,,2026-06-05 00:17:37
7c5f53b26b72a71f1HJ629-6FFJV,商业数据分析,四川泰颂科技有限公司,20-99人,医疗器械,本科,5-10年,"SQL, 计算机相关专业",5-8K·15薪,成都,,2026-06-05 00:17:37
659a51a422017e010nV42Nq5FVRV,游戏数据分析师,点点互动,1000-9999人,游戏,本科,经验不限,"数据分析/挖掘经验, 文娱/游戏行业数据相关经验, 电商/零售行业数据相关经验, Python, SQL, 数学/统计相关专业",15-30K·14薪,成都,,2026-06-05 00:17:37
9f572c99a99fcace1XB72Ny8EVVV,数据分析师（分析向）,某大型游戏公司,100-499人,游戏,本科,3-5年,游戏,20-40K,成都,,2026-06-05 00:17:37
44c5aeba51620dcc03Z42d68ElRT,数据分析师（8K-10K）,安娜凯瑟莉,1000-9999人,服装/纺织,本科,1-3年,"Python, R, SPSS, 数学/统计相关专业, 数据分析/挖掘经验, 计算机相关专业",8-13K,成都,,2026-06-05 00:17:37
7659b711226baf2c0nB70tS1FldY,数据分析,成都某大型光通信上市公司,1000-9999人,通信/网络设备,本科,5-10年,"Power BI, SQL",16-30K,成都,,2026-06-05 00:17:37
5740ae3298f768e51XN53dS4FldR,大数据分析师,梦创双杨,1000-9999人,计算机软件,本科,5-10年,数据分析/挖掘经验,15-30K·14薪,成都,,2026-06-05 00:17:57
5ce8306d24b0be010nd-39u9FVNV,游戏数据分析师(可远程）,MobTech,100-499人,大数据,本科,3-5年,"海外, 游戏, 游戏数据分析",15-20K·13薪,成都,,2026-06-05 00:17:57
af90add72c93c1661HJ92t-8EVVU,兼职大数据分析工程师(生物信息学),成都汇能博友软件,20-99人,计算机软件,硕士,3-5年,"生物统计学, 生物信息学、, 计算机科学",5000-20000元/月,成都,,2026-06-05 00:17:57
03d70bcf40f646f41HR83dW6GFZV,生信数据分析师,百泰派克,20-99人,生物/制药,硕士,1-3年,"R, 生物工程, 质谱",8-13K·13薪,成都,,2026-06-05 00:17:57
dc92db5d34e953d10nV-2tS9GVJY,数据分析师（货代 / 海运方向）,合联软件,20-99人,计算机软件,本科,1-3年,,5-7K,成都,,2026-06-05 00:17:57
bb027b3e4a434c4703J73Ny4E1BV,大气数据分析师,清环智源,100-499人,环保,本科,1-3年,"环境工程, 环境大气, 环境治理",5-8K,成都,,2026-06-05 00:17:57
ed0e29dfb8e6e37903d_3d-0GVBQ,数据分析员,成都大畜无疆商贸,0-20人,批发/零售,大专,5-10年,"数据分析/挖掘经验, 电商/零售行业数据相关经验, 服装, 女装商品分析, 零售, 服饰商品分析",5-8K,成都,,2026-06-05 00:17:57
9f19c470ea91b6a903Ry3Nu5F1BQ,数据分析专家,快手,10000人以上,社交网络与媒体,本科,3-5年,"风控相关经验, Power BI, 数据分析/挖掘经验, 计算机相关专业, 电商/零售行业数据相关经验, SQL, Python, 数学/统计相关专业",15-24K·13薪,成都,,2026-06-05 00:17:57
28cf783458e9492a0ndy3NS8EVFQ,风控策略分析师,某大型互联网公司,10000人以上,计算机软件,本科,3-5年,,30-50K·13薪,成都,,2026-06-05 00:17:57
94e0fe765bf0433303Z-3Nu9EVdT,大数据分析师,梦想科技,0-20人,基金,本科,经验不限,"机器学习建模经验, 金融行业数据相关经验, 接受实习/在校生投递, 数据分析/挖掘经验, 计算机相关专业, Python, 数学/统计相关专业",4-9K,成都,,2026-06-05 00:17:57
1ee820dee25c5e3d0nZ53d21FFJS,数据分析工程师,成都恒合,20-99人,投资/融资,硕士,经验不限,,10-15K·20薪,成都,,2026-06-05 00:17:57
4213a9f57a4a03c10nR_3Nm6EFpZ,数据分析(专员),四川荷绮乐,100-499人,保健/养生,大专,1-3年,"SQL, Python, Tableau, Power BI, 数学/统计相关专业, 计算机相关专业, 经济/工商管理相关专业, 数据分析/挖掘经验, 电商/零售行业数据相关经验",5-7K,成都,,2026-06-05 00:17:57
424315bde2dd366a0nd82NW4F1BY,数据分析师（成都）,术木智能,20-99人,大数据,本科,3-5年,,8-10K,成都,,2026-06-05 00:17:57
514bab6eeadf2cea0nB43d2-GVBX,数据分析经理,舍得酒业,1000-9999人,食品/饮料/烟酒,本科,3-5年,,10-15K,成都,,2026-06-05 00:17:57
a06a60ac2be9263b1HB90tS-GFNX,风控数据分析师,同程旅行,1000-9999人,互联网,本科,3-5年,"R, 风控相关经验, 数据分析, 数据分析/挖掘经验, 风控, SQL, Python, 数学/统计相关专业",20-40K·15薪,成都,,2026-06-05 00:17:57
01fd338c3b120ef31H1_0tm9EFRS,数据分析,广汇盛和,20-99人,进出口贸易,本科,3-5年,数据分析 财务方面,9-10K,成都,,2026-06-05 00:18:19
8f038c18df3970a203Zz2Ny-FFtY,数据分析师,某大型食品饮料公司,1000-9999人,食品/饮料/烟酒,本科,经验不限,,25-28K,成都,,2026-06-05 00:18:19
02d2d72972ccfc4703Zz29W7F1JQ,风险数据分析岗,新网银行,500-999人,银行,本科,经验不限,"数学/统计相关专业, 计算机相关专业, 数据分析/挖掘经验, 风控相关经验, 风险策略",15-30K,成都,,2026-06-05 00:18:19
eb1170639862d6110ndy0tW-ElBR,AI 数据分析 Agent 工程师,盯潮,100-499人,互联网,硕士,3-5年,"用户画像/标签体系相关经验, 数据分析, 大数据处理经验, 自然语言处理经验, 机器学习经验, 计算机相关专业, AI Agent",20-30K·14薪,成都,,2026-06-05 00:18:19
e703be8c7244c1df0nB509S_EFpS,AI项目数据分析师,美国某大型人力资源服务公司,10000人以上,人力资源服务,本科,5-10年,"Python, SQL, 计算机相关专业, 数学/统计相关专业, 机器学习建模经验, 数据分析/挖掘经验",14-20K,成都,,2026-06-05 00:18:19
571f884de1dedef60nZ73dy0E1JS,数据分析主管,海思科医药,1000-9999人,生物/制药,本科,5-10年,"SQL, Python, Power BI, 数学/统计相关专业, 数据分析/挖掘经验",10-15K·13薪,成都,,2026-06-05 00:18:19
bba883fdd8394ac70nB_0t66GVtT,游戏数据分析师,北京盛木成林科技,20-99人,游戏,本科,3-5年,,15-25K,成都,,2026-06-05 00:18:19
84dc24750948cc760nR439m4FVNQ,数据分析师,成都创元聚星科技,100-499人,互联网,本科,3-5年,"SQL, 数学/统计相关专业, 计算机相关专业, 数据分析/挖掘经验, 金融行业数据相关经验",25-45K·16薪,成都,,2026-06-05 00:18:19
fee36237e41654340HB409u5GVQ~,数据分析专员,鑫川丰越,20-99人,大数据,本科,1-3年,"数据分析, 数据挖掘, 数据仓库, 数据库开发, 商业智能, 大数据, 人工智能",5-10K,成都,,2026-06-05 00:18:19
2d660c58e93a968d0ndy3tS_GVpR,数据软件分析岗（非计算机专业勿扰）,金泰恒业,20-99人,新能源汽车,本科,1-3年,"数据分析/挖掘经验, 计算机相关专业",7-8K,成都,,2026-06-05 00:18:19
a681962ee5ec44900nd42dm6FFBY,高级需求分析师,海乂知,100-499人,企业服务,本科,5-10年,"Axure, Visio, 计算机/软件工程相关专业, 中大型项目交付经验, 软件需求分析管理经验, 可适应出差",14-20K,成都,,2026-06-05 00:18:19
c633cc8078f286da0Xdz0tm-FVQ~,初级电力数据分析师,聚能智网,0-20人,电力/热力/燃气/水利,本科,在校/应届,"数据分析, 数据挖掘, 商业数据分析, 电力交易",3-5K·14薪,成都,,2026-06-05 00:18:19
f11481a3586c89ea0nZ72NW8EVBR,数据分析,成都缤世德聚贸易,0-20人,批发/零售,本科,3-5年,"数学/统计相关专业, 计算机相关专业, 物流行业数据相关经验",5-6K,成都,,2026-06-05 00:18:19
99c8160f163e95f203d-3Nu-EldQ,市场数据分析专员,四川川棉,100-499人,服装/纺织,本科,1-3年,"数据分析/挖掘经验, 电商/零售行业数据相关经验, 经济/工商管理相关专业",6-8K,成都,,2026-06-05 00:18:19
4433799dd82d44eb1HB62d68F1JR,数据分析师,玉林串串香,20-99人,生活服务(O2O),本科,1-3年,"Python, MATLAB, SAS, 数学/统计相关专业",10-15K,成都,,2026-06-05 00:18:19
c587159a42cb4b1d0nB_3Nu6EVZR,七险一金/外贸单证/数据分析方向/周末双休,人瑞人才,10000人以上,人力资源服务,大专,经验不限,"Python, SQL, Power BI, 计算机相关专业, 物流行业数据相关经验, 周末双休, 早九晚六, 五险一金",6-9K,成都,,2026-06-05 00:20:41
86bdac1594371cef0nB839-5FFRZ,汽车金融数据分析,成都墨易智星科技,100-499人,互联网金融,本科,3-5年,,15-25K·13薪,成都,,2026-06-05 00:21:02
f81561e0a9bc6a860nB-3NW_FVRZ,银行文职内勤岗（数据分析、报表产出）,招商银行信用卡中心,10000人以上,互联网金融,本科,1-3年,"数据运营, 不接受居家办公, 社区运营, 产品运营",6-9K,成都,,2026-06-05 00:21:02
2b26ac84cc58fdad0nV53dq-F1VU,大数据分析师,四川极兔,1000-9999人,快递,本科,1-3年,,6-8K,成都,,2026-06-05 00:21:22
25d15c56fa7341cf1nJ_3tm9FVtT,数据分析师实习生,成都顶派科技有限公司,20-99人,互联网,大专,,"Python, SQL, 方差分析, 回归分析, 聚类分析, 决策树, 非参数检验",150-200元/天,成都,,2026-06-05 00:21:22
663d887ccb869b780nd52t6-E1BX,风控贷后策略分析师,正态铠甲,100-499人,互联网,本科,3-5年,"Python, R, SQL, 风控/安全策略经验, 金融机构策略开发/建模经验, 贷后策略",15-20K·13薪,成都,,2026-06-05 00:21:43
dc553928c09053b80nB73ty7ElVW,py数据分析  讲师,四川锋云智汇科技,100-499人,培训/辅导机构,本科,3-5年,"培训讲师, py数据分析, 深度学习, 其他, 数据挖掘, 大数据处理工具(Spark/Hadoop/Hive), Python, ai智能体",10-15K,成都,,2026-06-05 00:22:04
86d2330453bc9b910nB_2tm-EVtV,数据分析,鲜美来,500-999人,食品/饮料/烟酒,大专,3-5年,,4-5K,成都,,2026-06-05 00:22:04
05ce4b1c2a494b681HZ-3t26E1BV,数据分析讲师,成都赛诚职业技能...,20-99人,培训/辅导机构,大专,3-5年,"SQL, Python, Power BI",8-10K,成都,,2026-06-05 00:22:04
3b5e26d69ad7ed8803F539u5GVdS,能化分析师,成都五禾,20-99人,证券/期货,学历不限,经验不限,,3-8K,成都,,2026-06-05 00:22:24
bdf22ea35fb3c7a00XNy2Nq5FFI~,数据分析,北京字节跳动,1000-9999人,互联网,本科,3-5年,"Hive, 商业智能, 数据, 数据分析, Excel, 数据分析/挖掘经验, 人工智能, 计算机相关专业, 数据挖掘, 数学/统计相关专业, SQL, Python",20-40K·15薪,成都,,2026-06-05 00:22:45
dd4020223befbdf503x42ty4FlNV,数据分析,成都某大型计算机软件上市公司,1000-9999人,计算机软件,本科,5-10年,,20-30K·14薪,成都,,2026-06-05 00:22:45
40b4b272ce7393271XF609i-EFZV,数据分析员,济南瑞龙,20-99人,石油/石化,学历不限,1-3年,"数学/统计相关专业, 计算机相关专业, 数据分析/挖掘经验",5-7K,成都,,2026-06-05 00:23:06
cbc67d3e9435ad2c0nB53NW-GVdR,财务数据分析员/经营控制（BI/SQL）,中嘉微视,100-499人,自动化设备,本科,3-5年,,8-12K,成都,,2026-06-05 00:23:28
670b13bf6ad5f2080nZ929i0GVNZ,数据分析,某知名生活服务(O2O)公司,1000-9999人,生活服务(O2O),本科,5-10年,数据分析,15-25K,成都,,2026-06-05 00:23:28
170f13fd91e6130c03V409S5GFZS,数据分析师,成都商禾科技有限公司,0-20人,计算机软件,本科,1-3年,"R, 数据分析/挖掘经验, Tableau, Python, 数学/统计相关专业",6-9K,成都,,2026-06-05 00:23:50
2bbc38cefb623217031_29S6FVJV,数据分析师（用户分析）,成都量数科技有限公司,100-499人,互联网金融,本科,1-3年,"SQL, Python, 数学/统计相关专业, 计算机相关专业, 数据分析/挖掘经验, 用户画像, 用户行为, 英语",11-15K·13薪,成都,,2026-06-05 00:27:39
6196f4ee10a1c80e0nR709i7EFdV,数据分析师,卡尔琪,100-499人,电子商务,本科,1-3年,,10-15K,成都,,2026-06-05 00:27:39
b6d90a629b8b28fc0nR-29q5FFVX,数据分析师（成都）,探探,500-999人,互联网,本科,3-5年,"风控/安全策略经验, 计算机相关专业, 电商/广告反作弊经验, Python, SQL, 数学/统计相关专业",9-14K·15薪,成都,,2026-06-05 00:28:00
93f4a535839a9a4c0nVy0tu7F1FU,数据分析师,世纪银通,100-499人,电子商务,本科,1-3年,"经济/工商管理相关专业, 金融行业数据相关经验, 风控相关经验, Power BI, 数据分析/挖掘经验, SQL, Python, 数学/统计相关专业",8-13K·13薪,成都,,2026-06-05 00:29:02
6a7273579ef8b16703V609-7GVFY,数据分析师,广东中天粤会计师...,100-499人,财务/审计/税务,本科,1-3年,数学/统计相关专业,6-7K,成都,,2026-06-05 00:29:23
79be7baf514415ff0nRy3968F1JS,数据分析师（人力资源方向）(J11762),迈克生物,1000-9999人,医疗器械,本科,1-3年,"excel, Power BI, 数据分析/挖掘经验, Tableau, 计算机相关专业, 数学/统计相关专业",10-15K,成都,,2026-06-05 00:29:23
56d72a6f5ad632c50nV739y8FlNS,数据分析师,中企通信,500-999人,通信/网络设备,本科,3-5年,,14-17K,成都,,2026-06-05 00:29:23
bf56f9ffca04ceb603Ry0t--GFtZ,数据分析师兼售前项目经理（生物医药化工）,寄云科技,100-499人,计算机软件,本科,3-5年,"MATLAB, Python, R, 数学/统计相关专业, 生物医药化工, 机器学习, 深度学习, 实时数据库",15-25K,成都,,2026-06-05 00:29:43
af57b8ceebdda9ad03J829y_F1VV,医保飞检数据分析师,卓顿科技,0-20人,计算机软件,本科,,"SQL, Python, Tableau, 数学/统计相关专业, 计算机相关专业, 数据分析/挖掘经验",70-80元/天,成都,,2026-06-05 00:30:05
1770d10c9c7d3cfa0nB_2du0EVZS,数据分析师,三态股份,1000-9999人,电子商务,本科,1-3年,"Python, SQL",10-15K,成都,,2026-06-05 00:34:14
b7fe2123e08a988d03V-3t21EFNQ,物流数据分析师,诺高品牌管理有限公司,100-499人,电子商务,本科,1-3年,"订单, Power BI, 物流, 电商/零售行业数据相关经验, 库存, SQL, Python, 物流行业数据相关经验",8-12K,成都,,2026-06-05 00:34:36
a5a04c9c953d34b60nV72du0FVtX,数据分析专员,成都欧斯威能源科技,20-99人,互联网,本科,经验不限,,10-15K,成都,,2026-06-05 00:34:36
bf3cec38138d93c20nB82di0EFZX,数据分析（实习）,中联久欣检测,20-99人,检测/认证/知识产权,本科,,,120-200元/天,成都,,2026-06-05 00:34:58
1a44f5d970a1f09f1nBy3dy1FlVT,数据分析师,嘉祥集团,1000-9999人,房地产开发经营,本科,1-3年,"Excel, Power BI, 数据分析/挖掘经验, Hadoop, 计算机相关专业, SPSS, Tableau, 决策树, 数学/统计相关专业, Python, SQL",8-12K,成都,,2026-06-05 00:35:18
f053205a5e7ab16c0317396_F1pT,数据分析师,正能生物,20-99人,医疗器械,本科,1-3年,,6-9K,成都,,2026-06-05 00:35:39
03f4861ea92f2e5b0ndz09q4FVBQ,数据分析师,翻转咨询,20-99人,大数据,本科,5-10年,"Python, SQL, Power BI, R, 数学/统计相关专业, 计算机相关专业",9-14K,成都,,2026-06-05 00:35:39
3ea6ff1627b25fc203172t69FFFS,风险经理（数据分析方向）,某地某中型互联网金融科技公司,500-999人,互联网,本科,1-3年,"风险策略, Python, SQL",18-35K·14薪,成都,,2026-06-05 00:36:23
9efcbab5aefdf65203J_3NW8GVJX,游戏数据分析师 (base武汉)-只看游戏行业,多比特,1000-9999人,游戏,本科,3-5年,"机器学习建模经验, R, 数据分析/挖掘经验, 文娱/游戏行业数据相关经验, 计算机相关专业, SQL, Python, 数学/统计相关专业",15-24K·14薪,成都,,2026-06-05 00:36:43
2dd65ade0728bc61031809i1EFVR,数据分析算法工程师,安世亚太,500-999人,计算机软件,本科,5-10年,"深度学习, 机器学习, 大模型算法, 强化学习, 搜索算法, C/C++, Python, Java, 大数据处理框架(Spark/Hadoop/Hive), 算法工程化经验, 发表算法相关优秀论文, 参加算法相关竞赛/获奖, 数据挖掘, 代理模型, 优化算法, 模型降阶, 数字孪生",15-30K·15薪,成都,,2026-06-05 00:36:43
76811fa5077a7a0d0nV53dm-ElRZ,前后端数据分析与开发工程师（AI方向）,成都云帆数境科技,0-20人,互联网,本科,3-5年,"全栈侧重后端, TypeScript, Vue, React, Python, Node.js, MySQL/Redis/MongoDB, 计算机相关专业, 后端开发经验, FastAPI, PostgreSQL, Ai工具, Next.js",10-13K,成都,,2026-06-05 00:37:05
2585098950d1309f0nRz3ty0F1JU,智慧城市大数据分析师(Gis制图分析）,方舆科技,20-99人,大数据,硕士,1-3年,"数据分析, 手机信令, 智慧城市, Python, SQL",9-14K,成都,,2026-06-05 00:37:05
b0047a589e20f8e21HJz3tq4FVRX,风控数据分析师,京东集团,10000人以上,电子商务,本科,3-5年,"数据分析/挖掘经验, 电商/零售行业数据相关经验, 风控相关经验",25-26K·16薪,成都,,2026-06-05 00:37:26
54d493f817f4976003x639i4GFZX,大数据开发/分析工程师,淳博数据科技有限公司,20-99人,计算机服务,本科,3-5年,"要求数据开发经验, 数据平台开发经验, 数据仓库开发经验, 大数据引擎开发经验, 数据库内核开发经验, 其他数据开发经验, Java, Python, Scala, 其他, Spark, Flink, HBase, MySQL/SQL Server, Clickhouse, Spark原理/源码, Flink原理/源码, Hive原理/源码, HBase原理/源码, 其他, 非外包类, MySQL原理/源码, PostgreSQL原理/源码, 其他, 实时数仓开发经验, 数据治理经验, 数据建模经验, 计算机相关专业, 其他",8-10K,成都,,2026-06-05 00:37:26
9151c93180be29611HV63dW8FlZR,数据分析,成都沅曦菊商务部,0-20人,大数据,高中,经验不限,"经济/工商管理相关专业, 数据分析/挖掘经验, 电商/零售行业数据相关经验, 活泼开朗好学",5-10K,成都,,2026-06-05 00:41:54
e2069312ba04c82e0ndy2Ni_FlFT,高级数据分析师（战略经营分析）,成都鹤颜堂科技,100-499人,培训/辅导机构,本科,3-5年,,10-15K,成都,,2026-06-05 00:42:14
2c29f346bba7f2ad0nR93N--FFBT,成都-Power BI 数据分析师（应届生）,敏捷艾科,100-499人,大数据,本科,在校/应届,,6-10K·13薪,成都,,2026-06-05 00:42:14
d0fbf6776e04d3af0nB_3N65EltZ,财务数据分析专员,之了,1000-9999人,在线教育,本科,1年以内,"数据分析, 账务编制, 初级会计",5-7K,成都,,2026-06-05 00:42:14
9ca6c011f03655181HN63Nm9EFFS,数据分析师(电商),英宝科技,20-99人,进出口贸易,本科,1-3年,"接受实习/在校生投递, Power BI, 数据分析/挖掘经验, 计算机相关专业, 电商/零售行业数据相关经验, Python, SQL",6-11K,成都,,2026-06-05 00:42:34
f5c8b199e512b29c0nB_3N60FFZZ,数据分析,生活家家居集团,1000-9999人,装修装饰,本科,5-10年,,12-18K,成都,,2026-06-05 00:42:34
71a7203a272123ba0nZ42tW6FFpX,BI数据分析师（宠物/零售）,厉害宠物,100-499人,其他专业服务,本科,3-5年,"数学/统计相关专业, 数据分析/挖掘经验, 电商/零售行业数据相关经验, 计算机相关专业",15-20K,成都,,2026-06-05 00:42:34
402329c0de7229f50nB509q6FlRQ,数据分析工程师,某大型通信公司,500-999人,通信/网络设备,本科,3-5年,"Python, Power BI, 数据分析/挖掘经验, 风控相关经验, 制造业经验, sqlserver, MySql, Oracle",20-30K,成都,,2026-06-05 00:42:56
02ddf91ca7b230cc03N_2d-9E1pR,数据分析师,星合互娱,500-999人,游戏,本科,3-5年,"SQL, Python, 数学/统计相关专业, 数据分析/挖掘经验",13-17K,成都,,2026-06-05 00:43:17
7789816fe4468df71HV93tu5FVZR,数据统计分析专员,泰溢捷科,20-99人,批发/零售,本科,1-3年,"风控相关经验, 数据分析/挖掘经验, 数学/统计相关专业",4-6K,成都,,2026-06-05 00:43:17
c4b580da925ba0790nd_2d67GFJX,数据分析师（财务方向）,成都燃点未来教育咨询,500-999人,培训/辅导机构,本科,3-5年,"SQL, 经济/工商管理相关专业, 数据分析/挖掘经验, 机器学习建模经验, 电商/零售行业数据相关经验, 文娱/游戏行业数据相关经验",12-17K,成都,,2026-06-05 00:43:17
5140c7b615c6bd7e03d83dW_EVFW,风控策略分析师,同程旅行,1000-9999人,互联网,本科,3-5年,,15-30K·15薪,成都,,2026-06-05 00:43:38
27ed5c96671a33230nZ83Nm8E1FY,数据分析经理,某大型生物/制药上市公司,1000-9999人,生物/制药,本科,10年以上,,25-40K·16薪,成都,,2026-06-05 00:43:59
0689ec8989e2a8ac03Nz2d-5F1dS,电商数据分析师,锦悦家,20-99人,家具/家居,大专,3-5年,,6-10K,成都,,2026-06-05 00:43:59
f3668032b03475580nd63Nq-E1JZ,风控数据分析师,深圳鲸致管理咨询,100-499人,投资/融资,本科,3-5年,"Python, SQL",30-50K·13薪,成都,,2026-06-05 00:43:59
f53ccb1bed9c99c10nB82Ny7GVZU,数据分析专员,陆华数字科技,100-499人,人工智能,本科,经验不限,,7-9K,成都,,2026-06-05 00:44:21
a56308013e84f2180nB62dq6ElBS,商业数据分析师,省惠网络,20-99人,电子商务,大专,1-3年,,6-9K,成都,,2026-06-05 00:48:50
02848307a6d97f6a03173Ny6FFpU,数据分析,华为,10000人以上,计算机软件,本科,在校/应届,,20-40K·16薪,成都,,2026-06-05 00:48:50
74491cc03ad39c5403F-2N-1FVNU,宏观数据分析师,映潮科技,100-499人,大数据,本科,1-3年,,10-15K,成都,,2026-06-05 00:49:13
47c12b6a40c7ce4b03F-2Ni7ElpX,计算机数据分析（实习生可开接收函）,金牛区志天慕雄家...,0-20人,计算机软件,大专,,"经济/工商管理相关专业, 旅游行业数据相关经验, 计算机相关专业, 电商/零售行业数据相关经验, 物流行业数据相关经验",140-160元/天,成都,,2026-06-05 00:50:35
efb034fc9c0950b20ndy3Nm5FFdS,数据分析师,云览科技,100-499人,互联网,本科,1-3年,"计算机相关专业, SQL",15-30K·15薪,成都,,2026-06-05 00:50:35
8f39987dbc40e7d70ndz3dm8EFpY,大数据分析师,赤湾东方智慧物联,1000-9999人,公路物流,本科,5-10年,,16-22K,成都,,2026-06-05 00:50:35
b4cde7f0a8d20ccb03Vy2tS6FltT,数据策略分析师,易车,1000-9999人,互联网,大专,3-5年,"Power BI, R, SQL",8-10K,成都,,2026-06-05 00:51:17
aec226b3a2457bda031z2tq7EVNT,网络规划专员 / 选址数据分析师,德克士,0-20人,餐饮,本科,1-3年,"SQL, Python, 数据分析/挖掘经验, 机器学习建模经验",8-12K,成都,,2026-06-05 00:51:39
8a3cdf5349864f9f03R-3N-_GVtU,高级业务分析师,一脉云数,20-99人,人工智能,大专,3-5年,"经济/工商管理相关专业, 制造业相关经验, 数据分析/挖掘经验, 计算机相关专业, 数学/统计相关专业",10-15K,成都,,2026-06-05 00:52:00
92d0c27954c1231a0nB409i1GFJT,数据分析,弥兔文化,20-99人,文化艺术/娱乐,学历不限,经验不限,,3-4K,成都,,2026-06-05 00:55:08
b631de0ea9306f210nB629y-ElFZ,数据分析师（优秀应届生也可）,赛文思,100-499人,广告营销,本科,1-3年,,6-10K,成都,,2026-06-05 00:55:08
13c388170d7dbf3f03d50t-0EFpW,数据分析,四川数网卫盾信息技术,20-99人,计算机服务,学历不限,经验不限,"SQL, Python",4-9K,成都,,2026-06-05 00:55:30
25a18812161b828b33x_3921GFQ~,数据分析师,瑞倪维,1000-9999人,美容/美发,高中,1年以内,数据分析,5-8K,成都,,2026-06-05 00:56:13
56d4f605ecd18e0c0nB929q6GFZY,数据分析师 正编/14薪,成都云枢算启互联...,20-99人,互联网,本科,3-5年,"SQL, Python, 数据分析/挖掘经验, 数学/统计相关专业",15-24K,成都,,2026-06-05 00:56:13
8f53ee0f959300190nV-29S-FFpW,数据分析师,成都镁闻网络科技,100-499人,社交网络与媒体,本科,1-3年,数学/统计相关专业,8-13K,成都,,2026-06-05 00:56:34
c996aba495a7959203Bz3NS8E1FS,数据分析统计员,昊昱精密机电有限公司,100-499人,电气机械/器材,中专/中技,1年以内,,4-5K,成都,,2026-06-05 00:57:38
340b8dce78f2eb5c0nV52Nq9EVpV,数据分析专家,某知名互联网公司,1000-9999人,互联网,本科,5-10年,"机器学习建模经验, AB实验, 数据分析/挖掘经验, Tableau, SQL, Python, 数学/统计相关专业",25-50K,成都,,2026-06-05 00:58:00
3baf7e353f51e7de0nd83dm5GFZR,数据分析,大连某大型计算机软件上市公司,10000人以上,计算机软件,本科,经验不限,"SVM、决策树, 负责分析保险业务数据, 独立完成数据挖掘, 保险行业数据分析, LightGBM、XGBoost",20-21K·14薪,成都,,2026-06-05 00:58:00
9d05a06e3701057a1Hd62Ni1EFJS,数据分析师,中科至善,0-20人,其他专业服务,本科,1-3年,"Tableau, SQL, Python",5-10K,成都,,2026-06-05 00:58:20
ff009121573f97f10nB809y8GFBS,口腔数据分析工程师,智贝云,20-99人,医疗健康,大专,经验不限,,4-6K,成都,,2026-06-05 01:01:28
2a1a7fcdf07e710b0nB-0968GVpX,数据分析师（生产运营/ERP）【双休五险一金,巢趣,100-499人,电子商务,大专,1-3年,,6-8K,成都,,2026-06-05 01:02:10
aa029b4fd31eb0bc0ndz0ti9EVVY,行业研究分析师（大宗贸易类 ）,某小型矿产/地质公司,20-99人,矿产/地质,本科,3-5年,"大宗贸易, 上下游",20-21K,成都,,2026-06-05 01:02:31
00a85123f9d23e530nd90ty9EVZS,数据分析专员,一智科技,100-499人,互联网,大专,3-5年,"SQL, Python, Power BI, 数学/统计相关专业",6-8K,成都,,2026-06-05 01:02:31
796dc11a0cf85a8a0nB50tW1FlZQ,风控策略分析师（AI 应用方向）,比罗瓦,20-99人,互联网金融,本科,1-3年,,15-30K,成都,,2026-06-05 01:03:12
92bd7bdd59369df30nB73t68EVRR,数据分析主管,川海晨洋,1000-9999人,其他制造业,大专,1-3年,,6-9K,成都,,2026-06-05 01:03:33
270df636f5b2cca11nJ52N-9GFs~,数据分析师,四川运泽,20-99人,O2O,本科,1-3年,"数据分析, 数据挖掘, 数据处理",10-15K,成都,,2026-06-05 01:04:13
18d0f1be5d2335c31Hx43tu0EFJV,数据分析师,成都威尔顿科技,0-20人,石油/石化,硕士,经验不限,"数学/统计相关专业, 数据分析/挖掘经验, 勘查技术、地质工程, 碳纳米材料",10-15K,成都,,2026-06-05 01:04:34
7fd8ec4ee4f9a2301XZz2tS9GVdT,数据分析岗（单休）,战旗农业发展有限公司,20-99人,农/林/牧/渔,本科,1-3年,"Python, Excel",8-11K,成都,,2026-06-05 01:04:34
4c6198bfc3c43b1c0nB80tm0FFVT,【数据分析师】大厂+双休+五险一金,慧博云通,10000人以上,计算机软件,本科,1-3年,,6-7K,成都,,2026-06-05 01:07:42
7c5e3f1a710434890nB929W1ElRX,数据分析师（BA）,成都恒源润辉企业管理,20-99人,咨询,本科,3-5年,,15-28K,成都,,2026-06-05 01:08:24
b5516632cfed841b0ndy39-1FFVZ,数据分析,智胜慧安,100-499人,计算机服务,本科,1-3年,,6-9K,成都,,2026-06-05 01:08:44
bb3baab1a30d5b7b0nd-2d20FlpT,知名医药公司--数据分析经理,某大型生物/制药上市公司,1000-9999人,生物/制药,本科,5-10年,"SQL, Power BI, 数学/统计相关专业, 数据分析/挖掘经验, 电商/零售行业数据相关经验, 数据开发, 供应链, 团队管理经验",35-45K·15薪,成都,,2026-06-05 01:09:05
e33128ad81c0703c0nV93dS6FFFR,数据分析师,成都深蓝脉冲科技,20-99人,互联网,本科,3-5年,,12-24K,成都,,2026-06-05 01:09:05
a951f89ee21299fd0nd83Ni-GVBY,大数据治理及分析（政府单位驻场）,四川众合悦盛科技,20-99人,信息安全,本科,1-3年,,5-8K,成都,,2026-06-05 01:09:26
a77b37dcb6897c6f0nVz3Ny6EFpW,数据分析师,北京信睿,100-499人,计算机软件,本科,3-5年,"R, Kettle, 数据仓库, FINALSHELL, 数据挖掘, SQL, Python, NAVICAT",8-12K,成都,,2026-06-05 01:09:48
a1fbba8b61da91760nZ93Nq9FFVV,数据分析-GPR（探地雷达）,珅顿,20-99人,建筑工程咨询服务,本科,1-3年,"接受无测绘/测量经验, AutoCAD, 1年内测绘/测量经验, 内业数据处理/绘图",7-10K·13薪,成都,,2026-06-05 01:10:08
f1972e05ce0ae2f803153d24F1BY,数据分析工程师,腾讯,10000人以上,互联网,本科,1-3年,"经济/工商管理相关专业, 机器学习建模经验, 数据分析/挖掘经验, 计算机相关专业, SQL, Python, 数学/统计相关专业",12-16K·14薪,成都,,2026-06-05 01:10:08
314d56cf5b4632381nd62NW-GFNX,数据分析师,智联数据,0-20人,咨询,本科,1-3年,"Excel, SPSS, 大数据, 咨询领域",4-5K,成都,,2026-06-05 01:10:08
138b32312c95b5841Hd-2dW-ElRX,精算分析师_商业模式/薪酬规划/利益分配,成都那么善商贸,20-99人,新零售,本科,5-10年,"计算机相关专业, 经济/工商管理相关专业, 数据分析/挖掘经验",8-12K,成都,,2026-06-05 01:10:28
a130e5a4fc9e11c01HZ-2ty8GVdX,数据分析,四川汇正管道技术,20-99人,石油/石化,本科,1-3年,"R, SPSS, Python",5-8K,成都,,2026-06-05 01:10:48
09db13d37d06f5180nB82d28F1BR,高级项目主管（教培+数据分析+销售策略）,成都蜗牛通关教育科技,500-999人,在线教育,本科,3-5年,"团队管理经验, 数据看板, SKU管理, 执业资格证书, 销售策略, 教培",8-12K,成都,,2026-06-05 01:15:39
49f5cd557621ce690nV42tu5F1VX,风控策略分析师,成都某大型互联网公司,1000-9999人,互联网,本科,5-10年,,21-30K·13薪,成都,,2026-06-05 01:15:59
509c8687f220c05d0nB-2d61EFpT,大数据分析师,世豪律所,20-99人,法律,本科,3-5年,,8-10K,成都,,2026-06-05 01:16:20
1231e3767e1c8d1103x92dW1F1VR,数据分析师,TestBird,100-499人,互联网,本科,3-5年,,20-25K,成都,,2026-06-05 01:16:41
d1a7c1327f78838703J62Nm9EFVQ,电商财务数据分析师,玖马赫供应链,20-99人,进出口贸易,本科,3-5年,,6-9K,成都,,2026-06-05 01:17:02
966ad7399fd433570nB72Nq-EFJV,火锅产业分析师,成都谭与谭企业管...,20-99人,咨询,本科,10年以上,,100-200元/时,成都,,2026-06-05 01:18:05
ced8f449afec0ff31nR629u_ElZW,Python数据分析师,承铭,0-20人,运营商/增值服务,本科,1-3年,"Python, Python工程师, 爬虫工程师, Python算法工程师",12-17K,成都,,2026-06-05 01:22:33
cc7b709357f0e17d0nd82Nq-FVtY,证券分析师（投顾+股票交易体系）,上海谦才云润科技,100-499人,互联网,本科,1-3年,,15-30K,成都,,2026-06-05 01:23:17
2fcfa0ec076ee2260nR63d-5F1VY,python数据分析师,成都市琦麟融智探...,0-20人,医疗健康,本科,1-3年,"Python, R, 数学/统计相关专业, 计算机相关专业, 数据分析/挖掘经验, 机器学习建模经验, Seaborn, Plotnine",8-12K,成都,,2026-06-05 01:25:01
f7f4a7e37e3130d10nV52Ny8GFpT,数据分析师（全球化方向）,今日水印相机,100-499人,互联网,本科,1-3年,,18-28K·14薪,成都,,2026-06-05 01:30:39
3a4820958a78ae7c1HJz3t6-FVRY,数据分析师,成都奕轩软件有限公司,0-20人,计算机软件,大专,3-5年,"SQL, 数学/统计相关专业, 数据分析/挖掘经验, 计算机相关专业",10-15K,成都,,2026-06-05 01:30:39
acfddd12dcd7c1961H1_3NS6F1JZ,excel数据分析讲师,四川绘四方信息技术,20-99人,培训/辅导机构,学历不限,经验不限,"计算机相关专业, 数学/统计相关专业",50-55元/时,成都,,2026-06-05 01:35:54
d5948767ded438d303F-2Nu_ElFQ,大数据分析师,搞米科技,20-99人,其他行业,本科,经验不限,,9-14K,成都,,2026-06-05 01:35:54
dd6832f8d6d2af4d0nd50tq4FVdV,Power BI 数据分析师,普华永道,1000-9999人,企业服务,本科,3-5年,"Power BI, Python, 数据分析, 看板开发, 数据处理, 数据可视化, AI",7-10K·13薪,成都,,2026-06-05 01:36:15
6fcbbea1db6b82d503xy3Nq9GFFY,农业信息化工程师 / 农业数据分析师,四川华恒升科技发展,20-99人,农/林/牧/渔,学历不限,经验不限,农业信息化,8-12K,成都,,2026-06-05 01:36:37
af19dba13fd9b2650nd-0tW0FFVZ,数据分析督导岗,某大型互联网公司,500-999人,互联网,本科,3-5年,"线上运营, 金融类",15-25K·16薪,成都,,2026-06-05 01:36:37
01f82e6b2eb87ce703N_292_E1VX,python数据分析师,成都九章云析科技,100-499人,计算机软件,硕士,经验不限,"SPSS, Python",3000-6000元/月,成都,,2026-06-05 01:37:41
510672d3058ac69c0nZ82dq1FFNW,大数据分析师,智政天泽,20-99人,计算机服务,本科,3-5年,"游戏, 交易所, 区块链, slot",25-35K·13薪,成都,,2026-06-05 01:38:03
18962e746e8d27161Hx62dy7EVpZ,风控策略分析师,晖融科技,100-499人,计算机服务,本科,3-5年,"消费金融, 海外金融",40-70K,成都,,2026-06-05 01:45:02
4f5ffd3bbf0201920ndz09q8GFdY,大数据分析,琅玥文化,0-20人,社交网络与媒体,本科,1-3年,,4-5K,成都,,2026-06-05 01:45:24
0e9449e925a3b60b0nd83NS8E1JT,期货分析师,成都五禾,20-99人,证券/期货,本科,1-3年,"投资组合构建, 行业趋势分析, 研究报告撰写, 互联网金融, 基金公司, 证券从业经验, 证券研究与分析经验, 实盘交易经验, 成熟的投资理念和方法, 深度报告撰写能力, 金融/经济/管理相关学历, 基金从业资格, 期货从业资格, 证券从业资格, 证券投顾资格",3-8K,成都,,2026-06-05 01:45:24
03606d75e0f558880nB_29u8GFtT,企贷数据分析,成都众联智勤信息科技,20-99人,咨询,大专,1-3年,,8-12K,成都,,2026-06-05 01:48:54
f3613295ffc004020nd80961EVZT,金融数据分析师,女王范商贸有限公司,20-99人,日化,大专,1-3年,"黄金, 期货, 外汇",5-10K,成都,,2026-06-05 01:51:00
94ad4da2f65f59f90nd62ty7FlZX,金融数据分析师/无责6k/公司直招不外包,四川晟燚昕信息科技,500-999人,互联网金融,初中及以下,经验不限,"不接受居家办公, 万象城, 带薪培训, 无经验要求, 带薪年假15天, 法定节假日休, 内部晋升/不外聘",15-30K,成都,,2026-06-05 01:54:52
580b21d13ef63a8a0nB50tS-FVBZ,数据分析师/游戏数据运营（远程）,流动方舟,20-99人,互联网,硕士,3-5年,,15-30K,成都,,2026-06-05 01:56:35
44c7bde6f7a4d66203F92N-8F1NQ,临床数据分析（讲师）,沿长科技(成都)...,100-499人,学术/科研,硕士,1-3年,"SAS, R语言,  MATLAB, 医学相关专业, 统计学相关专业",8-13K,成都,,2026-06-05 01:57:17
9d561f393468ec020ndy2t64FVBW,AI测绘数据分析师,四川铁拓,20-99人,港口/铁路/公路/机场,硕士,5-10年,,12-18K,成都,,2026-06-05 01:57:37
94a0a4bca13dc81003Z939u-F1pT,买方分析师,竹风远流,100-499人,互联网,本科,1-3年,"投资课程讲授, 在线教育/自媒体, 证券从业经验, 证券投顾经验, 直播/讲课能力, 证券从业资格, 证券投顾资格",40-45K,成都,,2026-06-05 01:57:37
c0edca32de9ace5803F_3t-0FFNY,高级数据分析师（成都/重庆）,某知名人工智能上市公司,1000-9999人,人工智能,本科,3-5年,"Python, SQL, R, 机器学习, 金融产品, 风险管理",20-35K,成都,,2026-06-05 01:57:58
c107bb446b3287f703V53dq7EVVV,数据分析员,吉林省吉蓉物流,100-499人,公路物流,大专,1-3年,"数据分析/挖掘经验, 电商/零售行业数据相关经验, 数学/统计相关专业, 物流行业数据相关经验",5-6K,成都,,2026-06-05 01:57:58
250a1624b21de4ac0nd609u_FVRS,数据分析师（出海休闲游戏+厦门办公）,飞鱼科技,500-999人,游戏,本科,3-5年,"SQL, Python, 数学/统计相关专业, 游戏行业经验, IAA游戏, 塔防游戏",11-21K·13薪,成都,,2026-06-05 01:57:58
d193923606a88caa0nB80tW9EVZX,舆情分析师,成都耳尖科技有限公司,20-99人,互联网,本科,经验不限,,4-8K,成都,,2026-06-05 02:03:31
ac3d2999e79adfa70nB-29y9GFtV,实习生（数据分析治理）,聚塔峰汇,20-99人,其他生活服务,大专,在校/应届,"大模型应用, 数据质量, 信创数据库, 达梦, OceanBase",1-3K,成都,,2026-06-05 02:21:58
edaddde44eb3b3bd0nB-39W-F1JW,物流售后数据分析岗（月休8天）,RNB,100-499人,装卸搬运和仓储业,本科,经验不限,"业务数据分析, 不接受居家办公, Python/R语言/SPSS, 统计/数学相关专业, 计算机相关专业, 数据分析/商业分析经验, SQL",6-8K,成都,,2026-06-05 02:22:19
a6b201111fe031e20nR909W4FFdU,数据分析实习生,京东工业,1000-9999人,互联网,本科,,"数学/统计相关专业, 计算机相关专业, 经济/工商管理相关专业, 数据分析/挖掘经验, 电商/零售行业数据相关经验",150-200元/天,南京,,2026-06-05 02:32:15
d40323316b27c51e0nd429W6ElBR,订单数据分析,南京捷羽岳电子商务,0-20人,互联网,大专,1-3年,"数据运营, 产品运营",6-10K,南京,,2026-06-05 02:32:15
f3d9dda74fdf0ecf0nd_2tS1FFJS,女装商品数据分析员,南京陶朱公商贸有...,100-499人,批发/零售,大专,1-3年,,5-8K,南京,,2026-06-05 02:32:15
de5c7ba4dd4a9d7e03153t27E1tT,数据分析（高薪 双休）,华为,10000人以上,计算机软件,本科,经验不限,,15-30K·14薪,南京,,2026-06-05 02:32:15
72255323eadd695d03x639S9FltZ,业务需求分析师(Business Analyst)企微SCRM,立趣,20-99人,计算机软件,本科,3-5年,,10-15K,南京,,2026-06-05 02:32:15
8e074bd77c80b3a403N809-4FlpU,数据分析实习生,通联数据,100-499人,互联网金融,本科,,SQL,100-120元/天,南京,,2026-06-05 02:32:15
1e661cff72742f360nB80927E1NY,数据分析师（外包/现场面试）,北京软通动力云计...,10000人以上,互联网,本科,5-10年,"R, Python, 数学/统计相关专业, 计算机相关专业",9-14K,南京,,2026-06-05 02:32:15
c23420e7edf9c32c03Zz3di8E1pY,数据分析师,北京中路交科交通咨询,20-99人,咨询,本科,1-3年,"Python, TransCAD, ArcGIS, 交通规划",8-13K,南京,,2026-06-05 02:32:15
f8a1193552409bcb03dz3Nm_F1BQ,数据分析师,南京期望值科技,0-20人,投资/融资,大专,1-3年,,4-5K,南京,,2026-06-05 02:32:15
de0b114a5709eb681HNy2tS1GFJY,大数据分析师,玖骅信息,20-99人,计算机软件,本科,1-3年,Python,8-13K,南京,,2026-06-05 02:32:15
54be4de4c1dac51e1nV9096_GVpR,教育大数据分析专员,华叶跨域,100-499人,在线教育,本科,1-3年,"Excel, SPSS, SAS, R, Matlab",6-11K,南京,,2026-06-05 02:32:15
1c54962ee7ae06210nB_09W7ElBQ,经营数据分析师,星小帮,20-99人,广告营销,本科,1-3年,"业务数据分析, 数据分析/商业分析经验",13-18K,南京,,2026-06-05 02:32:15
046db5bbf5e11ecf0nB_39S6FVJS,数据分析师,江北新区逆商引擎...,20-99人,互联网,学历不限,1年以内,,9-10K,南京,,2026-06-05 02:32:15
17621d0e10a3f7c90nZz09S8FlNR,数据分析师,南京链集,20-99人,计算机软件,本科,,,140-150元/天,南京,,2026-06-05 02:32:15
eb6484b79d3002691XBy2tW0FFNU,数据分析师,武汉江雪科技有限...,0-20人,互联网,本科,3-5年,"Tableau, Excel, Power BI, Hive",13-20K,南京,,2026-06-05 02:32:15
84697e57a5c75c700nB_0960EVRZ,数据分析师,南京一山高,100-499人,互联网,大专,经验不限,"数学/统计相关专业, 计算机相关专业, 数据分析/挖掘经验, 经济/工商管理相关专业",8-12K,南京,,2026-06-05 02:32:36
cf601c8adfea660d0nd43N67EVRY,证券分析师（投顾+股票交易体系）,上海谦才云润科技,100-499人,互联网,本科,1-3年,,15-30K,南京,,2026-06-05 02:32:36
c0ceff3713af2ab20nB-2tW4GFVT,数据分析实习生,得物App,1000-9999人,电子商务,本科,,,130-140元/天,南京,,2026-06-05 02:32:36
ab882b0dae39e8f503183927GFZR,大数据分析工程师,阿凡梯,20-99人,游戏,本科,在校/应届,数学/统计相关专业,5-10K,南京,,2026-06-05 02:32:36
e23a4db60a92f4b10nVy3tm4ElBT,亚马逊数据分析,御焱甲,100-499人,电子商务,本科,3-5年,,10-15K·13薪,南京,,2026-06-05 02:32:36
14fcc5a1b2a9c3ae1H142dq7EVJT,数据分析,华为云计算,10000人以上,计算机服务,本科,1-3年,"不接受居家办公, Java, C, C++, Python, Spring, SpringCloud, MyBatis, JVM, MySQL, Redis, HBase, Spark, 分布式经验, 微服务经验, 云计算经验, 大数据经验, java, 大数据, 大模型",15-30K,南京,,2026-06-05 02:32:36
5119e8835bc7559f0ndy3t-9F1ZY,数据分析（周末双休，快速到岗优先）,南京盛世安链云计算,100-499人,计算机软件,本科,3-5年,计算机相关专业,6-11K,南京,,2026-06-05 02:32:36
d3aee2e9ab9b75331H1429S1GFtT,数据分析师,奇虎360,1000-9999人,互联网,学历不限,经验不限,"SQL, Python, R, MATLAB",15-16K,南京,,2026-06-05 02:32:36
26e35078d2b3751503d72du6E1RT,数据分析师（小语种）,上海万得基金,100-499人,基金,本科,在校/应届,,5-7K·13薪,南京,,2026-06-05 02:32:36
2c2d1dfaa7675c5803d-3t-9GFJV,大数据分析与挖掘,南京玄屹,0-20人,计算机软件,本科,1-3年,,7-10K,南京,,2026-06-05 02:32:36
bf2cbaa8ea5e24c80nd629y1ElVQ,内容编辑（SEO素材生产）,见鲸科技,100-499人,互联网,本科,,"数据分析, 公众号运营, 文案写作",150-160元/天,南京,,2026-06-05 02:32:36
b3e8a2c79dcbc1280nR92tS8EVRR,KDC NJ-专业服务助理 (投标行研和数据分析),毕马威南京服务中心,100-499人,企业服务,本科,经验不限,"PPT制作, CET6, 数据整理",5-6K,南京,,2026-06-05 02:32:36
829c13476aecdb2d0nVz3tW1GVFW,SPSS、Stata、Python数据分析师(线上兼职）,睿思众达,20-99人,学术/科研,硕士,经验不限,"经济/工商管理相关专业, 不坐班",80-85元/时,南京,,2026-06-05 02:32:36
ddb4dfafe1f1733d03R93tm8E1pR,亚马逊运营助理,大橙服饰,20-99人,进出口贸易,本科,1年以内,"跨境电商 , 数据分析, B2C跨境电商, 服装, 跨境电商运营, 亚马逊运营, Amazon, 跨境店铺运营",4-7K·13薪,南京,,2026-06-05 02:32:36
34299b0471deb71a0nV93d--FlVR,数据分析,万辰集团,1000-9999人,批发/零售,大专,5-10年,数据分析 商业分析,14-28K,南京,,2026-06-05 02:32:36
41329dba379e3b2a03x_0t2_EFdV,远程生信分析数据工程师,深圳邦汇,100-499人,其他专业服务,本科,1-3年,,300-500元/时,南京,,2026-06-05 02:32:58
62ec751312f1de9c1Hx-2dm5EVJX,数据分析师,网眼信息技术,500-999人,互联网,本科,3-5年,"SQL, Python, 数学/统计相关专业, 数据分析/挖掘经验, 文娱/游戏行业数据相关经验, 数据分析, 用户行为分析, 增长分析, 商业化运营",14-23K,南京,,2026-06-05 02:32:58
d912524c9cc2a1840nRz2Nq7EVNQ,数据分析师,领秀,1000-9999人,医疗健康,本科,3-5年,"数学/统计相关专业, 计算机相关专业, 数据分析/挖掘经验, 电商/零售行业数据相关经验",9-10K,南京,,2026-06-05 02:32:58
078e436138b69aed0nd-2NS-EVBS,数据分析师,南京候鸟,100-499人,互联网,本科,1-3年,,7-10K,南京,,2026-06-05 02:32:58
393b6e3315e407790ndy3NS0FVdR,数据分析师（营销策略方向）,豪与杰电子科技,100-499人,进出口贸易,本科,1-3年,"业务数据分析, 业务模式/运营策略优化, 营销活动效果分析, 用户深度研究, 统计/数学相关专业, 计算机相关专业, 金融/经济相关专业, 数据分析/商业分析经验, 竞品分析",10-11K,南京,,2026-06-05 02:32:58
38a226bb88c5c06703Z709q_ElpU,大数据分析师,众丞科技,100-499人,计算机服务,本科,5-10年,,15-25K,南京,,2026-06-05 02:32:58
12ece40ca601a2f30nB42dq6GFtU,信息流广告优化师（接受26届实习生）,花笙书城,500-999人,互联网,本科,经验不限,"数据分析, 理科生, 广告投放",4-7K,南京,,2026-06-05 02:32:58
e798d4c17455790c0nB-2du4FFJT,AI数据分析实习生（用户洞察&Agent方向）,影石Insta360,1000-9999人,智能硬件,本科,,,150-300元/天,南京,,2026-06-05 02:32:58
17e5fb2df6bf531d0nd80tm6FVdV,数据分析师,南京牧之,20-99人,进出口贸易,本科,3-5年,,13-18K,南京,,2026-06-05 02:32:58
a46d34838a0ba94d0nB40ti4FlFU,电池大数据分析及算法模型开发工程师,中国爱尔集新能源,1000-9999人,动力电池,硕士,3-5年,,20-40K·14薪,南京,,2026-06-05 02:32:58
0a2a92014db18acc0nB52tu5GVpV,电商平台经营数据分析,南京德净贸易有限公司,100-499人,电子商务,本科,1-3年,"Power BI, Python, SQL, 电商/零售行业数据相关经验",6-8K,南京,,2026-06-05 02:32:58
05cc264904a1877a03142Ni1FVFT,大数据分析助理,武汉智咻科技有限公司,20-99人,互联网,大专,1年以内,,11-15K,南京,,2026-06-05 02:32:58
988a02cf19167d910nd52N-6E1tS,高级货品数据分析师,百音高科,100-499人,人工智能,本科,1-3年,"物流行业数据相关经验, 数学/统计相关专业, 经济/工商管理相关专业, 风控相关经验, 数据分析/挖掘经验, 财务会计, 精通Excel, 报表处理",5-8K,南京,,2026-06-05 02:32:58
75087b8ced11aebe1HN90t61FVM~,数据分析师,励达咨询,0-20人,咨询,本科,3-5年,"业务审计, 咨询辅导, 数据分析",12-20K·13薪,南京,,2026-06-05 02:32:58
0cf371b2769cf1080nB82Nq6FVBZ,数据分析专员,弧聚科技,100-499人,互联网,大专,1-3年,"SQL, Python, 计算机相关专业, 数据分析/挖掘经验, 云运维运营经验",6-7K,南京,,2026-06-05 02:32:58
cbb50c4a8307a6241nR92NS-FFBV,BI分析师,新康众,1000-9999人,新零售,本科,3-5年,"数据分析, bi, 商业分析",12-20K·13薪,南京,,2026-06-05 02:33:19
3af711055aba24ad1Xx-3di0EFZS,数据分析师,星烁信息,0-20人,计算机软件,本科,3-5年,"SQL, Tableau, Power BI",10-13K·14薪,南京,,2026-06-05 02:33:19
7bf8fd1da820bce003B_3di0FVNX,数据分析师,搜新智能,20-99人,计算机软件,大专,3-5年,,6-11K,南京,,2026-06-05 02:33:19
10a097849cda19300nB82tu8GVZU,数据分析师,享佳健康,1000-9999人,批发/零售,本科,5-10年,"SQL, Python, 数据分析/挖掘经验, 电商/零售行业数据相关经验, 经营分析, 销售分析",16-25K·13薪,南京,,2026-06-05 02:33:19
b7a544bc7db974ab0ndz3N--EVdR,保单数据分析师,中国人寿,500-999人,其他专业服务,大专,1-3年,"央企直招, 福利满满",5-10K,南京,,2026-06-05 02:33:19
4e4a3cefb99c690c0nB63t29GFRQ,数据分析agent,湜沅,20-99人,互联网,本科,10年以上,"Java, MySQL, Spark, 架构设计经验, 接受居家办公, Spring, Python",15-30K,南京,,2026-06-05 02:33:19
12612e408465398d0nB82t29EFdU,数据分析师,南京学思信息,100-499人,电气机械/器材,硕士,1-3年,,13-18K,南京,,2026-06-05 02:33:19
1fd7cd70e72481cc1nJz2tu1ElRW,大数据分析工程师,南京海康威视数字...,10000人以上,智能硬件,本科,3-5年,Hive,12-24K·13薪,南京,,2026-06-05 02:33:19
aa20599f59aca3ec0nB-3N-9EVBT,金融分析师（可远程线上办公）,慧科讯业,1000-9999人,大数据,本科,3-5年,,7-10K,南京,,2026-06-05 02:33:19
bd2e5d9ddfb982420nZ63tm_FldY,数据分析工程师,南京某大型生活服务(O2O)上市公司,10000人以上,生活服务(O2O),本科,5-10年,"数学/统计相关专业, SQL, Python",15-25K,南京,,2026-06-05 02:33:19
2178c502bccd993f1Xx63tu-GVtT,数据分析专员,方解石科技,0-20人,企业服务,学历不限,经验不限,"SQL, 数学/统计相关专业, 计算机相关专业, 数据分析/挖掘经验",4-7K·13薪,南京,,2026-06-05 02:33:19
dfe469e25a43960303x_0tS6EFpT,数据分析师,武汉市万木互联网信息,20-99人,互联网,本科,经验不限,双休,6-11K,南京,,2026-06-05 02:33:19
c6bfcd108b05dd130nV83Ny1EVZS,财务数据分析师,海星冷链,100-499人,物流/仓储,大专,3-5年,,8-10K,南京,,2026-06-05 02:33:19
c23cc60106d52284031y0tq4F1VW,数据分析师（工作地点江苏宿迁）,京东物流,10000人以上,快递,本科,3-5年,商业数据分析,12-18K·16薪,南京,,2026-06-05 02:33:19
1c553091957a534603F73t60E1VV,大数据分析工程师,睿希科技,100-499人,计算机软件,硕士,5-10年,,12-20K,南京,,2026-06-05 02:33:19
b19ec215f3d2c8091nB83N-8FFBZ,数据分析专员,保加利体育用品,1000-9999人,服装/纺织,大专,经验不限,"数据分析/挖掘经验, 零售行业, 可接受应届生",5-7K,南京,,2026-06-05 02:33:42
633defa52c55f851031539q1F1RS,大气数据分析师,江苏南理,20-99人,环保,本科,1-3年,,7-10K,南京,,2026-06-05 02:33:42
bdad96fc8f123d481nV709y0GFJR,大气数据分析师,博识,20-99人,环保,本科,经验不限,"Python, MySQL, 数据分析, 数据建模, 物联网, 数据仓库",6-11K,南京,,2026-06-05 02:33:42
816cf42f53c8762203J90t20E1VQ,数据分析,无锡圣都家居,100-499人,装修装饰,本科,1-3年,,8-10K·14薪,南京,,2026-06-05 02:33:42
6b050c1352e745720nB-2Ny8GFtY,数据分析智能体开发专家 - 需要有产品经验,江苏紫鲸人工智能...,0-20人,互联网,本科,5-10年,,30-40K,南京,,2026-06-05 02:33:42
1deab5de3c61fe740nB-3Nq-EFdU,数据分析师,南京东宇工程咨询,20-99人,建筑工程咨询服务,本科,经验不限,"数据分析/挖掘经验, 计算机相关专业, 数学/统计相关专业",8-13K,南京,,2026-06-05 02:33:42
00c3b2c3802668620nB509u8GVBS,数据分析师,沿途,20-99人,汽车后市场,本科,3-5年,"Python, Power BI, 数学/统计相关专业, 数据分析/挖掘经验, 机器学习建模经验, 电商/零售行业数据相关经验",10-15K,南京,,2026-06-05 02:33:42
abd2f4146b3c823f1nR82Ni1E1dS,数据分析实战开发导师,苏伦大数据研究院,20-99人,大数据,本科,3-5年,"数据分析, 人工智能, 数据挖掘, 数据采集, 数据架构师, Python, SQL, 大数据",10-15K·13薪,南京,,2026-06-05 02:33:42
25f95fdf9364230703V-3921FFRQ,数据分析师（策略运营）,T3出行,1000-9999人,互联网,本科,5-10年,"电商/零售行业数据相关经验, 经济/工商管理相关专业",20-40K·13薪,南京,,2026-06-05 02:33:42
7b2c69de061b83d60nR53t26ElJS,数据分析师,多链互联,20-99人,企业服务,本科,3-5年,数学/统计相关专业,11-22K,南京,,2026-06-05 02:33:42
80bd4f5664228d560nd50tm-GVJZ,商业数据分析,海南晓得智能科技,0-20人,计算机软件,学历不限,1年以内,,3-5K,南京,,2026-06-05 02:33:42
d4b6f33b4e5e58d90ndz2tW7EFpW,商业分析师,迈富时,1000-9999人,人工智能,本科,5-10年,,15-30K,南京,,2026-06-05 02:33:42
7e56c5c0e5ed233c0ndy39u9EFNX,数据分析师,奈威,20-99人,电子商务,本科,经验不限,"Python, Power BI, Tableau, SQL, 数学/统计相关专业, 计算机相关专业, 电商/零售行业数据相关经验, 数据分析/挖掘经验",6-10K,南京,,2026-06-05 02:33:42
10256ceef76e6cb10nd53N6_FVVX,电商数据分析,怡通数科江苏供应链,100-499人,批发/零售,本科,,,100-150元/天,南京,,2026-06-05 02:33:42
1cc1e6a6e59fa3723nB53d29EFI~,数据分析师,明树数据,20-99人,大数据,本科,1-3年,数据分析,8-13K,南京,,2026-06-05 02:33:42
ccd623e6a3c6307f1HNy29u0F1ZR,数据分析,京文奥盛,100-499人,广告/公关/会展,本科,3-5年,"计算机相关专业, SQL, Python",15-20K,南京,,2026-06-05 02:34:02
872f630f5096337c0ndy39W8ElJQ,数据建模分析师 (SA - 制造业),鼎捷数智,1000-9999人,计算机软件,本科,5-10年,"制造业, 数智底座, ERP, MES, PLM",18-28K,南京,,2026-06-05 02:34:02
40c62c993354578e1nZ62tm6F1FS,数据分析师（工作地点北京或南京）,庭宇,100-499人,云计算,本科,经验不限,"Python, SPSS, SAS, Matlab, Linux",13-25K,南京,,2026-06-05 02:34:02
2928a757ef5420f70nB82dq8EVBT,医疗数据分析师,南京博润蓝军网络科技,100-499人,其他行业,大专,3-5年,,8-13K,南京,,2026-06-05 02:34:02
864e78409fb0ebb50nB809u9ElJV,数据分析工程师,鱼跃医疗,10000人以上,医疗健康,硕士,1-3年,"MATLAB, Python",12-20K·14薪,南京,,2026-06-05 02:34:02
aa9fea89b38868e31HBy392-EFVW,数据分析师,南京派众,0-20人,互联网,本科,1年以内,"Excel, Tableau, Power BI",5-8K,南京,,2026-06-05 02:34:02
90963b81a65e17cb0nV52NW-FVtY,数据分析师,南京正四面体数字科技,0-20人,大数据,本科,1年以内,"SQL, Python, SPSS, Hive, Tableau, 数学/统计相关专业, 数据分析/挖掘经验, 机器学习建模经验, 风控相关经验",7-9K·14薪,南京,,2026-06-05 02:34:02
b64c34b3c94ca2ed0nB63ti9GFBZ,数据分析师,天津艾迪研医药科技,100-499人,生物/制药,本科,1-3年,,12-17K·14薪,南京,,2026-06-05 02:34:02
134b56e874174c841XJ-39y9EVVQ,高级数据分析师（建模方向）,Datakey,20-99人,大数据,本科,3-5年,"Python, R, Spark, 计算机相关专业, 数学/统计相关专业, 机器学习/NLP经验, SVM, Decision Tree, Naive Bayes",18-30K,南京,,2026-06-05 02:34:02
ac7681ea6da790db0nZ93dy8FFFS,高级需求分析师（南京）,清雁科技,20-99人,计算机软件,本科,3-5年,,18-30K,南京,,2026-06-05 02:34:02
c1f10592c7b028890nVz39y6EFVR,AI数据分析师（业务方向）,南京飞力冠物流科技,20-99人,跨境物流,本科,1-3年,"经济/工商管理相关专业, Power BI, 数据分析/挖掘经验, Tableau, 计算机相关专业, SQL, 数学/统计相关专业, 物流行业数据相关经验, 跨境物流",12-18K·13薪,南京,,2026-06-05 02:34:02
1620356b1bc7ae0503N83dq_EVRZ,跨境电商数据分析师,云阙贸易,20-99人,进出口贸易,本科,经验不限,"C/C++, Scala, R, 数学/统计相关专业, 大数据处理经验, 机器学习经验",6-10K,南京,,2026-06-05 02:34:02
6e955a723194ee1303Jy2Nu4FlBY,数据分析师,数洋智慧,100-499人,人工智能,本科,3-5年,"Python, SQL, 数学/统计相关专业",11-17K,南京,,2026-06-05 02:34:02
e2e49ce0260d11fb0nd_2tu8FFpY,医疗器械数据统计分析师,京郯科技,0-20人,医疗器械,硕士,1-3年,,10-15K,南京,,2026-06-05 02:34:02
08ba2b4a284d7fd40nR-0ti5GVVS,AI智能体 TS全栈开发(数据分析),南京元数信息,20-99人,互联网,本科,3-5年,"TypeScript, Express, 大数据架构, Vue, React, Angular, SQL",15-20K·14薪,南京,,2026-06-05 02:34:02
49ace43c5e204b7403J40ti9FFVQ,远程金融数据策略分析师（数字游民）,武汉市东泽珩网络...,0-20人,基金,本科,1-3年,"金融/金融工程学历, 经济/管理相关学历, 证券公司, 交易员经验, 期货交易员, 期货公司, 基金公司, 计算机/信息科学相关学历, 量化交易员, 股指期货交易员, 数学/统计相关学历, 股票（非美股）交易员, 外汇交易员",10-12K,南京,,2026-06-05 02:34:24
f603efe5548cb65303J43d-4GVtZ,电商数据分析专员,味馋食品科技有限公司,0-20人,即时配送,大专,1-3年,"数据分析/挖掘经验, 电商/零售行业数据相关经验, Python, 数学/统计相关专业",4-9K,南京,,2026-06-05 02:34:24
76894916cc5792341X1739S4GVNU,数据分析,荣耀,10000人以上,消费电子,本科,5-10年,"SQL, Hive, Tableau, 数学/统计相关专业, 计算机相关专业, 数据分析/挖掘经验",20-40K,南京,,2026-06-05 02:34:24
7d9a82e8d473ea451nZ-2dm4FFFX,数据分析专员,先声药业,1000-9999人,医疗健康,本科,1-3年,"市场数据分析, 营销",7-9K,南京,,2026-06-05 02:34:24
547e6589aabc5bbc0nB-09u1GFJZ,临床数据分析,南京康舟,100-499人,生物/制药,本科,3-5年,"SAS, 临床工作经验, DM",10-15K,南京,,2026-06-05 02:34:24
be78a58f38d7f84903142926F1JQ,数据分析师,数溪科技,20-99人,大数据,硕士,3-5年,"SQL, Python, 数学/统计相关专业, 计算机相关专业",16-26K,南京,,2026-06-05 02:34:24
5fe049f92d8a239c0nB73dq_FlJR,财经主播/财经分析师(高提成+运营培训),南京南衡文化传媒,0-20人,互联网金融,本科,经验不限,"财经主播, 接受无直播经验, 普通话标准, 直播不多于4小时, 带教培训, 需证券投资顾问资质, 月结, 线上直播",27-40K,南京,,2026-06-05 02:34:24
80e7a55bdd9299ec0nZ72N68GVBW,数据算法产品总监,江苏中电信无人科技,100-499人,运营商/增值服务,硕士,10年以上,数据分析,20-40K·14薪,南京,,2026-06-05 02:34:24
6ec9ff0049c1820d1HN80967FVJS,数据分析师,某大型国有保险上市公司,1000-9999人,保险,本科,3-5年,"SQL, Python, 经济/工商管理相关专业, 金融行业数据相关经验",20-25K,南京,,2026-06-05 02:34:24
22fa19e669c48faa0nd73Nq0EVZV,跨境电商数据分析师,高鹏电子科技,20-99人,电子商务,本科,经验不限,"Java, C/C++, Python, 数学/统计相关专业, 大数据处理经验, 机器学习经验",6-8K,南京,,2026-06-05 02:34:24
cd2a62e0b63bafb20nZ73t67E1ZS,电子硬件设计工程师和投资分析师,江苏嘉屹私募基金管理,0-20人,基金,本科,1-3年,,10-15K,南京,,2026-06-05 02:34:24
dab77266c3f5e0d203B-3d-4F1dS,数据分析算法工程师,南京群业智能科技,0-20人,人工智能,本科,3-5年,"深度学习, 机器学习, 大模型算法, 自然语言处理算法, Python, 算法工程化经验",11-15K,南京,,2026-06-05 02:34:24
4748cd3edad042e40nB-3ti_GVtS,数据分析与处理工程师,南京予芯,100-499人,互联网,本科,3-5年,"C/C++, 自动驾驶, 机器学习, 视觉算法, 图像算法, 深度学习, 智能座舱, 融合感知算法, Python",10-15K,南京,,2026-06-05 02:34:24
076a3c86d62f58161XV63dS5F1FY,服装商品数据分析,江苏阿玛施贸易,1000-9999人,批发/零售,本科,1-3年,服装商品进销存分析,6-10K,南京,,2026-06-05 02:34:24
d76fe907150280f41XN53t69FldS,数据分析师,恒佳电子,0-20人,计算机软件,本科,1-3年,"Python, 数学/统计相关专业, 计算机相关专业, 数据分析/挖掘经验",6-10K,南京,,2026-06-05 02:34:24
7b9f9f45020aa4270nV93tS7ElNW,期货分析师,深圳龙电华鑫控股,1000-9999人,新材料,本科,1-3年,,7-12K,南京,,2026-06-05 02:34:45
1509b6952ad73ee90ndz29y4EVJR,助理数据分析员,图迈电力技术有限公司,0-20人,电力/热力/燃气/水利,本科,1-3年,,5-8K,南京,,2026-06-05 02:34:45
dd89058ceeca1eac03Z_0960EVVZ,数据建模及分析师,国电环保科技,100-499人,环保,本科,3-5年,"Python, MATLAB, SQL",9-13K,南京,,2026-06-05 02:34:45
9f87f3b35a6d160d0nR_2NW0GVFV,分析师,普睿数智科技,100-499人,大数据,本科,1-3年,房地产市场研究,7-9K,南京,,2026-06-05 02:34:45
31ac5ad53955ab3e0nd-3Nm6E1JR,业务需求分析师,尚科数据无锡有限公司,0-20人,计算机服务,本科,3-5年,"OEE、产能利用率, 成本 良品, 消费品  装备  制造业, MES, AI智能体",12-20K,南京,,2026-06-05 02:34:45
49f79a0cd386650903J-2tW8E1NQ,证券分析师 带薪培训,指南针公司,1000-9999人,互联网金融,本科,经验不限,,16-25K,南京,,2026-06-05 02:34:45
6bc831a53f75ce5a0nV90t-_E1RW,战略顾问部分析师,上海世邦魏理仕管...,20-99人,咨询,硕士,1-3年,"交付团队, 外资咨询机构, 建筑/房地产, 留学经历",10-11K·15薪,南京,,2026-06-05 02:34:45
186a0ef8f25e96520ndy2N29ElJU,证券分析师,江苏钱眼新传媒,0-20人,新闻/出版,硕士,5-10年,"媒体, 互联网金融, 股票研究, 量化交易策略研究, 一般行业研究, 数据挖掘和分析为主, 互联网企业内部行研经验, 投融资经验, 买方行研经验, 咨询/媒体行研经验, 卖方行研经验, 擅长宏观经济/政策研究, 擅长证券研究, 行业及金融复合背景",10-11K,南京,,2026-06-05 02:34:45
f53e1ee341f497f103Z93dW0FlpQ,数据分析师,即是空科技有限公司,0-20人,进出口贸易,本科,1-3年,"SQL, Python, Tableau, Power BI, 数学/统计相关专业, 数据分析/挖掘经验, 电商/零售行业数据相关经验",11-12K,南京,,2026-06-05 02:34:45
07aec06f927b66cb0nVy3dq0GVRU,数据产品经理,旗天科技,1000-9999人,互联网金融,本科,3-5年,"大数据产品, 需求分析, 产品设计, 产品运营, 数据分析, 产品/版本迭代",20-30K,南京,,2026-06-05 02:34:45
6a60b6743878b0480nB42tq6GFNX,舆情分析师,一云(江苏),20-99人,广告/公关/会展,本科,3-5年,"金融行业数据相关经验, 舆情报告, 财经, 舆情监测",7-9K·13薪,南京,,2026-06-05 02:34:45
609b40c705f5967f0nB639W7E1RW,交通数据辅助分析师,华设,1000-9999人,建筑设计,本科,经验不限,"管理, 交通, 大数据, 规划",5-7K,南京,,2026-06-05 02:34:45
045aaad478e3cb6c1nZ40ti0F1tX,数据分析师,金内控,0-20人,计算机服务,本科,,"SQL, Tableau, 大数据",100-120元/天,南京,,2026-06-05 02:34:45
55b2deff0ff388021nV73NS8FVJT,高级需求分析师,博雅区块链研究院,20-99人,互联网,本科,1-3年,"数据分析, 数据挖掘, 数据仓库, 数据采集",8-12K,南京,,2026-06-05 02:34:45
3c1e328d33e784531Xd70tW6FVtX,IPO行业研究员/分析师（南京）,汉鼎咨询,100-499人,咨询,本科,经验不限,"一般行业研究, ipo, 统计学, 二者兼具, 擅长企业财务分析, 行业及金融复合背景, 金融",7-12K,南京,,2026-06-05 02:34:45
b5e1c6f5a5c827880nB63N-_FlpZ,需求分析师SD（ERP/WMS/MES),博锐星润,100-499人,计算机软件,本科,3-5年,,9-12K,南京,,2026-06-05 02:35:06
dcb3cad909694f580nB53dm5FFdY,证券分析师,湖口普惠,20-99人,新能源,本科,3-5年,,12-17K,南京,,2026-06-05 02:35:06
f45880e9668258c71Xx-09u-E1ZZ,数据分析师,南京乐游,0-20人,游戏,本科,1-3年,数学/统计相关专业,4-6K,南京,,2026-06-05 02:35:06
ce39b3a9ea1493070nV939i1FFdZ,投资分析师,盈诚信,0-20人,投资/融资,硕士,3-5年,"人工智能, 私募股权基金",9-11K,南京,,2026-06-05 02:35:06
58063a96acdcfd7e0nd72ti8FFpV,医疗数据分析师,南京解智维生物科技,20-99人,学术/科研,硕士,1-3年,"SQL, Python, R, SPSS, SAS, 数据分析/挖掘经验, 数学/统计相关专业, 医学",10000-20000元/月,南京,,2026-06-05 02:35:06
21cc7e5f590a201a03R93t60EVNZ,数据分析专员,安欣养老,20-99人,其他生活服务,本科,3-5年,"数学/统计相关专业, 数据分析/挖掘经验, 金融行业数据相关经验",5-7K,南京,,2026-06-05 02:35:06
bfdae4fc9b44401a0nZ43t28EFJR,需求分析师,南京恩博,100-499人,计算机软件,本科,3-5年,"Axure, Visio, 计算机/软件工程相关专业, 软件需求分析管理经验, 林业, GIS, 应急, 气象预警, 智能安防",10-13K,南京,,2026-06-05 02:35:06
6e0c94b05e3c07601XN72Nq1FFFZ,平台运营经理,猎宝网,100-499人,互联网,本科,5-10年,"数据运营, 运营总监, 数据分析, C端用户运营, 社群运营, 线上用户运营, 游戏平台运营, 游戏类",18-25K,南京,,2026-06-05 02:35:06
9223dba6bf3bd42a0nZy3d-5GFBX,财务分析师,南京希烽光电科技,100-499人,半导体/芯片,本科,3-5年,,15-25K·14薪,南京,,2026-06-05 02:35:06
77c7b47618b818b40nB809W5F1ZS,食品研发总监（即食产品方向）,南京兆丰华生物科技,100-499人,食品/饮料/烟酒,本科,5-10年,"项目管理, 商业产品, 供应链产品, 产品设计, 用户研究, 产品运营, 数据分析, 产品团队管理",40-50K·15薪,南京,,2026-06-05 02:35:06
28641766c38051e80nV83NS-E1BT,急招！！抖音短视频内容运营,南京蓝湖,0-20人,电子商务,本科,1-3年,"数据分析, 短视频运营, 专业脚本, 后期剪辑, 短视频拍摄",10-15K,南京,,2026-06-05 02:35:06
187c910d710d896803F82tS9F1tQ,数据产品经理,知末,100-499人,互联网,本科,1-3年,"TO C, SQL, 推荐产品, 搜索产品, C端产品, 内容产品, 数据分析, MySQL",13-26K·13薪,南京,,2026-06-05 02:35:06
2e9c5fe7dd0c18051n1_09i4EltX,数据分析工程师,南京小米,10000人以上,互联网,本科,3-5年,"Java, Python",22-35K·14薪,南京,,2026-06-05 02:35:06
6d176efc50fdbf6f0nB709i6EVZV,南京新街口w.management女装店经理,宁波喻义品牌管理,500-999人,批发/零售,本科,3-5年,"销售经验, 员工培训, 熟练使用办公软件, 陈列管理, 连锁门店经验, 就近分配, 财务管理, 不需要出差, 数据分析, 不需要晚班/夜班, 服饰鞋包, 业绩管理, 不需要倒班, 需要卖场经理经验, 五险, 3-5年卖场经理经验",15-21K,南京,,2026-06-05 02:35:06
78ea46985888c6660nd63dy5ElJT,数据产品经理（自研）,小西科技集团,100-499人,互联网,本科,3-5年,"市场调研, 需求分析, 产品设计, 用户研究, 用户增长, 数据分析",12-18K,南京,,2026-06-05 02:35:06
febfbc0a6661c3fe1HV409m9FFtX,服装商品专员,南京途汐品牌管理,20-99人,电子商务,本科,1-3年,"计划, 数据分析, 商品企划",6-9K·13薪,南京,,2026-06-05 02:35:26
9403cdc11fec02260nV-2920GFdU,物流配送运营O2O,杭州孩子王儿童用品,10000人以上,电子商务,本科,1-3年,"企业内部物流部门, 数据分析, 承运商管理, 物流网络规划, 熟练使用WMS系统, 货物配送, 物流/供应链专业, 电商行业经验",9-14K·13薪,南京,,2026-06-05 02:35:26
735ce741c428daa40nRy09q-FlpQ,数据分析项目专员,南京立东数据科技,20-99人,咨询,本科,经验不限,"经济/工商管理相关专业, 数学/统计相关专业",4-7K,南京,,2026-06-05 02:35:26
499688d5cf29d05203V40t64FFNU,临床数据分析,南京医格尔,20-99人,互联网,硕士,3-5年,"医学相关专业, 临床工作经验, 统计学相关专业, SPSS, R语言, SAS",12-24K·13薪,南京,,2026-06-05 02:35:26
7addf6106aaf44371nZ63tm4EVRZ,海洋数据处理算法工程师,中安智能,100-499人,计算机软件,硕士,1-3年,"C++, 数据分析, 算法设计, Python",15-25K·18薪,南京,,2026-06-05 02:35:26
70be9fa428d4c9f40nd-2tu0GFtU,技术情报分析师,泉峰控股,1000-9999人,机械设备/机电/重工,本科,3-5年,"人工智能, 导航, 定位, 视觉, 技术发展路径",14-19K,南京,,2026-06-05 02:35:26
d924c63c2bef62880nR42du6GFBQ,风险控制专员(J10076),江苏领储宇能科技,20-99人,电力/热力/燃气/水利,本科,1-3年,"数据分析, 交易风控",12-24K,南京,,2026-06-05 02:35:26
9ff08ea8592754dc0nd509W8FFVX,店长,正中脊,100-499人,医疗服务,本科,1-3年,"需要门店店长经验, 不需要出差, 不需要倒班, 不需要晚班/夜班, 五险一金, 每周双休, 美容保健, 活动策划, 业绩管理, 数据分析, 卫生管理, 客诉处理, 熟练使用办公软件, 销售经验, 连锁门店经验, 线上平台运营, 3-5年门店店长经验",10-15K,南京,,2026-06-05 02:35:26
8d8b334a289a72ef1nR-2tm0F1VS,用户运营管培生,自然之源,100-499人,电子商务,硕士,1-3年,"用户运营, 数据运营, 数据分析, 用户画像研究, 社群运营, 用户行为分析, 用户增长, 用户激励体系",10-15K·13薪,南京,,2026-06-05 02:35:26
4aaa7333bc1f1ca503Z609W4FVZT,专利分析师,江苏和成显示,500-999人,化工,硕士,经验不限,专利分析,5-10K·13薪,南京,,2026-06-05 02:35:26
fa39820e19c6f88b1XZ_39-6FlNY,NLP算法工程师,新奇智能,0-20人,互联网,本科,经验不限,"自然语言处理, 深度学习算法, Python, 人工智能, 大数据, 数据分析",15-30K·14薪,南京,,2026-06-05 02:35:26
5be6df248ac235951HZ-2tm4F1NY,舆情分析师,火之云,20-99人,计算机服务,本科,经验不限,数据分析/挖掘经验,4-6K,南京,,2026-06-05 02:35:26
77091fdc713b14fa0nR52N6-FlBV,门店店总（合电占·成人电玩头部品牌）,合电占,20-99人,文化艺术/娱乐,本科,5-10年,"包住, 五险, 五险一金, 需要门店店长经验, 潮玩, 活动策划, 业绩管理, 财务管理, 数据分析, 员工招聘, 销售经验, 连锁门店经验, 线上平台运营, 5年以上门店店长经验, 19-21点下班, 21-23点下班, 23-24点下班",12-20K·13薪,南京,,2026-06-05 02:35:26
1e0cb7625d643bde0nB_39m5E1JX,月子中心店长/月子中心现场咨询主管,元恩漫享,20-99人,其他生活服务,本科,1-3年,"不需要倒班, 不需要晚班/夜班, 五险, 母婴用品, 童装店, 儿童乐园, 保健/养发, 美容美体, 业绩管理, 客诉处理, 员工招聘, 活动策划, 数据分析, 需要门店店长经验, 熟练使用办公软件, 销售经验, 连锁门店经验, 线上平台运营, 美容保健, 亲子购物/活动, 摄影店, 酒店/民宿, 1-3年门店店长经验, 3-5年门店店长经验, 5年以上门店店长经验, 不需要出差",15-21K,南京,,2026-06-05 02:35:26
cb4677b57b9b1f0b0nd40ty0EVNS,资深商业分析师/项目经理（AI方向）,某大型智能硬件公司,100-499人,智能硬件,本科,经验不限,"计算机相关专业, AI产品, 战略规划, 大模型, 数据中台, 软件项目管理",40-65K·16薪,南京,,2026-06-05 02:35:26
f4107952d6a5f1e20nB729y9ElRW,数据分析助理｜SQL/Python/Excel方向,南京斐梅,0-20人,进出口贸易,本科,1-3年,"SQL, Python, MATLAB, Tableau, Power BI, 数据分析/挖掘经验",5-8K,南京,,2026-06-05 02:37:48
4be99f510317ce6f0nB42t66GVJU,数据分析师,康缘,1000-9999人,医疗健康,本科,在校/应届,,8-13K,南京,,2026-06-05 02:37:48
149395cf34e728080nd_0tW6GFpT,数据分析师,数族科技,20-99人,计算机软件,本科,5-10年,,13-16K,南京,,2026-06-05 02:37:48
a03bfa3591cdc0570nZ93Nm5EFRZ,数据分析研判员（上海）,某大型电力公司,100-499人,电力/热力/燃气/水利,学历不限,5-10年,,15-25K,南京,,2026-06-05 02:37:48
7873442a0c0df9e70nB-2d26ElFS,策略运营专家,满帮集团,1000-9999人,互联网,本科,1-3年,"业务数据分析, 业务模式/运营策略优化, SQL, Tableau/Power BI, 计算机相关专业, 金融/经济相关专业, 统计/数学相关专业, 不接受居家办公, 策略运营, 数据分析, 风险策略运营",20-40K,南京,,2026-06-05 02:37:48
43b092e66f4d23d00ndz3dW_EFNQ,数据分析助理,南京璟承科技有限公司,20-99人,电子商务,本科,1-3年,,6-10K,南京,,2026-06-05 02:37:48
670fd7684edcbec90nR_09m6E1ZU,数据分析师,初刻电商,100-499人,电子商务,大专,3-5年,,7-12K,南京,,2026-06-05 02:37:48
5ea9771685529ac40nV_3927FVZT,数据分析师,南京芯瑞电力,100-499人,计算机/通信/其他电子设备,本科,经验不限,"SQL, 数据分析/挖掘经验",8-10K,南京,,2026-06-05 02:37:48
30f689fb1cca9383031839W1GFpY,线上兼职数据分析师,武汉震烨,20-99人,文化艺术/娱乐,本科,1-3年,,8000-17000元/月,南京,,2026-06-05 02:37:48
3b26d66860dfbfe40nB83d-4GVVV,数据分析员,重庆软维科技有限公司,500-999人,计算机软件,大专,3-5年,五险一金,6-8K,南京,,2026-06-05 02:37:48
6f0ec345cf53b17d0nd82N24ElVS,SPSS、Stata、Python数据分析师-线上兼职,睿思众达,20-99人,学术/科研,硕士,经验不限,,300-350元/时,南京,,2026-06-05 02:38:09
20b1c4802b6cab7d0nB43NS8FFpV,人工智能数据分析师,佳格天地,100-499人,大数据,本科,经验不限,,8-12K,南京,,2026-06-05 02:38:09
bd1a4008d46f983c03R_2Nq0GVZS,数据分析助理（经验不限）,Funlife,100-499人,互联网,本科,1年以内,"跨境电商, excel, 五险一金, 经济/工商管理相关专业, 周末双休, 带薪年假, 计算机相关专业, 数学/统计相关专业",4-6K,南京,,2026-06-05 02:38:09
0f38e2fcfbf2a8090nRz2d-0GFRU,交通数据分析师,中设集团,1000-9999人,咨询,硕士,1-3年,"数据分析/挖掘经验, 计算机相关专业, 数学/统计相关专业, 物流行业数据相关经验",10-15K,南京,,2026-06-05 02:38:09
29c2661c4d85c0f21Hdy3Nu7FlNQ,Python数据分析师（亚马逊广告）,沿途,20-99人,汽车后市场,本科,5-10年,"机器学习建模经验, Power BI, 数据分析/挖掘经验, 电商/零售行业数据相关经验, SQL, Python",10-15K,南京,,2026-06-05 02:38:09
46775dd9116ebd590nV82du7FFJW,数据分析建模师（长期出差）,中科聚信,100-499人,咨询,本科,3-5年,,15-30K,南京,,2026-06-05 02:38:09
98401d8d7bcf95790nV83dS7GVBT,数据分析师（双休+五险一金）,南京可康,500-999人,进出口贸易,本科,3-5年,,9-14K,南京,,2026-06-05 02:38:09
412443e853ab2f6a0nB63tm0E1pW,数据分析师,马伍旺,500-999人,餐饮,大专,3-5年,"Python, R, Tableau, Power BI, SQL, 数学/统计相关专业, 计算机相关专业, 数据分析/挖掘经验",7-12K,南京,,2026-06-05 02:38:09
0902d9b60690eabc0nB83NS6EFJX,数据分析,浩鲸科技,10000人以上,通信/网络设备,本科,3-5年,,15-21K,南京,,2026-06-05 02:38:09
ffaa7bb237f44c8c0nB-3967FFBY,数据分析师-可视化看板,SHEIN,10000人以上,电子商务,本科,1-3年,,15-25K,南京,,2026-06-05 02:38:09
1f3052a728a507470nV42dW1EFpV,大数据分析师,云快充,100-499人,互联网,本科,1-3年,,12-20K,南京,,2026-06-05 02:38:09
444b680c8a30b0560nB53Nm_EFZW,数据分析员,万得,1000-9999人,大数据,本科,经验不限,数据分析,5-7K,南京,,2026-06-05 02:38:29
61cf9e9df4c78dd81nR43Ni6EFJW,商业数据分析,滴滴出行,1000-9999人,互联网,本科,,"商业分析, 数据挖掘, 数据分析, SQL, hive, Excel",150-200元/天,南京,,2026-06-05 02:38:29
00061507719cc36e0nZy0920FlBZ,抖音电商直播运营（直播运营、数据分析）,蓝嘉金,20-99人,电子商务,本科,3-5年,"不接受居家办公, 货物选品, 抖音（抖音火山）, 带货直播, 推广引流, 内容/脚本策划, 商务渠道维护",12-15K·13薪,南京,,2026-06-05 02:38:29
2d269948a44b57c91HZ-2927FlBS,数据分析师,知微,100-499人,互联网,大专,3-5年,"经济/工商管理相关专业, 家电, 舆情分析, 数学/统计相关专业, 舆情",7-12K,南京,,2026-06-05 02:38:29
65ab2775150e6a470nd83Nm0FVBQ,电商数据分析,南京致一科技,100-499人,电子商务,本科,经验不限,,5-8K,南京,,2026-06-05 02:38:29
2baf5d31e6c4d5140ndz29W5GVRX,数据分析师数据助理,图迈电力技术有限公司,0-20人,电力/热力/燃气/水利,本科,1-3年,,5-8K,南京,,2026-06-05 02:38:29
a4ae230bb57440410nR93tS5FVZR,数据分析师,舟谱数据,500-999人,互联网,本科,5-10年,,16-30K·15薪,南京,,2026-06-05 02:38:29
ad8e19d6ddd51f3d0nB53d-4F1tY,数据分析,江苏盛锦合生物科技,500-999人,宠物服务,本科,1-3年,"Power BI, SQL, Python, 数据分析",8-10K·13薪,南京,,2026-06-05 02:38:29
e996683ecf4286790nZ42N6_ElRW,数据分析师（居家办公双休）,领研未来,100-499人,培训/辅导机构,本科,1-3年,"SQL, Python, MATLAB, Power BI, 计算机相关专业, 数据分析/挖掘经验, 数学/统计相关专业, 教育行业, 在线教育, 教培机构, 成人教育, 教育",5-7K,南京,,2026-06-05 02:38:29
1edc70fd6f4d8b261H153t-9EVZW,买方分析师,民生期货江苏分公司,0-20人,证券/期货,本科,1-3年,"客户服务工作经验, 行业趋势分析, 投资课程讲授",5-9K,南京,,2026-06-05 02:38:50
3cf2e828848995a10nB_2967ElBR,数据分析师（RPA）,科然办公,20-99人,电子商务,本科,1-3年,,9-10K,南京,,2026-06-05 02:38:50
a930f235cea65a7b0ndz3d21GVpZ,电站效能数据分析工程师,林洋能源,1000-9999人,仪器仪表,本科,3-5年,,12-20K,南京,,2026-06-05 02:38:50
a5510be103bb28710nB73tu9GVtW,数据分析师（跨境电商）,自由兵国际,20-99人,电子商务,本科,1-3年,,9-13K·13薪,南京,,2026-06-05 02:38:50
ed5a965c05ac832d1XR70t-9GFQ~,数据分析员（财务类）,万得,1000-9999人,大数据,本科,在校/应届,"Office, 财务, SQL",4-8K,南京,,2026-06-05 02:38:50
ad3de82cc0f5a3cf1nx-0t60E1RZ,高级数据分析师,亿科人群健康研究院,0-20人,医疗服务,硕士,1-3年,"临床研究, 生物工程",10-15K,南京,,2026-06-05 02:38:50
718acdbae37956bf03N939u0FlJZ,电芯体系大数据分析,某大型知名新能源公司,10000人以上,新能源,硕士,1-3年,,30-45K·16薪,南京,,2026-06-05 02:38:50
93b556c601659e111X1-39u7GFpY,大数据分析师、创意研究,创腾文化传媒,100-499人,互联网,本科,3-5年,"数据分析/挖掘经验, 计算机相关专业, 电商/零售行业数据相关经验",4-8K,南京,,2026-06-05 02:38:50
cba2fed3ee1d071703Jz39u5E1tQ,股票交易策略分析师,启泰安全,20-99人,咨询,本科,5-10年,,10-15K,南京,,2026-06-05 02:38:50
e6227d310cc460311HFz2N2-GFZQ,高级数据分析师,南京凯唱软件有限公司,20-99人,计算机软件,本科,5-10年,"数学/统计相关专业, 计算机相关专业, 数据分析/挖掘经验, SQL, Power BI, ETL, 分析方法, 运营管理",15-30K·13薪,南京,,2026-06-05 02:39:11
01452353dcd5be3703V53Ny_EFZS,数据分析师,食想未来科技,0-20人,咨询,本科,3-5年,"SQL, Python, R, Tableau, Power BI, 数学/统计相关专业, 经济/工商管理相关专业, 数据分析/挖掘经验, 机器学习建模经验, 电商/零售行业数据相关经验",8-12K,南京,,2026-06-05 02:39:11
5e31f76738cf9aee1Hd709-8GVJQ,数据分析,江苏平义,20-99人,进出口贸易,本科,1-3年,"数据分析/挖掘经验, 数学/统计相关专业, 电商/零售行业数据相关经验",7-11K,南京,,2026-06-05 02:39:11
79863d62e6272cc81HN8296-FlRU,数据分析师,焦点科技,1000-9999人,电子商务,硕士,,数据分析/挖掘经验,120-150元/天,南京,,2026-06-05 02:39:11
77baf71dd4d13ac30ndz0929FVdR,连锁零售数据分析师 (MJ003891),特步(福建)体育用品,100-499人,批发/零售,本科,1-3年,,6-9K,南京,,2026-06-05 02:39:11
305fcce4a43f11e303d-39m5EFE~,数据分析师,金心阳,0-20人,在线教育,本科,1年以内,数据分析,2-7K,南京,,2026-06-05 02:39:11
91d8b81487a334f51nJ82960GFdT,数据分析,谊品弘苏科技,1000-9999人,新零售,本科,1-3年,线下零售,6-11K,南京,,2026-06-05 02:39:11
63a90d326dbc7f3e0nd-0ty5GFdS,大数据分析工程师（非开发）,南瑞信通,1000-9999人,计算机软件,本科,3-5年,"DCMM, DAMA, DGI, tableau, PowerBI",10-11K·13薪,南京,,2026-06-05 02:39:11
20d49ac9c497155103F-2Ni0EFpW,Python 数据分析师,南京基山,20-99人,计算机软件,本科,1-3年,"Hive, Power BI, 计算机相关专业, MATLAB, Python, SQL, 数学/统计相关专业",10-15K,南京,,2026-06-05 02:39:11
aa7ecfb6312adaf50XZ70926GVs~,数据分析师,天人研究院,0-20人,互联网,本科,经验不限,"数据分析, 数据挖掘, 数据仓库, 商业数据分析, 数据库开发",5-10K,南京,,2026-06-05 02:39:11
2ab619b429d3d9a21XV629y1GFRT,数据分析主管,南京新东方,1000-9999人,培训/辅导机构,本科,1-3年,"Python, SQL, Excel, R",10-12K,南京,,2026-06-05 02:39:11
2b92a75d807a57e21Xx52dq4EldU,数据分析师,建邺区轩享逸网络...,0-20人,大数据,本科,3-5年,"Tableau, 计算机相关专业, SQL, Python",25-50K,南京,,2026-06-05 02:39:11
33c063fd32c1ded31XN-39u6FFJR,时序数据分析算法工程师,亿朵网络,20-99人,学术/科研,硕士,1年以内,"SCI EI发表, 机器学习建模经验, 深度学习, 计算机相关专业, 数学/统计相关专业",10-15K,南京,,2026-06-05 02:39:32
e41c6bec2acfa06b1XF62N2_EVFX,电商数据分析经理,南京悟空供应链信...,20-99人,新零售,学历不限,1-3年,数据分析/挖掘经验,6-8K,南京,,2026-06-05 02:39:32
cdf35ae7bf772bc10nB82dS1EVdY,数据分析师,南京观洺,20-99人,进出口贸易,本科,1-3年,"SQL, Python, Power BI, 数学/统计相关专业, 计算机相关专业, 数据分析/挖掘经验, Excel, 大小休, 跨境电商",6-8K,南京,,2026-06-05 02:39:32
87454f2f3c4c323c0nB52N-8EVVY,数据分析师,甲骨文天之印,100-499人,电子商务,本科,1-3年,"SQL, Python, 数据分析/挖掘经验, 电商/零售行业数据相关经验",7-12K,南京,,2026-06-05 02:39:32
dd46cdca0b28d1b503B629i4EFRX,网络数据分析师,南京蓝昊茂晟科技,20-99人,机械设备/机电/重工,本科,,"Python, 数学/统计相关专业, 计算机相关专业, 经济/工商管理相关专业, 数据分析/挖掘经验, 机器学习建模经验",150-200元/天,南京,,2026-06-05 02:39:32
246a70f88d8c0aa0031_3NW1E1tT,R语言 数据分析主管,德达医药,20-99人,大数据,本科,3-5年,"医药CRO, SAS, 数据分析/挖掘经验, R语言, 统计学相关专业, Python",9-14K·13薪,南京,,2026-06-05 02:39:32
3d780525a0cfe9ad03d539q6ElNS,数据分析,苏州聚运行科技,20-99人,互联网,本科,1-3年,,5-7K·14薪,南京,,2026-06-05 02:39:32
5e1e102709879b7a03Z_2t2_GFpU,【OD】数据分析师,华为终端有限公司,10000人以上,互联网,本科,经验不限,,15-30K·15薪,南京,,2026-06-05 02:39:32
ef8652af68c3556f0nB439-1GVFT,连锁零售数据分析师,瑞步体育用品有限公司,100-499人,批发/零售,本科,1-3年,"SQL, 数学/统计相关专业, 计算机相关专业, 数据分析/挖掘经验, 电商/零售行业数据相关经验",6-9K,南京,,2026-06-05 02:39:32
d789f5243907393e0nd639u5GFRT,数据开发+数据分析,易联阳光信息技术,500-999人,计算机软件,本科,3-5年,,12-20K,南京,,2026-06-05 02:39:54
47e3adc5a645a8df1Hd42tm1EVdS,大气环境数据分析师,江苏尚推,100-499人,广告营销,本科,经验不限,"大气环境, 数据分析",8-10K,南京,,2026-06-05 02:39:54
c4f7c732f7592ce21XB429-8E1pZ,数据分析师（电商）,备好啦,20-99人,新零售,本科,经验不限,"SQL, Python, SPSS, 电商/零售行业数据相关经验, 数学/统计相关专业, 金融行业数据相关经验",6-10K,南京,,2026-06-05 02:39:54
30535f062c26c52e1XR_3NW5GFFQ,走航分析工程师,浦蓝,20-99人,环保,大专,1-3年,"环境监测, 大气, 走航, 数据分析",6-8K·13薪,南京,,2026-06-05 02:39:54
26b07b2672bfdf3a1HFy29m4GVE~,数据分析项目经理,大物移云,0-20人,大数据,本科,3-5年,"数据处理, 数据挖掘, 数据仓库",10-15K,南京,,2026-06-05 02:39:54
e548f5653fba7b9633J939y7E1M~,数据分析员,师豪商贸,20-99人,其他生活服务,大专,经验不限,"数据分析, 商业分析",4-8K,南京,,2026-06-05 02:39:54
686f10c98715bf7c3nN93d68FFU~,数据分析师,苏宁IT,10000人以上,互联网,本科,5-10年,"数据分析, 商业分析",13-25K,南京,,2026-06-05 02:39:54
3da70f0ba71f25611XV60t-5GVBW,数据分析师,华为,10000人以上,计算机软件,本科,经验不限,"R, Python, SQL",15-30K,南京,,2026-06-05 02:40:14
48a7f46a6ffd0d650nB_2t28EVJW,平台数据分析,国旅会展,100-499人,旅游/景区,本科,3-5年,"业务数据分析, 业务模式/运营策略优化, 营销活动效果分析, 数据分析/商业分析经验, 竞品分析, SQL",9-12K,南京,,2026-06-05 02:40:14
d54fd9cfa852aa6103xy2Nm9FVdR,数据分析师,南京秉谦信息科技,20-99人,计算机软件,本科,1-3年,"数学/统计相关专业, 数据分析/挖掘经验, 计算机相关专业",6-10K,南京,,2026-06-05 02:40:14
ae43a039269342470nB-0tS5ElNT,数据分析与处理工程师,南京予芯,100-499人,互联网,本科,1-3年,"C/C++, 图像算法, 深度学习, Python",11-18K,南京,,2026-06-05 02:40:14
1c0359a24922de161XB739S9GVNY,数据分析管培生,霖米科技,100-499人,智能硬件,本科,1-3年,"SQL, SAS, 经济/工商管理相关专业, 数据分析/挖掘经验, 金融行业数据相关经验",5-8K,南京,,2026-06-05 02:40:34
f815564895b6a85b0nRy2N-8EVtW,数据统计分析专员,南京昊润新材料,0-20人,批发/零售,本科,3-5年,数学/统计相关专业,5-7K,南京,,2026-06-05 02:40:34
fbe931ecd30e60360nd42tm-GFpV,电力市场数据分析（电力行业方向）,方天科技股份有限公司,500-999人,计算机软件,博士,经验不限,"业务数据分析, 数据分析/商业分析经验, 电力/国网/交易中心, 电力数据分析",30-40K,南京,,2026-06-05 02:40:34
bb8dc58344739c701nF7392-EFtY,数据分析专家,vivo,10000人以上,互联网,本科,5-10年,"业务数据分析, 业务模式/运营策略优化, 用户深度研究, 用户分析, 统计/数学相关专业, 计算机相关专业, 金融/经济相关专业, 用户增长, 数据分析/商业分析经验, Python/R语言, 市场数据分析, SQL",30-60K,南京,,2026-06-05 02:40:34
9c2503b49361219f03x82N-5F1ZX,临床数据分析,南京葆斯达医药科技,20-99人,生物/制药,本科,1-3年,,10-11K,南京,,2026-06-05 02:40:34
7be7b97864fbaf161XV73dW7GFpT,数据分析师,满帮集团,1000-9999人,互联网,本科,3-5年,"聚类分析, SQL, Python",20-40K,南京,,2026-06-05 02:40:34
9dd19065b39c3fa31HR62d--EFtX,数据挖掘与分析,链尚科技,0-20人,4S店/后市场,本科,1-3年,"Python, SQL",8-13K,南京,,2026-06-05 02:40:34
842bf47a5f1fa1f61H163dS4ElpV,生信（偏数据分析方向）,申友基因组研究院,100-499人,生物/制药,硕士,1-3年,"Python, 数学/统计相关专业, 机器学习建模经验",11-18K·14薪,南京,,2026-06-05 02:40:34
a6e31b982d18e20603Z809W6EVdS,数据分析-亚马逊,丽姝贸易,20-99人,进出口贸易,本科,1-3年,"电商/零售行业数据相关经验, 数学/统计相关专业",6-10K,南京,,2026-06-05 02:40:34
681bfe8c8f7dd45e03d92Nm6E1VR,电商数据分析师,众享优选,20-99人,电子商务,大专,1-3年,"数学/统计相关专业, 计算机相关专业, 数据分析",5-6K,南京,,2026-06-05 02:40:34
e1262dc440662ab91Hx-3Nq_GVFR,数据分析课程老师,蒸汽国际教育,100-499人,培训/辅导机构,本科,3-5年,"R, 数据分析/挖掘经验, 计算机相关专业, SQL, Python, 数学/统计相关专业",15-30K,南京,,2026-06-05 02:40:34
782babf947251b3e1HJ_39y1ElRT,高级数据分析师,南京信海无涯网络安全,0-20人,信息安全,硕士,1-3年,"数据分析/挖掘经验, 计算机相关专业, 数学/统计相关专业, Python, SQL",8-11K·13薪,南京,,2026-06-05 02:40:34
bf46b4a6be3c3e6a0nB72N64F1NV,数据产品经理,银嘉集团,100-499人,进出口贸易,本科,3-5年,"MySQL, 大数据产品, 数据分析, 数据仓搭建, BI报表, 飞书多维表格",9-14K,南京,,2026-06-05 02:40:34
11d88a31a45d946103x-29y9E1FW,数据解决方案专家（数据科学家）,江苏华招网,100-499人,互联网,本科,5-10年,"中台产品, 数据分析, 需求分析, 产品设计",22-30K,南京,,2026-06-05 02:40:34
edbfa1a7437615c203x_3dy9EFBQ,数据分析师,南京解智维生物科技,20-99人,学术/科研,硕士,1-3年,"机器学习建模经验, 医学, R, SAS, 数据分析/挖掘经验, SPSS, Python, SQL",10000-30000元/月,南京,,2026-06-05 02:40:55
eddf7643e4069dd60nZ_0t29GVBZ,AI经营分析师,达禧汇,100-499人,企业服务,本科,3-5年,,8-13K·13薪,南京,,2026-06-05 02:40:55
ddc004342572ed4b0nZ53dy_GVVU,策略分析师-python（爬虫）base常州,爱回收,1000-9999人,生活服务(O2O),本科,经验不限,"Python, Pandas, MySQL, 爬虫经验, 自动化脚本经验",8-12K·13薪,南京,,2026-06-05 02:40:55
1f595ba984533b630ndy3d27FVFQ,电力业务分析师-PMS/PM模块顾问,宏天信业,500-999人,计算机软件,本科,3-5年,,25-30K,南京,,2026-06-05 02:40:55
3ba8d3b75a7796bb1XB-09u8FVRW,数据分析,华为,10000人以上,计算机软件,本科,在校/应届,"Python, 数学/统计相关专业, 计算机相关专业, 数据分析/挖掘经验",15-30K,南京,,2026-06-05 02:40:55
d0c03af723c118331Hxy0tW6E1pR,数据分析师,南京亦道,20-99人,新能源汽车,本科,3-5年,"数学/统计相关专业, 经济/工商管理相关专业, 金融行业数据相关经验",5-8K,南京,,2026-06-05 02:40:55
e7a67e36debc0eb40nR42Nu7FFNX,大数据智能分析工程师,弋慧海,0-20人,计算机软件,硕士,1-3年,"Java, PostgreSQL原理/源码, 要求数据开发经验, Spark原理/源码, 大数据引擎开发经验, 数据建模经验, 非外包类, Oracle原理/源码, 数据平台开发经验, 数据治理经验, 数据库内核开发经验, C/C++, Spark, 数据仓库开发经验, Python",15-30K,南京,,2026-06-05 02:40:55
87fa410acbf65eb20nB_3NS4EVZX,业务需求分析师（BA）,有点牛企业管理咨询,20-99人,咨询,本科,3-5年,,17-20K,南京,,2026-06-05 02:40:55
7bb23d6e23da71881HF_39W5FFpY,数据分析师助理,幸会科技,20-99人,互联网,大专,在校/应届,"经济/工商管理相关专业, 数据分析/挖掘经验, 电商/零售行业数据相关经验",3-5K,南京,,2026-06-05 02:45:05
49e4326a03f12b231Hdy0tW5FFdU,数据分析师,禾蓁,20-99人,进出口贸易,本科,1-3年,"excel, 数据分析师, 数据解决方案",5-10K,南京,,2026-06-05 02:45:47
0a452c5f16563fd91HJ62d-7GVVS,孟德尔随机化数据分析师,沿长科技(成都)...,100-499人,学术/科研,硕士,经验不限,"R语言, SCI, 孟德尔随机化, SPSS, 医学相关专业, 统计学相关专业, Python",7-12K,南京,,2026-06-05 02:46:09
b1b3697c5347ee240nB_2Ni6F1pX,数据分析师,南京乐淇星研技术咨询,0-20人,学术/科研,硕士,1-3年,"Python, R, MATLAB, SPSS, 数学/统计相关专业, 经济/工商管理相关专业, 数据分析/挖掘经验, 机器学习建模经验, 金融行业数据相关经验",1100-1200元/时,南京,,2026-06-05 02:46:30
b13f13726f0894120nd52tu7F1dX,数据分析师（生态环境污染源监管方向）,江苏巨鸿,100-499人,计算机硬件,硕士,1-3年,"Python, R, SQL, 数学/统计相关专业, 计算机相关专业, 数据分析/挖掘经验, 环境学科, 较强逻辑思维, 性格较好",10-15K,南京,,2026-06-05 02:47:32
1a7ccdf4d3d9197d03R_296_E1VU,大数据分析师,南京微淳科技,0-20人,计算机软件,本科,1-3年,"SQL, Python, Power BI, 数据分析/挖掘经验",20-30K,南京,,2026-06-05 02:47:52
7da6cccbb2715aa50nB82tq4EVBR,运力运营,美团,10000人以上,互联网,本科,1-3年,"企业内部物流部门, 数据分析, 订单管理, 物流业务开发",9-12K·13薪,南京,,2026-06-05 02:48:13
e37181bcd4128bf103N83d27FVRQ,python/c++架构数据分析师,砺算科技,100-499人,半导体/芯片,硕士,1-3年,"C++, Python",15-30K·14薪,南京,,2026-06-05 02:52:44
ebf115bb0623d61303dz2Nu5E1pZ,新闻数据分析实习生,知微孚瑞利,20-99人,大数据,本科,,"新闻传媒、中文, 国际关系, 政策及热点研究",100-150元/天,南京,,2026-06-05 02:53:04
2d030c740967985d03Bz3tu-FlNV,数据分析实习生,通联数据,100-499人,互联网金融,本科,,"数学/统计相关专业, 经济/工商管理相关专业, 金融行业数据相关经验, 英语",100-120元/天,南京,,2026-06-05 02:58:37
a24f2ee2a152fc3c0nB_2965F1BS,数据分析师(电商),青枫浦,500-999人,电子商务,本科,1-3年,"数据分析/挖掘经验, 电商/零售行业数据相关经验, Python, SQL, 数学/统计相关专业",7-11K,南京,,2026-06-05 02:58:57
f332f2b0de4ec7820nZy3NS0FFJZ,数据分析师,南京文享健康科技,500-999人,社交网络与媒体,本科,1-3年,"数学/统计相关专业, 计算机相关专业, 数据分析/挖掘经验",8-12K,南京,,2026-06-05 02:59:19
b602324d94ce32770nZ_0tu_E1tX,医美客服经理（大客+数据分析管理方向）,灵美东方医院,100-499人,医疗健康,本科,3-5年,"正常工作制, 办公室坐班, 不接受居家办公, 团队管理, 大客户维护, 客诉协调, 公司直招, 运营管理",15-20K·13薪,南京,,2026-06-05 03:01:03
9f2be41bacc731661XBz09y0E1VV,数据分析与技术支撑,江苏十方,1000-9999人,互联网,本科,1-3年,"机器学习建模经验, 系统编程, 数据分析/挖掘经验, 计算机相关专业, 数学/统计相关专业",6-7K,南京,,2026-06-05 03:01:23
a0884a63e3175b600nZ92N6-F1BX,数据分析,南京绿筱,0-20人,农/林/牧/渔,本科,1-3年,数据分析/挖掘经验,6-8K,南京,,2026-06-05 03:08:05
e0e347b9e1bec24e1HF52dq0F1RU,数据分析师（电商）,萱子饰品,1000-9999人,互联网,学历不限,经验不限,"Python, Tableau, 数学/统计相关专业, 数据分析/挖掘经验, 电商/零售行业数据相关经验",10-15K,南京,,2026-06-05 03:12:12
0976ea2848883f290nV-29y1EVBW,数据分析,南京钛度时空科技,20-99人,互联网,本科,1-3年,"数学/统计相关专业, 经济/工商管理相关专业, 数据分析/挖掘经验, 电商/零售行业数据相关经验",6-10K,南京,,2026-06-05 03:13:14
2839907e2631ff6e0nB62NS1FVFZ,数据统计分析专员,南京高喜电子,100-499人,智能硬件/消费电子,本科,3-5年,,6-7K,南京,,2026-06-05 03:13:34
90238bffe982eeb41XV72d26GVtT,营销数据分析师,正大天晴,10000人以上,医疗健康,本科,3-5年,"Python, SPSS, Excel, 医药 数据分析 销售",15-30K,南京,,2026-06-05 03:13:54
263988616d96d5b41nZ82Nm0FltU,临床数据统计分析师,南京帝基生物,20-99人,医疗器械,硕士,1-3年,"SPSS, SAS, 回归分析",10-15K·13薪,南京,,2026-06-05 03:14:15
25c5d6bc657fde071XV_3t65E1ZX,数据分析师,杭州数空科技有限公司,100-499人,移动互联网,本科,1-3年,"Python, SQL, 政府项目, 项目管理",10-15K,南京,,2026-06-05 03:14:37
4d80b5bbba3f271f031z0t29F1pT,数据分析师,利峰时代科技,20-99人,互联网,本科,1-3年,"SQL, Tableau",100-200元/天,南京,,2026-06-05 03:14:37
cdfabfc0e5361b690nZ_0tW8GFNZ,数据分析,常州某大型服装/纺织公司,10000人以上,服装/纺织,本科,经验不限,"Python, SQL",20-25K,南京,,2026-06-05 03:14:59
f629ecf492b039b00nV439m1FVVQ,大气数据分析,格维恩,20-99人,环保,本科,1-3年,,5-8K,南京,,2026-06-05 03:14:59
d110b29e8d46e72c1Hd72tm1E1RW,水务数据产品经理,南京金宁汇,100-499人,互联网,本科,5-10年,"大数据产品, 数据分析, 产品运营, TO B",15-30K,南京,,2026-06-05 03:14:59
5c5df52d83b8cc3a1HJ63NW4F1tT,数据建模及分析师,南京英利菲数智科技,0-20人,电力/热力/燃气/水利,硕士,1-3年,"C/C++, 团队管理经验, 规控算法, 图像算法, 深度学习, 大模型算法, 自然语言处理算法, 算法工程化经验, 强化学习, MATLAB, 优秀开源项目经历, Python",13-18K,南京,,2026-06-05 03:15:19
f98e3b43d55ec24903Z63Nm6FVJW,数据分析（接受无经验）,深圳某大型ICT基础设施与智能终端上市公司,10000人以上,计算机软件,本科,经验不限,"数据分析/挖掘经验, 计算机相关专业, SQL, Python, 数学/统计相关专业",15-30K·15薪,南京,,2026-06-05 03:19:26
792d0c28da01968503x939i7GFJY,数据分析/机器学习算法工程师,博晟宇,100-499人,计算机软件,本科,1-3年,"大模型算法, 自然语言处理算法, Python",10-15K,南京,,2026-06-05 03:20:49
d31ea55e11eb03e70nZ83dm8GFVV,数据分析师,上海华为技术有限公司,10000人以上,通信/网络设备,本科,经验不限,,11-22K·14薪,南京,,2026-06-05 03:26:40
f775db13a3897bbc03V509u4ElpV,生鲜超市店长,南京君博供应链管理,0-20人,批发/零售,本科,1-3年,"1-3年门店店长经验, 销售经验, 损耗管理, 熟练使用办公软件, 活动策划, 超市/食品, 就近分配, 库存管理, 需要门店店长经验, 生鲜店, 不需要出差, 不需要晚班/夜班, 数据分析, 客诉处理, 五险",6-10K,南京,,2026-06-05 03:29:31
bfc1c7837df0e5390nB739i0FlVT,欧盟AI 网络毒理分析师,燊华智能,0-20人,人工智能,硕士,5-10年,,12-15K,南京,,2026-06-05 03:29:52
223c8a3c6898246b0ndz2tS4EFJS,亚马逊运营（可接受跨行转行）,义乌市以九贸易,20-99人,进出口贸易,本科,1-3年,"数据分析, Shopee, Lazada, 英语读写能力, 英语, Amazon, Tik Tok",7-12K,南京,,2026-06-05 03:41:44
0cdec4d7edf941160nd70tu5EVNZ,需求分析师（需要出差））,南京童话镇网络科技,100-499人,计算机软件,本科,1-3年,,9-11K,南京,,2026-06-05 03:41:44
75c6342ebe6c097c0nB73Ny4FVNR,数据分析专员（单休）,南京万好供应链,1000-9999人,批发/零售,大专,1-3年,"数据分析/挖掘经验, 数学/统计相关专业",6-8K,南京,,2026-06-05 03:42:29
3a2b6245010fcf1703F-3N--GFVS,气象数据分析工程师,叁云科技,20-99人,人工智能,硕士,1-3年,"机器学习建模经验, R, 民航, 数据分析/挖掘经验, 气象灾害, MATLAB, Python, 城市洪涝",9-14K,南京,,2026-06-05 03:42:51
b203c104b87a58640nZy2Nm1FldT,AI预测建模战略实习生—客户服务与数据分析,博西家电,1000-9999人,其他行业,硕士,,,280-340元/天,南京,,2026-06-05 03:55:02
8caf0d1d6f502ffd0nB72t69E1dS,亚马逊数据分析师,南京啪啦啪啦,100-499人,进出口贸易,本科,1-3年,"电商/零售行业数据相关经验, 计算机相关专业",7-12K,南京,,2026-06-05 03:55:02
65211c5503e5f9c80nB_2t68E1FS,财务数据分析师实习生（限26届）,金鹰,10000人以上,生活服务(O2O),本科,经验不限,,4-5K,南京,,2026-06-05 03:55:44
eb6636ba123b733f0ndy39-9FFpX,股票分析师（IP打造+运营陪跑）,云谦才智,100-499人,互联网金融,本科,经验不限,"个股研究, 实盘交易经验, 证券从业资格, CFA持证, 金融/经济/管理相关学历, 证券公司, 证券投顾资格, 直播/讲课能力, 成熟的投资理念和方法, 投资课程讲授, 互联网金融, 证券投顾经验, 行业趋势分析, 证券从业经验",20-40K,南京,,2026-06-05 04:03:21
aa63f50ae5e032a803N52di_FlNW,中高级需求分析师,科能电力,100-499人,计算机软件,本科,5-10年,电力,12-22K·13薪,南京,,2026-06-05 04:04:22
da4fa84fb3e8078a0nZz0tW0FFZS,数据分析师（快消零售行业）,万辰集团,1000-9999人,批发/零售,本科,5-10年,"SQL, Python",15-25K,南京,,2026-06-05 04:07:31
9001d5f6e8f7573e0nd82t66E1BV,数据分析（远程面试，加班双倍）,拓维云创,1000-9999人,计算机软件,本科,1-3年,,10-12K,南京,,2026-06-05 04:07:31
455dd5b2c7693c720nB83tm0FFpS,数据分析员-南京,重庆软维科技有限公司,500-999人,计算机软件,大专,1-3年,,5-7K,南京,,2026-06-05 04:07:31
cb07b80aaf78f5e60nR52N29F1RU,电商数据分析师,南京雅鹏网络科技,0-20人,通信/网络设备,本科,3-5年,"数据分析/挖掘经验, 电商/零售行业数据相关经验, 数学/统计相关专业, Python",8-11K,南京,,2026-06-05 04:07:52
d5e427e8ea52c6e70nd_0tu9FFBR,数据分析师,数族科技,20-99人,计算机软件,本科,5-10年,,12-18K,南京,,2026-06-05 04:07:52
bc6b667c02c3116c0nB42ti4GFtQ,数据分析师,南京墨兰茶事餐饮管理,500-999人,餐饮,本科,3-5年,,10-15K,南京,,2026-06-05 04:07:52
9d9ed9edae2b600003B60928EVdV,数据分析师兼职,南京市摆渡人教育咨询,0-20人,大数据,本科,1-3年,,200-300元/时,南京,,2026-06-05 04:08:12
0bfb0e5ac73212140nVy29W8E1pU,数据分析师,南京优越,500-999人,电子商务,本科,1-3年,"Tableau, SPSS, Python, Power BI, 影刀",11-18K·13薪,南京,,2026-06-05 04:08:12
fc4122d16472abf903N42ti6FlNW,资深数据分析师 (客户数据挖掘方向),立趣,20-99人,计算机软件,本科,5-10年,"SQL, 数学/统计相关专业, 计算机相关专业, 数据分析/挖掘经验, 机器学习建模经验, 电商/零售行业数据相关经验",15-20K,南京,,2026-06-05 04:08:12
843d7a46535f699e031-3ty6FVpS,Stata数据分析兼职,国准研究院,20-99人,投资/融资,本科,经验不限,"经济/工商管理相关专业, Stata, 实证研究, 定量研究",30-50元/时,南京,,2026-06-05 04:08:12
b23e16380bb87f1303R909q9FVBV,数据分析师,锦慧资产,0-20人,投资/融资,本科,1-3年,"机器学习建模经验, 金融行业数据相关经验, 接受实习/在校生投递, 数据分析/挖掘经验, SQL, Python",8-12K,南京,,2026-06-05 04:08:12
7f3ebf24f9082e2e0nB-39W1GVVZ,经营数据分析专员,南京德净贸易有限公司,100-499人,电子商务,本科,1-3年,"业务数据分析, BI平台建设, 数据分析/商业分析经验, Tableau/Power BI, Python/R语言, SQL, 统计/数学相关专业, 金融/经济相关专业, 计算机相关专业, 电商",6-9K,南京,,2026-06-05 04:08:12
1960e97ec1e1724a1HJ-3Nq6FVBS,大数据产品经理,万象数据,0-20人,计算机软件,本科,3-5年,"市场调研, 产品设计, 数据分析",12-24K,南京,,2026-06-05 04:08:12
6d4dde645d1462e23nZ73Ny1ElY~,服装数据产品分析,三歌公司,0-20人,批发/零售,学历不限,经验不限,数据分析,4-8K,南京,,2026-06-05 04:08:33
97cd014e880de34f0nd80t68GFJT,数据分析师（监管报送方向）,江苏租赁,100-499人,租赁/拍卖/典当/担保,本科,经验不限,,11-22K·14薪,南京,,2026-06-05 04:08:33
7bb5054964e94a920ndy3tq6FVBW,数据分析师,多链互联,20-99人,企业服务,本科,3-5年,"Excel, Power BI, SQL",13-18K,南京,,2026-06-05 04:08:33
a5eda1562b334e090nZ82d-0FVVU,大数据分析与挖掘工程师,喆塔,500-999人,大数据,硕士,在校/应届,,10-15K,南京,,2026-06-05 04:08:33
1c3432f9ec9edd481Xd-09i-EVpQ,大数据分析工程师,南京铱迅,100-499人,信息安全,学历不限,经验不限,"Java, Python, Shell, SQL, Scala, Spark, Kafka, Hadoop",10-15K,南京,,2026-06-05 04:08:33
efe406f56faf13271HFz2Nm7F1dQ,数据分析师（MJ004049）,火花思维,1000-9999人,在线教育,本科,1-3年,"数学/统计相关专业, 计算机相关专业, 数据分析/挖掘经验, 业务数据分析",10-15K·14薪,南京,,2026-06-05 04:08:54
a61a58a49c97567803Jy3Nm1EFpW,数据分析师,上海却苏生物科技,0-20人,计算机服务,硕士,经验不限,"金融行业数据相关经验, 数据分析/挖掘经验, 计算机相关专业",500-4000元/天,南京,,2026-06-05 04:08:54
ff92e01f058343580nB50t27GVBU,电商数据分析,霍威空气净化技术...,100-499人,批发/零售,本科,1-3年,,11-16K·13薪,南京,,2026-06-05 04:08:54
e565ea4df9e977450ndz09S4GVdT,数据分析专员（南京）,江苏斐尚信息科技,100-499人,批发/零售,大专,经验不限,"Power BI, 数学/统计相关专业, 经济/工商管理相关专业, 数据分析/挖掘经验, 电商/零售行业数据相关经验, 数据分析, 销售助理, 连锁零售, 3C数码",5-6K,南京,,2026-06-05 04:08:54
daef736b0875489103F92dy1GFpZ,临床研究数据分析师,沿长科技(成都)...,100-499人,学术/科研,硕士,经验不限,"公共数据库, 医药相关专业, 医学统计, Excel, 临床工作经验, SCI文章发表, 机器学习, R语言, SPSS, 医学相关专业, 统计学相关专业, 科研工作经历, Python",13-20K,南京,,2026-06-05 04:08:54
cfff6503748d6d050nZ839i6FFdZ,高级数据分析师,Cupshe,500-999人,电子商务,本科,3-5年,"Tableau, Python, SQL",16-23K,南京,,2026-06-05 04:09:14
bd3bf32ae15b8d7f031809y6FFZV,财经主播分析师,上海颖集信息咨询,100-499人,互联网金融,本科,1-3年,"投资课程讲授, 行业趋势分析, 互联网金融, 证券公司, 客户服务工作经验, 证券投顾经验, 成熟的投资理念和方法, 直播/讲课能力, CFA持证, 证券从业资格, 证券投顾资格, CAIA持证",50000-260000元/月,南京,,2026-06-05 04:09:14
8a0260b9b2976f450nB82NS9GVRQ,客户分析师,江苏甲第景观设计工程,100-499人,建筑设计,大专,1-3年,,7-10K,南京,,2026-06-05 04:09:14
e352667bf718eba20nd-3Nu5FFRQ,数据分析经理,易联阳光信息技术,500-999人,计算机软件,本科,3-5年,,13-18K,南京,,2026-06-05 04:09:14
4233a1f5b9901e9f1Hx_29S1EVtT,大数据分析工程师,花瓣云科技,0-20人,互联网,本科,1-3年,"Java, Spark, Python",14-28K,南京,,2026-06-05 04:09:14
9c6f2aa9fa4265051nRz3dS-F1JR,数据分析实习生,明树数据,20-99人,大数据,本科,经验不限,数据分析,3-4K,南京,,2026-06-05 04:09:14
519b4bebd25c9a8003163N-5FlBU,数据分析实习生,智器云科技,100-499人,互联网,本科,,,100-120元/天,南京,,2026-06-05 04:09:35
7ce55989fa1c57320nB83tq4ElJT,业务分析师（大数据项目）,北京源讯信息技术,1000-9999人,计算机服务,本科,5-10年,"B端产品, 中后台产品, 数据产品, ERP产品/软件产品, 业务指标梳理, 数据平台，平台设计, 数据建模，星型, 雪花型，维度建模, 数据治理",15-25K,南京,,2026-06-05 04:09:35
f0e219b33cf4d1871nJ82ty-FlA~,数据分析师,住银所,20-99人,互联网,本科,1-3年,数据分析,4-6K,南京,,2026-06-05 04:09:35
2dc7a60a0a5004351nx53t64EVFQ,数据分析,京喜,10000人以上,电子商务,学历不限,3-5年,"Excel, SQL, Tableau",11-18K·15薪,南京,,2026-06-05 04:09:35
030a5d2dce1cb5341XV82tq-GFtY,数据分析师,Datakey,20-99人,大数据,本科,1-3年,"Python, SQL, Tableau, Excel, Power BI, Spark, 回归分析, 决策树",10-15K,南京,,2026-06-05 04:09:35
45078e834b2a9b370nR439i0GVtZ,数据分析专员,江苏金陵智枢医疗科技,0-20人,医疗健康,本科,1-3年,"SQL, Python, Tableau, Power BI, 数学/统计相关专业, 计算机相关专业, 经济/工商管理相关专业, 数据分析/挖掘经验",6-8K,南京,,2026-06-05 04:10:17
ae3f9103ca53bfbc0nR60tS9GFRU,需求分析师,极目大数据,20-99人,计算机软件,本科,3-5年,,6-8K,南京,,2026-06-05 04:10:17
ad00ef21b971df720nZy2NS8EVFZ,数据测试,中科创达,10000人以上,计算机软件,本科,1-3年,"自动化测试经验, 自动化测试, 数据分析, metric, 仿真, Python",10-15K,南京,,2026-06-05 04:10:17
3719b173f1f2b75d1n1-39S-FFRT,商品数据分析专员,上海爱发投资管理...,1000-9999人,批发/零售,本科,1-3年,线下零售,5-7K,南京,,2026-06-05 04:10:39
8a7e1ca52ab4e0eb031_2NW-FVBU,临床数据分析（南京三甲岗）,济爱医疗,100-499人,医疗服务,本科,,"临床工作经验, 医药相关专业, 医学相关专业",150-200元/天,南京,,2026-06-05 04:10:39
c399f15a50f1abe50nB_2dq5GVRY,驻场分析师（杭州）,中科链安,100-499人,互联网,本科,1-3年,"数据分析/挖掘经验, 数学/统计相关专业",5-8K,南京,,2026-06-05 04:10:39
a5e48d473ffd76501Hx52Nq5EVJT,数据产品经理,广州美保科技,100-499人,互联网金融,本科,3-5年,"需求分析, 产品设计, 数据分析",15-30K·14薪,南京,,2026-06-05 04:10:39
1bd0a7a044b157031Xx_39m9E1RV,数据分析员,南京一向箔,20-99人,互联网,大专,1-3年,"数学/统计相关专业, 数据分析/挖掘经验, 电商/零售行业数据相关经验, 双休, 六险一金",3-5K,南京,,2026-06-05 04:10:39
40555d3185c8557f1H143t20GVRU,商业情资分析师（市场）,尔特数科,20-99人,大数据,硕士,3-5年,"证券公司背景, Python/R语言, 竞品分析, 业务数据分析, 用户深度研究, 业务模式/运营策略优化, 金融工程, 定性研究, 统计/数学相关专业, 管理咨询工作经验, 英语可作为工作语言, 金融/经济相关专业, 数据分析/商业分析经验",12-18K,南京,,2026-06-05 04:10:39
868ab483118123ed3nx809m9EFA~,数据处理工程师,南京思影,0-20人,计算机软件,硕士,经验不限,"Python, Shell, Java, C语言, 数据分析",10-15K·13薪,南京,,2026-06-05 04:10:39
870e32ac8e06ba2303V72d-8E1tT,初中教师,人人培训,0-20人,培训/辅导机构,本科,5-10年,"重点初中一线教师, 教师, 初二, 初三, 小班教学（3-25人）, 培训机构, 初一, 线下教育, 一级教师, 三级教师, 初中教育工作经验, 初中教师资格证, 正高级教师, 数据分析, 大型教育机构经验, 高级教师, 毕业班经验, 二级教师, 不坐班",5000-8000元/月,南京,,2026-06-05 04:10:39
b148cdeb719681b13nd439-5FlU~,数据分析师,北京庭宇科技有限...,20-99人,移动互联网,本科,经验不限,"数据挖掘, Python, SPSS",3-6K,南京,,2026-06-05 04:10:39
acf20c83475ac2b60ndy2ti7GVFW,国际物流专员,南京泛成生物化工,100-499人,化工,本科,经验不限,"企业内部物流部门, 数据分析, 订单管理, 仓储管理, 物流/供应链专业, 英语能力好",8-13K,南京,,2026-06-05 04:10:39
144cb27f1902ebff0nZz2t-_GVJY,卖方分析师,南京江北新区洪沛...,0-20人,互联网金融,本科,1-3年,资金,20-40K,南京,,2026-06-05 04:21:26
a0800b036afcc2690nR62Ni_ElZV,大气环境数据分析工程师,浦蓝,20-99人,环保,本科,1-3年,"有环保工程师经验, 环评工程师经验",6-8K·13薪,南京,,2026-06-05 04:23:49
109876e01c3cdeca03R43dy-GFJQ,资深数据分析师,SHEIN,10000人以上,电子商务,本科,5-10年,"SQL, 数学/统计相关专业",30-40K·15薪,南京,,2026-06-05 04:27:20
254ddbd6f048949f0ndz2Ny7E1FU,互联网数据分析员,南京珏莘钰科技,0-20人,互联网,大专,1-3年,,5-7K,南京,,2026-06-05 04:27:20
863ab6ec7851d90a1HJ439-7EVZY,数据分析实习生,领行科技,1000-9999人,互联网,本科,,"SQL, 数学/统计相关专业",150-170元/天,南京,,2026-06-05 04:27:20
1d822807c462416e03183d-7GVpS,数据分析实习生,F6汽车科技,100-499人,互联网,本科,,"SQL, Python, Tableau, Power BI, 数学/统计相关专业, 计算机相关专业, 数据分析/挖掘经验, 电商/零售行业数据相关经验, DataWorks",120-200元/天,南京,,2026-06-05 04:27:42
b56a6e87867df25903d509y9FFpX,python数据分析师,物媒码科技有限公司,100-499人,物联网,本科,3-5年,,15-20K,南京,,2026-06-05 04:27:42
b7b8be5cdf636cf00nB40tu_FVNZ,大数据开发（侧重大数据分析）,联合永道,1000-9999人,计算机软件,大专,3-5年,"要求数据开发经验, 其他数据开发经验, Java, 其他, 游戏类数据分析经验",12-13K,南京,,2026-06-05 04:27:42
2d9186b833f8da9f1n140t-5E1FR,统计数据分析员,江苏中创,20-99人,咨询,本科,经验不限,"用户调研, 数据分析, 方案设计, 企业调研, 市场信息收集, 全职, 问卷设计, 报告撰写",6-8K,南京,,2026-06-05 04:27:42
7530146e8657647e03V82Nm4FFpU,bi数据分析师,南京凯唱软件有限公司,20-99人,计算机软件,本科,1-3年,"Power BI, SQL, 数学/统计相关专业, 计算机相关专业, 数据分析/挖掘经验, ELT, 分析方法, 运营管理",8-13K·13薪,南京,,2026-06-05 04:27:42
96c05088ba8e733d1H182dW7FlVZ,信息流广告优化师（接受小白）,花笙书城,500-999人,互联网,本科,经验不限,"数据分析, 理科生, 广告投放",4-7K,南京,,2026-06-05 04:27:42
42696f46cbc806540nZ42di9ElRY,AI点云数据分析师,南京澜光科技,0-20人,人工智能,本科,,,150-200元/天,南京,,2026-06-05 04:27:42
4193c3a0b0960d8803B72dW8GFJR,环境数据分析师,鸿安环境,0-20人,批发/零售,大专,经验不限,,5-8K,南京,,2026-06-05 04:27:42
c9497dfc6a82a2cc0nd43tu7FVBW,数据分析师,鲸点网络,20-99人,电子商务,本科,1-3年,,7-8K·13薪,南京,,2026-06-05 04:28:04
0307a9d69f06b5d60nB509i-FlZT,数据分析工程师（应届可投）(J12341),鱼跃医疗,10000人以上,医疗健康,本科,1-3年,"Python, MATLAB, 数学/统计相关专业, 数据分析, 数据处理",11-20K·14薪,南京,,2026-06-05 04:28:04
299073a6542f2b250nR73Ni-FVZR,数据分析,南阳禾牧农业有限公司,0-20人,进出口贸易,本科,3-5年,,8-10K,南京,,2026-06-05 04:28:26
4740f95f8da3f2380nZ_0ti5ElBS,数据分析师,南京伴吾科技有限公司,0-20人,人工智能,本科,在校/应届,"SQL, Python, Tableau, 数学/统计相关专业, 计算机相关专业",6-8K,南京,,2026-06-05 04:28:26
d2ef16687bf134ef1Hx73d-0EVNU,分析师,南京亦道,20-99人,新能源汽车,本科,1-3年,"经济/工商管理相关专业, 数据分析/挖掘经验, 风控相关经验",5-8K,南京,,2026-06-05 04:28:26
13cf25c9a2c8f55b0nB82dy_FlRU,资深数据分析师（社媒+AI可远程线上办公）,慧科讯业,1000-9999人,大数据,本科,5-10年,"NLP, AI应用, 舆情行业",15-25K,南京,,2026-06-05 04:29:09
3667524059ca55c00nB83Nu4EVFR,零售销售数据分析,瑞步体育用品有限公司,100-499人,批发/零售,本科,1-3年,"SQL, 数据分析/挖掘经验, 电商/零售行业数据相关经验",6-10K,南京,,2026-06-05 04:29:09
b03a6b8f6329c57c03153d-9FlpQ,数据分析研究助理,国准研究院,20-99人,投资/融资,本科,在校/应届,"经济/工商管理相关专业, Stata",8-10K,南京,,2026-06-05 04:29:09
a594c295cc6662ab0ndz3Nm7EltX,数据分析师,南京觅探数科,20-99人,计算机软件,硕士,1-3年,"相关分析, 数据分析/挖掘经验, SQL, Python, 数学/统计相关专业",8-12K,南京,,2026-06-05 04:29:52
d3506e3b523e1b700nVy2dS_EFNS,数据分析师,南京皓澜生物医药科技,20-99人,生物/制药,硕士,3-5年,,14-20K,南京,,2026-06-05 04:29:52
b485cc13e05c196a0nV73tu-GFRZ,电芯体系大数据分析,中国爱尔集新能源,1000-9999人,动力电池,硕士,3-5年,,20-40K·14薪,南京,,2026-06-05 04:30:13
463f34d7fc3fb9840nd90tW6GVtW,AI工艺数据分析战略实习生,博西家电,1000-9999人,其他行业,硕士,,,280-330元/天,南京,,2026-06-05 04:30:13
0a2bc0167bced63303Z52Ny8F1pZ,数据分析,晟合坤,100-499人,互联网金融,本科,经验不限,"金融行业数据相关经验, SQL, 数学/统计相关专业",5-9K,南京,,2026-06-05 04:30:13
b1b06e01032ef4131nN-0ty5GFdZ,初级数据分析师,南京数之信,20-99人,企业服务,本科,1-3年,"Excel, 描述统计, SPSS",4-5K,南京,,2026-06-05 04:30:13
bd4a0d8e0231169303J42dW6F1ZW,临床数据分析,南京伦德生物科技,20-99人,学术/科研,硕士,经验不限,"医疗学术及会务服务商, 兼职, 医药科研经验, 临床医学相关专业, SCI刊物发表经验",8000-50000元/月,南京,,2026-06-05 04:30:34
a1c58e46b0af8c371X1z3NW6FlJX,临床数据分析（生物统计）,南京从一医药科技...,100-499人,医疗服务,本科,1-3年,"临床工作经验, SAS, R语言, 医药相关专业, SPSS, 统计学相关专业",8-13K·13薪,南京,,2026-06-05 04:30:34
c40529ed35aa7e8403R43t27E1ZW,数据分析师,小米,10000人以上,互联网,硕士,在校/应届,"SQL, Python, MATLAB, Hive, 数学/统计相关专业, 计算机相关专业, 数据分析/挖掘经验",15-25K·15薪,南京,,2026-06-05 04:30:34
335434327ca7ffee1nJ_2Nq0ElFX,数据分析工程师,南京非线,0-20人,计算机软件,本科,经验不限,"Python, SQL",5-10K,南京,,2026-06-05 04:30:34
d64b7e1bab90435a0nZy2dm5EFFX,产品数据管理专家,锐捷网络,10000人以上,通信/网络设备,本科,10年以上,"数据分析, 数据治理, 数据数字化",30-60K·16薪,南京,,2026-06-05 04:30:34
26c3f4ea4156eaaa1nF43N61GVZW,亚马逊运营,奇拓科技,20-99人,电子商务,本科,1-3年,"店铺推广, 亚马逊, 数据分析, B2C跨境电商, 英语, 付费推广",9-12K·13薪,南京,,2026-06-05 04:30:34
72b02e436aff729e0nB73tm1EFNU,话务数据分析师,深圳慧通商务有限公司,1000-9999人,电子/硬件开发,大专,1-3年,"办公室坐班, 人力排班, 排班, WFM, 话务数据分析",6-7K·14薪,南京,,2026-06-05 04:34:24
35f3882a409ec0c30nB42Nm_F1pT,跑腿站长,美团,10000人以上,互联网,本科,1-3年,"企业内部物流部门, 数据分析, 订单管理, 物流业务开发",9-12K·13薪,南京,,2026-06-05 04:35:05
fae67a157fd38f350nd72d-0FldT,数据分析工程师,南京派光,100-499人,信息安全,本科,3-5年,"Python, 数学/统计相关专业, 计算机相关专业, 数据分析/挖掘经验, 机器学习建模经验",9-14K,南京,,2026-06-05 04:36:10
17fdc8a8f4ca504a0nV929u4GVpZ,数据分析师纯文职交社保,无憾咨询,20-99人,培训/辅导机构,本科,1-3年,"经济/工商管理相关专业, 出纳, 数据分析/挖掘经验, 计算机相关专业, 电商/零售行业数据相关经验, 财务, 数据统计文员, Python, 数学/统计相关专业",4-6K,武汉,,2026-06-05 04:51:17
f18e0d2f8d71f4ca0nV43N-_GVJU,数据分析师（业务导向）/早10晚7/周末双休,湖北方塘科技有限公司,500-999人,培训/辅导机构,大专,1-3年,"数据分析, 教培",7-10K,武汉,,2026-06-05 04:51:17
b48f2a7d0a01ad1c03J_3t-8GVNX,数据分析师（BI）,仕耀科技,500-999人,电子商务,本科,1-3年,"R, 数据分析, SAS, 数据分析/挖掘经验, 计算机相关专业, 电商/零售行业数据相关经验, Python, 数学/统计相关专业, 数据清洗",7-9K,武汉,,2026-06-05 04:51:17
78fa01b76791182f0nd52NW6FlRT,高级风控策略分析师,某中型互联网金融公司,100-499人,互联网金融,本科,3-5年,"海外现金贷, 消费金融, 跨国Fintech项目, 全流程信贷, 贷前准入",25-35K,武汉,,2026-06-05 04:51:17
c012977deff682400nB-3Nu6FFZZ,数据分析师,武汉思益特,20-99人,其他专业服务,大专,经验不限,"SPSS, 计算机相关专业, 数学/统计相关专业, 数据分析/挖掘经验",5-8K,武汉,,2026-06-05 04:51:17
02a61f228ad22b9903F70t29FVBX,高级游戏数据分析师,武汉众娱伙伴,100-499人,游戏,本科,3-5年,"文娱/游戏行业数据相关经验, 数据分析/挖掘经验, 数学/统计相关专业, SQL, Python",15-25K,武汉,,2026-06-05 04:51:17
bde6c7a32a69918703Zz3NW_FlNX,产品顾问（大数据方向）,深圳联友科技有限...,1000-9999人,互联网,本科,5-10年,"数据分析, 大数据产品, 数据治理, 需求分析, 数据中台, TO B, Axure, DAMA",15-30K,武汉,,2026-06-05 04:51:17
b3127150f540c2690ndz3d6_E1FT,数据分析师（双休）（J47670）,新东方,10000人以上,在线教育,本科,1-3年,"数据分析/挖掘经验, 数学/统计相关专业",10-12K,武汉,,2026-06-05 04:51:17
fed3504f1f21d8f903xz2925EVFR,数据分析专员（周末双休）,尚乐昊道,20-99人,游戏,本科,1年以内,"数据分析/挖掘经验, 文娱/游戏行业数据相关经验, 计算机相关专业, Python, SQL, 数学/统计相关专业",5-8K,武汉,,2026-06-05 04:51:17
202f0860d13cb6b40nB82ty7FVJU,数据分析专员/组长,不工书院,20-99人,培训/辅导机构,本科,1-3年,,6-9K,武汉,,2026-06-05 04:51:17
2225ed787e1feccf1Hx_2NW8FVBZ,数据分析,亿趣,100-499人,互联网,本科,经验不限,"SQL, Python, 数学/统计相关专业, 计算机相关专业, 数据分析/挖掘经验, 海外, 直播, 社交",10-15K·14薪,武汉,,2026-06-05 04:51:17
c7fb06bfa5a47d7b03B_3928E1RT,数据分析师,恒诺市场研究,0-20人,咨询,本科,经验不限,"经济/工商管理相关专业, R, 数据分析/挖掘经验, SPSS, 计算机相关专业, SQL, Python, 数学/统计相关专业",4-6K,武汉,,2026-06-05 04:51:17
eea1b9fd38cb4e420nZ80tW-FFVW,数据分析师,湖北星鹏能源有限公司,0-20人,电力/热力/燃气/水利,本科,1-3年,"数学/统计相关专业, 计算机相关专业, 金融行业数据相关经验, 数据分析/挖掘经验, 经济/工商管理相关专业",6-10K,武汉,,2026-06-05 04:51:17
ff3d18006d2fe0b10nB83dS6GFJU,高薪情感分析师,荟歆文化,20-99人,咨询,高中,1-3年,,14-22K,武汉,,2026-06-05 04:51:17
facc16c813b7eba80ndy2du-E1dU,大数据分析,中海华晟,100-499人,运营商/增值服务,本科,经验不限,,7-12K·13薪,武汉,,2026-06-05 04:51:17
5f6ca78f0458d85f1H1y3du0EldR,数据分析师,艾碳科技,20-99人,互联网,硕士,1-3年,"SQL, Python, 数学/统计相关专业, 计算机相关专业, 数据分析/挖掘经验, 机器学习建模经验",15-18K,武汉,,2026-06-05 04:51:40
6586f21406e77db21nV83dm9FFVW,城市经理（数据分析岗）,武汉黄绿蓝,20-99人,互联网,大专,1-3年,数据分析,4-6K,武汉,,2026-06-05 04:51:40
5fd04fb9b887f7440nB52tq9E1NZ,数据标注/AI训练/数据分析（双休）,纬致芯创科技,1000-9999人,计算机软件,本科,经验不限,"数据标注, 语音标注, 视频标注, 标注结果整理, 数据分析能力强, 小语种标注",6-8K,武汉,,2026-06-05 04:51:40
f4e166a847b1aeb303V43NS5EVdW,电力数据分析工程师,电科智芯,20-99人,智能硬件,硕士,3-5年,"C++, 深度学习算法, Python",15-20K·14薪,武汉,,2026-06-05 04:51:40
53ec1b188b8893d20nB439y6GVtT,数据分析师（总部）,岚图汽车,1000-9999人,新能源汽车,本科,3-5年,,12-20K·15薪,武汉,,2026-06-05 04:51:40
6a31c907c28717b90nVy3Nu4FFtY,数据分析员,武汉顺丰智达物流,100-499人,公路物流,本科,经验不限,"快递公司, 数据分析, 三方物流企业",6-7K,武汉,,2026-06-05 04:51:40
bc91f7267ac487e60ndy39S0FlVZ,数据分析师 广告平台方向,多比特,1000-9999人,游戏,学历不限,3-5年,"数学/统计相关专业, 数据分析/挖掘经验, 计算机相关专业",15-22K·14薪,武汉,,2026-06-05 04:51:40
39fe3ec5dcfe81300nd-2NS7FlVY,数据分析,武汉馨喜医疗管理,100-499人,医疗健康,本科,经验不限,,6-8K,武汉,,2026-06-05 04:51:40
8e1831a669a82b7a03Fy3d66GVdR,数据分析师,武汉市江夏区李志...,0-20人,移动互联网,学历不限,经验不限,,8-13K,武汉,,2026-06-05 04:51:40
57d6dd41ea7fa74c0nV_2NS6F1ZQ,python数据分析师,伯帝信息,20-99人,计算机软件,本科,1-3年,"GIT, Pandas, MySQL, polars, Oracle, Python",7-12K,武汉,,2026-06-05 04:51:40
f747c1a7889061480nB52dm0FlpQ,H89722岗大模型AI数据标注分析师-武汉,武汉佰钧成技术,1000-9999人,计算机软件,本科,1-3年,"数据标注, 不接受居家办公, 语音标注, 标注数据分析, 数据分析能力强",7-9K,武汉,,2026-06-05 04:51:40
49a628e60f23ae2c0nB439W4E1dW,小米汽车-数据分析专员-线上服务,小米,10000人以上,互联网,本科,5-10年,,11-22K,武汉,,2026-06-05 04:51:40
cdfd230c60f6c5c40nd90ty6FFdS,HR数据分析与专项运营支持-字节跳动,嘉驰英才,1000-9999人,人力资源服务,本科,1-3年,,8-13K·13薪,武汉,,2026-06-05 04:51:40
a49b9aef8194932c0nd-09m-F1RY,数据分析序列工程师岗,民生科技,1000-9999人,计算机服务,本科,5-10年,,30-45K,武汉,,2026-06-05 04:51:40
069036551511f3140nB72tm4GVBX,大数据分析工程师-商用车技术中心,东风汽车集团有限公司,1000-9999人,汽车研发/制造,博士,在校/应届,校招,面议,武汉,,2026-06-05 04:51:40
da22602966b1cc290nB52dq0GFJR,数据分析工程师,凌旭科技,100-499人,计算机软件,本科,10年以上,"数据分析/挖掘经验, 计算机相关专业, SQL, Python",7-10K,武汉,,2026-06-05 04:52:01
0ef4c5183d9365290nB-3dy5GVpS,运营主管（数据分析方向）,武汉小明和他的朋...,0-20人,广播/影视,大专,1-3年,,6-7K,武汉,,2026-06-05 04:52:01
3aaf6cf0e4ec398f1HRy3dy7EFpZ,数据分析,联翰电力,20-99人,电力/热力/燃气/水利,大专,1年以内,双休,5-6K,武汉,,2026-06-05 04:52:01
500c4cd833430c7f0nZ43ti_GFBY,大数据分析师,FKCP,20-99人,进出口贸易,大专,1-3年,"Power BI, SQL, Python",7-12K,武汉,,2026-06-05 04:52:01
928814a3d7927cd30nd82dW5FVVT,数据分析专员,智配库,100-499人,汽车后市场,大专,1-3年,"数据分析/挖掘经验, 汽车后市场",6-9K,武汉,,2026-06-05 04:52:01
049b83094575f01c0nB82N20E1JZ,高级数据分析师,哈哈零兽,500-999人,人工智能,本科,经验不限,"Power BI, 经营数据, 数据分析/挖掘经验, Tableau, SQL, Python",13-15K,武汉,,2026-06-05 04:52:01
03469350d8e039ed0nRz09W8FVNZ,区域数据分析-奕境,东风汽车集团股份...,10000人以上,汽车研发/制造,本科,3-5年,"社招, SQL, Python",10-15K,武汉,,2026-06-05 04:52:01
bde13bbdc240ba260nd-3tS5GFBT,储能系统数据分析工程师,楚能新能源,1000-9999人,动力电池,本科,3-5年,"Excel, Pandas, Spark, Python",15-25K,武汉,,2026-06-05 04:52:01
e6239644e3cf8a0d03dy3dS_EldU,数据分析师,武汉泓强大药房公司,20-99人,在线教育,学历不限,1-3年,"计算机相关专业, 数据分析/挖掘经验, 风控相关经验",10-11K,武汉,,2026-06-05 04:52:01
2c5b75fe85e5676f0nZ93t65ElJU,数据分析师,南京益生园投资管理,20-99人,互联网,本科,1-3年,"数学/统计相关专业, 计算机相关专业, 数据分析/挖掘经验",10-12K,武汉,,2026-06-05 04:52:01
dc612641f4e71da01Hd539y6GFNT,能源大数据分析专责,方源东力,100-499人,电力/热力/燃气/水利,本科,经验不限,,8-10K,武汉,,2026-06-05 04:52:01
9cbcef6081978db11XVz3Ni1FFFX,编程、数据分析、课程撰写及汇总,极点科技,0-20人,智能硬件,学历不限,经验不限,非教育企业,4-9K,武汉,,2026-06-05 04:52:01
da59a5cffb49103f1Xd92Ny5EFZR,数据分析师,华为技术武研所,10000人以上,通信/网络设备,本科,在校/应届,计算机相关专业,12-24K,武汉,,2026-06-05 04:52:01
40985d46b790fa4503Z72ty7E1ZW,数据分析师（实习可转正）,全景智联,100-499人,运营商/增值服务,本科,,"数据分析/挖掘经验, 计算机相关专业, SQL, 数学/统计相关专业",100-150元/天,武汉,,2026-06-05 04:52:01
bbece98fcbe6b0eb1HR73Nq9FVRS,数据分析专员,武汉热气球科技有...,100-499人,电子商务,本科,1-3年,"计算机相关专业, 电商/零售行业数据相关经验, SQL, Python, 数学/统计相关专业",5-8K,武汉,,2026-06-05 04:52:01
6f8314796cf8df0a1XZy29W1ElVS,易佰网络科技招聘供应链专员,易佰网络科技,1000-9999人,进出口贸易,本科,经验不限,"excel, 跨境电商, 仓储计划, python, 数据分析, 商品备货, 库存管控",7-11K,武汉,,2026-06-05 04:52:22
6f31266755c82c4a1XB43tu0F1ZR,数据统计分析师,蚨瑞科技,0-20人,广告/公关/会展,本科,经验不限,"R, SPSS, SAS, 数学/统计相关专业",4-8K,武汉,,2026-06-05 04:52:22
a3dfbc773abed5b61nJy0tW_EVFT,数据分析师（急聘+双休）,有方网络科技公司,100-499人,移动互联网,大专,经验不限,Python,5-10K·15薪,武汉,,2026-06-05 04:52:22
6e52a15d15cdda4a0nR_3tq0FVJR,数据分析师,武汉蚂蚁智控物联...,0-20人,装修装饰,学历不限,1-3年,"SQL, Python, 数据分析/挖掘经验",6-11K,武汉,,2026-06-05 04:52:22
5291840386ea5fce1Xx539i1F1VQ,数据分析师J,武汉醉仙艺商贸,0-20人,批发/零售,大专,经验不限,R,5-7K,武汉,,2026-06-05 04:52:22
f1c469ec9900ec780nB629-6E1VW,数据分析师（双休 氛围好）,新航道国际教育集团,1000-9999人,培训/辅导机构,本科,经验不限,,7-8K,武汉,,2026-06-05 04:52:22
d8f15084a00098b903F-2Nu_EFFS,大数据分析师,搞米科技,20-99人,其他行业,本科,经验不限,,9-14K,武汉,,2026-06-05 04:52:22
209a7d0267ccd29d03143d26F1dS,数据分析专员/主管,基芯软件,20-99人,计算机软件,本科,,"经济/工商管理相关专业, 电商/零售行业数据相关经验, 金融行业数据相关经验, 旅游行业数据相关经验",160-250元/天,武汉,,2026-06-05 04:52:22
1da6b265536ef9020nR73Ni5GVdT,python数据分析师,微视长信,20-99人,其他生活服务,大专,3-5年,"SQL, Python, R, 数学/统计相关专业, 计算机相关专业, 数据分析/挖掘经验",10-14K,武汉,,2026-06-05 04:52:22
f51b9aef8818d3650nV72t26FFVV,Python数据分析师（Python、数据处理为主）,武汉品创乐派,500-999人,电子商务,本科,1-3年,"爬虫经验, PostgreSQL, Pandas, Numpy, Python",7-10K,武汉,,2026-06-05 04:52:22
371d25a64aca2ce003x_0ty8FVNT,远程生信分析数据工程师,深圳邦汇,100-499人,其他专业服务,本科,1-3年,,300-500元/时,武汉,,2026-06-05 04:52:22
a5b17228ce2445c803dy3d69FVJS,海尔直播数据分析岗,武汉星睿创客传媒,1000-9999人,电子商务,大专,1-3年,"直播流程, 直播数据",15-22K,武汉,,2026-06-05 04:52:22
df81b75d6165d70b0nB509y4F1FR,大模型AI数据标注分析师-TPG 005,中电金信,10000人以上,计算机软件,本科,1-3年,,11-12K,武汉,,2026-06-05 04:52:22
32fea8d41634793f0nV629S1ElVR,销售运营主管（数据分析）,尚层装饰,1000-9999人,装修装饰,大专,5-10年,"业务数据分析, 业务模式/运营策略优化, 数据分析/商业分析经验",10-15K,武汉,,2026-06-05 04:52:22
15c33a542dfcb4fe03172du8FVtY,大数据需求分析工程师,微创光电,100-499人,计算机软件,本科,5-10年,"政府项目经验, 数据治理, 需求分析",17-20K·13薪,武汉,,2026-06-05 04:52:22
d7b831e8bae9befe1nx-2tq1EVRW,数据分析师（急聘+双休）,行思合众,20-99人,互联网,大专,1年以内,Python,6-10K·13薪,武汉,,2026-06-05 04:52:42
f1dfeeea024552c50nB43ty5GVFU,RPA工程师（数据仓，数据分析处理 部分）,武汉米菲儿,100-499人,电子商务,大专,1-3年,,4-8K,武汉,,2026-06-05 04:52:42
5c024685982a47c70nV63dW7FFtW,拉卡拉云掌柜后台数据分析师,和邻和鲜,20-99人,食品/饮料/烟酒,大专,3-5年,,5-6K,武汉,,2026-06-05 04:52:42
83f4e48dabf584c71HBz29u9F1dY,INSAR数据分析工程师,武汉坤驰智联,20-99人,计算机服务,本科,1-3年,"MATLAB, 数学/统计相关专业, 计算机相关专业, InSAR",9-14K,武汉,,2026-06-05 04:52:42
cceec6463f80cb650nB52tq5EFpR,武汉-大模型AI数据标注分析师,软通动力,10000人以上,计算机软件,本科,经验不限,"数据标注, 不接受居家办公, 语音标注, 标注结果整理, 视频标注, 标注结果抽查, AI, 区域标注, 大模型, 音频, AI训练, 图片标注, 文本标注, 标注数据分析, 描点标注, 标注方法优化, 标框标注, 分类标注, 英语专业",6-8K,武汉,,2026-06-05 04:52:42
1cd897ea80ef6da50XN73tW4GFs~,数据分析,久久同行,0-20人,计算机软件,本科,3-5年,"数据分析, VB, C++, VBA",8-13K,武汉,,2026-06-05 04:52:42
a93dac3e48da390803F50tu0EFJU,电商数据分析师,武汉凯丽购科技,20-99人,电子商务,大专,1-3年,"数据分析/挖掘经验, 电商/零售行业数据相关经验, 市场分析",5-10K·13薪,武汉,,2026-06-05 04:52:42
2a0f5152860042cb1nV42tq5GFVR,数据分析师,Joyous,0-20人,计算机服务,大专,3-5年,"数据分析, 数据挖掘, SQL, Python, R语言, R, Oracle, Tableau",6-7K,武汉,,2026-06-05 04:52:42
5acb3cfc8aa9459103Z82NW5GVZU,数据分析师,微银重庆征信,100-499人,其他专业服务,本科,3-5年,"风控相关经验, 金融行业数据相关经验, 风控策略, 数据分析/挖掘经验, 模型, 评分卡, 策略分析, 计算机相关专业, 策略优化, Python, SQL, 数学/统计相关专业",11-20K,武汉,,2026-06-05 04:52:42
c0ca678b9b30af5403N63d-1FlRY,高级数据分析师,微派,1000-9999人,互联网,本科,3-5年,,15-30K·14薪,武汉,,2026-06-05 04:52:42
c6ea077e602203091XBz29S1GVZX,数据分析师,武汉市易亿网络科技,1000-9999人,电子商务,本科,1-3年,"风控相关经验, 金融行业数据相关经验, 数据分析/挖掘经验, 电商/零售行业数据相关经验, Python, SQL, 数学/统计相关专业",10-15K,武汉,,2026-06-05 04:52:42
dbeea9dda871365f0nV839m1EVJT,python数据分析师,湖北腾牛,20-99人,移动互联网,本科,5-10年,"SQL, Python, Power BI, SAS, 数学/统计相关专业, 计算机相关专业, 数据分析/挖掘经验",15-17K,武汉,,2026-06-05 04:52:42
a9dbd7a59851cb4703V40tS0FldT,期货投资分析师,北京华源期货,0-20人,证券/期货,本科,1-3年,"互联网金融, 期货研究",8-12K·13薪,武汉,,2026-06-05 04:52:42
47d6eaf60f0833340nd-0tu1FldU,运营支持（数据分析）,作业帮,10000人以上,互联网,本科,3-5年,,10-15K,武汉,,2026-06-05 04:52:42
a58d1c1f693684cc0nd83du9FFdV,数据分析实习生,武汉中科瑞通,20-99人,互联网,本科,在校/应届,"深度学习, 人像算法, 图像生成, 图像处理库（OpenCV等）",2-3K,武汉,,2026-06-05 04:52:42
700a11b1503894b10nV_0t64GFJX,大模型AI数据标注分析师,博彦科技,10000人以上,计算机软件,本科,1-3年,"标注方法优化, 标注结果抽查, 标注结果整理, 数据标注, 标注数据分析, 不接受居家办公, 数据分析能力强, 语音标注, AI大模型运营实习经历, 英语、粤语、方言",7-8K,武汉,,2026-06-05 04:53:02
6a0452f5ba8b015c0nB-09u8FFRY,数据分析师,武汉海云健康科技...,100-499人,医疗健康,本科,3-5年,,12-20K,武汉,,2026-06-05 04:53:02
23ce6ff900972ee40nZz09q4FVBS,电商数据分析专员,米乐工程,20-99人,土木工程,本科,5-10年,,10-11K,武汉,,2026-06-05 04:53:02
65fc399fda99f84a1HV73d24ElJY,数据分析师,盛天网络,500-999人,互联网,本科,3-5年,"SQL, 数学/统计相关专业",14-22K·14薪,武汉,,2026-06-05 04:53:02
66805859ffdcb6401X1y2Ny4EFJY,数据分析,小米松果电子,10000人以上,互联网,本科,5-10年,数据分析/挖掘经验,30-50K·14薪,武汉,,2026-06-05 04:53:02
07ca1edca36ae7a10nRy2tS9GFdZ,数据分析师,怀远县荆山邱阳网...,100-499人,其他专业服务,学历不限,经验不限,SPSS,5-900元/时,武汉,,2026-06-05 04:53:02
f502b00c56894228031y2du-FVVQ,数据统计分析专员,安朵蓝服饰,100-499人,服装/纺织,中专/中技,在校/应届,"业务数据分析, 业务模式/运营策略优化, 营销活动效果分析, 投放数据分析",3-6K,武汉,,2026-06-05 04:53:02
e7ab29950ba722d40ndy39q6ElJX,数据分析师,开心烤餐饮,500-999人,餐饮,本科,3-5年,数据分析/挖掘经验,10-15K,武汉,,2026-06-05 04:53:02
baa258262115d2191Hd52tu_EFdS,数据分析师（BI工程师）,永隆酒业,100-499人,生活服务(O2O),本科,1-3年,"SQL, Python, 电商/零售行业数据相关经验, 计算机相关专业, 数据分析/挖掘经验",6-8K·14薪,武汉,,2026-06-05 04:53:02
4fb56f822834052303F83Nq6E1ZV,环境数据分析工程师,此方,20-99人,建筑设计,硕士,,,100-160元/天,武汉,,2026-06-05 04:53:02
3a07446ec5b966650nZ909S5GVZU,资深社交数据分析师,趣米科技,100-499人,互联网,本科,5-10年,,20-40K·13薪,武汉,,2026-06-05 04:53:02
bf77b489ef164b2a3nN539u4GVM~,数据分析师,武汉侏罗纪,100-499人,计算机软件,本科,5-10年,"数据分析, 数据挖掘",10-15K·13薪,武汉,,2026-06-05 04:53:02
da94f117aef2361703J83d67GVZS,需求分析师/产品经理,武汉电动汽车技术,20-99人,企业服务,本科,3-5年,"Axure, 计算机/软件工程相关专业, 软件需求分析管理经验",12-14K,武汉,,2026-06-05 04:53:02
c3cbb50f6d9e31cf03143dy9GFRR,数据分析师（兼职）,武汉市硚口区鑫怡...,0-20人,计算机软件,硕士,经验不限,"经济/工商管理相关专业, SAS, 数据分析/挖掘经验, 计算机相关专业, MATLAB, R, 金融行业数据相关经验, stata实证分析, 金融建模, 数据分析, 问卷分析, SPSS, 量化分析, Python, 数学/统计相关专业",8-13K,武汉,,2026-06-05 04:53:02
8226c487f09112ae03N42t-9FVNS,外贸数据分析员,泰吉亨,20-99人,进出口贸易,大专,5-10年,,6-8K,武汉,,2026-06-05 04:53:02
2d79f9a2ac90b30103Z-29m7FlBS,数据分析师,武汉伯克菲天科技,0-20人,食品/饮料/烟酒,本科,经验不限,"数学/统计相关专业, 计算机相关专业, 数据分析/挖掘经验, 金融行业数据相关经验",8-10K,武汉,,2026-06-05 04:53:24
729508ff3df958520nB_39i4GFBR,电商数据分析师,云阙贸易,20-99人,进出口贸易,本科,经验不限,"金融行业数据相关经验, 数据分析/挖掘经验, 数学/统计相关专业",6-10K,武汉,,2026-06-05 04:53:24
29dfe4d77e4da0b70nB83tW5EFtU,数据分析,宜昌馨喜综合门诊,100-499人,医美服务,本科,经验不限,,5-6K,武汉,,2026-06-05 04:53:24
91c02e0fd41a641a1XF729W5GFBQ,数据分析师,曼拓实业,20-99人,互联网,大专,经验不限,"SQL, Tableau, Power BI, 数据分析/挖掘经验, 电商/零售行业数据相关经验, 物流行业数据相关经验",4-6K,武汉,,2026-06-05 04:53:24
0de52f4978f49bff0nZ82tu1GVFU,数据分析师,武汉智原科技,20-99人,人工智能,硕士,1-3年,,10-15K·13薪,武汉,,2026-06-05 04:53:24
742f476b8d4d3d9a0nZ82tu5EldS,亚马逊—数据分析师（PMC方向）,金希达,20-99人,电子商务,大专,1-3年,"SAS, 数据分析/挖掘经验, 供应链数据分析, 计算机相关专业, 库存管理, Python, 数学/统计相关专业",6-10K·13薪,武汉,,2026-06-05 04:53:24
e8f06e268ac57a291Xx62t-9FlVZ,数据分析师,武汉聚一鑫电气科技,0-20人,批发/零售,本科,1-3年,"Power BI, 数据分析/挖掘经验, 电商/零售行业数据相关经验, 数学/统计相关专业",8-13K·13薪,武汉,,2026-06-05 04:53:24
c1b7c770d70aa20603x72t68GVBQ,风险数据分析师,夕秋,0-20人,互联网,本科,经验不限,,10-15K,武汉,,2026-06-05 04:53:24
170e020cfe10f53603142Ny9EVpW,数据分析师（电商经验）,桦川电商,100-499人,电子商务,本科,3-5年,"快消品, 传统电商, 数据分析/挖掘经验, 计算机相关专业, 电商/零售行业数据相关经验, SQL, Python, 数学/统计相关专业",8-10K,武汉,,2026-06-05 04:53:24
c3f25212af0342ee0nB53d28FFdW,高级数据分析师（AI咨询方向）,长飞光纤,1000-9999人,电子商务,本科,1-3年,,15-25K·14薪,武汉,,2026-06-05 04:53:24
e503d940b3602ecb0nB83N25E1tY,高级数据分析师(供应链方向),飞速创新,1000-9999人,互联网,本科,3-5年,,10-15K,武汉,,2026-06-05 04:53:24
b677eab090e40efe0nB829-1GFtX,电力交易数据分析/量化建模+数据统计,华夏创业,100-499人,互联网,本科,1-3年,"机器学习建模经验, 数据分析/挖掘经验, SPSS, 计算机相关专业, Python, 数学/统计相关专业",8-9K,武汉,,2026-06-05 04:53:24
13550607602d5dd90nB83d--F1pR,数据分析员,武汉大学,1000-9999人,非营利组织,硕士,经验不限,,8-13K,武汉,,2026-06-05 04:53:24
bc352ad8fefc82db0nVy2Nm9E1ZZ,电商数据分析专员,谦寻电商,20-99人,电子商务,大专,1-3年,"数学/统计相关专业, 计算机相关专业, 数据分析/挖掘经验, 电商/零售行业数据相关经验, 电商数据, 数据分析, 大数据分析",5-10K,武汉,,2026-06-05 04:53:24
ae2ef72a816f77231XJy0tu5ElBQ,数据分析师（武汉）,天正信息,100-499人,计算机软件,本科,经验不限,"数据分析/挖掘经验, 计算机相关专业, 数学/统计相关专业",4-8K,武汉,,2026-06-05 04:53:24
95bd0a84129ead0f1Hx-0968FlpU,数据分析师,吴与伦比,100-499人,电子商务,本科,3-5年,Python,10-15K,武汉,,2026-06-05 04:53:45
499d36f1c2ac76fa03Zy09y1FlZX,跨境电商产品开发(重数据分析),决策树信息,100-499人,电子商务,本科,1-3年,"数据分析, 商业产品, 竞品分析",10-15K,武汉,,2026-06-05 04:53:45
33dde30e8298fa240nV-2dW4FVRT,数据分析,江苏向上户外运动,20-99人,运动/健身,本科,3-5年,Python,8-12K,武汉,,2026-06-05 04:53:45
3d824eca8fb0ffb13nV-09-5EVs~,数据分析师,武汉慧辰,100-499人,大数据,本科,3-5年,"数据分析, 商业分析, 数据挖掘, Python, R语言, Excel, 数据架构师, 咨询领域",7-12K·14薪,武汉,,2026-06-05 04:53:45
c6088c1c5a45fe75031509-6F1pT,数据分析建模工程师,矩阵元,20-99人,计算机服务,本科,3-5年,,20-30K·13薪,武汉,,2026-06-05 04:53:45
f5e0dd1ea8f7dfb30nB709q_GVNX,风控策略分析师（高级）,某中型互联网金融公司,100-499人,互联网金融,本科,3-5年,,23-45K,武汉,,2026-06-05 04:53:45
325714223633210b03V-2t25E1JS,金融数据分析师,莱米,20-99人,互联网,本科,3-5年,"金融行业数据相关经验, 风控相关经验, 数据分析/挖掘经验",6-11K,武汉,,2026-06-05 04:53:45
007bf06d7e6c5d5903J62Nm0FltW,数据分析,某中型社交网络公司,100-499人,社交网络,本科,3-5年,"SQL, 数学/统计相关专业, 社交 游戏",15-30K,武汉,,2026-06-05 04:53:45
51c3b5e212b3bdbd03Z_09q0FltU,财经分析师,竹风远流,100-499人,互联网,本科,1-3年,"证券从业资格, 证券从业经验",20-40K,武汉,,2026-06-05 04:53:45
93fc9a798f427c2803183Nm0FFNS,资金数据信息分析师,和光智算,20-99人,互联网,学历不限,经验不限,"金融行业数据相关经验, 区块链资金分析, 数据分析/挖掘经验, 公安, SPSS, 资金分析—资金穿透, SQL, Python, 数学/统计相关专业",6-10K,武汉,,2026-06-05 04:53:45
78a1a37e4e7621f20nB_09S1F1ZU,投顾分析师（底薪6-10k）,武汉呦呦鹿鸣信息咨询,20-99人,咨询,本科,1-3年,"在线教育/自媒体, 证券从业经验, 证券投顾经验, 证券投顾资格, 证券从业资格",10-15K,武汉,,2026-06-05 04:53:45
bc6155d6f5ae35ed1XF70t67FlFY,电商数据分析师,武汉微星电商,20-99人,电子商务,本科,经验不限,"数据分析/挖掘经验, 数据处理, 电商/零售行业数据相关经验",5-10K,武汉,,2026-06-05 04:53:45
18844cf13b6134c803Ny3tu_EVVS,Arcgis数据分析师,湖北润地规划设计,0-20人,企业服务,本科,,"地理信息系统, Excel, 数据分析/挖掘经验, 土地资源管理, Python, Arcgis",80-130元/天,武汉,,2026-06-05 04:53:45
a1fa7d55b3e5001403Zz2dS-EldR,python数据分析工程师,卡弗卡科技,100-499人,计算机软件,本科,1-3年,"Python, PyTorch, TensorFlow, Hive",15-16K,武汉,,2026-06-05 04:53:45
9d29284f8749b87803J43t67FVdW,数据分析师,深圳第柒在线科技,100-499人,互联网,本科,1-3年,"数据分析/挖掘经验, 电商/零售行业数据相关经验",6-10K,武汉,,2026-06-05 04:53:45
dd6fb88e0fb0a5a60nB_2dm6GVtV,电商数据分析（医药 B2C）,欧立停头痛医学研究院,100-499人,医疗服务,大专,1-3年,"电商数据分析, 医药电商, 数据统计, 经营分析, 利润测算",6-11K,武汉,,2026-06-05 04:54:06
7c4f64f5148745ef1HNz3dy0E1dS,量化分析师,汇智坤元,100-499人,计算机软件,本科,经验不限,"金融, 量化, 统计, R, Python, Data Science, 数学, 计算机",20-40K·14薪,武汉,,2026-06-05 04:54:06
e28ea7c2c2b16da403163t-8ElJQ,电力行业数据分析师,北京清智物联科技...,0-20人,计算机软件,本科,3-5年,"SQL, 数学/统计相关专业, 计算机相关专业, 数据分析/挖掘经验, 机器学习建模经验, 电力行业",8-13K,武汉,,2026-06-05 04:54:06
66482a31e9e135971XN_2Ni0F1VU,腾讯会议数据分析工程师,腾讯云,1000-9999人,互联网,本科,1-3年,"Java, C/C++, Python",17-30K,武汉,,2026-06-05 04:54:06
67c10b16946916bd03Vz2ty8GVVU,数据分析师,鱼网数据,0-20人,计算机软件,学历不限,经验不限,"计算机相关专业, 数据分析/挖掘经验",4-6K,武汉,,2026-06-05 04:54:06
b9b6e99292d1e852031-2NW5FFpW,财经分析师,霍邱县尚贤网络工作室,20-99人,证券/期货,大专,1-3年,"证券投顾经验, 证券公司, 在线教育/自媒体, 直播, 基金公司, 证券从业经验",16-24K,武汉,,2026-06-05 04:54:06
3b225889e9a2529e0nB92960E1tT,资深系统工程师 AI算法 数据分析架构,某大型通信/网络设备上市公司,10000人以上,通信/网络设备,硕士,5-10年,"要求数据开发/架构经验, 要求有数据架构经验, 大数据引擎架构经验, 数据平台架构经验, Python, Spark原理/源码, Hive原理/源码, Spark, Hive, MySQL, 其他, 数据治理经验, 大型数据训练集测试集, 搭建网管数据湖",35-65K,武汉,,2026-06-05 04:54:06
6764222d244483df03xz0tq-FlNX,量化分析师/量化策略研究员,湖北省明阳创客科技,100-499人,培训/辅导机构,本科,3-5年,"编程与工具, 资产与产品, 数理基础, 策略研发全流程, 数据分析与建模, 金融知识, 风险量化分析师, 金融科技",20-30K,武汉,,2026-06-05 04:54:06
df1822052b325e0a1X1-2tW_EVdS,期货分析师,瑞达期货股份有限公司,1000-9999人,互联网金融,本科,3-5年,"期货从业资格, 期货分析, 期货投资分析证",10-15K,武汉,,2026-06-05 04:54:06
ab11a8ccf36ae22403B52Ni1E1NQ,大数据挖掘与分析工程师,顺丰科技,1000-9999人,互联网,本科,3-5年,,15-20K·14薪,武汉,,2026-06-05 04:54:06
402cb4655bb915a81H163tS1F1pY,临床数据分析,沿长科技(成都)...,100-499人,学术/科研,硕士,经验不限,"观察类研究类型, cox回归, 医学统计经验, R语言, 医学相关专业, 统计学相关专业",8-13K,武汉,,2026-06-05 04:54:06
e1a3fdd771a560b503x429y0EldQ,数据分析,紫云蝉,0-20人,信息安全,本科,1年以内,"计算机相关专业, SQL, Python, 数学/统计相关专业",10-12K,武汉,,2026-06-05 04:54:06
45b6d754d548e4840nB83t-4FFJQ,中高级需求分析师,博彦科技,10000人以上,计算机软件,本科,5-10年,,11-16K,武汉,,2026-06-05 04:54:06
5d4efb11dfb678d20nZ509m-ElFR,数据分析师,光谷鸿蒙,0-20人,新零售,本科,1-3年,"SQL, Python, MATLAB, Power BI, SPSS, 数学/统计相关专业, 计算机相关专业, 数据分析/挖掘经验",10-15K,武汉,,2026-06-05 04:54:06
20aca3872399ddfe0nB_3ty1FVpW,风电状态监测与数据分析工程师,重庆菲倍思科技,0-20人,风电,本科,1-3年,,5-10K,武汉,,2026-06-05 04:54:06
9bbf3df83b097cd41XN539--FVFY,数据分析师,思恒达科技,20-99人,物联网,本科,3-5年,"数学/统计相关专业, 计算机相关专业, 数据分析/挖掘经验",7-12K,武汉,,2026-06-05 04:54:27
745ef1a5f84a53141XNz09y0FFdX,需求分析师(J10215),九恒星,100-499人,计算机软件,本科,3-5年,Visio,10-13K,武汉,,2026-06-05 04:54:27
9b54e39d445eb8780nZ-2du1FVZZ,智慧交通数据分析师,武汉城投停车场投...,20-99人,政府/公共事业,本科,1-3年,"Python, R, 数学/统计相关专业, 计算机相关专业, 数据分析/挖掘经验",5-7K,武汉,,2026-06-05 04:54:27
418e32f7eee598670nZ72Nm6E1tT,证券分析师,信发科技,20-99人,证券/期货,本科,经验不限,,25-50K,武汉,,2026-06-05 04:54:27
d2d167d3efe4a9a21H1-3t68FVpW,定量药理分析师,宏韧医药,500-999人,其他专业服务,硕士,1-3年,定量药理,11-20K·13薪,武汉,,2026-06-05 04:54:27
eed48337f50bd1420nV43t-8F1ZV,AI大数据分析师,湖北质培,20-99人,培训/辅导机构,本科,1-3年,"Hive, Python, 计算机相关专业, 数据分析/挖掘经验, 数据开发经验, 数据平台开发经验, FlinK, HBase, Kafka",5-8K,武汉,,2026-06-05 04:54:27
8a8a34f2dae13b221HJ42t61FFBS,数据分析师,泓达九通,20-99人,大数据,硕士,3-5年,"数据分析/挖掘经验, 数学/统计相关专业, 车联网, 数据分析",14-26K,武汉,,2026-06-05 04:54:27
9baf37eb57c7a2ba0nd43Nq-FlBY,商业数据分析,武汉波波东,20-99人,互联网,本科,3-5年,"海外游戏, 欧卡休闲, 商业数据分析",15-20K·13薪,武汉,,2026-06-05 04:54:27
f8f5d08409ad64fd0nB70tu7FFVX,数据分析师(海外金融业务咨询方向),沙盒咨询,0-20人,咨询,本科,5-10年,"SQL, Python, R, Tableau, Power BI, 经济/工商管理相关专业, 数据分析/挖掘经验, 金融行业数据相关经验, 电商/零售行业数据相关经验, 机器学习建模经验",10-15K,武汉,,2026-06-05 04:54:27
08fa101aa4c9dd2d03d43dm8F1NS,数据处理分析专员,中卫慧通,20-99人,互联网,本科,经验不限,,120-150元/天,武汉,,2026-06-05 04:54:27
3027445be787250d1HJ92dW_EVFS,金融数据分析师,武汉鸾鸟网络科技,0-20人,计算机软件,本科,1-3年,"数据分析/挖掘经验, 计算机相关专业, Python, 数学/统计相关专业",4-7K,武汉,,2026-06-05 04:54:27
0cbd33fd9ab92bdf1H1z3N-6E1dZ,电商数据分析师,武汉解数商务咨询,20-99人,咨询,本科,经验不限,"接受实习/在校生投递, 数学/统计相关专业, 数据分析/挖掘经验, 电商/零售行业数据相关经验",6-7K,武汉,,2026-06-05 04:54:27
4ea9ce1826d6f95103J_0921GVpR,财经主播/财经分析师（可居家办公+高提成）,上海享才财经,20-99人,证券/期货,大专,1年以内,"证券从业资格, 互联网金融, 证券投顾经验, 证券投顾资格, 证券从业经验, 直播/讲课能力, 居家办公",27-50K,武汉,,2026-06-05 04:54:27
e65c7dca825e0de11XV92N67FVZS,数据/流程分析专员,顺丰数据,1000-9999人,快递,本科,经验不限,相关分析,7-9K,武汉,,2026-06-05 04:54:27
414e121ba7a03fb51XJ-2Nq7F1ZR,软件工程师（算法及数据分析）,大力电工,500-999人,机械设备/机电/重工,硕士,3-5年,"C/C++, MATLAB, IGBT, ARM",13-20K·13薪,武汉,,2026-06-05 04:54:27
785ec9094cc191250nB83t-6E1dV,数据分析,奇佶医美集团,100-499人,医美服务,本科,3-5年,"Python, SQL, 数学/统计相关专业, 计算机相关专业, 数据分析/挖掘经验, 经济/工商管理相关专业, 包吃, 额外年假, 连锁医疗机构, 医美机构",8-11K,武汉,,2026-06-05 04:56:49
e626a5e353f2ccdf0nB52ti6FFBW,大模型AI数据标注分析师（双休+五险一金）,中软国际,10000人以上,计算机软件,本科,1-3年,"数据标注, 不接受居家办公, 语音标注, 数据分析能力强, 描点标注, AI, 区域标注, 标框标注, 分类标注",6-8K,武汉,,2026-06-05 04:56:49
d899d4e1ea4b4c350ndz29y5E1pW,电商数据分析师,武汉品创乐派,500-999人,电子商务,本科,1-3年,,5-6K,武汉,,2026-06-05 04:56:49
d7b8d684f435ef240nd42N65FFJW,证券分析师（投顾+股票交易体系）,上海谦才云润科技,100-499人,互联网,本科,1-3年,,15-30K,武汉,,2026-06-05 04:56:49
93e8bd77e953be2703Vy0tW_ElZT,数据分析师,武汉市武昌区众合...,20-99人,咨询,中专/中技,经验不限,地图数据采集工程师,15-16K,武汉,,2026-06-05 04:56:49
b74806cd2d8b75980ndy2dy0EFpY,数据分析师（双休）（J47670）,新东方,10000人以上,在线教育,本科,1-3年,"数学/统计相关专业, 数据分析/挖掘经验",12-14K,武汉,,2026-06-05 04:56:49
603e1453168b46721HZz2di_GFJT,数据分析师,寻宝精灵,0-20人,电子商务,本科,经验不限,多元统计分析,10-11K,武汉,,2026-06-05 04:56:49
9cdaea72ccc5b27703dz3Ny_EFdZ,数据分析实习生,广州市福思特科技...,100-499人,计算机软件,本科,,,150-180元/天,武汉,,2026-06-05 04:56:49
1cf7feba8a59c91f0nB-39i-F1pU,数据分析师（双休 五险一金）,清博智能,500-999人,计算机软件,本科,1-3年,,5-8K,武汉,,2026-06-05 04:56:49
b4710197ddb7c63b0nB439q5FldS,数据分析师,宝技公司,100-499人,电子商务,本科,3-5年,,15-20K,武汉,,2026-06-05 04:57:10
0820928db84347631nRz2966F1FV,数据分析师,京东物流-华中区域,10000人以上,快递,大专,1-3年,"数据分析, SQL, Python",5-6K·13薪,武汉,,2026-06-05 04:57:10
af126054bee6bfa703d52d61F1BS,情感分析师+月入2w+早九晚六,武汉爱初心文化传媒,20-99人,广播/影视,学历不限,1年以内,"情感分析师, 情感婚恋咨询",15-21K,武汉,,2026-06-05 04:57:10
95c10f5623ec76221HN52dW4F1ZU,数据分析师,武汉海云健康科技...,100-499人,医疗健康,本科,1-3年,"数据分析/挖掘经验, 计算机相关专业, 数学/统计相关专业",8-12K,武汉,,2026-06-05 04:57:31
cb5ce26edadb56ec0nB53t-0F1JX,大模型AI数据标注分析师 百度大厂,软通动力,10000人以上,计算机软件,本科,经验不限,,7-9K,武汉,,2026-06-05 04:57:31
3703a3c0d8486a850nVy3ti4GFNX,数据分析师,讯发科技,20-99人,通信/网络设备,大专,1-3年,"机器学习建模经验, 风控相关经验, 数据分析/挖掘经验, SQL, Python",5-6K,武汉,,2026-06-05 04:57:31
6f3f9d0e2575576b0nB839q0FVVQ,股票投资分析师,乾晟达,20-99人,医疗健康,本科,1-3年,,10-15K,武汉,,2026-06-05 04:57:31
56253cf30380e3740nZ4296_GFJZ,嵌入式数据分析算法工程师,久乐科技有限公司,20-99人,医疗健康,本科,1-3年,,9-12K,武汉,,2026-06-05 04:57:53
74497be6eeb566e003J43dy8EFdW,数据分析师（电商方向）,桦川电商,100-499人,电子商务,大专,3-5年,,8-13K,武汉,,2026-06-05 04:57:53
407185287673d39803R639i6GFNS,腾讯云智-数据分析（武汉）,腾讯,10000人以上,互联网,本科,3-5年,"数学/统计相关专业, 计算机相关专业, 数据分析/挖掘经验",20-25K·13薪,武汉,,2026-06-05 04:57:53
6685376077a2aac303R729m9FlJY,数据分析师（双休 甲方）,易佰网络,1000-9999人,电子商务,本科,3-5年,"跨境电商, 亚马逊, 计算机相关专业, 电商/零售行业数据相关经验, Python, 数学/统计相关专业",8-13K,武汉,,2026-06-05 04:57:53
a7a3d2817e2d7a710nB83Nm0FFFV,抖音游戏主播分析师,武汉昂空文化传媒,100-499人,游戏,学历不限,经验不限,"五险一金, 无违约金, 带教培训, 无责底薪, 接受无直播经验, 直播不多于4小时, 游戏主播, 节日福利",20-40K,武汉,,2026-06-05 04:57:53
2f041cfcb9245af10ndz3N-5F1FT,大数据分析工程师（AI 教育）,上海寻元智能科技,20-99人,计算机软件,本科,5-10年,"数学/统计相关专业, 计算机相关专业, 机器学习建模经验, 数据分析/挖掘经验, SQL, Python, MATLAB, Power BI, 教育行业相关数据经验, 学生画像用户画像, 学情分析",15-30K,武汉,,2026-06-05 04:58:14
78adcf97bc455cdc0nB60ti7FFRW,数据分析师,武汉麒芯科技,20-99人,计算机服务,本科,3-5年,"pandas, Git, oracle, 数据分析/挖掘经验, polars, mysql, Python",8-12K,武汉,,2026-06-05 04:58:14
16ccf85dc9264e330nB83Nm8FlpS,数据分析师,科惠通,20-99人,其他专业服务,本科,5-10年,,16-22K·13薪,武汉,,2026-06-05 04:58:14
39c8610c09eba6700nV829W8ElFZ,数据分析师,智信能科,1000-9999人,风电,本科,3-5年,,10-15K,武汉,,2026-06-05 04:58:14
4ae63a961f95a5911HVz2dy7GVBY,数据分析师,武汉今夜到家健康科技,100-499人,美容,学历不限,经验不限,"R, Python",5-10K,武汉,,2026-06-05 04:58:14
efafadf3239744aa1HR53dS6GFJY,数据分析师,众志未来策划管理,0-20人,生活服务(O2O),大专,1-3年,"SQL, Python, MATLAB, 数学/统计相关专业, 计算机相关专业, 数据分析/挖掘经验",8-12K,武汉,,2026-06-05 04:58:35
2a7e028f712c861b0nB-09W8FFtS,高级产品经理（AI/数据分析方向）,任子行,1000-9999人,计算机软件,本科,5-10年,"B端产品, 数据产品",20-30K,武汉,,2026-06-05 04:58:35
f4122ae6e92f4ce503V809-9GVVU,咨询顾问（数据分析及算法方向）,武汉智网兴电科技开发,100-499人,电力/热力/燃气/水利,硕士,1-3年,"数据分析, 机器学习, 运筹优化算法, 深度学习, 大模型算法, MATLAB, 模型加速/性能优化, Python",9-12K,武汉,,2026-06-05 04:58:35
20e31a62cf8cd8181Hd83dq5FVdY,数据分析助理工程师,武汉嘉和,20-99人,风电,大专,1-3年,数据分析、计算机测控,6-8K·13薪,武汉,,2026-06-05 04:58:35
27dbe93928579a5a0nB-09m4FlNT,供应链数据分析,自然萃,100-499人,医疗健康,大专,3-5年,"电商/零售行业数据相关经验, 居家",4-5K,武汉,,2026-06-05 04:58:35
d40e0520440e4da40nR73t-7FVFV,新媒体运营主管+周末双休8k+,永科教育,100-499人,在线教育,本科,1-3年,"团队管理经验, 教育培训, 腾讯，百度，巨量投放, 聚光投放, 数据分析",8-13K,武汉,,2026-06-05 04:58:35
1c0e6a4cf82600de1XF529u6GFFW,数据分析师助理,武汉市博洁口腔门诊部,0-20人,医疗服务,大专,1年以内,"SQL, Python, Tableau",6-8K,武汉,,2026-06-05 04:58:35
ecaf86acfd93e2da03163du4FVdR,京东数据分析专员（包餐）,尚品衣诚科技,500-999人,电子商务,本科,1-3年,"数据分析, 数据分析/挖掘经验, 京东, 服装行业, 电商/零售行业数据相关经验",8-10K,武汉,,2026-06-05 04:58:55
f91bef761852ba480nB83926FVdR,大模型AI数据标注分析师五险一金,苏州英格玛集团,500-999人,人力资源服务,本科,1-3年,,7-8K,武汉,,2026-06-05 04:58:55
f85398ae638dd34803R83d29FlVT,大数据分析师,北京资采,100-499人,运营商/增值服务,本科,3-5年,"大数据分析, 数据分析/挖掘经验, 联通, 运营商, SQL, 数学/统计相关专业",8-13K,武汉,,2026-06-05 04:58:55
9f4f1fff825cba4003Fy39i0GFBU,数据分析工程师（急招）,武汉伏佳安达,20-99人,电力/热力/燃气/水利,本科,5-10年,数据分析工程师,8-13K·13薪,武汉,,2026-06-05 04:58:55
91de7b4301956cfb03x72tW9GVdW,数据分析师,畅想精彩,20-99人,游戏,本科,1-3年,,6-11K,武汉,,2026-06-05 04:58:55
c816772cde1e9c5803J429-1ElNW,数据分析师,灿天技术,20-99人,互联网,本科,3-5年,"文娱/游戏行业数据相关经验, 数据分析/挖掘经验, csgo",8-10K,武汉,,2026-06-05 04:58:55
bf5e7f07355aa2a90nZ73t--F1A~,数据分析师,捷众普惠(花生好车),1000-9999人,新零售,大专,经验不限,"需求分析, 数据建模, 数据采集",6-8K,武汉,,2026-06-05 04:58:55
67c20c4498b0bc600nZ_3d-8FFFR,数据分析师,武汉汉智通科技,0-20人,人工智能,本科,,,30-90元/天,武汉,,2026-06-05 04:58:55
ed635f2bd4d5ad620nB_2tS6FVBZ,会计（懂数据分析）,武汉钰博通讯有限公司,500-999人,通信/网络设备,大专,1-3年,"会计（会数据分析）, 财务分析",5-6K,武汉,,2026-06-05 04:58:55
02d179c690b1ded41HF82t27FFRU,数据分析师,湖北厚居协建设工程,100-499人,工程施工,本科,1-3年,"方差分析, 相关分析, 信度分析, 描述统计, 决策树, 回归分析, 多元统计分析, ROC分析",5-8K,武汉,,2026-06-05 04:59:15
d3c055035ade0afc0nR50t61F1NU,医疗软件数据分析师,同步远方,100-499人,医疗健康,本科,1-3年,,5-7K,武汉,,2026-06-05 04:59:15
9cbb0292361d856f1XZ70t60FFFV,数据分析师,聚光科技,1000-9999人,仪器仪表,大专,,Excel,100-150元/天,武汉,,2026-06-05 04:59:15
9571acbf750acb090nZ93NW8E1NZ,游戏数据分析师,动能无线,100-499人,游戏,本科,3-5年,,18-25K,武汉,,2026-06-05 04:59:15
52e68186e75ce04703Ry3tW0GVdW,数据分析师,武汉市江夏区吴星...,0-20人,食品/饮料/烟酒,本科,1-3年,,5-35元/时,武汉,,2026-06-05 04:59:15
09e8ff68b4cdfe5f03V-29i_E1dY,数据分析师,宇辰智品,20-99人,电子商务,本科,1-3年,"数据分析/挖掘经验, 电商/零售行业数据相关经验, SQL, Python, 数学/统计相关专业",7-12K,武汉,,2026-06-05 04:59:15
5a944fc25853d2520Xx-2Ny0EFU~,算法运维工程师,北京国能日新,500-999人,计算机软件,本科,经验不限,"机器学习建模经验, 数据分析, 数据分析/挖掘经验, 计算机相关专业, 数学/统计相关专业, Python",7-12K,武汉,,2026-06-05 04:59:15
6a267b723642761003Z63dS_EVNT,初级数据分析师,楚昀电子商务,20-99人,电子商务,本科,1-3年,,6-10K,武汉,,2026-06-05 04:59:15
0bc71400769b98670nd73Nq4E1ZU,跨境电商数据分析师,义乌市以九贸易,20-99人,进出口贸易,本科,1年以内,"计算机相关专业, 数学/统计相关专业, 大数据处理经验, 透视表",5-8K,武汉,,2026-06-05 04:59:15
e6177421b62a4ab93n1y3N66FVM~,大数据分析专员,华大基因,100-499人,医疗器械,本科,3-5年,"数据分析, 数据挖掘, 数据仓库, SQL, 数据采集, 商业分析",6-8K,武汉,,2026-06-05 04:59:15
5228e8440debb7060nV-0t65FVVS,电商数据分析员,武汉壹加壹,100-499人,医疗健康,本科,经验不限,,5-6K,武汉,,2026-06-05 04:59:15
0eaf80065a0826bc0ndy09q9GVJT,数据分析管培生,新佳宜便利店,500-999人,新零售,硕士,1年以内,"SQL, 数学/统计相关专业, 数据分析/挖掘经验",14-20K,武汉,,2026-06-05 04:59:15
5667daa1e265d9ea0nR62dm_EFtW,临床数据分析员,武汉医雅达,0-20人,医疗研发外包,博士,经验不限,,10-15K,武汉,,2026-06-05 04:59:15
21d0a59580b0bae21nJ43di9GVZW,数据分析师,锐杰科技,20-99人,互联网,本科,经验不限,"Python, Shell, 数据分析, 数据建模, 数仓建设, 城市大脑",10-15K,武汉,,2026-06-05 04:59:15
cd93aa00fa407de20nB52ty6F1ZV,需求分析师,亦智辉,0-20人,计算机软件,本科,1-3年,,5-10K,武汉,,2026-06-05 04:59:15
3f816117e661d7e503Fy2dW8EldZ,数据分析,武汉某大型汽车研发/制造上市公司,10000人以上,汽车研发/制造,本科,3-5年,,20-40K,武汉,,2026-06-05 04:59:36
f66c26a7525ad7fb0nB929-7F1dY,百丽时尚人力数据分析岗,百丽零售,10000人以上,服装/纺织,本科,5-10年,,7-9K·13薪,武汉,,2026-06-05 04:59:36
ed8a738472a9fe391XV709-4EltR,数据分析岗,万物云,10000人以上,物业管理,本科,3-5年,Excel,10-15K·14薪,武汉,,2026-06-05 04:59:36
19539ed3c497d86c0nZ82d-0F1tS,大数据分析与挖掘工程师,喆塔,500-999人,大数据,硕士,在校/应届,,10-15K,武汉,,2026-06-05 04:59:36
11d5fd88953ba3380nd42N28GFpW,bi数据分析师,北京中安豪杰大数...,0-20人,计算机软件,硕士,10年以上,,15-30K,武汉,,2026-06-05 04:59:36
f0a28c0270e8b4e61Hd43924ElJS,数据分析师实习生,中科君瀚,0-20人,大数据,本科,,"SAS, 数学/统计相关专业, 计算机相关专业, 机器学习建模经验",130-180元/天,武汉,,2026-06-05 04:59:36
5d480fac0fe3ad0c03172d61FldU,数据分析工程师,康普常青,100-499人,电力/热力/燃气/水利,硕士,1-3年,,8-13K,武汉,,2026-06-05 04:59:36
bb8bc5691bc6dbdc03R50t-0FFVU,数据分析师,梓金山企业服务,20-99人,企业服务,硕士,5-10年,"Python, R, MATLAB, SPSS, 数学/统计相关专业, 计算机相关专业, 数据分析/挖掘经验, 机器学习建模经验, 金融行业数据相关经验",35-40元/时,武汉,,2026-06-05 04:59:36
3da1157bd7a561040nR90t69FFJW,大数据分析工程师,标旗武汉,0-20人,企业服务,硕士,1-3年,"数学/统计相关专业, 数据分析/挖掘经验",10-14K,武汉,,2026-06-05 04:59:56
119924c6957305f50nB-3du8GFJX,高级风控策略分析师,某中型互联网金融公司,100-499人,互联网金融,本科,3-5年,,20-40K,武汉,,2026-06-05 04:59:56
11e50cea947893731HF43NS5EVpW,行业分析师,武汉喻冠实业有限公司,100-499人,投资/融资,本科,3-5年,,10-11K,武汉,,2026-06-05 04:59:56
c9d9129bb75796320nRy09-5FVRU,投顾分析师,深圳优品投资分公司,100-499人,证券/期货,本科,1-3年,"投顾证, 投顾财经主播, 投顾财经讲师, 财经主播, 投顾讲师",15-30K,武汉,,2026-06-05 04:59:56
d35b26168593dbd903Z73Ny7EFpT,数据分析实习生,金山办公软件,1000-9999人,互联网,本科,,"数据分析/挖掘经验, 计算机相关专业, MATLAB, SQL, Python, 数学/统计相关专业",150-180元/天,武汉,,2026-06-05 05:03:03
fc4d76ed5902cba50nd_3ty6ElRW,拼多多数据分析【黑标+双休】,楼迪,20-99人,电子商务,学历不限,经验不限,,5-10K,武汉,,2026-06-05 05:03:03
0113012be357ca320nB82Nq_E1RT,电商运营经理/数据分析经理（全平台）,芸茄商贸,100-499人,电子商务,大专,经验不限,"有国内电商运营经验, 不接受居家办公, 淘宝, 天猫, 抖音, 拼多多, 1688, 美妆日化, 居家日用, 家装家具, 运动户外, 母婴玩具, 活动策划执行, 店铺0-1搭建, 爆品运营, 品类结构优化",15-25K,武汉,,2026-06-05 05:03:24
312d5ec40f05f9e31nB809-5F1BX,数据分析实习生,武汉飞猪,20-99人,电子商务,大专,,"数据抓取统计, CET4, Excel",100-150元/天,武汉,,2026-06-05 05:03:24
b59bb78fb8a900640nZ-29q9EVJZ,数据分析工程师,FKCP,20-99人,进出口贸易,大专,3-5年,,7-12K,武汉,,2026-06-05 05:03:45
c0ff06ee2841b58903x90tW6FFVT,数据分析师,武汉星睿创客传媒,1000-9999人,电子商务,本科,1-3年,"Python, R",10-15K,武汉,,2026-06-05 05:03:45
6a135048ad9bb07a0nB-3ty4ElFY,数据分析师（董助）,海伦司小酒馆,1000-9999人,餐饮,本科,1-3年,,15-20K,武汉,,2026-06-05 05:03:45
7c0e5ee37274849c031-2tW9F1VW,急聘--投顾分析师,湖北安佳文化传媒,20-99人,互联网金融,本科,1年以内,,12-13K,武汉,,2026-06-05 05:03:45
f368647eb1d3874003142Ni5EVBV,大数据分析师助理,武汉智咻科技有限公司,20-99人,互联网,大专,1-3年,,10-13K,武汉,,2026-06-05 05:03:45
5de3039e62cb091e0nZ_0tm4EVVV,全国招SAP FICO顾问（成本数据分析）,透云科技,500-999人,互联网,本科,5-10年,,25-35K·13薪,武汉,,2026-06-05 05:04:07
81523e2386a767840nB809W-E1FV,产品经理/需求分析师,中睿达,0-20人,计算机软件,本科,10年以上,,10-12K,武汉,,2026-06-05 05:04:07
79a049e03289bf9203N839i9GVZW,电商数据分析经理,吾道智翼,0-20人,人工智能,本科,1-3年,,8-13K,武汉,,2026-06-05 05:04:27
aeaecdeebe90b3f50nB709W_F1ZU,情感分析师,佳期如约,20-99人,文化艺术/娱乐,学历不限,经验不限,,6-7K,武汉,,2026-06-05 05:05:10
cc64b4582bcdd66503F73t60EVtT,足球分析师,海南驷海互动娱乐,100-499人,培训/辅导机构,学历不限,经验不限,"授课直播, 聊天直播, 游戏直播, 娱乐/时尚直播, 新闻直播",15-30K,武汉,,2026-06-05 05:05:10
94a72eb9b82a67c41n1y29y9GFZU,数据分析师,苍鹰,0-20人,进出口贸易,本科,5-10年,"Excel, SPSS, SAS",10-11K,武汉,,2026-06-05 05:05:30
ba4d4e88bf2bad670nZ52d-4F1BQ,电商数据分析师,武汉巨量本地文化传媒,0-20人,互联网,大专,1-3年,,6-10K,武汉,,2026-06-05 05:05:30
e89eda5534c59a560nd62Nm-EVVQ,证券分析师,云谦才智,100-499人,互联网金融,本科,1-3年,"证券从业资格, 证券投顾经验, 证券公司, 行业趋势分析, 证券投顾资格, 证券研究与分析经验, 证券从业经验, 直播/讲课能力",20-40K,武汉,,2026-06-05 05:05:53
abd95b27d9963c641HR72du7E1FU,情报数据分析,七未,20-99人,信息安全,学历不限,经验不限,"数据分析/挖掘经验, SQL, Python",3-8K,武汉,,2026-06-05 05:05:53
430be5b210bf6d79031-3dy8E1BX,数据分析诊断师,湖北精瑞通,20-99人,机械设备/机电/重工,本科,经验不限,,3000-5000元/月,武汉,,2026-06-05 05:06:14
f48cf1206f19c3bf03V_09i7EFVX,数据文员/表格制作/数据分析,武汉天霆,20-99人,电子商务,大专,经验不限,"接受实习/在校生投递, 数据分析, 表格制作",4-6K,武汉,,2026-06-05 05:06:14
08408ee319a1e3d00nB83dm1ElBX,数据分析,武汉市语妙电子商务,0-20人,进出口贸易,本科,1年以内,"SQL, Python, MATLAB, Power BI, SAS, 数学/统计相关专业, 计算机相关专业, 数据分析/挖掘经验, 物流行业数据相关经验",5-10K,武汉,,2026-06-05 05:10:44
ae06de7d847967210nR_0ty4F1JQ,中级数据分析师,湖北运之盟科技,100-499人,计算机软件,本科,3-5年,,10-12K,武汉,,2026-06-05 05:11:27
07d462c9f4dab7a70nZy3966FFZQ,数据分析师（厦门总部办公+海外休闲游戏）,飞鱼科技,500-999人,游戏,本科,3-5年,"SQL, Python, 数学/统计相关专业, 文娱/游戏行业数据相关经验",13-22K·13薪,武汉,,2026-06-05 05:11:27
b63a97e385b7337a0nB_2dW0EVFW,大模型AI数据标注分析师（视觉方向）,博彦科技承德有限公司,10000人以上,互联网,本科,1-3年,,6-8K,武汉,,2026-06-05 05:11:47
ed20362a3a07f7f20nZ90921GFBV,数据分析师【双休 六险一金】,洋葱学园,1000-9999人,互联网,本科,3-5年,"SQL, Python, R, 数学/统计相关专业, 计算机相关专业, 数据分析/挖掘经验, 电商/零售行业数据相关经验, 数据分析, 销售数据分析, AI提效",15-25K·13薪,武汉,,2026-06-05 05:11:47
88a451c88585660f03F53d-0GVVU,医学公共数据库分析师,美捷登,20-99人,医疗健康,硕士,经验不限,,2000-4500元/月,武汉,,2026-06-05 05:11:47
1e67fb31cb3c287303J92NW6FVNZ,销售数据分析岗,九州通,10000人以上,医疗健康,大专,经验不限,,6-8K,武汉,,2026-06-05 05:12:09
af048cf92b5179f1031_09W-GVZQ,python数据分析师/周末双休,武汉沃凡电子商务,20-99人,电子商务,本科,经验不限,,5-8K,武汉,,2026-06-05 05:12:09
86b4de51d3a5e1c01Xx63Ni8E1ZV,大数据分析师(华中),圆丰通,20-99人,财务/审计/税务,大专,经验不限,"SQL, Python, SPSS, 数学/统计相关专业, 计算机相关专业, 数据分析/挖掘经验",4-6K,武汉,,2026-06-05 05:12:09
ec66ff903a8fb9b60nd42ty9FVtS,数据分析师,万联星河,20-99人,计算机软件,本科,1-3年,"SQL, 医院, 医疗, 影像",7-10K,武汉,,2026-06-05 05:12:29
aa4cc504af0b9dfa0nZ82tu_E1tW,数据分析师—亚马逊PMC,金希达,20-99人,电子商务,大专,1-3年,"跨境电商, 亚马逊, SAS, 数据分析/挖掘经验, 计算机相关专业, 熟悉分析, Python, 数学/统计相关专业",6-10K·13薪,武汉,,2026-06-05 05:12:29
ccbe359e4d91b9220nZz2ti7FVRU,数据分析师,武汉虹安信息有限公司,20-99人,半导体/芯片,本科,经验不限,"Python, 数学/统计相关专业, 计算机相关专业, 数据分析/挖掘经验, 金融行业数据相关经验, 神经网络",13-20K,武汉,,2026-06-05 05:13:11
89241fa84b0dd2b00nd529-0E1ZS,高级风控策略分析师,某中型互联网金融公司,100-499人,互联网金融,本科,5-10年,,21-40K,武汉,,2026-06-05 05:13:33
e119d3c945409ef30nB70tq4E1NS,数据分析师（长期出差）,中科聚信,100-499人,咨询,本科,1-3年,,8-12K,武汉,,2026-06-05 05:17:42
3f1ccd45862d5bcf0nB_3Nq6GVZQ,董事长助理（数据分析与业务汇报）,海伦司小酒馆,1000-9999人,餐饮,本科,1-3年,"数据分析/挖掘经验, 数学/统计相关专业",20-30K,武汉,,2026-06-05 05:18:23
ac24fc3f6e4a2f600nB929m-FFpV,电商经营数据分析（连锁药房线上B2C专项）,湖北百龄达,20-99人,生物/制药,大专,3-5年,"不接受居家办公, 有国内电商运营经验, 淘宝, 天猫, 抖音, 京东, 拼多多, 美妆日化, 医疗医药, 爆品运营, 店铺站外推广, 品类结构优化, 店铺站内推广, 供应链管理, 薪资+奖金",6-8K,武汉,,2026-06-05 05:19:47
0f2ee5c3e24dcfb40nV-2dW1FVpT,数据分析实习生,广州市福思特科技...,100-499人,计算机软件,本科,,"机器学习建模经验, 数据分析/挖掘经验, Python, 数学/统计相关专业",150-180元/天,武汉,,2026-06-05 05:23:58
6c4be05658d509e50nB83d-8F1BU,数据分析师,光昱智能,100-499人,其他行业,大专,3-5年,数据分析,6-8K·13薪,武汉,,2026-06-05 05:23:58
a5ba7fc99724035e0nB-0ty6GFFR,政府数据分析师,吉奥时空,500-999人,计算机软件,本科,1-3年,,5-8K,武汉,,2026-06-05 05:27:05
4494710d743cca5d03Jz3dW8EVpU,数据分析师,南阳金琴商贸有限公司,20-99人,学术/科研,硕士,1-3年,,150-200元/时,武汉,,2026-06-05 05:33:38
f11bc25194722d330nB-3dq4GFtU,数据分析师,武汉市妙玩网络科技,20-99人,互联网,本科,1-3年,"SQL, Python, MATLAB, 数学/统计相关专业, 计算机相关专业, 数据分析/挖掘经验",7-12K,武汉,,2026-06-05 05:33:57
689a2910cfe981531Xxy29i5FVdW,数据统计分析师（六险一金）,大水云科技,100-499人,电力/热力/燃气/水利,本科,1-3年,Python,10-15K,武汉,,2026-06-05 05:37:28
be086ac6f598591d0nB73ty6EFpV,数据分析与AI算法实习生,港理大研究院,0-20人,其他生活服务,硕士,经验不限,,3-7K,武汉,,2026-06-05 05:38:31
cd0cef8bd23745621XJ62927EFVV,高级数据分析师 (MJ000249),精臣,1000-9999人,智能硬件/消费电子,本科,5-10年,"SPSS, R, SQL, 数学/统计相关专业, 数据分析/挖掘经验",13-25K,武汉,,2026-06-05 05:39:13
19564ea8b6d34b830nd_3dS1EFFV,电商数据分析员,湖北拓普汽车配件公司,100-499人,汽车零部件,大专,3-5年,"数学/统计相关专业, 数据分析/挖掘经验, 电商/零售行业数据相关经验",4-6K,武汉,,2026-06-05 05:40:37
496f89e87a44fc1203N43di6FFdX,数据分析,庐江彤科信息科技,20-99人,计算机软件,学历不限,经验不限,,8-10K,武汉,,2026-06-05 05:46:12
7315d4078c1504f00ndy3NW1FVtW,数据分析专家(J10346),爷爷不泡茶,500-999人,餐饮,本科,3-5年,,15-25K,武汉,,2026-06-05 05:46:12
8c0de3ede92aa8b50nB43dq_GFJY,数据分析师,智研方略,1000-9999人,人力资源服务,本科,1-3年,"经济/工商管理相关专业, 金融行业数据相关经验, 数据分析/挖掘经验, 计算机相关专业, 数学/统计相关专业",6-10K,武汉,,2026-06-05 05:52:43
e9df0fd6565451630nB52d21E1VR,数据分析,浙江徽创信息技术有限,100-499人,计算机软件,本科,3-5年,,7-8K,武汉,,2026-06-05 05:53:03
b4dc8e6b22ad1a7003xz2Ny8EVBQ,水利数据分析师,测度未来,20-99人,电力/热力/燃气/水利,本科,3-5年,"Python, 计算机相关专业, 数学/统计相关专业, 大数据处理经验, 水利, 水利水电, 气象",7-10K,武汉,,2026-06-05 05:53:03
e59b4c365a83050a0nVy39q4GFdX,五险一金+团队氛围好  跨境电商数据分析师,武汉登山者电子商务,100-499人,电子商务,本科,1-3年,,6-9K,武汉,,2026-06-05 05:54:07
9b16e695adfddd4803193d64GFBZ,数据分析师（服饰电商）,煜石电商,100-499人,电子商务,大专,3-5年,"机器学习建模经验, Power BI, 数据分析/挖掘经验, 计算机相关专业, 电商/零售行业数据相关经验, Python, SQL, 数学/统计相关专业",7-12K,武汉,,2026-06-05 05:58:38
0d175878a6348e0b03B829m-GVFV,数据分析师,深圳市光明区墨梅...,20-99人,互联网,本科,在校/应届,,10-11K,武汉,,2026-06-05 06:05:40
f0176941cac8b4c003J93Ni9EVZT,证券分析师,指南针公司,1000-9999人,互联网金融,本科,1-3年,,15-25K,武汉,,2026-06-05 06:07:03
05035a725fd70a950nRz2Nm6E1VV,数据分析师,武汉百奥微帆生物科技,20-99人,其他生活服务,本科,经验不限,,5-6K,武汉,,2026-06-05 06:12:16
f463bb01ca21003d03V-29W1GVZR,亚马逊运营985/211-接受小白有学历补贴,禾亭亿电子商务,20-99人,电子商务,本科,1-3年,"跨境电商, 不接受居家办公, 接受无跨境电商运营经验, 掌握基本办公软件, 数据分析, 211院校学历, 亚马逊运营, 英语, 985院校学历",7-12K,武汉,,2026-06-05 06:14:40
027853032c57c0500nd439-4GFpX,数据分析助理,铂睿德佳,100-499人,咨询,本科,经验不限,,6-8K,武汉,,2026-06-05 06:19:12
f082a7d64f8867580nVy3d2-FltT,数据分析师,良之隆,500-999人,企业服务,本科,5-10年,,15-20K,武汉,,2026-06-05 06:19:12
ca125de4ede8a0f50nZ70960FlVT,商业数据分析师（保险数据分析）,酷映网络科技,20-99人,计算机软件,本科,3-5年,,15-25K,武汉,,2026-06-05 06:26:10
6675cbbc5e2431d003B72ty5F1NU,数据分析师,壹沓科技,100-499人,人工智能,本科,3-5年,"舆情报告, 舆情分析, SEO",8-13K·13薪,武汉,,2026-06-05 06:27:14
9baf36f3e2d56cc203V43ti5E1FY,数据分析兼职工程师,星辉逐梦,100-499人,互联网,大专,1-3年,"R, SAS, 数据分析/挖掘经验, SPSS, MATLAB, Python, 数学/统计相关专业",5000-13000元/月,武汉,,2026-06-05 06:32:26
b43b91b6c7b9cb681Hx43968FlRR,小红书数据分析师,红聚人传媒,0-20人,广告/公关/会展,大专,,电商/零售行业数据相关经验,80-100元/天,武汉,,2026-06-05 06:33:29
ca49c3748a5e7c940nB-3tS9F1RW,数据分析师,扫呗,500-999人,互联网,本科,1-3年,"FineReport, 金融行业数据相关经验, 数据分析/挖掘经验, 业务数据, 报表制作, 计算机相关专业, 电商/零售行业数据相关经验, SQL, Python, 数学/统计相关专业, FineBI",8-12K,武汉,,2026-06-05 06:45:38
b3767c7a41f0684f0nV73Ny1EVRS,算法工程师（数据分析）（应届博士）,烽火通信,10000人以上,通信/网络设备,博士,在校/应届,,30-50K,武汉,,2026-06-05 06:46:18
90d942aa09c735ed03N_2tu7FVdT,数据分析师（审核业务）-朝10晚7-双休-13薪,小红书,1000-9999人,电子商务,本科,1-3年,"SQL, Python, 数据分析/挖掘经验, 人审机审数据分析, 朝10晚7周末双休13薪, 数据监控分析报告, 审核数据分析, 审核风控数据分析",12-20K·13薪,武汉,,2026-06-05 06:46:40
1b837933ef09c3200nV92tS_FlFS,数据分析师,小米科技,10000人以上,互联网,本科,,,150-180元/天,武汉,,2026-06-05 06:52:35
f4deec7d9787bd0903Z53N21F1FW,股票公众号数据分析,深圳市酉米投资咨询,0-20人,其他专业服务,大专,1-3年,数据分析/挖掘经验,6-8K,武汉,,2026-06-05 06:53:17
6699b1f8411c463d1XN62tW_GFZU,大数据分析师,华为技术有限公司,10000人以上,计算机软件,本科,经验不限,Python,20-40K·16薪,武汉,,2026-06-05 06:53:58
e4275d595a4fc40d1XR42ty0FVBU,数据分析师,京东集团,10000人以上,电子商务,本科,5-10年,"Excel, SQL, Tableau, 相关分析, 效度分析, 决策树",30-50K·15薪,武汉,,2026-06-05 06:54:19
2944514b3086da950nd529W6EVdV,高级风控策略分析师,某中型互联网金融公司,100-499人,互联网金融,本科,3-5年,,25-45K,武汉,,2026-06-05 06:55:22
9d5a4803c7b349a40nB829i0FlBW,大模型AI数据标注分析师-武汉,软通动力,10000人以上,计算机软件,本科,经验不限,,7-10K,武汉,,2026-06-05 06:59:50
10ea37f6361aa5cb0nB73Ny5FlRY,数据分析可投！用数据思维推动流程优化,易点云,1000-9999人,企业服务,本科,在校/应届,,9-14K·14薪,武汉,,2026-06-05 06:59:50
04f5e831768a05fe0nd80tq9E1ZR,大模型AI数据标注分析师-（外包大厂）,柯莱特集团,1000-9999人,计算机软件,本科,1-3年,"文本标注, 不接受居家办公, 智能语音, 语音标注, 小语种, 语音, 描点标注, 区域标注, 方言, 音频, 标框标注, 分类标注",8-9K,武汉,,2026-06-05 06:59:50
1fbc147abd1d7b020nB52tm7GVRR,大模型AI数据标注分析师,微创软件,10000人以上,计算机软件,本科,经验不限,,7-8K,武汉,,2026-06-05 07:00:12
1a13b405f0c986c403F-2tS7GFFR,初级数据分析师,云阙贸易,20-99人,进出口贸易,学历不限,经验不限,"数据分析/挖掘经验, 计算机相关专业, 数学/统计相关专业",5-10K,武汉,,2026-06-05 07:00:12
372742e865e1afc01Hx_3Nq5EVtS,数据分析师,曙光在线教育,100-499人,培训/辅导机构,大专,经验不限,"数据分析/挖掘经验, 可兼职, 六险一金",6-11K,武汉,,2026-06-05 07:00:33
418d9ad467d461c703x93N21ElBR,数据分析工程师,数字智能,20-99人,企业服务,大专,经验不限,,10-15K,武汉,,2026-06-05 07:00:33
50860afa06e431b91XR739y_FltR,数据分析师+双休+五险一金,联信智融,20-99人,计算机软件,本科,1-3年,"Python, SQL, Hive, Excel",8-13K,武汉,,2026-06-05 07:00:55
fc5ac4ffb3ff48c01HN6092_FlRZ,网络安全数据分析师,恒安嘉新,1000-9999人,互联网,本科,5-10年,Python,15-30K,武汉,,2026-06-05 07:00:55
63f24cd9da8e3753031-2t-1GFpY,数据分析师,华宇扬,100-499人,进出口贸易,大专,1-3年,"Tableau, Power BI",6-10K,武汉,,2026-06-05 07:00:55
2923c27cd9f814760nR93N64GFNZ,初级数据分析师,尚乐昊道,20-99人,游戏,本科,经验不限,"数据分析/挖掘经验, 文娱/游戏行业数据相关经验, 有经验薪资可谈, 计算机相关专业, 热爱游戏行业, SQL, Python, 数学/统计相关专业",5-7K,武汉,,2026-06-05 07:00:55
b6608ec14ccad52d03R539q4GVVV,数据分析师,易佰网络科技,1000-9999人,进出口贸易,本科,3-5年,"Python, SQL, 数学/统计相关专业, 数据分析/挖掘经验, 电商/零售行业数据相关经验, 物流行业数据相关经验",10-15K,武汉,,2026-06-05 07:01:16
47a76870f409ccfc0nB929W-F1VY,AI数据运营/数据分析（大厂+双休）,纬致芯创科技,1000-9999人,计算机软件,本科,1-3年,,5-8K,武汉,,2026-06-05 07:01:16
a38c067e4b462e480nZ73di4ElVS,数据分析师,武汉西遇客数据咨询,0-20人,其他专业服务,硕士,经验不限,,10-11K,武汉,,2026-06-05 07:01:16
6eb70fcbea7be5330nd80t-5FldV,产品开发数据分析,武汉康信鼎泰科技,20-99人,电子商务,大专,1-3年,"SQL, 数学/统计相关专业, 计算机相关专业, 数据分析/挖掘经验, 电商/零售行业数据相关经验, 产品开发, 数据分析, 产品数据分析",6-8K,武汉,,2026-06-05 07:01:16
ad61fc464de7ba0e03Z40t-4EFtX,数据分析师/跨境电商(地铁口/13薪/工作餐),唯哇贸易,20-99人,电子商务,本科,1-3年,"经济/工商管理相关专业, 亚马逊精品运营, B2C, 数据分析/挖掘经验, 跨境电商运营, 计算机相关专业, 电商数据分析, 电商/零售行业数据相关经验, 数学/统计相关专业, Amazon运营",7-12K·13薪,武汉,,2026-06-05 07:01:16
db2309955412e5940nd629i7E1dZ,数据分析专员（实习生招聘）,理工光科,100-499人,通信/网络设备,学历不限,,,120-160元/天,武汉,,2026-06-05 07:01:16
635fbf4f50d8b3401Hdz29m_ElBW,数据分析师,武汉数智创科技,20-99人,人工智能,本科,3-5年,"机器学习建模经验, Power BI, 数据分析/挖掘经验, SQL, Python, 数学/统计相关专业",10-15K·13薪,武汉,,2026-06-05 07:01:37
26b80b886d6887f603Ny2dq4F1RS,中级需求分析师,云速易连,20-99人,计算机软件,本科,5-10年,,10-15K,武汉,,2026-06-05 07:01:59
4056e489348086241XR52Nm8ElZU,数据分析师,晨农商贸,0-20人,批发/零售,本科,经验不限,"回归分析, 多元统计分析",8-13K,武汉,,2026-06-05 07:01:59
c62e52e0ec6edad71XN72dq-GVZX,数据分析师,航游网络,0-20人,电子商务,本科,3-5年,"SQL, Power BI, 数学/统计相关专业, 数据分析/挖掘经验, 电商/零售行业数据相关经验",15-30K,武汉,,2026-06-05 07:01:59
d4f0b3928fd6ecfd0nZ_3Ny1GFtW,业务支持兼数据分析（五险一金+包中餐）,德诚珠宝集团有限公司,1000-9999人,珠宝/首饰,大专,1-3年,"珠宝行业优先, 数据分析能力",5-7K·13薪,武汉,,2026-06-05 07:01:59
5a52ad68718aaacc0nV-2927EVNZ,数据分析师,璇星科技,20-99人,企业服务,本科,,,100-150元/天,武汉,,2026-06-05 07:01:59
8caa144235e76b041HZ52tq_EFVR,数据分析师,某大型社交网络公司,100-499人,社交网络,本科,3-5年,SQL,15-30K·15薪,武汉,,2026-06-05 07:02:20
f73747e52e2663e30nd83N26FFFY,数据分析师（武汉）,术木智能,20-99人,大数据,本科,3-5年,,6-8K,武汉,,2026-06-05 07:02:20
493a35723deed3bd0nB53dq0EltX,电商数据经营分析,小布电商,500-999人,电子商务,大专,3-5年,"Python, MATLAB, Power BI, 电商/零售行业数据相关经验",8-12K·13薪,武汉,,2026-06-05 07:02:20
6d98a2edb07ffaff0nd60ti6FlBZ,数据分析师,寰球云联,1000-9999人,电子商务,本科,3-5年,"Python, SQL, Power BI, 数学/统计相关专业, 计算机相关专业, 数据分析/挖掘经验, 电商/零售行业数据相关经验",8-13K,武汉,,2026-06-05 07:02:40
2cb908f6a3beeae10nZ93ti7ElNU,需求分析师（双休+五险一金+氛围轻松）,上海雷优智能科技,20-99人,智能硬件,本科,3-5年,"计算机/软件工程相关专业, 软件需求分析管理经验",7-10K,武汉,,2026-06-05 07:02:40
9a43efe98f5c178f0nRy2dy8GVdT,医学数据分析师,海口龙华区顺蓝亮...,20-99人,培训/辅导机构,本科,1-3年,,200-300元/时,武汉,,2026-06-05 07:02:40
042e9ad34f92a7930nV609q-E1NU,数据分析师,守真信息,0-20人,信息安全,本科,在校/应届,,4-6K,武汉,,2026-06-05 07:02:40
646811b46db0fe7803d90t-9F1BQ,数据分析员,武汉马奇朵时尚科技,100-499人,服装/纺织,中专/中技,1-3年,,3-4K,武汉,,2026-06-05 07:03:02
8bbeb7414e9e3f330ndz2927EFVW,数据分析员/文员/经理助理,武汉楚烛信息科技,20-99人,电子商务,大专,1-3年,,5-6K,武汉,,2026-06-05 07:03:02
d47e554e18c3c6181nV73di1EFFZ,零售数据分析师,搜罗,100-499人,食品/饮料/烟酒,本科,3-5年,"数据分析, 数据采集, 数据仓库, 商业分析, 数据库开发",10-11K,苏州,,2026-06-05 07:10:08
15a32b9adb37fcf403Z63dS_EFBT,数据分析,姑苏区汪氏丝绸用...,100-499人,旅游/景区,大专,经验不限,"数学/统计相关专业, 数据分析/挖掘经验, 电商/零售行业数据相关经验",10-11K,苏州,,2026-06-05 07:10:08
10a213c0605f2dfd03d92dm-GFVW,远程问卷设计/数据分析师,准雀教育,0-20人,在线教育,本科,经验不限,"定量研究, 统计学/心理学/社会学专业, 定性研究, 市场营销专业, 兼职",50-100元/时,苏州,,2026-06-05 07:10:08
f694b72b9b62d0401HZ809y1EFFR,数据分析师（24秋招）,同程旅行,1000-9999人,互联网,本科,在校/应届,"SQL, Hive",12-18K·15薪,苏州,,2026-06-05 07:10:08
655b96e00eefb2160nB539W6E1tW,数据分析专员(外包),轻舟智航,1000-9999人,计算机软件,大专,经验不限,,10-12K,苏州,,2026-06-05 07:10:08
ac5d6984ba283f511Xx7096-FFBX,数据分析,华为技术有限公司,10000人以上,计算机软件,学历不限,经验不限,"Python, SQL, 计算机相关专业, 数据分析/挖掘经验, 机器学习建模经验",18-35K·16薪,苏州,,2026-06-05 07:10:08
19da9b794e6df7ce0nd_2Ni5EltQ,数据分析师,苏州富联康物流,500-999人,跨境物流,本科,1-3年,"数据分析/挖掘经验, SQL, 数学/统计相关专业",9-12K,苏州,,2026-06-05 07:10:08
d326fdcbcccf37791Hdy3ti8FFpQ,数据分析师,鑫界科技,0-20人,新能源,大专,经验不限,"数学/统计相关专业, 数据分析/挖掘经验",5-7K,苏州,,2026-06-05 07:10:08
b6a768532bd2a4a80nV93du7ElRX,实习生（数据分析）,库迪咖啡,1000-9999人,食品/饮料/烟酒,本科,,,120-150元/天,苏州,,2026-06-05 07:10:08
c74568219f74c9090nRy2tW0ElBR,物流数据分析报价,急速国际,100-499人,跨境物流,大专,经验不限,"数据分析, 定价, 跨境物流",7-11K,苏州,,2026-06-05 07:10:08
fb8a1208811a99890nZy0921FlRT,数据分析算法,某大型互联网公司,10000人以上,计算机软件,本科,5-10年,,14-26K,苏州,,2026-06-05 07:10:08
14d09549dcaa853f1HJ93t-8EVdT,数据分析师助理,Joracon,20-99人,互联网,大专,在校/应届,"Python, 计算机相关专业, 大数据处理经验",5-10K,苏州,,2026-06-05 07:10:08
87cda5004075c5f00nB-2Nu6GVZY,数据分析师,拉波尼服饰,10000人以上,服装/纺织,本科,经验不限,"包吃住, 单休, 需要出差, 接受无PMC经验, 五险",5-8K,苏州,,2026-06-05 07:10:08
183d682840a1524703x-39y4GFJU,大数据分析师,金信天,100-499人,互联网,本科,1-3年,,18-25K,苏州,,2026-06-05 07:10:08
a4fd5ae62bf81ae10nV609y-FlRR,行测数据分析-五险一金-试用期不打折,智问宏图,20-99人,人工智能,大专,1-3年,"ADAS开发经验, 数据分析",7-8K,苏州,,2026-06-05 07:10:08
c62f73a301e38afa0nVz29-5EFRW,电商数据分析专员,苏州忠渝传媒,20-99人,广播/影视,学历不限,1-3年,,5-7K,苏州,,2026-06-05 07:10:28
94b9011e41a688c003F_29q5GVJX,数据分析师（临床数据）,医药魔方,100-499人,大数据,本科,在校/应届,,6-11K·14薪,苏州,,2026-06-05 07:10:28
708ad4e13d3fd9020nRy09m6E1JY,数据分析师  电商 10-15K,萤火虫,20-99人,电子商务,本科,3-5年,"excel, 广告效果, 数据分析, 销售预测, 电商/零售行业数据相关经验, 数据可视化, 数学/统计相关专业, Python, SQL",10-15K,苏州,,2026-06-05 07:10:28
24d7c5180c3c015a0nd_2Nm0FFFW,数据分析师,迎科,500-999人,电子商务,本科,3-5年,"数据分析/挖掘经验, 计算机相关专业, 电商/零售行业数据相关经验, 数学/统计相关专业",10-15K·13薪,苏州,,2026-06-05 07:10:28
6bf3935eb46c6a6d0nB80965FlNZ,数据分析工程师,中电金信软件有限公司,500-999人,计算机软件,本科,3-5年,,12-15K,苏州,,2026-06-05 07:10:28
8e5291a2734b1d8c0ndy0tq0EVpY,大数据分析工程师,迈科网络,100-499人,计算机软件,本科,3-5年,,11-16K,苏州,,2026-06-05 07:10:28
fea3469c38b9f94a0nB_0ty6ElRZ,数据分析专家,曹操出行,1000-9999人,互联网,本科,3-5年,,15-25K,苏州,,2026-06-05 07:10:28
f2f637d487e1f06e1XVz2du6FlZQ,数据分析师,江苏新美星,1000-9999人,电气机械/器材,本科,3-5年,"回归分析, 效度分析, 描述统计, Excel, Hadoop",8-12K,苏州,,2026-06-05 07:10:28
0553d1e88b5c56ef1HN509m4FlJT,数据分析师(远程办公）,畅悦智能科技,20-99人,人工智能,本科,经验不限,"Python, MATLAB, 数学/统计相关专业, 计算机相关专业, 机器学习建模经验",100-200元/时,苏州,,2026-06-05 07:10:28
4d02f5e57e4604110nV409i7GVNU,数据分析师,创融财税,0-20人,财务/审计/税务,学历不限,3-5年,,5-7K,苏州,,2026-06-05 07:10:28
4a6746d8bdf226ac0nZy2t27GVZS,短视频内容策略数据分析师（AI 创作方向）,苏州江舟管理咨询,0-20人,社交网络与媒体,硕士,1-3年,"业务数据分析, 业务模式/运营策略优化, 用户深度研究, 文案运营, 统计/数学相关专业, 管理咨询工作经验, 投放数据分析, 计算机相关专业, 接受居家办公, 数据分析/商业分析经验, 竞品分析",14-15K,苏州,,2026-06-05 07:10:28
e8ba8df7ee299fa80nZ52t29ElRU,AI大数据分析工程师,六丰机械,500-999人,汽车研发/制造,本科,1-3年,,12-24K,苏州,,2026-06-05 07:10:28
badee2d284c088961HF_3dm8F1RV,检测数据分析员（优秀实习或应届亦可）,芃湃新材料,20-99人,橡胶/塑料制品,大专,在校/应届,"胶带物性测试, 测试数据记录、分析, 仪器、设备使用及保养",4-6K,苏州,,2026-06-05 07:10:28
977f5e03b89a741e0nd529y8FVpZ,电池研发工程师（数据分析）,苏州某大型自动化设备上市公司,1000-9999人,自动化设备,本科,3-5年,"研发工程师, 光伏电池, 数据分析",15-25K·13薪,苏州,,2026-06-05 07:10:28
7163f59404de938b0nV83du6F1JR,大数据分析师,蒙佐,100-499人,服装/纺织,大专,1-3年,"数据分析/挖掘经验, 数学/统计相关专业",7-8K,苏州,,2026-06-05 07:10:28
7c6996c8710063b00nR-0964FVJS,数据分析师,励志轩文化传播公司,0-20人,培训/辅导机构,本科,3-5年,"培训机构, 线上教育, 线下教育, 互联网公司经验, 互联网教育平台使用, 数据分析, 坐班, 教师, 小班教学（3-25人）, 高中生, 初中生, 初高中教育工作经验, 大型教育机构经验, 教育学专业背景, 理科类专业背景",5-10K,苏州,,2026-06-05 07:10:50
22b90192fe5034260nV82Nm1E1FQ,数据分析师,银川同欣互联网医院,1000-9999人,医疗服务,本科,3-5年,,15-25K,苏州,,2026-06-05 07:10:50
0e6d59f6c92080bc03Z63d69FFZZ,数据分析师/带薪休假/绩效奖金,苏州卓卞辛环保科技,20-99人,环保,本科,经验不限,"五险一金, 数据分析/挖掘经验, 双休",6-9K,苏州,,2026-06-05 07:10:50
aac7fde6ec89d59903Nz2t-6FVJZ,数据分析师,江苏如乐科技有限公司,20-99人,大数据,本科,经验不限,,15-25K,苏州,,2026-06-05 07:10:50
71d56e73dded6ea903B52tS0GVBZ,数据分析兼职讲师,苏州上元经纬培训,0-20人,培训/辅导机构,学历不限,3-5年,"SQL, Power BI, Python, 计算机相关专业, 数据分析/挖掘经验",60-100元/时,苏州,,2026-06-05 07:10:50
df58a81fff645d2e0nB-096_EVVV,油耗数据分析工程师,苏州智加科技有限...,100-499人,计算机软件,本科,3-5年,,20-40K·14薪,苏州,,2026-06-05 07:10:50
40c2f73a14ffbfce0nZz09-6EFtU,数据分析师,上元经纬培训有限...,0-20人,培训/辅导机构,本科,3-5年,,70-100元/时,苏州,,2026-06-05 07:10:50
5ac8362ff983810003F-2927FVdR,电商数据分析师,盛开的花园,100-499人,服装/纺织,大专,1年以内,"电商/零售行业数据相关经验, SQL, Python",11-16K,苏州,,2026-06-05 07:10:50
55cebed16a9bdf9b0XV52dq1E1A~,交易大数据分析工程师,野莓科技,0-20人,计算机软件,本科,3-5年,"机器学习建模经验, 区块链, 数据分析, 数据分析/挖掘经验, 计算机相关专业, 大数据, Python",9-14K,苏州,,2026-06-05 07:10:50
c8d7d8eeb88317e50nVz29-0EVZR,数据分析师（2年财务成本经验，现场面试）,泓屹嘉成,500-999人,人工智能,大专,1-3年,"Python, SQL, 计算机相关专业, 数学/统计相关专业",9-10K,苏州,,2026-06-05 07:10:50
3a452bd411b1c8a80nd42t-5FVBZ,数据分析师,福家农庄,20-99人,批发/零售,本科,3-5年,,8-12K·13薪,苏州,,2026-06-05 07:10:50
5ef695842434f8be03xz2dS7FlZV,fae失效分析工程师,MOVA,1000-9999人,家用电器,本科,5-10年,,11-22K·15薪,苏州,,2026-06-05 07:10:50
9c081c7d00274a581HN50967FVdR,电商数据分析员,苏州杰尚信息技术,100-499人,计算机软件,本科,经验不限,不接受居家办公,7-10K,苏州,,2026-06-05 07:10:50
0948e89eb0b39ef50nB82N29FVZR,高级数据分析师/专家,北京某中型人力资源服务公司,500-999人,人力资源服务,本科,5-10年,,20-25K·13薪,苏州,,2026-06-05 07:10:50
d14de53bb9bbf9700nR52N64GFVU,数据分析师,苏州面试狐科技,20-99人,互联网,本科,3-5年,,10-15K,苏州,,2026-06-05 07:10:50
405acd35e95d4b150nZy09S5FVZR,数据分析师,江苏博云,100-499人,化工,硕士,经验不限,,9-14K,苏州,,2026-06-05 07:11:10
aeee2409c22f478a0nB70t-_FFBU,供应链数据分析专员,追觅科技,1000-9999人,家用电器,本科,3-5年,,10-15K·15薪,苏州,,2026-06-05 07:11:10
adfc7378afd2f82b1HB-39-1FFRU,数据分析,厘优咨询,0-20人,人力资源服务,本科,5-10年,"业务数据分析, SQL, 数据分析/商业分析经验",25-30K·15薪,苏州,,2026-06-05 07:11:10
3aebff670e73e2170nd909u_FFNQ,车载数据分析,天津智创新业科技,20-99人,计算机软件,大专,3-5年,"MATLAB, SQL, Python, 数据分析/挖掘经验, 计算机相关专业, 智能驾驶",20-25K,苏州,,2026-06-05 07:11:10
5ae0e552c39e20da0nd839W7F1dR,失效分析工程师,汇川技术,10000人以上,其他行业,本科,10年以上,,15-26K,苏州,,2026-06-05 07:11:10
1da14c83910a2c1733Fz09q9F1U~,数据分析师,联滔电子,10000人以上,电子/硬件开发,本科,经验不限,数据分析,11-22K,苏州,,2026-06-05 07:11:10
2b718643af144d6b0nB_3dq7FVRT,高级数据分析师,金记食品,500-999人,食品/饮料/烟酒,本科,3-5年,,12-16K·13薪,苏州,,2026-06-05 07:11:10
d53624d28f34311e0nd73Nq0GFpQ,数据分析师,苏州数讯达信息技术,0-20人,互联网,本科,1-3年,"Python, Shell, Tableau, SQL, Excel, 回归分析, 聚类分析, 决策树",10-15K·14薪,苏州,,2026-06-05 07:11:10
35350c1333077d7003d93N29EFpY,数据分析师,道泰信息,20-99人,大数据,本科,1-3年,"计算机相关专业, 数学/统计相关专业, 数据分析/挖掘经验, 机器学习建模经验",10-15K,苏州,,2026-06-05 07:11:10
972a18236f0945151XN-2Nm6FVVZ,数据分析师,玄小数,20-99人,互联网,本科,3-5年,"业务数据分析, Hive, 金融行业数据相关经验, 营销活动效果分析, 用户行为数据分析, 数据分析/挖掘经验, SQL, 数学/统计相关专业",10-15K,苏州,,2026-06-05 07:11:10
3a7b1e3c5204b0701XJ53dW6FVJU,医学基础试验和数据统计分析SCI,奈普格生物,0-20人,医疗健康,硕士,经验不限,"兼职, SCI刊物发表经验",10-15K,苏州,,2026-06-05 07:11:10
8286a737dfc614040nB42N-8FFJQ,电商数据分析员,快送熊,1000-9999人,批发/零售,大专,经验不限,数学/统计相关专业,5-6K,苏州,,2026-06-05 07:11:10
1c60e5a34918db120nVy29W0EFA~,数据分析师,阿仕顿男装,1000-9999人,企业服务,本科,在校/应届,"需求分析, 数据挖掘, 数据采集",5-10K,苏州,,2026-06-05 07:11:10
f9af4cb3b85c2a991Xx_0ty6EVJX,数据分析师,苏州速闪迈网络科技,0-20人,大数据,本科,1-3年,"SQL, Hive, 计算机相关专业, 数据分析/挖掘经验, 数学/统计相关专业",8-13K·13薪,苏州,,2026-06-05 07:11:10
72f81daedbd052810nV_2t68FVVQ,外卖运营【同品类经验+数据分析能力】,苏州灵感来了餐饮管理,20-99人,餐饮,大专,1-3年,,5-10K,苏州,,2026-06-05 07:11:10
470035fb551fa2060nVy09W1FlJX,效能数据分析,江苏欧博,100-499人,电子商务,本科,3-5年,"Power BI, 数据分析/挖掘经验, Tableau, 电商/零售行业数据相关经验, SQL, Python, 数学/统计相关专业",10-15K,苏州,,2026-06-05 07:11:31
142649c39f37a0140nV80tq_E1FW,华润万象生活-营运数据分析-校招生（昆山）,苏州润景商业发展,100-499人,房地产开发经营,硕士,在校/应届,,9-12K,苏州,,2026-06-05 07:11:31
f35da6e7397c66980nd9292_FVJZ,足彩分析师,华祥数字科技,1000-9999人,互联网,大专,1-3年,,8-12K,苏州,,2026-06-05 07:11:31
7ee79abba22f06e91nJ80tW4FVtV,数据统计分析,朋友保科技,0-20人,互联网,本科,1-3年,"Python, Excel, 方差分析, 回归分析, 多元统计分析",8-13K,苏州,,2026-06-05 07:11:31
b92c9ca4afd6dfba0nV72tW9GFZT,大数据分析师,苏州无界妙控科技,500-999人,其他制造业,本科,3-5年,"SQL, 数学/统计相关专业, 计算机相关专业, 数据分析/挖掘经验, 电商/零售行业数据相关经验, 车联网/物联网行业, 数据分析, 数据洞察, 业务分析, 报表制作",15-30K·15薪,苏州,,2026-06-05 07:11:31
0296b7e6614623eb1Hxy2t27GVZR,数据分析师,领云能源科技,0-20人,计算机服务,本科,在校/应届,"电力交易, 数据分析, 数学/统计相关专业",10-12K·14薪,苏州,,2026-06-05 07:11:31
f7d8661e977bb6343nRz39y1E1A~,数据分析师,星格兰瑞,0-20人,大数据,本科,1-3年,"数据分析, 数据挖掘, 数据仓库, 数据采集",11-22K·13薪,苏州,,2026-06-05 07:11:31
63fb29d10275b2c11HV-3t-9ElVV,供应链数据分析师,达以,0-20人,进出口贸易,博士,1-3年,"数学/统计相关专业, 数据分析/挖掘经验",18-28K,苏州,,2026-06-05 07:11:31
e2144c0ca1a5433d03J_0t6_E1A~,数据分析师,支付宝口碑,1000-9999人,O2O,本科,经验不限,"SQL, 业务分析, 数据分析",8-11K,苏州,,2026-06-05 07:11:31
57f6fe1e951db9ac0nB829u6F1dR,电商数据分析专员,马修,100-499人,进出口贸易,本科,1-3年,"数据分析/挖掘经验, 数学/统计相关专业",7-9K,苏州,,2026-06-05 07:11:31
ab614d78d131d8ae0nZ42965FFJR,高级数据分析师,河南猎上,0-20人,互联网,本科,5-10年,"SQL, 计算机相关专业, 数学/统计相关专业, 数据分析/挖掘经验, 制造业数据分析经验",18-25K,苏州,,2026-06-05 07:11:31
cb5111db0da3f9ab1HR72dm8GFtV,卖方分析师,粤开证券,1000-9999人,证券/期货,本科,1-3年,证券公司,12-24K,苏州,,2026-06-05 07:11:31
edb68b1c1614e25d03R83tS6FlpQ,数据分析,江苏中碳绿色转型科技,20-99人,其他新能源,本科,经验不限,"R, 数据分析/挖掘经验, 计算机相关专业, 数学/统计相关专业",5-10K,苏州,,2026-06-05 07:11:31
0dcebebc0c8816720nB82967GFZX,大数据分析师-生产测试方向,某大型电子/半导体/集成电路公司,1000-9999人,电子/半导体/集成电路,本科,3-5年,"Python, 数学/统计相关专业, 计算机相关专业, 数据分析/挖掘经验, 机器学习建模经验, 深度学习",15-25K·14薪,苏州,,2026-06-05 07:11:31
5c516a6c99e4310b0nB929y7FVpX,成本分析经理,RENOGY如果新能源,500-999人,光伏,本科,5-10年,"成本, SAP, 金蝶EAS",20-30K,苏州,,2026-06-05 07:11:31
cc4c5511e22650720nd_29q4FFVZ,电商数据分析专员,苏州易投换购生活...,0-20人,其他生活服务,本科,经验不限,"SQL, R, MATLAB, Power BI, 数学/统计相关专业, 计算机相关专业, 数据分析/挖掘经验, 电商/零售行业数据相关经验, 金融行业数据相关经验",8-12K·13薪,苏州,,2026-06-05 07:11:52
138a7b83bd10d73e0nB50tW_E1JS,数据产品经理/数据分析师,坦途科技,1000-9999人,智能硬件,本科,5-10年,智能硬件,20-35K·15薪,苏州,,2026-06-05 07:11:52
9e41871a7801405f0Hx-2tu5EFQ~,数据分析专员,长风药业,500-999人,医疗健康,大专,1-3年,"数据分析, 商业分析, 数据挖掘, 数据仓库, Excel",5-6K,苏州,,2026-06-05 07:11:52
542df4e0de9f9a210nB-3d--EVBS,电商数据分析,追觅信息技术,1000-9999人,家用电器,本科,3-5年,,16-30K·15薪,苏州,,2026-06-05 07:11:52
fb9771cdf8fe6aec1XJ83tu9E1NT,大数据分析师,永联慧科,0-20人,智能硬件,本科,经验不限,"Python, SQL, 计算机相关专业, 数据分析/挖掘经验",11-21K,苏州,,2026-06-05 07:11:52
ad01fab29f58c3351H183NW0E1pW,电商数据分析（双休）,锦菲,20-99人,电子商务,本科,1-3年,"数据分析/挖掘经验, 函数, 电商/零售行业数据相关经验",5-8K,苏州,,2026-06-05 07:11:52
b858fda1ea8603cf0nR90tm4FFVW,运营数据分析师(Operations Data Analyst),斯凯奇,1000-9999人,其他行业,本科,经验不限,"数学/统计相关专业, 数据分析/挖掘经验, 物流行业数据相关经验",6-9K·15薪,苏州,,2026-06-05 07:11:52
b529c0af868d48580nZy3dq4EVtT,医疗AI数据分析师,苏州睿酷,20-99人,医疗器械,本科,1-3年,,5-9K,苏州,,2026-06-05 07:11:52
e9a84cfaa134318b0nB-2Nq0GFVZ,商业经营数据分析,满帮集团,1000-9999人,互联网,本科,3-5年,,18-23K·14薪,苏州,,2026-06-05 07:11:52
99f331f8052169491Xd53N69GVtS,数据分析师,康满祥母婴用品,0-20人,进出口贸易,本科,3-5年,"跨境电商, 日语, 法语, 亚马逊运营, 德语, 亚马逊广告",5-6K,苏州,,2026-06-05 07:11:52
d23325d144c54a3f0nd-0tq6ElVX,数据分析讲师,苏州数梦科技,20-99人,计算机软件,本科,1-3年,"职业培训班, 辅导答疑, Excel SQL Python BI, 讲课经验, 线上办公, AI应用, 线上教学, 计算机相关专业, 日常教学",10-15K,苏州,,2026-06-05 07:11:52
c4adc550f825c52e03J52t64EVFQ,银行数据分析/建模讲师,策上策会展,0-20人,广告/公关/会展,博士,5-10年,,50-55K,苏州,,2026-06-05 07:11:52
d714b99884de8dd303F62N27F1dS,大数据分析工程师,兰笺科技,20-99人,人工智能,硕士,1-3年,"pandas, 要求数据开发经验, 非外包类, 其他, 搭建数据采集, K-Means/DBSCAN, 数据平台开发经验, AI大数据, Python, 数学/统计相关专业, 时序数据",10-15K,苏州,,2026-06-05 07:11:52
556879139a80a18e0nV53Nm8EVZS,大数据产品经理,上海舟恩信息,100-499人,计算机软件,本科,1-3年,"需求分析, 产品设计, 数据分析",13-15K,苏州,,2026-06-05 07:11:52
df2d58f7944b0ce11HNy2dW5EFVW,跨境电商数据分析师,帕博斯,100-499人,电子商务,本科,1-3年,"Python, SQL, R",5-8K,苏州,,2026-06-05 07:11:52
fedd21c127c8bfe203R43dm7FVZS,抖音直播数据分析师,苏州东腾国际旅游,100-499人,旅游/景区,大专,3-5年,"电商/零售行业数据相关经验, 数据分析/挖掘经验, 旅游行业数据相关经验",5-8K,苏州,,2026-06-05 07:12:14
a734443919f594160nB-29i7FFFT,临床数据分析师,博瑞生物,100-499人,生物/制药,本科,3-5年,,12-20K,苏州,,2026-06-05 07:12:14
ee4cb8937b33a0800nRy3N29FFdX,数据分析师,怀远县荆山邱阳网...,100-499人,其他专业服务,本科,经验不限,"经济/工商管理相关专业, SPSS, 数学/统计相关专业",5-500元/时,苏州,,2026-06-05 07:12:14
e376c04ce17b772b03R_09S9F1BW,数据分析师,中兴金篆信科,100-499人,计算机软件,本科,3-5年,"SQL, 金融行业数据相关经验, K8S",15-20K·13薪,苏州,,2026-06-05 07:12:14
9d02d1a913f6628d0ndz29W5FlNS,督学老师,慧一升,0-20人,培训/辅导机构,学历不限,经验不限,"小班教学（3-25人）, 培训机构, 家教, 线下教育, 线上教育, 互联网教育平台使用, 成人/通用, 文案撰写, 不授课, 数据分析, 私立学校, 社群运营, 教育专业背景, 中学生, 不坐班, 学前儿童/小学生, 普通话发音标准, 一对一教学, 大班教学（25人以上）",3-8K,苏州,,2026-06-05 07:12:14
56f73371caec658f1HN63d27F1dQ,sql数据分析师,苏州壬夏道衍软件科技有限公司,0-20人,计算机软件,本科,经验不限,"SQL, 计算机相关专业, 数据分析/挖掘经验",4-8K,苏州,,2026-06-05 07:12:14
9ecd6e3a16fabc2c1HV_3di0FFZY,商业分析专家,淘宝闪购,10000人以上,生活服务(O2O),本科,经验不限,数据分析/挖掘经验,30-50K·16薪,苏州,,2026-06-05 07:12:14
55b4aa6ddcc2002003Jz29i4GVpY,数据分析师,谱析弘智,20-99人,生物/制药,硕士,经验不限,"SPSS, 数学/统计相关专业, 数据分析/挖掘经验, 化学计量学, 统计学, 近红外, MSPC",8-10K,苏州,,2026-06-05 07:12:14
1fa6694437fcc1710nV-2du8EFFW,IMU数据测试及分析工程师(A252790),导远电子,100-499人,汽车零部件,本科,1-3年,,20-35K·15薪,苏州,,2026-06-05 07:12:14
1812432f9b0400520ndy0t68FlVQ,市场数据分析师,华途信息,20-99人,信息安全,本科,3-5年,"SQL, 计算机相关专业, 数据分析/挖掘经验",10-11K,苏州,,2026-06-05 07:12:14
cc69f06c2f829cd91XF63ty6FlZX,风控数据策略分析师,三一重机有限公司,10000人以上,专用设备,本科,经验不限,"3年以上相关经验, CTA注册税务师/税务师, CPA中国注册会计师, 制度制定及落地优化, 合规文化建设, 财务分析",15-25K·14薪,苏州,,2026-06-05 07:12:14
a6d1525e4033d0c50nB82tS7E1tQ,商业分析经理,世航智能,100-499人,人工智能,本科,5-10年,,20-30K,苏州,,2026-06-05 07:12:14
12f0eb9232bb5d030nV53ty1E1RV,跨境电商财务（双休+环境好）,苏州博尔杰贸易,20-99人,电子商务,本科,5-10年,"数据分析, 供应链优化经验, 中级会计师, 亚马逊平台经验, 财务进销存, 会计, 税务筹划, 财务",8-10K,苏州,,2026-06-05 07:12:14
eec8ce04af8c44d71HB82tW4ElBT,数据分析师,苏州墨仁,0-20人,装修装饰,本科,3-5年,"SQL, Python, Power BI, 数学/统计相关专业, 计算机相关专业, 数据分析/挖掘经验",12-16K·13薪,苏州,,2026-06-05 07:12:14
01045973c2dd3d3b0nB80tS0FFBY,业务分析师,吉贝克,100-499人,互联网金融,本科,3-5年,"Axure, Visio, 金融/保险行业项目经验",15-23K,苏州,,2026-06-05 07:12:14
adf8f5a6c715a8910nV80t-6FldW,风控策略分析师,某大型互联网金融公司,100-499人,互联网金融,本科,3-5年,,25-35K·15薪,苏州,,2026-06-05 07:12:35
c33e7ad4fbbd38fc0nB53du4F1dW,运营数据分析师,盈天地,100-499人,运营商/增值服务,本科,3-5年,"Python, SQL, 数学/统计相关专业, 数据分析/挖掘经验",10-15K,苏州,,2026-06-05 07:12:35
f769bda3b20d228b0nd92964FlJV,管综班主任7-9k+双休不加班,研途教育,1000-9999人,互联网,本科,经验不限,"培训机构, 线上教育, 互联网教育平台使用, 数据分析, 一对一教学, 大班教学（25人以上）, 成人/通用, 大学/大专生, 不授课, 大型教育机构经验, 普通话发音标准, 熟练使用办公软件, 督学, 售后, 班主任",8-10K,苏州,,2026-06-05 07:12:35
933f183723f5213c0nd40tW9EVZV,高薪证券分析师,云谦才智,100-499人,互联网金融,本科,1-3年,"证券从业资格, 证券投顾经验, 证券公司, 行业趋势分析, 证券投顾资格, 证券从业经验",30-60K,苏州,,2026-06-05 07:12:35
5bb4d3005be18daa03N409S1EFVR,广告数据分析师,新壹佰科技,500-999人,互联网,本科,1-3年,"不接受居家办公, 业务模式/运营策略优化, 统计/数学相关专业, 投放数据分析, 金融/经济相关专业, 数据分析/商业分析经验",6-7K,苏州,,2026-06-05 07:12:35
994199f13d5abdac0nV43ti_E1pT,理科类博士数据分析师（统计/数学方向）,智通云图,100-499人,互联网,博士,1-3年,"大学教育, 大学教育机构, 线上办公",300-500元/时,苏州,,2026-06-05 07:12:35
0292e032a3be14260nZ709m7EVpQ,运营数据分析,苏州天脉导热科技,1000-9999人,智能硬件/消费电子,本科,3-5年,"业务数据分析, 不接受居家办公, 业务模式/运营策略优化, 财务/审计工作经验, 数据分析/商业分析经验",9-14K,苏州,,2026-06-05 07:12:35
88793bac341429c9031y3tq7F1VS,数据分析,张家港鑫之润进出...,0-20人,财务/审计/税务,本科,,"SQL, Python, 数学/统计相关专业, 计算机相关专业, 电力",150-200元/天,苏州,,2026-06-05 07:12:35
89e11c654860db1003Ny3tS9GFdS,数据分析工程师,鑫琪能源,20-99人,人工智能,本科,3-5年,"机器学习建模经验, 数据分析/挖掘经验",18-30K,苏州,,2026-06-05 07:12:35
99c42c68be94b88203d_2t24GFFT,spa店长,景茜健康管理,20-99人,保健/养生,学历不限,1-3年,"包住, 销售经验, 1-3年门店店长经验, 员工培训, 线上平台运营, 熟练使用办公软件, 连锁门店经验, 就近分配, 美发, 上一休一, 需要门店店长经验, 美容保健, 员工招聘, 不需要出差, 商业保险, 美容美体, 数据分析, 包吃, 客诉处理, 业绩管理, 不需要倒班, 保健/养发",13-26K,苏州,,2026-06-05 07:12:35
2424fdb8e835cee31nZ62d6-F1VU,亚马逊运营,同舟电商,20-99人,电子商务,本科,1-3年,"店铺推广, 数据分析, 日语, B2C跨境电商, 亚马逊运营, 德语, 英语",10-15K,苏州,,2026-06-05 07:12:35
311a62d5ee65dd2c0nB929m0ElRT,分析测试员,晶华,500-999人,化学原料/化学制品,硕士,经验不限,,10-13K·13薪,苏州,,2026-06-05 07:12:35
0daee2353c4194480nB70ty5EFVY,用户研究(全流程 数据分析 可视化工具),追觅锋行,1000-9999人,智能硬件/消费电子,本科,3-5年,交互体验设计,12-20K·15薪,苏州,,2026-06-05 07:12:35
809a0d36c65c4ee61XFz0921ElRY,数据分析师,钟星建设集团有限公司,100-499人,其他金融业,本科,经验不限,"数学/统计相关专业, 数据分析/挖掘经验, 金融行业数据相关经验",5-8K,苏州,,2026-06-05 07:12:35
1e7bc2d8866330681nJy2t6-F1tT,价格分析师,某知名包装公司,1000-9999人,印刷/包装/造纸,大专,经验不限,"价格模型, 成本分析, 报价",20-25K,苏州,,2026-06-05 07:12:35
38c8f26f4bbd19f80nRy2ti8GVNY,算法工程师（人工智能与数据分析方向）,佰睿昕,0-20人,医疗器械,硕士,3-5年,"机器学习, 算法工程化经验",12-15K·13薪,苏州,,2026-06-05 07:12:56
0083cfc434d1e6d403Z40tW-E1VZ,商品数据高级分析专家,波司登羽绒服装,10000人以上,服装/纺织,本科,5-10年,"数据分析/挖掘经验, 计算机相关专业, 服装行业数据相关经验, 数学/统计相关专业",15-30K·15薪,苏州,,2026-06-05 07:12:56
f16fdb4e403b59930nd509-_EVRZ,财务预算分析,胜科纳米,100-499人,检测/认证,本科,5-10年,,10-15K·14薪,苏州,,2026-06-05 07:12:56
ed6e6254b1bf0e441XZ-29y7FlJY,售前技术支持负责人,派可数据,100-499人,计算机软件,本科,5-10年,"Hive, 数据分析, BI 工程师, 数据建模, 数据仓库, 数据治理, 数据挖掘, 数据集市",15-22K,苏州,,2026-06-05 07:12:56
5fc9dca8bdc04f120nZ42tS4GFtU,卖方分析师,苏州盈鼎汇,100-499人,互联网金融,本科,经验不限,"个股研究, 投资组合构建, 投资课程讲授, 行业趋势分析, 研究报告撰写, 互联网金融, 证券公司, 证券从业经验, 证券研究与分析经验, 实盘交易经验, 投资组合管理经验, 证券投顾经验, 成熟的投资理念和方法, 直播/讲课能力, 金融/经济/管理相关学历, CFP/AFP持证, 基金从业资格, 证券从业资格, 证券投顾资格, 证券直播, 股票, 财经, 金融, 财经ip",20-30K,苏州,,2026-06-05 07:12:56
629a9de30e0df07e1HVz2dy1FlNU,金融分析师（期货）,创元期货,100-499人,证券/期货,本科,3-5年,"CPA持证（执业/非执业）, 互联网金融, CFA持证, 期货从业资格, 金融/经济/管理相关学历, 行业趋势分析, 期货投资咨询 z编号, 投资组合管理经验, 研究报告撰写, 成熟的投资理念和方法, 深度报告撰写能力, 投资课程讲授",15-20K,苏州,,2026-06-05 07:12:56
bdf92fb9b0912bea1HN_09i-Elc~,信息数据分析师,苏州云磐,0-20人,计算机软件,大专,经验不限,"数据分析, 数据仓库, 数据库",6-11K,苏州,,2026-06-05 07:12:56
e1d17b3969c12a700nB-2tW7E1RS,图像数据分析（实习）,创影精密,20-99人,仪器仪表,本科,,"数据统计, 图像处理, 计算机相关专业, 数学/统计相关专业",100-150元/天,苏州,,2026-06-05 07:12:56
e0e8e479f7f374171XV_3Ni5EFBU,零售行业数据分析,江苏中和动能科技,1000-9999人,批发/零售,大专,1-3年,"市场数据分析, 竞品分析, 用户分析",4-5K·13薪,苏州,,2026-06-05 07:12:56
ded7af7568037def03N43ty1GFs~,信息流分析师双休包吃,苏州爱拍文化产权交易,100-499人,租赁/拍卖/典当/担保,大专,3-5年,"数据分析, 信息投放",6-8K,苏州,,2026-06-05 07:12:56
52c8b10ee7c9caad03J909q5FFNQ,FA分析,苏州某大型半导体/芯片上市公司,1000-9999人,半导体/芯片,本科,3-5年,"FMEA, MSA",17-23K,苏州,,2026-06-05 07:12:56
36bcb4fe8c682fc21HVy3N61E1FR,商业分析师,聚思睿,0-20人,咨询,本科,1-3年,"FA, 投行, 商业分析",8-12K,苏州,,2026-06-05 07:12:56
88d30243e22a5d321HN43dq9ElFW,信息流投放/优化师/投手,费尔蒙传媒,0-20人,广播/影视,本科,1-3年,"投流, 信息流优化师, 短视频投放, 数据分析, 巨量广告投放, 广告投放, 网络推广, 信息流投放",6-11K,苏州,,2026-06-05 07:12:56
641709e11044df6f1XZz2tu4GVA~,数据分析,众言科技,100-499人,互联网,本科,在校/应届,"数据调研, 数据分析, 市场调研",4-6K,苏州,,2026-06-05 07:12:56
ecb60249b6bc82d11HV60t26EFFR,失效分析工程师,好博医疗,500-999人,医疗器械,本科,3-5年,"电子, 维修, 失效分析, PCBA",10-15K,苏州,,2026-06-05 07:12:56
6f3ea108eda029ad0nV_096-ElVV,足疗店长(包吃住),鑫天池足浴,20-99人,其他专业服务,学历不限,3-5年,"包住, 销售经验, 不需要出差, 员工培训, 数据分析, 线上平台运营, 包吃, 业绩管理, 卫生管理, 3-5年门店店长经验, 需要门店店长经验, 员工招聘",10-15K,苏州,,2026-06-05 07:13:17
2aaec6e4e17e048c0nZ-3Nm6FVRZ,数据分析工程师,凌旭科技,100-499人,计算机软件,本科,3-5年,"SQL, Python",5-8K·13薪,苏州,,2026-06-05 07:13:17
26db383218c55ad30nR-3tq-GVdV,市场分析专员,苏州金龙,1000-9999人,汽车研发/制造,本科,1-3年,"竞品分析, 数据分析/商业分析经验, 渠道管理",15-20K·13薪,苏州,,2026-06-05 07:13:17
3194f3f76094f12403F-0929E1BZ,连锁便利店店长,太仓市高新区佳优...,0-20人,其他生活服务,大专,3-5年,"就近分配, 高温补贴, 需要门店店长经验, 超市/食品, 便利店, 活动策划, 员工培训, 陈列管理, 数据分析, 员工招聘, 连锁门店经验, 1-3年门店店长经验, 不需要出差, 21-23点下班, 可兼职",6-10K,苏州,,2026-06-05 07:13:17
39c9dd8b4eb43a5b0ndy3Nm8FVdW,资金分析&数据,追觅,1000-9999人,互联网,本科,3-5年,,15-30K·15薪,苏州,,2026-06-05 07:13:17
726a62f41f82d61d03162N-1ElVW,小初高理科老师,苏州启新知学文化,0-20人,培训/辅导机构,本科,,"教师, 初高中教育工作经验, 培训机构, 直播经验, 教学管理, 数理化生均需要  实习生优先, 初中生, 数据分析, 坐班, 化学, 不坐班, 视频、音频剪辑, 生物, 高中生, 小班教学（3-25人）, 线下教育, 线上教育, 三级教师, 二级甲等, 普通话水平测试等级证书, 互联网教育平台使用, 文案撰写, 物理, 教学法研发与培训, 大四 或者研究生, 理科类专业背景, 一对一教学",300-310元/天,苏州,,2026-06-05 07:13:17
acec5fd0684b2bc103F72tS9GFtU,股票分析师助理,童开乐,20-99人,互联网,本科,1-3年,,8-12K,苏州,,2026-06-05 07:13:17
b53a99eac46c998a03J73tm9E1BS,特征分析工程师,云坤信息,20-99人,计算机服务,本科,1-3年,"SQL, Python, Hive",7-12K,苏州,,2026-06-05 07:13:17
da4f275692ea8e980XN62d26F1Q~,分析员(用户研究),哲思达管理咨询,0-20人,咨询,大专,1-3年,"数据分析, 数据挖掘, 商业数据分析",6-8K,苏州,,2026-06-05 07:13:17
487f723905b7993a03N939S7EFZQ,专利数据分析师,企知道,1000-9999人,企业服务,本科,3-5年,"数据分析/挖掘经验, 知识产权, SQL",20-40K·15薪,苏州,,2026-06-05 07:13:17
befb087963ea54a00nB43NS6FVRX,失效分析工程师,苏州某大型光通信设备上市公司,10000人以上,通信/网络设备,硕士,3-5年,"8D报告, 薄膜沉积工艺经验, 会聚焦离子束, 透射电镜操作",28-35K,苏州,,2026-06-05 07:13:17
da00973551d135231Xdy29i9F1U~,高级业务分析师,企查查,500-999人,大数据,本科,3-5年,数据分析,15-30K,苏州,,2026-06-05 07:13:17
3b32a314ff06d50b1XV52NS9EFpZ,Google广告投放,苏州多美津信息科技,20-99人,进出口贸易,本科,1-3年,"海外广告投放, 企业品牌方, 接受无广告投放经验, google广告, 数据分析",8-12K,苏州,,2026-06-05 07:13:17
36f3a20ba3364b8e0ndz3dq-EFVU,系统数据维护工程师(WMS+WCS）,上海荣庆国际储运,1000-9999人,物流/仓储,本科,1-3年,,10-13K,苏州,,2026-06-05 07:13:17
e2db00e9e73ff80703J60967E1tX,足球分析师,炎炬体育,0-20人,体育,本科,1年以内,电商/零售行业数据相关经验,5-8K,苏州,,2026-06-05 07:13:17
c866afc6ec52fd5503F_3dq-FlJT,数据分析员,上海雄晋生物科技,0-20人,化工,大专,经验不限,,5-8K,苏州,,2026-06-05 07:14:40
636ab56aa57cf8640nZ50tS0FFdV,行车工程师（数据分析方向）,北京某中型自动驾驶通用解决方案公司,1000-9999人,计算机软件,大专,3-5年,,20-25K,苏州,,2026-06-05 07:15:01
fd19c87e385ddd5403d73tm8FVNV,数据分析师,亿时云,0-20人,计算机软件,本科,经验不限,,5-10K·13薪,苏州,,2026-06-05 07:16:02
e4b2a257fadbbf681Xd83NW4GFc~,数据分析师,苏州瑞翼,100-499人,互联网,本科,3-5年,"数据分析, 数据挖掘, 数据处理",20-40K,苏州,,2026-06-05 07:16:24
f295e3335daf0b8203J93Ni5GFtR,证券分析师 带薪培训,指南针公司,1000-9999人,互联网金融,本科,1-3年,,15-25K,苏州,,2026-06-05 07:16:45
eb94ea0d3c0247070nZ839-8GFVQ,财务分析专家,九识,500-999人,互联网,本科,5-10年,"经营分析, 预算, FP&A",20-35K·16薪,苏州,,2026-06-05 07:16:45
8f5be480ba387bec03Jy2dy9FVZX,临床研究/临床数据分析师、讲师,沿长科技(成都)...,100-499人,学术/科研,硕士,经验不限,,5000-15000元/月,苏州,,2026-06-05 07:16:45
5a523ea39dc8958c0nVy2N-8FVFS,初级专利检索分析师,索智意联,0-20人,大数据,硕士,1年以内,,8-13K,苏州,,2026-06-05 07:17:05
618134709443c7c203F829u8GFFX,独立站运营（薪资可谈）,苏州花无缺技术服务,100-499人,电子商务,本科,经验不限,"不接受居家办公, 数据分析, 独立站, 法语, 德语, 产品上下架",11-20K,苏州,,2026-06-05 07:17:05
b8b7ed456b26867903R429i-FFdU,电商数据分析专员,艾川森,20-99人,电子商务,本科,1-3年,"数据分析/挖掘经验, 电商/零售行业数据相关经验, 数学/统计相关专业",4-7K,苏州,,2026-06-05 07:17:05
5df4a540e37da5251Hd42ti4ElBS,产品市场分析,慧工云,100-499人,互联网,本科,经验不限,商业探索,10-14K,苏州,,2026-06-05 07:17:05
8b2d9726207fd4800nd_3tm6EFZX,数据分析建模，Base无锡非外包外派J15919,朗新科技,1000-9999人,计算机软件,本科,3-5年,"数据分析/挖掘经验, 机器学习建模经验",15-25K·14薪,苏州,,2026-06-05 07:17:26
4ca68ab6738a4c610nB_2N-1EVpR,数据统计专员,张家港市杨舍镇圣...,20-99人,专用设备,本科,3-5年,,6-7K,苏州,,2026-06-05 07:17:26
cfc1a788d17c416a03F92N27FlZZ,数据研究分析专家,江苏怡志新梦科技发展,20-99人,电子商务,本科,1-3年,"Python, 数学/统计相关专业, 经济/工商管理相关专业, 数据分析/挖掘经验, 电商/零售行业数据相关经验",12-24K·13薪,苏州,,2026-06-05 07:17:48
739316f19a890a7103F70tS4EVNY,数据分析师,大健云仓科技,1000-9999人,电子商务,本科,1-3年,"SQL, Python, 电商",15-30K,苏州,,2026-06-05 07:21:58
6f31a9be83cae37703d90961EFNQ,电商数据分析师,宇路,20-99人,快递,高中,5-10年,,8-10K,苏州,,2026-06-05 07:22:18
a5da64cb33dcf35103V63Ny_GFtX,数据分析,江苏树成信息技术,20-99人,大数据,本科,3-5年,"机器学习建模经验, 金融行业数据相关经验, 数据分析/挖掘经验, 计算机相关专业, SQL, 数学/统计相关专业",15-20K,苏州,,2026-06-05 07:22:39
16338f83a90d16d50nB-09u-EFNT,数据分析师,南京朗钧企业管理,0-20人,其他专业服务,本科,3-5年,"金融行业数据相关经验, 数据分析/挖掘经验, 计算机相关专业, 数据录入, 熟练使用 Excel, AI 工具辅助",7-9K,苏州,,2026-06-05 07:22:39
4379ec43704aec8103V70tq7FFJY,餐饮消费分析师,合众合,20-99人,建筑设计,本科,经验不限,"全职, 定性研究, 定量研究, 公司内部岗位, 统计学/心理学/社会学专业, 市场营销专业, 咨询公司/投行工作经验",6-8K·13薪,苏州,,2026-06-05 07:23:00
4c6b34541dc8c5320nZy2tq_EFNY,失效分析工程师,苏州某大型半导体/芯片公司,1000-9999人,半导体/芯片,本科,经验不限,"efa, pfa, 车规级",20-30K·15薪,苏州,,2026-06-05 07:23:20
5aad2cc2bf20bd610nd82tu6F1tU,高级工业数据分析师,北京工业大数据创...,100-499人,互联网,硕士,5-10年,,20-40K,苏州,,2026-06-05 07:23:41
f7c4c7e57ddb04ef1nZ60tS4FVBU,统计学-数据分析相关实习生,苏州优渥瑞,0-20人,电子商务,硕士,,"市场数据分析, 市场信息收集, Excel",200-250元/天,苏州,,2026-06-05 07:23:41
491e5f60066aecbf03N93N--EVRW,技术总监,欧科环保,20-99人,环保,本科,10年以上,"数据分析, BIM, CAD",20-30K,苏州,,2026-06-05 07:24:02
23c90ca1056651e90nV-2tq0EFVZ,高级大数据分析工程师,华瓴科技,100-499人,计算机软件,本科,3-5年,"数据分析/挖掘经验, 计算机相关专业, 数学/统计相关专业",16-30K,苏州,,2026-06-05 07:24:02
38aa3e88d04a47320nB72tm6GFRT,经营管理分析师,华夏精密,100-499人,原材料及加工/模具,大专,3-5年,数据分析/挖掘经验,10-15K,苏州,,2026-06-05 07:24:23
41b0d9ea6316a4c40nd70t67GFBQ,财务分析专家,贝壳找房,10000人以上,互联网,本科,5-10年,"财务BP, 财务分析, 酒店, 租赁, 长租公寓",20-30K·15薪,苏州,,2026-06-05 07:24:44
719f7965666a6b260ndy3961FVpQ,免疫PK生物分析专家,某大型生物/制药上市公司,1000-9999人,生物/制药,硕士,3-5年,,15-25K,苏州,,2026-06-05 07:24:44
c938f9cd02ef3b631nR42dm5EFNR,物流数据分析师,卓沛物流科技,100-499人,公路物流,本科,经验不限,"数据分析, 数据仓库, ETL, Excel, SQL, 仓配数据分析, BI, FineReport（帆软）",6-10K·14薪,苏州,,2026-06-05 07:24:44
74796105dac9e2740nB509--FFJR,全屋定制家具店长,相城区元和合和美...,0-20人,家具/家居,本科,经验不限,"就近分配, 需要门店店长经验, 家居建材/家电, 家具家居, 业绩管理, 数据分析, 熟练使用办公软件, 销售经验, 1-3年门店店长经验, 5年以上门店店长经验, 不需要出差, 不需要倒班, 不需要晚班/夜班",7-12K,苏州,,2026-06-05 07:24:44
0850fbf455ef33c00nZz0tq_EFpT,财务分析岗,苏州精濑光电有限公司,500-999人,仪器仪表,本科,5-10年,成本核算,10-15K,苏州,,2026-06-05 07:24:44
767b4d74f1eb40b10nB40tS5EVtV,电商AI运营分析师,苏州居涵环保科技,20-99人,电子商务,大专,3-5年,"有国内电商运营经验, 淘宝, 天猫, 家用电器, 其他, 品类结构优化, 国内电商",9-12K·13薪,苏州,,2026-06-05 07:24:44
945f9769b0fe40ed1HN829m7FlZQ,数据专员,新临世贸,100-499人,社交网络与媒体,大专,3-5年,"数据, 数据分析, Excel",5-10K,苏州,,2026-06-05 07:25:06
d4191aa378cc4cec0nB73ti_EFVQ,市场分析,苏州奥图思,1000-9999人,自动化设备,本科,5-10年,"汽车, 先进制造, 新兴行业, 机器人行业",15-26K·13薪,苏州,,2026-06-05 07:25:06
97108ddb2ef7ff8a0nB82tm9F1pQ,足球测试数据专员,赛福足球,20-99人,文化艺术/娱乐,本科,1-3年,,5-7K,苏州,,2026-06-05 07:25:06
82409c1515dbe9b40nVy0t61F1pX,数据产品实习生(J14078),合合信息,1000-9999人,互联网,硕士,,数据分析,180-250元/天,苏州,,2026-06-05 07:25:06
c38facf2330f5b891XB92t-6FVc~,审计助理,江苏华星会计师事...,100-499人,财务/审计/税务,本科,1年以内,"财务分析, 会计/财税类专业, 专项审计, 公司理财, 5年以上管理岗位经验, 咨询项目管理, 具有相关客户资源, 税务筹划, 内部控制/内部审计, 面访, 成本核算/控制, 报表/记账凭证编制, 尽职调查, 财务咨询, 擅长数据分析, 精通相关法律法规, 数据分析, 财税工作经验, 熟悉VC/PE投资圈, 具有审计经验",5-6K,苏州,,2026-06-05 07:25:06
a39646dcfebf221703Zz3tm6E1RX,初中数理化老师,雄才教育,20-99人,培训/辅导机构,本科,1-3年,"心理学专业背景, 教师, 初二, 初三, 小班教学（3-25人）, 培训机构, 初一, 线下教育, 教学管理, 线上教育, 三级教师, 初中教育工作经验, 初中教师资格证, 数据分析, 教育学专业背景, 大型教育机构经验, 坐班, 二级教师, 教研, 一对一教学",8-13K,苏州,,2026-06-05 07:25:06
d5a1a433df9de8c40nd80t20GVJT,数据分析专员,同程旅行,1000-9999人,互联网,本科,1-3年,,8-10K,苏州,,2026-06-05 07:29:16
4c92175bcea2b34d0nZ73tu8FlFR,数据分析工程师（供应链方向）(J56869),追觅创新科技,1000-9999人,家用电器,本科,1-3年,,15-25K,苏州,,2026-06-05 07:29:16
1fac4607f2f87e140nd82Nq0EVNS,bi数据分析师,苏州鑫迎运物流,20-99人,快递,学历不限,经验不限,Power BI,5-6K,苏州,,2026-06-05 07:29:37
0f37bfa470ea039c0nB83t24FVVT,ONVO乐道-数据分析（苏州）,NIO蔚来,10000人以上,汽车研发/制造,本科,5-10年,"管理经验, 汽车",15-22K·13薪,苏州,,2026-06-05 07:30:20
70181a13fa269e411HV82dy8FVdX,路由高级专员,跨越速运集团有限公司,10000人以上,物流/仓储,大专,1-3年,"企业内部物流部门, 数据分析, 接受出差, 物流网络规划, 物流现场运作, 车辆调度, 熟练使用ERP系统, 运输路线规划, 货物运输, 物流/供应链专业",10-12K,苏州,,2026-06-05 07:30:20
5237b831040bc7e50nV40tW5EVtV,hr人力资源实习生,艺龙酒店科技,10000人以上,酒店/民宿,本科,,"考勤管理, 不接受居家办公, 数据分析",150-200元/天,苏州,,2026-06-05 07:30:42
ee4fdc5281243a8203N42di5ElJX,产品数据分析师,苏州润创,20-99人,互联网,大专,1-3年,"数据分析, 供应链, 后台产品, BI, Axure, SQL",6-10K,苏州,,2026-06-05 07:31:03
25ac56c27cf0652c0ndy2tm-ElJY,物流专员/主管-食品行业,喜家德集团,1000-9999人,餐饮,本科,3-5年,"企业内部物流部门, 车辆调度, 货物运输, 物流网络规划, 数据分析, 货物装卸, 物流/供应链专业",8-12K,苏州,,2026-06-05 07:31:25
8103ed413a8b34f31n1y3tm6E1tY,数据分析师,顺和合,20-99人,机械设备/机电/重工,大专,经验不限,相关分析,8-9K,苏州,,2026-06-05 07:36:38
7716c3a36c3d0f4a0nB82tm5F1ZS,京东电器超级体验店-数据分析岗-正式工,京东集团,10000人以上,电子商务,本科,1-3年,,7-8K·13薪,苏州,,2026-06-05 07:37:00
1643754a0f86e5980nB83N-0GFJX,数据分析师(电商),江苏盖乐创新科技,100-499人,金属制品,本科,在校/应届,"数据分析/挖掘经验, 电商/零售行业数据相关经验",6-7K·13薪,苏州,,2026-06-05 07:37:00
216f9537bd220f3003xy3Nu8F1tU,光模块系统数据分析工程师,苏州某大型半导体芯片上市公司,1000-9999人,半导体/芯片,本科,5-10年,,25-40K·15薪,苏州,,2026-06-05 07:37:21
8fd5fbb9a34b7f230nV63d-5ElNY,高级数据分析师(J10997),迈为,1000-9999人,自动化设备,本科,5-10年,"SQL, 数据分析, BI工具",15-25K·14薪,苏州,,2026-06-05 07:37:21
9ef38e458a9fc1f10ndy39i8EVpR,数据分析-上海/北京,某大型上市公司,1000-9999人,储能,本科,1-3年,"数据分析, 风控, 商业化数据分析及监控, 数据挖掘理论, 流量、产品、策略",40-70K·15薪,苏州,,2026-06-05 07:37:41
8608d69e69f5b31f1nNz3dS0ElVS,数据分析师,南京宜开数据分析,0-20人,互联网,硕士,1-3年,"Python, SQL, NumPy, Excel, Pandas",14-22K·13薪,苏州,,2026-06-05 07:38:03
7fc8a2e50af6da9f33F62Ni4EFo~,数据分析工程师,中地行信息技术,100-499人,人工智能,本科,3-5年,"数据分析, SAS, 数据架构师, SPSS, SQL, Python",12-16K·14薪,苏州,,2026-06-05 07:38:03
3439ed795f8fb7120nd52dy_EldT,芯片失效分析工程师,苏州门海,100-499人,电子/硬件开发,本科,1-3年,,15-25K·15薪,苏州,,2026-06-05 07:39:46
aa14085b7be5476003Z73Ni9FVJS,卖方分析师,竹风远流,100-499人,互联网,本科,1-3年,"证券投顾经验, 证券从业经验",20-40K,苏州,,2026-06-05 07:44:17
a2f875ec61e72a5503x43ti1EVtU,电商数据运营分析师,极效电商,100-499人,电子商务,大专,3-5年,"业务数据分析, BI平台建设, 不接受居家办公, 业务模式/运营策略优化, 营销活动效果分析, 统计/数学相关专业, 投放数据分析, 数据分析/商业分析经验, SQL",6-8K,苏州,,2026-06-05 07:44:38
f9bc3e73d552021f0nd709-1EFZV,财务分析/财务BP,博众精工,1000-9999人,自动化设备,本科,1-3年,"成本, CPA, 财务, 财务分析",15-25K·13薪,苏州,,2026-06-05 07:45:00
bddd6c2497fcc4581XF_09i_FlRX,商业分析,聚思睿管理咨询,0-20人,咨询,本科,1-3年,"国内咨询机构, 制造业, 数据分析能力, 留学经历",8-12K,苏州,,2026-06-05 07:45:44
c89604ce0db9f9941HZ_3ti8FVJU,研发分析专员,中移,1000-9999人,计算机软件,本科,3-5年,计算机相关专业,30-45K,苏州,,2026-06-05 07:46:04
c9427ebde59d81c303J6396-E1BZ,海外售后数据分析实习生,科沃斯机器人有限公司,1000-9999人,其他行业,学历不限,,,100-150元/天,苏州,,2026-06-05 07:51:16
292104cd6e2d99460nd53ty6FFpX,生产文员（偏数据分析）,广东省袁记食品,1000-9999人,餐饮,大专,5-10年,"五险一金, 不需要出差, 包吃住, ERP系统经验, 文员经验, 食品/饮料/烟酒经验",5-7K,苏州,,2026-06-05 07:51:38
e116cb9fdf0bea521XV73NW_EFpV,数据分析师,江苏新亿迪,20-99人,建筑设计,大专,1年以内,Excel,5-6K,苏州,,2026-06-05 07:51:38
147c97c561e255781HB93NS1F1VR,媒体数据分析师,猫柚创意,20-99人,广告/公关/会展,本科,,"数学/统计相关专业, 经济/工商管理相关专业, 数据分析/挖掘经验, 数据可视化, 外语能力, 新闻传播",100-110元/天,苏州,,2026-06-05 07:52:00
df45e321ebc29bd60nZ509W0FlFU,电商产品流量分析师（8k-20k）,江苏奇力康皮肤药...,100-499人,医疗器械,大专,5-10年,,8-13K,苏州,,2026-06-05 07:52:00
b434cfa233ccc8fd0nVz09q0E1tU,股票线上分析师,哈尔滨世格商贸,100-499人,互联网,本科,1-3年,,10-11K,苏州,,2026-06-05 07:52:19
94bcaeef3bb9a9630nB52t6_E1dT,数据专员,玉蕙口腔医院,100-499人,医疗服务,硕士,经验不限,,8-10K,苏州,,2026-06-05 07:52:19
57345fd86638bc771HB82di7ElFQ,数据分析工程师,一元万数,0-20人,大数据,本科,经验不限,"SQL, Python, 数据建模, 数据仓库",3-6K,苏州,,2026-06-05 07:52:41
9a912f7f7efe34361nZz0ty-FVtS,电商数据分析师财务分析师,柴火科技,20-99人,互联网,本科,3-5年,"SQL, Excel, 聚类分析, 大数据",7-9K,苏州,,2026-06-05 07:52:41
140b8dc67d1028fa0nZ42d67EVVU,数据分析师（双休居家办公）,领研未来,100-499人,培训/辅导机构,本科,1-3年,"Hive, SQL, Python, MATLAB, Tableau, 数据分析/挖掘经验, 计算机相关专业, 数学/统计相关专业, 在线教育, 教育培训, 教育, 成人教育, 申博",5-7K,苏州,,2026-06-05 07:58:14
2e1cee2c2afe17ca0nR43N-0FlFQ,财务分析专员,旭川化学,1000-9999人,化学原料/化学制品,本科,3-5年,,7-10K·13薪,苏州,,2026-06-05 07:59:37
72c4bd2903ccbad10nZ80ty8EFZX,电力交易数据分析师,江苏阳风新能电力科技,0-20人,电力/热力/燃气/水利,硕士,1-3年,"SQL, Python, Power BI, 数学/统计相关专业, 计算机相关专业, 数据分析/挖掘经验, 机器学习建模经验, 风控相关经验",8-10K,苏州,,2026-06-05 07:59:57
f1b628160845ad1d0nV63N-8EVtY,高级数据产品经理,初米,100-499人,互联网,本科,5-10年,"市场调研, 产品设计, 数据分析, Axure, 墨刀, 数据产品",15-21K,苏州,,2026-06-05 07:59:57
4fbddbd2b67802980nd-0tu9FFBY,商品分析专员,江苏盛博国际贸易,20-99人,批发/零售,大专,1-3年,"数据分析, 办公软件应用, 了解货品波段, 沟通能力强, 退调补货, 售罄管理",6-8K,苏州,,2026-06-05 07:59:57
8b8568446aa1236d0ndy09y-GFBR,高级数据分析师,数琨创享,100-499人,计算机软件,硕士,3-5年,"经济/工商管理相关专业, 机器学习建模经验, R, Hive, Power BI, 数据分析/挖掘经验, 计算机相关专业, Python, SQL, 数学/统计相关专业",10-15K,苏州,,2026-06-05 08:04:55
9032b916890f12e10XZ629i4FVc~,数据分析员,七号仓,20-99人,服装/纺织,本科,1-3年,"SQL, Python, Excel",6-10K,苏州,,2026-06-05 08:05:15
66aa7424fb13660a1HBy2N61F1RX,高级需求分析师,亚和金,20-99人,计算机软件,本科,3-5年,"Axure, Visio, Oracle/MySQL, 计算机/软件工程相关专业, 财务/金融相关专业, 可适应出差",9-13K,苏州,,2026-06-05 08:05:56
57b163e7e38c2baf0nB629q6E1VR,需求分析师本科（ERP/WMS/MES项目经验）,博锐星润,100-499人,计算机软件,本科,3-5年,"制造业, ERP, WMS, MES, 需求分析",9-13K,苏州,,2026-06-05 08:07:00
d85cae018fe98aad1HZ_29q6F1tZ,数据分析师（远程）,准雀教育,0-20人,在线教育,本科,,"SAS, SPSS, Python",200-300元/天,苏州,,2026-06-05 08:11:09
ebc27e540d13c20003R73Nq9E1NZ,大数据分析实习生,金信天,100-499人,互联网,硕士,,"金融行业数据相关经验, Power BI, 数据分析/挖掘经验, SPSS, 计算机相关专业, SQL, Python, 数学/统计相关专业",200-320元/天,苏州,,2026-06-05 08:11:09
b5fa0209627855ac0nB62927ElNV,业务数据分析师,萤火虫,20-99人,电子商务,本科,5-10年,"Power BI, Tableau, 数学/统计相关专业, 数据分析/挖掘经验, 电商/零售行业数据相关经验",8-12K,苏州,,2026-06-05 08:11:09
7687fe441a40d2c703x_3Nu-FlVY,大数据分析工程师,苏州瓴明信息科技,20-99人,计算机软件,本科,3-5年,"SQL, Hive, 金融行业数据相关经验, 数据分析/挖掘经验, 计算机相关专业, spark",15-25K,苏州,,2026-06-05 08:11:09
b5d926232d65ec511HJ93t-9EFRU,数据分析实习生,Joracon,20-99人,互联网,本科,经验不限,"Python, Power BI, 计算机相关专业, 数据分析/挖掘经验, 电商/零售行业数据相关经验",5-10K,苏州,,2026-06-05 08:11:28
8bacff6afc4945f50nB639S1FlRX,AI数据分析,苏州绣娘丝绸有限公司,500-999人,批发/零售,本科,5-10年,,10-15K,苏州,,2026-06-05 08:11:49
ef21310d5d57532e0nB80tq1EFRQ,分析师,上海励刻网络科技,100-499人,职业培训,学历不限,经验不限,"流量扶持, 节日福利, 需其他经验/资质, 需财经行业经验, 接受无财经经验/资质, 普通话标准, 直播不多于4小时, 财经主播, 需要露脸, 需直播经验, 月结, 无需加入公会, 期货, 期货分析, 卖方分析师, 买方分析师, 期货分析直播",6-11K,苏州,,2026-06-05 08:11:49
14b32b4bc99addb303Zz2dy0EVtS,大数据分析师,数字蚂蚁,0-20人,运营商/增值服务,本科,1-3年,,10-15K,苏州,,2026-06-05 08:11:49
25122601b00da50803V929m_GVJT,系统分析资深工程师,中达电子有限公司,10000人以上,企业服务,硕士,3-5年,"Python, Golang, Java, Docker, MongoDB, 架构设计经验",14-18K·17薪,苏州,,2026-06-05 08:11:49
3191ef483daaa77d03x_0tW0EFRQ,数据分析,铭志国际,100-499人,跨境物流,大专,1-3年,,6-9K,苏州,,2026-06-05 08:11:49
61b69d5b2a60ea6603F42NS-FlZU,资深数据分析师,苏州印尘艺美培训,0-20人,培训/辅导机构,本科,3-5年,"金融行业数据相关经验, 风控相关经验, 数据分析/挖掘经验, 计算机相关专业, 数学/统计相关专业",10-15K,苏州,,2026-06-05 08:11:49
ee710a93b12299910nR_2dq-EVBS,餐饮储备店长/干部,巷光餐饮,20-99人,餐饮,大专,5-10年,"连锁餐饮店, 餐饮行业经验, 线上平台运营, 数据分析, 收银系统操作, 餐饮储备店长, 客诉处理, 加盟店经验, 连锁餐饮店经验, 直营店经验, 考勤/排班",7-11K,苏州,,2026-06-05 08:12:10
53850ba1a7effac003N83tW5FFFT,（子公司）数据治理与分析工程师,大数据,500-999人,大数据,硕士,1-3年,"要求数据开发经验, 数据平台开发经验, Spark, 数据治理经验, 非外包类, SQL",12-20K,苏州,,2026-06-05 08:12:10
e9f50420ae79a7bd1HN42NS4E1VW,数据分析,ecMAX,500-999人,电子商务,大专,3-5年,"业务数据分析, 投放数据分析, 营销活动效果分析, 用户深度研究, 竞品分析, 数据分析/商业分析经验, 统计/数学相关专业, 不接受居家办公",7-11K,苏州,,2026-06-05 08:12:10
46ca3120204cd11e1HR63di_E1VQ,数据分析师,智壳科技,500-999人,通信/网络设备,大专,1-3年,"VBA, 数据库",6-8K,苏州,,2026-06-05 08:12:10
4d5a8de8e263b58103Fz2ti_GVBZ,大数据分析治理实习生,新歌科技,0-20人,计算机软件,硕士,,,150-240元/天,苏州,,2026-06-05 08:12:10
302d60b3baaee4750nB82Nu_GVRS,足疗按摩SPA店长,昆山市锦颐健康咨...,0-20人,其他生活服务,学历不限,3-5年,"包吃, 包住, 需要门店店长经验, 员工培训, 数据分析, 员工招聘, 卫生管理, 客诉处理, 熟练使用办公软件, 销售经验, 线上平台运营, 3-5年门店店长经验, 不需要出差, 不需要倒班",11-20K,苏州,,2026-06-05 08:12:10
a5772201d674ccb10nd42Nm0EFNR,数据分析师【擅长powerbi/SQL/Python等】,上元教育,1000-9999人,培训/辅导机构,本科,3-5年,,70-120元/时,苏州,,2026-06-05 08:12:10
e404a01812ad630e0nB83di9GFRT,数据分析,苏州春会来医疗科技,20-99人,医疗器械,大专,1-3年,"接受无国内电商运营经验, 不接受居家办公, 数据分析能力, 沟通能力良好",6-9K,苏州,,2026-06-05 08:12:10
ac429ea6628fb6a303R50tq_FVVZ,数据分析师,菩提树智能清洗,100-499人,通用设备,本科,3-5年,"SQL, Python, R, SPSS, 数学/统计相关专业, 计算机相关专业, 数据分析/挖掘经验",10-12K,苏州,,2026-06-05 08:12:32
817a797089fbe13503Z_2d-7E1pQ,python数据分析师,北京优创智联网络科技,100-499人,广告营销,本科,3-5年,"Python, Tableau, Power BI, SQL, 数学/统计相关专业, 计算机相关专业, 数据分析/挖掘经验, 机器学习建模经验",15-25K,苏州,,2026-06-05 08:12:32
ee59ff65ff07d7f00314092_FFVY,数据分析专员,苏州韦博,0-20人,互联网,本科,经验不限,,5-6K,苏州,,2026-06-05 08:12:53
32baf846ec2258fe0nB809u1FVZV,失效分析工程师,苏州某大型半导体上市公司,1000-9999人,半导体/芯片,本科,3-5年,"FTA, FMEA, 寿命试验, 无损检测, 环境监测, 物理检测, 质量管理体系标准, GJB9001",20-21K,苏州,,2026-06-05 08:12:53
72e69740ed8157a60nd-0tq4F1pQ,大数据产品经理（新能源项目）,上海舟恩信息,100-499人,计算机软件,本科,3-5年,"大数据产品, 需求分析, 产品设计, 数据分析",14-18K·13薪,苏州,,2026-06-05 08:13:14
7131e6c0d2570d781HN50tS9EFFQ,数据专员,朝闻琼山分公司,100-499人,社交网络与媒体,本科,经验不限,"数据, 数据分析, Excel",5-10K,苏州,,2026-06-05 08:13:36
a6338fc841fee5430XN42tu-FFU~,工艺大数据模型软件开发工程师,水云境,20-99人,仪器仪表/工业自动化,硕士,5-10年,"MySQL, 大数据, 数据挖掘, 数据分析, Java, Python",15-20K,苏州,,2026-06-05 08:13:36
9a91f53811df22a00ndy29-6GFpR,财务分析主管,苏州某大型光伏公司,10000人以上,光伏,本科,3-5年,"英语, 甲乙方经验, 海外财务分析",20-22K·13薪,苏州,,2026-06-05 08:13:36
f03ba7af7cee9a2103Fy3ty7EFpW,果蔬主管,码上鲜,100-499人,批发/零售,中专/中技,1-3年,"包住, 陈列管理, 连锁门店经验, 就近分配, 超市, 1-3年卖场经理经验, 库存管理, 不需要出差, 生鲜卖场, 数据分析, 不需要晚班/夜班, 业绩管理, 不需要倒班, 需要卖场经理经验, 新店筹备, 五险",7-9K,苏州,,2026-06-05 08:13:36
b0843188cfd824490nd_2tu1EVpQ,足球数据分析,华祥数字科技,1000-9999人,互联网,本科,1-3年,"足球, 五大联赛, 彩票",10-15K,苏州,,2026-06-05 08:13:36
3340a63daa80a63c1XB83t6-E1JZ,数据产品经理,熵智信息科技有限公司,20-99人,计算机软件,本科,3-5年,"数据分析, 市场调研, 产品设计",10-12K·13薪,苏州,,2026-06-05 08:13:36
2ebab18a219dbaec0nZy3d67FlBX,投资分析师,无锡天娱数字科技,100-499人,人工智能,本科,1-3年,,10-15K,苏州,,2026-06-05 08:13:56
1bb4403adcb760f41Hd43Ni7E1RR,组学数据工程师,清谱科技,100-499人,仪器仪表,硕士,经验不限,"SPSS, 数学/统计相关专业",10-15K,苏州,,2026-06-05 08:13:56
2816cb5bd81a591b03R509i_F1NY,金蝶ERP财务模块系统分析师,江苏杰士德精密工业,1000-9999人,机械设备/机电/重工,本科,3-5年,"计算机应用, 金蝶ERP系统顾问、实施、开发, 熟悉财务模块基本知识",10-15K·14薪,苏州,,2026-06-05 08:13:56
1262a5305dca7eeb0nR639q9FFRV,店经理（香氛个护品牌）,chillmore,100-499人,电子商务,本科,3-5年,"需要门店店长经验, 不需要出差, 不需要晚班/夜班, 化妆品, 陈列管理, 业绩管理, 数据分析, 新店筹备, 客诉处理, 3-5年门店店长经验",15-20K,苏州,,2026-06-05 08:13:56
015700a22a960fd00nB43d67FVpR,报告文员,三亿检测,20-99人,检测/认证/知识产权,本科,1-3年,"报告编辑, 报告审核, 数据分析, 数据录入, 检测, 汽车零部件, 文件管理, 理工科",6-7K·13薪,苏州,,2026-06-05 08:13:56
124826753639a5b10ndy2dW0F1tX,（财务）业财系统分析师,十方云传媒,20-99人,电子商务,本科,3-5年,"软件实施经验, ERP, OA, 财务相关专业",7-12K,苏州,,2026-06-05 08:14:18
9576ae49e2a9a58b0nZ809-9EVNQ,仓储数据主管-常熟,顺丰泰森控股,1000-9999人,物流/仓储,大专,3-5年,"库存控制, 数据统计, 数据分析, 客户服务",8-12K·13薪,苏州,,2026-06-05 08:14:18
fce5d6aa0d59bc2c03x-3t26E1VQ,ESG分析师,苏州易思洁,0-20人,投资/融资,本科,1-3年,"私募投资, 交付团队, 英语可作为工作语言, 国内咨询机构, 战略咨询, 外资咨询机构, 管理咨询, 金融, 数据分析能力",7-9K,苏州,,2026-06-05 08:14:18
d2a87869add0192b03152dq9GVpW,财务BP,跃川拓境,100-499人,汽车研发/制造,本科,5-10年,"财务BP, 财务分析, 数据分析, 海外出口业务, 业财结合",11-20K·15薪,苏州,,2026-06-05 08:14:18
d8c93c4871e041d803x_2969FVZU,财务BP/财务经理（制造业）,文达思源,20-99人,企业服务,本科,3-5年,"预算, 数据分析, 制造业, 竞品调研",12-18K,苏州,,2026-06-05 08:14:18
15a2237695f77fa30nd509u1FFRR,客服质检分析师,苏州市红岸文化科技,100-499人,计算机软件,大专,1-3年,"不含销售的客服工作, 线上客服, 正常工作制, 办公室坐班, 企业内部客服, 质检客服",5-7K,苏州,,2026-06-05 08:19:53
f02b9914c9ebce4e1X183d-0F1JV,生物分析员,苏州澄耀生物科技,0-20人,生物/制药,本科,1-3年,"生物工程, 化学分析, 实验室技术员",6-7K,苏州,,2026-06-05 08:20:15
0a9c6ff3c44bf8000nZz39q_FVtY,图文广告店长,苏州孚嘉印刷包装科技,0-20人,广告/公关/会展,大专,5-10年,"销售经验, 员工培训, 线上平台运营, 熟练使用办公软件, 连锁门店经验, 财务管理, 其他, 3-5年门店店长经验, 需要门店店长经验, 不需要出差, 数据分析, 不需要晚班/夜班, 业绩管理, 不需要倒班, 五险",10-12K,苏州,,2026-06-05 08:20:34
3d3cbb934c878a280nd82Ny-FFtS,工艺数据分析工程师-数学类/统计类专业,昆山联滔电子有限公司,10000人以上,电子/半导体/集成电路,本科,1年以内,"机器学习建模经验, Power BI, 数据分析/挖掘经验, 计算机相关专业, Python, SQL, 数学/统计相关专业",8-13K,苏州,,2026-06-05 08:25:22
ceef1dc4d600577e03F73ti4EVZR,数据分析,铭志国际,100-499人,跨境物流,大专,1-3年,,7-9K,苏州,,2026-06-05 08:25:22
8b91fc7abea1cb731nd739-6F1FX,招 电商运营 3-5名,首旺,20-99人,电子商务,学历不限,经验不限,"B2B, 电商店铺运营, B2C, 数据分析, C2C, 电商平台, 数据分析能力, 销售数据运营",10-15K,苏州,,2026-06-05 08:26:03
453b4ff6744dd49c03F63di9E1BY,商业数据分析,意驰,20-99人,进出口贸易,硕士,经验不限,,10-15K·13薪,苏州,,2026-06-05 08:26:23
c86c43c57a3a4aeb0nZy29y9FVVX,财务预算分析,鸿凌达,500-999人,其他制造业,本科,3-5年,,14-20K,苏州,,2026-06-05 08:27:25
55f0cfee903773f30nB63tS0E1tT,电商数据分析专员,杭州多蕾猫电子商务,20-99人,电子商务,本科,1-3年,"Python, 数学/统计相关专业, 数据分析/挖掘经验, 电商分析",5-8K,苏州,,2026-06-05 08:27:25
70c41dcf32fc1deb0nB83NW8EVNT,数据BP师,美宜佳控股有限公司,10000人以上,批发/零售,本科,3-5年,,10-15K,苏州,,2026-06-05 08:31:53
ff244037150e3ffc0nR62N-7GFBZ,标注及数据分析工程师,苏州市安程电子科技,500-999人,半导体/芯片,本科,1-3年,"标注数据分析, 文本标注, 分类标注, 数据分析能力强, 不接受居家办公",8-13K,苏州,,2026-06-05 08:32:14
4574a2e281793d890nZ929m_FFtY,贸易分析师,苏州润泉信息科技,0-20人,互联网金融,大专,经验不限,,5-10K,苏州,,2026-06-05 08:32:14
83d3b1df83b0dc6103Fz2ty6GVdU,大数据分析师,三螺旋,0-20人,其他专业服务,本科,1-3年,"SQL, Python, 数学/统计相关专业",8-13K,苏州,,2026-06-05 08:33:36
b60e6bfb1fdb343c1HNy3Ni4FVVT,数据分析师,辰小数信息技术,20-99人,互联网,本科,3-5年,"SQL, Python, R, 数学/统计相关专业, 计算机相关专业, 数据分析/挖掘经验",9-14K,苏州,,2026-06-05 08:33:36
5393ed55042e46770nJz09i9FlA~,数据分析师,苏州斐波那契,20-99人,互联网,本科,3-5年,"数据分析, Spark, MySQL",10-15K·13薪,苏州,,2026-06-05 08:33:58
1bda615e1d3aa5eb0nB42ti_GFtV,投资分析师,苏州永鑫控股,20-99人,基金,硕士,1年以内,"宏观经济研究, 先进制造, 数据挖掘和分析为主, 基金公司, VC/PE, 擅长宏观经济/政策研究, 量化交易策略研究",8-12K·14薪,苏州,,2026-06-05 08:34:40
dbb0443308b895e10nd42d29GFFW,电力交易策略分析师,协鑫能科,1000-9999人,电力/热力/燃气/水利,本科,5-10年,,30-40K,苏州,,2026-06-05 08:35:01
2dbae1698bdfccc00nZ72d-9EVVR,海外产品支持实习生（月薪4000-4500+补贴）,东成机电,1000-9999人,电气机械/器材,本科,,"财务管理专业, 数据分析, 财会专业, 会计专业, 统计专业",180-220元/天,苏州,,2026-06-05 08:35:01
6775f3e632d961d10ndy3Nu7EVBQ,工业制造数据分析师 半导体制造,苏州某大型半导体上市公司,1000-9999人,半导体/芯片,本科,3-5年,"Python, SQL, 工业制造半导体数据",15-25K,苏州,,2026-06-05 08:38:31
6b7ea7ca79f67e390nd929q6FlRY,数据分析实习生,江苏坚壳科技有限公司,20-99人,大数据,本科,,"SQL, Python, 数学/统计相关专业, 计算机相关专业, 数据分析/挖掘经验, 机器学习建模经验, 实习岗位",150-200元/天,苏州,,2026-06-05 08:38:31
77baa24c35dd1ceb03F93NW7GVtQ,环境科学、生态学、生物学类数据分析师,准雀咨询,20-99人,咨询,硕士,经验不限,,100-200元/时,苏州,,2026-06-05 08:38:31
a8b98fe38d5a79810nd-3966FVBU,数据分析,江苏盖乐创新科技,100-499人,金属制品,本科,1-3年,"Power BI, 数据分析/挖掘经验, 电商/零售行业数据相关经验, SQL, Python",6-10K·13薪,苏州,,2026-06-05 08:38:31
aa51de6e8de4427d0nB42di8GFtQ,实验室分析员,飞凡检测,20-99人,检测/认证/知识产权,本科,1-3年,,6-7K,苏州,,2026-06-05 08:40:37
da849bb78b5c28f0031y2t-5EVVY,兼职数据分析师,骏影科技,0-20人,互联网,硕士,1-3年,"R, MATLAB, SPSS, SAS, 数学/统计相关专业, 经济/工商管理相关专业, 数据分析/挖掘经验, 机器学习建模经验, 金融行业数据相关经验",50-55元/时,苏州,,2026-06-05 08:40:37
214d34355e3e34d90nZ90t-1F1NT,PQE质量工程师,鼎芯光电,100-499人,半导体/芯片,本科,经验不限,"FQE, PQA/PQE, OQE, AQE, CQE, SQA/SQE, 数据分析",10-15K·13薪,苏州,,2026-06-05 08:41:20
e0388e594ca4e7860ndy09y-GFdV,财务分析经理,科沃斯机器人有限公司,1000-9999人,其他行业,本科,5-10年,SQL,25-40K·14薪,苏州,,2026-06-05 08:41:20
2968a3ebed2cc5ce0nB_2t61GVdS,全职/实习 数据分析师（偏交易方向）,上海寻幔智能科技,0-20人,计算机软件,本科,经验不限,,10-15K,苏州,,2026-06-05 08:44:30
3b10f22974dc34411nB_2dm0GFBZ,数据分析师,道征科技,0-20人,广告营销,本科,,"数学/统计相关专业, 数据分析, 数据分析师",200-300元/天,苏州,,2026-06-05 08:44:30
e00aae46a12ee1300nB_3dS7GFRZ,月8000/数据分析/录入员+带薪休假,锦灿融科技有限公司,20-99人,互联网金融,中专/中技,经验不限,"全职, 坐班, 正常工作制, 打卡奖",5-10K,苏州,,2026-06-05 08:44:30
445cb39c5532dbce1HFz2NS7FVVS,数据分析师,金信天,100-499人,互联网,本科,经验不限,"金融行业数据相关经验, 数据分析/挖掘经验, 数学/统计相关专业, SQL, Python",15-20K,苏州,,2026-06-05 08:44:30
989eeb3519b6dd650nd5292-E1ZU,电池研发工程师（数据分析）,苏州某大型自动化设备上市公司,1000-9999人,自动化设备,硕士,1-3年,"光伏电池, 数据分析",15-25K,苏州,,2026-06-05 08:44:51
9d1f21ea1a02ec210nB_0t67FlNS,数据分析HRBP,浙江匠选科技有限公司,100-499人,专用设备,硕士,1-3年,,7-8K·14薪,苏州,,2026-06-05 08:44:51
fbbf5d8a4090d6710nZz2dm6EVpR,数据分析师,常熟市东南街道玖...,0-20人,互联网,本科,1-3年,,10-11K,苏州,,2026-06-05 08:45:12
02719cfb8662fd2c031_2tS7E1NS,​产业数据分析师,数链纵横,0-20人,大数据,本科,经验不限,,20-25元/时,苏州,,2026-06-05 08:46:32
f0ed89e07c7c5f3f0Xx62d66Els~,亚马逊运营,唯米亚,20-99人,电子商务,学历不限,经验不限,"不接受居家办公, 有国内电商运营经验, 淘宝, 天猫, 京东, 拼多多, 1688, 美妆日化, 服饰鞋帽, 3C数码, 居家日用, 食品饮料, 爆品运营, 店铺0-1搭建, 店铺站外推广, 直播运营, 店铺站内推广, 跨境电商, 数据分析, 运营专员, 英语, 电商运营",5-10K,苏州,,2026-06-05 08:46:32
7f965d64cb9724eb0nZ-3t-5E1FX,卖方分析师（金融）,苏州盈鼎汇,100-499人,互联网金融,本科,1-3年,"个股研究, 投资组合构建, 投资课程讲授, 行业趋势分析, 研究报告撰写, 互联网金融, 证券公司, 证券从业经验, 证券研究与分析经验, 实盘交易经验, 投资组合管理经验, 证券投顾经验, 成熟的投资理念和方法, 深度报告撰写能力, 直播/讲课能力, 金融/经济/管理相关学历, 广告/营销相关学历, 证券从业资格, 证券投顾资格",20-40K,苏州,,2026-06-05 08:47:14
a7ff8356e80c3e9503J629S0E1VR,项目运营专员,上海川速物流有限公司,20-99人,公路物流,大专,3-5年,"数据分析, 承运商管理, 三方物流企业, 车辆调度, 综合性物流, 货物运输, 货物配送, 电商行业经验, 物流/供应链专业",8-10K·13薪,苏州,,2026-06-05 08:47:14
137242f6591feebd0nB40967GVJW,产品经理（风控/AI数智方向）,泰融数智,20-99人,人工智能,本科,3-5年,"数据分析, 金融风控, Axure",10-12K,苏州,,2026-06-05 08:47:33
ee855ef318f53ec81HJ539i_E1dW,数据分析师实习生,天翼交通科技,100-499人,计算机软件,硕士,,"机器学习建模经验, 提供转正机会, 数据分析/挖掘经验, 计算机相关专业, SQL, Python",150-200元/天,苏州,,2026-06-05 08:51:01
d70f1e33a3a7754a0nZ93NS7F1pV,大数据分析工程师,易诺卫健康科技,20-99人,医疗健康,本科,5-10年,,15-20K,苏州,,2026-06-05 08:51:43
0987dffcb58d0c940nV92t2-E1NS,数据统计专员,麦锐克,20-99人,医疗器械,本科,经验不限,,8-10K,苏州,,2026-06-05 08:52:05
fda3d3fe9c47650a031809y7FFVR,财经主播分析师,上海颖集信息咨询,100-499人,互联网金融,本科,1-3年,"投资课程讲授, 行业趋势分析, 互联网金融, 证券公司, 客户服务工作经验, 证券投顾经验, 成熟的投资理念和方法, 直播/讲课能力, CFA持证, 证券从业资格, 证券投顾资格, CAIA持证",50000-260000元/月,苏州,,2026-06-05 08:53:08
4f9d9464e526b1410nRz39y4GVNR,财务数据分析员,万络国际物流,100-499人,装卸搬运和仓储业,大专,1-3年,,5-7K,苏州,,2026-06-05 08:53:29
3b49b6e796c4dd211XBz3Ni5E1RU,生物信息分析主管,济研生物,0-20人,生物/制药,本科,1-3年,"R, 大数据处理经验, 生物信息分析, 基因组学, 转录组学",10-15K,苏州,,2026-06-05 08:53:29
e92e93ef86ae3c7e1X140t26FFpQ,股票分析师,吴中木渎九帆咨询...,0-20人,咨询,本科,5-10年,"个股研究, 投资组合构建, 行业趋势分析, 证券从业经验, 证券研究与分析经验, 实盘交易经验, 成熟的投资理念和方法",10-15K,苏州,,2026-06-05 08:53:52
daa97ffb20d0c5cf0nB_3dS7FlRS,跨境宠物分析师（宠物用品方向）,鑫顺金望宠物用品,100-499人,服装/纺织,大专,1-3年,"数据分析/挖掘经验, 五险一金, 包吃",6-8K,苏州,,2026-06-05 08:53:52
1d60ced27ba2bb3603F-2Nu9EVZZ,大数据分析师,搞米科技,20-99人,其他行业,本科,经验不限,,9-14K,苏州,,2026-06-05 08:58:44
7044869f86cc9fd50nR-2928FFdT,大数据分析工程师,旭创科技,1000-9999人,半导体/芯片,本科,5-10年,"Power BI, 计算机相关专业, 数学/统计相关专业, 可视化, 制造业",15-20K·14薪,苏州,,2026-06-05 08:58:44
f98e6a079993737f0nZy2d-0ElBU,财务经营分析,波司登羽绒服装,10000人以上,服装/纺织,本科,5-10年,,15-25K,苏州,,2026-06-05 09:00:32
1803611aab54bb1a0Hd42t-5EFY~,大数据架构师合伙人,苏州蓝品,0-20人,计算机软件,本科,1-3年,"数据挖掘, 数据分析, 分布式技术, Hadoop, Spark, 架构师, 大数据",100-110K,苏州,,2026-06-05 09:00:52
1d97ca11d1e54d161nV92ti7FlNT,电商运营,凤禧,100-499人,服装/纺织,本科,3-5年,"店铺推广, 数据分析, 淘宝天猫运营, 直播, 电商活动, 电商平台, 京东运营",8-10K·13薪,苏州,,2026-06-05 09:01:12
b8dec23e3c1390bf0nB_296_GVZT,财务经营分析专员,利来智造,100-499人,汽车零部件,本科,1-3年,,11-16K·13薪,苏州,,2026-06-05 09:01:12
d50c4997b256ed121HR83dy0E1BY,数据分析运营专员(J14114),叮咚买菜,10000人以上,互联网,本科,1-3年,数据分析,10-15K·15薪,苏州,,2026-06-05 09:05:42
0d6f72f26b9608e70nd50tW4EFpY,数据分析实习生,苏州立信税务事务所,1000-9999人,财务/审计/税务,本科,,"数据分析/挖掘经验, SQL",100-120元/天,苏州,,2026-06-05 09:06:02
c7898522a0fa487e0nR53tW1EFJQ,电商数据分析师（数坊）,ecMAX,500-999人,电子商务,本科,5-10年,,11-20K,苏州,,2026-06-05 09:06:02
40ae8905cce64df003Vy2tS_EldT,数据分析师,苏州瑞鹏信息技术,0-20人,大数据,本科,3-5年,,20-40K,苏州,,2026-06-05 09:06:47
3bcebe61931101151HZ-3t-9FldW,python数据分析开发,测点大数据,20-99人,计算机软件,本科,经验不限,"Python, 大数据开发经验, 计算机相关专业",6-10K,苏州,,2026-06-05 09:07:49
ef062e158d4b552403Zz2dS-E1BV,数据分析师,大湿地信息技术,20-99人,计算机软件,本科,3-5年,"SQL, Python, Tableau, Power BI, 计算机相关专业, 数据分析/挖掘经验, 数据治理, 数据开发, ETL开发, Doris, Mysql",8-12K,苏州,,2026-06-05 09:07:49
03dda95e10b9b46c1HF52Nu8GVNR,广告投放/投流优化师/投手,苏州海刀鱼文化传媒,20-99人,广播/影视,大专,1-3年,"投流, 广告投放, 数据分析, 运营, 抖音电商, 信息流优化师, 直播运营, 短视频投放",6-11K,苏州,,2026-06-05 09:07:49
f8dd6be4b0dc724a1Hd_3NS8GVZY,财务分析专家,首肯电子,20-99人,电子商务,本科,1-3年,"数据分析, 统筹, 外贸报税退税",8-13K,苏州,,2026-06-05 09:07:49
78eb12684a71b5ad1nV43dS5FltR,大数据开发工程师,聪创科技,20-99人,互联网,本科,1-3年,"Python, 网络爬虫技术, 大数据, 数据分析, 数据采集, 数据仓库, Spark, JavaScript",10-15K,苏州,,2026-06-05 09:08:09
42d263a040b286230nR93d67EFNV,成本分析,凯伦建材,1000-9999人,建筑材料,本科,3-5年,,12-15K,苏州,,2026-06-05 09:08:29
1bc100545ca0aa970nd90t6-GVFV,财务分析,燕龙科技,1000-9999人,汽车零部件,本科,在校/应届,财务分析,5-6K,苏州,,2026-06-05 09:08:29
0d9ecbe016724de30nZy3d60GFBV,月9500＋数据分析/录入员＋入职社保,宏晟鸿,100-499人,咨询,高中,经验不限,"全职, 坐班, 信息录入, 客户对接, 客服助理, 网络客服",8-12K·13薪,苏州,,2026-06-05 09:11:37
682da4638be3b4b50nZ42Ni-GVNX,数据分析师（供应链方向）,追觅创新科技,1000-9999人,家用电器,本科,经验不限,"Power BI, 数据分析/挖掘经验, SQL, 数学/统计相关专业",15-20K·15薪,苏州,,2026-06-05 09:11:37
b5cbebf1877ff0c70nB_3N69GFJY,数据分析师,苏州翼菲智能科技,500-999人,通用设备,本科,3-5年,,10-15K·13薪,苏州,,2026-06-05 09:11:59
8b9b6e0f52f07d341X162di1FFNS,数据分析专员,苏州新东方,1000-9999人,培训/辅导机构,本科,1-3年,"数据分析/挖掘经验, 计算机相关专业, SQL, 数学/统计相关专业",6-7K,苏州,,2026-06-05 09:11:59
2b8aeebd7b8c1b8c0nB429u-EFJU,数据分析,苏州天准科技,1000-9999人,仪器仪表/工业自动化,本科,3-5年,"大数据处理经验, 机器学习经验",12-17K,苏州,,2026-06-05 09:12:20
ff8324484b2dc09a03R72Ny_F1VX,数据分析师 (MJ000618),江苏欧博,100-499人,电子商务,本科,1-3年,"Python, SQL, Pandas",10-15K,苏州,,2026-06-05 09:13:02
1f9bf678dbebaee21nZ839S7GFNQ,高级专利数据分析师,智慧芽,1000-9999人,互联网,本科,3-5年,"管理, 专利, 审查",15-30K,苏州,,2026-06-05 09:13:02
6fb9cc9c258c27960nVy2Nm4EldU,商业数据分析,万竹盈建筑劳务有...,0-20人,工程施工,本科,经验不限,,9-10K,苏州,,2026-06-05 09:13:02
ad9f191132961ba81HN43N-9EVtT,巡检数据分析工程师（全职/实习）2名,苏州光蝠智能科技,0-20人,光伏,大专,在校/应届,计算机相关专业,4-6K,苏州,,2026-06-05 09:13:24
bcae6dcf928ee3b80nB62NS4GFtX,海外市场分析师,固德威,1000-9999人,储能,本科,3-5年,,11-18K,苏州,,2026-06-05 09:14:46
ef6511b4b5acd1ca0nB50t-0E1NV,技术分析师,北京某大型智能硬件上市公司,10000人以上,智能硬件,硕士,5-10年,"接受无机械设备工程师经验, 需要出差, 人工智能、存储技术, 高性能计算, 深度技术调研报告",25-40K·16薪,苏州,,2026-06-05 09:14:46
ad72325a499cddee0nd62NS5GVFQ,成本分析,南京转芯净界智能科技,100-499人,智能硬件/消费电子,本科,3-5年,,18-30K·15薪,苏州,,2026-06-05 09:14:46
e828fc03f85e844b0ndz0t69F1JT,用户运营,企二哥,20-99人,企业服务,本科,1-3年,"文章推送, 数据分析, 数据分析能力好, 制定策略",4-8K,苏州,,2026-06-05 09:14:46
7f9d66a05cef20931XZ70tm_E1o~,大数据开发工程师,驭数,20-99人,大数据,本科,3-5年,"Hadoop, 数据挖掘, Spring, 数据分析, 数据仓库, MySQL, Spark, 数据中台建设",11-22K,苏州,,2026-06-05 09:19:20
749fb6c3c1011cd71XF709m6EltQ,技术分析师,上海大易云计算有...,10000人以上,计算机软件,学历不限,3-5年,"自动化测试经验, 自动化测试, 白盒测试, 硬件测试",5-6K,苏州,,2026-06-05 09:19:42
a5127e955471f7501Xx40t60E1NY,数据分析员,蓬林木材,0-20人,进出口贸易,本科,3-5年,"多元统计分析, 描述统计",5-8K,苏州,,2026-06-05 09:20:02
96623eb734a844580nB82di8FVpZ,财务分析师,宝时得,1000-9999人,其他消费品,本科,3-5年,,11-16K,苏州,,2026-06-05 09:20:24
16a98c45e54c647c1nBz2tq_FVtT,分析工程师,微研优仿医药科技,100-499人,生物/制药,本科,1-3年,"药物分析, GLP, HPLC",6-10K·13薪,苏州,,2026-06-05 09:20:45
431603be3dcde88a0nB409i8FldY,谷歌广告投放专员（Google Ads/DTC独立站）,凯帝丽莎,500-999人,进出口贸易,本科,3-5年,"海外广告投放, 企业品牌方, 海外广告投放经验, 企业品牌方经验, Google Ads, 海外推广, DTC, 独立站运营, 数据分析",13-25K·13薪,苏州,,2026-06-05 09:20:45
3b48f2350c4169b50ndy2dm9FlNQ,数据分析实习生,博世中国 / 集团,10000人以上,智能硬件,本科,,Power BI,180-250元/天,无锡,,2026-06-05 09:28:15
543bb46fa59014010nZ839W0FVVV,数据分析师（急招）,江阴市汽车交易中心,1000-9999人,汽车经销商,大专,1-3年,"SQL, 数学/统计相关专业, 数据分析/挖掘经验, 计算机相关专业",10-15K,无锡,,2026-06-05 09:28:15
4fea37ef4df968540nB80t26EFJS,数据高级工程师(J10353),毅合捷,500-999人,汽车零部件,本科,5-10年,"要求数据开发经验, 数据仓库开发经验, 非外包类, BI报表开发经验, SQL, Hive, 数据治理, 企业级BI平台规划",15-25K·13薪,无锡,,2026-06-05 09:28:15
649025ec21e91c3003160ty0GVJU,大数据开发（驻场外包）,无锡锡商银行,100-499人,银行,本科,3-5年,,10-15K,无锡,,2026-06-05 09:28:15
068b00d2388ea5450nB439q4FVZV,数据分析工程师,上海量魁私募基金管理,20-99人,基金,本科,经验不限,,12-18K,无锡,,2026-06-05 09:28:15
a68f95635141fc680nB-09W_EFZR,知名大型电池&能源企业-- BMS大数据专家,江苏某大型动力电池公司,10000人以上,动力电池,本科,10年以上,,30-50K·16薪,无锡,,2026-06-05 09:28:15
88738490bf77cabd031739i_EVVU,bi数据分析师,海妈家,20-99人,电子商务,大专,1-3年,"爬虫, Power BI, 计算机相关专业, 电商/零售行业数据相关经验, 数学/统计相关专业",8-12K,无锡,,2026-06-05 09:28:15
aec17ed3ed02ad6c1Hx_3N6-EVJS,数据分析师,惠山区花创网络技...,0-20人,大数据,本科,5-10年,,10-15K·13薪,无锡,,2026-06-05 09:28:15
8f645c40fe98743d0nZ52NS9FVdU,高级数据库工程师（DBA）,讯联,100-499人,互联网,本科,5-10年,,20-30K·13薪,无锡,,2026-06-05 09:28:15
7efd1027b227abff03d_29W8FldW,数据分析师,新禾,20-99人,计算机服务,硕士,1-3年,"有环保工程师经验, 不需长期出差",8-10K,无锡,,2026-06-05 09:28:15
10fef44f2a96a99a0nV43tW_GVJY,大数据开发工程师(J11069),麦田能源股份有限公司,1000-9999人,光伏,本科,3-5年,"Java, 要求数据开发经验, Kafka原理/源码, 大数据引擎开发经验, Flink原理/源码, Kafka, MySQL/SQL Server, 非外包类, 数据平台开发经验, Flink, SQL, Shell, BI报表开发经验, 数据仓库开发经验",15-25K·13薪,无锡,,2026-06-05 09:28:15
9d3632dac0bd93271HJ72d29ElVR,抖音数据分析师,壬北文化传媒有限公司,100-499人,电子商务,大专,1-3年,"数据分析/挖掘经验, 电商/零售行业数据相关经验",8-13K,无锡,,2026-06-05 09:28:15
81d9daf89b5523430nB-3t28ElVW,经营分析负责人,某大型批发公司,500-999人,批发/零售,本科,经验不限,,20-28K,无锡,,2026-06-05 09:28:15
442e09f2784837f70nZ729S1F1VS,生物分析大分子PI,无锡某中型医疗服务实验室公司,100-499人,医疗服务,学历不限,经验不限,"生物分析, 大分子, ELISA, 细胞实验, PI",15-25K,无锡,,2026-06-05 09:28:15
e9e2e82aefb807020nd93NW_EVpQ,需求分析师（驻场外包）,无锡市人才集团,100-499人,人力资源服务,大专,3-5年,,12-17K,无锡,,2026-06-05 09:28:15
55ccea2f1626ed2403J60ti5EVVZ,大数据分析师,顺丰速运,10000人以上,快递,大专,1-3年,,6-7K,无锡,,2026-06-05 09:28:36
3cb085c13b35c51c1Xx-3dy9F1FU,数据分析，数据产品经理,万千工品,500-999人,电子商务,大专,3-5年,数据分析,15-25K,无锡,,2026-06-05 09:28:36
f393ec9917c7ace003Fy2dy6GVJV,数据统计专员,无锡家有点点,500-999人,批发/零售,大专,3-5年,"SQL, Power BI, 数学/统计相关专业, 电商/零售行业数据相关经验, 数据分析/挖掘经验, 函数, WPS",6-8K,无锡,,2026-06-05 09:28:36
e6879e22ce293a540nB809m1EVtV,AI需求分析工程师,南京睿晖,100-499人,计算机软件,本科,1-3年,,11-20K,无锡,,2026-06-05 09:28:36
1b0ebbc3370297b51XV63NW9E1pR,环境数据分析工程师,力合科技,500-999人,仪器仪表,本科,1-3年,"Excel, 相关分析, 回归分析, 描述统计",7-8K,无锡,,2026-06-05 09:28:36
ed5a5f07a10309710nd-0926EFBQ,数据统计分析专员,青宏,20-99人,批发/零售,大专,1-3年,,5-6K·13薪,无锡,,2026-06-05 09:28:36
80c586a1150dc7600nd43t2_FVFR,产品经理（B端大数据方向）,帆软软件,1000-9999人,计算机软件,本科,经验不限,,18-26K,无锡,,2026-06-05 09:28:36
7f244a8901fd8b021XZ-3di8GVpU,时间序列分析师,源和聚,0-20人,采掘/冶炼,硕士,1-3年,统计数字,5-6K,无锡,,2026-06-05 09:28:36
36873ad1deda06e00ndy29S_FlZQ,数据部负责人-base杭州，跨境，电商，零售,上海某大型MRO工具设备类跨境零售公司,1000-9999人,电子商务,本科,5-10年,"互联网/AI, 跨境电商，零售，电商",30-60K,无锡,,2026-06-05 09:28:36
835ead69c9b936a30nB42Ni5F1dY,电子FA分析工程师（无锡）,雷鸟创新,100-499人,计算机硬件,大专,1-3年,电子失效分析,10-15K·13薪,无锡,,2026-06-05 09:28:36
7b71537978b4573d0nB73t6-FlRV,数据分析实习生,英臻,100-499人,互联网,本科,,"SQL, Python, 数据分析/挖掘经验, 电力",100-110元/天,无锡,,2026-06-05 09:28:36
8f4c1aedd69c397e1H170ti5FltY,研究员（数据分析调研报告撰写）,新烽惠,0-20人,咨询,本科,3-5年,"咨询公司/投行工作经验, 定量研究, 统计学/心理学/社会学专业, 数据分析, 定性研究, 第三方咨询公司岗位, 统计学, 可接受频繁出差, 全职, 文字功底强",6-8K·13薪,无锡,,2026-06-05 09:28:36
ac4244a7a0fca8990nB83dq8E1FR,财务分析主管,万谦工品,500-999人,电子商务,本科,5-10年,,10-13K,无锡,,2026-06-05 09:28:36
09375f47474361760nB-2NW4ElFU,研发工程师（数据治理）无锡市城云智慧科技,无锡市建政城市停...,20-99人,其他生活服务,本科,3-5年,"数据治理, 后端开发",8-12K·13薪,无锡,,2026-06-05 09:28:36
13cb91b93e509ae70nB83tm4EVBS,音乐数据标注【居家办公双休9:30-18:30】,北京青钱,500-999人,互联网,本科,经验不限,,5-7K,无锡,,2026-06-05 09:28:36
de9de368848eccfa0ndz0tm-FFtW,数据中心基础设施测试技术储备人员,英和数据,20-99人,检测/认证/知识产权,本科,经验不限,CET-6,8-12K,无锡,,2026-06-05 09:28:57
7a5f891efb18e2380nZ_0ty1FlNY,数据统计分析专员-无锡/上海/北京,上海津石医药,1000-9999人,医疗服务,本科,1-3年,"SAS, R语言, SPSS",8-11K,无锡,,2026-06-05 09:28:57
ab8d4acabdc46b2303x-2924EFBX,财税数据分析师,勤锋财税,20-99人,财务/审计/税务,本科,经验不限,"excel, 财税分析",6-10K,无锡,,2026-06-05 09:28:57
e6923309be3d36270nd82t-_GVBR,高级IDC数据中心设施运维工程师,诚云科技,500-999人,互联网,本科,3-5年,"电气弱电暖通, IDC, 运维经验, IDC机房运维, 数据中心",15-25K·15薪,无锡,,2026-06-05 09:28:57
068ebf7789f8f1e70nd82tm8EVFR,数据流程工程师(J17523),先导智能,10000人以上,智能硬件,本科,1-3年,,10-15K,无锡,,2026-06-05 09:28:57
476e865dd5a7510b03N73tS0GFNZ,诚邀资深爬虫工程师 猫了咪大数据时代已来,猫了咪,20-99人,人工智能,学历不限,经验不限,"爬虫工程师, 数据采集, 数据清洗, 数据处理, 数据报表, 数据分析",5-10K·14薪,无锡,,2026-06-05 09:28:57
704923de4e400d960nVz09i0GFBQ,信息技术分析师（前端方向）,金杜律师事务所,1000-9999人,咨询,本科,3-5年,"用户/功能产品, B端产品, AI产品",15-20K,无锡,,2026-06-05 09:28:57
3953e1c143ea0c6b1X142Ny5FlBQ,助理分析师,不锈钢电子交易中心,100-499人,电子商务,本科,经验不限,"数据分析/挖掘经验, 数学/统计相关专业",7-10K·13薪,无锡,,2026-06-05 09:28:57
e8f11138cb87ca2e03V839-4FlFR,跨境电商数据分析师,微珑科技无锡有限公司,20-99人,进出口贸易,本科,3-5年,"Python, SQL, Power BI, 数学/统计相关专业, 电商/零售行业数据相关经验",12-20K,无锡,,2026-06-05 09:28:57
9c9f450c5011da3003F-2di7GFpS,项目经理/主管（数据标注行业）,宽凳科技,500-999人,其他行业,本科,3-5年,,10-15K,无锡,,2026-06-05 09:28:57
c8e6dc0b6f0fb54003N43NW_GVFZ,初高物理老师,无锡书香缘教育文化,0-20人,培训/辅导机构,本科,3-5年,"教师, 教务, 文章撰写能力, 高中, 重点学校一线教师, 培训机构, 教学管理, 线上教育, 一级教师, 二级甲等, 三级教师, 一级乙等, 竞赛相关经验, 教师资格证, 数据分析, 大型教育机构经验, 学科相关专业背景, 坐班, 教学法研发与培训, 教研, 不坐班, 初中, 普通话水平测试等级考试, 一对一教学",14-23K,无锡,,2026-06-05 09:28:57
906122b50482c3640nB_2Ni8GVVZ,电子失效分析工程师,迪富电子,100-499人,智能硬件/消费电子,大专,3-5年,"FTA, FMEA",10-13K,无锡,,2026-06-05 09:28:57
a6e995c3023b4f580nB-0ti6E1VU,端到端自动驾驶算法工程师实习生（数据方向,清华大学应用研究院,20-99人,人工智能,硕士,,,200-400元/天,无锡,,2026-06-05 09:28:57
6eaf939f1500f9cf0nd43Nq5FVpR,商品数据分析,斯搏兹,500-999人,批发/零售,本科,1-3年,"Power BI, 数据分析/挖掘经验, 电商/零售行业数据相关经验, 数学/统计相关专业, Python",5-7K·13薪,无锡,,2026-06-05 09:28:57
b13ed9203a55d2370nB82dy_FlBY,判断分析+协调沟通 选址专家+五险一金,亿滋食品,500-999人,食品/饮料/烟酒,中专/中技,1年以内,"选址专员, 门店拓展, 选址开发, 商务拓展, 渠道开发, 高提成, 弹性工作, 五险一金, 双休, 资源维护, 商务谈判, 连锁门店开发",12-18K,无锡,,2026-06-05 09:28:57
fe2b35759d4dfe3703163d60GFJT,数据专员,德缘生珠宝,20-99人,珠宝/首饰,大专,1-3年,,5-6K,无锡,,2026-06-05 09:29:18
9f363a16a7377c8c03J63dq5F1ZQ,数据分析师,福挺科技,20-99人,进出口贸易,本科,经验不限,"经济/工商管理相关专业, R, Power BI, SAS, 数据分析/挖掘经验, 计算机相关专业, 电商/零售行业数据相关经验, SQL, Python, 数学/统计相关专业",5-10K,无锡,,2026-06-05 09:29:18
74a9d1f112c9bc0003R-29i0F1dZ,盒马超市生鲜主管—无锡储备管理岗,盒马鲜生,10000人以上,生活服务(O2O),大专,3-5年,"损耗管理, 员工培训, 熟练使用办公软件, 陈列管理, 连锁门店经验, 就近分配, 超市, 1-3年卖场经理经验, 库存管理, 五险一金, 生鲜卖场, 数据分析, 需要卖场经理经验",6-8K,无锡,,2026-06-05 09:29:18
0492faf5c25c0def1XZ62Ni1GFdZ,化学分析,苏利化学,500-999人,化工,大专,经验不限,"精细与专用化学品, 有机品, 化学相关专业, 环保相关专业, ICP-MS, HPLC",5-10K,无锡,,2026-06-05 09:29:18
36115f55dc2751440nB80ti8FFJZ,物流运营专员（包住+大小周+五险一金）,申通快递,10000人以上,快递,大专,经验不限,"货物运输, 车辆调度, 数据分析, 物流网络规划",6-8K,无锡,,2026-06-05 09:29:18
df4cec80d0f48fe803Z52ty1GFNS,成本及经营分析员,无锡冠亚恒温制冷,100-499人,专用设备,大专,5-10年,,9-11K,无锡,,2026-06-05 09:29:18
0880f7fb54b7057803x92tu0FlJS,风险模型分析师,杭州钱袋数字科技,100-499人,计算机软件,本科,3-5年,"Python, 数据分析/挖掘经验, 机器学习建模经验, 金融行业数据相关经验, 风控相关经验",16-30K,无锡,,2026-06-05 09:29:18
7f0d4e83df744dbb0nZ_0t28E1pV,连锁餐饮储备店长,云庄里餐饮,100-499人,餐饮,大专,1-3年,"订货管理, 连锁餐饮店, 损耗管理, 餐饮行业经验, 数据分析, 客诉处理, 餐饮储备店长, 连锁餐饮店经验, 小吃/快餐店经验, 考勤/排班",8-9K·13薪,无锡,,2026-06-05 09:29:18
b153e10928fded770nB53d21EVRR,制剂分析高级研究员,润诺生物,1000-9999人,生物/制药,本科,5-10年,,12-20K,无锡,,2026-06-05 09:29:18
114458cca2dbcf221Hd80tS6EFVZ,信息流广告投放专员,无锡英思迈信息技术,20-99人,互联网,大专,1-3年,"广告, 流量, 数据分析, 优化, 数据优化",7-9K,无锡,,2026-06-05 09:29:18
c753237fbb8f21800nB8392-FVtQ,失效分析工程师 (MJ000031),深南电路,10000人以上,智能硬件,本科,经验不限,,13-20K·13薪,无锡,,2026-06-05 09:29:18
e116c0ad92c2070a03153N28EVtY,大数据开发架构师,合柒智能,20-99人,人工智能,本科,3-5年,"要求数据开发/架构经验, 要求有数据开发经验, 数据平台开发经验, 数据仓库开发经验, 大数据引擎开发经验, 3-5年, Python, SQL, MySQL, Spark原理/源码, Hive原理/源码, 数据治理经验, 计算机相关专业, 数学/统计相关专业",12-24K,无锡,,2026-06-05 09:29:18
cff365c459ac8dcc03Fz2d27EVpX,营销数据分析师,通用股份,1000-9999人,汽车研发/制造,本科,3-5年,,10-15K,无锡,,2026-06-05 09:29:18
b714f3eeaba862861XB_2tm9EFFS,化学分析工程师,江苏恒正合,20-99人,生物/制药,大专,1年以内,"生物制药, 食品行业",6-10K,无锡,,2026-06-05 09:29:18
8e9e3e1e97109e1f1HZy39u1ElJW,数据分析师,江苏华亦扬信息科技,0-20人,计算机软件,本科,1-3年,"SQL, Python, 数学/统计相关专业, 计算机相关专业, 数据分析/挖掘经验",8-12K,无锡,,2026-06-05 09:29:18
b164bf9ece3b56ce0nB83tW8EFJR,数据生产主管,原力灵机,100-499人,人工智能,本科,3-5年,,10-15K,无锡,,2026-06-05 09:29:39
d9a68f287aa377f203d43ty4EFNR,股票/证券财经分析主播,巨丰投顾无锡分公司,100-499人,证券/期货,本科,5-10年,"宏观经济研究, 固定收益研究, 数据挖掘和分析为主, 股票研究, 投融资经验, 擅长企业财务分析, 擅长证券研究, 行业及金融复合背景, 咨询/媒体行研经验, 擅长宏观经济/政策研究",20-40K,无锡,,2026-06-05 09:29:39
e98c4d9c3baa77530nB52dm8E1RX,产品经理（两轮车 无锡）,零禾科技,500-999人,其他制造业,本科,5-10年,"电动自行车, 摩托车, 英语, 数据分析",15-25K,无锡,,2026-06-05 09:29:39
e98f7a4970afa9fb1XF_2dm4F1tU,电商数据分析师,四库图书,20-99人,电子商务,本科,1-3年,"数据分析/挖掘经验, 计算机相关专业, 电商/零售行业数据相关经验",5-7K,无锡,,2026-06-05 09:29:39
f4e2c9fb232c68260nd509W6EFBW,财务分析/财务BP,无锡捷骏管业,0-20人,互联网,大专,3-5年,,7-9K,无锡,,2026-06-05 09:29:39
1b55e3b4cafb2b3e03d_2d-8EFBR,分析交易员,中橡化工,20-99人,进出口贸易,本科,1-3年,"数学/统计相关学历, 期货从业资格, 金融/经济/管理相关学历, 行业趋势分析, 量化投资研究, 研究报告撰写",5-7K,无锡,,2026-06-05 09:29:39
bbe9fc4255c0aecb03R62tm9GVQ~,分析研究员,长风药业,500-999人,生物/制药,硕士,经验不限,"化学研发, 仿药研发, 新药研发",8-9K·13薪,无锡,,2026-06-05 09:29:39
531a66c52f24ec5a03170921FVVW,运维值班长（数据中心）,尚航科技,100-499人,大数据,大专,3-5年,IDC机房运维,7-12K,无锡,,2026-06-05 09:29:39
0e996c71398d8cb303B73tu0FlJR,实验室分析人员,澄源环境检测,0-20人,环保,大专,1-3年,"环保, 检验, 通过CMA评审, 检测, 化学化纤, 化学分析, 药品相关专业, 中级职称及以上, 环保行业, 环境治理",4-8K,无锡,,2026-06-05 09:29:39
3472dbeeeb638a5f0ndy09u9EVpY,数据运营实习生,悠派,500-999人,互联网,大专,经验不限,"数学/统计相关专业, 数据分析/挖掘经验",2-4K,无锡,,2026-06-05 09:29:39
3e9e8ca0dc9b70720nR53tq-F1dQ,气象AI大数据架构师,云遥宇航,100-499人,铁路/船舶/航空/航天制造,本科,5-10年,,25-30K,无锡,,2026-06-05 09:29:39
6483cf94a0ed861503R-2du_EFNZ,服装商品数据分析,云蝠服饰,1000-9999人,服装/纺织,本科,3-5年,电商/零售行业数据相关经验,7-8K,无锡,,2026-06-05 09:29:39
234e4d3a32a4433603x72dq_FlJZ,数据运营分析师,恒田企业,1000-9999人,服装/纺织,本科,3-5年,"计算机相关专业, 数据分析/挖掘经验",8-12K·13薪,无锡,,2026-06-05 09:29:39
dd21f8d0443c280f0nZy2Nq1FVRT,行业研究分析师,爸爸课堂,20-99人,培训/辅导机构,本科,经验不限,,10-15K,无锡,,2026-06-05 09:29:39
c9384cd668c5848c03dz0ti4GVVZ,CAE分析技术总师,某汽车零部件公司,20-99人,汽车零部件,硕士,5-10年,"柴油机, 甲醇, 天然气发动机, 内燃机",25-40K,无锡,,2026-06-05 09:29:39
0d3ab2bfd82a4fe10nZ-29i8EFZT,中高级数据仓库工程师,博到信息,20-99人,计算机软件,本科,3-5年,,12-16K·13薪,无锡,,2026-06-05 09:29:59
0f18cd1fc896c3b80nZ-3d24E1FZ,采购策略分析师,旺达电子,100-499人,其他行业,本科,5-10年,"国内采购, 零配件, 大中型企业采购经验, 供应链/贸易专业",10-15K,无锡,,2026-06-05 09:29:59
2ea6118e8689ce8e0nZ-09y_ElZS,投资分析师,卓胜微电子,1000-9999人,半导体/芯片,硕士,1-3年,"一般行业研究, 行业及金融复合背景, 半导体行业背景, 商业分析",20-35K·16薪,无锡,,2026-06-05 09:29:59
9a81d7d84085128e0nB63t61ElFU,部门助理（数据分析）,阿斯麦,1000-9999人,电子/半导体/集成电路,本科,1-3年,Power BI,6-7K,无锡,,2026-06-05 09:29:59
e28c3d1769df1d5a1n163Nm_FVRZ,实验室分析,格林勒斯检测,500-999人,环保,大专,经验不限,"化学检测, 环境监测",5-7K,无锡,,2026-06-05 09:29:59
94de38bb785733e70nd43Nm1E1tZ,大数据分析软件工程师（研究生实习生）,无锡盛建精密机械制造,100-499人,半导体/芯片,硕士,,"机器学习建模经验, Power BI, 数据分析/挖掘经验, Hadoop, Tableau, 计算机相关专业, SQL, Python",140-160元/天,无锡,,2026-06-05 09:29:59
062f05c9d45b49510nB439u6FFFS,音乐数据标注,泓屹嘉成,500-999人,人工智能,本科,经验不限,,5-8K,无锡,,2026-06-05 09:29:59
733e747f9da43c510nR-2d60GFpZ,圆通速递-中心储备干部-包吃住,圆通速递,10000人以上,快递,本科,经验不限,"企业内部物流部门, 数据分析, 物流现场运作, 仓储管理, 网点/店面文员",6-7K,无锡,,2026-06-05 09:29:59
48295fa24246011b1H183Nq_EVNS,课程顾问/学科分析师（不外出地推+高提成）,腾大教育连锁,1000-9999人,培训/辅导机构,大专,经验不限,"中学生, 培训机构, 线下教育, 有销售经验, 有大型教育机构经验, 有教育工作经验",8-13K,无锡,,2026-06-05 09:29:59
4df988da33f2458f0nV-39u4EFNS,经营分析经理,海澜电商,100-499人,互联网,本科,3-5年,,12-20K,无锡,,2026-06-05 09:29:59
00665aca29c068cf0nd80tW5F1pX,数据工程师,上海旋杰智能科技,0-20人,人工智能,本科,经验不限,,7-12K,无锡,,2026-06-05 09:29:59
2b68cf0e117d132003N72Ny7GFpX,初高中文科老师,无锡硕优托管服务,20-99人,培训/辅导机构,本科,经验不限,"教师, 课程销售, 培训机构, 初中教师资格证, 讲义/教纲编写能力, 正高级教师, 初中生, 数据分析, 大型教育机构经验, 高级教师, 坐班, 互联网公司经验, 重点学校一线教师经验, 助教, 高中教师资格证, 一级甲等, 教务, 高中生, 活动策划, 小班教学（3-25人）, 线下教育, 一级教师, 三级教师, 二级甲等, 一级乙等, 普通话水平测试等级证书, 文案撰写, 教师职称, 班主任, 二级乙等, 社群运营, 二级教师, 课程/课件研发, 一对一教学, 大班教学（25人以上）, 教育类专业背景",6-11K,无锡,,2026-06-05 09:29:59
be5ca8c00006f6d2031_2N-7F1BU,电池云端大数据专家,某大型国际动力电池公司,10000人以上,动力电池,本科,5-10年,,30-35K·17薪,无锡,,2026-06-05 09:29:59
2fd068c7dce55c9f0nd_29S_FVRW,有机分析工程师,无锡世优检测有限公司,20-99人,检测/认证/知识产权,本科,3-5年,,7-12K,无锡,,2026-06-05 09:29:59
0ac8223a7c768fe31XR629q7GFtU,系统集成项目经理,无锡雷华网络技术...,100-499人,通信/网络设备,本科,1-3年,"数据分析, 计算机软件, pmp, IT项目管理, 数据挖掘, CMMI, IPD",8-10K,无锡,,2026-06-05 09:29:59
456ddb41c77f75841nN53Ny0GVtX,大宗商品行情分析师,丰齐,20-99人,进出口贸易,本科,经验不限,风控经理,9-10K,无锡,,2026-06-05 09:30:20
f0979f0d99202cec0nB839i7FFNS,数据开发 - 硕士实习生（base宁波）,中科聚信,100-499人,咨询,硕士,,"接受无数据开发经验, SQL",150-160元/天,无锡,,2026-06-05 09:30:20
d6a60a6d69f56ea60nZ40tq8EVRV,善研物理教师（初高中）,无锡思瑞数学,20-99人,培训/辅导机构,初中及以下,1-3年,"培训机构, 线下教育, 线上教育, 数据分析, 社群运营, 互联网教育平台使用, 坐班, 教学法研发与培训, 教学管理, 教师, 课程研发, 小班教学（3-25人）",8-13K,无锡,,2026-06-05 09:30:20
8ddb6f925abb2de11Hx82dS1GVRQ,数据分析专员,无锡光烨,0-20人,批发/零售,本科,1-3年,"数据分析/挖掘经验, 电商/零售行业数据相关经验",4-7K,无锡,,2026-06-05 09:30:20
cb29115d8ff3d52b0nR92Nq7GFVX,高级数据工程师,海易原,20-99人,计算机软件,本科,10年以上,"Shell, 金融行业数据相关经验, ETL设计/开发经验",10-15K,无锡,,2026-06-05 09:30:20
6413af5f4a3ae81c1XJy2di-FFZY,定位分析师,善志,100-499人,咨询,本科,3-5年,"国内咨询机构, 品牌定位",10-15K,无锡,,2026-06-05 09:30:20
34f7d9714a6d55260nB73t21FlJW,资深财务分析,天津中环领先,1000-9999人,半导体/芯片,本科,3-5年,"工业制造业, SAP经验",12-20K·13薪,无锡,,2026-06-05 09:30:20
cc4145e914ab766c0nB42tm7FldU,分拨运营专员,跨越速运,10000人以上,快递,大专,1-3年,"企业内部物流部门, 数据分析, 接受出差, 物流现场运作",6-8K,无锡,,2026-06-05 09:30:20
ed2b6885e1b0690f0nd43dm6FFVR,数据标注工程师,祥生,500-999人,医疗器械,本科,经验不限,"数据标注, 超声, 图片标注",10-15K·15薪,无锡,,2026-06-05 09:30:20
f8e5588910beb5560nd-39m8GVVV,质量分析专员(J10668),信捷电气,1000-9999人,其他行业,本科,1-3年,"SQL, Python, MATLAB, SPSS, 数学/统计相关专业, 数据分析/挖掘经验, 质量分析, SPC过程分析, CDA, 应用统计分析, 质量管理",7-10K·13薪,无锡,,2026-06-05 09:30:20
12f1da06cef8457903Rz0ti6GVZY,初级分析研究员,国通新药,100-499人,生物/制药,本科,3-5年,"化学药, 研发型",11-20K·13薪,无锡,,2026-06-05 09:30:20
0da5694db2b51fbf0nZy09S-FVRZ,投资分析师,国联金投致源,20-99人,投资/融资,硕士,经验不限,"并购型投资, 成长型投资, 医疗/大健康, 能源, 汽车, 先进制造, VC, 私募基金, 早期风险投资, 较强的行业分析能力, 一级市场投资职位, Pe, 互联网/科技",13-20K·14薪,无锡,,2026-06-05 09:30:20
1d7b8672b95c8a050nB-09S_FVBW,无锡 快手正编 运营管培训生,快手,10000人以上,社交网络与媒体,本科,在校/应届,"内容运营, 用户运营, 电商运营, 跨境电商运营, 新媒体运营, 不接受居家办公, 数据分析, 运营",8-10K,无锡,,2026-06-05 09:30:20
900b805231c43bb00nV83tq-E1tW,财务分析资深专员(J14554),环晟光伏,1000-9999人,光伏,本科,5-10年,,10-15K·14薪,无锡,,2026-06-05 09:30:20
2b5c752a17520a8f1XB83tS0F1A~,竞价专员,hibaby,100-499人,生活服务(O2O),大专,5-10年,"数据分析, SEM",6-10K,无锡,,2026-06-05 09:30:20
7bb28343e014db24031y3Ni_FFBQ,财务分析/财务BP,关联树财税,20-99人,财务/审计/税务,本科,3-5年,,3-5K,无锡,,2026-06-05 09:30:41
6d9fe5df28b6a5af1HN539-6FFs~,天猫品类运营,新贝母婴,100-499人,电子商务,大专,3-5年,"数据分析, 运营数据, 竞品分析",6-8K,无锡,,2026-06-05 09:30:41
16da50dcbfd167ae1nN40t-0EVY~,数据分析师,江苏百拓,500-999人,广告营销,本科,1-3年,"数据分析, 数据处理, 网络",5-8K,无锡,,2026-06-05 09:30:41
6ca77c125e8bfedd1nNz3d-_FVNW,数据挖掘工程师,瑞修得,20-99人,计算机软件,本科,3-5年,"Python, 机器学习算法, Spark, Hadoop, Flask, Django",15-25K,无锡,,2026-06-05 09:30:41
bd08d93ce1bd89bd03d409y_FVdT,产品分析专员,不求器全,20-99人,电子商务,本科,1-3年,,6-10K,无锡,,2026-06-05 09:30:41
3d597b301a3b333d0nVz3NS9FlZT,数据工程师,逐日信息,20-99人,进出口贸易,本科,3-5年,"产品设计, 数据分析, 数据建模, 数据仓库, ETL, 制定优先级, 需求分析, 用户研究",15-30K,无锡,,2026-06-05 09:30:41
b6af85225aa9519b0ndz09S4FFBS,口腔门诊店长,无锡好芽医口腔门诊,20-99人,医疗服务,大专,1-3年,"需要门店店长经验, 不需要出差, 不需要倒班, 不需要晚班/夜班, 包吃, 美容保健, 美妆护肤, 药店/医疗器械, 保健/养发, 美容美体, 数据分析, 业绩管理, 客诉处理, 库存管理, 熟练使用办公软件, 销售经验, 连锁门店经验, 1-3年门店店长经验",11-18K,无锡,,2026-06-05 09:30:41
109c224003998a911HJ_3dy_FlJY,跨境电商亚马逊运营,海岸电子,20-99人,电子商务,本科,1-3年,"店铺推广, 接受无跨境电商运营经验, 不接受居家办公, 数据分析, 家居日用, 亚马逊运营, 英语读写能力, Amazon",8-13K·13薪,无锡,,2026-06-05 09:30:41
1d812a02c770bd0d33Z-2t2_FVU~,产品经理助理,江苏爱玛,1000-9999人,物联网,本科,1-3年,"市场调研, 用户研究, 数据分析, 产品设计, 产品迭代",5-7K,无锡,,2026-06-05 09:30:41
e1a0690dd14077b00nV-3dW9F1VT,供应链数据分析员,江阴静体天心服饰,20-99人,服装/纺织,本科,1-3年,"数学/统计相关专业, 电商/零售行业数据相关经验",7-9K,无锡,,2026-06-05 09:30:41
6ea657c1b8a75b8a1HZ73ti0FVVQ,经营分析主管,江苏台铃,1000-9999人,批发/零售,本科,3-5年,"业务数据分析, 数据分析/商业分析经验, 统计/数学相关专业, 金融/经济相关专业, 销售数据分析",12-15K,无锡,,2026-06-05 09:30:41
4e4557c15cf8fb550nB43Nm6FFpQ,理科老师,江阴市智亿数字文...,0-20人,咨询,本科,经验不限,"教师, 初高中教育工作经验, 教务, 小班教学（3-25人）, 培训机构, 线下教育, 教学管理, 线上教育, 初中教师资格证, 互联网教育平台使用, 学习顾问, 初中生, 数据分析, 物理, 教育学专业背景, 社群运营, 坐班, 助教, 化学, 理科类专业背景, 一对一教学",5-10K,无锡,,2026-06-05 09:30:41
3023e08496fed1280ndy2N64FVdW,供应链数据运营专员,ATW,1000-9999人,自动化设备,本科,3-5年,"Power BI, 数学/统计相关专业, 计算机相关专业, 数据分析/挖掘经验",12-20K·14薪,无锡,,2026-06-05 09:30:41
e7a1a5575a6d816d03R-29y7EVBT,理化分析实习生,迅杰光远,100-499人,智能硬件,本科,经验不限,石油化工,190-200元/天,无锡,,2026-06-05 09:30:41
d9ddcb55cdf0ba530nB72tS-GFtV,门店运营店长,上海耀铭龙光供应链,0-20人,同城货运,本科,3-5年,"1-3年门店店长经验, 损耗管理, 超市/食品, 陈列管理, 3-5年门店店长经验, 需要门店店长经验, 五险一金, 生鲜店, 5年以上门店店长经验, 不需要出差, 包吃住, 数据分析, 不需要晚班/夜班, 1年以下门店店长经验, 客诉处理, 业绩管理, 不需要倒班",8-13K,无锡,,2026-06-05 09:30:41
eac3aa1a7b4dfd0c1H1y39W6E1dZ,无锡圆融购物中心招聘女装店长,FINGDY女装,100-499人,服装/纺织,学历不限,1-3年,"销售经验, 员工培训, 熟练使用办公软件, 连锁门店经验, 1-3年卖场经理经验, 不需要出差, 不需要晚班/夜班, 数据分析, 服饰鞋包, 业绩管理, 不需要倒班, 需要卖场经理经验, 五险",8-12K,无锡,,2026-06-05 09:31:02
0a10994d2be8c3f11XJ509y6FVtY,新媒体运营,南医大友谊整形,500-999人,医疗服务,大专,1-3年,"医美新媒体, 活动文案, 广告文案, 线上推广, 数据分析",10-15K,无锡,,2026-06-05 09:31:02
7b266021d6a4fd0b1nN82tS5GFBS,广告优化师,磐度数字科技,20-99人,互联网,本科,1-3年,"电商, 电商推广, 阿里巴巴国际站, 数据分析, 广告优化, 跨境电商",7-12K,无锡,,2026-06-05 09:31:02
7294d2078f2f44a40nV73t-8FlpZ,战略投资融资分析师,青岛某小型商业航天绿色制造公司,20-99人,铁路/船舶/航空/航天制造,本科,经验不限,,15-30K,无锡,,2026-06-05 09:31:02
e64e48a2af714e541XV-09y_FVJR,数据采集工程师,逸纬,0-20人,智能硬件,本科,3-5年,"分布式技术, 算法基础, 数据结构, 数据分析, MySQL",6-7K,无锡,,2026-06-05 09:31:02
5c67df05ffa1b5880nB40tW7FlNZ,货品分析员,无锡雅之岚云商科技,20-99人,电子商务,本科,1-3年,,6-8K,无锡,,2026-06-05 09:31:02
dfa75beb7fa657b40nB82dy1FFdU,计划工程师,某中型仪器仪表/工业自动化公司,100-499人,仪器仪表/工业自动化,本科,5-10年,"有生产控制经验（PC）, 有物料控制经验（MC）, 双休, 五险一金, 不需要出差, 机械加工制造经验, 电子电器经验, ERP系统经验, 数据分析, 跨部门协助, 计划",20-21K,无锡,,2026-06-05 09:31:02
b464453597de781903xz39W_F1VS,实验室分析员,金信检测,20-99人,检测/认证/知识产权,大专,经验不限,"环保相关专业, 环保行业",4-6K,无锡,,2026-06-05 09:31:02
d020f91ea0a8878e0nB429m7FlFV,供应链数据产品经理-有背调,软通动力,10000人以上,计算机软件,本科,5-10年,"数据分析, 大数据产品, 制造业, 市场调研, 产品设计, SQL",15-16K,无锡,,2026-06-05 09:31:02
e575626baf586d141HFy3ty7EFRT,失效分析技术员,江苏中星微测,0-20人,半导体/芯片,本科,经验不限,"失效分析, FIB/SEM, EDS, TEM",5-9K·13薪,无锡,,2026-06-05 09:31:02
c9122dd98a0580311nx83du9FFpS,数据运营,肌肤日记,20-99人,培训/辅导机构,本科,3-5年,"电商, 新媒体",7-10K,无锡,,2026-06-05 09:31:02
5e0228e006c1b9ba0nZz3t-5EFJT,月子中心店长,无锡菩莲馨佑月子中心,20-99人,其他生活服务,学历不限,1-3年,"销售经验, 珠宝店, 熟练使用办公软件, 鞋包, 餐饮, 需要门店店长经验, 美容保健, 服饰, 美容美体, 数据分析, 包吃, 客诉处理, 19-21点下班, 房产中介, 五险, 1-3年门店店长经验, 员工培训, 其他, 员工招聘, 运动户外, 服饰鞋包, 业绩管理, 酒店/民宿, 女装, 不需要倒班, 保健/养发",13-26K,无锡,,2026-06-05 09:31:02
3ba350bf239b466c03B53tS6ElZV,cae分析技术总师,某汽车零部件公司,20-99人,汽车零部件,本科,10年以上,,30-60K·15薪,无锡,,2026-06-05 09:31:02
e8cfa071fb587d0a0nVy2964GVFZ,数据专员,江苏聘果人工智能科技,20-99人,人工智能,大专,,,100-110元/天,无锡,,2026-06-05 09:31:02
98a420c2b8f2c1f00nR43NS5FFVU,无人机工业数据算法分析师,无锡鼎飞航空科技,20-99人,培训/辅导机构,本科,1-3年,"团队管理经验, 机器学习, 规控算法, 图像算法, 算法工程化经验, MATLAB, 推荐算法, Python",7-10K,无锡,,2026-06-05 09:31:02
c33a5c5e54b119f41Hx539y0FFFQ,龍歌诚招储备店长,龍歌自助小火锅,1000-9999人,餐饮,大专,经验不限,"连锁餐饮店, 餐饮行业经验, 数据分析, 餐饮储备店长, 客诉处理, 直营店, 连锁餐饮店经验, 直营店经验, 卫生管理",6-8K,无锡,,2026-06-05 09:31:23
ecdf74c9a549ba2903x609q9EVtY,无锡-理化分析员,XDC,1000-9999人,生物/制药,硕士,3-5年,"理化分析, HPLC",11-20K,无锡,,2026-06-05 09:31:23
985194e7ddf68ae80nV_3d66GFZY,服装店长,ARIOSE years,1000-9999人,服装/纺织,中专/中技,1-3年,"销售经验, 1-3年门店店长经验, 员工培训, 熟练使用办公软件, 其他, 3-5年门店店长经验, 需要门店店长经验, 服饰, 五险一金, 5年以上门店店长经验, 数据分析, 1年以下门店店长经验, 服饰鞋包, 业绩管理, 女装, 19-21点下班, 不需要倒班",9-14K,无锡,,2026-06-05 09:31:23
9b2c409ffec295531HZ73NS8GVBU,数据治理工程师,智慧新吴信息科技,20-99人,互联网,本科,3-5年,"计算机相关专业, 数学/统计相关专业, 大数据开发经验",8-12K,无锡,,2026-06-05 09:31:23
2ffa028cf2356695031-3dS8F1RZ,ai数据标注,四川知澳数据科技,100-499人,互联网,本科,1年以内,,3-4K,无锡,,2026-06-05 09:31:23
fbfbea27e33a979c03d82tS5GFZS,储备店长（无锡区域所有门店就近安排）,无锡锡笼记餐饮管理,500-999人,餐饮,高中,3-5年,"连锁餐饮店, 餐饮行业经验, 员工培训, 数据分析, 餐饮储备店长, 客诉处理, 连锁餐饮店经验, 直营店经验, 新店筹备, 员工招聘",8-11K,无锡,,2026-06-05 09:31:23
7846c76ff9f643830nR80tS1FldT,分析项目QA(J23382),无锡合全药业有限公司,10000人以上,生物/制药,本科,1-3年,,7-12K,无锡,,2026-06-05 09:31:23
4b9ef6b22c3b14d31XBy0t20FFRR,成本控制分析,弘远新能源,100-499人,机械设备/机电/重工,本科,3-5年,"成本, 中级会计师, 上市公司, 制造业",8-10K,无锡,,2026-06-05 09:31:23
d9904869d3d3cff40H183d65F1o~,实验室化学化工环境分析员退休工程师,德耳斯,20-99人,电子商务,大专,经验不限,"夜班补助, 化工工程师, 化工工程师证, 绩效奖金, 工龄奖, 通过CMA评审, 加班费, 无机品, 化学分析, 环保行业, 实验室技术员, 五险",4-8K,无锡,,2026-06-05 09:31:23
f02512df178149360HR40tq6FlY~,技术实习生,vless,0-20人,移动互联网,学历不限,,"机器人, 数据分析, C语言, 人工智能, opencv, Matlab, Python",130-180元/天,无锡,,2026-06-05 09:31:23
e2777f18642f379903R92N6_EVRU,数据工程师,江苏福来克思智能科技,0-20人,人工智能,本科,经验不限,"大数据处理经验, 计算机相关专业, 数学/统计相关专业",10-11K,无锡,,2026-06-05 09:31:23
1858332f09cfe6fc1Hd40t21F1pX,数据统计专员,汇浦融资租赁,100-499人,租赁/拍卖/典当/担保,大专,1-3年,SQL,4-5K,无锡,,2026-06-05 09:31:23
42307cc3fabacedd0nZ53t66FFVQ,数据专员,江苏国力通信,500-999人,批发/零售,学历不限,经验不限,,3-4K,无锡,,2026-06-05 09:31:23
b591e071aa92ba321Hx90ty7EVJY,门店店总经理-K1496W,孩子王,10000人以上,互联网,本科,5-10年,"销售经验, 奢侈品, 母婴用品, 熟练使用办公软件, 连锁门店经验, 需要出差, 鞋包, 就近分配, 童装店, 3-5年门店店长经验, 超市, 实体零售, 店长管理, 需要门店店长经验, 服饰, 资源谈判, 五险一金, 生鲜店, 数据分析, 不需要晚班/夜班, 家居建材/家电, 装修/全屋定制, 亲子购物/活动, 数码产品, 员工培训, 线上平台运营, 零售业, 团队带领, 活动策划, 儿童乐园, 超市/食品, 其他, 建材店, 家用电器, 运动户外, 服饰鞋包, 便利店, 业绩管理, 女装, 不需要倒班, 家具家居, 新店筹备",10-15K,无锡,,2026-06-05 09:31:23
baae11a016d3febb031y2dm-FlRX,超市经理,苏州市东政辉商业管理,0-20人,食品/饮料/烟酒,高中,1-3年,"五险, 需要卖场经理经验, 超市, 库存管理, 损耗管理, 数据分析, 活动策划, 陈列管理, 熟练使用办公软件, 1-3年卖场经理经验, 不需要出差, 不需要倒班, 不需要晚班/夜班",9-10K,无锡,,2026-06-05 09:31:23
378bd07ba0ce0d861HV90926EFBQ,数据分析师,无锡千士企业管理咨询,0-20人,人力资源服务,本科,,"英文读写, Office软件, 相关分析",100-200元/天,无锡,,2026-06-05 09:33:45
7c0f8830aaef14c30nB-2tq1GVpQ,产品数据专员,新日股份,1000-9999人,摩托车/自行车制造,本科,1-3年,,6-9K,无锡,,2026-06-05 09:33:45
a904df8bfae20e5d0nB50tu_GFVY,大数据产品经理（偏数据规划方向）,雅迪集团,1000-9999人,汽车研发/制造,本科,经验不限,"用户研究, 数据分析, 用户增长",20-30K,无锡,,2026-06-05 09:33:45
616ea81e9ddfcb0b1Hx-0ty_E1ZU,数据分析师,苏力洁,20-99人,电子商务,大专,3-5年,"业务数据分析, 业务模式/运营策略优化, 投放数据分析, 数据分析/商业分析经验, 金融/经济相关专业, 不接受居家办公",6-10K,无锡,,2026-06-05 09:33:45
d378c8f250e1e3db1Hx73Nq7GVBT,数据分析师,畅运,20-99人,装卸搬运和仓储业,大专,经验不限,"数据分析, 数据挖掘, 商业分析, 数据库开发",4-6K,无锡,,2026-06-05 09:33:45
e5b1bbc114b454261XR-3N-0F1RS,数据分析,台铃科技,1000-9999人,其他制造业,大专,经验不限,"销量数据分析, 销量品类分析, 销量系列分析, 产品功能配置分析",10-15K,无锡,,2026-06-05 09:33:45
13b85310e5053df00nB-0tW1EFZR,H89976岗 BA/需求分析师（口语流利）,武汉佰钧成技术,1000-9999人,计算机软件,本科,3-5年,"Oracle/MySQL, 英语听说读写能力良好, 朝九晚六, 周末双休",12-15K,无锡,,2026-06-05 09:34:07
03ec69dafada3b2203F-3tm8E1FS,数据分析师（电力交易方向）,海澜智云,100-499人,计算机服务,硕士,经验不限,,8-10K·13薪,无锡,,2026-06-05 09:34:07
514680a79d0ef0cf0nB809q_EVdR,实验室分析员,宜测检测,0-20人,检测/认证,大专,1-3年,,5-7K,无锡,,2026-06-05 09:34:07
9a52bdf70070979f0nB80tq9GFRZ,大分子生物分析研究员,无锡观合,100-499人,医疗服务,本科,1年以内,"GLP, 实验室技术员, 临床研究, ELISA",6-10K,无锡,,2026-06-05 09:34:07
ac495d4f897a45330nd-3928FlRU,分析师,卓创资讯,1000-9999人,互联网,本科,1-3年,,5-8K,无锡,,2026-06-05 09:34:29
50e2e432cdaa0d370nB_3dW-GVZW,数据分析/行业研究员,江苏地球村国际会...,0-20人,广告/公关/会展,本科,3-5年,,5-7K,无锡,,2026-06-05 09:34:29
753646b9fcd2eafb0nB-3tm8GVJU,经营分析负责人-电商,某大型批发公司,500-999人,批发/零售,本科,5-10年,,20-30K,无锡,,2026-06-05 09:34:29
62196663ab9dd6200nZ929i-FVZT,生物分析大分子PI岗位,无锡某中型医疗服务上市公司,100-499人,医疗服务,本科,5-10年,"大分子生物分析, 单抗、双抗、ADC, 融合蛋白",30-35K,无锡,,2026-06-05 09:34:29
72af71cddf4ca3b51X1939S6EVdY,电商数据分析师,宝购国际贸易,20-99人,进出口贸易,本科,3-5年,"SQL, Power BI, 数据分析/挖掘经验, 电商/零售行业数据相关经验, 物流行业数据相关经验",6-8K,无锡,,2026-06-05 09:34:29
72a051cb6885c28f0nB80t-8FFdZ,高级数据分析工程师,某中型计算机软件公司,100-499人,计算机软件,本科,5-10年,"SQL, FineReport, 大数据平台, Hadoop, PL, 数据仓库架构",20-21K·15薪,无锡,,2026-06-05 09:34:29
dea57346566bdb7a0nd40tq6ElpR,金融证券分析师,云谦才智,100-499人,互联网金融,本科,经验不限,,15-30K,无锡,,2026-06-05 09:34:49
81fe2c76b778c0c20ndy3Nq1E1ZT,结构有限元分析师（会ANSYS Fluent）,郑州蓝柿子企业管...,100-499人,咨询,高中,经验不限,有机械结构工程师经验,280-350元/天,无锡,,2026-06-05 09:34:49
a6f0ffa5b537f4c80nVy0ti6FlVU,数据架构,无锡某大型光伏、锂电和半导体智能装备上市公司,1000-9999人,自动化设备,本科,10年以上,,50-60K·14薪,无锡,,2026-06-05 09:34:49
c558f64948e4d3e303152t--EFZY,财经主播分析师,上海颖集信息咨询,100-499人,互联网金融,本科,1-3年,"投资课程讲授, 行业趋势分析, 互联网金融, 证券公司, 客户服务工作经验, 证券投顾经验, 成熟的投资理念和方法, 直播/讲课能力, CFA持证, 证券从业资格, 证券投顾资格, CAIA持证",50000-260000元/月,无锡,,2026-06-05 09:34:49
20e46e22d2be02591HJ-3NS4EFBV,实验室分析员,南京安信注册安全...,100-499人,检测/认证/知识产权,本科,经验不限,"通风（矿类）, 预防医学, 核科学, 石油化工, 金属冶炼",3-8K,无锡,,2026-06-05 09:35:10
1ff58f765e47259003x_39m5FFVS,财务高级分析师-薪资面议,远景能源,1000-9999人,风电,本科,5-10年,,2-3K,无锡,,2026-06-05 09:35:10
45e6a67707814f2903Z_2ty7FFZV,商品数据分析,斯搏兹,500-999人,批发/零售,本科,1-3年,"Power BI, 数据分析/挖掘经验, 电商/零售行业数据相关经验, 数学/统计相关专业, Python",5-7K·13薪,无锡,,2026-06-05 09:35:10
13fcd50df91ac3890nB-0t68E1pX,大分子生物分析方法开发科学家,某大型医疗服务公司,100-499人,医疗服务,本科,3-5年,"药代动力学, 大分子生物分析开发, PK/ADA/NAB, 大分子药物临床, 大分子生物分析",20-25K·14薪,无锡,,2026-06-05 09:35:10
ae6043e9a19f737703142d-7FFdS,数据分析专员,沃尔瑞,100-499人,进出口贸易,本科,3-5年,"数据分析/挖掘经验, 计算机相关专业, SQL, Python, 数学/统计相关专业",6-10K,无锡,,2026-06-05 09:35:10
294ca025d17083f10nd73Nu5FFVX,数据分析师（留学生）,无锡兰锡奥尼信息...,20-99人,企业服务,本科,1年以内,,9-11K,无锡,,2026-06-05 09:35:10
b6207a8c374e8df50nd80tS_FltU,高级分析师,明扬新能源,20-99人,风电,本科,5-10年,,20-30K·13薪,无锡,,2026-06-05 09:35:10
6f2916fc91397ad30nB50925EFpQ,数据开发工程师（数仓 / 可视化方向）,伍德科技,0-20人,计算机软件,本科,5-10年,,12-18K,无锡,,2026-06-05 09:35:10
8e8fe583f4d338020nd52tu4EFVR,财务分析经理,洁识云仓,20-99人,装卸搬运和仓储业,大专,3-5年,,7-10K,无锡,,2026-06-05 09:35:10
cd2469b69fcdd94103Zy3tu0FVtZ,门店负责人,曼兹,100-499人,批发/零售,大专,3-5年,"损耗管理, 不需要晚班/夜班, 数据分析, 陈列管理, 业绩管理, 不需要倒班, 超市, 需要卖场经理经验, 库存管理, 3-5年卖场经理经验",9-12K,无锡,,2026-06-05 09:35:31
8a1d4e7a9eb43dd5031z39m7ElZT,数据专员,无锡佰盛黄金珠宝首饰,100-499人,其他行业,大专,1-3年,"计算机相关专业, 数学/统计相关专业",5-8K,无锡,,2026-06-05 09:35:31
a7909dcfa592868e0nVz292_GVpZ,检测检验分析师,江苏远善新材料实业,100-499人,新材料,本科,3-5年,,8-12K·13薪,无锡,,2026-06-05 09:35:31
da5275881fcc5f7c03N42di9EFVR,生产数据员,江苏鑫世达新材料科技,20-99人,汽车零部件,高中,1-3年,"不需要出差, 包吃, 单休, 接受无PMC经验, 五险",5-6K,无锡,,2026-06-05 09:35:31
601582f45f215afc0nB-2N67GVNX,数据治理负责人,无锡某大型智能硬件上市公司,10000人以上,智能硬件,本科,经验不限,"BOM主数据治理, 研发, 数据治理, 制造业, 数字化变革, 物料, 数据治理架构",25-45K·15薪,无锡,,2026-06-05 09:35:31
6257b23b4477ef2e0nV_09W8GFVY,数据开发工程师,华勤通讯,10000人以上,通信/网络设备,本科,在校/应届,"接受无数据开发经验, 基础sql, 沟通表达能力强, 基础编程语言",9-14K,无锡,,2026-06-05 09:35:31
bed1eb8918c7c9330nV809u7E1BS,外贸国际顾问（周末双休）,国贸通大数据,500-999人,进出口贸易,大专,1-3年,"大中型企业销售经验, 市场营销相关学历, 数据分析, 电销, 客户开发与维护, 计算机软件, 对机构 (To B) 销售经验",10-15K,无锡,,2026-06-05 09:35:31
bd2214bbec6378b90nR_2dq7GVFR,采购策略分析师,旺达电子,100-499人,其他行业,本科,5-10年,国内采购,8-13K,无锡,,2026-06-05 09:35:31
27dd238ef3b2a8e41HV_39m6F1FR,数据统计专员,马鞍山市永铁再生...,0-20人,机械设备/机电/重工,大专,1-3年,"方差分析, 回归分析, 相关分析, 效度分析",3-5K,无锡,,2026-06-05 09:35:31
1933b518cf1228ed03xz0t--EVpV,后台数据治理工程师,中科智远,20-99人,计算机软件,本科,1-3年,"Java, Shell, 要求数据开发经验, MySQL/SQL Server, BI报表开发经验, 非外包类, 数据平台开发经验, 数据仓库开发经验, Oracle, Python, SQL",9-12K,无锡,,2026-06-05 09:35:31
c7f6a7d8871743ca0nZ53tS9GVJT,策略分析师-python（爬虫）base常州,爱回收,1000-9999人,生活服务(O2O),本科,经验不限,"Python, Pandas, MySQL, 爬虫经验, 自动化脚本经验",8-12K·13薪,无锡,,2026-06-05 09:35:52
55b5e90ed0aa716c03F-3tm8E1JY,专利代理人/专利分析师,品源知识产权,500-999人,咨询,本科,3-5年,"专利代理人, 知识产权代理人, 销售性质, 国内事务",15-25K,无锡,,2026-06-05 09:35:52
d4850c7faae5a96d0nV_0ty_F1JZ,财务分析经理,嘉亿仕酒业,20-99人,进出口贸易,本科,5-10年,,9-14K,无锡,,2026-06-05 09:35:52
5e2b6906f8d7e02803J709i4ElBU,芯片失效分析工程师,满旺半导体科技,100-499人,半导体/芯片,本科,3-5年,"电路设计, DSP开发",12-18K,无锡,,2026-06-05 09:36:14
7011953c2f1a0e9503182tu8FlpQ,数据文员,中通速递,100-499人,快递,本科,经验不限,,4-5K,无锡,,2026-06-05 09:36:14
853cfa36db5fbb2d03V93d28FldT,超市生鲜经理,麦德龙中国,10000人以上,批发/零售,大专,3-5年,"销售经验, 损耗管理, 线上平台运营, 连锁门店经验, 超市, 库存管理, 五险一金, 不需要出差, 生鲜卖场, 数据分析, 百货卖场, 19-21点下班, 不需要倒班, 需要卖场经理经验, 3-5年卖场经理经验",9-10K·13薪,无锡,,2026-06-05 09:36:14
152d9e006429f8ce03x82Ni1E1pS,服装IE GST 分析师(春晓系统),江苏霞云飞,100-499人,服装/纺织,大专,1-3年,"要求有工业工程师经验, 服装/纺织经验, 精益改善经验",7-10K,无锡,,2026-06-05 09:36:14
d9a46c02b62c96cb0nZy2N26ElVT,信息数据专员,无锡领页信息技术,20-99人,互联网,本科,1-3年,"不接受居家办公, 统计/数学相关专业, 投放数据分析, 计算机相关专业, 数据分析/商业分析经验, SQL",10-11K·13薪,无锡,,2026-06-05 09:36:14
4b45079f2147e8811nB539i_EltU,数据库开发工程师,商规认证,20-99人,计算机软件,本科,1-3年,"R, SPSS, SAS, 回归分析, 因子分析, 聚类分析, 方差分析",6-8K,无锡,,2026-06-05 09:36:14
cd24178dd17991381HB629S1FVNU,FILA店长(无锡区域),斐乐体育,10000人以上,服装/纺织,高中,1-3年,"销售经验, 1-3年门店店长经验, 熟练使用办公软件, 连锁门店经验, 服饰, 员工招聘, 需要门店店长经验, 五险一金, 不需要出差, 数据分析, 不需要晚班/夜班, 运动户外, 业绩管理, 女装, 不需要倒班",8-13K·13薪,无锡,,2026-06-05 09:36:34
f8416817c15f90c903B73d66EFZZ,超市生鲜主管,无锡鲜吉多多生活超市,100-499人,批发/零售,大专,1-3年,"损耗管理, 不需要出差, 生鲜卖场, 数据分析, 21-23点下班, 陈列管理, 业绩管理, 不需要倒班, 1-3年卖场经理经验, 需要卖场经理经验, 库存管理",5-8K,无锡,,2026-06-05 09:36:34
cc21167c996044810nd52t28ElNR,智能化工程师（大模型数据与应用方向）,远东控股集团有限...,10000人以上,电气机械/器材,本科,3-5年,大模型算法,15-30K,无锡,,2026-06-05 09:36:34
c34fde0ce88d52530nB_0tW0ElRS,顺心捷达无锡枢纽诚聘调度配载,顺心捷达,10000人以上,快递,大专,1-3年,"车辆调度, 数据分析",5-7K,无锡,,2026-06-05 09:36:34
7dbf072b6c7789771Xd_2dm7ElVW,分析研究员,紫杉药业,100-499人,生物/制药,硕士,1-3年,"精细与专用化学品, 实验室技术员",5-8K,无锡,,2026-06-05 09:36:34
b644f782b528e9170nB73dy1GFVR,零食店店长,无锡经开区魅火串...,0-20人,餐饮,学历不限,1-3年,"包住, 销售经验, 1-3年门店店长经验, 员工培训, 收银管理, 超市/食品, 陈列管理, 连锁门店经验, 超市, 水果店, 餐饮, 需要门店店长经验, 生鲜店, 不需要出差, 数据分析, 包吃, 业绩管理, 19-21点下班, 不需要倒班",8-10K,无锡,,2026-06-05 09:36:34
5d5851c6f45971210ndz29i4E1JQ,生物分析大分子PI,某大型医疗服务公司,100-499人,医疗服务,硕士,3-5年,大分子生物分析,20-25K,无锡,,2026-06-05 09:36:55
19b5e8b09ae0bd5b0nd83dS7F1RQ,总助/CEO助理/董事长助理,江苏富仁,1000-9999人,通用设备,硕士,1-3年,"人工智能, 英语, 数据分析, 法语, 德语",10-15K,无锡,,2026-06-05 09:36:55
fe22ea2365574db61HB_2d64FlFS,物流运营专员,中泽供应链,20-99人,公路物流,大专,经验不限,"物流询价, 数据分析, 三方物流企业, 订单管理",5-7K,无锡,,2026-06-05 09:36:55
7e3430ede6c89f2603Z60t6-F1RS,高级情感分析师,野原山禾,0-20人,互联网,大专,经验不限,"咨询师, 存在主义取向, 情绪管理, 学业职场, 线上语音, 短期疗法, 家庭困扰, CBT/DBT取向, 心理咨询师, 精神动力学/精神分析取向, 具备督导能力, 人际关系, 婚姻恋爱, 定期接受督导, 文书表达能力, 人本主义取向",40-150元/时,无锡,,2026-06-05 09:36:55
39219bfc6a6b10dd1nV73ti8EltR,网店运营,名壶秋月,0-20人,互联网,大专,1-3年,"网店店长, 不接受居家办公, 数据分析, B2C国内电商, 电商平台, 拼多多运营, 电子商务, 电商运营",10-15K,无锡,,2026-06-05 09:36:55
784e8c866fcbb79d0nVz0t--EFRQ,数据文员,无锡科正晖智能科技,100-499人,非金属矿物制品,本科,1-3年,,5-7K,无锡,,2026-06-05 09:36:55
3943ab14c04e5a060nZ429y9FVpZ,数据分析师,雅迪科技集团有限公司,1000-9999人,其他行业,本科,3-5年,,12-22K,无锡,,2026-06-05 09:40:04
9a7d70b2f41171fe03J-09i7GFNY,大数据分析师,感图网络科技,100-499人,计算机软件,本科,1-3年,,8-12K,无锡,,2026-06-05 09:40:04
bc39a9ec3d66b51b0nB92tm8EVVX,数据分析高级顾问,谷英人才,0-20人,人力资源服务,本科,5-10年,"SQL, Tableau, Power BI, Python, 数据分析/挖掘经验, 数仓开发, 大数据",12-20K·15薪,无锡,,2026-06-05 09:40:26
0f3ec685b8c6ebdb0nR_2Ny8ElpZ,中高级大数据开发工程师,数字盛世云图,100-499人,计算机服务,本科,5-10年,,15-20K,无锡,,2026-06-05 09:40:26
5ef328b428f517cb1XF-2tq0EFtV,网络抓包数据分析工程师,创信云电商,20-99人,电子商务,本科,3-5年,"SQL, 计算机相关专业",10-15K,无锡,,2026-06-05 09:40:26
10f9954bef650b931H1_3dW4ElBT,大宗商品行业市场分析师,无锡出类,100-499人,互联网,本科,5-10年,"全职, 定性研究, 公司内部岗位, 统计学/心理学/社会学专业, 市场营销专业, 咨询公司/投行工作经验, 可接受频繁出差, 市场分析",8-13K,无锡,,2026-06-05 09:40:26
a052d87d89c5327a0nZ429q-F1RU,数据分析,某小型分类信息公司,0-20人,分类信息,本科,3-5年,,20-30K,无锡,,2026-06-05 09:40:26
1605517809d8472c03Nz3Nq8FVdR,战略分析,先导智能,10000人以上,智能硬件,本科,10年以上,"战略研究, 制造业, 公司内部, 战略分析, 市场调研, 新能源",25-35K,无锡,,2026-06-05 09:40:49
095f1861622e12e90nd83dm-E1BQ,分析技术员,雅克科技,500-999人,化工,大专,经验不限,"无机品, 化学相关专业, 有机品",6-8K·13薪,无锡,,2026-06-05 09:40:49
2990403bec4043df03N_3NS-GVpQ,蔬菜主管,新吴区申润玛特超...,20-99人,批发/零售,学历不限,3-5年,"需要卖场经理经验, 生鲜卖场, 库存管理, 损耗管理, 数据分析, 陈列管理, 业绩管理, 1-3年卖场经理经验, 不需要出差, 不需要倒班, 不需要晚班/夜班",5-7K,无锡,,2026-06-05 09:40:49
569411121a21c54603Z739q9FFZV,区域财务BP,无锡若凰企业管理咨询,10000人以上,美容,大专,5-10年,"绩效, 会员管理, 数据分析, 销售支持, 经营分析 连锁, 财经能力, 财务思维",10-15K,无锡,,2026-06-05 09:40:49
f36aba84f2636ea003N90ti4EVtW,数据挖掘,摩报,100-499人,互联网,硕士,3-5年,,15-20K,无锡,,2026-06-05 09:41:09
cd7a19b1d229032a0nd_2tu9FFBQ,医疗器械数据统计分析师,京郯科技,0-20人,医疗器械,硕士,1-3年,,10-15K,无锡,,2026-06-05 09:41:09
a9f99bb44bc8afab0nB83dm4GVtY,抖音媒介数据专员,扶楼科技,20-99人,广告营销,大专,经验不限,,4-6K,无锡,,2026-06-05 09:41:51
4a9ae0c27d55ba260nZ_3tW4EVdZ,无机分析工程师,无锡世优检测有限公司,20-99人,检测/认证/知识产权,本科,3-5年,,7-12K,无锡,,2026-06-05 09:41:51
be226f4455545a790nB62N6_FVRV,中高级数据开发工程师,博到信息,20-99人,计算机软件,本科,3-5年,,12-18K·13薪,无锡,,2026-06-05 09:42:12
da33af4407fbb6840nd63N25E1NX,失效分析技术员,泉智博科技,100-499人,智能硬件,大专,1-3年,,6-8K,无锡,,2026-06-05 09:42:12
9c04d3783fc81fdb0nd-3dS9FFtS,Data Scientist数据工程师,某大型机械设备/机电/重工公司,1000-9999人,机械设备/机电/重工,本科,经验不限,"要求数据开发经验, Python, 其他, 非外包类, 其他数据开发经验",25-30K·15薪,无锡,,2026-06-05 09:42:32
7f6fac4ed9c4928d03x829y_FVdU,Python AI分析师,无锡星魄智慧能源科技,0-20人,计算机软件,本科,,"爬虫经验, PyTorch, PostgreSQL, Pandas, MySQL, 机器学习经验, Python",150-250元/天,无锡,,2026-06-05 09:42:32
9c328d3d5a292e5a0nd73NW-FlNV,业务分析师,江苏艾兰得,1000-9999人,生物/制药,本科,5-10年,"Axure, Visio, 计算机/软件工程相关专业, 需求分析, 解决方案设计, 数字化, 系统实施, 数据分析",12-16K·14薪,无锡,,2026-06-05 09:42:32
0ce4fd9227c326400nB63tq9EFBU,自动驾驶问题分析员,Centific,1000-9999人,计算机软件,大专,1-3年,,8-12K,无锡,,2026-06-05 09:42:52
68c26693bd9b605e1HZy2d-6F1NT,数据科学家（家庭能源管理）,壹阳能源,100-499人,储能,本科,3-5年,"数据结构, 算法, 运筹学",20-40K·13薪,无锡,,2026-06-05 09:42:52
763bf7db49a2f65a0nB73tu9FVBY,法语英语运营专员（业务沟通协调） J11397,时代天使,1000-9999人,医疗器械,本科,1-3年,"客服, 法语读写, 英语听说读写, 数据分析, 客诉处理",8-12K·13薪,无锡,,2026-06-05 09:43:13
3ea5f9fc345643d103V83Ny0F1ZX,数据治理工程师,道达科技,20-99人,计算机软件,本科,3-5年,"要求数据开发经验, 数据平台开发经验, PostgreSQL, Python, Shell, SQL, ETL开发经验, 计算机相关专业, 数据建模经验, 非外包类",10-15K,无锡,,2026-06-05 09:43:13
344ce897a8a81f4a0nd_0ti-GFVZ,数据分析师,江阴市澄江街道智...,20-99人,大数据,中专/中技,1年以内,,5-8K,无锡,,2026-06-05 09:46:22
112666f0e1f52bc30ndz0tm1GVpS,高级数据分析工程师,优诚,100-499人,计算机软件,本科,10年以上,"钢铁行业, Power BI, 数据分析/挖掘经验, SQL, Python",18-22K,无锡,,2026-06-05 09:46:22
beb72beacd89a0a70nB83tW6GFFQ,数据分析实习生（27届）,中科微至,1000-9999人,通用设备,大专,,,130-150元/天,无锡,,2026-06-05 09:46:44
a38c2a81aef94e3d0nB80t20ElJZ,数据分析高级顾问,某大型生活服务(O2O)上市公司,10000人以上,生活服务(O2O),本科,5-10年,,12-20K,无锡,,2026-06-05 09:46:44
776381f07a7b92510nZz0tm0EFtS,数据产品经理,无锡搜量信息技术,20-99人,互联网,学历不限,1-3年,"市场调研, SQL, 内容产品, 商业产品, 平台产品, 大数据产品, C端产品, 小程序产品",3-8K,无锡,,2026-06-05 09:47:05
f2997d521dca297b0nZ53N-9FFBR,媒介数据专员,扶楼科技,20-99人,广告营销,本科,经验不限,,4-6K,无锡,,2026-06-05 09:47:26
8698d78c71e591841XZ_0925FVZU,BMS大数据算法工程师,某大型知名动力电池公司,10000人以上,动力电池,本科,3-5年,"Python, 分布式技术, 深度学习算法, 机器学习算法, TensorFlow, 数据挖掘, 数据分析, Spark",20-35K·15薪,无锡,,2026-06-05 09:47:46
eacf663b4bd55ec303N_3ty7F1pW,运维值班长（数据中心）,尚航科技,100-499人,大数据,大专,3-5年,IDC机房运维,7-12K,无锡,,2026-06-05 09:47:46
dc1a72decded054f33B40tS9ElQ~,推荐算法,彩云衣,20-99人,游戏,本科,1-3年,"数据分析, 大数据, 人工智能, 分布式技术, ThinkPHP, 推荐算法, PHP, JavaScript",15-20K·14薪,无锡,,2026-06-05 09:48:06
7c5d2026a6ee24e10nB609i6F1ZY,内业数据处理员高手,南京东锦,20-99人,大数据,本科,5-10年,"ArcGIS, 地理信息/测绘工程相关专业, 地图数据采集工程师, MapInfo, SuperMap, 测绘行业经验",5-7K,无锡,,2026-06-05 09:48:27
67a33546872574ef0nd92d66E1NZ,数据开发工程师,盛合晶微,1000-9999人,半导体/芯片,本科,5-10年,"要求数据开发经验, 数据平台开发经验, Java, Python, C/C++, MySQL/SQL Server, 非外包类, BI报表开发经验, ETL开发经验",7-12K·14薪,无锡,,2026-06-05 09:48:27
c2ea42b0fc8b46980nV-2t-9E1JQ,高级业务数据分析师（电商降本增效方向）,妃姗,100-499人,电子商务,本科,3-5年,"Power BI, Python, SQL, Tableau, 电商/零售行业数据相关经验, 逻辑清晰, 思维缜密",8-13K,无锡,,2026-06-05 09:48:27
4028ddcf88fa4f670nZ82tq5GVBT,基础设施运维工程师—机器人&数据链路方向,原力灵机,100-499人,人工智能,本科,3-5年,,10-15K·14薪,无锡,,2026-06-05 09:48:27
6db6aa741146cb180nV62dS9FVBX,数据治理,聚能新材料有限公司,20-99人,新材料,本科,1年以内,,10-11K,无锡,,2026-06-05 09:48:48
ff73566cb14433391HJz2tS7EVNS,分析师,竞之道战略咨询,20-99人,咨询,本科,1-3年,"矿业/能源, 甲方经验, 数据分析能力",8-10K·13薪,无锡,,2026-06-05 09:48:48
c55cd6e906fbe3730nV43NS5ElpV,生鲜主管,无锡好物在现生活超市,20-99人,批发/零售,学历不限,3-5年,"五险, 需要卖场经理经验, 超市, 生鲜卖场, 库存管理, 损耗管理, 数据分析, 陈列管理, 商品采购, 熟练使用办公软件, 连锁门店经验, 1-3年卖场经理经验, 3-5年卖场经理经验, 不需要出差, 不需要倒班, 不需要晚班/夜班",5-8K,无锡,,2026-06-05 09:49:09
bc20c878274bb2bb03J70tW-E1ZS,数据研发工程师,滴滴出行,1000-9999人,互联网,本科,1-3年,"Java, 要求数据开发经验, ETL开发经验, 数据建模经验, 非外包类, 实时数仓开发经验, 数据平台开发经验, Flink, 数据治理经验, 金融行业经验, SQL, Hive, Spark, 数据仓库开发经验",15-25K·13薪,无锡,,2026-06-05 09:49:09
fabbc1620a84fc530nV73N-1E1dT,AI数据工程师（可提供员工公寓食堂）,无锡红聿服饰有限公司,100-499人,服装/纺织,本科,经验不限,"Python, Spark, Hive, 计算机相关专业, 大数据处理经验",8-12K·13薪,无锡,,2026-06-05 09:49:31
daacd43206b0207b0nB42960E1FT,财务bp（数据）,樊文花市场,10000人以上,美容,大专,5-10年,"数据分析, 连锁零售",10-15K,无锡,,2026-06-05 09:52:40
dab355b926a4c49a0ndy0tm_ElpS,需求分析师,上海嘉驰信息技术咨询,100-499人,计算机软件,本科,3-5年,,13-18K,无锡,,2026-06-05 09:52:40
8e24cf24c837f7f20nZ60t6-EFRU,质量数据分析工程师（2026届校招）,雅迪集团,1000-9999人,汽车研发/制造,本科,在校/应届,"SQL, Python, R, MATLAB, Power BI, 数据分析/挖掘经验, 数学/统计相关专业",7-8K,无锡,,2026-06-05 09:52:40
afc8feae5180b0b90ndy29m5FFNS,QC生化/活性实验分析员,药明生物,10000人以上,生物/制药,本科,1-3年,,12-18K·14薪,无锡,,2026-06-05 09:53:43
f854ba66963565170nV_3dm6FFZR,可分红/年薪20-30w/家具卖场店长,艺本空间,20-99人,家具/家居,学历不限,1-3年,"需要卖场经理经验, 就近分配, 不需要出差, 不需要倒班, 不需要晚班/夜班, 家居建材/家电, 数据分析, 损耗管理, 连锁门店经验, 1-3年卖场经理经验",20-30K,无锡,,2026-06-05 09:54:05
85571747d5904f241XF52Ny8F1ZQ,分析测试工程师,研一新材料,500-999人,动力电池,本科,5-10年,"有机品, 化学相关专业, 分析化学, 材料化学, 检测",10-15K·13薪,无锡,,2026-06-05 09:54:47
ea81eed4bdda899733xz2dm4GVU~,网络推广主管,烨恒达五金筛网,20-99人,原材料及加工/模具,本科,3-5年,"运营经理, 数据分析, B2C国内电商, 店铺推广, 企业运营, 电子商务",14-15K,无锡,,2026-06-05 09:54:47
87af4b24641b46be1X1709-7E1NS,商品数据分析,江阴芗菲纺织科技,500-999人,服装/纺织,本科,1-3年,"服饰, 销售分析",6-10K·13薪,无锡,,2026-06-05 09:54:47
3aa8668a096b9ab91HF709q6ElZQ,成本控制与分析经理,中达电机股份有限公司,100-499人,通用设备,本科,5-10年,"成本, 中级会计师, 集团公司, 制造业, 用友U8, SAP, 全职",12-20K·14薪,无锡,,2026-06-05 09:55:07
90893dfbe074decb03B539W6ElpU,诚招小初高各科老师,无锡市思弘文化艺术,100-499人,培训/辅导机构,本科,1年以内,"教师, 初二, 初三, 小班教学（3-25人）, 培训机构, 初一, 线下教育, 初中教育工作经验, 互联网教育平台使用, 数据分析, 教育学专业背景, 大型教育机构经验, 坐班, 一对一教学, 大班教学（25人以上）",5-10K,无锡,,2026-06-05 09:55:28
6dbd124f4a8e73710nR90t67GVdU,细胞技术主管,无锡芮安生物医药技术,0-20人,生物/制药,本科,3-5年,"细胞培养, 细胞技术, 数据分析, 报告撰写",7-11K·13薪,无锡,,2026-06-05 09:55:28
379f1187b16eb7da0nd509S1E1FZ,零售主管-江阴,沃尔玛山姆会员店,100-499人,批发/零售,大专,1-3年,"五险一金, 需要卖场经理经验, 超市, 生鲜卖场, 服饰鞋包, 亲子购物/活动, 烟酒茶礼, 库存管理, 损耗管理, 数据分析, 陈列管理, 业绩管理, 熟练使用办公软件, 销售经验, 连锁门店经验, 1-3年卖场经理经验",7-10K·13薪,无锡,,2026-06-05 09:55:28
c2d4a1801b89d9410nd62tW_EFNX,数据分析,某小型服装上市公司,0-20人,服装/纺织,本科,3-5年,"计算机相关专业, Python, SQL, 数学/统计相关专业",12-23K,无锡,,2026-06-05 09:58:57
8776cde1b4c144491HRz2Nq4EltS,数据分析实习生,知原药业,500-999人,生物/制药,硕士,,统计学,150-200元/天,无锡,,2026-06-05 09:58:57
fd866c330221b2a703N42N2-FlFX,大宗商品分析师,无锡出类,100-499人,互联网,本科,3-5年,,8-10K,无锡,,2026-06-05 09:59:18
dd50e217b5d4c0990nd90tW-GFpS,shofipy独立站数据分析/Growth Analyst,无锡新申锡国际贸易有限公司,20-99人,其他行业,本科,1-3年,"SQL, 数学/统计相关专业, 电商/零售行业数据相关经验, 独立站, 跨境电商",7-12K,无锡,,2026-06-05 09:59:39
69e2c66f1851a4470ndy3tS4GFpR,大数据分析建模(J15919),朗新科技,1000-9999人,计算机软件,本科,3-5年,"Python, 机器学习算法/工程化经验",15-25K·14薪,无锡,,2026-06-05 10:00:01
c3e9c2bb448ffe810nB_3tq7EFZX,初中数学老师,宜兴市智谷托管服...,0-20人,培训/辅导机构,本科,1-3年,"培训机构, 线上教育, 线下教育, 互联网教育平台使用, 数据分析, 坐班, 教师, 班主任, 小班教学（3-25人）, 教育工作经验, 教师资格证, 普通话水平测试等级考试, 初中, 高中, 二级乙等",6-7K,无锡,,2026-06-05 10:00:01
6608344562fcf6890nV529i0E1ZX,生化残留和活性检测分析员,某大型生物/制药公司,1000-9999人,生物/制药,本科,经验不限,,18-25K,无锡,,2026-06-05 10:01:03
d36b451d6afb89c11XZ92t-_EVFZ,失效分析工程师（eFA方向）,中微腾芯,100-499人,半导体/芯片,本科,3-5年,集成电路/半导体,10-15K·14薪,无锡,,2026-06-05 10:01:25
6860f00bbd3fab0303Zy0ty-EVtU,高级数据工程师,智能自控,500-999人,电气机械/器材,本科,5-10年,"要求数据开发经验, 数据平台开发经验, 其他, 其他, 非外包类, 其他",20-35K,无锡,,2026-06-05 10:01:46
cb22d7f5dcc5bb000nd72NS5ElBQ,御果缘门店店长,浩润供应链,500-999人,食品/饮料/烟酒,大专,3-5年,"销售经验, 超市/食品, 陈列管理, 3-5年门店店长经验, 超市, 水果店, 需要门店店长经验, 员工招聘, 不需要出差, 数据分析, 21-23点下班, 便利店, 业绩管理, 不需要倒班",6-8K,无锡,,2026-06-05 10:02:06
d1a180f21f84696803J93Ni8E1JZ,数据分析师,海澜集团,10000人以上,其他行业,本科,3-5年,,12-23K,无锡,,2026-06-05 10:05:15
e311f694e06600cb1Hd-2dW0E1tU,实验室分析员（有机）,无锡环净,20-99人,环保,大专,3-5年,"化验员, 化工工程师, 实验室技术员",4-8K,无锡,,2026-06-05 10:05:59
252c98a24cfb4b8c0nV_2tm6E1NU,数据分析,煌金圈,0-20人,互联网,大专,1-3年,"数据分析, 风控专员, 商务助理, 项目执行",4-8K,无锡,,2026-06-05 10:05:59
a84cbc2cabd61d9603d_2tS_FlBW,门店负责人,曼兹,100-499人,批发/零售,大专,3-5年,"销售经验, 损耗管理, 员工培训, 熟练使用办公软件, 陈列管理, 连锁门店经验, 库存管理, 不需要出差, 不需要晚班/夜班, 数据分析, 不需要倒班, 需要卖场经理经验, 3-5年卖场经理经验",10-15K,无锡,,2026-06-05 10:06:20
7f8eab3a8a4e52910nB73tS1GVNT,失效分析工程师,株洲某大型机械设备/机电/重工公司,10000人以上,机械设备/机电/重工,本科,3-5年,"失效分析, FA",15-25K·13薪,无锡,,2026-06-05 10:06:41
04a02b3ac131871c0nV-3Nm4GFFR,财务分析/财务BP,无锡荣攸企业管理,0-20人,咨询,本科,1-3年,,5-7K,无锡,,2026-06-05 10:07:22
db700fd4def50fc61n1_29i-FVpX,数据处理专员,软科动力,20-99人,计算机软件,本科,经验不限,"MySQL, NoSQL, SQL Server, Redis, MongoDB, Oracle, SQL, Java",5-8K·14薪,无锡,,2026-06-05 10:07:22
80bf9ea0efeadcd703By39S6FVNQ,数据产品经理,无锡原色服饰有限公司,20-99人,服装/纺织,本科,1-3年,"市场调研, 需求分析, 产品设计, 用户研究, 产品运营, 数据分析, SQL, TO C",10-12K,无锡,,2026-06-05 10:07:44
6db8b19991b1562d0nZ-3N-1FFBS,门店店长,一刻优选便利店,0-20人,食品/饮料/烟酒,大专,1-3年,"1-3年门店店长经验, 线上平台运营, 熟练使用办公软件, 超市/食品, 陈列管理, 连锁门店经验, 需要门店店长经验, 库存管理, 不需要出差, 数据分析, 便利店, 业绩管理, 19-21点下班, 不需要倒班, 新店筹备, 五险",6-11K,无锡,,2026-06-05 10:08:06
c32346910774ec0b0nd509y4FVFQ,南卫医药数据专员,南卫药店,100-499人,医疗服务,本科,1-3年,,4-5K,无锡,,2026-06-05 10:08:25
6f465050dda83d2f0nB73d-8FlRU,COACH-独立带店-江阴八佰伴 ID207006,Coach,0-20人,进出口贸易,学历不限,经验不限,"需要门店店长经验, 不需要出差, 五险一金, 商业保险, 每周双休, 服饰鞋包, 珠宝店, 运动户外, 服饰, 鞋包, 奢侈品, 业绩管理, 数据分析, 1-3年门店店长经验",13-18K,无锡,,2026-06-05 10:08:25
c86d6c6c03b5a8e01HV639y5GVBU,数据标定工程师,神达智能,20-99人,互联网,大专,1-3年,客服类 数据处理,5-6K,无锡,,2026-06-05 10:08:25
59f98e40701e194e0nB83Nm5E1JR,面包零食店长,波翰创,0-20人,批发/零售,初中及以下,1-3年,"需要门店店长经验, 超市/食品, 蛋糕/面包, 员工培训, 陈列管理, 业绩管理, 数据分析, 损耗管理, 熟练使用办公软件, 销售经验, 1-3年门店店长经验, 不需要出差, 21-23点下班",6-8K,无锡,,2026-06-05 10:08:25
67b9ceccd64f17f80nZ93d-_FFZQ,【8k+直升】市场部管培生,渊冰电商,100-499人,电子商务,大专,经验不限,"一般企业（甲方）, 数据分析, 快消/零售, 电子商务, 出差",8-10K,无锡,,2026-06-05 10:08:25
3e54f01d2d1a3e860nB_0tS1FFZS,财务分析主管,万谦工品,500-999人,电子商务,本科,5-10年,,10-14K,无锡,,2026-06-05 10:12:54
e3aea851766db2771HJy29W1E1ZQ,亚马逊运营（周末双休、五险一金）,无锡汇尔嘉国际贸易,20-99人,进出口贸易,本科,1-3年,"店铺推广, 亚马逊, 数据分析, 家居日用, B2C跨境电商",7-11K,无锡,,2026-06-05 10:13:15
b9cbe56c7a5b72870nB92ti-EFdX,物流数据专员,君丰供应链,100-499人,公路物流,大专,经验不限,物流,4-6K,无锡,,2026-06-05 10:13:15
086053f10d6697dd03V609u0E1JX,高级大数据架构师,江苏慧居时代技术,0-20人,计算机软件,本科,5-10年,"要求数据开发/架构经验, 要求有数据架构经验, 数据平台架构经验, Kafka, Oracle, Spark, Clickhouse, Java, C/C++, 数据治理经验",18-25K·13薪,无锡,,2026-06-05 10:13:36
a83f5223800313b60nB63dW1FltS,PCBA维修分析工程师,丹尼克尔自动化科技,500-999人,自动化设备,本科,3-5年,"失效分析, PCBA, SMT贴片、DIP, 示波器",10-15K·15薪,无锡,,2026-06-05 10:13:58
cbb27e2688a59ac91HN_2N-9FlRZ,化学分析主管,雅克科技,500-999人,化工,本科,5-10年,"化学相关专业, 化学分析, ICP-MS",12-16K·13薪,无锡,,2026-06-05 10:13:58
81a32f94586c924f03J539W-FFpZ,无锡-高级大数据开发工程师,奥琦玮,500-999人,计算机软件,本科,5-10年,"Java, 要求数据开发经验, Spark原理/源码, 大数据引擎开发经验, Flink原理/源码, 数据建模经验, 实时数仓开发经验, 非外包类, 数据平台开发经验, Flink, 数据治理经验, Hive原理/源码, BI报表开发经验, Spark, 数据仓库开发经验, Python",15-22K,无锡,,2026-06-05 10:14:19
3081f65b3942c54d0nB_2d29GFZZ,（保险）需求分析师（经代）,众安信科,100-499人,计算机软件,本科,5-10年,"Axure, Visio, Oracle/MySQL, Postman/JIRA, 金融/保险行业项目经验, 保险, 保险经纪, 保险代理, 产品经理",15-25K·14薪,无锡,,2026-06-05 10:15:03
e129ad08f5b40f321nV63t28GVFW,网络推广专员,灵鼎,20-99人,通用设备,大专,经验不限,"市场推广, 社交平台, 新媒体平台, 数据分析, 推广数据运营, 网站运营",5-6K,无锡,,2026-06-05 10:15:03
c8cccd1fd87ceba30nB92d65E1JT,数据分析师,武汉幻萌无限网络科技,100-499人,游戏,本科,5-10年,游戏行业,25-45K,北京,,2026-06-05 12:54:15
fb0d764379f0d1400nB929W4GVBZ,国内发行数据分析师,完美世界,1000-9999人,游戏,本科,3-5年,,20-30K·14薪,北京,,2026-06-05 12:54:34
ec2af50b4dc0fe3c0nB92ti_E1FQ,数据分析师,软通动力,10000人以上,计算机软件,本科,3-5年,CDMP认证,12-15K,北京,,2026-06-05 12:55:17
72c1e427b98075950nB92tS6E1VU,数据分析师-菜单,内蒙古菁英汇科技,0-20人,咨询,本科,1-3年,"SQL, Python, 数据分析/挖掘经验, 电商/零售行业数据相关经验",15-20K,北京,,2026-06-05 12:55:37
0fa15a5fbe8bd99c03N429W0ElRQ,数据分析师,Bid-Matrix,20-99人,广告营销,本科,1年以内,"数学/统计相关专业, 数据分析, 出海网盟, Excel函数",6-8K,北京,,2026-06-05 12:55:37
9cece904d64908e91HJ92tW8ElBZ,数据分析师,红杉中国,100-499人,投资/融资,本科,1-3年,"机器学习建模经验, 数据分析/挖掘经验, 教育行业经验, 计算机相关专业, 数学/统计相关专业",20-35K·14薪,北京,,2026-06-05 12:55:59
682cbb75901117f50nB83ti1EVpR,数据分析师,新阅时代,500-999人,互联网,本科,3-5年,"Tableau, 数学/统计相关专业, 文娱/游戏行业数据相关经验",25-35K·13薪,北京,,2026-06-05 12:56:41
a06e2b9d2704c4cb1H1_2Nq1ElFX,数据分析师,蚂蚁集团,10000人以上,互联网,本科,3-5年,"SQL, Python, 数学/统计相关专业, 计算机相关专业, 数据分析/挖掘经验, 金融行业数据相关经验",15-30K·16薪,北京,,2026-06-05 12:56:41
33315197fcc5d3b50nZ43t67E1BS,数据分析师,美团,10000人以上,互联网,本科,3-5年,"数据分析/挖掘经验, SQL, 数学/统计相关专业",10-14K·15薪,北京,,2026-06-05 12:56:41
3fc187e07bfcdbdd0nZ93NS1FFZS,数据分析岗-市场-AI模型应用 (MJ001420),天翼支付科技有限公司,1000-9999人,运营商/增值服务,本科,3-5年,,20-40K,北京,,2026-06-05 12:57:03
848085f2e5ed08860nB42t67GVZT,数据分析师,北京布泽尺素科技,0-20人,互联网,本科,1-3年,,9-14K,北京,,2026-06-05 12:57:03
6e4cf9cd083dc6a30nB92dy_EFtW,数据分析师,北京首聘科技有限公司,10000人以上,互联网,本科,3-5年,"机器学习建模经验, Agent, R, 可视化, Excel, 数据分析/挖掘经验, LLM大模型, 计算机相关专业, 大数据, SQL, Python",12-14K,北京,,2026-06-05 13:01:13
6a989ebbed7674fc03153t21FlpY,数据分析师,弘艺格,0-20人,培训/辅导机构,本科,1-3年,Power BI,20-25K·13薪,北京,,2026-06-05 13:01:13
7ecae5b673006b370nV629u4F1tQ,数据分析师,好未来,10000人以上,互联网,本科,1-3年,,15-25K·14薪,北京,,2026-06-05 13:01:35
0010e26b5c046c2b03V72NS0ElNU,数据分析师,智视数策,20-99人,互联网,本科,3-5年,"数学/统计相关专业, 数据分析/挖掘经验, 文娱/游戏行业数据相关经验, 旅游行业数据相关经验",15-20K,北京,,2026-06-05 13:03:21
1a9ac45a5ecc6e410nZ42ty_F1NV,数据分析师,高途,10000人以上,在线教育,本科,1-3年,"SQL, 数学/统计相关专业, 计算机相关专业",15-25K·14薪,北京,,2026-06-05 13:04:03
9da05089c3ce66b4031_39S4E1VS,数据分析师,广州云生电子科技,0-20人,大数据,本科,3-5年,"SQL, Python, Hive, 数学/统计相关专业, 机器学习建模经验",20-25K·13薪,北京,,2026-06-05 13:04:03
9a05d7a52d1fdfcd1nBz3t67GVdS,数据分析师,京东科技集团,1000-9999人,互联网,本科,3-5年,"Python, SQL, Hadoop, Spark, MapReduce",25-50K·14薪,北京,,2026-06-05 13:08:54
307a344f557ba9660nB62t2_ElJQ,数据分析师（策略方向）,HUNGRY STUDIO,500-999人,游戏,本科,5-10年,,30-55K·15薪,北京,,2026-06-05 13:09:56
95f16356460af93b1Xd72tm_FVBQ,数据分析师,希望学,1000-9999人,在线教育,本科,1-3年,"数据分析, MySQL",15-25K·15薪,北京,,2026-06-05 13:10:17
92d6022c1056c3e81HF63Ny1FVNQ,数据分析师,基智科技,100-499人,互联网,本科,1年以内,"数据分析, 数据处理",8-13K,北京,,2026-06-05 13:11:38
b9fe928384d5cfd00nB70tS5F1FS,数据分析师,新橙科技,500-999人,计算机软件,本科,3-5年,,15-30K,北京,,2026-06-05 13:15:28
96c769fcab99a2c40nB829S6GFpZ,数据分析师（模型评测）,景联文,100-499人,人工智能,本科,1-3年,,25-35K·14薪,北京,,2026-06-05 13:15:50
b5d29c34fb3904461HV42dy0FVRV,交通数据分析师,北京市交通信息中...,20-99人,政府/公共事业,硕士,,"SQL, Python, GIS",150-200元/天,北京,,2026-06-05 13:17:57
0cf6a2df472f6f760nB72tu_GVNU,数据分析师,北京鸿熵私募基金管理,20-99人,基金,本科,1-3年,"数据分析, 数据库, 数据挖掘, Python",13-26K,北京,,2026-06-05 13:24:16
77d463527cba324e0nB829W9EVVV,数据分析师,东岳智能,100-499人,专用设备,硕士,经验不限,,15-20K·14薪,北京,,2026-06-05 13:37:29
c909e30eb2b4d2a603Z43Nq8EFZQ,数据分析师 (MJ002222),途游游戏,1000-9999人,游戏,学历不限,经验不限,,18-35K·14薪,北京,,2026-06-05 13:41:22
282490fbc50c57811XJ73Nq_EltR,数据分析师,金保信,100-499人,互联网,本科,1-3年,"数据运营, 数据分析, 数据分析/挖掘经验, 数据治理, SPSS, 大数据, SQL, Python",15-22K·14薪,北京,,2026-06-05 13:42:24
da7ff7682b97d63403R639m-EVBT,高级数据分析师,美术宝科技集团,1000-9999人,互联网,本科,3-5年,数据分析,15-25K,北京,,2026-06-05 13:47:35
0f507143954c81500nB929W9FFdT,数据分析师（发行方向）,完美世界,1000-9999人,游戏,本科,3-5年,"SQL, 游戏发行, 投放, 发行运营, 市场营销",20-30K·14薪,北京,,2026-06-05 13:47:55
b704cde6e58415760nB72tm-EVRU,出海手游数据分析师,北京光和尘科技,0-20人,游戏,本科,3-5年,"数据分析/挖掘经验, 文娱/游戏行业数据相关经验, 数学/统计相关专业",11-20K,北京,,2026-06-05 13:50:24
a31901a59dd88f690nB809y6FVdU,数据分析师,柯莱特集团,1000-9999人,计算机软件,本科,3-5年,"Python, SQL, Hive, Spark",16-17K,北京,,2026-06-05 13:54:35
04928420f77fa0820ndz3dS0GFpV,数据分析师,星云智研,1000-9999人,互联网,硕士,3-5年,"Hive, 商业分析, SQL, 数学/统计相关专业",30-35K·15薪,北京,,2026-06-05 13:55:40
0e7f0c76e704020a0nB62dS5ElpR,数据分析师 (MJ000216),莱熙科技,100-499人,移动互联网,本科,1-3年,"SQL, 数学/统计相关专业, 数据分析/挖掘经验",15-30K·15薪,北京,,2026-06-05 14:02:56
42fd8f11775f474b0nZz3tS5EFBT,数据分析师,北京乾晖荣曜科技发展,20-99人,互联网,本科,1-3年,"Python, 机器学习建模经验, 金融行业数据相关经验, 数学/统计相关专业, 计算机相关专业",13-20K,北京,,2026-06-05 14:09:39
5f2d37c18aa860780nZy3Ny5F1tU,数据分析师,沈阳link,100-499人,互联网,本科,5-10年,"建模, prompt, 提示词工程师, 指标体系, 标签模型",50-80K·13薪,北京,,2026-06-05 14:15:59
8e50d49ea28a56610nRz09W0F1FV,数据分析师,HUNGRY STUDIO,500-999人,游戏,本科,1-3年,"R, 文娱/游戏行业数据相关经验, 休闲游戏, SQL, 数学/统计相关专业",15-30K·15薪,北京,,2026-06-05 14:21:11
bce7770a79257e270nB92dq5GVBW,数据分析师,中科软,10000人以上,计算机软件,本科,5-10年,,15-19K,北京,,2026-06-05 14:27:06
9940806831ec9e900nB829q5GFFX,数据分析师（数据标注方向）,亿达信息,1000-9999人,计算机软件,本科,1-3年,"SQL, Python, Power BI, 自动驾驶数据标注",5-8K,北京,,2026-06-05 14:27:49
b5dca8fa3c1078f703N43d-_FVZV,数据分析师,闪电快车,10000人以上,互联网,本科,3-5年,"SQL, 物流行业数据相关经验",15-30K,北京,,2026-06-05 14:34:46
a660c4e90ec2c089031_29W0GVtW,资深数据分析师,嘀嗒出行,100-499人,互联网,本科,5-10年,,28-35K·16薪,北京,,2026-06-05 14:35:29
4cfc43f70ade2d260nR439S0EFdV,数据分析师,博睿同信,20-99人,咨询,本科,3-5年,,9-11K,北京,,2026-06-05 14:42:29
674f0911247c42d70nB_3dW-F1FZ,数据分析师,Avia,500-999人,游戏,本科,3-5年,"SQL, Python, R, ab实验",25-35K,北京,,2026-06-05 14:50:07
c0e03f9eace430580nd62dW8EFZV,数据分析师（用户增长部门）,Castbox,100-499人,互联网,本科,1-3年,"SQL, Python, R, Power BI, 数学/统计相关专业, 数据分析/挖掘经验, 计算机相关专业, 海外休闲游戏, 数据分析",15-28K,北京,,2026-06-05 15:00:39
4de5c0892c15e1c10nB629u9FlZQ,数据分析师【2026届】,bilibili,10000人以上,互联网,本科,在校/应届,,16-23K·15薪,上海,,2026-06-05 15:09:52
8adee5e515b90af80nB92t29E1NY,连锁餐饮数据分析师-菜单,上海谷粒汇才企业管理,20-99人,其他专业服务,本科,3-5年,,15-25K,上海,,2026-06-05 15:09:52
d41cde77ed5574250nB43N25F1BS,女装行业数据分析师（赴字节),微创软件,10000人以上,计算机软件,本科,1-3年,,7-8K,上海,,2026-06-05 15:09:52
fad0a9865715d57b0nB809q7FlNV,数据分析师/包三餐/大厂,抖音视界有限公司,10000人以上,互联网,本科,1-3年,"数据分析/挖掘经验, 电商/零售行业数据相关经验, 电商, 女装, 服饰, 直播电商",10-15K,上海,,2026-06-05 15:10:13
3e739d4760e610d60nB929S7F1JT,数据分析师,上海喵喵辉传媒科技,100-499人,计算机软件,本科,3-5年,,12-13K,上海,,2026-06-05 15:10:13
b147ceff44be96590nZ929S8F1BY,数据分析师/数据分析专员,上海昔继信息科技,100-499人,其他金融业,本科,经验不限,,8-10K,上海,,2026-06-05 15:10:33
00a17698427e20d303V43dy6EVBZ,数据分析师（捕鱼）,波克城市,1000-9999人,游戏,本科,5-10年,"Power BI, 数据分析/挖掘经验, MATLAB, 游戏行业, SQL, Python, 数学/统计相关专业",25-40K·15薪,上海,,2026-06-05 15:10:55
b1e465db238766ca0nB929m4EVpS,数据分析师（NLP 方向）,上海镁珅末文化科技,100-499人,互联网,本科,1-3年,"SQL, Python",10-15K·14薪,上海,,2026-06-05 15:10:55
f1d7e49cd3060e530ndy2Nu5FldR,数据分析师,游仁网络,100-499人,互联网,本科,3-5年,"经济/工商管理相关专业, 数据分析/挖掘经验, 计算机相关专业, SQL, 数学/统计相关专业",10-15K,上海,,2026-06-05 15:11:15
ef2e26cc9eb673700nd40t61FFJU,Business Analyst 数据分析师-CRM,非麟企业,20-99人,咨询,本科,3-5年,"经济/工商管理相关专业, Power BI, Tableau, 计算机相关专业, 电商/零售行业数据相关经验, SQL, Python, 数学/统计相关专业, CRM",13-15K·13薪,上海,,2026-06-05 15:11:58
d53469889fd1e8f60nV-29S4GFNT,数据分析师,纬致科技北京,10000人以上,计算机软件,本科,1-3年,"Power BI, 文娱/游戏行业数据相关经验, 游戏, Tableau, Looker, SQL",13-17K,上海,,2026-06-05 15:12:19
854ba33d09131db40nV93t-0FlVT,数据分析师（AI医疗方向）,卫宁健康,1000-9999人,计算机软件,本科,3-5年,,15-28K,上海,,2026-06-05 15:12:19
7fbea35a76381bbe03x80t--GVJV,感知数据分析师,伯镭科技,100-499人,人工智能,硕士,1-3年,"SQL, Python",20-30K,上海,,2026-06-05 15:13:00
f6e8aeb6f593115803Jy39m7ElFQ,数据分析师,智嘉满科技,0-20人,计算机服务,本科,经验不限,,40-45元/时,上海,,2026-06-05 15:13:00
448d159b6b75e43c0nZ539y8E1tV,数据分析师,飞未云科,500-999人,咨询,本科,1-3年,"SQL, Python, Tableau, 数学/统计相关专业, 电商/零售行业数据相关经验",10-15K·13薪,上海,,2026-06-05 15:13:00
25890e725a33176b03d839m9F1RR,数据分析师,亿品贸易,500-999人,电子商务,本科,1-3年,"Python, SQL",11-18K·13薪,上海,,2026-06-05 15:13:00
c79ee3358bc5e95e03B53tS6ElFT,CRM数据分析师,CHARLES & KEITH GROUP,1000-9999人,批发/零售,本科,1-3年,"Power BI, 数据分析/挖掘经验, Tableau, 电商/零售行业数据相关经验, SQL, Python, 数学/统计相关专业",12-14K,上海,,2026-06-05 15:13:00
9f4de0772be682270ndz29-_EFNQ,数据分析师,丽迅科技,1000-9999人,大数据,本科,3-5年,"数学/统计相关专业, 物流行业数据相关经验, 数据分析/挖掘经验",18-25K·13薪,上海,,2026-06-05 15:13:00
1f34bb836faede880nB929W4FlRQ,高级数据分析师,某中型互联网公司,100-499人,互联网,本科,5-10年,,30-50K·14薪,上海,,2026-06-05 15:16:30
c13f55de456e78ba0nV63dW5EVBR,资深增长数据分析师,米哈游,1000-9999人,游戏,本科,3-5年,,30-60K·16薪,上海,,2026-06-05 15:16:51
e24d33338db635bc0nB92960E1ZV,数据分析师,半天妖实业集团,1000-9999人,餐饮,硕士,1-3年,,12-23K,上海,,2026-06-05 15:17:11
31a3814ce608c89803Z62Nm0E1FU,数据分析师,成都英悦芯瑞网络科技,1000-9999人,互联网金融,本科,3-5年,"R, 数据分析/挖掘经验, 计算机相关专业, SQL, Python, 数学/统计相关专业",25-40K,上海,,2026-06-05 15:18:36
fe376f74ba6909990nB_0t-5FVdX,Data Analyst 数据分析师,上海某小型互联网数字笔记与 AI 知识管理平台公司,20-99人,互联网,本科,5-10年,"移动端或桌面端产品, 英语流利, 数据分析/挖掘经验, 计算机相关专业, 跨界 PM 角色, SQL, Python, 数学/统计相关专业",50-80K·16薪,上海,,2026-06-05 15:18:56
b1a8ea56459997210nd72969FFNX,数据分析师 双休,北京七凌科技有限公司,1000-9999人,移动互联网,本科,1-3年,文娱/游戏行业数据相关经验,12-18K,上海,,2026-06-05 15:23:25
c72610bde1d7b3840nB92dy_EVNQ,数据分析师,倍通数据集团,1000-9999人,咨询,本科,3-5年,,9-10K,上海,,2026-06-05 15:24:06
1d1f172280ba38c903183dq8FlpZ,数据分析师,成都创元聚星科技,100-499人,互联网,本科,3-5年,"SQL, 数学/统计相关专业, 计算机相关专业, 数据分析/挖掘经验, 金融行业数据相关经验",25-45K·16薪,上海,,2026-06-05 15:25:32
0a0327dff37a68000nB929S9FlJX,Web3数据分析师,上海企贤企业服务,20-99人,互联网,本科,1-3年,"SQL, Python, 数据分析/挖掘经验, 金融行业数据相关经验",20-25K·13薪,上海,,2026-06-05 15:26:15
6795692778b4a4610nB92tq0F1RS,营销数据分析师,驰骛信息科技有限公司,100-499人,互联网,本科,3-5年,"SQL, R, 数学/统计相关专业, 电商/零售行业数据相关经验, 数据监测, 抖音, 天猫, 电商营销数据分析",18-25K,上海,,2026-06-05 15:26:35
008c9241616026ab03R80tm4FlVY,数据分析师,北京沃东天骏信息...,10000人以上,新零售,本科,3-5年,,25-30K·16薪,上海,,2026-06-05 15:31:28
6cdf01aba6bef6160nd-2Ny5GFdS,数据分析师,东岳智能,100-499人,专用设备,本科,3-5年,"Python, SQL, 机器学习建模经验, 计算机相关专业, 数学/统计相关专业, 电商/零售行业数据相关经验",15-25K,上海,,2026-06-05 15:32:32
039f1d9eab67e0e903J629u6GVpT,数据分析师（数据采集方向）,上海软科,100-499人,企业服务,本科,3-5年,"数据分析/挖掘经验, SQL, Python, 数学/统计相关专业",10-15K·13薪,上海,,2026-06-05 15:37:24
f348b4f9f87969390nB-09W4GVFQ,数据分析师高级数据分析师（汽车销售方向）,货拉拉科技,10000人以上,互联网,本科,5-10年,"金融行业数据相关经验, Power BI, 数据分析/挖掘经验, SQL, Python, 数学/统计相关专业",20-30K·13薪,上海,,2026-06-05 15:37:24
9341809e9b0199a40nZ-3ty1EVpY,资深数据分析师,壹品仓,100-499人,电子商务,本科,3-5年,,18-30K,上海,,2026-06-05 15:44:38
9f17c9c11f7c259a03J42N-5EFBU,资深数据分析师,携程集团,10000人以上,互联网,本科,3-5年,"SQL, Python, Hive, 数据分析, 商业分析, Python",25-40K·15薪,上海,,2026-06-05 15:44:38
429e186aa2219f3f0nB92tq_EVRW,数据分析师（游戏行业）,苏州自由易动网络科技,500-999人,互联网,本科,1-3年,"数学/统计相关专业, 游戏数据",13-16K,上海,,2026-06-05 15:50:55
babb019919a05f490nR73966FVNW,数据分析师,携程集团,10000人以上,互联网,本科,5-10年,,25-45K·15薪,上海,,2026-06-05 15:50:55
b25ed459a0bf1b041Hx43du8ElRY,文本数据分析师,上海典论,20-99人,互联网,本科,3-5年,"数学/统计相关专业, 计算机相关专业, 数据分析/挖掘经验",10-15K,上海,,2026-06-05 15:52:41
2075167d79409c2a0nB52tm6GFtT,数据分析师,卓越际联科技有限公司,1000-9999人,互联网,本科,3-5年,"SQL, 数学/统计相关专业, 计算机相关专业, 数据分析/挖掘经验, EXCEL",13-14K,上海,,2026-06-05 15:56:49
dad82690f2d971bc0nB429m1GFdY,城市空间数据分析师,未来城市建筑规划,100-499人,人工智能,本科,1-3年,,11-16K,上海,,2026-06-05 15:57:10
55dbf4aa3ce18fb10nB82dy5FVNW,数据分析师,字节跳动,10000人以上,互联网,本科,1-3年,"机器学习建模经验, agent, 数据分析/挖掘经验, 数据模型, ai, 计算机相关专业, llm, SQL, Python, 数学/统计相关专业",30-60K·15薪,上海,,2026-06-05 15:57:10
f689d4d17141b94d03N53t-4FFJU,数据分析师实习生,上海开华软件公司,20-99人,计算机软件,本科,,"经济/工商管理相关专业, 数据分析/挖掘经验, 计算机相关专业, 数学/统计相关专业",120-180元/天,上海,,2026-06-05 16:04:25
4e425ba8867bc5c00nB429i_GFRQ,高级数据分析师 - 豆包app,字节跳动,10000人以上,互联网,本科,经验不限,,25-50K·15薪,上海,,2026-06-05 16:11:01
60a708cb8333ce900ndz3tq_GVdU,数据分析师-医疗数字营销活动内容分析,亿达信息,1000-9999人,计算机软件,本科,3-5年,"SQL, Power BI, 计算机相关专业, 学术会议, 公众号 / 企微, Excel/PPT, 线上直播医生运营, 医药",12-19K,上海,,2026-06-05 16:11:22
621f934110f595031nRz39-0F1ZT,数据分析师,淘宝闪购,10000人以上,生活服务(O2O),本科,3-5年,"数据分析, Python, BI, SQL, 数据挖掘, 商业分析",20-35K·16薪,上海,,2026-06-05 16:13:07
e6cb1763271c4a650nd63du_EVdT,数据分析师（流量与产品方向）,欧数科技,20-99人,互联网金融,本科,3-5年,Tableau,25-35K·16薪,上海,,2026-06-05 16:13:28
02ede137923983901XVz09W8EVdR,高级数据分析师,携程集团,10000人以上,互联网,本科,3-5年,"Python, Excel",25-35K,上海,,2026-06-05 16:28:31
26b0c81919ca36d433Zz0t2_E1Q~,数据分析师,新励,0-20人,大数据,本科,1-3年,"数据分析, 数据挖掘, Python, Excel, 大数据",9-10K,上海,,2026-06-05 16:29:13
24a291bdbba74e040nZ92t28FldZ,TEMU数据分析师助理岗跨境电商亚马逊,光伊,20-99人,电子商务,本科,经验不限,,7-8K,上海,,2026-06-05 16:34:46
2873a60ffb9b611d0nB92Ni5EVVS,电商女装品类数据分析师,微创软件,10000人以上,计算机软件,本科,1-3年,,7-8K,上海,,2026-06-05 16:40:39
a035df4af96253890nB82Ny9FlZR,数据分析师（游戏风控）,巨人网络,1000-9999人,游戏,本科,3-5年,"Python, 文娱/游戏行业数据相关经验",20-35K·14薪,上海,,2026-06-05 17:02:43
1e21dd8620e5789d0nB92Nu1EFZW,数据分析师(电商),愿为科技,100-499人,互联网,本科,1-3年,"SQL, Python, Tableau, Power BI, 数据分析/挖掘经验, 计算机相关专业, 数学/统计相关专业, 电商/零售行业数据相关经验, 全平台运营数据分析",10-15K,上海,,2026-06-05 17:06:13
3a3fc1c9af8a040d0nB-2Nu0GVpT,资深数据分析师,携程集团,10000人以上,互联网,本科,3-5年,,25-45K·15薪,上海,,2026-06-05 17:07:16
8680aeaca4a7f45c0nB929y8FFBX,数据分析师（沃尔玛外包）,人瑞网络科技,10000人以上,计算机硬件,本科,5-10年,"数学/统计相关专业, 经济/工商管理相关专业, 计算机相关专业, 数据分析/挖掘经验, 电商/零售行业数据相关经验, 财务",15-21K,深圳,,2026-06-05 17:22:27
039f329dca4e372f0nVy2N-6F1JY,数据分析师,智汇创想,1000-9999人,互联网,本科,1-3年,Python,9-14K,深圳,,2026-06-05 17:22:27
3e378593a5dd4bc70nB5096_FFVQ,数据分析师——偏业务方向,石头科技,1000-9999人,智能硬件,本科,1-3年,,14-20K·14薪,深圳,,2026-06-05 17:22:27
8354a8d7b3669f300nB50ti8GFtQ,数据分析专家,跨越速运,10000人以上,快递,本科,1-3年,"SQL, Python, SPSS, 数学/统计相关专业, 计算机相关专业, 数据分析/挖掘经验, 金融行业数据相关经验, 金融证券分析",12-24K,深圳,,2026-06-05 17:22:27
2ecdd4a84f8b35e10nB709S9GVdT,休闲游戏数据分析师-sz,飞鱼科技,500-999人,游戏,本科,3-5年,"数据分析/挖掘经验, 计算机相关专业, SQL, Python, 数学/统计相关专业",18-25K·13薪,深圳,,2026-06-05 17:22:47
2c33e7c4481378b10nB92Nm1F1ZV,数据分析,万宝盛华企业管理...,1000-9999人,生活服务(O2O),本科,经验不限,"Google Analytics, 网站报表",10-15K,深圳,,2026-06-05 17:22:47
5e935f9ac30eb6050nZ_2ty0EFRW,数据分析师,环讯通科技,100-499人,计算机软件,本科,1-3年,"机器学习建模经验, Hive, Power BI, 数据分析/挖掘经验, 计算机相关专业, Python, SQL",6-10K,深圳,,2026-06-05 17:23:09
ede286879fe672cc0nB539S1F1JS,资深数据分析师,深圳某中型AI互联网A轮出海公司,100-499人,人工智能,本科,3-5年,,30-60K·15薪,深圳,,2026-06-05 17:23:30
329e9018e218c4870nB63969EVtR,高级/资深数据分析师-电商C端,SHEIN,10000人以上,电子商务,本科,3-5年,,20-40K,深圳,,2026-06-05 17:23:50
58d659671e941de20nZy3N-4F1NY,数据分析师（金融数据方向）,深圳某大型互联网金融上市公司,10000人以上,互联网金融,硕士,3-5年,,20-40K·13薪,深圳,,2026-06-05 17:23:50
2bb7a99a1231b4510nB43tS_FFtT,数据分析专员,深圳海灵格跨境商...,0-20人,进出口贸易,本科,3-5年,,8-12K,深圳,,2026-06-05 17:23:50
bc2003b491ffa4bb0nB92tm5EVpY,数据分析师（跨境/服装）,帝迩科技,100-499人,电子商务,本科,1-3年,"Power BI, 电商/零售行业数据相关经验, 数据分析/挖掘经验, 数学/统计相关专业, 服装, 电商行业, 商品运营",10-15K,深圳,,2026-06-05 17:24:12
a66a22b6923086fd0nB639q6FVtZ,会员数据分析-深圳,喜茶,10000人以上,食品/饮料/烟酒,本科,3-5年,"SQL, Python, 数学/统计相关专业, 计算机相关专业, 数据分析/挖掘经验, 电商/零售行业数据相关经验, 电商, 零售, 会员, 用户",15-30K·13薪,深圳,,2026-06-05 17:24:12
73eb944169c643a40nB62dq8F1JX,数据分析师,屹之行,0-20人,生物/制药,本科,1-3年,"Hive, 数据分析/挖掘经验, 数学/统计相关专业, 计算机相关专业",10-15K,深圳,,2026-06-05 17:24:32
1c0f18a1c122137c0nV80967FVFX,数据分析师,山东锐泓嘉科技信息,0-20人,互联网,本科,,"经济/工商管理相关专业, 金融行业数据相关经验, 数据分析/挖掘经验, SPSS",200-400元/天,深圳,,2026-06-05 17:24:32
50317cc6212c1bab0nRz3dq_ElNY,高级数据分析师,某中型全球互联网科技平台公司,100-499人,互联网,本科,5-10年,"SQL, Python, R, 数学/统计相关专业, 计算机相关专业, 数据分析/挖掘经验, C端产品数据分析, APP",35-60K·15薪,深圳,,2026-06-05 17:24:52
98b81e256083c80d0nB80ty8GVdV,数据分析与模型高级专家,某知名智能硬件上市公司,1000-9999人,智能硬件/消费电子,硕士,5-10年,,50-70K·15薪,深圳,,2026-06-05 17:24:52
eb9c6b5dfd7b57810nB53d26GVpY,经营数据分析师,川崎运动,500-999人,服装/纺织,本科,1-3年,"SQL, Power BI, 数学/统计相关专业, 经济/工商管理相关专业, 电商/零售行业数据相关经验, 金融行业数据相关经验",15-20K,深圳,,2026-06-05 17:25:34
090da6429587c632031_29S_GFFU,高级数据分析师,Alvanon,100-499人,咨询,本科,3-5年,"海量数据, 数据分析/挖掘经验, 计算机相关专业, 服装行业, Python, 数学/统计相关专业",18-25K·13薪,深圳,,2026-06-05 17:25:34
c888614d170b7e110nR62NS4FFNW,数据分析实习生,喜茶,10000人以上,食品/饮料/烟酒,本科,,,200-250元/天,深圳,,2026-06-05 17:29:04
45069c03edafb8a80nB-09-8FlVQ,高级数据分析师（渠道零售 / BI 看板搭建）,领时云天信息科技,100-499人,计算机服务,本科,3-5年,"SQL, Power BI, MATLAB, 数学/统计相关专业, 计算机相关专业, 经济/工商管理相关专业, 数据分析/挖掘经验, 数据分析师, BI 分析师, 销售分析, 库存分析, 渠道运营",25-30K,深圳,,2026-06-05 17:29:04
69c64fbf1f9b05bc0nB809-0FFVV,数据分析,新致软件,1000-9999人,计算机软件,本科,5-10年,"数学/统计相关专业, AI, 财务",18-21K,深圳,,2026-06-05 17:29:47
e829ed45b30a209d0nB92tu5E1NU,资深数据分析师,某知名互联网公司,1000-9999人,互联网,本科,5-10年,,30-60K,深圳,,2026-06-05 17:30:08
dea1dde9c18063e10nV429i7GVJY,高级数据分析专家,麦瑞克科技,1000-9999人,智能硬件/消费电子,本科,经验不限,,25-45K·13薪,深圳,,2026-06-05 17:30:08
b1d658ee2de812f20nd_2dy6EVpT,数据分析师,豪雅集团,1000-9999人,电子商务,本科,1-3年,"数学/统计相关专业, 计算机相关专业, 经济/工商管理相关专业, 数据分析/挖掘经验, 电商/零售行业数据相关经验",11-20K·13薪,深圳,,2026-06-05 17:30:30
95bb4ea9b2251fa20nd43t61EldY,数据分析 P6-P8-英语面试,某大型电子商务上市公司,1000-9999人,电子商务,本科,5-10年,,30-60K·15薪,深圳,,2026-06-05 17:30:52
6168187287e88ea50nB-3t--F1BQ,高级数据分析师（电商方向）,阿麦斯,1000-9999人,食品/饮料/烟酒,本科,5-10年,"R, 帆软, Power BI, Tableau, 观远, 电商/零售行业数据相关经验, SQL, Python, 数学/统计相关专业",18-25K,深圳,,2026-06-05 17:30:52
91bc872e5c687b200nB92di6GFZY,高级数据分析师(J11239),先临三维,1000-9999人,仪器仪表,本科,3-5年,,15-25K,深圳,,2026-06-05 17:30:52
ef22a994d8474b820nB4296_EVVX,数据分析师,优为实业,20-99人,电子商务,本科,3-5年,"SQL, Python, 数学/统计相关专业, 计算机相关专业, 数据分析/挖掘经验, 跨境电商数据分析, AI数据分析师",11-18K,深圳,,2026-06-05 17:31:13
4ea125b7eb2cd0b90nB92dm4EltV,数据分析专员,三德福粮油,0-20人,进出口贸易,本科,1-3年,,8-10K,深圳,,2026-06-05 17:31:13
24635afa7139513f0nB809m6GFJX,数据分析师 深圳 大厂 双休,北京某大型智能硬件上市公司,1000-9999人,智能硬件,大专,经验不限,"Power BI, 电商/零售行业数据相关经验, SQL, Python",20-25K,深圳,,2026-06-05 17:36:45
4bbca47df0e906000nB60tu_EVZW,「问卷派」新媒体运营｜统计学数据分析优先,滚水科技,20-99人,企业服务,本科,,"策划热点事件, 公众号/朋友圈运营",180-230元/天,深圳,,2026-06-05 17:38:49
b082f7b13487f7c11Hx_2dW-GFdW,数据分析师,趣志科技,100-499人,进出口贸易,本科,3-5年,"数据分析/挖掘经验, Tableau, 计算机相关专业, Python, SQL, 数学/统计相关专业",10-15K·13薪,深圳,,2026-06-05 17:39:09
ca0fc177f87758c70nR83NS5ElBU,数据分析实习生,迅雷网络,1000-9999人,互联网,本科,,"经济/工商管理相关专业, 数据分析/挖掘经验, 计算机相关专业, 数学/统计相关专业, SQL, Python",200-250元/天,深圳,,2026-06-05 17:43:18
0f79f7a9d8bcacf40nRy0tm_EFZY,高级数仓工程师（数据分析与BI报表）,豆沙包,100-499人,互联网,本科,5-10年,"Java, ETL开发经验, 数据建模经验, MySQL/SQL Server, 非外包类, Flink, 数据治理经验, 金融行业经验, 接受无实时数仓经验, SQL, Shell, Hive, Clickhouse, BI报表开发经验, 要求有数仓开发经验, Python",15-25K,深圳,,2026-06-05 17:43:40
4f28635cf964fcac1nZ73ty4EldR,数据分析师,物恩,0-20人,进出口贸易,本科,经验不限,"Python, SQL, Excel, Minitab, Matlab, 方差分析, 回归分析, 多元统计分析",6-8K,深圳,,2026-06-05 17:43:40
1d0440bd8a1438140nVy29u-GFVW,数据分析师,全民互动互联网,100-499人,游戏,本科,1-3年,"LTV-CAC, 文娱/游戏行业数据相关经验, 计算机相关专业, SQL, 数学/统计相关专业",10-15K,深圳,,2026-06-05 17:44:44
8e6b82f133d33d450nV72Ni0GFFW,XSY-高级数据分析师,顺丰科技,1000-9999人,互联网,本科,5-10年,"Python, Hive, 物流行业数据相关经验, 数据分析",25-45K·15薪,深圳,,2026-06-05 17:46:28
f07a8a2c630ca2540nB_3dq5F1NU,数据分析师,兴戈科技,100-499人,智能硬件,本科,1-3年,,10-15K,深圳,,2026-06-05 17:50:38
2e3480b69c6b3ba50nV72t65GVVU,高级数据分析专家,某大型人力资源服务公司,100-499人,人力资源服务,本科,经验不限,,30-60K·15薪,深圳,,2026-06-05 17:51:39
d182194a29476bb30nB42ti8F1VY,数据分析工程师,华彤光学科技,20-99人,自动化设备,本科,3-5年,,8-13K,深圳,,2026-06-05 17:56:54
18d7c4c2cdc58bc70nB82t-8F1ZU,数据分析师-紧急需求,十方融海,1000-9999人,互联网,本科,3-5年,"Python, 数学/统计相关专业, 数据分析/挖掘经验, 风控相关经验, 在线教育, 周末双休, 五险一金",18-25K,深圳,,2026-06-05 18:04:09
6dd331cfb3dd32890nV40tW9GVJV,python数据分析师,鲸驰寰宇,20-99人,互联网金融,本科,1-3年,"爬虫经验, Pandas, 其他, Numpy, 量化交易开发经验, Python",10-15K,深圳,,2026-06-05 18:04:52
4d79ebb257c5495803x-3dy_EVNX,腾讯会议-数据分析工程师(深圳),腾讯,10000人以上,互联网,本科,3-5年,"Python, SQL, Hive, Hadoop",25-50K,深圳,,2026-06-05 18:05:11
f677b685dfd1d5800nB-29u_ElFV,数据分析师（新品流量策略）（MJ013981）,SHEIN,10000人以上,电子商务,本科,3-5年,"SQL, 新品策略, 流量策略, 搜索, 推荐",23-45K·15薪,深圳,,2026-06-05 18:05:11
914cc415aa4f931503dz3d64GVJS,数据分析工程师（财务领域）(J26792),招商金科,500-999人,互联网,本科,在校/应届,,10-11K,深圳,,2026-06-05 18:06:59
1806fc08d706f6dd0nV-2t2-GVZW,PMC跨境电商数据分析师,万昕科技,20-99人,电子商务,本科,1-3年,电商/零售行业数据相关经验,10-15K,深圳,,2026-06-05 18:07:19
538c3173157ee50403Fz2dy-GFRV,高级数据分析师（AI算法）,南宁中银数字服务,100-499人,计算机软件,本科,5-10年,,25-50K,深圳,,2026-06-05 18:07:19
02daf5099336f5dc0nd929q-F1tW,数据分析师,平安银行,1000-9999人,互联网,硕士,3-5年,"机器学习建模经验, Python",20-40K·18薪,深圳,,2026-06-05 18:12:56
83b1c64cb8ef3db60nZ_3t61FFdY,数据分析师,石头科技,1000-9999人,智能硬件,本科,1-3年,,15-25K·14薪,深圳,,2026-06-05 18:16:49
ba55141dc98496780nZ629u6FlVZ,数据分析师,华强方特,10000人以上,文化艺术/娱乐,本科,1-3年,,8-12K,深圳,,2026-06-05 18:17:52
ffa75ffb07cd71e50nd929-1E1RX,资深数据分析师,货拉拉科技,10000人以上,互联网,本科,5-10年,"SQL, 数据分析/挖掘经验",30-45K,深圳,,2026-06-05 18:37:42
60cb4652e289b0380nd43966EVdV,数据分析师-AI产品,梦马星辰,20-99人,互联网,本科,经验不限,"Power BI, 数据分析/挖掘经验, 文娱/游戏行业数据相关经验, 策略分析, Tableau, 计算机相关专业, 战略分析, SQL, 策略产品经理, R, 数据分析, Python, 数学/统计相关专业",12-24K,深圳,,2026-06-05 18:47:01
e83e79120456b30f03N-2ty1F1JS,深圳—数据分析师（推荐策略）,SHEIN,10000人以上,电子商务,本科,1-3年,,35-55K·14薪,深圳,,2026-06-05 18:52:33
ef0e413f4abec50e1nx93d69FlNZ,数据分析高级研究员(生物和化学信息学),科辉智药,20-99人,生物/制药,博士,1-3年,"Python, 药物化学, 计算化学, 化学信息学, 生物信息学, 计算材料学",14-20K·14薪,深圳,,2026-06-05 18:54:20
757da96a8e807f7e0nd62t24EFRW,数据分析师,李森,100-499人,电子商务,本科,3-5年,"电商/零售行业数据相关经验, SQL, Python",15-25K·14薪,深圳,,2026-06-05 18:59:52
0a4632684cd0a3330nZ929W-GVNU,数据分析leader,速境生活科技,100-499人,智能硬件,本科,5-10年,"经济/工商管理相关专业, R, 数据分析/挖掘经验, 计算机相关专业, Python, SQL, 数学/统计相关专业",30-50K·15薪,深圳,,2026-06-05 19:06:09
e534dd223ab1b7190nB92d21F1VX,数据分析工程师,深圳市云元智域科技,0-20人,互联网,本科,3-5年,"SQL, Python, 数据分析/挖掘经验",10-15K,深圳,,2026-06-05 19:07:33
6fab2afa93af8bfc03Vz2dy5E1tU,数据分析,驿加易,100-499人,快递,本科,,"数据分析/挖掘经验, 电商/零售行业数据相关经验, 物流行业数据相关经验",200-300元/天,深圳,,2026-06-05 19:07:53
e7566bec7a0f7e3a1Xx93t-_E1NV,高级数据分析师,小熊U租,500-999人,企业服务,本科,5-10年,"Python, SQL, 数学/统计相关专业, 计算机相关专业, 数据分析/挖掘经验",15-25K·13薪,深圳,,2026-06-05 19:14:07
9de9f557cefef31c0nB42tm7GVVW,数据分析BP,车泰斗科技,500-999人,进出口贸易,本科,3-5年,,15-20K,深圳,,2026-06-05 19:21:23
afa3eec44ae16b790ndz3d--FFZT,数据分析,某知名人工智能上市公司,1000-9999人,人工智能,本科,5-10年,"SQL, Python, MATLAB, Tableau, Power BI",25-45K·15薪,深圳,,2026-06-05 19:34:13
9f7c41af876ec4fc0nV52Nq5ElNT,数据分析师,某大型数字技术服务公司,1000-9999人,互联网,本科,经验不限,,25-40K·16薪,深圳,,2026-06-05 19:34:52
a4e061718505d2c203N-2d66GFtY,大数据数据分析师,法本,10000人以上,计算机软件,本科,1-3年,"hive, 银行, spark, 数据分析/挖掘经验, 计算机相关专业, 信贷, 电商/零售行业数据相关经验, 金融, SQL, Python, 数学/统计相关专业",13-15K,广州,,2026-06-05 19:42:00
872a68142c39d8710nB-29i9E1ZX,高级/资深数据分析师（五险一金+大小周）,七品运营管理有限公司,500-999人,日化,大专,3-5年,"Excel, 数据分析/挖掘经验, SCRM, 电商/零售行业数据相关经验, Python, SQL",12-18K,广州,,2026-06-05 19:42:23
06fee57591168bb40nB80925FFBT,供应链数据分析师（AI 方向）,广东甜秘密创新科技,500-999人,家具/家居,本科,1-3年,"供应链数据分析师, 供应链BA, Power BI, 数据分析/挖掘经验, SPSS, 计算机相关专业, MATLAB, SQL, 数学/统计相关专业",13-20K,广州,,2026-06-05 19:42:44
5c6e5080a997bf620nB429S7EVBR,数据分析 (MJ015418),SHEIN,10000人以上,电子商务,本科,3-5年,,15-30K·13薪,广州,,2026-06-05 19:43:27
9df85fd39b7e4f4b0nV82di8GFFX,数据分析工程师（资金流水方向）,广州联深计算机科技,20-99人,计算机服务,本科,1-3年,,7-10K,广州,,2026-06-05 19:43:47
62e06d4461ad33b803J43dy4GFRU,跨境电商数据分析师（亚马逊平台）,广州顶天科技有限公司,20-99人,电子商务,本科,在校/应届,"Python, 数学/统计相关专业, 计算机相关专业, 机器学习建模经验, 数据分析/挖掘经验, selenium, playwright, 数据爬取, python爬虫, 数据采集",5-8K,广州,,2026-06-05 19:44:09
4d1187e400cfc7e40nZ809u8FVBY,广告数据分析师,广州乐牛,500-999人,游戏,本科,1-3年,"经济/工商管理相关专业, R, 数据分析/挖掘经验, 文娱/游戏行业数据相关经验, 计算机相关专业, SQL, Python, 数学/统计相关专业",13-20K·13薪,广州,,2026-06-05 19:44:29
a85782e66218af920nVz2du0FldV,数据分析师（气象专业）,广东南方通信建设,1000-9999人,通信/网络设备,硕士,3-5年,,15-30K,广州,,2026-06-05 19:44:50
ad13e555a539e0331nF629-0EFVV,亚马逊产品数据分析,长弓浪博,20-99人,电子商务,本科,3-5年,"Excel, Kylin, 计算机相关专业, Python, 数学/统计相关专业",7-12K,广州,,2026-06-05 19:44:50
e4777e8ba864a7b20nd63921EVFQ,高级数据分析师（产品决策与体系建设）,本圆,500-999人,电子商务,本科,5-10年,,16-22K,广州,,2026-06-05 19:44:50
b28785d79e26dbd40nB63966EldZ,高级数据分析师（深圳办公）,跨越速运,10000人以上,快递,本科,5-10年,"经济/工商管理相关专业, 计算机相关专业, 建模, Python, 数学/统计相关专业",20-40K·13薪,广州,,2026-06-05 19:45:11
673e33c4b0a422840nB709y_GFZU,数据分析师（美妆行业）,蕃茄蛋信息科技,20-99人,社交网络与媒体,本科,3-5年,"SQL, Python, Power BI, SAS, SPSS, 美妆行业洞察, 消费者洞察, 数据洞察分析",15-30K,广州,,2026-06-05 19:45:11
30baab948188f1bd03F93Nm4FFZS,Python数据分析助理,广州乐享时代生物技术,20-99人,大数据,本科,1-3年,"爬虫, RPA, Power BI, 数据分析/挖掘经验, Tableau, 电商/零售行业数据相关经验, SQL, Python, 数学/统计相关专业",5-10K,广州,,2026-06-05 19:45:11
ffab1a0edb4a8a870nV929i9ElBV,双休不加班亚马逊数据分析实习生,广州万杉,0-20人,电子商务,本科,经验不限,,4-6K,广州,,2026-06-05 19:45:11
2297a489566eb3e30nB92tu7GVNT,烟草国企.数据分析/建模.社招正式岗位,某大型计算机软件公司,100-499人,计算机软件,本科,3-5年,,20-21K,广州,,2026-06-05 19:49:44
84affe7ba3025c9a0nB42tW4FFRV,电商数据分析师,山尺文化创意有限公司,100-499人,珠宝/首饰,本科,1-3年,电商/零售行业数据相关经验,6-8K,广州,,2026-06-05 19:50:25
bcf9683a5740728a0nB42dy7EldU,数据分析师,一可科技,20-99人,互联网,本科,3-5年,,25-35K·15薪,广州,,2026-06-05 19:50:25
0c722e328acd19390nVy2du0F1BY,跨境电商数据分析师,广州无云科技有限公司,20-99人,电子商务,本科,经验不限,"机器学习建模经验, 爬虫, Power BI, 反爬, 数据分析/挖掘经验, 数据意识, 计算机相关专业, 电商/零售行业数据相关经验, Python, SQL",5-8K,广州,,2026-06-05 19:51:05
a9a574060695cf0e0nB73NS5FFFX,数据分析师（销售管理方向）,雅拓,100-499人,电子商务,本科,3-5年,,15-20K,广州,,2026-06-05 19:51:05
f02a24cfbd8266ad031y296_FlBU,数据分析师（物流仓储向）,拼多多集团-PDD,1000-9999人,电子商务,本科,1-3年,,15-30K,广州,,2026-06-05 19:55:33
857f238f5e01b95b0nB72ty0ElNZ,编程讲师 / 助教（数据分析方向·系统培训）,数猎科技,20-99人,互联网,本科,1-3年,"python, 辅导经验, 教学经验, 教育经验, 少儿编程",8-13K,广州,,2026-06-05 19:55:33
312f451f171c61010nB92Ni_FldQ,数据分析师,渣打环球服务中心,1000-9999人,银行,本科,5-10年,,15-25K,广州,,2026-06-05 19:56:36
c8e56483407404970nB_0tS6FFVX,海外游戏数据分析师gz,飞鱼科技,500-999人,游戏,本科,3-5年,,13-24K·13薪,广州,,2026-06-05 19:56:58
01d353dc84d5f84d0nVy2dS0E1tX,数据分析师,南方文交所艺术品中心,20-99人,检测/认证/知识产权,本科,1-3年,"Python, SQL, R, Tableau, 数学/统计相关专业, 计算机相关专业, 经济/工商管理相关专业, 数据分析/挖掘经验, 电商/零售行业数据相关经验",6-8K,广州,,2026-06-05 19:58:01
6ac2043461e0aa4d0nB92dW9GFFW,数据分析师,驿路微行,100-499人,互联网,本科,经验不限,"数据分析/挖掘经验, 电商/零售行业数据相关经验, SQL, Python, 数学/统计相关专业",10-15K,广州,,2026-06-05 19:58:22
3de98b63a61c914c0nd42t28F1NY,资深数据分析-游戏方向,广州某中型移动互联网出海平台公司,100-499人,互联网,本科,3-5年,,25-35K,广州,,2026-06-05 19:58:42
5600c4e9ee40033b0nd909u8E1ZT,数据分析师,海纳英才,100-499人,互联网,大专,3-5年,"excel, 数据运营, 数据统计, 数据分析, 呼叫中心",6-8K,广州,,2026-06-05 20:02:52
6f72968e94c62cd10nB439q5FlJV,电商品类数据分析师（商业数据）-大小周,星链电商,20-99人,电子商务,大专,3-5年,"数据分析/挖掘经验, 电商/零售行业数据相关经验, SQL, Python, 物流行业数据相关经验",18-25K,广州,,2026-06-05 20:03:12
74a9834f371ff9a703N43969F1JU,数据分析,庐江彤科信息科技,20-99人,计算机软件,学历不限,经验不限,,10-12K,广州,,2026-06-05 20:03:54
32cf1ee1c038828b0nB92Nm_GVdR,数据分析师（运营方向）,广州呗呗科技有限公司,100-499人,广告营销,本科,1-3年,"数学/统计相关专业, 数据分析/挖掘经验, 金融行业数据相关经验, 电商/零售行业数据相关经验",7-10K,广州,,2026-06-05 20:05:38
f6f6bbf9cb61fcee0nB-09S8GVpY,数据分析师（私域经验）月排休6天,巴菲巴食品科技(...,1000-9999人,电子商务,大专,3-5年,,10-15K,广州,,2026-06-05 20:10:09
9503e6be9b9ec1e01nV_39i7EVpR,数据分析师,博骏传媒,20-99人,社交网络与媒体,大专,1-3年,"数据分析, 商业分析",6-7K,广州,,2026-06-05 20:13:18
955b10e92d0f1bd90ndz0tm9GFVS,数据分析师,FMG时尚动势集团,10000人以上,服装/纺织,本科,3-5年,"SQL, Python, Power BI, 数学/统计相关专业, 数据分析/挖掘经验, 电商/零售行业数据相关经验",12-18K,广州,,2026-06-05 20:13:18
494e0ae40d1e6afd0nd50t69FlZY,实习商业数据分析师,数说故事,500-999人,互联网,本科,,,120-150元/天,广州,,2026-06-05 20:23:30
6e111b77e621ef3803J72di-E1tW,高级/资深数据分析师,剧星传媒,1000-9999人,广告营销,本科,1-3年,,9-12K·14薪,广州,,2026-06-05 20:24:53
181e23a5a6da0ddf0nB72t-8FlBR,数据分析工程师(AI数据方向),壹号食品,1000-9999人,生活服务(O2O),硕士,在校/应届,,9-13K,广州,,2026-06-05 20:25:56
01b15c8682a63bfa0nV83du7FldR,数据分析主管,萌趣,100-499人,新零售,本科,3-5年,"SQL, Python, R, Power BI, 数学/统计相关专业, 数据分析/挖掘经验, 电商/零售行业数据相关经验, 动销, 补货",10-15K,广州,,2026-06-05 20:25:56
d7d0b8556f9f2bfe1HN_39u-GFZS,高级数据分析工程师,壹号科技,20-99人,互联网,本科,3-5年,,15-25K·13薪,广州,,2026-06-05 20:32:56
e16536a687665b7b03B72t-5GFRS,数据分析师,星创,500-999人,电子商务,大专,3-5年,"业务分析, Excel, Power BI, SQL, Python, 竞品分析",10-15K,广州,,2026-06-05 20:37:48
2cb6f87ea11b2a600nd529m-E1NQ,资深数据分析,广州某中型互联网出海平台公司,100-499人,互联网,本科,经验不限,,25-35K·15薪,广州,,2026-06-05 20:39:32
f7b2f47399648db90nB63t26FFdR,珠宝数据分析员,APM Monaco,1000-9999人,珠宝/首饰,大专,3-5年,"倒模成本分析, 盘点数据差异, 损耗核算分析",6-8K,广州,,2026-06-05 20:39:53
4ad49df58340ab150nZ70tu4FVFS,ECM数据分析师,i-mybest,500-999人,互联网,本科,3-5年,"数据分析/挖掘经验, 电商/零售行业数据相关经验, Python",13-18K,广州,,2026-06-05 20:40:37
4052b446806dd11203B_39y5FFpQ,高级数据分析师（用户分析方向）,唯品会,10000人以上,互联网,本科,5-10年,"SQL, 数学/统计相关专业, 计算机相关专业, 数据分析/挖掘经验, 电商/零售行业数据相关经验, BI类, 用户增长分析",20-40K,广州,,2026-06-05 20:58:21
be025f0baa93780c1Xx_3tW0FlBZ,数据分析员,焱钧贸易,0-20人,进出口贸易,大专,3-5年,"数学/统计相关专业, 计算机相关专业, 金融行业数据相关经验",6-10K,广州,,2026-06-05 21:00:28
2f6a0f88898e156003Z63tS7GVNT,数据分析师,广州市博海文化教...,0-20人,计算机硬件,本科,在校/应届,,3-6K,广州,,2026-06-05 21:07:45
0bb1125d6cb04a5a0nd92t6_F1VQ,资深数据分析师（广州）,网易,10000人以上,互联网,本科,5-10年,,25-50K·16薪,广州,,2026-06-05 21:31:23
77aa1e308270b6d00ndz09q1F1pS,数据分析师,广州墨尔智慧科技,100-499人,在线教育,本科,1-3年,"Power BI, SQL",10-15K,广州,,2026-06-05 21:40:08
f5828c97295859ec1XJ73dW7GVtY,数据分析师,酷狗音乐,1000-9999人,互联网,本科,3-5年,"SQL, Python",28-35K·16薪,广州,,2026-06-05 21:45:42
0a2ba4a932db6b870nV_2NS_FFdR,数据分析师,首末集团,100-499人,电子商务,本科,3-5年,"箱包服装类目, 数据分析/挖掘经验, 电商/零售行业数据相关经验",10-15K,广州,,2026-06-05 21:52:00
d4a91356726e630103xy09m-GVNS,数据分析师（双休+五险一金）,广州中钦科技服务,20-99人,互联网,本科,3-5年,"数据分析/挖掘经验, 计算机相关专业, SQL, Python, 数学/统计相关专业",9-10K,广州,,2026-06-05 21:53:44
e8cd47a28fd882a50nB92Ny_F1ZX,策略数据分析师,群硕科技,100-499人,互联网金融,本科,1-3年,,9-14K,杭州,,2026-06-05 22:01:11
33d7d90a089bcafd0nB80tm5ElFX,跨境电商数据分析师,杭州迎凯,100-499人,进出口贸易,大专,1-3年,Python,8-10K,杭州,,2026-06-05 22:01:31
2bef45f9ae91aac40nB80t-9E1RQ,python数据分析,枫果信息,0-20人,计算机软件,本科,3-5年,"Python, 金融机构策略开发/建模经验, 风控/安全策略经验",13-16K,杭州,,2026-06-05 22:01:54
36385b534779402d0nV83tm1ElVQ,bi数据分析师,麦瑞克科技,1000-9999人,智能硬件/消费电子,本科,3-5年,,15-25K,杭州,,2026-06-05 22:02:14
b4edb274919d48370ndz0928FFBR,数据分析师,彩讯股份,1000-9999人,互联网,本科,1-3年,"数据分析/挖掘经验, SQL, 数学/统计相关专业",10-13K,杭州,,2026-06-05 22:02:14
20514d56912507e00nB92tW_FVtQ,推荐策略数据分析师（电商大厂双休）,人瑞网络科技,10000人以上,计算机硬件,本科,3-5年,"SQL, Hive, 数学/统计相关专业, 计算机相关专业, 数据分析/挖掘经验, 电商/零售行业数据相关经验, 推荐策略分析, A/B 实验, 用户分层, 用户策略, 用户",11-14K,杭州,,2026-06-05 22:02:34
b7d1220cb024a0c80ndz2ti0GVFX,数据分析师,奋兮科技,20-99人,计算机服务,本科,3-5年,"机器学习建模经验, 深度学习, Python, SQL",14-20K,杭州,,2026-06-05 22:02:34
9785f46f49a5e0140nZ53tm-E1NT,数据分析师,浙江极由科技有限公司,500-999人,服装/纺织,本科,1-3年,"SQL, Python, R, 数学/统计相关专业, 计算机相关专业, 经济/工商管理相关专业, 数据分析/挖掘经验, 电商/零售行业数据相关经验",12-15K,杭州,,2026-06-05 22:02:54
842bf209e515eaa71XN709y-GFZX,数据分析（银行经验）,信雅达科技股份,1000-9999人,计算机软件,本科,3-5年,Python,13-21K,杭州,,2026-06-05 22:02:54
496d71bdab4ddff60nB9392_FFZY,数据分析师,深圳奥明星程生物科技,20-99人,医疗服务,本科,1-3年,,15-20K,杭州,,2026-06-05 22:02:54
336b02e9bf6eee6a0nZy2d-1E1NQ,ai数据分析师,蚂蚁集团,10000人以上,互联网,本科,3-5年,"金融行业数据相关经验, 数据分析/挖掘经验, 计算机相关专业, 数学/统计相关专业",30-60K·15薪,杭州,,2026-06-05 22:03:15
5631f50b4cba50e21XNz29S6FlBW,数据分析师,微店,1000-9999人,互联网,本科,1-3年,"Tableau, 数学/统计相关专业, 计算机相关专业, 经济/工商管理相关专业",14-20K·14薪,杭州,,2026-06-05 22:03:55
54ba672b852eba431HB62du_EVpX,数据分析项目经理,十禾数智,20-99人,电子商务,本科,3-5年,"数据分析/挖掘经验, 同行工作经验, 独立带项目, SPSS, 计算机相关专业, 电商/零售行业数据相关经验, SQL, Python",15-22K,杭州,,2026-06-05 22:03:55
5d4815e78caf43521HZ529u5F1pQ,数据分析师,金豆医疗数据,100-499人,医疗健康,本科,1-3年,SAS,6-9K,杭州,,2026-06-05 22:03:55
d74e3bf8cf4298fa0nB_09y-EVJS,数据分析实习生,杭州壹网壹创,1000-9999人,电子商务,本科,,,130-180元/天,杭州,,2026-06-05 22:08:02
516f7f6878f6035b0nB80t66FltR,数据分析实习生,FunPlus,1000-9999人,游戏,本科,,,200-250元/天,杭州,,2026-06-05 22:08:23
4545511abed9932b0nB92Nq6E1tZ,数据分析工程师,云象,100-499人,互联网,本科,5-10年,"计算机相关专业, 数据分析/挖掘经验",15-20K,杭州,,2026-06-05 22:09:43
d4c22aa5d6e83e910nZz2tu6EVFS,数据分析,珀莱雅,1000-9999人,生活服务(O2O),本科,1-3年,"SQL, Python, 数学/统计相关专业, 计算机相关专业, 数据分析/挖掘经验, 电商/零售行业数据相关经验",10-15K·15薪,杭州,,2026-06-05 22:11:07
d84588d99741cc991nJ92tm4EFpU,数据分析师,阿里巴巴集团,10000人以上,互联网,本科,3-5年,"SQL, Python, Excel, 多元统计分析, 决策树, 参数检验, 相关分析, 非参数检验",20-25K·16薪,杭州,,2026-06-05 22:11:07
d150002bef57135b0nB839W1EVpS,数据分析师/跨境平台(A37132),陆遥科技,100-499人,电子商务,本科,3-5年,"SQL, Python, Power BI, 数学/统计相关专业, 计算机相关专业, 数据分析/挖掘经验, 电商/零售行业数据相关经验",11-20K,杭州,,2026-06-05 22:22:15
b15312fe7860be5103Z72Nm6FlNW,数据分析实习生,智臾科技,100-499人,企业服务,本科,,,180-250元/天,杭州,,2026-06-05 22:22:37
2252e2f5efe2f49303J429W5F1pR,数据分析专员-订单方向,顾家家居,10000人以上,互联网,本科,1-3年,,7-8K,杭州,,2026-06-05 22:22:58
491711f8697d2f2c0nZz29S_F1dT,数据分析师【文旅景区】,浙江大丰文化发展,500-999人,文化艺术/娱乐,本科,1-3年,"Python, SPSS, 数据分析/挖掘经验, 旅游行业数据相关经验",9-14K,杭州,,2026-06-05 22:24:21
a20aea328821ea080nd-2d-_F1pU,产品运营及分析（行业数据分析方向）,某中型通信/网络设备公司,100-499人,通信/网络设备,本科,5-10年,,25-45K,杭州,,2026-06-05 22:24:42
78fa3806fffdcead0nVy3Nu5GFBX,数据分析实习生,每日互动,500-999人,互联网,本科,,"Hive, SQL, Python",200-250元/天,杭州,,2026-06-05 22:28:31
0c766318691587a20nB_0t--EVVT,数据分析师（财务方向）,法本,10000人以上,计算机软件,本科,5-10年,"SAP, 数据分析/挖掘经验, 财务, SQL, QUICK BI",16-17K,杭州,,2026-06-05 22:29:36
8dd5077b799014070nB92dW1FVdQ,ai数据分析师,惠盈互动,20-99人,其他金融业,大专,1-3年,"数据分析/挖掘经验, 机器学习建模经验, 风控相关经验",20-25K,杭州,,2026-06-05 22:34:52
6e872a060b50cb601HFy092_GVtV,数据分析师,壹镓科技,0-20人,计算机软件,大专,3-5年,"医保医疗分析师, 飞检, 红阵易审, 医保审核, 数据分析/挖掘经验, 计算机相关专业, 卫宁, SQL, Python",9-14K·13薪,杭州,,2026-06-05 22:41:12
7bee11afd676df5b1nV609u1ElRS,数据分析师,滴滴出行,1000-9999人,互联网,本科,,"数据分析, Python, R语言, R",220-260元/天,杭州,,2026-06-05 22:41:55
72f32f8b8388bea40nB42dy9GVFX,作战支持高级专员（偏数据分析）,快准车服,500-999人,互联网,本科,3-5年,,8-11K,杭州,,2026-06-05 22:50:20
ac07b1badc05c9370nB62Nm4ElVQ,数据分析（外派道富）,网新恒天软件,1000-9999人,计算机软件,本科,3-5年,"金融行业数据相关经验, 大数据仓库, 英语能力, SQL, Python",10-15K·13薪,杭州,,2026-06-05 23:02:52
41c9fab83080bab90nV-2Nu9ElRU,数据分析师,西湖心辰,100-499人,互联网,本科,,"Hive, 数据分析/挖掘经验, 计算机相关专业, Tableau, 数学/统计相关专业, SQL",150-250元/天,杭州,,2026-06-05 23:09:30
d854d673be1f17e21nx72d67EltY,数据分析师,中哲,20-99人,咨询,大专,经验不限,Excel,4-6K,杭州,,2026-06-05 23:11:58
a898825f9bd421cd0nB80960FFZT,数据分析师,信雅达科技股份,1000-9999人,计算机软件,本科,3-5年,SQL,13-17K,杭州,,2026-06-05 23:23:54
56eceb3837a31c6d0ndy0ty9FFpS,资深数据分析师,吉利汽车集团有限公司,10000人以上,汽车研发/制造,本科,5-10年,,25-26K·14薪,杭州,,2026-06-05 23:24:14
f19116bc57ff924d0nB53dq-EVVY,商品运营数据分析,杭州奥胜体育用品,500-999人,批发/零售,大专,1-3年,,8-10K,杭州,,2026-06-05 23:29:04
22cc4bd4fae497a40nB92dW4FVBX,数据分析师,杭州清壹科技有限公司,1000-9999人,电子商务,本科,3-5年,,15-20K,杭州,,2026-06-05 23:30:50
e910dbad248e6c7403xy3Ni4FVZY,数据分析实习师,兰红智能,0-20人,计算机服务,本科,,,80-100元/天,杭州,,2026-06-05 23:36:02
e7275778ab8b105e0nB92dW1F1BT,数据分析专业经理,Babycare,1000-9999人,电子商务,本科,5-10年,,20-25K·13薪,杭州,,2026-06-05 23:42:45
1e90427a1c9355060ndz3dS7FVZV,数据分析师,泽鹿视界,100-499人,电子商务,本科,3-5年,,20-30K,杭州,,2026-06-06 00:12:45
0f9ec8bd64906d3d1HF62NS-F1BR,数据分析师,快手,10000人以上,社交网络与媒体,本科,,"数据分析/挖掘经验, 电商/零售行业数据相关经验, SQL, Python, 数学/统计相关专业",180-220元/天,杭州,,2026-06-06 00:13:06
189250a37e7861710nd839W0GFVY,电商 数据分析师 (复试需要现场 滨江区),博彦科技,10000人以上,计算机软件,本科,3-5年,"复试需要现场, C端电商数据分析, 计算机相关专业, 电商/零售行业数据相关经验, SQL, Python, 数学/统计相关专业",10-12K,杭州,,2026-06-06 00:13:49
bd8b46731aaf1a700nd72ty7GVZT,中级数据分析师-自研-无外包-无外派,澳斯顿电子商务,100-499人,互联网,本科,1-3年,"经济/工商管理相关专业, 数据分析/挖掘经验, 计算机相关专业, SQL, Python, 数学/统计相关专业",15-20K,成都,,2026-06-06 00:20:57
a77187067fefad240nB-3Nu0F1ZY,数据分析实习生-抖音生活服务,字节跳动,10000人以上,互联网,本科,,,200-300元/天,成都,,2026-06-06 00:20:57
09d89724fc362f4a03173d66F1RW,数据分析师（远程办公）,相信光网络科技,500-999人,互联网,本科,5-10年,"Hive, 金融行业数据相关经验, 数据分析/挖掘经验, 计算机相关专业, SQL, 数学/统计相关专业",35-55K·16薪,成都,,2026-06-06 00:20:57
f57b629980bdfd9f031z29S_FVtU,数据分析师,四川鑫艺晟科技公司,20-99人,其他专业服务,大专,经验不限,,5-10K,成都,,2026-06-06 00:20:57
f434d17511c018490nB92d69FVVV,数据分析师,成都顺为志成商贸,0-20人,批发/零售,本科,3-5年,,8-12K,成都,,2026-06-06 00:20:57
21aa1269470d59270nd_2928FVJQ,数据分析师,成都市众屹实业,100-499人,批发/零售,大专,5-10年,,6-9K,成都,,2026-06-06 00:21:19
f159a17564fbfbbf0ndy0ty5FVtV,数据分析实习生,华兴汇明,100-499人,电子/硬件开发,本科,,数据分析/挖掘经验,150-200元/天,成都,,2026-06-06 00:21:19
a057acdcb562cef703J_29q9GFFX,数据分析实习生,成都金分贝软件,0-20人,计算机软件,本科,,"Power BI, 数据分析/挖掘经验, 芯片化审计方向, 计算机相关专业, Python",80-100元/天,成都,,2026-06-06 00:21:19
c4291f538f9281bb0nd83tm1FVBS,兼职金融数据分析助理（在线远程）,网智创联,0-20人,互联网,本科,1-3年,,8000-16000元/月,成都,,2026-06-06 00:21:19
834096b1aeafd8df1HZ-2t68F1dV,数据分析师,波克城市,1000-9999人,游戏,学历不限,3-5年,SQL,12-20K,成都,,2026-06-06 00:21:19
a561b80fee449ce803Z82Nu6GVBW,data数据分析师,云南沁川环境科技...,0-20人,环保,大专,5-10年,,10-11K,成都,,2026-06-06 00:21:40
942a4c4f8972ec030nB92N26ElNR,亚马逊数据分析师（BI方向）,成都彼岸尚美鞋业,20-99人,电子商务,本科,1-3年,"SQL, Python, Power BI, 数据分析/挖掘经验, 数学/统计相关专业, API对接经验, Excel 高级功能",8-12K,成都,,2026-06-06 00:21:40
b5143f7865a7b70a0nB-3ti0ElVV,企业贷数据分析,鼎峰商学,0-20人,互联网金融,大专,3-5年,"数学/统计相关专业, 数据分析/挖掘经验, 金融行业数据相关经验",8-13K,成都,,2026-06-06 00:21:40
96622204a98b00ed0nZy2Nm8FFJW,需求分析师,智胜慧安,100-499人,计算机服务,本科,5-10年,,7-10K,成都,,2026-06-06 00:22:01
59ea550311425f951HJ92Nu0EldW,大数据分析师,金果未来,100-499人,计算机服务,本科,1-3年,"接受实习/在校生投递, 数据分析/挖掘经验, 文娱/游戏行业数据相关经验, 电商/零售行业数据相关经验, SQL, Python",16-30K·14薪,成都,,2026-06-06 00:22:01
22269493f4a7069503Z42ti1FVpX,spss数据分析师,四川酒创家供,20-99人,批发/零售,博士,1-3年,"SPSS, 数学/统计相关专业, 经济/工商管理相关专业, 数据分析/挖掘经验, spss   , amos",7000-20000元/月,成都,,2026-06-06 00:22:01
181c2689cb9b1c640nB92dy4E1JS,数据分析师（生产运营/ERP）【双休五险一金,巢趣品牌,100-499人,家具/家居,大专,1-3年,,6-8K,成都,,2026-06-06 00:22:01
3747c96c1b375a481HR-0ti7FlRT,数据分析,卓达数控,100-499人,铁路/船舶/航空/航天制造,大专,1-3年,"Python, 数学/统计相关专业, 计算机相关专业, 数据分析/挖掘经验",4-8K,成都,,2026-06-06 00:22:01
97f9d4ff1889d7541XF829W0F1RY,数据分析培训讲师,无外谱数科技,20-99人,大数据,本科,1-3年,"机器学习建模经验, Power BI, 数据分析/挖掘经验, Python, SQL, 可兼职",8-13K,成都,,2026-06-06 00:22:21
9dd5bf789369fb920nB92Ny5F1JW,数据分析师,某知名计算机软件上市公司,1000-9999人,计算机软件,本科,3-5年,,20-30K·15薪,成都,,2026-06-06 00:22:42
0e1ecbf12d1bdeda1Xdz2t68FFVY,数据分析师,博恩信息,0-20人,信息安全,学历不限,经验不限,"数学/统计相关专业, 计算机相关专业, 数据分析/挖掘经验, 涉案数据分析",6-11K,成都,,2026-06-06 00:22:42
ecb044410610d6e40nVz2dS1ElZQ,数据分析师,同和信息技术有限公司,1000-9999人,计算机软件,本科,3-5年,"计算机相关专业, SQL, Python",11-13K,成都,,2026-06-06 00:22:42
4438076fc1964eea0nd_2dm0FFtX,数据分析师,路米科技,100-499人,人工智能,本科,经验不限,,4-7K,成都,,2026-06-06 00:22:42
19d9e0926e8900ec03B53dq-ElBR,数据分析师,四川欣佳能达医药,10000人以上,生物/制药,本科,5-10年,"数据架构, 数据分析, 数据处理, SQL, Python, 数学/统计相关专业",10-15K,成都,,2026-06-06 00:23:03
9e9b1001eb8a19750nB-2tS0FlBV,数据分析师【海外】,快手,10000人以上,社交网络与媒体,本科,3-5年,,12-16K,成都,,2026-06-06 00:23:03
9072ef572160ccfd0nVz0t-1FVRZ,商业数据分析师,成都谷子企业管理咨询,0-20人,咨询,大专,在校/应届,"SQL, Python, Tableau, Power BI, 数学/统计相关专业, 数据分析/挖掘经验",4-6K,成都,,2026-06-06 00:23:03
ecd7c88ee81887751Xx60t-7EVVW,数据分析师,成都德云时创科技,20-99人,医疗器械,本科,1-3年,"数学/统计相关专业, 计算机相关专业, 数据分析/挖掘经验",8-13K·14薪,成都,,2026-06-06 00:23:03
140509648043b93a03J63dm6EVRW,数据分析,成都蚂蚁物流,1000-9999人,公路物流,本科,1-3年,数据分析/挖掘经验,6-10K·13薪,成都,,2026-06-06 00:23:25
f30319fc62b87fcb0nB-29i1EFZV,数据分析经理,灵境致远科技,20-99人,计算机软件,本科,5-10年,"SQL, Python, R, Tableau, Power BI, 数学/统计相关专业, 计算机相关专业, 数据分析/挖掘经验, 机器学习建模经验, 电商/零售行业数据相关经验",20-40K,成都,,2026-06-06 00:23:25
2f93fd79e82045260nZy2dS6F1RY,数据分析应用,某知名生活服务(O2O)公司,1000-9999人,生活服务(O2O),本科,5-10年,"SQL, Tableau, Power BI, 数学/统计相关专业, 计算机相关专业, 电商/零售行业数据相关经验, 数据体系搭建, 业务赋能, 模型设计, 分析理论, 数据可视化",15-25K,成都,,2026-06-06 00:23:46
9dca935bf507879803153tq-EFdU,数据分析工程师-自然语言方向,沥泉科技,20-99人,信息安全,本科,3-5年,,15-28K,成都,,2026-06-06 00:24:07
971a25ba06aa618b1Xx_2dS4E1BX,数据分析岗,新希望地产,100-499人,房地产开发经营,本科,3-5年,"数据分析, 计算机相关专业, 信贷",8-12K,成都,,2026-06-06 00:24:07
420d0a86c463248e1Xx60tS8EFBU,数据分析师,济南瑞龙石油工程技术,0-20人,石油/石化,本科,1年以内,"数学/统计相关专业, 计算机相关专业, 数据分析/挖掘经验",5-7K,成都,,2026-06-06 00:24:07
119e1edad6808ea40nB50t28FldQ,无责6K股票直播分析师,海南港澳资讯,500-999人,互联网金融,本科,经验不限,,7-12K,成都,,2026-06-06 00:24:07
567d1b132c6d62920nd42du-GFJR,外资药企-数据分析师,飞龙医疗,100-499人,医疗健康,本科,5-10年,"Python, SQL, Power BI, 计算机相关专业, 数据分析/挖掘经验",15-20K,成都,,2026-06-06 00:24:07
cfedbe4a875f759a0nd83du6FVpQ,数据分析专员,柒一拾壹,1000-9999人,批发/零售,大专,1-3年,,4-5K,成都,,2026-06-06 00:24:07
6492f911d96bb92103N939W1E1JS,游戏数据分析师,真有趣游戏,100-499人,游戏,本科,3-5年,,13-26K·13薪,成都,,2026-06-06 00:24:07
564148f09b106c540nB-29u_EFNZ,数据分析,斌敏文化,20-99人,企业服务,大专,1-3年,"数学/统计相关专业, 计算机相关专业, 经济/工商管理相关专业, 数据分析/挖掘经验, 金融行业数据相关经验",6-11K,成都,,2026-06-06 00:28:15
5702319a234bfd4b1Xd63dq6EVRS,GIS数据分析师,四川星际云,0-20人,其他专业服务,本科,经验不限,GIS CAD 规划,5-10K,成都,,2026-06-06 00:30:41
31ff514495fe1ec41XV_2Ny0FFNX,数据分析师（分析向）,乐狗科技,100-499人,游戏,本科,经验不限,多元统计分析,20-40K,成都,,2026-06-06 00:35:14
aaa67f1dd105f68e0nB92Ny_F1FY,电商数据分析师   | 成都 | 全职,Danny frey,20-99人,批发/零售,本科,1-3年,"SQL, Python, 数学/统计相关专业, 计算机相关专业, 数据分析/挖掘经验, 经济/工商管理相关专业, 金融行业数据相关经验",6-10K,成都,,2026-06-06 00:35:36
e67bf0db9cf8ff610nB42Ni7EFdY,数据分析师,爱知之星,100-499人,计算机软件,本科,3-5年,,9-12K,成都,,2026-06-06 00:36:19
508569e912a722841Hd52N28EFJW,bi数据分析,华为,10000人以上,计算机软件,本科,1-3年,"SQL, Power BI, Hive, 计算机相关专业, 数据分析/挖掘经验, 机器学习建模经验",15-30K·16薪,成都,,2026-06-06 00:37:45
8dfd84807cefb8e003x509u8EVBZ,数据分析师（短剧业务）,成都微光聚梦文化传播,100-499人,广播/影视,本科,3-5年,,12-20K,成都,,2026-06-06 00:42:35
f9af271e231fa7141HN_0tS1ElRU,通信数据分析,金牛区科汇信秘信...,0-20人,通信/网络设备,中专/中技,经验不限,通信,6-9K,成都,,2026-06-06 00:42:55
ddbd9f74b79361ed1XVz3tq6E1ZV,数据分析运营,MAKE1,20-99人,智能硬件,本科,经验不限,"Python, SQL, Pandas",8-12K,成都,,2026-06-06 00:44:01
605c8843dcb9e89203Z429u0GVNZ,数据分析师,四川数网卫盾信息技术,20-99人,计算机服务,学历不限,1-3年,,4-8K,成都,,2026-06-06 00:50:32
29524782f0d9011b0nB80ti5EVBS,BA业务分析师（保险/数据迁移方向),纬致芯创科技,1000-9999人,计算机软件,本科,5-10年,"Axure, Visio, PowerDesigner, Oracle/MySQL, Postman/JIRA, 计算机/软件工程相关专业, 软件需求分析管理经验, 软件研发经验, 金融/保险行业项目经验, 英语听说读写能力良好, 数据迁移, 系统集成, API需求, 保险业务, 英文流利沟通",16-18K,成都,,2026-06-06 00:50:52
ecda5fad718323510nR62dS5E1FW,资深数据分析师,成都燃点未来教育咨询,500-999人,培训/辅导机构,本科,5-10年,"数学/统计相关专业, 数据分析/挖掘经验, 电商/零售行业数据相关经验",15-25K,成都,,2026-06-06 00:51:14
88d618f048a874bf0nB-2t24E1tQ,物流采购协调员（项目管理以及数据分析）,深圳一颗橙科技,20-99人,进出口贸易,本科,3-5年,"进出口贸易, 生产计划管理经验, 不需要出差, 供应链/物流类专业, 有供应链经验, 交通运输/物流, 进出口物流经验, 采购/供应商管理经验, 英语可作为工作语言, 物流运输管理经验",5-7K·13薪,成都,,2026-06-06 00:52:18
778df9d4867a24a003Z50924ElBW,数据分析,Metajoy,20-99人,游戏,本科,1-3年,"R, SQL, Python, 数学/统计相关专业",7-12K·13薪,成都,,2026-06-06 00:52:18
ed4d571d2f6111e30nB92d29GFBR,风控策略分析师,索那朵拉,20-99人,计算机软件,本科,5-10年,,20-35K·13薪,成都,,2026-06-06 00:56:50
a4cf2c92320119811nZ62d-_EVdY,数据分析专员,DUIER对儿,20-99人,服装/纺织,大专,3-5年,Excel,5-7K,成都,,2026-06-06 00:58:34
9f76f24e40a05b941XJ53tq4FFFR,市场数据分析,四川赤龙队信息科技,20-99人,餐饮,学历不限,经验不限,包住,3-8K,成都,,2026-06-06 00:58:34
efd4faba119e54430nd-3dm_E1RR,策略分析师/接受26年实习生,四季风传科技,20-99人,互联网,本科,1年以内,"年终奖, B端产品, C端产品, 中后台产品, 入职购买五险一金, 不交手机",8-10K·13薪,成都,,2026-06-06 01:29:55
93f385879c0cc6ac0nB92d2-GVVZ,药学数据分析师（实习）,成都摩熵数科医药科技,100-499人,互联网,本科,经验不限,医药相关专业,2-3K,成都,,2026-06-06 01:36:52
9c17c3c4724c8d5b0nd-2dS6EFFW,Python 数据分析师,麟通科技,100-499人,计算机软件,本科,3-5年,,9-11K·14薪,成都,,2026-06-06 01:37:33
18bfde7056b00e010nB92di0GFtX,金融数据分析师/无责6k/公司直招不外包,四川晟燚昕信息科技,500-999人,互联网金融,学历不限,经验不限,"个人（To C）, 带薪培训, 无经验要求, 带薪年假15天, 内部晋升/不外聘",20-35K,成都,,2026-06-06 01:55:02
b07f613ef5c026c20nZ809q6EVpY,高级数据分析师,中科厚立,20-99人,计算机软件,本科,3-5年,,16-22K·13薪,成都,,2026-06-06 02:16:20
2cb61e01a3acafc70nB92NS4FVVT,数据分析员,杭数人才,100-499人,计算机软件,大专,3-5年,,6-8K,南京,,2026-06-06 02:38:50
4091f24a464d3bb40nB92dq9FldY,数据分析师,广育鑫澄,0-20人,互联网,本科,1-3年,,8-13K,南京,,2026-06-06 02:39:10
8d7b8bad624257710nd_2t6-EFFY,数据分析,南京八达通网络科技,20-99人,电子商务,大专,1-3年,,5-6K,南京,,2026-06-06 02:39:10
208dd51aaea0b5fc03162Ny5GFtZ,数据产品经理（数据分析平台方向）-南京,数亮,100-499人,互联网,本科,3-5年,"产品设计, 数据分析, Axure, 墨刀, Visio",10-15K,南京,,2026-06-06 02:39:31
c89bbe3aa3c023190nB92N-4ElVW,SFE数据分析主管,正大天晴,10000人以上,医疗健康,本科,1-3年,,8-12K·13薪,南京,,2026-06-06 02:39:54
248453d123d983fd1HJ50921E1RZ,高级数据分析师,南京凯唱软件有限公司,20-99人,计算机软件,本科,5-10年,"SQL, Power BI, 数学/统计相关专业, 计算机相关专业, 数据分析/挖掘经验, 运营管理, ETL, 分析方法",15-30K·13薪,南京,,2026-06-06 02:39:54
c73158b5f113f7aa0nB92d28F1tZ,数据分析师（跨境电商）,运筹帷幄,20-99人,电子商务,本科,1-3年,"Power BI, SQL, Python, 计算机相关专业, 电商/零售行业数据相关经验, 跨境电商",8-12K·13薪,南京,,2026-06-06 02:40:14
408b6863bfc526da0nRy2d-9FFtY,数据分析实习生（爬虫）,南京毅成化工,0-20人,化工,本科,,,100-150元/天,南京,,2026-06-06 02:40:34
cba2feaa178e7c051HZz09m7FlpV,大数据分析师,众旺汽修服务有限公司,100-499人,回收/维修,本科,1-3年,"SQL, Hive, Power BI",10-13K,南京,,2026-06-06 02:40:56
8391a8fccd0c06c60nZ50t67FVJU,数据分析师,观询调研,0-20人,咨询,本科,1-3年,,5-6K,南京,,2026-06-06 02:41:16
9d42d7fe971f2afd0nRy3N2-FVY~,数据分析,全普市场调研,20-99人,广告营销,本科,1-3年,"数据挖掘, 调研数据分析, 报告撰写",5-8K,南京,,2026-06-06 02:41:37
adb1f20d8d0527430nB92tW4FVBZ,电力交易政策分析师,智慧用能低碳研究院,20-99人,电力/热力/燃气/水利,本科,1-3年,"电力交易, 电力市场, 电价, 政策分析, 电力行业",10-15K,南京,,2026-06-06 02:41:37
ee4ceaf408bf427e1XJz09i-GFpT,实习生（临床数据分析）,南京从一医药科技...,100-499人,医疗服务,本科,,"医药相关专业, 统计学相关专业, SAS, Excel, 临床试验, 临床数据分析",150-200元/天,南京,,2026-06-06 02:41:57
f74b205b6be9fb1603d829i4FFZQ,数据分析工程师,苏州华为技术研发,10000人以上,通信/网络设备,本科,1-3年,,10-15K,南京,,2026-06-06 02:45:27
7132ced9c15db12903Z42Ny9FFBY,数据分析师（市场）,SHEIN,10000人以上,电子商务,本科,3-5年,,22-40K,南京,,2026-06-06 02:45:47
fba2235fe088f52c03Ny3tW0EFRT,高级货品数据分析师,百音高科,100-499人,人工智能,本科,3-5年,"经济/工商管理相关专业, 风控相关经验, 数据分析/挖掘经验, Python, 数学/统计相关专业, 物流行业数据相关经验",5-8K,南京,,2026-06-06 02:46:51
5a5f6cd12b1b16d20nB639-0GVVX,高级/资深数据分析师-电商C端,SHEIN,10000人以上,电子商务,本科,3-5年,,20-40K,南京,,2026-06-06 02:53:22
91a684f016225ad81HR-3dS5FldS,渠道系统产品经理,南京亿数,20-99人,通信/网络设备,本科,5-10年,"数据分析, 需求分析, Visio, 市场调研, 产品设计, 产品运营",11-20K·13薪,南京,,2026-06-06 03:01:45
257a4d94821b5d7b03F42tW8FFJT,仓储质控中台,拼多多集团-PDD,1000-9999人,电子商务,本科,3-5年,"企业内部物流部门, 数据分析, 进出口物流工作经验, 承运商管理, 熟练使用WMS系统, 仓储管理, 货品质量管理, 货物装卸, 电商行业经验, 物流/供应链专业",16-25K,南京,,2026-06-06 03:07:01
e9f8ef0d50dfd6891H1y29y1FVBU,【免费包吃住】高薪聘高级分拨/中心管理员,圆通速递,10000人以上,快递,本科,3-5年,"企业内部物流部门, 仓储管理, 物流现场运作, 货物装卸, 数据分析, 货品质量管理",13-14K,南京,,2026-06-06 03:08:05
44814c86fa3c52ea0nd539u6GVRU,数据分析师,南京新希尔机械电子,20-99人,通信/网络设备,本科,经验不限,"运筹学, 应用数学, 统计学, 标注, Python, 计算机",6-9K,南京,,2026-06-06 03:12:12
a72ed53b6ef833b80nB40tW7EFpX,数据分析师-墨西哥,SHEIN,10000人以上,电子商务,本科,3-5年,,20-40K,南京,,2026-06-06 03:27:48
05a94e2c47867e801XV629y7FVJU,数据分析师,南京新东方,1000-9999人,培训/辅导机构,本科,1-3年,"Python, SQL",8-10K,南京,,2026-06-06 03:27:48
7f93955329e1f4cb0nB5092_E1BT,财务BP 快消双渠道经营分析 大小休,水小宝,100-499人,批发/零售,本科,3-5年,"数据分析, 风险管控",6-8K,南京,,2026-06-06 03:35:12
a2e1fb37f3448fe51Hx42926GVFZ,数据分析师,知微孚瑞利,20-99人,大数据,本科,1-3年,"电商/零售行业数据相关经验, 舆情",6-8K,南京,,2026-06-06 03:41:07
6b12638fd05e01021HB72Nq_F1pT,资深数据分析师,SHEIN,10000人以上,电子商务,本科,3-5年,"SQL, Python, MATLAB, 数学/统计相关专业, 计算机相关专业, 电商/零售行业数据相关经验",20-30K·14薪,南京,,2026-06-06 04:13:22
3240164127d4e7cc0nd83dq7EFdT,ai数据分析师,星辰启航,20-99人,大数据,学历不限,经验不限,,3-6K,武汉,,2026-06-06 04:56:36
38b66e0ecc16a22b03Z73Ny-EVpU,数据分析实习生,金山办公软件,1000-9999人,互联网,本科,,"R, Power BI, 数据分析/挖掘经验, Tableau, 计算机相关专业, SQL, Python, 数学/统计相关专业",150-180元/天,武汉,,2026-06-06 04:56:36
301c3f2d7f19c2c10nd439m5ElZV,数据分析实习生,元气森林,1000-9999人,食品/饮料/烟酒,本科,,EXCEL,190-240元/天,武汉,,2026-06-06 04:56:36
13a5e1221a3b6ca40nB93920E1VR,AI数据分析师-周末双休,武汉极境智联,100-499人,人工智能,本科,1年以内,,5-7K,武汉,,2026-06-06 04:56:36
9a2987a5b052a1860nB929u6GVFU,H89691岗AI数据标注分析师-外包、双休,武汉佰钧成技术,1000-9999人,计算机软件,本科,3-5年,"标注数据分析, 标注方法优化, 视频标注, 区域标注, 数据分析能力强",6-7K,武汉,,2026-06-06 04:56:36
d0b9be653fd105280nVy3t24E1dR,数据分析师（公积金全额12%）,北京高阳捷迅,100-499人,互联网,本科,3-5年,"数据分析/挖掘经验, 计算机相关专业, SQL, Python, 数学/统计相关专业",10-15K,武汉,,2026-06-06 04:56:36
09dd80cd76f1ade50nB92t69EVNZ,核电数据分析工程师,深圳瑞莱保核能技...,100-499人,其他新能源,本科,5-10年,"数学/统计相关专业, 数据分析/挖掘经验, 计算机相关专业, 数据处理, 需求分析, 核电",7-11K·13薪,武汉,,2026-06-06 04:56:36
32a5e394a54795bd0nB92Nu4FlpQ,HR数据分析与专项运营支持,字节跳动,10000人以上,互联网,本科,3-5年,,7-10K·13薪,武汉,,2026-06-06 04:56:58
7764e440bf96a56b3nB43NS-EFM~,数据分析师,英志芯,20-99人,计算机服务,本科,3-5年,"数据分析, 大数据, 数据运营",9-14K,武汉,,2026-06-06 04:56:58
8da34e0dfb03f05703Z82NW4GVBV,模型分析师,微银重庆征信,100-499人,其他专业服务,本科,3-5年,"金融机构策略开发/建模经验, 数据分析, 风控/安全策略经验, 模型开发, 评分卡, 风险控制, 策略优化, Python, SQL, 数学/统计相关专业",11-20K,武汉,,2026-06-06 04:56:58
86f66d8789e4518d0nB92N-_GVRU,电商数据分析专员,湖北蝴蝶兰药业,100-499人,生物/制药,大专,1-3年,"数学/统计相关专业, 数据分析/挖掘经验",6-10K,武汉,,2026-06-06 04:56:58
a80ce46f70c3f1091XJ-0tW7FlJT,临床数据分析员（校招岗位）,武汉知止医药科技,20-99人,生物/制药,本科,在校/应届,"医学, SAS, 药学, 临床试验",6-11K,武汉,,2026-06-06 04:57:20
3b7b50b776fc7e5303B_2N27FVZQ,双休+入职社保 数据分析师,动力家族亲子游乐,20-99人,文化艺术/娱乐,本科,1-3年,,10-15K,武汉,,2026-06-06 04:57:20
49c4140b3826338c1nF93Nu8EVRY,数据分析师,中种华南,20-99人,其他专业服务,本科,1-3年,"SQL, Excel, Python, 相关分析",5-8K,武汉,,2026-06-06 04:57:20
bd0f28a8bf93d47d0nB92NW6E1NT,百度外包武汉-大模型AI数据标注分析师,博彦科技承德有限公司,10000人以上,互联网,本科,1-3年,,10-11K,武汉,,2026-06-06 04:57:20
66191dad4894dd900nB92NW-FVtT,大模型AI数据标注分析师（理工科）,纬致芯创科技,1000-9999人,计算机软件,本科,经验不限,,6-10K,武汉,,2026-06-06 04:57:20
dcd434b7bada4b8e1HRy3965GFRR,分析师（实习生）,京迈,100-499人,电子商务,硕士,,"互联网金融, 宏观经济研究, 信息收集和访谈为主, 擅长宏观经济/政策研究",190-200元/天,武汉,,2026-06-06 04:57:41
d05785084daf7a020nR40tW8FlBW,数据分析师/五险一金/周末双休/早九晚六,湖北方塘科技有限公司,500-999人,培训/辅导机构,本科,1-3年,"数据导出, 总结, 预算规划, 数据分析/挖掘经验, 统计学, 归纳, SQL, 数学/统计相关专业",7-8K,武汉,,2026-06-06 04:57:41
81d5f00a34a3ff820ndz09S_FVRU,高级风控策略分析师,某中型互联网金融公司,100-499人,互联网金融,本科,3-5年,,20-40K·18薪,武汉,,2026-06-06 04:58:03
1aa1befbeb27e9a00nZ92NS-GFRX,数据分析工程师,凌旭科技,100-499人,计算机软件,本科,5-10年,,8-12K,武汉,,2026-06-06 04:58:25
aa86cfad5f6ea28303B82tS1FlFV,数据分析实习生,飞未云科,500-999人,咨询,本科,,"Tableau, Power BI, SQL, 电商/零售行业数据相关经验, 数学/统计相关专业, Excel, 商业数据分析",120-130元/天,武汉,,2026-06-06 04:58:25
45ebeae28690059c1XFz09S1FlI~,数据分析师,艾沃思,20-99人,智能硬件,本科,经验不限,"数据分析, 数据处理, 分析报告",5-8K,武汉,,2026-06-06 04:58:25
3f9d458d436dd18103143N64ElZY,数据分析师/周末双休/到点下班,武汉沃凡电子商务,20-99人,电子商务,本科,经验不限,,5-8K,武汉,,2026-06-06 04:58:45
39abeef5656a40dd03J_2dy_F1tY,数据分析,创想外码科技,100-499人,计算机软件,本科,3-5年,"电网, 数据分析",7-9K,武汉,,2026-06-06 04:58:45
355481867d377bca0nd73NS1FlFQ,电商数据分析师,义乌市以九贸易,20-99人,进出口贸易,本科,经验不限,"经济/工商管理相关专业, 金融行业数据相关经验, 计算机相关专业, 电商/零售行业数据相关经验, 数学/统计相关专业",6-8K,武汉,,2026-06-06 04:58:45
547488271410f7b50nVy3dy9GFJQ,sop 经理（会数据分析管理优先）,湖北高教在线,20-99人,学校/学历教育,本科,3-5年,门店运营,8-11K,武汉,,2026-06-06 04:59:07
9d174405579b94701nV83Ni6GFJU,大数据分析工程师,武汉原素邦网络科技,20-99人,互联网,硕士,5-10年,"数据挖掘, Python, R语言, SAS, R, 大数据, 消费金融",20-40K,武汉,,2026-06-06 04:59:07
d19689d9fada738203Jy3Nm1FVtY,数据分析师,上海却苏生物科技,0-20人,计算机服务,硕士,经验不限,"机器学习建模经验, R, 数据分析/挖掘经验, SPSS, Python, 数学/统计相关专业",650-5000元/天,武汉,,2026-06-06 04:59:07
7d076e5becd2e66a03Fz29q7E1tZ,数据分析-奕派科技,东风某大型汽车研发/制造公司,10000人以上,汽车研发/制造,本科,3-5年,,21-35K,武汉,,2026-06-06 04:59:29
7bd0691f4cb4fc8e1HB_29m1FFdQ,线上兼职数据分析,听心语,20-99人,医疗服务,本科,在校/应届,"经济/工商管理相关专业, R, 数据分析/挖掘经验, stata, SPSS, Python, 数学/统计相关专业",2-7K,武汉,,2026-06-06 04:59:29
e72333c8a5d497860nB43t27GFpZ,报价分析师（合成）,睿辰康达生物医药,20-99人,生物/制药,本科,3-5年,"商务报价专员（合成）, 定制合成商务专员, 报价分析师（合成）, 合成报价专员, 项目报价工程师（化学",7-12K,武汉,,2026-06-06 04:59:29
d82a249f8c99a70a0nZ52ti9F1tT,数据分析师（运用AI大模型/风口行业）,武汉万物无界科技,100-499人,互联网,本科,1-3年,"数据分析/挖掘经验, 电商/零售行业数据相关经验",5-10K,武汉,,2026-06-06 04:59:29
22761cbdedeb315c1X152di9EFpV,数据分析师,中海华晟,100-499人,运营商/增值服务,本科,1-3年,"数学/统计相关专业, 数据分析/挖掘经验, 风控相关经验",5-9K·13薪,武汉,,2026-06-06 04:59:29
fd49b0acf47cade61nR50tq_F1ZS,初级数据分析,武汉贝贝游游戏,20-99人,电子商务,本科,1年以内,"数据分析, 商业分析",10-15K·13薪,武汉,,2026-06-06 04:59:29
a0d5e4322573226203F62d-8EltY,数据统计分析专员,湖北腾安斯建设工程,100-499人,其他制造业,大专,3-5年,,3-4K,武汉,,2026-06-06 04:59:49
2fc5c3f915036c4703193tq_F1BV,gis数据分析师,北京中外建湖北分公司,20-99人,建筑设计,本科,3-5年,GIS很熟练,6-10K,武汉,,2026-06-06 04:59:49
6efe9f2bdba9723903Jy09S_E1NR,临床研究数据分析师,沿长科技(成都)...,100-499人,学术/科研,硕士,经验不限,"公共数据库, 医药相关专业, 医学统计, Excel, 临床工作经验, SCI文章发表, 机器学习, R语言, SPSS, 医学相关专业, 统计学相关专业, 科研工作经历, Python",8-13K,武汉,,2026-06-06 04:59:49
f2b4d9edc46a33171nR73d25FlJW,数据分析师,庆兆民技术,0-20人,生活服务(O2O),本科,3-5年,"数据分析, 数据挖掘, 数据库开发, 数据治理",6-11K,武汉,,2026-06-06 04:59:49
11523e01ad1e0d3303x63N-1FFVZ,跨境库存分析师,武汉龙骞信息科技,20-99人,电子商务,大专,1-3年,"数据分析/挖掘经验, 采购供应链, Tableau, SPSS, MATLAB, 电商/零售行业数据相关经验, Python, SQL, 数学/统计相关专业, 物流行业数据相关经验",5-10K,武汉,,2026-06-06 04:59:49
aae7605d3118ca2d1XJ53dy6GFNZ,需求分析师,武汉思路致远,20-99人,计算机软件,本科,5-10年,"计算机/软件工程相关专业, 软件需求分析管理经验",13-16K·13薪,武汉,,2026-06-06 04:59:49
cb3bd13ff2e84ab21XRz0t-1ElBV,市场调研员-数据分析,众科谱瑞,20-99人,咨询,大专,经验不限,"公司内部岗位, 定量研究, 可接受频繁出差",5-6K,武汉,,2026-06-06 04:59:49
96ecdd8572daf55a1HRy2dy1GVpZ,游戏数据分析师,北京天龙互娱科技...,500-999人,游戏,本科,3-5年,"文娱/游戏行业数据相关经验, 海外游戏, SQL, Python",11-20K,武汉,,2026-06-06 04:59:49
e95eb73503c036770nB52d27F1pT,数据分析,浙江徽创信息技术有限,100-499人,计算机软件,本科,1-3年,,4-6K,武汉,,2026-06-06 04:59:49
ea89b75a10241ffd1HB70t61EFRX,金融数据分析师,财新数据科技有限公司,100-499人,计算机软件,本科,1-3年,"分析师, 金融",5-10K,武汉,,2026-06-06 04:59:49
90cd5bcc891a31a10nZ52du5FlNX,风险尽调分析师,狮桥,1000-9999人,互联网金融,本科,1-3年,,8-13K,武汉,,2026-06-06 04:59:49
f34cd2e6156c1d0a1nZ609u8ElJU,高级需求分析师,明源,1000-9999人,互联网,本科,3-5年,"ERP, 需求挖掘, 需求管理, 需求调研, 原型设计",15-20K,武汉,,2026-06-06 04:59:49
07283af95e3fc62903N93Nm4EFdS,农药政策与信息分析师,武汉华大农耀科技,20-99人,人工智能,本科,经验不限,,7-10K·14薪,武汉,,2026-06-06 04:59:49
a45dbfb003a43f5f03F93dq4GVNZ,测量数据分析员,武汉武桥朗清测控科技,20-99人,计算机/通信/其他电子设备,本科,,"工程测量/测绘, 桥涵, 轨道, 道路, 隧道, RTK仪器, 全站仪",150-200元/天,武汉,,2026-06-06 04:59:49
130973546a4994410nB_2du_EFBS,大模型AI数据标注分析师-视觉方向,软通动力,10000人以上,计算机软件,本科,经验不限,,7-10K,武汉,,2026-06-06 05:03:56
29e45c164b77a8790nB52t29GVJT,大模型AI数据标注分析师,柯莱特集团,1000-9999人,计算机软件,本科,1-3年,"标注方法优化, 标注数据分析, 数据标注, 文本标注, 语音标注, 不接受居家办公, 区域标注, 数据分析能力强, 小语种, 大模型标注, 语音, AI",7-8K,武汉,,2026-06-06 05:03:56
baf78f29898ed9270nZy29-6GFJU,数据运营支持（数据分析）,武汉微亿璀璨网络科技,500-999人,广告营销,大专,1-3年,"Power BI, 数据分析/挖掘经验, SPSS, SQL",5-6K·13薪,武汉,,2026-06-06 05:04:16
19a43bda86e892fa0nB52d64EldZ,H89722岗大模型AI数据标注分析师-武汉,武汉佰钧成技术,1000-9999人,计算机软件,本科,1-3年,"数据标注, 不接受居家办公, 语音标注, 标注数据分析, 数据分析能力强",7-9K,武汉,,2026-06-06 05:04:16
baafac995b426e050nB92tq_GVBW,数据分析,三出山,1000-9999人,餐饮,大专,1-3年,,6-8K,武汉,,2026-06-06 05:04:16
8a6517e5384db5160nB92NW4FFNS,大模型AI数据标注分析师-赴大厂,微创软件,10000人以上,计算机软件,本科,1-3年,"数据标注, 标注数据分析, 文本标注, 数据分析能力强, 不接受居家办公",8-10K,武汉,,2026-06-06 05:04:37
3ff39aba4c6415c303142Ni6FlZW,数据分析助理,武汉智咻科技有限公司,20-99人,互联网,大专,1年以内,,11-15K,武汉,,2026-06-06 05:04:59
1600bf2e4f39ea121HB-2dm7E1JX,数据分析,武汉恒平,20-99人,公路物流,大专,1-3年,"数据分析/挖掘经验, 数学/统计相关专业, 物流行业数据相关经验",3-5K,武汉,,2026-06-06 05:06:44
5d75d70a22a212390nV709i4EVNV,业务数据分析师,中微知著,100-499人,检测/认证/知识产权,本科,3-5年,,8-10K,武汉,,2026-06-06 05:07:05
149cba7bd9766b3303Fz2Nm1E1tS,数据分析,某大型汽车研发制造上市公司,10000人以上,汽车研发/制造,本科,5-10年,SQL,20-40K,武汉,,2026-06-06 05:07:05
5edfbb6be1127a980nZ-39y6F1tY,跨境电商数据分析师,厦捷乐,100-499人,进出口贸易,本科,1-3年,,6-8K,武汉,,2026-06-06 05:13:01
f383cb8b29ec28a70nB92t-5FFBW,高级数据分析师（教育科技）,上海寻元智能科技,20-99人,计算机软件,本科,5-10年,"数学/统计相关专业, 计算机相关专业, 机器学习建模经验, 数据分析/挖掘经验, SQL, Python, MATLAB, Power BI, 教育行业相关数据经验, 学生画像用户画像, 学情分析",15-30K,武汉,,2026-06-06 05:17:52
70a0e78a24eea8cf0nB92tq0GFdW,数据分析师（营销方向）,优服优科,20-99人,广告营销,本科,1-3年,"Python, 计算机相关专业, 数据分析/挖掘经验, 数学/统计相关专业",6-9K,武汉,,2026-06-06 05:18:54
99c8faa648c36c661XB_09S-GFpY,ba需求分析师,赛意信息,10000人以上,计算机软件,本科,5-10年,"中大型项目交付经验, 华为, 税务, Axure, 计算机/软件工程相关专业, 软件需求分析管理经验, 财务",12-15K,武汉,,2026-06-06 05:26:51
bfd5e843c12bb22e0nB52di_FVFT,H89722岗大模型AI数据标注分析师-武汉,武汉佰钧成技术,1000-9999人,计算机软件,本科,1-3年,"标注数据分析, 数据标注, 语音标注, 数据分析能力强, 不接受居家办公",7-9K,武汉,,2026-06-06 06:00:40
19255087c1dbd7110nB72tu6FVNS,数据分析建模岗,泰康在线,1000-9999人,互联网金融,硕士,5-10年,,19-30K,武汉,,2026-06-06 06:13:15
b1ed2f37870c2bb00nB92NS-EFBV,大模型AI数据标注分析师（外派百度）,微创网络,10000人以上,计算机软件,本科,1-3年,,8-10K,武汉,,2026-06-06 06:42:27
14279fbe0c7d16090nZ82dW_GVpQ,大数据分析讲师,好课优选教育,100-499人,培训/辅导机构,本科,在校/应届,,5-10K,武汉,,2026-06-06 06:48:23
8c0aca11c1bb72280nB929u7FlJU,H90011岗AI数据标注分析师-外包、双休,武汉佰钧成技术,1000-9999人,计算机软件,本科,3-5年,"标注数据分析, 标注方法优化, 视频标注, 区域标注, 数据分析能力强",7-8K,武汉,,2026-06-06 06:48:23
67192b638053efd903d-09W1EVZX,数据分析科研助理,此方,20-99人,建筑设计,硕士,,"机器学习建模经验, 数据分析/挖掘经验, 旅游行业数据相关经验, 计算机相关专业, 数学/统计相关专业, Python",130-180元/天,武汉,,2026-06-06 06:48:23
35920945551d674203N439i0EVRZ,校招-数据分析师,ONERWAY,100-499人,计算机软件,本科,在校/应届,"Python, SQL, Tableau, Power BI, 数学/统计相关专业, 计算机相关专业, 数据分析/挖掘经验",9-14K·15薪,武汉,,2026-06-06 06:48:23
d2641fc7755859170nB52tS_ElVT,数据分析员,华盈智数,0-20人,咨询,大专,1-3年,"经济/工商管理相关专业, 风控相关经验, 金融行业数据相关经验, 数据分析/挖掘经验, 计算机相关专业",5-10K·13薪,武汉,,2026-06-06 06:48:23
80a1c946284aa0cf0nB939y9EFdZ,早九晚六/大模型AI数据标注分析师高级,柯莱特集团,1000-9999人,计算机软件,本科,1-3年,,7-10K,武汉,,2026-06-06 06:48:23
5472831e502cc4f00nB52N2-F1pQ,武汉-大模型AI数据标注分析师,软通动力,10000人以上,计算机软件,本科,经验不限,"AI标注, 小语种, 评测, 语音, 大模型",6-8K,武汉,,2026-06-06 06:48:23
9bed7add8780035703J53Ni1GFdQ,数据分析实习,小药药,1000-9999人,医疗健康,本科,,"计算机相关专业, SQL, Python, 数学/统计相关专业",150-200元/天,武汉,,2026-06-06 06:48:45
102ce7e741dc9c8f03143d24F1tV,数据分析实习岗,武汉市硚口区鑫怡...,0-20人,计算机软件,硕士,在校/应届,"经济/工商管理相关专业, SAS, 数据分析/挖掘经验, 计算机相关专业, MATLAB, 统计, 实证分析, R, 金融行业数据相关经验, stata实证分析, 问卷分析, SPSS, 量化分析, Python, 数学/统计相关专业",4-9K,武汉,,2026-06-06 06:48:45
141e2d57f806d00803Z409S_EVVT,初级数据分析师,楚昀电子商务,20-99人,电子商务,本科,1-3年,"经济/工商管理相关专业, 机器学习建模经验, 金融行业数据相关经验, 数据分析/挖掘经验, 数学/统计相关专业",6-10K,武汉,,2026-06-06 06:49:06
a6ea98f6b4cb8dda1n193dq1F1NS,数据分析员,互通商品供应链,0-20人,进出口贸易,本科,1-3年,"Excel, 多元统计分析, 相关分析",10-15K·15薪,武汉,,2026-06-06 06:49:06
e5e71ae60e6faca13nF43tu5E1o~,分析师助理,洞见文化,20-99人,社交网络与媒体,本科,1年以内,"证券从业资格, 个股研究, CFA持证, 金融/经济/管理相关学历, 证券分析, 基金公司, IPO, 深度报告撰写能力, 研究报告撰写, CPA持证（执业/非执业）, CPA, 证券从业资格证, 证券研究与分析经验, CFA",6-9K,武汉,,2026-06-06 06:49:06
a622160297ce19180nZy29-0EVdR,中级数据分析师（公积金12％）,北京高阳捷迅,100-499人,互联网,本科,3-5年,,10-15K,武汉,,2026-06-06 06:49:06
ca3abd4ba30e48ce0nRy2d27ElRZ,【财会/数学专业可投】数据分析、成本优化,易点云,1000-9999人,企业服务,本科,经验不限,"经济/工商管理相关专业, 金融行业数据相关经验, SAS, 数据分析/挖掘经验, SPSS, Python, SQL, 数学/统计相关专业, 物流行业数据相关经验",9-14K·14薪,武汉,,2026-06-06 06:49:45
fc9abeb10b7e1e360nZy39u4FlBV,证券分析师助理,浙商科创,0-20人,企业服务,本科,1-3年,,8-10K,武汉,,2026-06-06 06:49:45
ec8087817d5f7f4f1Hx53N-8FlZW,数据分析师,开心烤餐饮,500-999人,餐饮,大专,3-5年,"数据透视表, 数据分析, Power BI, 数据分析/挖掘经验, 切片器, Tableau, SQL",7-9K,武汉,,2026-06-06 06:50:27
ba906b007d6c83af1XR82Ni_E1E~,BI数据分析师,北京原驰蜡象教育公司,1000-9999人,培训/辅导机构,大专,1-3年,"数据分析, 数据处理, 数据库",8-12K,武汉,,2026-06-06 06:50:48
8e6335e1d67d77ab1X1y29S_GFRQ,大数据分析与挖掘工程师,恒视途安,20-99人,企业服务,硕士,5-10年,"机器学习建模经验, Power BI, 数据分析/挖掘经验, 计算机相关专业, SQL, Python",15-30K·13薪,武汉,,2026-06-06 06:50:48
cf7134a1641aeccb1nN-3tS-GVJS,舆情分析师,博达厚实,0-20人,计算机软件,大专,,Excel,120-240元/天,武汉,,2026-06-06 06:50:48
2b104d09296a822203d62dS9FVVW,金融数据分析师,武汉市新晖教育咨询,20-99人,其他金融业,本科,经验不限,"经济/工商管理相关专业, SPSS数据分析Stata金融实证amo, 接受实习/在校生投递, R, 金融行业数据相关经验, 数据分析/挖掘经验, SPSS, 计算机相关专业, MATLAB, Python, 数学/统计相关专业",50-400元/时,武汉,,2026-06-06 06:51:09
b39b665ed88aefd403B43tm1EVdU,高级数据分析工程师,万物云,10000人以上,物业管理,本科,3-5年,,10-15K·15薪,武汉,,2026-06-06 06:51:09
e9fe3ff4634d717f0nB62t66FltU,数据分析员,武汉青花蔻服装,100-499人,服装/纺织,大专,经验不限,数据分析,3-4K,武汉,,2026-06-06 06:51:30
aa1b7de2c09d4a411XN73967GVtV,大数据分析师,华为终端有限公司,10000人以上,互联网,本科,经验不限,"数据分析/挖掘经验, 计算机相关专业, Python, 数学/统计相关专业",15-25K·14薪,武汉,,2026-06-06 06:51:30
f9f854bbd485b3bd1n1y3dq6EVtY,需求分析师(Java方向）,英志,20-99人,互联网,大专,5-10年,"数据需求分析, 文档经验, Axure, PD, Visio",10-15K·13薪,武汉,,2026-06-06 06:51:30
75008bdba57037871HNy3Nu4EFRY,高级需求分析师,天存信息,20-99人,计算机软件,本科,5-10年,"PowerDesigner, 计算机/软件工程相关专业, 软件需求分析管理经验, 软件研发经验",10-13K,武汉,,2026-06-06 06:51:30
f817497e68fd02b403Zy2925E1RX,证券分析师,华金千量,0-20人,证券/期货,本科,经验不限,"个股研究, 证券从业资格, 证券公司, 在线教育/自媒体, 证券投顾资格, 行业趋势分析, 直播/讲课能力, 证券从业经验, 投资课程讲授",15-30K,武汉,,2026-06-06 06:51:30
662cd41b946be0801XB829u9EFNU,兼职数据统计分析师,蚨瑞科技,0-20人,广告/公关/会展,本科,经验不限,"SPSS, 数学/统计相关专业, 兼职",3-4K,武汉,,2026-06-06 06:51:30
f107e245a3f459c60nB92NW1EVBX,商标数据分析师,智慧芽,1000-9999人,互联网,本科,3-5年,,18-35K·13薪,苏州,,2026-06-06 07:19:35
48651a30bd6c7d4c0nB92ti-F1FS,isv高级数据分析,ecMAX,500-999人,电子商务,大专,3-5年,"数据分析/挖掘经验, 电商/零售行业数据相关经验",14-20K,苏州,,2026-06-06 07:20:20
7cf51f1194f088a01HJ80tW6EVpZ,数据分析-专家,苏州天准科技,1000-9999人,仪器仪表/工业自动化,博士,1-3年,"C/C++, AI, 数学, LLM大模型, 计算机相关专业, 数学/统计相关专业",25-50K,苏州,,2026-06-06 07:20:41
f7b167fdd24e7d510nd509m6FVpQ,数据分析师,苏州丰海速运,20-99人,快递,大专,经验不限,"数据分析/挖掘经验, 计算机相关专业, 物流行业数据相关经验",4-5K,苏州,,2026-06-06 07:21:02
06e2fd52cffe64870nB82dy9EVFT,质量运营（偏数据分析）,华为技术有限公司,10000人以上,计算机软件,本科,3-5年,"业务数据分析, 不接受居家办公, 业务模式/运营策略优化, 营销活动效果分析, 用户深度研究, Tableau/Power BI, 数据分析/商业分析经验, SQL",6-8K,苏州,,2026-06-06 07:21:02
962f469ffb734e2703R93tW6EVdS,大数据产品经理,瀚易特,20-99人,计算机软件,本科,5-10年,"用户研究, 大数据产品, 数据分析, 市场调研, 产品设计, 用户增长, SQL, 产品运营",15-21K,苏州,,2026-06-06 07:21:02
f1c25d3ab694070c1Xdz29y9ElVZ,数据分析师,科薇信息科技,0-20人,计算机软件,本科,3-5年,"SQL, SPSS, MATLAB, 数学/统计相关专业, 数据分析/挖掘经验, 金融行业数据相关经验",12-18K,苏州,,2026-06-06 07:21:23
0f8e486aa99c89e903Z-09W4GVZS,数据策略分析经理,苏州某大型房地产中介上市公司,10000人以上,房地产中介/租赁,本科,5-10年,,30-35K,苏州,,2026-06-06 07:22:48
c2b07285acdf863c03F_39S6EVVT,财务分析专家,天鹏电源,1000-9999人,智能硬件,本科,5-10年,,25-40K·14薪,苏州,,2026-06-06 07:22:48
f8b23f17a54f7e4903F72t68E1pY,见习总经理,沃尔玛山姆会员店,100-499人,批发/零售,本科,5-10年,"销售经验, 损耗管理, 线上平台运营, 熟练使用办公软件, 超市/食品, 陈列管理, 连锁门店经验, 其他, 超市, 餐饮, 需要门店店长经验, 库存管理, 五险一金, 生鲜店, 5年以上门店店长经验, 商业保险, 数据分析, 便利店, 业绩管理",25-50K·13薪,苏州,,2026-06-06 07:28:23
bb97b11d1f3a1f560nZz2NS5FVtX,生鲜超市店长,苏州市吴江区泥巴...,0-20人,批发/零售,大专,1-3年,"销售经验, 1-3年门店店长经验, 损耗管理, 员工培训, 线上平台运营, 超市/食品, 陈列管理, 连锁门店经验, 超市, 需要门店店长经验, 生鲜店, 不需要出差, 数据分析, 不需要晚班/夜班, 业绩管理, 五险",10-11K,苏州,,2026-06-06 07:28:43
3ba380dc9d3e18ef1HN829m7EVFW,数据专员,海南攸宁,100-499人,社交网络与媒体,大专,经验不限,"数据, 数据分析, Excel",5-10K,苏州,,2026-06-06 07:29:03
1db0e451bf0449860nVz0ty-ElJQ,大数据产品经理（本科/复试现场）,上海舟恩信息,100-499人,计算机软件,本科,3-5年,"数据分析, 大数据产品, 数据治理, MySQL, 需求分析, 产品设计, SQL",15-18K,苏州,,2026-06-06 07:32:33
8f4ac30e123cb2cc0nB92di0EFZY,芯片测试工程师,凯捷,10000人以上,计算机软件,本科,1-3年,"良率, 数据分析, FT/SLT, 量产",11-18K·13薪,苏州,,2026-06-06 07:34:43
51de49a80f1ad6741HV92ty0EFNX,分析方法开发总监,某知名生物上市公司,1000-9999人,生物/制药,本科,10年以上,抗体类,40-45K,苏州,,2026-06-06 07:47:37
78c57ac5498c663c1Xx60tS9EVtQ,财务分析,苏州轩奇医疗,0-20人,医疗器械,本科,1-3年,诚信专业严谨耐心,5-9K·13薪,苏州,,2026-06-06 07:54:19
8d1c38b47fa1436e0nZ-3t60F1NS,成本分析经理,RENOGY如果新能源,500-999人,光伏,本科,5-10年,"成本, 成本分析, 新能源",15-25K,苏州,,2026-06-06 08:13:07
b5f9d5518c176d800nB92dm6E1VS,总账会计,匹泰自动化,100-499人,批发/零售,本科,3-5年,"金蝶EAS, 独立完成财务报表, 数据分析, 全盘账务处理",7-9K,苏州,,2026-06-06 08:20:26
9222a27dab52d8b30nd82t20EVZY,财务分析,玖物智能,100-499人,自动化设备,本科,3-5年,,15-20K·13薪,苏州,,2026-06-06 08:20:26
7bc415f09decf99f0nV939m1EFtX,小分子生物分析总监,某知名生物上市公司,1000-9999人,生物/制药,硕士,5-10年,,60-80K·14薪,苏州,,2026-06-06 08:26:40
9c3d3886b197ce311Hx92tS4GVFW,木渎悠方JANE&MASS招聘女装店长,FINGDY女装,100-499人,服装/纺织,学历不限,1-3年,"销售经验, 不需要出差, 不需要晚班/夜班, 数据分析, 服饰鞋包, 陈列管理, 连锁门店经验, 业绩管理, 不需要倒班, 1-3年卖场经理经验, 需要卖场经理经验, 五险",8-12K,苏州,,2026-06-06 08:27:22
41ddbdc7fe7af91c0nR839m-F1I~,数据策略分析师,滴滴出行,1000-9999人,互联网,本科,经验不限,"SQL, 商业分析, 数据建模",8-12K,苏州,,2026-06-06 08:38:56
7a765f301d9f4df2031709W9GFdT,生鲜卖场店长/副店长（苏南区域）,盒马鲜生,10000人以上,生活服务(O2O),大专,5-10年,"损耗管理, 超市/食品, 陈列管理, 连锁门店经验, 3-5年门店店长经验, 超市, 需要门店店长经验, 库存管理, 生鲜店, 五险一金, 5年以上门店店长经验, 数据分析, 不需要晚班/夜班, 业绩管理, 不需要倒班",13-20K,苏州,,2026-06-06 08:47:42
89eb2dbd51d31fad03R509-5E1tX,数据分析师,宽南,20-99人,进出口贸易,本科,3-5年,"SQL, Power BI, 数学/统计相关专业, 计算机相关专业, 数据分析/挖掘经验, 电商/零售行业数据相关经验",7000-20000元/月,苏州,,2026-06-06 08:52:34
c6b805d8e02317d10nB80966EFtW,质谱分析工程师,检力康,0-20人,IVD,硕士,3-5年,"化学分析, 实验室技术员, 体外诊断试剂",13-26K,苏州,,2026-06-06 08:53:17
1a9ce348417f92770nR-3tW7EFdY,数据分析师,拉波尼服饰,10000人以上,服装/纺织,本科,1-3年,,4-9K,苏州,,2026-06-06 08:57:06
3026c9784c9428ef0nB-29q0FFBQ,盒马鲜生苏南大区-- Mini门店储备店长,盒马鲜生,10000人以上,生活服务(O2O),大专,5-10年,"损耗管理, 业绩管理, 订货管理, 销售经验, 数据分析, 零售储备店长, 零售行业经验, 超市/食品, 连锁门店, 21-23点下班",14-20K,苏州,,2026-06-06 08:59:55
29076686e914d2710ndz3t--FlZW,仓储物流--质控主管（广东地区可调配）,拼多多集团-PDD,1000-9999人,电子商务,本科,3-5年,"三方物流企业, 数据分析, 熟练使用WMS系统, 物流/供应链专业, 仓储物流, 质量运营, 质量监控, 指标分析, 监控预警, 成本",15-20K·14薪,苏州,,2026-06-06 08:59:55
494b66722f5844b433Z83Nu4FVU~,数据观测员,苏州亿鑫荣商务咨询,0-20人,证券/期货,大专,1年以内,"数据分析, 商业分析",5-10K,苏州,,2026-06-06 09:07:12
313c47ec5f018a3f0nB_3t27F1tQ,数据分析师,萤火虫,20-99人,电子商务,本科,3-5年,"Power BI, Tableau, 数学/统计相关专业, 经济/工商管理相关专业, 数据分析/挖掘经验, 电商/零售行业数据相关经验, 物流行业数据相关经验, 熟练excel使用",8-12K,苏州,,2026-06-06 09:12:02
9d49c725d0d001b50ndz2dq-GVtW,初中暑期兼职语数英老师,吴江区尚书文化工作室,0-20人,文化艺术/娱乐,本科,1年以内,"培训机构, 线下教育, 数据分析, 文案撰写, 视频、音频剪辑, 活动策划, 不坐班, 学习顾问, 教师, 教学管理, 班主任, 初一, 初二, 初三, 初中教育工作经验, 大型教育机构经验, 英语发音标准, 课程/课件研发能力",150-200元/天,苏州,,2026-06-06 09:13:44
43478d4c6a8926980nZ839i4F1JW,数据开发岗（C++）,上海量魁私募基金管理,20-99人,基金,本科,3-5年,,12-18K,无锡,,2026-06-06 09:34:32
9d2c2f0be97aeaab0nB80t20F1FR,中高级数据分析师,睿亭信息咨询,20-99人,咨询,本科,5-10年,"数据仓库, 数据可视化, 数据ETL, 数据治理, 架构设计",12-19K,无锡,,2026-06-06 09:34:32
c1c77eadde94558e1HNy2N2-FVRR,数据分析师（督学师）,无锡侨谊人工智能科技,0-20人,培训/辅导机构,本科,经验不限,"老师, 线下教育, 智能教育",5-10K,无锡,,2026-06-06 09:34:32
e578294e293a88090nV53dy5ElVT,服装GST分析师（IE）,江苏尚诚,1000-9999人,服装/纺织,中专/中技,3-5年,"春晓, 服装/纺织经验, 服装, 要求有工业工程师经验, 精益改善经验, GST分析",10-15K,无锡,,2026-06-06 09:34:53
7cf819485cac2a7803Zz3961EVdX,大数据工程师,江苏瑞盈数智科技,0-20人,互联网,本科,3-5年,"要求数据开发经验, 数据平台开发经验, Flink, Spark, SQL, 制造业行业经验, 非外包类",18-30K,无锡,,2026-06-06 09:34:53
c32004029ab29e411HF_2d2-F1ZT,制程工艺数据分析,健鼎,10000人以上,电子/半导体/集成电路,本科,经验不限,数学/统计相关专业,4-6K,无锡,,2026-06-06 09:34:53
55c523cc72a055480nB92d29FFNV,化学分析工程师,隆达股份,500-999人,原材料及加工/模具,本科,5-10年,"化学化纤, 环保行业, 金属冶炼, 无机品, 化学相关专业, 通过CNAS评审",8-12K,无锡,,2026-06-06 09:35:13
cfe2a48a24c7d6e50nB82tW4GVJQ,数据/策略运营,无锡三赢聚力科技,0-20人,广告营销,本科,3-5年,"业务模式/运营策略优化, 业务数据分析, 投放数据分析, 定性研究, 数据分析/商业分析经验, Python/R语言/SPSS, 管理咨询工作经验",7-9K,无锡,,2026-06-06 09:35:13
24de81668764482703Z83t67GVNS,期货分析师,同鑫咨询,100-499人,计算机服务,本科,5-10年,,10-11K,无锡,,2026-06-06 09:35:13
6c6e43e41dec21e733Fz3d-_Flc~,数据运营,零到意,0-20人,广告/公关/会展,大专,3-5年,"业务数据分析, 内容运营, 不接受居家办公, 营销活动效果分析, 业务模式/运营策略优化, 运营专员, 数据分析, 商家运营, 计算机相关专业, 商业分析, 数据分析/商业分析经验",5-8K,无锡,,2026-06-06 09:35:13
d18921acc06db3d90nB9392_ElBV,数据产品经理,人瑞网络科技,10000人以上,计算机硬件,本科,5-10年,"市场调研, 产品设计, 产品运营, 用户增长, 数据分析",22-23K,无锡,,2026-06-06 09:35:35
71c3c423db1f42520nd92d29E1VU,电商数据分析,海澜之家集团,10000人以上,服装/纺织,本科,1-3年,"Python, SPSS, 数学/统计相关专业, 电商/零售行业数据相关经验, Excel",5-8K,无锡,,2026-06-06 09:35:35
ad373bcd266e374f03d73Ni0GFFS,数据分析统计员,景元康,20-99人,食品/饮料/烟酒,大专,3-5年,,4-8K,无锡,,2026-06-06 09:35:57
57e7c6b3928cd2bb03Z53961EFZV,金融证券分析师,晟坤金服,20-99人,证券/期货,本科,1-3年,"个股研究, 实盘交易经验, 证券投顾经验, 证券公司, 行业趋势分析, 证券从业经验, 证券研究与分析经验, 量化投资研究, 投资组合管理经验, 投资组合构建, 研究报告撰写",10-15K,无锡,,2026-06-06 09:35:57
6cc9fb658d3bd9cd0nV709W7GFZR,大气物理参数数据分析工程师,无锡滨湖前沿技术...,0-20人,政府/公共事业,硕士,1-3年,,13-26K,无锡,,2026-06-06 09:35:57
e5d58ab6760771d60nZ53Nm4EFtZ,质控数据员,拼多多集团-PDD,1000-9999人,互联网,大专,3-5年,,5-6K,无锡,,2026-06-06 09:36:17
14bbed8a108faf2e1HF53ti5FVdU,数据运营专员,凌脉,100-499人,互联网,大专,1-3年,"活动奖品配置, 小程序, 活动运营",6-7K,无锡,,2026-06-06 09:36:17
57913874b371dec10nB92ti_FFFV,ai需求分析,南京睿晖,100-499人,计算机软件,本科,3-5年,,12-17K,无锡,,2026-06-06 09:36:39
7c3597cc13c0fb851nV_2d-6FVFU,战略分析师,善志,100-499人,咨询,本科,1-3年,"发展战略咨询, 商业模式咨询, 品牌战略咨询",15-20K,无锡,,2026-06-06 09:37:00
cfdc04f7d11a327003B739i8FVtY,生鲜主管,新吴区七月鲜生鲜超市,0-20人,食品/饮料/烟酒,学历不限,经验不限,"损耗管理, 员工培训, 熟练使用办公软件, 陈列管理, 超市, 1-3年卖场经理经验, 5年以上卖场经理经验, 库存管理, 1年以下卖场经理经验, 不需要出差, 生鲜卖场, 数据分析, 不需要晚班/夜班, 不需要倒班, 需要卖场经理经验, 3-5年卖场经理经验",6-8K,无锡,,2026-06-06 09:37:00
c9d9196155bc4aed031609i4FlFX,理科老师,江阴市智亿数字文...,0-20人,咨询,本科,经验不限,"教师, 初高中教育工作经验, 教务, 小班教学（3-25人）, 培训机构, 线下教育, 教学管理, 线上教育, 初中教师资格证, 互联网教育平台使用, 学习顾问, 初中生, 数据分析, 物理, 教育学专业背景, 社群运营, 坐班, 助教, 化学, 理科类专业背景, 一对一教学",5-10K,无锡,,2026-06-06 09:37:00
082ce045802cd1831XB909W9E1VV,数字货币分析师,江苏麦田网络科技,20-99人,电子商务,本科,1-3年,"计算机相关专业, 金融行业数据相关经验",20-30K·14薪,无锡,,2026-06-06 09:37:00
e80fb5da2a04fdda03x_3t29E1ZR,门店店长,新区天港百货超市,100-499人,批发/零售,大专,3-5年,"销售经验, 损耗管理, 员工培训, 熟练使用办公软件, 陈列管理, 连锁门店经验, 超市/食品, 3-5年门店店长经验, 超市, 库存管理, 需要门店店长经验, 五险一金, 不需要出差, 不需要晚班/夜班, 包吃住, 数据分析, 不需要倒班",10-15K,无锡,,2026-06-06 09:37:21
5c51fe68baa5d9680nd53Nq1EFVY,长租公寓店长,无锡空非优家房屋租赁,0-20人,房地产中介/租赁,本科,5-10年,"线上平台运营, 连锁门店经验, 3-5年门店店长经验, 需要门店店长经验, 不需要出差, 5年以上门店店长经验, 不需要晚班/夜班, 数据分析, 客诉处理, 业绩管理, 酒店/民宿, 不需要倒班, 房产中介, 五险",10-12K,无锡,,2026-06-06 09:37:21
771454f90a07151c0nR_2NS_FFJY,数据平台总监,无锡某中型自动化设备公司,100-499人,人工智能,本科,经验不限,"电气机械/器材, 大数据生态, 机器人, 可视化工具",30-50K,无锡,,2026-06-06 09:37:21
a8bef37bba6bfa7503Bz2N26FVBQ,货品分析专员,雅之岚,20-99人,电子商务,大专,3-5年,,6-8K,无锡,,2026-06-06 09:37:21
748975a4b4159f0a03R60tW9F1FX,RSC数据运营实习生,NIO蔚来,10000人以上,汽车研发/制造,本科,,"业务数据分析, 不接受居家办公",130-180元/天,无锡,,2026-06-06 09:37:21
dd822efa37c226160nB43dm7E1VQ,交通数据工程师,无锡微城,0-20人,咨询,本科,3-5年,"ArcGIS, Java, C++, Python, MySQL, Oracle",15-20K,无锡,,2026-06-06 09:37:42
93be8a57d122f1c41XJ50ty0EFNV,京东物流招聘物流运营,京东物流,10000人以上,快递,大专,经验不限,"三方物流企业, 快递公司, 网点/店面文员, 物流现场运作, 数据分析",5-8K·13薪,无锡,,2026-06-06 09:37:42
d9d76e715aeacb490nB-3dq_GFpW,产品经理/需求分析师,云洽信息,20-99人,计算机软件,本科,1-3年,"Axure, Visio, 计算机/软件工程相关专业, 软件需求分析管理经验",10-11K,无锡,,2026-06-06 09:37:42
06180d6ef47800591HN40926FVNX,营运店长,乐兹米亚,100-499人,食品/饮料/烟酒,大专,3-5年,"便利店, 蛋糕/面包, 五险, 21-23点下班, 员工培训, 数据分析, 卫生管理, 需要门店店长经验, 熟练使用办公软件, 连锁门店经验, 线上平台运营, 超市/食品, 餐饮, 3-5年门店店长经验, 1-3年门店店长经验, 不需要出差",6-8K,无锡,,2026-06-06 09:37:42
877913fd81c4f0b003V_3Nu9GVpV,蔬菜主管,万客隆鲸选超市,100-499人,食品/饮料/烟酒,学历不限,1-3年,"五险, 需要卖场经理经验, 超市, 生鲜卖场, 库存管理, 损耗管理, 数据分析, 陈列管理, 业绩管理, 熟练使用办公软件, 销售经验, 1-3年卖场经理经验, 不需要出差, 不需要晚班/夜班",6-8K,无锡,,2026-06-06 09:37:42
d47a9131edcd68350nRz0t-6EFRS,数据分析优化+大模型应用开发工程师,无锡梅洛迪科技,20-99人,人工智能,本科,3-5年,,25-35K,无锡,,2026-06-06 09:42:11
3cb765c179cdce590nZ63dq1EFFX,销售服务店长,励进通,20-99人,计算机软件,大专,3-5年,"销售经验, 数码产品, 员工培训, 线上平台运营, 熟练使用办公软件, 活动策划, 陈列管理, 连锁门店经验, 3-5年门店店长经验, 需要门店店长经验, 5年以上门店店长经验, 数据分析, 不需要晚班/夜班, 业绩管理, 不需要倒班, 五险",7-12K,无锡,,2026-06-06 09:45:00
3a5171d9a8a1ed200nZz39y4EVdV,门店店长,锡山区星之美瑜伽...,0-20人,运动/健身,大专,1-3年,"销售经验, 1-3年门店店长经验, 员工培训, 线上平台运营, 健身/体育, 熟练使用办公软件, 连锁门店经验, 卫生管理, 需要门店店长经验, 员工招聘, 不需要出差, 数据分析, 不需要晚班/夜班, 业绩管理, 不需要倒班, 五险",10-15K,无锡,,2026-06-06 09:45:00
c26a7aad4f042c710nB92N68F1pX,无锡万象汇15K招女装店长,兰问,100-499人,服装/纺织,大专,3-5年,"需要门店店长经验, 不需要出差, 就近分配, 五险, 服饰鞋包, 服饰, 女装, 运动户外, 员工培训, 陈列管理, 业绩管理, 数据分析, 库存管理, 销售经验, 连锁门店经验, 熟练使用办公软件, 1-3年门店店长经验, 3-5年门店店长经验, 5年以上门店店长经验, 21-23点下班",10-15K,无锡,,2026-06-06 09:50:15
b71c1c7189f564850nB929y9EFRZ,数据中端,无锡某中型半导体/芯片公司,100-499人,半导体/芯片,本科,3-5年,"电子/通信/半导体, 综合, 16nm及以下, 时序收敛与迭代, 时序约束生成及检查",40-60K·16薪,无锡,,2026-06-06 09:50:15
4c54841211cdaccc03d72Nm5FVBY,跨境电商数据工程师,无锡美颜琼,20-99人,电子商务,本科,1-3年,Python,7-10K,无锡,,2026-06-06 09:51:17
1a24f626beb0133e0nV43t65GFBX,成本分析专员,无锡车联天下智能科技,1000-9999人,汽车零部件,本科,3-5年,"经营绩效分析, 成本分析专员, 成本报表, 成本核算",11-20K·14薪,无锡,,2026-06-06 09:56:31
32da72fb3c02b6490nB80ty8GFRR,储备店长/店长,上海饱金餐饮管理,0-20人,餐饮,学历不限,3-5年,"1-3年门店店长经验, 员工培训, 熟练使用办公软件, 连锁门店经验, 卫生管理, 餐饮, 需要门店店长经验, 员工招聘, 不需要出差, 数据分析, 不需要晚班/夜班, 客诉处理, 不需要倒班",6-8K,无锡,,2026-06-06 09:57:13
c970081ac9ae25d41Hdz3N2-E1VV,女装店长,梁溪区翠博服装店,20-99人,批发/零售,中专/中技,1-3年,"1-3年门店店长经验, 销售经验, 线上平台运营, 员工培训, 熟练使用办公软件, 连锁门店经验, 陈列管理, 3-5年门店店长经验, 员工招聘, 需要门店店长经验, 五险一金, 5年以上门店店长经验, 不需要出差, 不需要晚班/夜班, 数据分析, 服饰鞋包, 业绩管理, 女装, 不需要倒班",8-13K,无锡,,2026-06-06 09:57:34
91511b94e6997a0d1XJ439W5GVVR,初中物理教师,无锡万学教育,100-499人,培训/辅导机构,本科,经验不限,"K12教育, 教师, 理科, 初三, 小班教学（3-25人）, 培训机构, 线下教育, 一级教师, 初中教师资格证, 初中教育工作经验, 数据分析, 物理, 坐班, 教研, 一对一教学",10-12K,无锡,,2026-06-06 09:57:34
1e0032dea9f06ca00nB80965GVNS,响隐女装店长（无锡江阴八佰伴店）,浙江香云控股,1000-9999人,批发/零售,学历不限,1-3年,"销售经验, 1-3年门店店长经验, 熟练使用办公软件, 陈列管理, 需要门店店长经验, 服饰, 员工招聘, 不需要出差, 数据分析, 服饰鞋包, 业绩管理, 女装, 19-21点下班, 新店筹备, 五险",5-10K,无锡,,2026-06-06 10:00:42
04e3c4021e96f0390nd72968ElBQ,盒马生鲜店长-年终奖,盒马鲜生,10000人以上,生活服务(O2O),高中,3-5年,"需要卖场经理经验, 就近分配, 五险一金, 不需要出差, 不需要晚班/夜班, 生鲜卖场, 数据分析, 损耗管理, 连锁门店经验, 3-5年卖场经理经验",12-16K·16薪,无锡,,2026-06-06 10:00:42
8131bb02089093750ndz3965GFVV,潮牌店店长+月休8天（万象城）,菲蔻眼镜,100-499人,新零售,大专,3-5年,"销售经验, 1-3年门店店长经验, 奢侈品, 员工培训, 珠宝店, 眼镜店, 陈列管理, 鞋包, 卫生管理, 需要门店店长经验, 服饰, 五险一金, 不需要出差, 化妆品, 数据分析, 21-23点下班, 潮玩, 客诉处理, 服饰鞋包, 杂货/配饰",7-12K,无锡,,2026-06-06 10:00:42
fbd4ec19ddd692b803143Nu1F1ZS,大数据开发工程师,台铃科技,1000-9999人,摩托车/自行车制造,本科,经验不限,"要求数据开发经验, 数据平台开发经验, Java, Python, Kafka, Spark, 计算机相关专业, 非外包类",18-25K,无锡,,2026-06-06 10:00:42
8a13c5e6736311750nB729S6E1ZT,品牌服装店长,大卫安森,0-20人,服装/纺织,高中,1-3年,"销售经验, 1-3年门店店长经验, 陈列管理, 财务管理, 3-5年门店店长经验, 需要门店店长经验, 服饰, 库存管理, 5年以上门店店长经验, 不需要出差, 数据分析, 不需要晚班/夜班, 服饰鞋包, 业绩管理, 不需要倒班, 五险",8-13K,无锡,,2026-06-06 10:01:04
dcf5331c727ebbb40nB73Ni-GVRZ,媒介数据专员,扶楼科技,20-99人,广告营销,本科,经验不限,,4-6K,无锡,,2026-06-06 10:01:25
75f91eef9b10203f03Ny3Nm9F1FY,行业分析师,不锈钢电子交易中心,100-499人,电子商务,本科,3-5年,,15-20K·13薪,无锡,,2026-06-06 10:01:46
7958860fa8167c9c031539y9ElNX,鲜食主管（熟食/面包/海鲜肉类/果蔬/餐吧）,无锡山姆会员商店,100-499人,批发/零售,大专,1-3年,"需要卖场经理经验, 五险一金, 商业保险, 每周双休, 不需要出差, 生鲜卖场, 百货卖场, 超市, 库存管理, 损耗管理, 数据分析, 陈列管理, 卫生管理, 销售经验, 连锁门店经验, 1-3年卖场经理经验",8-10K·13薪,无锡,,2026-06-06 10:01:46
327e94cb8f196f9b0nRz39y1ElJT,芯片失效分析,某中型通信/网络设备公司,100-499人,通信/网络设备,学历不限,经验不限,,30-60K·15薪,无锡,,2026-06-06 10:01:46
26e14229f6f22c550nB939-6EFFX,GMP清洁分析研究员,药明康德,10000人以上,生物/制药,本科,1-3年,"不需要出差, GMP经验, 制药/医疗经验, 药品药物经验, 有质量管理经验",8-13K,无锡,,2026-06-06 10:01:46
d99f2e40281109591Hd43ti9EVpU,金融数据分析师,江阴市金中睿新材料,0-20人,化工,本科,3-5年,金融行业数据相关经验,4-7K,无锡,,2026-06-06 10:02:07
da07f99e737b8dc703Rz3dS4E1pQ,Python开发-数据分析员,展贸通科技,0-20人,广告/公关/会展,大专,1-3年,"C#, Nginx, Django, MySQL, Python",5-10K,无锡,,2026-06-06 10:02:07
d0f679b0ee1212020nZ52t--GFtZ,数据平台工程师,逐日信息,20-99人,进出口贸易,本科,1-3年,,15-20K,无锡,,2026-06-06 10:02:28
4a4dbf91b853b1221HNy3NW9GVRU,数据分析,某大型政府公司,100-499人,政府/公共事业,硕士,1-3年,"Python, 数学/统计相关专业, 计算机相关专业, java, Matlab",20-21K,无锡,,2026-06-06 10:02:28
558e212218f8878f1Hx92tW0E1dY,服装商品数据专员,斯搏兹,500-999人,批发/零售,大专,经验不限,"数学/统计相关专业, 电商/零售行业数据相关经验",5-6K·13薪,无锡,,2026-06-06 10:02:28
27a224243380b0fb0nB429S-F1RW,Insta360影石专卖店店长,无锡智翔,20-99人,批发/零售,大专,1-3年,"1-3年门店店长经验, 不需要出差, 数码产品, 数据分析, 21-23点下班, 收银管理, 客诉处理, 业绩管理, 不需要倒班, 需要门店店长经验, 库存管理, 五险",7-12K,无锡,,2026-06-06 10:02:49
a752dfd8399f013c0ndy2N-9FFNY,数据产品经理(J11269),麦田能源股份有限公司,1000-9999人,光伏,本科,5-10年,"数据产品, 用户/功能产品, AI产品, 智能问数产品经验, AI应用, 大数据产品开发, 数据分析或BI产品经验",25-35K,无锡,,2026-06-06 10:03:09
f8cf2d974c9bff290nd90tW1GFBV,万象城服装店长（直营五休二五险一金）,上海五条杠品牌管理,100-499人,服装/纺织,学历不限,1-3年,"销售经验, 潮牌服饰, 员工培训, 熟练使用办公软件, 服装店长, 财务管理, 3-5年门店店长经验, 需要门店店长经验, 服饰, 五险一金, 不需要出差, 21-23点下班, 数据分析, 运动户外, 客诉处理, 每周双休, 服饰鞋包, 业绩管理, 女装, 不需要倒班",9-13K,无锡,,2026-06-06 10:03:09
2e0b9ae07dc66b060nd-3961FFJS,H84339岗 BA/需求分析师（保险项目-稳定）,武汉佰钧成技术,1000-9999人,计算机软件,本科,3-5年,"软件需求分析管理经验, 金融/保险行业项目经验",12-15K,无锡,,2026-06-06 10:03:09
708bbd3ee24dbcfa1HF_2N--EVs~,资讯,上海钢联,1000-9999人,电子商务,大专,经验不限,"数据分析, 客户管理",6-10K,无锡,,2026-06-06 10:03:30
851caeb0332e803603By2N-9E1BT,数据分析/标注师,StorageX,20-99人,电子/硬件开发,本科,1-3年,"数据标注, python, 图像标注, 标注数据分析, AI, 模型优化, 模型训练, 图片标注",5-8K·14薪,无锡,,2026-06-06 10:03:30
16a29493db6927331n180t25FVRW,产品助理,爱果网络科技,20-99人,互联网,本科,1-3年,"数据分析, 需求分析",5-7K,无锡,,2026-06-06 10:03:50
f0cd3c92f1a993fb1nJy0tW9FVtT,数据分析实习生（软件方向）,无锡英飞凌,1000-9999人,电子/半导体/集成电路,本科,,"SQL, Python, Tableau",130-150元/天,无锡,,2026-06-06 10:09:22
e6a719ad680068f30nR53tu9GFJZ,股票投顾分析师,晟坤金服,20-99人,证券/期货,本科,1-3年,"个股研究, 证券从业资格, 金融/经济/管理相关学历, 证券公司, 证券投顾资格, 量化投资研究, 投资组合管理经验, 研究报告撰写, 成熟的投资理念和方法, 深度报告撰写能力, 证券投顾经验, 行业趋势分析, 证券从业经验, 证券研究与分析经验",15-26K,无锡,,2026-06-06 10:09:22
abcb8fa4aaf811970nB-3ty5ElFW,经营分析负责人,某大型批发公司,500-999人,批发/零售,本科,5-10年,,15-25K,无锡,,2026-06-06 10:10:04
8249952e933497b70nB52N--FltU,酒店店长,无锡无远酒店管理,0-20人,酒店/民宿,高中,5-10年,"包吃, 五险, 需要门店店长经验, 酒店/民宿, 员工培训, 业绩管理, 数据分析, 卫生管理, 客诉处理, 熟练使用办公软件, 线上平台运营, 3-5年门店店长经验, 不需要出差, 不需要倒班, 不需要晚班/夜班, 有责任心，细心",8-9K,无锡,,2026-06-06 10:10:24
a87306186a360b2b1nZ72dS5EVQ~,机械设计师,凯涵科技,20-99人,人工智能,本科,3-5年,"人工智能, 数据分析, 算法",5-6K,无锡,,2026-06-06 10:10:45
d7b87b0bb0e0bbb70nd50960EFBX,江阴山姆——鲜食夜班主管,沃尔玛山姆会员店,100-499人,批发/零售,大专,1-3年,"需要卖场经理经验, 每周双休, 五险一金, 商业保险, 不需要出差, 不需要倒班, 杂货/配饰, 百货卖场, 生鲜卖场, 超市, 数据分析, 库存管理, 损耗管理, 员工培训, 陈列管理, 1-3年卖场经理经验, 连锁门店经验",8-10K·13薪,无锡,,2026-06-06 10:10:45
935689f66f7968920nB70966GVRV,快递运营经理,恒智教育咨询,0-20人,电子商务,大专,3-5年,"三方物流企业, 快递公司, 数据分析, 物流/供应链专业",5-6K,无锡,,2026-06-06 10:11:07
2494e88d9f6ea6bd03J_09-_F1BR,商业数据分析,氢智科技,0-20人,物联网,本科,经验不限,数据分析/挖掘经验,4-5K,无锡,,2026-06-06 10:11:07
31b56dc0bb9285da031z09i8GFJQ,项目/技术经理（大数据方向）,蜂巢能源,10000人以上,动力电池,本科,3-5年,,11-16K·15薪,无锡,,2026-06-06 10:15:36
2ce1f7f8bb1e340e0nB92d25F1NS,数据分析专员,晶澜光电,100-499人,光伏,大专,经验不限,,5-7K,无锡,,2026-06-06 10:28:49
24a844bc6467a23b0nB-3NW6E1pV,店长,南京缇缇香摄影,20-99人,婚庆/摄影,大专,3-5年,"五险, 商业保险, 需要门店店长经验, 摄影店, 员工培训, 陈列管理, 业绩管理, 数据分析, 客诉处理, 熟练使用办公软件, 销售经验, 3-5年门店店长经验, 不需要倒班, 不需要晚班/夜班, 摄影店店长  儿童摄影 亲子全家福摄影",12-18K,无锡,,2026-06-06 10:31:38
987979e6078e22f00nd50tu1E1JU,化学分析检测员,雅克科技,500-999人,化工,大专,经验不限,分析检测,5-8K·13薪,无锡,,2026-06-06 10:43:47
845338ecad2ba0490nZz3tW5GFdS,无锡万象城nice rice店招聘店长,常州市屿光商贸,100-499人,批发/零售,本科,3-5年,"就近分配, 五险, 需要门店店长经验, 服饰鞋包, 服饰, 女装, 运动户外, 奢侈品, 员工培训, 陈列管理, 业绩管理, 数据分析, 库存管理, 熟练使用办公软件, 销售经验, 连锁门店经验, 1-3年门店店长经验, 3-5年门店店长经验, 不需要出差, 不需要倒班, 不需要晚班/夜班",7-11K,无锡,,2026-06-06 10:45:09
ac3c7d87d51df3370nd-3Nq8GFJY,门店店长,无锡市新吴区梅荆...,20-99人,食品/饮料/烟酒,学历不限,1-3年,"就近分配, 需要门店店长经验, 超市/食品, 超市, 员工培训, 陈列管理, 数据分析, 库存管理, 损耗管理, 熟练使用办公软件, 销售经验, 连锁门店经验, 线上平台运营, 其他, 1-3年门店店长经验, 不需要出差, 不需要倒班, 不需要晚班/夜班, 好想来零食店",6-8K,无锡,,2026-06-06 11:05:20
646da802b3eddb930nR_3NW8EFNR,数据专员,定州市诚惠家政服...,0-20人,互联网,本科,1-3年,,5-6K,无锡,,2026-06-06 11:05:20
42e3307fbfbb29b60nV_2Nu1FlNZ,数据分析/标注师,StorageX,20-99人,电子/硬件开发,本科,1-3年,"数据标注, python, 图像标注, 标注数据分析, AI, 模型优化, 模型训练, 图片标注",5-8K·14薪,无锡,,2026-06-06 11:16:05
37065ba640b8ab1903d53ti1FFNW,生鲜经理,宜兴市车马生鲜食...,20-99人,批发/零售,学历不限,3-5年,"生鲜卖场, 数据分析, 员工培训, 线上平台运营, 不需要晚班/夜班, 熟练使用办公软件, 陈列管理, 连锁门店经验, 需要卖场经理经验, 3-5年卖场经理经验",7-10K,无锡,,2026-06-06 11:29:04
efbb9562c29823cd0nZy2tq0GFdS,数据开发实习生（Quant Developer）,上海量魁私募基金管理,20-99人,基金,本科,,,300-350元/天,无锡,,2026-06-06 11:33:33
567cbe7339a3c7250nB809S5GVdR,零售店长,天津小林兰商贸,100-499人,其他消费品,学历不限,1-3年,"美妆护肤, 销售经验, 1-3年门店店长经验, 员工培训, 熟练使用办公软件, 陈列管理, 连锁门店经验, 其他, 需要门店店长经验, 服饰, 需要倒班, 不需要出差, 数据分析, 21-23点下班, 服饰鞋包, 业绩管理, 需要晚班/夜班, 杂货/配饰, 新店筹备, 五险",6-9K,无锡,,2026-06-06 11:41:56
df8c10886d920c5e0nB52dS8ElFU,数据分析专员（接受无经验）,彩虹猫,20-99人,珠宝/首饰,本科,经验不限,,4-6K,重庆,,2026-06-06 11:49:45
04d65f6bdd1d13180nZ82Ni-GFRY,自动驾驶的数据分析助理,重庆趣沃科技有限公司,0-20人,计算机软件,大专,经验不限,"计算机相关专业, 数学/统计相关专业",5-7K,重庆,,2026-06-06 11:49:45
070258bfb7e1879b03Fz3d20F1ZS,数据分析师,重庆沐然数据科技,0-20人,大数据,本科,经验不限,,200-1000元/天,重庆,,2026-06-06 11:49:45
cd6963f61936cdae0nB92du0F1RT,总经理销售助理-有销售经验、擅长数据分析,格衫服饰,100-499人,服装/纺织,大专,3-5年,,6-10K,重庆,,2026-06-06 11:49:45
9e132de9b40d92580nB_0tW_GVBY,生物信息分析,栗峰研生物科技,0-20人,医疗研发外包,本科,,,200-400元/天,重庆,,2026-06-06 11:49:45
4b2703e71ec136f203x62NW0EVdU,数据分析工程师,德勤华庆商务服务,1000-9999人,企业服务,本科,在校/应届,,6-7K,重庆,,2026-06-06 11:49:45
722c7238bcd0d4321XJz2N65F1JU,数据分析,北京字节跳动,1000-9999人,互联网,大专,1-3年,抖音集团,5-7K,重庆,,2026-06-06 11:49:45
a77f4db8e575fd5203J509i-FlVS,数据分析师,重庆捷至磐商务信...,20-99人,其他金融业,中专/中技,经验不限,,5-10K,重庆,,2026-06-06 11:49:45
472e254efba9de7803B93di4F1BS,数据分析师,重庆实新洋贸易,100-499人,日化,学历不限,经验不限,,8-13K·13薪,重庆,,2026-06-06 11:49:45
73d0954dfbd05d920nB63NS9FVNY,数据分析,重庆悦派对公司,100-499人,社交网络与媒体,本科,经验不限,"SQL, Python, Power BI, 数学/统计相关专业, 计算机相关专业",6-10K,重庆,,2026-06-06 11:49:45
0d054b5fb16fa47603By3Nq_FlJZ,数据分析师,重庆长谷川建筑工程,20-99人,房屋建筑工程,学历不限,经验不限,,8-13K·13薪,重庆,,2026-06-06 11:49:45
88c96d6d8a94b15c1HFz3NW_FFNX,大数据分析师,重庆启零教育,100-499人,学前教育,本科,5-10年,,20-25元/时,重庆,,2026-06-06 11:49:45
a8a4f540220391d103J52tm_E1JZ,闪购数据分析师,叁联帮科技有限公司,0-20人,批发/零售,本科,3-5年,"金融行业数据相关经验, 风控相关经验, 数据分析/挖掘经验, 电商/零售行业数据相关经验, SQL, Python, 数学/统计相关专业",10-11K,重庆,,2026-06-06 11:49:45
d894b40fbbbb609a0nd93NW5EldY,数据分析工程师（新能源汽车）,某大型汽车研发/制造公司,1000-9999人,汽车研发/制造,本科,3-5年,"SQL, 数据分析/挖掘经验, 汽车",30-40K·13薪,重庆,,2026-06-06 11:49:45
3180de0d44c9ff0e0nZ63NS4GFNX,数据分析师（五险一金-6K+1K）,焱煌盛世,100-499人,在线教育,大专,经验不限,,6-7K,重庆,,2026-06-06 11:49:45
b1098384a7b0d47d0nZ90ti7FlRY,驻场数据分析师,中天鹰眼,20-99人,计算机软件,大专,1-3年,"医保经办, 医保业务, 数据分析/挖掘经验, 计算机相关专业, SQL",6-8K,重庆,,2026-06-06 11:50:06
1905963cab163dae03Z_0ty8EltW,大数据分析师,重庆亦名宸贸易,20-99人,互联网金融,高中,1-3年,,5-8K,重庆,,2026-06-06 11:50:06
bed0677ccba3c0cb0nB409y5FlZV,数据分析,启山创展,20-99人,新能源汽车,大专,3-5年,,5-6K,重庆,,2026-06-06 11:50:06
5e6cb4e5bac5635103172dy8FVRW,金融数据分析师,重庆汇洋沁鑫网络科技,20-99人,互联网金融,学历不限,经验不限,"SQL, 数学/统计相关专业, 计算机相关专业, 金融行业数据相关经验",5-10K,重庆,,2026-06-06 11:50:06
db59cda61fd91e3f03N42NW0EVNT,环保驻场数据分析师,源一,20-99人,计算机软件,大专,1-3年,,6-9K,重庆,,2026-06-06 11:50:06
3f042868acc25c5503F-3tu_EFRW,数据分析工程师,美杰智荟,100-499人,互联网,本科,3-5年,"大数据处理经验, 计算机相关专业, SQL、Excel, Python",10-15K·14薪,重庆,,2026-06-06 11:50:06
0d616440b54938dd1HB50t24FFNZ,数据分析师,禹迹科技,500-999人,人工智能,大专,经验不限,"全职, 不接受居家办公",4-6K,重庆,,2026-06-06 11:50:06
948f7345b860c86e03B43t-8E1tQ,大数据产品经理,重庆数字交通产业,20-99人,其他行业,本科,3-5年,"大数据产品, 数据分析, 平台产品, 中台产品, 后台产品, 需求分析, 产品设计, 产品运营",10-15K,重庆,,2026-06-06 11:50:06
45bc5562fb890e4d03x93ti6FFZU,金融数据分析师,玖侬商贸,20-99人,其他消费品,大专,经验不限,"数学/统计相关专业, 经济/工商管理相关专业, 数据分析/挖掘经验",4-8K,重庆,,2026-06-06 11:50:06
e375e589522e6dd503Jz2Ny6GVJW,大数据分析师,重庆彬姚赋科技,20-99人,批发/零售,大专,1-3年,,8-12K,重庆,,2026-06-06 11:50:06
ea21dd886297d50c03J-2tu0EVdT,数据分析师,永辉超市股份有限公司,10000人以上,生活服务(O2O),本科,3-5年,"数据分析/挖掘经验, SPSS, 电商/零售行业数据相关经验, 数学/统计相关专业, SQL",15-30K·13薪,重庆,,2026-06-06 11:50:06
11f9a6f93625e5650nV93tm4FlpQ,数据分析师,波士科技,100-499人,互联网,本科,3-5年,,8-13K,重庆,,2026-06-06 11:50:06
d96cbb1c79f1a1a70nR909q9EFJR,数据分析师,两江新区川魂冒菜...,0-20人,餐饮,大专,3-5年,,7-8K,重庆,,2026-06-06 11:50:06
bd0f588243404de71XV93tW_GFNZ,实习数据分析工程师,华辰容航,0-20人,计算机软件,大专,1-3年,"Java, SQL, 相关分析, 描述统计, kettle, mysql, 数据分析, 开发",3-6K,重庆,,2026-06-06 11:50:06
e346efbcaa2db72d1HB609y4GFVV,数据分析,佳馨玥,20-99人,服装/纺织,本科,1-3年,业务数据分析,4-6K,重庆,,2026-06-06 11:50:06
6fc853c98c23264b0HF92dS1ElY~,项目合伙人:大数据分析与音视化工程师,聪明马,0-20人,培训/辅导机构,本科,10年以上,"数据分析, 大数据, 人工智能, 商业数据分析, 数据库开发, 数据仓库, 云计算, 商业智能",120-180K,重庆,,2026-06-06 11:50:27
a108d6c8b1b803e70nZ72tm_GFZZ,数据分析师,重庆科兴诺普文化传媒,20-99人,互联网,本科,,"SQL, Power BI, SPSS, 数学/统计相关专业, 经济/工商管理相关专业, 数据分析/挖掘经验",150-230元/天,重庆,,2026-06-06 11:50:27
cda109cf8a5971c50nB52t-0FVVR,电商数据分析师,英思顿,100-499人,电子商务,大专,1-3年,,6-8K,重庆,,2026-06-06 11:50:27
9a822f037e6384140nd83Ni1E1VT,赛力斯集团-数据分析,某大型汽车研发/制造公司,10000人以上,汽车研发/制造,本科,3-5年,,22-35K,重庆,,2026-06-06 11:50:27
34316e37757c15e80nR639W-FVJQ,数据分析师,滴滴,1000-9999人,互联网,本科,1-3年,"数据指标, 经济/工商管理相关专业, AB, R, 金融行业数据相关经验, 数据分析/挖掘经验, Tableau, 电商/零售行业数据相关经验, SQL, Python, 数学/统计相关专业",15-25K·15薪,重庆,,2026-06-06 11:50:27
7af34c85ad00a25a0nB80tq-FlFY,数据产品经理（现场面试）,柯莱特集团,1000-9999人,计算机软件,本科,3-5年,"数据分析, 数据产品经理, 现场面试",9-12K,重庆,,2026-06-06 11:50:27
686472130b678c550nZy2N29GVFS,数据分析应用,某知名生活服务(O2O)公司,1000-9999人,生活服务(O2O),本科,5-10年,"SQL, Tableau, Power BI, 数学/统计相关专业, 计算机相关专业, 数据分析/挖掘经验, 电商/零售行业数据相关经验, 数据体系搭建, 模型设计, 分析理论, 看板开发",15-25K,重庆,,2026-06-06 11:50:27
e71942d13b82c52c03N-2tm1FVpS,高级数据分析师（经济模型方向）,重庆亿链纵横科技,20-99人,互联网,本科,3-5年,,20000-30000元/月,重庆,,2026-06-06 11:50:27
8947d4aaed47bc850nd83Ni6F1NU,策略分析师,重庆双伟达科技,20-99人,证券/期货,本科,1-3年,"宏观经济研究, 数据挖掘和分析为主, 互联网企业内部行研经验, 期货研究, 擅长企业财务分析, 擅长证券研究, 行业及金融复合背景, 擅长宏观经济/政策研究, 卖方行研经验, 互联网金融, 买方行研经验, 一般行业研究, 投融资经验, 量化交易策略研究, 行业核心期刊发表过文章",10-11K,重庆,,2026-06-06 11:50:27
7bd1458105a8f4bc0nZ90t6_F1RV,数据评测分析师,掌邦,20-99人,食品/饮料/烟酒,学历不限,3-5年,"计算机相关专业, seo, SQL, Python",8-12K,重庆,,2026-06-06 11:50:27
179a0e71311cfbf10nB_0tW4GFJS,舆情分析师,重庆品效智汇网络科技,0-20人,广告营销,大专,1-3年,数据分析/挖掘经验,5-8K,重庆,,2026-06-06 11:50:27
19bc2b68982890b903d53N64F1FR,数据分析师,两江新区凌宏智研...,20-99人,计算机服务,本科,经验不限,"Python, R, MATLAB, SPSS, 机器学习建模经验, 接受实习/在校生投递, 数据分析",500-600元/天,重庆,,2026-06-06 11:50:27
63f2395b926671831HZ73d-8F1NY,数据分析师（专业不限）,道微投资,20-99人,基金,本科,经验不限,"数据分析, 数据分析/挖掘经验, 需求分析, 计算机相关专业, Python, 数学/统计相关专业",9-14K,重庆,,2026-06-06 11:50:27
7dd08bf638ae287b3ndy3NS1Els~,数据分析师,好老师专升本,1000-9999人,培训/辅导机构,本科,1-3年,数据分析,4-6K·13薪,重庆,,2026-06-06 11:50:27
0074a114b91052a91nF90tu8FFZS,商务数据分析师,芝诺数据,20-99人,大数据,本科,1-3年,"回归分析, Excel, 因子分析, 方差分析, 多元统计分析, 聚类分析, SQL, Python",6-11K,重庆,,2026-06-06 11:50:27
35c4ee95a6c5ac650nd93Nm7EFFQ,投研分析,北京环宇科创,0-20人,人力资源服务,本科,5-10年,,19-20K,重庆,,2026-06-06 11:50:48
ee29ca03059038521Hxz39S6ElVS,数据分析工程师（急招2名）,舟海,100-499人,计算机/通信/其他电子设备,本科,1-3年,"数据分析/挖掘经验, 数学/统计相关专业",5-8K,重庆,,2026-06-06 11:50:48
5e711074690a7f251n1y2ty5FFFS,商品数据分析,重庆艺羲百货,100-499人,批发/零售,本科,1-3年,相关分析,5-6K,重庆,,2026-06-06 11:50:48
0a0dbdd27d215a6a0nB-3t26F1JZ,数据分析师,国安,100-499人,通信/网络设备,本科,3-5年,"业务数据分析, BA, 数据仓库, 数据治理",13-16K,重庆,,2026-06-06 11:50:48
30c7185bd4088b511n173tq-GFdY,商业智能BI分析师,重庆融略科技有限公司,20-99人,互联网,大专,3-5年,"Shell, ETL",10-12K,重庆,,2026-06-06 11:50:48
e2666068a8fe775e03Z82du_FVJS,超市熟食主管,盒马鲜生,10000人以上,生活服务(O2O),高中,3-5年,"需要卖场经理经验, 五险一金, 不需要出差, 不需要倒班, 不需要晚班/夜班, 超市, 损耗管理, 数据分析, 陈列管理, 卫生管理, 客诉处理, 连锁门店经验, 1-3年卖场经理经验",6-7K·13薪,重庆,,2026-06-06 11:50:48
cd8743705eab769b0nB-3dy6F1ZQ,风控策略分析师,北京印行,100-499人,互联网,本科,3-5年,"SQL, 数学/统计相关专业, 风控/安全策略经验, 金融机构策略开发/建模经验",15-30K,重庆,,2026-06-06 11:50:48
7ab7f9479d5516f00nd43N-9F1JY,数据分析产品主任工程师,某大型汽车研发/制造公司,1000-9999人,汽车研发/制造,本科,5-10年,"SQL, Power BI, MATLAB, 数据产品, 数据分析",20-40K,重庆,,2026-06-06 11:50:48
5dd1ec8cc61c388f0nd929y5GFVX,风控策略分析师,云享互联科技公司,100-499人,互联网,本科,5-10年,风控策略,20-30K,重庆,,2026-06-06 11:50:48
202039365fe1bd2d03Z639S_FlRR,总助（数据分析方向）,优路科技,500-999人,互联网,本科,3-5年,,8-13K,重庆,,2026-06-06 11:50:48
0adbd95a2bc9861f1nxy3Nu-FVBX,数据分析师,重庆霸屏王信息技术,20-99人,运营商/增值服务,本科,3-5年,Python,15-20K,重庆,,2026-06-06 11:50:48
13ca6cb3aa97e8400nB43Nu_EFJV,AI产品经理（数据分析方向）,慢跑蜗牛,100-499人,电子商务,本科,1-3年,,8-12K,重庆,,2026-06-06 11:50:48
8045c423c32547e00ndy3t69FltW,数据分析,爱科行教育,20-99人,培训/辅导机构,本科,3-5年,"业务数据分析, 业务模式/运营策略优化, 营销活动效果分析, 管理咨询工作经验",7-12K,重庆,,2026-06-06 11:50:48
c1869e1ad3bd8d8f0nB_09-4FlBX,证券投资分析师,重庆寻北文化传媒,20-99人,互联网金融,本科,1-3年,"个股研究, 投资组合构建, 投资课程讲授, 行业趋势分析, 研究报告撰写, 互联网金融, 证券从业经验, 证券研究与分析经验, 实盘交易经验, 证券投顾经验, 成熟的投资理念和方法, 直播/讲课能力, 金融/经济/管理相关学历, 基金从业资格, 证券从业资格, 证券投顾资格, 期货从业资格",40-65K,重庆,,2026-06-06 11:50:48
765422468aea42b40nB92tW6F1BW,资深数据产品经理,某大型汽车研发/制造公司,1000-9999人,汽车研发/制造,本科,5-10年,"搜索产品, 需求分析, 产品设计, 数据分析",17-30K,重庆,,2026-06-06 11:50:48
a95c2b4597ae76540nB73du6EVdZ,数据分析师,博拉,500-999人,广告营销,本科,1-3年,"数据分析/挖掘经验, 计算机相关专业, SQL, Python, 数学/统计相关专业",6-10K,重庆,,2026-06-06 11:51:07
7168198a2732c2250nd53d67EVtU,京东物流-精益改善岗,京东快递,100-499人,快递,本科,,"数据分析, 三方物流企业, 仓储管理, 物流/供应链专业",240-300元/天,重庆,,2026-06-06 11:51:07
c2999b7851ca38530nV43tS9E1VS,数据分析师,懂车帝,1000-9999人,互联网,本科,1-3年,"数据分析, 销售运营",15-25K·15薪,重庆,,2026-06-06 11:51:07
f4e4bce58d272f6a0nd83t2-ElJV,数据分析-ai内容分析方向,重庆某大型新能源汽车研发/制造上市公司,1000-9999人,汽车研发/制造,本科,5-10年,,20-35K·15薪,重庆,,2026-06-06 11:51:07
bdd316c02c90c2aa0ndy39W7GVJX,NPS数据分析,绿匣子餐饮文化有...,100-499人,餐饮,本科,1-3年,数据分析/挖掘经验,12-18K,重庆,,2026-06-06 11:51:07
071f7b8031ed9b581Hx-3NW5GVpX,短剧投放负责人,秦九,1000-9999人,文化艺术/娱乐,本科,1-3年,"媒介代理/广告商经验, 媒介/媒体资源方经验, 信息流投放, 企业品牌方, 信息流投放经验, 海外广告投放经验, 游戏广告投放经验, 团队管理, 数据分析, 短剧投放, 端原生iaa, 游戏投放",15-30K,重庆,,2026-06-06 11:51:07
de7f7c8b9184ffd90nZy2N-1ElRQ,数据分析专员,达飞信息科技(重......,1000-9999人,进出口贸易,本科,5-10年,,5-9K·13薪,重庆,,2026-06-06 11:51:07
cd6d28018e1c70f70nd62Ny6GVFQ,卖方分析师,鑫享商务,0-20人,其他生活服务,本科,1-3年,"个股研究, 投资课程讲授, 行业趋势分析, 研究报告撰写, 互联网金融, 在线教育/自媒体, 基金公司, 证券从业经验, 证券研究与分析经验, 实盘交易经验, 证券投顾经验, 成熟的投资理念和方法, 直播/讲课能力, 金融/经济/管理相关学历, 基金从业资格, 证券从业资格, 证券投顾资格",10-15K,重庆,,2026-06-06 11:51:07
5d4c9b1f8e6fef751Xdz09u5GFZV,数据分析师,观火信息,0-20人,大数据,本科,经验不限,"金融行业数据相关经验, 政法、公安院校侦查学, 计算机相关专业, 网络安全, SQL, Python, 数学/统计相关专业",4-9K,重庆,,2026-06-06 11:51:07
8e29bb6822a7052403V93du4FFBZ,数据分析师,传音控股,10000人以上,通信/网络设备,本科,3-5年,"SQL, Python, Hive, 数学/统计相关专业, 计算机相关专业, 数据分析/挖掘经验, 机器学习建模经验",15-30K·14薪,重庆,,2026-06-06 11:51:07
2a1afe307f3e83830nR_2965EltX,ai数据分析师,高见广告,20-99人,广告营销,本科,5-10年,,6-9K,重庆,,2026-06-06 11:51:07
d86b3e9bf9f73a0d03Z83dq4FlVY,高级数据业务分析师/项目经理,滴普科技,500-999人,计算机软件,本科,5-10年,"中大型软件项目管理经验, 大数据项目管理经验, ERP项目管理经验, 售前支持经验, 实施交付经验, Axure, AI大模型",15-25K,重庆,,2026-06-06 11:51:07
8d8a72adf9196d3403x_3du9GVVX,数据分析员,凤梧超市,1000-9999人,批发/零售,本科,1-3年,"数据分析/挖掘经验, 计算机相关专业, 电商/零售行业数据相关经验, SQL, 数学/统计相关专业, 物流行业数据相关经验",5-8K,重庆,,2026-06-06 11:51:07
34e0106f9f5f7b181HV63dm1F1VY,数据分析,北京大迈科技有限公司,100-499人,计算机软件,本科,3-5年,"计算机相关专业, 数据分析/挖掘经验",7-12K,重庆,,2026-06-06 11:51:07
e756062158c3815b03d82Ni8GFVU,气象数据分析师,舍特研究所,0-20人,其他专业服务,硕士,经验不限,"论证报告, 数据分析, 气象灾害, 风险评估",8-9K,重庆,,2026-06-06 11:51:07
6ee38155096726641XJ92N26GVdR,数据分析师,世超新材料科技,20-99人,进出口贸易,本科,3-5年,"SQL, Python, SPSS, 数学/统计相关专业, 经济/工商管理相关专业, 金融行业数据相关经验",5-7K,重庆,,2026-06-06 11:51:28
8819d574214919251Xx92dy6GFdQ,数据分析师（重庆）,深演智能,100-499人,互联网,本科,经验不限,"SQL, Python, 数学/统计相关专业, 乙方服务经验",12-18K,重庆,,2026-06-06 11:51:28
a3cad319f24289fa03B72NW1ElpY,数据分析实习生,重庆优服,20-99人,计算机软件,本科,,"经济/工商管理相关专业, 数据分析/挖掘经验, 风控相关经验, 审计、咨询、财务",80-100元/天,重庆,,2026-06-06 11:51:28
05830f091f99b9840nd-3di-GFdY,分析师助理,重庆百弈盛宸科技,20-99人,投资/融资,本科,经验不限,"个股研究, 实盘交易经验, 证券从业资格, CFA持证, 金融/经济/管理相关学历, 证券公司, 基金公司, 证券投顾资格, 量化投资研究, 投资组合管理经验, 研究报告撰写, 成熟的投资理念和方法, 深度报告撰写能力, 基金从业资格, 数学/统计相关学历, 互联网金融, 证券投顾经验, 行业趋势分析, 证券从业经验, 证券研究与分析经验",4-5K,重庆,,2026-06-06 11:51:28
d257f524f475c94a03Z42dq_GFFW,共享电单车运营经理（数据分析与策略方向）,四川华耀天海智慧...,20-99人,客运服务,本科,3-5年,"业务数据分析, 不接受居家办公, 业务模式/运营策略优化, 营销活动效果分析, 统计/数学相关专业, 投放数据分析, Tableau/Power BI, 数据分析/商业分析经验, 竞品分析",7-12K,重庆,,2026-06-06 11:51:28
0f8c360d7048ca5003Jz0tu8F1BQ,数据分析员（通信）,立信数据,100-499人,咨询,本科,3-5年,,8-13K,重庆,,2026-06-06 11:51:28
29559e100e6c91cf1nx82t-9FFBX,数据分析师,信征金科,20-99人,计算机软件,本科,1-3年,"SQL, 咨询公司",5-10K,重庆,,2026-06-06 11:51:28
3a6ccb27fccc4d5e0HZ83tW7EVo~,数据分析,重庆航信,100-499人,计算机软件,本科,经验不限,"数据挖掘, 数据仓库, 数据分析, 网络爬虫技术, 分布式技术, MySQL",4-6K,重庆,,2026-06-06 11:51:28
22ce5ce433aa63f80nV43Nu4ElZQ,股票线上分析师,哈尔滨世格商贸,100-499人,互联网,本科,1-3年,,10-11K,重庆,,2026-06-06 11:51:28
91708b0c1bb613ad1HZ-29m5GFdW,数据分析师,西南证券,1000-9999人,互联网金融,硕士,3-5年,"SQL, Hive, Python, 金融行业数据相关经验, 数据分析/挖掘经验, 数学/统计相关专业",20-30K,重庆,,2026-06-06 11:51:28
dedcb51fe70e5cbd0nB70tW5GFtS,业务分析师（重庆汽车零售业务）,小米,10000人以上,互联网,本科,3-5年,,13-20K·14薪,重庆,,2026-06-06 11:51:28
b6e280cb4ad4fbde0nB62Ny1FlVY,数据分析工程师,重庆道华科技有限公司,20-99人,计算机软件,本科,1-3年,"SQL, 数据分析/挖掘经验",8-10K,重庆,,2026-06-06 11:51:28
b29e5ee6eebae3cf1HF42Nq7FFJR,数据统计分析专员,两江新区汇赞百货...,20-99人,保健/养生,大专,1-3年,"数学/统计相关专业, 数据分析/挖掘经验",5-6K,重庆,,2026-06-06 11:51:28
9c462bfc549f811603F92d2_ElFX,数据分析和AI应用开发岗位,小成数安,20-99人,信息安全,本科,1-3年,"Python, Golang, Java, Docker, PyTorch, MySQL, PostgreSQL, Spark, 其他, 架构设计经验, Linux开发/部署经验, 云计算经验",8-12K,重庆,,2026-06-06 11:51:28
d18fb07c4cd096f603Jy3d65FFBS,数据分析工程师（信贷业务支持）,数字天蚂,1000-9999人,互联网,本科,1-3年,"经济/工商管理相关专业, 机器学习建模经验, R, 数据分析/挖掘经验, Tableau, 计算机相关专业, MATLAB, SQL, Python, 数学/统计相关专业",6-9K·14薪,重庆,,2026-06-06 11:51:28
2f75744feb3267ee0nR42921FFtU,量子数据分析（生物医药方向）,上海艾一博生物医药,100-499人,生物/制药,本科,1-3年,,15-30K·13薪,重庆,,2026-06-06 11:51:49
bf9a7603c2d14d120nV-2t25EVNU,运营数据分析师,重庆美天东赢客运,10000人以上,客运服务,本科,1-3年,"业务数据分析, 业务模式/运营策略优化, 投放数据分析, 营销活动效果分析, 用户深度研究, 数据分析/商业分析经验, 金融/经济相关专业, 统计/数学相关专业",7-8K,重庆,,2026-06-06 11:51:49
7ae5033d38f944d10nRz3N-6F1VS,数据分析师,怀远县荆山邱阳网...,100-499人,其他专业服务,本科,经验不限,"SPSS, 数学/统计相关专业",20-1300元/时,重庆,,2026-06-06 11:51:49
4e4eaf377f779dc70nV_0ty5FVZQ,数据分析员,嘉电,20-99人,电力/热力/燃气/水利,硕士,1-3年,,5-8K·13薪,重庆,,2026-06-06 11:51:49
e72d58d98dcc96a41XR62dy-ElNT,数据分析师,鹊印,0-20人,广告/公关/会展,本科,1-3年,"SQL, 数学/统计学专业",5-10K,重庆,,2026-06-06 11:51:49
6034c5bea51dbcc91Xx_0921FFpZ,数据分析专员,星淼源,0-20人,计算机软件,本科,1-3年,"数据分析/挖掘经验, 电商/零售行业数据相关经验, 旅游行业数据相关经验",3-4K,重庆,,2026-06-06 11:51:49
3b5641ea936bd5ce0nZ729m0FlNQ,经营分析,西西弗书店,1000-9999人,生活服务(O2O),本科,1-3年,,8-12K,重庆,,2026-06-06 11:51:49
3aac2f55a686bc820nB92d61GVpQ,中医诊所店长,重庆元合智康生物科技,1000-9999人,医疗服务,大专,5-10年,"包吃, 包住, 包吃住, 五险, 需要门店店长经验, 美容保健, 药店/医疗器械, 其他, 保健/养发, 其他, 活动策划, 员工培训, 业绩管理, 财务管理, 数据分析, 销售经验, 线上平台运营, 3-5年门店店长经验, 不需要出差, 不需要倒班, 不需要晚班/夜班",8-12K,重庆,,2026-06-06 11:51:49
a4cba1543b8be2560HF93ty4FVU~,架构师,重庆信通咨询设计院,500-999人,互联网,本科,5-10年,"架构师, 运维架构师, 前端开发, 数据分析, 大数据, 网络安全, 区块链, 机器人",10-15K,重庆,,2026-06-06 11:51:49
bce025e01f27d2ba0nV729i7ElJQ,数据分析专员,晋川汽车,100-499人,汽车零部件,本科,1-3年,"SQL, 数学/统计相关专业",5-7K,重庆,,2026-06-06 11:51:49
677ee7d25c4e15000nB409y-ElpY,用户洞察岗（市场分析）,某大型汽车研发/制造公司,10000人以上,汽车研发/制造,本科,3-5年,,30-40K,重庆,,2026-06-06 11:51:49
d97ebf262919ab350nB42Nq5FVVS,市场分析（用户洞察）,重庆某大型新能源汽车研发/制造上市公司,1000-9999人,汽车研发/制造,本科,3-5年,,15-30K·14薪,重庆,,2026-06-06 11:51:49
08d445578fb1d2ec03F42tW9FVFU,战略规划数据分析,长安科技,1000-9999人,计算机软件,本科,3-5年,,10-15K·15薪,重庆,,2026-06-06 11:51:49
0e342e1510a94b9903Ry2N27ElVY,金融证券分析师,重庆典俊雅文化传媒,20-99人,文化艺术/娱乐,本科,1年以内,"证券公司, 行业趋势分析, 研究报告撰写, 投资课程讲授",21-40K,重庆,,2026-06-06 11:51:49
ab822de8a9d8235103Ny3tm6GVJX,商业数据分析,傲多可科技重庆,0-20人,互联网,本科,经验不限,,10000-18000元/月,重庆,,2026-06-06 11:51:49
bb45dfc7a019d4890nd609u_FVNS,分析师,联合信用江苏分公司,0-20人,其他生活服务,硕士,经验不限,,8-10K,重庆,,2026-06-06 11:52:09
335f73a92279cd731nVy3d61ElRS,数据分析师,租之家,100-499人,计算机软件,本科,1-3年,"数据结构, Python, R, 网络爬虫技术, 分布式技术",5-7K,重庆,,2026-06-06 11:52:09
cc5eca1dc2ba0f350nB-0t66EVNU,软件项目经理（重庆）,Future Data,20-99人,大数据,本科,3-5年,"产品经理, 数据分析, 项目实施",11-22K,重庆,,2026-06-06 11:52:09
9bb8d3bbdf61ca3a0nRy3Ni_E1dR,股票分析师 （提供流量脚本＋培训带教）,云谦才智,100-499人,互联网金融,本科,经验不限,"证券从业经验, 证券投顾经验, 证券投顾资格, 证券从业资格",20-40K,重庆,,2026-06-06 11:52:09
8368bfa7e07c3a54031y3tm6E1FY,足球分析师,重庆火狗网络科技,0-20人,互联网,本科,5-10年,可兼职,5-8K,重庆,,2026-06-06 11:52:09
d5319f7a6944d0140nZ_0tW0GFZT,门窗店长（江津区）,鸣欧亚,20-99人,建筑材料,学历不限,1-3年,"需要门店店长经验, 不需要出差, 不需要倒班, 不需要晚班/夜班, 五险, 家居建材/家电, 装修/全屋定制, 家具家居, 建材店, 业绩管理, 数据分析, 新店筹备, 熟练使用办公软件, 销售经验, 1-3年门店店长经验",20-30K,重庆,,2026-06-06 11:52:09
99bb6fb38a8b5a450nV42dy9FlZX,数据产品岗,知向云,20-99人,互联网,本科,3-5年,"SQL, 中台产品, 产品设计, 需求分析, 产品/版本迭代, 数据分析",8-13K,重庆,,2026-06-06 11:52:09
7ac01714c10950400ndz2tS7FFdT,纹绣店长（客流稳定400-600）,亚博士咨询,100-499人,咨询,学历不限,1-3年,"销售经验, 1-3年门店店长经验, 蝶妍丽, 熟练使用办公软件, 连锁门店经验, 就近分配, 匠心, 索兰黛, 需要门店店长经验, 美容保健, 员工招聘, 不需要出差, 不需要晚班/夜班, 美容美体, 数据分析, 业绩管理, 百慕, 不需要倒班, 五险",20-30K,重庆,,2026-06-06 11:52:09
e4fa850f7884c7111HB_3dS4F1NY,大数据分析师 工程造价 会计师事务所,安礼华粤(广东)...,20-99人,其他行业,本科,3-5年,"Python, R, 数学/统计相关专业, 数据分析/挖掘经验",5-6K,重庆,,2026-06-06 11:52:09
f2c55f46ae57f37e03Ry09i-EFVY,经营分析师-成本,成都永和助剂有限公司,20-99人,企业服务,本科,1-3年,"成本, SAP, 金蝶EAS, 资金管理, 互联网, 用友U8, 初级会计师, Oracle",10-15K,重庆,,2026-06-06 11:52:09
6a3e536dbc11c1e20nRz392-GFRX,财务分析/财务BP,重庆丰安禾线缆,0-20人,批发/零售,本科,3-5年,,3-4K,重庆,,2026-06-06 11:52:09
3411d0667092fcca1HB629y1FlpT,资金分析师,中开重电,20-99人,大数据,大专,1-3年,"数学/统计相关专业, 计算机相关专业, 数据分析/挖掘经验",9-14K,重庆,,2026-06-06 11:52:09
edb7d6961ea8569e0nV92N20E1NY,金融数据分析师,万声通讯实业有限公司,10000人以上,电子商务,本科,1-3年,"一线证券经纪业务, 金融行业数据相关经验, 基金实盘交易",5-6K,重庆,,2026-06-06 11:52:09
eb46e910a51ef86a03d509u7GVtQ,行业分析师实习生,魔镜洞察,100-499人,大数据,本科,,"卖方行研经验, 接受实习/在校生投递, 数据挖掘和分析为主, 一般行业研究",150-180元/天,重庆,,2026-06-06 11:52:09
15d346f074ffc1960ndy3ti6F1BT,门店店长,农垦山河,20-99人,批发/零售,大专,3-5年,"需要门店店长经验, 不需要出差, 不需要倒班, 不需要晚班/夜班, 五险, 家居建材/家电, 亲子购物/活动, 活动策划, 员工培训, 业绩管理, 数据分析, 新店筹备, 销售经验, 3-5年门店店长经验, 建材店",20-30K,重庆,,2026-06-06 11:52:09
0594310102d41a320nZ53dq5E1JS,行业研究分析师,苏州微纳佑航企业...,0-20人,投资/融资,本科,1-3年,"VC/PE, 医疗/大健康, 咨询, 投融资经验, 买方行研经验, 卖方行研经验, 擅长企业财务分析",7-10K,重庆,,2026-06-06 11:52:30
fc7b76683167945b03153t21FVFY,数据专员-周末双休-六险一金,澳鹏科技,1000-9999人,大数据,本科,经验不限,,4-5K,重庆,,2026-06-06 11:52:30
3dfc031ad4222c2a031809--GFNX,财经主播分析师,上海颖集信息咨询,100-499人,互联网金融,本科,1-3年,"投资课程讲授, 行业趋势分析, 互联网金融, 证券公司, 客户服务工作经验, 证券投顾经验, 成熟的投资理念和方法, 直播/讲课能力, CFA持证, 证券从业资格, 证券投顾资格, CAIA持证",50000-260000元/月,重庆,,2026-06-06 11:52:30
c6237123b04c236e1HV639W_FVtR,电池数据分析实习生,中汽研究院,1000-9999人,通信/网络设备,硕士,,"故障识别算法, 新能源汽车数据分析",90-120元/天,重庆,,2026-06-06 11:52:30
4fd6d54d66fe1e241XFy2dq4FFRQ,财经分析师（抖音视频号直播）,云七梦,100-499人,学术/科研,本科,经验不限,"投资课程讲授, 实盘交易经验, 直播/讲课能力, 金融/经济/管理相关学历, 证券从业资格, 证券投顾资格",40-70K,重庆,,2026-06-06 11:52:30
deccc012abf0eca20nV93dy8EFVU,璧山砂之船伊芙丽招优秀店长,浙江伊芙丽实业,500-999人,其他生活服务,学历不限,3-5年,"销售经验, 1-3年门店店长经验, 熟练使用办公软件, 陈列管理, 就近分配, 财务管理, 3-5年门店店长经验, 需要门店店长经验, 员工招聘, 5年以上门店店长经验, 不需要出差, 销冠, 数据分析, 不需要晚班/夜班, 服饰鞋包, 会员, 业绩管理, 女装, 不需要倒班, 陈列, 五险, 培训",7-12K,重庆,,2026-06-06 11:52:30
24b69407c3ac5fd403N90960EVNQ,产品经理/需求分析师,梦云科技,0-20人,电子商务,本科,5-10年,需求分析师,11-22K,重庆,,2026-06-06 11:52:30
97c3ab13de7457640nB53d20EFpQ,储备店长,谊品生鲜,1000-9999人,新零售,大专,1-3年,"连锁餐饮店经验, 直营店经验, 加盟店经验, 员工招聘, 员工培训, 订货管理, 陈列管理, 数据分析, 连锁餐饮店, 直营店, 加盟店, 餐饮储备店长, 餐饮行业经验, 零售行业经验, 超市/食品, 社区生鲜店",6-10K,重庆,,2026-06-06 11:52:30
22f3e37499a5977e0HJ529W9EVI~,大数据架构师,昱普生科技,100-499人,计算机软件,本科,5-10年,"数据仓库, ETL, 数据分析, 分布式技术, Hadoop, Spark, 大数据",25-30K,重庆,,2026-06-06 11:52:30
c077a7c6ca43a6df03d60t67E1ZZ,数据分析,重庆天控软件科技...,0-20人,智能硬件,本科,在校/应届,"数学/统计相关专业, 计算机相关专业, 数据分析/挖掘经验, 金融行业数据相关经验",3-5K,重庆,,2026-06-06 11:52:30
44f391716f60206c0nZ639q9ElVY,初高中物理老师,重庆优之硕学生校...,20-99人,培训/辅导机构,本科,1-3年,"教师, 高中, 小班教学（3-25人）, 培训机构, 线下教育, 线上教育, 二级甲等, 教师资格证, 数据分析, 教育学专业背景, 大型教育机构经验, 坐班, 教研, 不坐班, 初中, 一对一教学",6-11K,重庆,,2026-06-06 11:52:30
591651ea0d6685d20nZ-3Ny7GFBX,数据治理及分析专员,维普智图,100-499人,计算机软件,硕士,经验不限,"Python, 计算机相关专业, 数学/统计相关专业",10-15K·14薪,重庆,,2026-06-06 11:52:30
d314af0f34a45c860nZ-0tm6EldS,财务分析/财务BP,重庆辰泓富丽企业管理,0-20人,财富管理,本科,3-5年,股权债券承做 财务,5-10K·15薪,重庆,,2026-06-06 11:52:30
d3a464ac06910d4b0nZ72Nu-GVVZ,BA（需求分析师）(J12005),晓道科技,1000-9999人,智能硬件/消费电子,本科,3-5年,,10-15K·13薪,重庆,,2026-06-06 11:52:30
d0df1e1f6674c36c0nV-392_FFtS,高级数据分析工程师,毅德新科技,0-20人,互联网金融,本科,3-5年,"SQL, Power BI, Python, 数据分析/挖掘经验, 金融行业数据相关经验",18-22K·13薪,重庆,,2026-06-06 11:52:30
d6085c08860536370nB_3dW4GFJS,生鲜部经理,江北区小猪臻鲜生...,100-499人,食品/饮料/烟酒,学历不限,3-5年,"损耗管理, 员工培训, 陈列管理, 超市, 不需要出差, 生鲜卖场, 商品采购, 数据分析, 不需要晚班/夜班, 包吃, 需要卖场经理经验, 五险, 3-5年卖场经理经验",8-10K,重庆,,2026-06-06 11:52:52
37a42fa103af39780ndz39q5F1VY,加盟酒店店长,四季星酒店,0-20人,酒店/民宿,本科,3-5年,"包吃住, 五险, 需要门店店长经验, 酒店/民宿, 活动策划, 员工培训, 业绩管理, 数据分析, 客诉处理, 销售经验, 连锁门店经验, 线上平台运营, 1-3年门店店长经验, 3-5年门店店长经验, 5年以上门店店长经验, 不需要出差, 不需要倒班, 不需要晚班/夜班",10-15K,重庆,,2026-06-06 11:52:52
3de1fef4584baffe0nV72dy1EVVT,药物质量分析,希尔安药业,1000-9999人,医疗健康,本科,5-10年,"外用复杂制剂, 贴剂, 透皮, 注册申报",10-15K,重庆,,2026-06-06 11:52:52
8987ef867bbcbd130nd73ty7GVdY,生鲜店店长,锦鲜润餐饮有限公司,100-499人,餐饮,学历不限,1-3年,"1-3年门店店长经验, 员工培训, 超市/食品, 陈列管理, 连锁门店经验, 3-5年门店店长经验, 需要门店店长经验, 库存管理, 生鲜店, 不需要出差, 数据分析, 不需要晚班/夜班, 1年以下门店店长经验, 业绩管理, 不需要倒班",5-10K,重庆,,2026-06-06 11:52:52
520814ef43bed9770nB829W0EVdX,石坪桥/保健食品店长/销售主管,巴南区农垦垦悦食...,20-99人,食品/饮料/烟酒,学历不限,1-3年,"销售经验, 1-3年门店店长经验, 数码产品, 员工培训, 超市/食品, 连锁门店经验, 其他, 需要门店店长经验, 美容保健, 不需要出差, 美容美体, 数据分析, 不需要晚班/夜班, 客诉处理, 业绩管理, 酒店/民宿, 不需要倒班, 房产中介, 保健/养发, 五险",8-12K,重庆,,2026-06-06 11:52:52
7d9e366ae77580b70nV729S8GVBS,数据产品经理,重庆爱责慧,20-99人,物联网,本科,5-10年,"SQL, 数据分析, Python, 工业物联网大数据经验, 平台产品, 大数据产品, 中台产品, 使用场景分析",11-18K,重庆,,2026-06-06 11:52:52
dc96cebfad0d02e203Fy2dm5GFVW,商业数据分析,怡华影视,20-99人,广播/影视,本科,,"业务数据分析, 业务模式/运营策略优化, 用户深度研究, 数据分析/商业分析经验, 管理咨询工作经验, 金融/经济相关专业, 责任心强善于学校沟通，诚实上进，组织纪律",100-110元/天,重庆,,2026-06-06 11:52:52
7685a651a152f59003N72d6_F1dR,汽车风阻分析师,重庆同辉科技,20-99人,汽车研发/制造,本科,1-3年,"工程设计, CAE/CFD, 三维设计, Cfd风阻",13-20K,重庆,,2026-06-06 11:52:52
f3fe3a467fab968003Jy2du7FlZW,成都/重庆，分析师/助理经理，投资咨询服务,毕马威,1000-9999人,咨询,本科,经验不限,,11-15K,重庆,,2026-06-06 11:52:52
271124129256506803dy3tu5GVVW,销售财务分析高级经理,重庆某大型新能源汽车研发/制造上市公司,1000-9999人,汽车研发/制造,本科,5-10年,"销售财务BP, 区域bp",45-60K,重庆,,2026-06-06 11:52:52
6e42710748ed22680nd82Nq-GVFY,海豚电竞门店店长（接受调动）,海豚电竞科技有限公司,100-499人,互联网,大专,1-3年,"包吃住, 五险一金, 需要门店店长经验, 员工培训, 业绩管理, 数据分析, 客诉处理, 熟练使用办公软件, 连锁门店经验, 1-3年门店店长经验, 不需要倒班, 不需要晚班/夜班",5-10K,重庆,,2026-06-06 11:52:52
208e91a3515f4bfe0nZ73Ny_FVVX,物业品质运营主管,海成生活,1000-9999人,物业管理,大专,3-5年,"住宅小区, 包吃住, 数据分析, 计划跟进, 运营管理, 每周双休, 带薪年假, 管理流程, 五险, 突发事件",8-9K·13薪,重庆,,2026-06-06 11:52:52
14902810117a34b61HJ93di_E1JQ,临床数据分析员,丰兴控股,20-99人,计算机服务,本科,1-3年,"医学相关专业, 医药相关专业, 统计学相关专业, 医保, 文档, 统计",5-10K,重庆,,2026-06-06 11:52:52
19d671099e9d219c0nZ93960FFZZ,足浴店长,北碚区闲云漫步养...,20-99人,休闲/娱乐,学历不限,3-5年,"需要门店店长经验, 不需要倒班, 包吃住, 员工培训, 卫生管理, 员工招聘, 业绩管理, 数据分析, 线上平台运营, 连锁门店经验, 3-5年门店店长经验",6-11K,重庆,,2026-06-06 11:52:52
7cb0a52f3dcbc82a1HB-2ti9E1RT,数据分析员,玩味文化,0-20人,社交网络,本科,经验不限,"Python, SQL, 金融行业数据相关经验, 计算机相关专业, 数学/统计相关专业",6-10K,重庆,,2026-06-06 11:52:52
09955a7599c007e70nd50920E1pR,python数据分析师,聚梦实业,100-499人,运营商/增值服务,大专,1-3年,,7-9K,重庆,,2026-06-06 11:55:14
8c17a79617b3b75c03N43du4EFJV,数据分析,庐江彤科信息科技,20-99人,计算机软件,学历不限,经验不限,,10-12K,重庆,,2026-06-06 11:55:14
3345a8f4618dfed8031y3Ny9FFVQ,数据治理实习生（元数据/质量/安全方向）,云上营商(重庆)科技,20-99人,大数据,本科,,,100-150元/天,重庆,,2026-06-06 11:55:36
71d27c8b6a2d0ae80nZ_0tu4FVBT,大数据分析师,重庆大唐实业,100-499人,工程施工,本科,3-5年,Python,12-20K,重庆,,2026-06-06 11:55:57
75b1008849a569160nR80t67EVtQ,金融分析师助理,锦禹科技,20-99人,其他专业服务,本科,1-3年,"股权投资或二级市场投资职位, 金融相关学历, 周末双休, 助理, 应届生, 金融专业, 无销售性质",4-7K,重庆,,2026-06-06 11:55:57
289f1835560f7dce0nd52NS0EFRV,超市数据分析员,开州区惠都副食超市,100-499人,批发/零售,高中,1-3年,"数学/统计相关专业, 计算机相关专业, 数据分析/挖掘经验, 电商/零售行业数据相关经验",4-5K,重庆,,2026-06-06 11:56:19
8279fed7c67d7b400nRz2ti_FVQ~,数据分析统计专员,蓝色天空有限公司,0-20人,其他专业服务,硕士,1年以内,"SPS, 行业分析, 商业分析",5-8K,重庆,,2026-06-06 11:56:19
4e311adab3b1624003Z_0t66EVdY,财经分析师,竹风远流,100-499人,互联网,本科,1-3年,"投资课程讲授, 行业趋势分析, 在线教育/自媒体, 证券投顾经验, 直播/讲课能力, 证券从业资格, 证券投顾资格",40-45K,重庆,,2026-06-06 11:56:39
0c96108e9b1ed5ed1XF93d67ElNY,需求分析工程师  （大数据和AI中心）,重庆电信,1000-9999人,互联网,本科,3-5年,"PowerDesigner, Axure, Oracle/MySQL, 计算机/软件工程相关专业, 软件需求分析管理经验",7-12K·13薪,重庆,,2026-06-06 11:56:39
0caba05c3bb154720nZ-2921E1RR,金融证券分析师,牛飞飞文化传媒,20-99人,证券/期货,本科,1-3年,,4-6K,重庆,,2026-06-06 11:57:00
759fe23408fe486d03N809y7FltV,数据分析员（人力资源SSC方向）,瑞声科技,10000人以上,智能硬件,本科,1-3年,,6-8K,重庆,,2026-06-06 11:57:00
b27a32d624e7290b0nR52N-6F1tW,数据统计专员,上海沪智芯兴科技服务,0-20人,互联网,本科,在校/应届,,3-8K,重庆,,2026-06-06 11:57:22
ce498bd8677264c10nZz2ty_GVRS,反欺诈调查岗位（分析方向 sql）,信盟科技,1000-9999人,其他专业服务,本科,1-3年,"风控/安全策略经验, 计算机相关专业, SQL, 数学/统计相关专业",9-13K,重庆,,2026-06-06 11:57:22
50caafce385ea88203F729y4FlZW,诚聘门店店长,重庆聚蜂汇生态农业,0-20人,其他生活服务,中专/中技,1年以内,"不需要倒班, 不需要晚班/夜班, 包住, 五险, 业绩管理, 数据分析, 客诉处理, 新店筹备, 库存管理, 需要门店店长经验, 销售经验, 美容保健, 酒店/民宿, 药店/医疗器械, 房产中介, 烟酒茶礼, 1-3年门店店长经验, 1年以下门店店长经验, 保健/养发",10-15K,重庆,,2026-06-06 11:57:22
9701155976a164600nB92d65EFFV,超奇鲜果水果店店长,超奇鲜果,20-99人,生活服务(O2O),学历不限,1-3年,"需要门店店长经验, 不需要出差, 不需要倒班, 包住, 超市/食品, 水果店, 陈列管理, 损耗管理, 客诉处理, 业绩管理, 数据分析, 熟练使用办公软件, 销售经验, 1-3年门店店长经验, 19-21点下班",4-9K,重庆,,2026-06-06 11:57:22
431183cf85322f230nB-29i6FFBY,服务运营专员（数据分析方向）,鹿客,500-999人,智能硬件,大专,1-3年,,5-6K·13薪,重庆,,2026-06-06 11:57:41
0c66afd8fbc312840nd629y9FVFZ,产品定义与市场分析-负责人,某大型汽车研发/制造上市公司,10000人以上,汽车研发/制造,本科,10年以上,公司管理,80-110K·15薪,重庆,,2026-06-06 11:57:41
9e2ced12afe7ad8d3nJz0tm9E1I~,数据分析师,百计信用,0-20人,企业服务,本科,1-3年,"数据分析, 数据挖掘",5-8K,重庆,,2026-06-06 11:57:41
1e9b119ca9a4012603Z82N-1EVdT,财务销售分析高级经理,重庆某大型新能源汽车研发/制造上市公司,1000-9999人,汽车研发/制造,本科,5-10年,,28-45K·15薪,重庆,,2026-06-06 11:57:41
a7248b12b250c1be0nd809y1FVVR,乘员保护仿真分析工程师,上海尖锐科技有限公司,20-99人,汽车研发/制造,本科,3-5年,,7-10K,重庆,,2026-06-06 11:58:04
70d20abd09bb4aa30nB439y8FlFR,低价引流医美店长,璟容健康,100-499人,医美服务,学历不限,3-5年,"包住, 1-3年门店店长经验, 销售经验, 不需要晚班/夜班, 数据分析, 员工培训, 线上平台运营, 低价引流, 客诉处理, 业绩管理, 不需要倒班, 需要门店店长经验",50-80K,重庆,,2026-06-06 11:58:04
be931827252854d30nR93Nm4GFZU,市场分析工程师,某大型汽车研发/制造公司,10000人以上,汽车研发/制造,本科,5-10年,,30-40K,重庆,,2026-06-06 11:58:04
ca7c9586306268b70nV42d64EFRY,数据产品经理,码神邦,20-99人,互联网,本科,3-5年,"SQL, 产品设计, 数据分析",9-12K,重庆,,2026-06-06 11:58:25
1019323b128631cb0nd_2d28EVtV,电商策略运营经理,云杉智达,20-99人,互联网,本科,3-5年,"有国内电商运营经验, 微商城, 居家日用, 活动策划执行, 私域运营, 营销策略, 社群电商, 私域电商, 新零售行业, 数据分析",8-12K,重庆,,2026-06-06 11:58:25
15bd339f63c937a60nRz2dS0E1dW,拼多多运营,长宝田,100-499人,进出口贸易,本科,1-3年,"拼多多, 1688, 国内电商, 品类运营, 数据分析, B2C, 店铺运营, 农业机械",4-6K,重庆,,2026-06-06 11:58:25
10e91450d5df9b500nd93Nu7GVRW,数据分析员,万斯兴茂,100-499人,装卸搬运和仓储业,大专,1-3年,,5-6K,重庆,,2026-06-06 12:02:34
62173d17b24ef09b0nV_3NS0E1tS,数据分析师(J13570),鸣鸣很忙集团,10000人以上,新零售,本科,1-3年,Python,8-10K,重庆,,2026-06-06 12:02:55
6bdd8212ed46d0a90nZ62di7FVdZ,财务会计（偏数据分析）,重庆尹三顺餐饮管理,20-99人,餐饮,大专,1-3年,"数据分析/挖掘经验, 电商/零售行业数据相关经验",5-7K,重庆,,2026-06-06 12:02:55
d1e0ea6773904987031y39y_FVVS,数据分析实习生,波士科技,100-499人,互联网,本科,,,120-150元/天,重庆,,2026-06-06 12:02:55
e484bfaa882f1d390nR939u9EVFR,数据分析师,精斗云智,20-99人,大数据,本科,5-10年,"机器学习建模经验, Power BI, 数据分析/挖掘经验, 电商/零售行业数据相关经验, SQL, Python, 数学/统计相关专业",8-13K·13薪,重庆,,2026-06-06 12:02:55
0d042e96d7d876a30nZz3tq0EFRW,CAE有限元分析工程师,重庆赛纳科技有限公司,100-499人,汽车零部件,本科,3-5年,,5-10K,重庆,,2026-06-06 12:03:17
656a2c40fdd8caa60nd72Ni4ElBW,接受应届生【短期班班主任】,核桃编程,1000-9999人,互联网,大专,在校/应届,"熟练使用办公软件, 培训机构, 线上教育, 排课系统经验, 互联网教育平台使用, 不授课, 数据分析, 大型教育机构经验, 社群运营, 教育专业背景, 互联网公司经验, 学前儿童/小学生, 普通话发音标准, 课程顾问, 大班教学（25人以上）",8-12K,重庆,,2026-06-06 12:03:17
50c76ae0c8c534410nB-3NW7E1VX,资深数据产品经理,重庆某大型汽车研发/制造上市公司,1000-9999人,汽车研发/制造,本科,5-10年,"搜索产品, B端产品, 数据分析, 大数据产品, 中台产品, 需求分析, 产品设计, SQL",18-35K,重庆,,2026-06-06 12:03:17
3e2698c59bcdede63nN83t-_GVU~,数据分析工程师,重庆广睿达,0-20人,互联网,大专,1-3年,"数据分析, 大气, 化学, 环境",4-5K,重庆,,2026-06-06 12:03:17
e004ebc3d6121a9d0nd_39W8FFRQ,金融分析师助理,重庆荣立汇科技,20-99人,互联网金融,本科,经验不限,"金融产品营销类职位, 互联网金融",4-5K,重庆,,2026-06-06 12:03:37
ddcb6d312c35ecb80nB40tW7ElFV,信审策略制定及数据分析,度小满,1000-9999人,互联网,本科,1-3年,,10-15K,重庆,,2026-06-06 12:03:37
05d4ad67ae32ccf003xy0tS0F1JY,财务分析专家,重庆某大型新能源汽车研发/制造上市公司,1000-9999人,汽车研发/制造,本科,10年以上,,30-35K,重庆,,2026-06-06 12:03:37
b3f6053eb323bb790nZ82Ny9FFFU,数据分析,麦路宝,0-20人,电子商务,本科,1-3年,,6-8K,重庆,,2026-06-06 12:03:37
21a21ed021b1643d0nB-29W1E1dY,医疗数据分析师,维链通数字技术,20-99人,大数据,本科,3-5年,"R, SAS, 数据分析/挖掘经验, SQL, Python, 数学/统计相关专业",12-18K·14薪,重庆,,2026-06-06 12:03:58
d2c327c93bcca4940nZ63tq1ElpR,市场专员/数据分析专员,颐洋企业,20-99人,医疗器械,大专,1-3年,"公司内部岗位, 定性研究, 全职",4-5K,重庆,,2026-06-06 12:03:58
2a114f3c2baf1adb1nN42N6-EFZT,机器学徒,重庆虎彩,100-499人,印刷/包装/造纸,中专/中技,1-3年,数据分析,4-8K,重庆,,2026-06-06 12:03:58
62645889e0ef61ed0nB93964EltV,研发研究员（数据/线上/远程）,北京海特思文教育科技,500-999人,培训/辅导机构,本科,1-3年,,8-10K,重庆,,2026-06-06 12:03:58
a21e11f9d6ddab2003d93N-_GVtX,数据分析师-足球方向,智荐科技,0-20人,体育,本科,3-5年,"数据分析/挖掘经验, 文娱/游戏行业数据相关经验, 足球预测, 电商/零售行业数据相关经验",4-8K,重庆,,2026-06-06 12:03:58
9bd1004f08c6314b0nVz09W-FlVW,用户数据分析,美娱酒店管理有限公司,100-499人,酒店/民宿,本科,,"电竞酒店, 大厂培养体系, 网咖, 电竞, 用户分析",120-150元/天,重庆,,2026-06-06 12:04:20
0afe5df0cd4221f50nZ50t-6E1VX,生鲜超市店长,重庆厨大妈商贸,20-99人,批发/零售,大专,5-10年,"销售经验, 员工培训, 熟练使用办公软件, 活动策划, 超市/食品, 超市, 水果店, 需要门店店长经验, 生鲜店, 5年以上门店店长经验, 不需要出差, 商业保险, 数据分析, 不需要晚班/夜班, 水产/肉铺, 业绩管理, 不需要倒班, 新店筹备",9-14K,重庆,,2026-06-06 12:04:41
5a69a3272f9194ec03Jy3dS7EVZW,财经主播/财经分析师（可居家办公+高提成）,上海享才财经,20-99人,证券/期货,大专,1-3年,"证券从业资格, 互联网金融, 证券投顾经验, 可居家办公, 证券投顾资格, 证券从业经验, 直播/讲课能力",27-50K,重庆,,2026-06-06 12:04:41
b8bf547c4b57390f0nV53Nm0FVJZ,统计学辅导-时间序列分析,重庆歇杨科技,0-20人,广告/公关/会展,硕士,经验不限,"金融行业数据相关经验, 数据分析/挖掘经验, 计算机相关专业, Python, 数学/统计相关专业",120-150元/时,重庆,,2026-06-06 12:05:03
121cef5bc1083a4803x63tm6FlBS,广告项目管理,狼卜数字,500-999人,广告/公关/会展,本科,3-5年,"数字营销, 数据分析, 项目管理, 效果营销",10-15K,重庆,,2026-06-06 12:05:03
0921119e5a22fcd90nB939-4EVRZ,成本分析专家/经理,赛力斯集团,10000人以上,汽车研发/制造,本科,5-10年,"原材料, 零配件, 财会知识丰富, 成本分析, 盈利力分析",30-55K,重庆,,2026-06-06 12:05:03
c53b6bf1c6380404031z396-FFJZ,生信分析兼职,四川安维森,20-99人,互联网,本科,1年以内,"转录组分析, 单细胞分析, 空间转录组分析, 多组学分析, TCGA、GEO数据挖掘",450-500元/时,重庆,,2026-06-06 12:05:25
94e828921e187a920nd43NW0EVRS,（大型央企）数据治理,某小型智能硬件公司,0-20人,智能硬件,本科,5-10年,"SQL, 数学/统计相关专业, 计算机相关专业, 军工, 机器人, 大型制造业",23-27K,重庆,,2026-06-06 12:05:25
ffb0d75f99b5da7603By2du6EFZT,专利分析师,中之信知识产权代理,100-499人,专利/商标/知识产权,本科,1-3年,,7-10K,重庆,,2026-06-06 12:05:25
ec07e9212ef9d4d40nB42Ni6GFtX,汽车用户洞察/市场调研分析,重庆某大型汽车研发/制造公司,10000人以上,汽车研发/制造,本科,5-10年,"全职, 公司内部岗位, 市场分析, 产品定价策略, 市场洞察报告, 消费者需求",30-40K,重庆,,2026-06-06 12:05:25
8dfb2e656932cd520nB5292_E1pY,金融分析师,青岛远华投资管理,20-99人,互联网金融,本科,3-5年,"投资课程讲授, 行业趋势分析, 实盘交易经验, 直播/讲课能力",10-11K,重庆,,2026-06-06 12:05:46
39c9510f1323e3e50nV63ti_FlJS,跨境电商-商业数据分析师,重庆新芽,20-99人,电子商务,硕士,1-3年,"Power BI, 数据分析/挖掘经验, 电商/零售行业数据相关经验, Python, SQL, 数学/统计相关专业",12-16K,重庆,,2026-06-06 12:05:46
68f76f481e0a57d1031z3tq7EVdT,亚马逊产品开发专员,重庆泰麟达商贸公司,0-20人,电子商务,本科,1-3年,"供应链, 数据分析, 选品, 亚马逊产品开发, 产品调研, 跨境电商产品开发, 市场分析",5-9K,重庆,,2026-06-06 12:05:46
c4df49177b40f8b603Nz0969E1VY,数据分析兼职,卓典咨询,20-99人,咨询,本科,经验不限,,120-160元/天,重庆,,2026-06-06 12:08:53
63ba094ea1b230a60nd62dy6EFRY,大数据分析（熟悉VHR、车机系统、车载app）,华为技术,10000人以上,通信/网络设备,本科,3-5年,"vhr, 车载app, 数据分析/挖掘经验, 新能源汽车, 车机系统, 计算机相关专业, 汽车行业, 数学/统计相关专业",15-20K·14薪,重庆,,2026-06-06 12:09:56
5451944a6002f6340nV839u1ElVZ,数据分析师（新媒体）,卓力昕股份,100-499人,互联网,本科,3-5年,"汽车, 数据分析/挖掘经验, Tableau, SQL, Python, 数学/统计相关专业, 直播 短视频",8-11K,重庆,,2026-06-06 12:10:17
a0b33b9eaf75de851XN43dm5GVU~,运维工程师,特恩斯,0-20人,仪器仪表/工业自动化,大专,1年以内,"数据分析, 系统运维, 系统管理员",3-4K,重庆,,2026-06-06 12:10:39
20249d3a7681b93e0nR42dS9FVVZ,服务员，领班，储备店长,渝中区枫有味老火...,0-20人,餐饮,学历不限,经验不限,"餐饮行业经验, 数据分析, 餐饮储备店长, 业绩管理, 个体餐饮店, 连锁餐饮店经验, 新店筹备, 库存管理, 考勤/排班",4-8K,重庆,,2026-06-06 12:10:59
590eabee0a0043ba1XV_39i5FlVQ,产业分析师,智凤科技,0-20人,咨询,本科,1-3年,"咨询, 宏观经济研究, 医疗/大健康, 汽车, 制造业, 人工智能, 一般行业研究, 咨询公司/智库, 二者兼具, 消费品, 擅长宏观经济/政策研究, 咨询/媒体行研经验",9-12K,重庆,,2026-06-06 12:10:59
ed73b05a2f38b6c00nB829W7EFRS,网咖店长,斯普迈,100-499人,休闲/娱乐,高中,1-3年,"需要门店店长经验, 不需要出差, 包吃住, 酒店/民宿, 数码产品, 员工培训, 员工招聘, 客诉处理, 数据分析, 业绩管理, 熟练使用办公软件, 连锁门店经验, 线上平台运营, 销售经验, 1-3年门店店长经验",6-11K,重庆,,2026-06-06 12:11:40
61939cec226b56060nR739-0EVJX,分析研究员（璧山）,重庆海默斯医学生...,20-99人,生物/制药,本科,3-5年,,8-12K,重庆,,2026-06-06 12:11:40
709ad4ef15fa013a03Z-39-5GFVS,家具卖场经理,北碚区蔚莱家居经营部,0-20人,其他生活服务,大专,10年以上,"五险, 上一休一, 需要卖场经理经验, 家居建材/家电, 库存管理, 数据分析, 活动策划, 陈列管理, 业绩管理, 销售经验, 连锁门店经验, 5年以上卖场经理经验, 不需要倒班",5-10K,重庆,,2026-06-06 12:11:40
6c5ac1b06e06474203J42d2-FltU,数据统计分析师,重庆眸宙科技有限公司,0-20人,大数据,本科,1-3年,,14-17K,重庆,,2026-06-06 12:15:31
860c4572988e276a0nR439m8GVBT,大数据分析师,三原色,20-99人,互联网,本科,3-5年,计算机相关专业,6-10K,重庆,,2026-06-06 12:15:51
a12b97e42912c7c21HB43926ElBS,期货期权分析师,普诺方德,20-99人,建筑设计,本科,3-5年,期货期权分析,15-30K·14薪,重庆,,2026-06-06 12:16:54
82bef1499937d3020nZy3N64FVdR,中高考学管老师,重庆智学义科技,20-99人,培训/辅导机构,本科,1-3年,"培训机构, 线上教育, 线下教育, 数据分析, 坐班, 一对一教学, 小班教学（3-25人）, 中学生, 不授课, 大型教育机构经验, 排课系统经验, 教育专业背景, 普通话发音标准, 熟练使用办公软件, 教师资格证",5-10K,重庆,,2026-06-06 12:17:16
48ccff0c1303615603Z72967EVtZ,短剧app投放负责人,掌阅科技,500-999人,互联网,大专,5-10年,"数据分析, 团队搭建, 人员管理, rio, 成本把控, 短剧信息流, app投放",15-30K,重庆,,2026-06-06 12:17:16
20caa3bf33e267b2031729y0ElJY,中小学物理老师,金诚教育,20-99人,培训/辅导机构,大专,1-3年,"销售经验, 教师, 高中, 培训机构, 教学管理, 讲义/教纲编写能力, 教师资格证, 数据分析, 大型教育机构经验, 课程/课件研发能力, 学科相关专业背景, 互联网公司经验, 坐班, 教研, 教务, 小班教学（3-25人）, 线下教育, 线上教育, 互联网教育平台使用, 二级乙等, 教学法研发与培训, 二级教师, 初中, 小学, 一对一教学, 大班教学（25人以上）",6-11K,重庆,,2026-06-06 12:17:37
5dd92b143763dc4f0nV-3Ny7EVZU,网吧店长,重庆智联愿景科技,20-99人,休闲/娱乐,大专,1年以内,"包吃, 包住, 包吃住, 就近分配, 需要门店店长经验, 酒店/民宿, 剧本杀/桌游, 其他, 活动策划, 财务管理, 数据分析, 员工招聘, 库存管理, 熟练使用办公软件, 连锁门店经验, 线上平台运营, 1年以下门店店长经验, 1-3年门店店长经验, 3-5年门店店长经验, 5年以上门店店长经验, 不需要出差, 不需要倒班, 不需要晚班/夜班, 电竞馆店长, 网吧店长, 带过团队拿过结果, 网吧门店经理, 网吧值班经理",5-8K,重庆,,2026-06-06 12:18:22
1ff34f96f80bb3c40nB53t-7EltU,珠宝店长,景舟珠宝,0-20人,珠宝/首饰,高中,3-5年,"销售经验, 1-3年门店店长经验, 不需要出差, 员工培训, 数据分析, 不需要晚班/夜班, 客诉处理, 业绩管理, 不需要倒班, 需要门店店长经验, 五险",6-11K,重庆,,2026-06-06 12:18:22
397f32c91e8f31e40nB_2928E1NU,数据统计分析师,精斗云智,20-99人,大数据,本科,5-10年,"Java, Python, 计算机相关专业, 数学/统计相关专业, 大数据处理经验, 用户画像/标签体系相关经验",10-13K,重庆,,2026-06-06 12:21:51
ac600779b2df55000nB62tm5FVJT,财务数据bp（6-10k+五险一金),重庆糖梦品牌管理,100-499人,广告营销,本科,1-3年,"财务bp, 数据分析, SQL",6-10K,重庆,,2026-06-06 12:23:37
7498052dea2df87a0nZ809m1F1VZ,小语种角色扮演翻译分析实习生,重庆沐晨人工智能科技,100-499人,人工智能,本科,,"日语, 韩语, 西语, 法语, 俄语, 德语",120-240元/天,重庆,,2026-06-06 12:23:59
b081b43ce4b7cc6c0ndy292_GFRT,年薪25万诚聘家具门店经理,芜湖英创装饰有限公司,20-99人,装修装饰,学历不限,3-5年,"销售经验, 1-3年门店店长经验, 员工培训, 活动策划, 连锁门店经验, 就近分配, 3-5年门店店长经验, 需要门店店长经验, 不需要出差, 不需要晚班/夜班, 数据分析, 家居建材/家电, 客诉处理, 业绩管理, 不需要倒班, 家具家居, 五险",20-25K,重庆,,2026-06-06 12:24:21
8197ac7694d2272d1n172tu7ElZS,实习数据分析工程师,香柚科技,20-99人,计算机软件,大专,,"Hive, SQL, Hbase",100-150元/天,重庆,,2026-06-06 12:29:33
0bf361404ff83fe503J72t-7EltQ,数据分析,掣电科技,20-99人,游戏,本科,经验不限,,10-11K,重庆,,2026-06-06 12:30:33
628901b0693dbd630nB82dy1GFRR,知识产权分析师,唐邦知识产权,20-99人,咨询,本科,经验不限,,4-8K,重庆,,2026-06-06 12:30:53
64817e61fcf62b250nB92N66EFtS,反洗钱专家,某大型移动互联网上市公司,1000-9999人,移动互联网,本科,5-10年,"互金机构反洗钱, 数据分析, 消金公司反洗钱, 法人银行机构总部, 金融, 数据分析能力, 金融机构总部",40-65K·16薪,重庆,,2026-06-06 12:31:37
2edc24fba7facc950ndz2N-6EFZY,网咖店长,重庆时间轴互联网...,0-20人,其他生活服务,学历不限,1年以内,"销售经验, 1-3年门店店长经验, 不需要出差, 数据分析, 21-23点下班, 熟练使用办公软件, 1年以下门店店长经验, 收银管理, 业绩管理, 需要门店店长经验, 员工招聘, 库存管理",6-7K,重庆,,2026-06-06 12:31:37
9a6690f04861179d0nB-29W-EFdS,财务数据BP,牧云文化,100-499人,其他生活服务,本科,1-3年,,5-8K·13薪,重庆,,2026-06-06 12:31:58
a87d63bd6cf68e2a0nB80ty_FlFZ,数据分析师,重庆思则变网络信...,20-99人,学校/学历教育,硕士,1-3年,,10-15K,重庆,,2026-06-06 12:35:48
10118a0d33200fdc1XBy3Nm_EVNS,数据采集 分析 爬虫,先己科技,20-99人,电子商务,学历不限,经验不限,"Python, Java, 计算机相关专业, 大数据处理经验, 机器学习/NLP经验",10-15K,重庆,,2026-06-06 12:35:48
1dbe0da6a17c8b230ndz39i6E1JU,风控策略分析师,北京印行,100-499人,互联网,本科,3-5年,"金融机构策略开发/建模经验, R, 风控/安全策略经验, 计算机相关专业, SQL, Python, 数学/统计相关专业",15-30K,重庆,,2026-06-06 12:36:09
c99e239c93852da81XV83tq9ElFW,数据分析师,小泥巴财税,0-20人,财务/审计/税务,本科,1-3年,"Java, Scala, Matlab, Python",5-8K,重庆,,2026-06-06 12:36:52
8da01d0173376c5203193d26E1tT,证券分析师,哆金传媒,20-99人,互联网金融,本科,5-10年,互联网金融,5-10K,重庆,,2026-06-06 12:43:50
a86a4b28c903f31203Z40969FVBU,质控主管（仓储）,拼多多集团-PDD,1000-9999人,电子商务,大专,3-5年,"企业内部物流部门, 数据分析, 进出口物流工作经验, 三方物流企业, 仓储管理, 仓储物流, 冷链物流, 电商行业经验, 物流/供应链专业, 跨境物流",15-25K,重庆,,2026-06-06 12:43:50
ee914edada61448003x-2dq1F1ZQ,财务分析/财务BP,骐鸣健身,100-499人,文化艺术/娱乐,本科,1-3年,,6-7K,重庆,,2026-06-06 12:45:15
7282c9cf1dc18b7a0nd83dS4EFJV,情感分析师(兼职),巨石,0-20人,批发/零售,学历不限,1-3年,有销售性质  线上咨询,500-2500元/时,重庆,,2026-06-06 12:48:43
511ad8f4313889b60nd82tq-EldS,数据分析师 / Data Analyst,重庆煋海数智信息技术,100-499人,互联网,本科,1-3年,,10-15K·14薪,重庆,,2026-06-06 12:49:04
ebba5391482766bf0nd82tm_EVtS,数据分析师 / Data Analyst,上海星海数智信息技术,100-499人,计算机硬件,本科,1-3年,,10-15K·14薪,重庆,,2026-06-06 12:49:04
f648d05d1a1a469e0nB82t64FVVS,股票分析师,涨升连连,20-99人,文化艺术/娱乐,大专,1-3年,,4-9K,重庆,,2026-06-06 12:49:04
d8739dc9efa6969503V93di5E1FV,数据分析师,重庆华椒源供应链管理,20-99人,批发/零售,本科,经验不限,,5-10K,重庆,,2026-06-06 12:49:04
742d9115778abf0903R70926EVdR,大数据分析师,重庆希地亚科技有...,0-20人,互联网,大专,,"SQL, Python, R, MATLAB, SAS, 数学/统计相关专业, 计算机相关专业, 数据分析/挖掘经验, 机器学习建模经验, 接受实习/在校生投递",50-100元/天,重庆,,2026-06-06 12:49:04
7910c22fb2fe5eef0nZ83Nm1F1JS,股票分析师（周末双休）,和信天津分公司,100-499人,证券/期货,学历不限,1年以内,,10-15K,重庆,,2026-06-06 12:49:26
7c17a4c181208ea20nR93dy5F1tR,数据分析师,塔猴,100-499人,互联网,本科,3-5年,,10-15K,重庆,,2026-06-06 12:49:26
d510e6aa5a8f283b1Hxz3dW4FlJS,数据分析师助理,江北区麦了了信息...,0-20人,企业服务,大专,,"经济/工商管理相关专业, 数据分析/挖掘经验, 数学/统计相关专业",50-100元/天,重庆,,2026-06-06 12:49:26
cac8c25840f970690nd-3Ny9FlVW,分析师,先路科技,20-99人,其他专业服务,大专,1-3年,"实盘交易经验, 客户服务工作经验, 行业趋势分析, 研究报告撰写, 投资课程讲授",6-11K,重庆,,2026-06-06 12:49:26
bd36bcd7c2cfe47303J52NS8FVRX,股票分析师（短视频）,教头文化,0-20人,证券/期货,学历不限,经验不限,"个股研究, 投资组合构建, 行业趋势分析, 证券从业经验, 证券研究与分析经验, 实盘交易经验, 深度报告撰写能力",5-8K,重庆,,2026-06-06 12:49:26
435268cd7045309d0nZ409S0FVZV,数据分析师,翻转咨询,20-99人,大数据,本科,5-10年,"数据分析/挖掘经验, 计算机相关专业, 电商/零售行业数据相关经验, 数学/统计相关专业",8-13K,重庆,,2026-06-06 12:49:26
6affd1b0e0a4dda803Z82Nq0GVJZ,数据分析师,微银重庆征信,100-499人,其他专业服务,本科,3-5年,"信用分析, 金融行业数据相关经验, 风控相关经验, 数据分析, 数据分析/挖掘经验, 计算机相关专业, 风控, 建模, 风险控制, Python, SQL, 数学/统计相关专业",11-20K,重庆,,2026-06-06 12:49:26
63ef470a82958e650nd539-8GFBV,情感分析师，销售经理,乐山创河企业管理,0-20人,财务/审计/税务,大专,经验不限,"电话销售, 个人（To C）, 房地产销售经验, 课程/培训类产品, 网络销售, 金融产品销售经验, 电话销售经验, 教育培训",13-26K,重庆,,2026-06-06 12:49:26
142292e56233b1130nB70969FFtS,WFM/排班师(劳动力管理/数据分析),华为慧通,10000人以上,批发/零售,本科,1-3年,,9-12K·14薪,重庆,,2026-06-06 12:49:26
edee8829cf2c7ecd1X172d6_GVJQ,数据分析师,集华众美,20-99人,互联网,大专,3-5年,"Python, 数学/统计相关专业, 计算机相关专业, 数据分析/挖掘经验",10-15K,重庆,,2026-06-06 12:49:47
85ecee4396d6c4501nF639S7EVtX,数据分析师,BBD,500-999人,大数据,本科,,"Python, SQL",150-200元/天,重庆,,2026-06-06 12:49:47
ec130b7fdf236b091HJ43Ny1E1dS,数据监控专员,超强通讯,100-499人,通信/网络设备,大专,1年以内,"数据分析/挖掘经验, 计算机相关专业, 电商/零售行业数据相关经验",5-8K·13薪,重庆,,2026-06-06 12:49:47
73f116feea5ca01203V93dq8F1dW,卖方分析师,竹风远流,100-499人,互联网,学历不限,1年以内,"证券从业资格, 证券投顾经验, 证券从业经验",40-45K,重庆,,2026-06-06 12:49:47
365cb2c9fa12967703F92tu0ElpR,数据分析师,中略博科技,20-99人,互联网,大专,1-3年,,3-6K,重庆,,2026-06-06 12:49:47
db1a56da9859d9691Hd529y7FVNQ,数据分析专家,重庆万流汇海信息技术,0-20人,计算机软件,本科,3-5年,"数学/统计相关专业, 数据分析/挖掘经验, 机器学习建模经验",12-20K·13薪,重庆,,2026-06-06 12:50:08
5502365b82a49fd21XJz3Ni4FlJR,证券分析师,广发证券石杨路营业部,1000-9999人,证券/期货,本科,1-3年,"组织投资者活动, 个股研究, 行业趋势分析, 证券公司, 证券从业经验, 证券投顾经验, 成熟的投资理念和方法, 直播/讲课能力, 基金从业资格, 证券从业资格, 热情",7-12K,重庆,,2026-06-06 12:50:08
dec124963d565e2d0nV52Nm7E1VV,数据/商业分析师,德勤,10000人以上,咨询,本科,3-5年,,11-20K,重庆,,2026-06-06 12:50:08
a5718057aa61f30403163ti7F1VR,数据分析,紫云蝉,0-20人,信息安全,本科,3-5年,"机器学习建模经验, 数据分析/挖掘经验, SQL, Python",10-12K,重庆,,2026-06-06 12:50:29
a5ce4038f07324770ndz2dy-FVtW,全栈数据分析师,万齐英友,20-99人,电子商务,本科,1-3年,"java, SQL, Python",9-13K,重庆,,2026-06-06 12:50:29
7238c78d6b0e74f70nB92N25EVZV,Python开发工程师（数据分析与AI预测方向）,中林广生,20-99人,计算机软件,本科,1-3年,"Python, Django, MySQL, 爬虫经验",8-13K,重庆,,2026-06-06 12:50:29
8ecc83952ef34bc00nV80tu_GFFW,大气污染数据分析工程师,重庆海宇环保科技,20-99人,环保,本科,1-3年,,6-11K,重庆,,2026-06-06 12:50:29
06a8804545d8f87003N62dS5FVNY,数据文员,重庆乐鱼健康科技,100-499人,医疗健康,大专,1年以内,"数据分析/挖掘经验, 表格公式熟练",3-4K,重庆,,2026-06-06 12:50:29
3bcf6c3043961dcb0nR829W8E1VY,数据分析师,四川华耀天海智慧...,20-99人,客运服务,本科,1-3年,"数据分析, python",5-7K,重庆,,2026-06-06 12:50:29
e757b79281f501be0nV62dS4FVJS,风控策略分析师,丰复智链,100-499人,智能硬件/消费电子,本科,1-3年,"风控策略分析, 海外金融, 海外信贷",11-20K,重庆,,2026-06-06 12:50:51
38dae667efc3010103F93ti6F1FS,商业数据分析经理,海斯凯尔,100-499人,互联网,本科,5-10年,,17-23K·13薪,重庆,,2026-06-06 12:50:51
2268a7494d39014203R43t26F1FV,金融数据分析师,惠尔特商贸,0-20人,其他专业服务,本科,经验不限,"SQL, Python, R, 数学/统计相关专业, 经济/工商管理相关专业, 电商/零售行业数据相关经验",10-11K,重庆,,2026-06-06 12:50:51
d6256b3ba03b8f5f1nJ53d60GFpW,BI/ETL数据岗位,德勤勤跃,20-99人,企业服务,本科,经验不限,"Hive, Sqoop, SAS, Zookeeper, HDFS, Tableau, SPSS, MapReduce",12-23K·13薪,重庆,,2026-06-06 12:50:51
8405d72f31471a200ndz3964FVZW,数据分析产品主任工程师,重庆蓝电汽车科技,10000人以上,新能源汽车,本科,5-10年,,12-24K·15薪,重庆,,2026-06-06 12:50:51
99829b08394b36320nZz3dW5FVNR,会计教学老师,恒企财税,0-20人,职业培训,大专,3-5年,"deepseek, 税务师, 数据分析, 财会科目教学/教研经验, AI, 线下教育, 会计职称, 飞书, 会计师, 外训, 全职",8-12K,重庆,,2026-06-06 12:50:51
809a54a4f4b3e51e03J42tS7ElRW,技术分析员,江津区香江农产品...,0-20人,其他消费品,学历不限,经验不限,,3-8K,重庆,,2026-06-06 12:50:51
5e726e065854853f03V60tu8EltZ,数据分析师,心呈企信,0-20人,大数据,本科,3-5年,"计算机相关专业, SQL, Python",5-6K,重庆,,2026-06-06 12:50:51
751a9c31d691b81d1H1_09i6FVdX,期货分析师助理,民生期货江苏分公司,0-20人,证券/期货,大专,1-3年,"组织投资者活动, 行业趋势分析, 互联网金融, 客户服务工作经验, 证券从业经验, 成熟的投资理念和方法, 金融/经济/管理相关学历, 期货从业资格",4-8K,重庆,,2026-06-06 12:51:13
eb30c5c77e05cec10nd639q0F1FR,经营分析师,纬创资通（华西厂区）,1000-9999人,通信/网络设备,本科,3-5年,,7-9K,重庆,,2026-06-06 12:51:13
2dafac82dff426ce1nR-3N20EVFT,数据专员,普健医药,100-499人,医疗器械,本科,3-5年,"数据分析, 数据挖掘, 商业分析, Java, SPSS, SAS, Tableau, Oracle",10-15K,重庆,,2026-06-06 12:51:13
01f25477040bf3020nB83NW4EltY,财务分析经理,融管家,20-99人,互联网金融,大专,1-3年,,3-6K,重庆,,2026-06-06 12:51:13
ede316513b26bc4f0ndy2Nq7EVJT,数据运营专员,鹿客,500-999人,智能硬件,大专,1-3年,,5-7K·13薪,重庆,,2026-06-06 12:51:13
4b19aa71bad3f0c30nd409S-E1BY,双休+五险+证券分析师助理,奇点偶现科技,20-99人,社交网络与媒体,学历不限,经验不限,"证券从业资格, 投顾工作经验, 证券投资分析及报告撰写, 证券投顾资格, 金融产品销售经验, 投资咨询/理财规划",5-10K,重庆,,2026-06-06 12:51:13
7abc21729d84b03a03B52dW1EVJY,二级市场买方分析师,汇升集团,500-999人,房地产开发经营,本科,5-10年,,8-13K,重庆,,2026-06-06 12:51:13
058775034e5d9ba00nB_2dW1FlFV,宠物占卜师/心灵沟通师/行为分析师,两江新区刘恋网络...,0-20人,保健/养生,大专,经验不限,,5-10K,重庆,,2026-06-06 12:51:13
fd3f4217f1ed4c950nB-29W8FlVU,资深数据产品经理,重庆某大型新能源汽车核心动力总成研发制造上市公司,1000-9999人,汽车零部件,本科,5-10年,"搜索产品, 需求分析, 产品设计, 数据分析",30-40K·14薪,重庆,,2026-06-06 12:51:13
451c19e4d803aed90nR82di6FFNX,金融分析师（资讯，培训辅导，交易心理）,大连沅泰信,20-99人,咨询,大专,1-3年,"实盘交易经验, 互联网金融, 金融/经济/管理相关学历, 在线教育/自媒体, 客户服务工作经验, 行业趋势分析, 直播/讲课能力, 成熟的投资理念和方法, 投资课程讲授",4-5K,重庆,,2026-06-06 12:51:35
2cfa71188117409903x93ti8F1JT,采购成本分析员,欣合安,1000-9999人,汽车零部件,大专,1-3年,成本分析,5-7K·13薪,重庆,,2026-06-06 12:51:35
f80f2405bd296bce1HV42tS9GVY~,网络竞价,重庆市天宝乐儿童早教,100-499人,在线教育,大专,3-5年,"SEO, 网络, 数据分析",5-8K,重庆,,2026-06-06 12:51:35
bfdf68d48c98a56703V43Nm4EFJX,舆情分析师（在家办公）,北京明信源,20-99人,广告/公关/会展,本科,1-3年,公关媒介代理商/服务商（乙方）,50-200元/天,重庆,,2026-06-06 12:51:56
6b5dc45e9cd6676f0nB83NW1ElVZ,数据账务专员,时代吉利,1000-9999人,动力电池,本科,3-5年,"数据分析/挖掘经验, KPI专员, 生产数据分析, 数学/统计相关专业",8-11K,重庆,,2026-06-06 12:51:56
0b85fb013bae8c9f03d_092_EVZS,市场分析主任工程师,某大型汽车研发/制造上市公司,1000-9999人,汽车研发/制造,本科,3-5年,,25-40K·14薪,重庆,,2026-06-06 12:51:56
96b004899c684dd60nB70tu1FFJT,药效分析研究员,高圣医药,100-499人,生物/制药,硕士,1-3年,"药效分析, 药效学, PD, 临床前研究",6-11K,重庆,,2026-06-06 12:51:56
da57bd37058ebee403F_2du4F1VV,数据分析,数字马力,1000-9999人,互联网,本科,3-5年,,10-15K,重庆,,2026-06-06 12:55:05
82db468c7267541603V73N26EFFT,见习副总,沃尔玛山姆会员店,100-499人,批发/零售,大专,3-5年,"销售经验, 损耗管理, 员工培训, 熟练使用办公软件, 陈列管理, 连锁门店经验, 超市, 五险一金, 不需要出差, 生鲜卖场, 数据分析, 百货卖场, 每周双休, 服饰鞋包, 业绩管理, 需要卖场经理经验, 3-5年卖场经理经验",9-13K·13薪,重庆,,2026-06-06 12:58:11
c727da11f6f18f7d0nB_3N20F1tZ,高级大数据视频直播运维工程师,重庆友圃,100-499人,互联网,本科,5-10年,,9-14K,重庆,,2026-06-06 13:08:39
a9ed3f15537a3e580ndy39i4E1ZZ,周大福店长,远诚珠宝,100-499人,批发/零售,大专,5-10年,"需要门店店长经验, 不需要出差, 不需要倒班, 不需要晚班/夜班, 五险一金, 业绩管理, 客诉处理, 数据分析, 新店筹备, 销售经验, 连锁门店经验, 5年以上门店店长经验",8-12K,重庆,,2026-06-06 13:08:39
7131a33198a084a50nB839i7F1JW,私域直播合伙人,重庆邻优加商业运...,0-20人,食品/饮料/烟酒,高中,1-3年,"1-3年门店店长经验, 损耗管理, 超市/食品, 陈列管理, 其他, 需要门店店长经验, 库存管理, 不需要出差, 数据分析, 不需要晚班/夜班, 便利店, 不需要倒班, 新店筹备",3-4K,重庆,,2026-06-06 13:09:00
936cd544d919f29503N43968FlZY,数据分析,庐江彤科信息科技,20-99人,计算机软件,学历不限,经验不限,,10-12K,重庆,,2026-06-06 13:09:00
5c80d9e0cbb579bc03190t6_FVVW,车云数据产品经理,长安科技,1000-9999人,计算机软件,本科,5-10年,"需求分析, 产品设计, 产品运营, 数据分析",15-20K,重庆,,2026-06-06 13:09:00
d9f67ba6250dc8800ndz09y0ElpR,江北嘴IFS-鳄鱼-店长/导购-上一休一,名瑞,500-999人,服装/纺织,学历不限,1-3年,"1-3年门店店长经验, 熟练使用办公软件, 3-5年门店店长经验, 上一休一, 需要门店店长经验, 服饰, 员工招聘, 五险一金, 不需要出差, 5年以上门店店长经验, 数据分析, 21-23点下班, 运动户外, 服饰鞋包, 业绩管理, 女装, 不需要倒班, 新店筹备, 五险",4-7K,重庆,,2026-06-06 13:09:00
faa8f580a5f0894a03N92dy-EVdY,spss数据分析师,博贤,100-499人,其他生活服务,本科,1-3年,"Python, R, SPSS, 数学/统计相关专业, 数据分析/挖掘经验",100-300元/时,重庆,,2026-06-06 13:09:00
e7fc678c44e12f540nB42tq-F1dY,数据分析师（长期出差）,中科聚信,100-499人,咨询,本科,1-3年,,8-12K,重庆,,2026-06-06 13:09:00
b8dd7803bad4cff31XN-3N2-FlI~,数据分析师,茂展科技,20-99人,生活服务(O2O),大专,经验不限,数据分析,4-6K,重庆,,2026-06-06 13:09:00
8f72e666f0df91e00nB83tq9E1NQ,数据产品经理,传音控股,10000人以上,通信/网络设备,硕士,1年以内,"数据分析, 大数据产品",12-15K·14薪,重庆,,2026-06-06 13:09:00
bfa8abf08745e58b0nB-3929GVdX,361°店长（主城区县）,重庆鸣之翼体育用品,500-999人,批发/零售,高中,5-10年,"销售经验, 员工培训, 年假、工龄、晋升空间, 熟练使用办公软件, 陈列管理, 鞋包, 3-5年门店店长经验, 需要门店店长经验, 服饰, 员工招聘, 不需要出差, 不需要晚班/夜班, 数据分析, 运动户外, 服饰鞋包, 业绩管理, 女装, 不需要倒班, 五险",5-10K,重庆,,2026-06-06 13:09:20
9c2ab96f236b757c0nB_3tu0FVBV,生物数据分析工程师,重庆大学,10000人以上,学校/学历教育,学历不限,经验不限,"Python, MATLAB, R, 数学/统计相关专业, 计算机相关专业, 机器学习建模经验, 数据分析/挖掘经验, 生物工程, 脑机接口",8-13K·14薪,重庆,,2026-06-06 13:09:20
eef8ac8f5e70409603F739u5EVBY,商业数据分析主管,海斯凯尔,100-499人,互联网,本科,3-5年,,17-23K·13薪,重庆,,2026-06-06 13:09:20
26e98662dbc07f4603160t-8FFFX,财务分析专家,某知名汽车研发上市公司,1000-9999人,汽车研发/制造,本科,5-10年,"财务分析, 业务财务",40-55K,重庆,,2026-06-06 13:09:20
95342ef0ec95919a03Jy0t-8FlFS,高级风险策略分析师,小米消金,500-999人,互联网金融,本科,5-10年,"金融机构策略开发/建模经验, R, 风控/安全策略经验, Python, SQL, 数学/统计相关专业",15-30K·14薪,重庆,,2026-06-06 13:09:41
bc2a9f9fa6e0709a0nd43t69EFtT,数据分析,元木风界,0-20人,信息安全,大专,经验不限,"SQL, Python, 计算机相关专业, 数据分析/挖掘经验",6-9K,重庆,,2026-06-06 13:09:41
6a1adbd3d87e66660nV42N-8FFVW,数据分析师,邵东析元科技有限公司,0-20人,培训/辅导机构,本科,1-3年,"SQL, Python, MATLAB, SPSS, 数学/统计相关专业, 经济/工商管理相关专业, 数据分析/挖掘经验, 机器学习建模经验, 旅游行业数据相关经验",200-300元/时,重庆,,2026-06-06 13:10:03
fb9fd1c3f3903c0d031_0ti6FVBU,数据分析产品工程师,赛力斯汽车,1000-9999人,汽车研发/制造,本科,3-5年,数据产品,15-30K·13薪,重庆,,2026-06-06 13:10:23
d7890a51b6db2e741XR-0968GFRS,大数据分析师,京础科技,20-99人,通信/网络设备,本科,经验不限,"Python, SQL, SPSS, Matlab",14-28K,重庆,,2026-06-06 13:10:23
5023d38e56ad662c1XFz2dq0FVFU,数据分析师,佳毓来医药科技,0-20人,医疗服务,本科,经验不限,"R, MATLAB, SPSS, 计算机相关专业",4-5K,重庆,,2026-06-06 13:10:43
bb18034323b969621XZ939i4GFRR,产品经理（数据分析方向）,泛语科技,100-499人,大数据,本科,1-3年,"SQL, 产品设计, Axure, Visio",6-8K·14薪,重庆,,2026-06-06 13:10:43
f1e01a36da632a1d0nB_3NS4GFJX,财经分析师（ip）,重庆寻北文化传媒,20-99人,互联网金融,本科,1-3年,,15-30K,重庆,,2026-06-06 13:11:04
2ae094ee8e2898950nZ83d68EFdU,数据部中高级研究员,思伯达,0-20人,互联网,本科,1-3年,,8-13K,重庆,,2026-06-06 13:11:04
84a1c3c80a42a46a03J93960GVpQ,数据分析专员(J11534),神驰机电股份有限公司,1000-9999人,电气机械/器材,本科,1-3年,,5-7K,重庆,,2026-06-06 13:11:04
4f5708023b2ecf680ndy2ty-F1BV,影视行业策略分析师,德塔文,0-20人,大数据,本科,1-3年,"数据挖掘和分析为主, 咨询/媒体行研经验, 影视行业, 影视公司, 艺人经纪, 艺人经纪公司",8-10K,重庆,,2026-06-06 13:11:24
bdf1998c849730170nB4296-GVpW,建材门店店长（辅料或者家具店长）,重庆良彬建材有限公司,1000-9999人,建筑材料,学历不限,1-3年,"需要门店店长经验, 不需要出差, 不需要倒班, 不需要晚班/夜班, 五险, 家居建材/家电, 建材店, 装修/全屋定制, 家用电器, 家具家居, 员工培训, 数据分析, 客诉处理, 库存管理, 销售经验, 连锁门店经验, 线上平台运营, 熟练使用办公软件, 1-3年门店店长经验, 辅料/家具",8-13K,重庆,,2026-06-06 13:11:45
e123d4dff8c8f10e03193968FlRZ,A股策略分析师,重庆帅猫传媒有限公司,0-20人,互联网金融,本科,经验不限,"证券从业资格, 个股研究, 互联网金融, 证券投顾资格, 证券研究与分析经验, 成熟的投资理念和方法, 深度报告撰写能力",5-10K·13薪,重庆,,2026-06-06 13:11:45
2227e07d5c24eb7f1nVy3d61EVVT,顺丰速运招聘物流运营,顺丰速运,10000人以上,快递,本科,5-10年,"物流规划, 数据分析",13-20K,重庆,,2026-06-06 13:11:45
909fbb8523baa42b03Z53N26E1JZ,临床研究/临床数据分析师、讲师-重庆,沿长科技(成都)...,100-499人,学术/科研,硕士,经验不限,"mimic公共数据库, 预测模型与机器学习, R语言, 统计学相关专业, 科研工作经历",8-13K,重庆,,2026-06-06 13:11:45
a766ed80bf05c4e603B73tm4EFFY,风控策略分析师,北京印行,100-499人,互联网,本科,3-5年,"不接受居家办公, 计算机相关专业, SQL, 业务数据分析, BI平台建设, 业务模式/运营策略优化, 用户深度研究, Python/R语言/SPSS, 统计/数学相关专业, 管理咨询工作经验, 英语可作为工作语言, 金融/经济相关专业, 数据分析/商业分析经验",15-30K·15薪,重庆,,2026-06-06 13:15:58
bda419ed3b6e7d340nZ_0tS4EVBY,门窗直营店长（合川区）,鸣欧亚,20-99人,建筑材料,学历不限,3-5年,"销售经验, 线上平台运营, 活动策划, 连锁门店经验, 3-5年门店店长经验, 需要门店店长经验, 建材店, 数据分析, 不需要晚班/夜班, 家居建材/家电, 业绩管理, 装修/全屋定制, 不需要倒班, 五险",30-50K,重庆,,2026-06-06 13:18:03
62e674b074494ab5031909W7EVBV,金融工程分析师,重庆浮云池壹号企...,20-99人,房地产开发经营,本科,5-10年,"工程管理, 金融管理, 商务谈判",10-15K,重庆,,2026-06-06 13:18:03
9472c7c39718467203F-29u0EFtT,金融数据分析助理（实习生）,重庆润投资管,20-99人,证券/期货,本科,,"数据运营, 金融行业数据相关经验, 数据分析/挖掘经验, 统计学, 数学, 数学/统计相关专业",120-150元/天,重庆,,2026-06-06 13:22:36
839179d0451fd0730nB-3t-0F1VU,业务数据分析师（国企项目/本科起）,国安,100-499人,通信/网络设备,本科,3-5年,"SQL, Python, R, 数据分析/挖掘经验, 数学/统计相关专业, 计算机相关专业, 经济/工商管理相关专业, 数据仓库, 指标体系, 商业分析",12-16K,重庆,,2026-06-06 13:28:32
1395b028281649c11HZ929-4ElFX,数据产品经理,跨越,0-20人,广告/公关/会展,本科,经验不限,"产品设计, 用户研究, 需求分析, 市场调研, 数据分析, Xmind, TO C, HBase",6-7K,重庆,,2026-06-06 13:28:52
1ce322fd73ff126d0nV52ty-F1ZZ,数据分析工程师,上海某大型汽车研发/制造公司,1000-9999人,汽车研发/制造,本科,5-10年,"数据治理, 数据分析, 大数据开发经历, Hadoop架构, 数据清洗与分析",15-30K,重庆,,2026-06-06 13:29:36
ad3a01534c3076451HBy2dq5EFZX,数据分析实施工程师,云海时代,20-99人,企业服务,本科,3-5年,"计算机相关专业, 软件实施经验, 可适应出差",7-10K,重庆,,2026-06-06 13:29:58
7d4dd35b492b78fc0nd-3tu_FVJV,高级需求分析师,中冉数字,500-999人,互联网,硕士,3-5年,"Axure, Visio, 计算机/软件工程相关专业, 软件需求分析管理经验, 中大型项目交付经验",10-15K,重庆,,2026-06-06 13:30:39
49f3302f87ae27a00nd83Nq0F1JS,李宁百万副店-观音桥阳光世纪奥莱,李宁,10000人以上,其他行业,大专,3-5年,"五险一金, 21-23点下班, 员工培训, 陈列管理, 业绩管理, 数据分析, 客诉处理, 需要门店店长经验, 熟练使用办公软件, 销售经验, 连锁门店经验, 线上平台运营, 服饰鞋包, 3-5年门店店长经验, 不需要出差, 服饰, 女装, 运动户外, 服装店长, 运动品牌店长, 周一到周四上一休一, 周五周末节假日早晚班",7-11K,重庆,,2026-06-06 13:30:39
ba05baa6eff2bb9b03x_09S7FlBQ,远程生信分析数据工程师,深圳邦汇,100-499人,其他专业服务,本科,1-3年,,300-500元/时,重庆,,2026-06-06 13:35:29
06bafb78f47ce33f0nd829S8EFZX,直营门店店长（小柴购生活超市）,英储德,100-499人,电子商务,大专,3-5年,"员工培训, 线上平台运营, 超市/食品, 连锁门店经验, 就近分配, 3-5年门店店长经验, 超市, 需要门店店长经验, 库存管理, 数据分析, 便利店, 业绩管理, 新店筹备, 五险",8-10K,重庆,,2026-06-06 13:50:10
378ed92e054806e003N82Ni8GFNR,供应链数据分析师,萌哒科技,0-20人,批发/零售,本科,3-5年,,4-6K·13薪,重庆,,2026-06-06 13:54:44
9e8f4441106e8ba20nB92NW9GFVX,资深数据产品经理,重庆某大型汽车研发/制造上市公司,1000-9999人,汽车研发/制造,本科,5-10年,"搜索产品, 需求分析, 产品设计, 数据分析",20-40K,重庆,,2026-06-06 13:55:04
49cbbe715bfaf5f60ndy0tS1GFFZ,店长（合伙人）,南岸区小徐包子店...,100-499人,餐饮,高中,3-5年,"包住, 销售经验, 1-3年门店店长经验, 员工培训, 线上平台运营, 熟练使用办公软件, 店长, 超市/食品, 陈列管理, 连锁门店经验, 卫生管理, 合伙人, 需要门店店长经验, 不需要出差, 包吃住, 数据分析, 包吃, 业绩管理, 19-21点下班, 不需要倒班, 五险",9-14K,重庆,,2026-06-06 13:56:28
b0012563a265732c03N43du5GFdT,数据分析,庐江彤科信息科技,20-99人,计算机软件,学历不限,经验不限,,10-12K,合肥,,2026-06-06 14:03:57
39c2f17b526014031nV-39i-E1FS,数据分析师,禾晓粮油有限公司,20-99人,农/林/牧/渔,本科,3-5年,"数据分析, 数据建模, 数据库构建",15-20K,合肥,,2026-06-06 14:03:57
f2a9d0e46d9b2b820nB_3N--EVVT,数据分析师,合肥市沃翔信电子商务,0-20人,电子商务,大专,经验不限,"金融行业数据相关经验, 数学/统计相关专业, 期、现货交易",4-8K,合肥,,2026-06-06 14:03:57
d8c8fb4aa744bde11HN709u6EVBW,数据统计分析（双休    可培养）,安徽上岩,100-499人,进出口贸易,本科,经验不限,"execl函数, 数学/统计相关专业",6-8K,合肥,,2026-06-06 14:03:57
7e430efe78bfb0841HJy2dq9FVtY,跨境电商数据分析师,Moda Furnishings,20-99人,进出口贸易,本科,5-10年,"SQL, SAS, 经济/工商管理相关专业, 数据分析/挖掘经验, 电商/零售行业数据相关经验, 留学生优先, 国内院校优先",15-30K,合肥,,2026-06-06 14:03:57
d0e0a5df3de10b300nZ62d-7EFdW,安徽天一大联考-产品经理（数据分析方向）,安徽天一,20-99人,互联网,本科,1-3年,"产品设计, 数据分析, 产品运营, 需求分析, 市场调研",7-8K,合肥,,2026-06-06 14:03:57
5517567d812e653f0nB929q-GFJR,千川数据分析助理（橘朵品牌）,橘宜,1000-9999人,电子商务,大专,1-3年,"KOL/达人投放, 信息流投放, 电商平台投放, 企业品牌方, KOL/达人投放经验, 信息流投放经验, 电商平台投放经验, 企业品牌方经验, 数据分析, 千川信息流, 信息流优化师, pr运营",5-8K,合肥,,2026-06-06 14:03:57
a5fdc3569a56af670nB42dm4FlZS,数据分析,百川名品,1000-9999人,食品/饮料/烟酒,本科,3-5年,"SQL, Python, Power BI, 计算机相关专业, 数学/统计相关专业, 数据分析/挖掘经验, 电商/零售行业数据相关经验",12-18K,合肥,,2026-06-06 14:03:57
c2a628399eefd9bb03R80966GFdV,数据分析师,顺伏新能源,20-99人,光伏,大专,3-5年,"风控相关经验, 数据分析/挖掘经验, Python, SQL",6-10K,合肥,,2026-06-06 14:03:57
24fd57ca53f7920e0nVy2dm_FlZT,数据分析师,南京迈特望,1000-9999人,计算机软件,大专,1-3年,,6-8K,合肥,,2026-06-06 14:03:57
f2785c12378a80640nVz2N25EFNX,信审分析师/早9点20晚5点30/通提45%,合肥捷得,20-99人,投资/融资,大专,经验不限,"个人信审相关经验, 金融机构, 信审专员, 均资2w+, 企业信审/信用评级经验, 资信评级机构, 早9：30晚17：30, 个人资信评估, 实时精准客源, 提供住宿",8-13K,合肥,,2026-06-06 14:03:57
34ab5799bc8a098003Vy0tW8F1pX,督学师/数据分析师,合肥市庐阳区瑞祥...,0-20人,培训/辅导机构,大专,1-3年,"带过初中作业班优先, 心理学专业背景, 学科应试类, 历史, 小班教学（3-25人）, 培训机构, 线下教育, 英语, 外语发音标准, 物理, 教育学专业背景, 大型教育机构经验, 坐班, 中学生, 化学, 数学, 学前儿童/小学生, 一对一教学",4-9K,合肥,,2026-06-06 14:03:57
9ed689114146c8601n1z3d-6FVNV,医疗大数据统计分析师,卫宁健康,1000-9999人,医疗健康,本科,经验不限,"SPSS, SAS, Python, Java, Scala, SQL, R, Matlab",15-20K·14薪,合肥,,2026-06-06 14:03:57
15e9a329dd402b8e03Z63Nq6ElBZ,数据分析师+社保+双休,安徽同讯天下,100-499人,互联网金融,大专,1-3年,"经济/工商管理相关专业, 金融行业数据相关经验, 数据分析/挖掘经验, 计算机相关专业, 数学/统计相关专业",8-10K,合肥,,2026-06-06 14:03:57
e89c79d5408d7b6703Z-0tq4FVZQ,数据分析师,麦洛网络科技,20-99人,互联网,硕士,经验不限,"经济/工商管理相关专业, 机器学习建模经验, 金融行业数据相关经验, R, Power BI, 数据分析/挖掘经验, SPSS, MATLAB, 电商/零售行业数据相关经验, Python",100-300元/时,合肥,,2026-06-06 14:03:57
0936bbd852641ee203F809q-EVJT,分析师助理,方正证券,100-499人,证券/期货,本科,1-3年,证券从业资格证,10-15K,合肥,,2026-06-06 14:04:19
5c14fa92603ec13f03173Nu1EVFS,数据分析,云南沁川环境科技...,0-20人,环保,本科,5-10年,,20-35K,合肥,,2026-06-06 14:04:19
814050eeeee4a33d1XF83dm6FFNY,工业大数据分析师,力拓云计算,20-99人,计算机服务,硕士,1年以内,Python,12-18K,合肥,,2026-06-06 14:04:19
cbd916c6b75a1dd903Jz39W-FVpU,胡小厨-储备店长,合肥市庐阳区达食...,100-499人,餐饮,学历不限,经验不限,"连锁餐饮店, 餐饮行业经验, 线上平台运营, 数据分析, 餐饮储备店长, 业绩管理, 直营店, 连锁餐饮店经验, 直营店经验, 员工招聘, 考勤/排班",10-15K,合肥,,2026-06-06 14:04:19
c173166ba248775f1Hdy39i5GFBS,大数据需求分析师,经邦软件,20-99人,计算机软件,本科,3-5年,"数据分析/挖掘经验, 机器学习建模经验, 风控相关经验",10-11K,合肥,,2026-06-06 14:04:19
219ee8eb7f789ca10nd409y_ElpX,数据分析实习生,伯遇智能,20-99人,计算机软件,本科,,,150-250元/天,合肥,,2026-06-06 14:04:19
768129329ebd994d03170964EVtZ,数据治理/数据分析,合肥某大型汽车研发/制造上市公司,1000-9999人,汽车研发/制造,本科,5-10年,数据分析,15-25K,合肥,,2026-06-06 14:04:19
427b3bdabd1ed24903x-0tu_FFRR,风险数据分析师,安徽科征数字科技,0-20人,企业服务,本科,3-5年,"数据分析, 风控, 信贷, 小微贷, 金融, 数学/统计相关专业",13-18K·13薪,合肥,,2026-06-06 14:04:19
b513df8690ef4c030nB53du9EVBW,双休五险一金 数据专员(J12082),新东方,10000人以上,在线教育,本科,经验不限,,7-9K,合肥,,2026-06-06 14:04:19
0b120d162e054e5703R62tW8EFRY,女装数据分析,合肥市蜀山区宛斯...,20-99人,服装/纺织,大专,5-10年,"数据分析/挖掘经验, 电商/零售行业数据相关经验",5-6K,合肥,,2026-06-06 14:04:19
598645724749917703F-2Nu9FlRQ,大数据分析师,搞米科技,20-99人,其他行业,本科,经验不限,,9-12K,合肥,,2026-06-06 14:04:19
fbf5de0d70653fe91H1-0ti_EFdT,数据分析师,合肥臻骏法律咨询,0-20人,咨询,本科,1年以内,"数学/统计相关专业, 计算机相关专业, 数据分析/挖掘经验",15-20元/时,合肥,,2026-06-06 14:04:19
fb8300212c0e094a1HJ83d-4FVdQ,数据分析岗,京东世纪贸易有限公司,10000人以上,互联网,本科,3-5年,"数据分析/挖掘经验, 电商/零售行业数据相关经验",15-30K·16薪,合肥,,2026-06-06 14:04:19
6e18c1df06ba49a703J53NS0ElVY,00后短剧数据分析,合肥迪迅,20-99人,互联网,本科,1年以内,,4-8K,合肥,,2026-06-06 14:04:19
84e922cc683b84b20nB92tS_E1pW,数据中心设施运维【G企直签  五险一金】,合肥某大型汽车研发/制造上市公司,1000-9999人,汽车研发/制造,本科,5-10年,"IDC机房运维, Python/Shell, 运维经验, 运维开发经验, 机房运维, 机房设备, 机房建设, 机房规划, 机房管理",15-25K,合肥,,2026-06-06 14:04:19
6ff332cda46a1aa60nZy2dm7GFBW,金融数据分析负责人,万江,500-999人,互联网金融,本科,10年以上,"数学/统计相关专业, 经济/工商管理相关专业, 金融行业数据相关经验, 风控相关经验",15-30K,合肥,,2026-06-06 14:04:40
70b81c66f4e59bbb03x82tm_GVdS,大数据分析师,思多思,20-99人,计算机软件,本科,1-3年,"SQL, Python, 数学/统计相关专业, 计算机相关专业, 数据分析/挖掘经验, 财政",8-10K,合肥,,2026-06-06 14:04:40
000a22a8e4b984b20nB92dy8EFJV,数据分析实习生,剧星传媒,1000-9999人,广告营销,本科,经验不限,,3-4K,合肥,,2026-06-06 14:04:40
d7f3477addef42d10nZ929W9FlJY,数据统计分析专员,合肥鹏羽出行,20-99人,其他生活服务,大专,1-3年,"数据统计, 表格处理, 数据分析",4-5K,合肥,,2026-06-06 14:04:40
d3b623fd7a9d8cb603Z439u1GFpW,数据分析 供应链计划,微沃,100-499人,进出口贸易,本科,经验不限,"Python, 数学/统计相关专业, 计算机相关专业, 数据分析/挖掘经验, 机器学习建模经验, 电商/零售行业数据相关经验",8-13K,合肥,,2026-06-06 14:04:40
09a7c6225d8a8ab30nB_0tW-F1VY,数据分析,合肥某大型汽车研发/制造公司,1000-9999人,汽车研发/制造,本科,3-5年,,20-30K,合肥,,2026-06-06 14:04:40
341c70446671ea190nd93t-9FVBX,数据挖掘与分析工程师,科锘时芯,20-99人,通信/网络设备,本科,3-5年,,25-30K,合肥,,2026-06-06 14:04:40
40b5d00197076f810nB83Nq7E1RQ,经营数据分析专员,融辉物流,10000人以上,装卸搬运和仓储业,大专,1-3年,"业务数据分析, 数据分析/商业分析经验",6-10K,合肥,,2026-06-06 14:04:40
324fa355985d3bcd03143d68EVRY,广告管培生--接受数据分析相关经验,朗途,100-499人,电子商务,本科,1-3年,,10-15K,合肥,,2026-06-06 14:04:40
22eae654f35238821nRz2d29FVVS,CU8672-可靠性数据分析工程师,美的冰箱事业部,10000人以上,家用电器,本科,1年以内,生产制造,10-15K,合肥,,2026-06-06 14:04:40
d50053664610e7620nRz392-FFZZ,大数据分析工程师,合肥协鑫新能源,1000-9999人,光伏,本科,3-5年,,12-18K·15薪,合肥,,2026-06-06 14:04:40
5f8a92571b656c8603Bz2NW_EFtT,贷后数据岗/贷后运营支持岗,京东科技集团,1000-9999人,互联网,本科,1-3年,,8-12K·20薪,合肥,,2026-06-06 14:04:40
7be17da522bcadb603V82Nu8EldU,数据分析师,安徽徽能投综合能...,0-20人,其他新能源,本科,1-3年,"数据分析/挖掘经验, 计算机相关专业, 数学/统计相关专业, 阳光，团队意识，好学，执行力",3-6K,合肥,,2026-06-06 14:04:40
d62f75a8c143433f0nZ73N-7EFFU,AI应用开发工程师（大数据分析方向）,锐能科技,500-999人,动力电池,硕士,3-5年,,15-30K,合肥,,2026-06-06 14:04:40
f35edfab068672c70nZ43t6-GVFU,临床医学数据分析师,华笙信息咨询,20-99人,咨询,本科,1-3年,"医学相关专业, 统计学相关专业",5-10K,合肥,,2026-06-06 14:04:40
fb8bcedac54b73ae1XZ-39-6EFRS,数据分析师,天强云图,0-20人,其他专业服务,本科,经验不限,SQL,6-10K,合肥,,2026-06-06 14:05:01
702f8311fc4aa7bf03Nz09m5F1NW,仓储质控主管（base广东）,拼多多集团-PDD,1000-9999人,电子商务,大专,经验不限,"企业内部物流部门, 数据分析, 物流现场运作, 熟练使用WMS系统, 仓储管理, 货品质量管理, 货物装卸, 电商行业经验, 物流/供应链专业",16-25K,合肥,,2026-06-06 14:05:01
c1f513e3ca513bcc0nZ63di0EVpR,大数据分析工程师,合肥某大型汽车研发/制造上市公司,1000-9999人,汽车研发/制造,本科,5-10年,,20-35K,合肥,,2026-06-06 14:05:01
7e3a20711f7ddb7b1XR73t-4EVJU,数据分析师,申半山,20-99人,运营商/增值服务,本科,3-5年,"Java, 风控相关经验, 数据挖掘, Python, SQL",5-8K,合肥,,2026-06-06 14:05:01
321de7a6db45be531HB72t26EVs~,ETL 数仓 数据开发 数据库开发,九翔科技,100-499人,医疗健康,本科,3-5年,"数据分析, 数据库, Oracle",6-11K,合肥,,2026-06-06 14:05:01
0f94a6bb638ad2440nB729-8GFBV,财务分析,安徽万朗,1000-9999人,橡胶/塑料制品,本科,3-5年,,8-10K,合肥,,2026-06-06 14:05:01
a19b8d2ef633c24f03142Nu9EVJS,大数据分析助理,武汉智咻科技有限公司,20-99人,互联网,本科,1年以内,,10-13K,合肥,,2026-06-06 14:05:01
fbdaf4d26be8d9c50nV52NW4EltY,会员数据分析,汇德祥服饰科技,100-499人,批发/零售,大专,3-5年,,8-10K,合肥,,2026-06-06 14:05:01
4037198189f1dc000nZ52NW7E1pR,商业数据分析,合肥市渝霖信息技术,20-99人,计算机服务,本科,1-3年,,7-12K·13薪,合肥,,2026-06-06 14:05:01
7ad263608baeb4ae1Hd92t2-FFZU,数据分析师,数智建造,100-499人,计算机服务,本科,3-5年,"SQL, 数据分析/挖掘经验, 计算机相关专业, 数学/统计相关专业, 建筑行业相关经验",8-13K,合肥,,2026-06-06 14:05:01
d5f34a70e9202d4103x43tq1F1pW,数据分析师（客户服务）,顺泉科技,0-20人,互联网,本科,3-5年,,8-12K,合肥,,2026-06-06 14:05:01
ce16eff3ddc768ff1nNz2Nq9FFZS,松鼠AI数据分析师,智享酷联教育,20-99人,培训/辅导机构,本科,1-3年,"描述统计, 相关分析",4-9K,合肥,,2026-06-06 14:05:01
d3a2c94ea0472ba50nZ82d-0E1tY,大数据分析与挖掘工程师,喆塔,500-999人,大数据,硕士,在校/应届,,10-15K,合肥,,2026-06-06 14:05:01
178362f536d3206c0nd_2N65EVdS,资深成本分析经理,某大型生活服务(O2O)公司,1000-9999人,生活服务(O2O),本科,3-5年,,20-25K,合肥,,2026-06-06 14:05:01
b7a593db899cf0b80nZz2ti-GVVT,碰撞分析工程师,合肥某大型汽车研发/制造上市公司,1000-9999人,汽车研发/制造,本科,3-5年,,20-40K,合肥,,2026-06-06 14:05:01
0cdaba06f6d5d1ce0nB83dm6FVtQ,软件开发工程师（数据分析方向）-国企,合肥某大型汽车研发/制造上市公司,1000-9999人,汽车研发/制造,本科,3-5年,"SQL, R, Python, 数据分析/挖掘经验, 汽车, BI, 数据分析, 数据挖掘",15-25K,合肥,,2026-06-06 14:05:23
759d7fb1fd4e437b03Jz0ti6FVdW,证券/期货分析师,红顶信息,20-99人,证券/期货,大专,5-10年,"行业趋势分析, 客户服务工作经验, 成熟的投资理念和方法",6-10K,合肥,,2026-06-06 14:05:23
fd2655e2c9f696d81HR82NS-E1JV,宏基因组生信分析,安徽益智慧基因科技,20-99人,大数据,本科,5-10年,"宏基因组, R语言",10-15K·13薪,合肥,,2026-06-06 14:05:23
334ad4df4132b46e1H1-29q_EldZ,大气数据分析工程师,中科三清公司,100-499人,环保,硕士,经验不限,大气,8-10K,合肥,,2026-06-06 14:05:23
46a9ea33ae3d34aa031439-5EVJX,股票分析师IP模式（可居家前后端一体）,上海颖集信息咨询,100-499人,互联网金融,本科,1-3年,,100000-250000元/月,合肥,,2026-06-06 14:05:23
229675385ed11bac0nZ53d28ElNX,大数据产品经理（合肥地区）,徽投控股集团,20-99人,互联网金融,本科,3-5年,"大数据产品, 数据分析, 产品设计",10-15K,合肥,,2026-06-06 14:05:23
563d8b2549ee480c0nV42tu9EVVV,数据分析师,安徽比特空间信息科技,0-20人,人工智能,本科,在校/应届,,4-6K,合肥,,2026-06-06 14:05:23
fef2fb51d5c7074703153tm1EVVZ,数据分析,北京中城基建,20-99人,检测/认证/知识产权,本科,在校/应届,,5-6K,合肥,,2026-06-06 14:05:23
83ba51727b9e0f510nZ529y_FlVZ,数据分析师,路歌,1000-9999人,互联网,本科,3-5年,"SQL, 数学/统计相关专业",11-15K·14薪,合肥,,2026-06-06 14:05:23
8008415a994d56db0n1_2969F1c~,数据分析师,惠凌,0-20人,计算机服务,大专,1年以内,"数据分析, 数据挖掘, 数据仓库",4-6K,合肥,,2026-06-06 14:05:23
4b9f65a2b3a1602203dy2dm8FVNY,数据分析师,合肥水之奇科技,0-20人,环保,本科,经验不限,"机器学习建模经验, 接受实习/在校生投递, R, 电商/零售行业数据相关经验, 数学/统计相关专业, Python",2-5K,合肥,,2026-06-06 14:05:23
567d41917f32ae480nB80tW8FlFQ,物流运营经理/物流经理,冠赫科技,20-99人,社交网络与媒体,大专,5-10年,"数据分析, 承运商管理, 物流现场运作, 物流业务开发",12-18K·13薪,合肥,,2026-06-06 14:05:23
b927758a931db7bd0nB409S8E1RQ,亚马逊产品分析师双休五险一金,安徽国弘工贸,100-499人,进出口贸易,大专,5-10年,,10-15K·13薪,合肥,,2026-06-06 14:05:23
7ac1e4978248c02c0nB-09i5EFRR,急聘千川投放老手/高薪五险+超长年假,合肥泓泽文化传媒,20-99人,电子商务,大专,1年以内,"千川投手, 千川优化师, 账号运营推广, 投放, 数据分析, 巨量千川优化师",7-12K,合肥,,2026-06-06 14:05:23
0b1c3cc6114e365c03x63Ny6F1pQ,证券投顾分析师,德州建业企业管理,0-20人,电子商务,本科,3-5年,,8-13K,合肥,,2026-06-06 14:05:23
364f898ab59a81831Hxy0tq7EFNS,金融数据分析师,大智慧,1000-9999人,互联网,硕士,经验不限,"数据分析/挖掘经验, Tableau, 计算机相关专业, MATLAB, Python, 数学/统计相关专业",9-14K,合肥,,2026-06-06 14:05:45
3bc8cad71a4f80301nZ42d-6ElJS,临床数据分析,众盛智能,0-20人,医疗健康,本科,1-3年,"临床数据分析, 心脑血管",10-15K,合肥,,2026-06-06 14:05:45
190b49e2c91d55820nV82NS4F1RQ,游戏数据分析师,常春藤科技集团,100-499人,计算机服务,硕士,经验不限,,10-15K,合肥,,2026-06-06 14:05:45
559c0de86971d7930nR_2d29FlZS,反诈分析工程师(合肥),恒安嘉新,1000-9999人,互联网,本科,3-5年,"Python, 数学/统计相关专业, 计算机相关专业, 机器学习建模经验",12-20K,合肥,,2026-06-06 14:05:45
f885c315096d789d0nB53du7EVtU,财务分析/财务BP（单休）,聚云,1000-9999人,互联网,本科,3-5年,,7-10K,合肥,,2026-06-06 14:05:45
35dd3b00a1fbea9a03d82tm_E1ZU,数据分析师,合肥市包河区越时...,20-99人,批发/零售,大专,3-5年,,4-5K,合肥,,2026-06-06 14:05:45
2aec905d54e6ceeb1X1-0tu7FFZZ,数据分析实施顾问,佳通轮胎研发中心,10000人以上,汽车零部件,本科,3-5年,"SQL, 数学/统计相关专业, 计算机相关专业",12-20K,合肥,,2026-06-06 14:05:45
30d2445ba1a952b00nB72d-6FVdZ,电商数据分析师,丰实科技,100-499人,游戏,本科,1-3年,,8-13K·13薪,合肥,,2026-06-06 14:05:45
4be49e0d7a6e3e720nd42t66FFNU,交付运维工程师（工业AI数据平台）,上海展湾信息科技,100-499人,计算机软件,本科,3-5年,,10-15K·13薪,合肥,,2026-06-06 14:05:45
33e8c4983a7891990nB_09q-GVNX,数据分析（江淮直招，合肥）,合肥某大型汽车研发/制造上市公司,1000-9999人,汽车研发/制造,本科,3-5年,"数学/统计相关专业, 计算机相关专业, 数据分析/挖掘经验, 汽车, 车联网",20-35K,合肥,,2026-06-06 14:05:45
97b0a82a6d44f76203192NW4FFFW,数据分析员,谷浪,0-20人,跨境物流,本科,3-5年,"经济/工商管理相关专业, Power BI, 数据分析/挖掘经验, 电商/零售行业数据相关经验, 数学/统计相关专业, 物流行业数据相关经验",5-7K,合肥,,2026-06-06 14:05:45
81497fd6f4a3f6b30nB93t-6FlRT,口腔咨询顾问/五险一金,美奥集团,1000-9999人,医疗健康,学历不限,经验不限,"含销售性质, 沟通能力, 数据分析, 客服, 普通话",8-13K,合肥,,2026-06-06 14:05:45
eaa33e55147795930nB53Nq1EVdQ,餐饮储备店长,合肥市蜀山区偌冉...,0-20人,餐饮,高中,1-3年,"餐饮行业经验, 员工培训, 火锅店经验, 餐饮储备店长, 直营店, 直营店经验, 卫生管理, 小吃/快餐店经验, 连锁餐饮店, 数据分析, 客诉处理, 业绩管理, 连锁餐饮店经验",7-12K,合肥,,2026-06-06 14:05:45
956357f5321abb920nVy2tS4E1NU,电商数据分析专员,卓越赢方,100-499人,电子商务,大专,1-3年,,5-6K,合肥,,2026-06-06 14:05:45
34654c19ea8d9ad10nR539m4FlZV,投研专员/投研助理/买方分析师 211以上学历,景曦私募,0-20人,基金,本科,经验不限,,8-13K,合肥,,2026-06-06 14:05:45
3b489c3c1223fa550nRz09S7FlpU,股票分析师 （提供流量脚本＋培训带教）,云谦才智,100-499人,互联网金融,本科,经验不限,"证券从业经验, 证券投顾经验, 证券投顾资格, 证券从业资格",20-40K,合肥,,2026-06-06 14:06:05
8203aaed4001f96203F53dW9ElFV,珠宝店长区总招聘（接受调派）,共好珠宝,100-499人,珠宝/首饰,学历不限,10年以上,"包住, 1-3年门店店长经验, 员工培训, 数据分析, 21-23点下班, 客诉处理, 连锁门店经验, 业绩管理, 需要门店店长经验, 杂货/配饰, 库存管理, 五险",15-20K,合肥,,2026-06-06 14:06:05
2c977bf0135314c70nR-3tW5GVVY,数据分析负责人,某知名电子商务公司,1000-9999人,电子商务,本科,5-10年,,50-70K,合肥,,2026-06-06 14:06:05
508b570b1942fd310nB-2du8FVZQ,制备分析组长(J11772),皓元医药合肥研发中心,1000-9999人,生物/制药,本科,3-5年,"制备, Prep-HPLC, 反相制备, LC-MS",7-10K·13薪,合肥,,2026-06-06 14:06:05
7e31a4e8e3bc17fe03Nz39S6FFBR,财务分析经理,创趣电子,100-499人,电子商务,本科,5-10年,,10-15K,合肥,,2026-06-06 14:06:05
daa26f45ba1b9ede0nd70ty8GFZX,数据分析实习生,合肥市蜀山区荣峰...,0-20人,互联网,本科,,"Tableau, Python, SQL",50-60元/天,合肥,,2026-06-06 14:06:05
d20727d06e87acc11HR-09S7FlpW,财务分析经理,扬子工业,100-499人,电子商务,本科,3-5年,"经营分析, 数据分析, 财务bp",15-25K·14薪,合肥,,2026-06-06 14:06:05
35272eea2c6145e20nR_3Ny9EFNX,数据分析专员,翼信通讯,20-99人,电子商务,本科,1-3年,,4-5K,合肥,,2026-06-06 14:06:05
9689d7e7633ff3bb0ndy2ti4GVFQ,材料SBU经营分析推动,翰博集团,1000-9999人,新材料,本科,3-5年,,8-10K,合肥,,2026-06-06 14:06:05
3ef8387e5b5b8f6403xz2N6_FFBT,数据分析开发经理,四川压轴有大招科技,20-99人,培训/辅导机构,本科,1-3年,"Power BI, 数据分析/挖掘经验, Tableau, 计算机相关专业, SQL, Python, 数学/统计相关专业",10-15K,合肥,,2026-06-06 14:06:05
b05375f55c83071803F42tq1EFVS,需求分析师,安徽省优质采,100-499人,互联网,本科,1-3年,,12-20K·14薪,合肥,,2026-06-06 14:06:05
37ae2e986794de7c0ndy29y5F1NU,数据中心主管,新航道国际教育集团,1000-9999人,培训/辅导机构,本科,5-10年,,7-10K,合肥,,2026-06-06 14:06:05
a237c924ddbec45c1XBy3Nq5GVVS,SEM专员,立思行,100-499人,广告营销,本科,1-3年,"数据分析, SEM, app推广",5-7K,合肥,,2026-06-06 14:06:05
d931effd1c13a3ed0nRz3ty7EltZ,数据要素产品经理,天河国云,100-499人,互联网,本科,3-5年,"数据分析, 市场调研, 产品设计, 产品运营",12-24K,合肥,,2026-06-06 14:06:05
9b07065f799fb91a0nB_39q7EFJS,分析工程师,巡鹰动力,500-999人,动力电池,本科,3-5年,,10-15K,合肥,,2026-06-06 14:06:05
2b1bf513c7ff364f1HJ50t-_GVpU,招标分析师/项目经理,江苏省招标中心,500-999人,其他行业,本科,3-5年,,6-10K,合肥,,2026-06-06 14:06:26
24ceda3c0d1e2a2b0nZz2dy5EVtV,CAE分析工程师,安徽某大型汽车研发/制造上市公司,1000-9999人,汽车研发/制造,本科,3-5年,,20-40K,合肥,,2026-06-06 14:06:26
9831bde885be02280nVz2d66EVVS,商品分析经理,淮南万优供应链管理,1000-9999人,批发/零售,本科,5-10年,,15-25K,合肥,,2026-06-06 14:06:26
4322cfc153611f171nZ739q-ElJW,京东运营店长,安徽颂智实业有限公司,100-499人,电子商务,大专,1-3年,"店铺推广, 大型B2B/B2C网站经验, 电商店铺运营, B2C, 数据分析, 京东, 电商平台, 数据分析能力, 京东运营, 销售运营",8-12K,合肥,,2026-06-06 14:06:26
98710c23664954630nB92Nq4FFBT,见习店老板,老乡鸡,10000人以上,餐饮,本科,1-3年,"需要门店店长经验, 餐饮, 业绩管理, 财务管理, 数据分析, 1-3年门店店长经验, 19-21点下班, 21-23点下班, 23-24点下班",6-10K,合肥,,2026-06-06 14:06:26
1aea5e78d182542403Nz2ty8FVtV,广告数据分析师,上海陶甄建材有限公司,0-20人,建筑材料,本科,3-5年,"SQL, Python, R, 广告投放",13-20K,合肥,,2026-06-06 14:06:26
cf7f19e70d6da88103Ny3di8FFtV,竞品分析工程师,某大型汽车研发/制造上市公司,1000-9999人,汽车研发/制造,本科,3-5年,"白车身, 内外饰, 底盘, 三维设计, 设计相关专业, 计算机相关专业, 机械相关专业",20-28K,合肥,,2026-06-06 14:06:26
56ee3cfab213504b0nd63dW6E1NW,成本会计,松原(安徽),1000-9999人,其他制造业,本科,3-5年,"成本核算, 盘点, 数据分析",8-12K·13薪,合肥,,2026-06-06 14:06:26
c3cb7ae5fc51bd051X1z39S6F1RZ,财务分析师,宏业信息,20-99人,计算机软件,本科,3-5年,"财务分析师, 中级会计师",7-12K,合肥,,2026-06-06 14:06:26
38453a432aa1f1290nB_3d27F1dY,急招！美业养生20-30k安徽城市经理,三十七度昱,1000-9999人,医疗服务,学历不限,5-10年,"直营连锁, 多店管理, 数据分析, 活动策划, 美容养生, 产后修复",20-30K,合肥,,2026-06-06 14:06:26
9835a26e5b027bfd0nd-2t-1EldR,振动数据分析工程师,交泰智能,20-99人,电子/半导体/集成电路,本科,1-3年,"Python, MATLAB, Power BI, 数学/统计相关专业, 数据分析/挖掘经验, 机器学习建模经验",5-7K·13薪,合肥,,2026-06-06 14:06:26
171805e04899f7c60nB-3ty9FFpY,技术分析师,合肥聚弈城教育科技,0-20人,培训/辅导机构,大专,1-3年,,4-6K,合肥,,2026-06-06 14:06:26
3cc18f4784d9726003N52t28GFRR,买方分析师,张家港保税区恩嘉...,0-20人,证券/期货,本科,3-5年,"实盘交易经验, 期货从业资格, 行业趋势分析, 量化投资研究",8-13K,合肥,,2026-06-06 14:06:26
4fb007002e7593e20nB-2dy9FVBR,海运KA/海运大客户经理,海程邦达,1000-9999人,跨境物流,本科,3-5年,"货运代理, 数据分析, 进出口物流工作经验, 海运, 接受出差, 项目管理, 物流业务开发, 货物运输, 英语能力好",11-20K·13薪,合肥,,2026-06-06 14:06:26
c50479f8c333df3c1Xd63N28F1dT,需求分析师,品尚信息,20-99人,计算机软件,本科,5-10年,"软件需求分析, 软件实施, 需求确认, 需求挖掘, 原型设计, 系统分析, 需求调研, 计算机/软件工程相关专业, Axure, 需求管理",10-15K,合肥,,2026-06-06 14:06:26
532a7ffc47209d9e0nd_0ty5GVVU,化学分析应用工程师,安徽碧水,100-499人,环保,本科,1-3年,,6-9K,合肥,,2026-06-06 14:06:47
4736dbb99021edb303192tu1GVNR,电堆失效分析工程师,怀远壹石通,500-999人,其他新能源,硕士,1-3年,,17-22K,合肥,,2026-06-06 14:06:47
9b9d20b1f03a272d1nZ-0924FlVX,用户运营,预见未来,0-20人,互联网,本科,3-5年,"用户运营, 不接受居家办公, 工具类, 社交类, 数据分析能力好, 有营销经验, 电商用户运营, App运营, 线上推广, 活动运营, 社区类, 行业数据分析, B端用户运营, 平台类, C端产品, 数据分析",10-15K,合肥,,2026-06-06 14:06:47
6d6c66ecb36e290a031y3Nm8FltZ,跨境电商产品开发（底薪5000起）,合肥直而温电子商务,100-499人,电子商务,本科,经验不限,"跨境电商, 产品开发, 亚马逊, 数据分析",6-11K,合肥,,2026-06-06 14:06:47
79fadae7553afd5f1H162Nq4FVVZ,电性失效分析,某知名其他行业公司,1000-9999人,其他行业,硕士,5-10年,"电性失效分析, EFA, PFA, 芯片",30-60K·16薪,合肥,,2026-06-06 14:06:47
fa94dcde40d9fdf41HN-2tW_FVdW,无人机遥感数据分析工程师,安徽图知天下大数...,20-99人,互联网,本科,3-5年,"ArcGIS, 地图/导航开发经验, 地理信息/测绘工程相关专业, MapGIS, 多光谱, SuperMap, RGB, 农业无人机遥感",12-20K,合肥,,2026-06-06 14:06:47
0464d395763c31991XZz0tW9GFFY,数据产品经理,旭择科技,20-99人,计算机软件,本科,3-5年,"大数据产品, 金融产品, 需求分析, 数据分析, 产品设计, 产品运营, 后台产品",10-15K·13薪,合肥,,2026-06-06 14:06:47
5b5dc4068279bb8b0nZ439m7E1FZ,数据报表开发工程师,中通服和信科技,500-999人,计算机软件,本科,经验不限,,6-8K·13薪,合肥,,2026-06-06 14:06:47
2a8004e35fda2bae0nZ_0t-9FVVZ,金融分析师,安策智库,100-499人,咨询,本科,5-10年,REITs,15-30K,合肥,,2026-06-06 14:06:47
7b1bcb2c271b96bc03Vy2du0EFFZ,数据工程师,优旦科技,100-499人,储能,本科,1年以内,"接受无数据开发经验, 数据分析",8-12K·13薪,合肥,,2026-06-06 14:06:47
f6b5af6aed7cd0f81nR_3t25EFBR,临床药理分析师,博佳医药,100-499人,医疗服务,硕士,经验不限,"临床研究, PK, 临床数据分析, ICH",8-10K·13薪,合肥,,2026-06-06 14:06:47
58873304c1e154eb0nd-2d-6FltT,理论分析工程师,幺正量子,20-99人,电子/硬件开发,硕士,1-3年,,15-25K·14薪,合肥,,2026-06-06 14:06:47
3ecbf30ccb4d7b3c03d5296_F1pU,餐饮储备店长,安徽君顶品牌管理...,100-499人,企业服务,学历不限,1-3年,"连锁餐饮店, 餐饮行业经验, 数据分析, 收银系统操作, 餐饮储备店长, 财务管理, 连锁餐饮店经验, 卫生管理, 小吃/快餐店经验, 考勤/排班",5-10K,合肥,,2026-06-06 14:06:47
7bcaac0224b091a003xz0tu7FlVX,分析研究员,联创生物,100-499人,生物/制药,本科,3-5年,,6-8K,合肥,,2026-06-06 14:06:47
7d69685d479665e30nZ42tm1EVFZ,团队合伙人,安徽省伊家公寓管...,20-99人,物业管理,学历不限,1-3年,"销售经验, 1-3年门店店长经验, 员工培训, 就近分配, 需要门店店长经验, 不需要出差, 数据分析, 不需要晚班/夜班, 客诉处理, 业绩管理, 不需要倒班, 房产中介, 新店筹备, 五险",10-15K,合肥,,2026-06-06 14:06:47
9ac7ca34f773f7580nB929S_F1tS,外聘店长,合肥新站广场店,0-20人,餐饮,大专,1-3年,"五险一金, 1-3年门店店长经验, 不需要出差, 数据分析, 客诉处理, 连锁门店经验, 业绩管理, 财务管理, 不需要倒班, 餐饮, 需要门店店长经验",7-9K,合肥,,2026-06-06 14:07:07
163321e415f9626503d93d60EVZU,合肥包河苏宁BSIEE店长,本涩女装,1000-9999人,服装/纺织,学历不限,1-3年,"1-3年门店店长经验, 销售经验, 损耗管理, 员工培训, 熟练使用办公软件, 收银管理, 连锁门店经验, 需要门店店长经验, 服饰, 不需要出差, 不需要晚班/夜班, 数据分析, 客诉处理, 服饰鞋包, 业绩管理, 女装, 不需要倒班, 新店筹备, 五险",6-11K,合肥,,2026-06-06 14:07:07
049934cb8f3d1fb40nd53t26E1BT,经营分析专家,奇瑞信息公司,10000人以上,信息安全,本科,5-10年,"目标管理, 绩效管理",20-40K·15薪,合肥,,2026-06-06 14:07:07
4408b67c019f96d20nB929q6GVdZ,生鲜店长,合肥市蜀山区半亩...,0-20人,批发/零售,高中,1-3年,"销售经验, 1-3年门店店长经验, 损耗管理, 线上平台运营, 超市/食品, 水果店, 需要门店店长经验, 生鲜店, 不需要出差, 数据分析, 不需要晚班/夜班, 客诉处理, 业绩管理, 不需要倒班",6-9K,合肥,,2026-06-06 14:07:07
0dbf3bc33d1e284f0ndy39-6FFpQ,养发店长,菲丽希缇,20-99人,美容,学历不限,1-3年,"销售经验, 1-3年门店店长经验, 员工培训, 线上平台运营, 熟练使用办公软件, 活动策划, 连锁门店经验, 3-5年门店店长经验, 需要门店店长经验, 美容保健, 不需要出差, 5年以上门店店长经验, 数据分析, 21-23点下班, 1年以下门店店长经验, 客诉处理, 业绩管理, 不需要倒班, 保健/养发",7-12K,合肥,,2026-06-06 14:07:07
085d469fe7f271500nR50ty8GVZV,风险指标分析师,高灯科技,1000-9999人,互联网,本科,3-5年,,15-20K,合肥,,2026-06-06 14:07:07
eb68628250f957930ndz39-7E1FU,实习生-商业分析,安徽讯学,100-499人,互联网,硕士,,"业务模式/运营策略优化, 数据分析/商业分析经验, 竞品分析",100-150元/天,合肥,,2026-06-06 14:07:07
f4fde0541dfeeab20nB92Nm8FlVR,店老板,老乡鸡,10000人以上,餐饮,大专,1-3年,"1-3年门店店长经验, 数据分析, 不需要晚班/夜班, 业绩管理, 财务管理, 不需要倒班, 餐饮, 需要门店店长经验",6-10K,合肥,,2026-06-06 14:07:07
c24592dd8b4243750nd-09m_EFtQ,理科教师,文天德馨托管,0-20人,其他生活服务,本科,在校/应届,"一级甲等, 教师, 初高中教育工作经验, 教务, 生物, 活动策划, 高中生, 小班教学（3-25人）, 培训机构, 线下教育, 线上教育, 二级甲等, 一级乙等, 初中教师资格证, 初中生, 二级乙等, 数据分析, 物理, 社群运营, 不坐班, 化学, 一对一教学, 高中教师资格证",5-8K,合肥,,2026-06-06 14:07:07
5009fb97f41751140nRy0ti9E1NW,商业分析专员,顺丰速运,10000人以上,快递,本科,3-5年,"公司内部岗位, 情报收集, 快递, 物流",11-20K,合肥,,2026-06-06 14:07:07
cc40b4c0bfc98b1903x83Ni4E1JZ,网管经理,顺心捷达,10000人以上,快递,大专,1-3年,"企业内部物流部门, 数据分析, 接受出差, 物流网络规划, 物流业务开发",9-14K,合肥,,2026-06-06 14:07:07
7e5799778adca86203x-2NW6EFdY,经营分析专家,满帮集团,1000-9999人,互联网,本科,3-5年,,20-30K,合肥,,2026-06-06 14:07:07
816fc25af465e1fe1HF72dS4FlVQ,农药残留室内分析,安徽华辰检测技术,100-499人,检测/认证/知识产权,本科,经验不限,"农药残留检测, 气质, 液质",6-8K,合肥,,2026-06-06 14:07:07
dd818a12a98950be0nd92du1GFpX,短视频拍剪师（熟练运用剪辑软件+轻运营）,喜好,0-20人,服装/纺织,大专,1-3年,"短视频, 剪辑, 数据分析, 短视频剪辑, 运营",4-8K,合肥,,2026-06-06 14:07:07
c9144615960394310nV62Nq_FVpV,班主任/辅导员,衡校教育,20-99人,培训/辅导机构,本科,1-3年,"大学/大专生, 大学英语四级/六级, 熟练使用办公软件, 培训机构, 线下教育, 线上教育, 双休, 教师资格证, 外语发音标准, 不授课, 数据分析, 大型教育机构经验, 坐班, 中学生, 教育专业背景, 不坐班, 买社保, 一对一教学, 普通话发音标准",5-8K,合肥,,2026-06-06 14:07:07
41a5b954c11b95050nd52dS_F1VQ,数据分析操作员,长鑫存储,1000-9999人,半导体/芯片,大专,1-3年,"Python, SQL",7-9K·13薪,合肥,,2026-06-06 14:09:30
b8b3ae6f300b93d30nB_0969F1VY,供应链数据分析  5K起  可小白,安徽亚声威格,500-999人,电子商务,本科,经验不限,"接受无供应链经验, 供应链/物流类专业, 数据分析能力, 熟练使用ERP系统, 进出口物流经验, 不需要出差",5-8K·13薪,合肥,,2026-06-06 14:09:30
27b6345702499d0f0nB-3Ni6FVtY,数据分析师（初中英语老师/小学数学老师）,河南松鼠云上智能技术,20-99人,智能硬件,本科,1-3年,"学科应试类, 初中英语教学经验, 小班教学（3-25人）, 培训机构, 线下教育, 线上教育, 英语, 外语发音标准, 教育学专业背景, 小学数学教学经验, 大型教育机构经验, 初中英语教资, 坐班, 中学生, 数学, 学前儿童/小学生, 普通话发音标准",4-9K,合肥,,2026-06-06 14:09:30
f9dcc1195e38a4bc0nV70t25EVpZ,数据分析师,菜洋洋,1000-9999人,电子商务,本科,3-5年,"经济/工商管理相关专业, Power BI, 数据分析/挖掘经验, 计算机相关专业, 电商/零售行业数据相关经验, SQL, Python, 数学/统计相关专业",15-30K,合肥,,2026-06-06 14:09:49
255dafe3559bc6610nd62N-8E1dY,数据分析工程师-地铁二号线,合肥嘉珺供应链管理,100-499人,电子商务,大专,1-3年,"Python, SQL, 数学/统计相关专业, 数据分析/挖掘经验, 计算机相关专业, 金融行业数据相关经验, 电商/零售行业数据相关经验, 聚水潭, 电商",7-8K,合肥,,2026-06-06 14:09:49
02d8ae8f48e8fe7e1nF829i7GFBY,运营专员（可接受应届毕业生）,安徽科威网络科技...,20-99人,互联网,大专,经验不限,"网店店长, 数据分析, 运营专员, 英语",4-7K,合肥,,2026-06-06 14:09:49
303b5aa617124e1203F-3dS0E1ZW,数据分析师,浩然,20-99人,金属制品,本科,1-3年,,6-11K,合肥,,2026-06-06 14:10:12
d8d9460610e31f621HB_2Nq_ElZR,大数据分析工程师,中小在线,20-99人,企业服务,本科,1-3年,"SQL, Python",10-11K,合肥,,2026-06-06 14:10:12
76b6799b8f6e91d30nV92t-6GVZT,大数据分析师,长三角科技战略研究院,0-20人,其他行业,本科,1-3年,,3-6K,合肥,,2026-06-06 14:10:12
7671914121cfe7890nV739m5FFVU,金融数据分析师,安徽鑫投商贸有限公司,0-20人,建筑材料,本科,5-10年,"经济/工商管理相关专业, 金融行业数据相关经验, 懂企业孵化, 贸易增量操作流程",20-40K,合肥,,2026-06-06 14:10:32
809b95bdb9c7a9181HN73dq5EFtS,跨境电商数据分析师,合肥知棠,100-499人,电子商务,本科,3-5年,"业务数据分析, 数据分析, Power BI, 数据分析/挖掘经验, Tableau, 电商/零售行业数据相关经验, 数学/统计相关专业, 电商",10-15K,合肥,,2026-06-06 14:10:32
123ddac757828d570nd83dq8FVFR,数据分析师（合肥）,术木智能,20-99人,大数据,本科,3-5年,,6-8K,合肥,,2026-06-06 14:10:52
8fe22e1a8610ae490nB509m6F1ZX,数据分析员/销售内勤,泰合林,100-499人,批发/零售,大专,1-3年,数学/统计相关专业,5-7K,合肥,,2026-06-06 14:11:12
6c4b144dccfa25e40nV539m9E1dU,电商财务BP / 财务分析,合肥英吉利生物科技,100-499人,电子商务,本科,5-10年,"电子商务, 财务BP, 财务主管, 大快消品",10-15K,合肥,,2026-06-06 14:11:12
da73b2a4faba5c510nB439W1FVVX,【讯飞创投】投资分析师/投资助理/投资经理,合肥科讯睿进投资...,20-99人,投资/融资,本科,1-3年,"一级市场投资职位, 早期风险投资, 成长型投资, Pre-IPO投资, 具有优秀项目资源, 较强的行业分析能力, 曾任职中大型企业投资部/战略部, 医疗/大健康, 能源, 先进制造",15-30K·14薪,合肥,,2026-06-06 14:11:34
7340045d37a788f503x42tm4ElFW,卖场经理/店长,长丰彦玲服装店(...,0-20人,服装/纺织,学历不限,3-5年,"数据分析, 21-23点下班, 百货卖场, 服饰鞋包, 陈列管理, 业绩管理, 需要卖场经理经验, 库存管理, 五险, 3-5年卖场经理经验",10-15K,合肥,,2026-06-06 14:11:34
bec9eb1e076404e703F72NW5EFBZ,超市店长,安德利,1000-9999人,批发/零售,学历不限,3-5年,"包住, 员工培训, 熟练使用办公软件, 超市/食品, 陈列管理, 连锁门店经验, 就近分配, 3-5年门店店长经验, 超市, 需要门店店长经验, 库存管理, 五险一金, 不需要出差, 数据分析, 客诉处理, 19-21点下班, 不需要倒班",6-10K,合肥,,2026-06-06 14:11:34
4a9733c0c69ab3660nR939-9ElFQ,临床研究/临床数据分析师、讲师-合肥,沿长科技(成都)...,100-499人,学术/科研,硕士,经验不限,,5000-15000元/月,合肥,,2026-06-06 14:11:34
16a4c6eff3ac26f30nd729i1FlBQ,产品经理/需求分析师(水利方向),中水三立,100-499人,电力/热力/燃气/水利,硕士,1-3年,,9-14K·13薪,合肥,,2026-06-06 14:11:56
cfe687d2e7458b170nB929y1EVZZ,门店店长,帝维台球俱乐部,20-99人,体育,中专/中技,1-3年,"需要门店店长经验, 员工培训, 数据分析, 损耗管理, 客诉处理, 新店筹备, 1-3年门店店长经验, 3-5年门店店长经验, 5年以上门店店长经验, 不需要倒班",10-15K,合肥,,2026-06-06 14:11:56
796cc09fd73e46aa0nZ53tm4GFdU,亚马逊产品开发(精品),巍盛科技,100-499人,计算机软件,大专,1-3年,"产品开发, 亚马逊, 数据分析, 外贸产品开发, 市场调研, 产品运营",6-10K,合肥,,2026-06-06 14:11:56
7ddf84dfa083042703dz39m4FFVS,数据中心机房方案设计工程师,合肥泰格,20-99人,通信/网络设备,本科,3-5年,,8-10K,合肥,,2026-06-06 14:12:17
20b71ef613a0a2090nB73di6GFdX,财务分析/财务BP,合肥明飞汽车零部件,500-999人,汽车零部件,本科,3-5年,,10-15K·13薪,合肥,,2026-06-06 14:12:17
c084b7621a307f311HV609i9E1ZQ,软件无线电，频率分析,汇鑫电子,20-99人,通信/网络设备,本科,5-10年,"卫星通信, 通信项目管理, 数字信号处理, 微波射频, 天线设计, 无线通信, 射频设计, 通信协议/软件开发",10-15K,合肥,,2026-06-06 14:12:17
586e8d4ebd0bea060nd_39y8FFBT,维修站长,合肥诸圣护持汽车服务,10000人以上,汽车后市场,中专/中技,5-10年,"销售经验, 熟练使用办公软件, 汽车服务, 连锁门店经验, 需要门店店长经验, 员工招聘, 库存管理, 5年以上门店店长经验, 不需要出差, 包吃住, 数据分析, 不需要晚班/夜班, 客诉处理, 业绩管理, 不需要倒班",8-13K,合肥,,2026-06-06 14:12:39
e34a321e85e33fdf0nRz3t69FltU,舆情分析师,甫山智能信息,20-99人,人工智能,本科,1-3年,,8-13K,合肥,,2026-06-06 14:12:39
0a73ee5d2b7e0f1603V_3d64FVNW,碳排放分析员,建院能源,0-20人,新能源,硕士,,"环境相关, 新能源相关, 数据分析, 沟通",20-60元/天,合肥,,2026-06-06 14:12:39
e6c150446bf1f6870nV93920F1FX,数据分析师,智云信息安全,20-99人,信息安全,本科,经验不限,"Python, SQL",5-9K,合肥,,2026-06-06 14:15:48
279fa6e8ebb89d8d0nB60tm-F1VX,大数据分析工程师,智遥信息技术,0-20人,计算机软件,本科,1-3年,,6-11K,合肥,,2026-06-06 14:16:08
3581fa78689d66780nB80t6-GVBU,python数据分析（南京）,拓维云创,1000-9999人,计算机软件,本科,1-3年,"Python, 数据分析/挖掘经验",6-11K,合肥,,2026-06-06 14:16:29
aeed2dbf7eddc2910nd609i1F1BS,广告投手【双休+五险一金】,非凡互动,100-499人,广告营销,本科,经验不限,"五险一金, 信息流广告, 数据分析, 双休+法休, 巨量引擎",6-11K,合肥,,2026-06-06 14:16:51
707fd26c2a4de3d703Ny3tW6FlRR,蔬果主管6-8K,盒马鲜生,10000人以上,生活服务(O2O),大专,1-3年,"需要卖场经理经验, 五险一金, 不需要出差, 不需要倒班, 生鲜卖场, 超市, 损耗管理, 库存管理, 数据分析, 连锁门店经验, 熟练使用办公软件, 1-3年卖场经理经验",6-8K·13薪,合肥,,2026-06-06 14:16:51
8846a31dfc8363600nB-3NS7FFVU,儿童摄影店长,小鬼当佳,20-99人,婚庆/摄影,学历不限,经验不限,"1-3年门店店长经验, 员工培训, 儿童乐园, 陈列管理, 就近分配, 财务管理, 需要门店店长经验, 摄影店, 不需要出差, 不需要晚班/夜班, 数据分析, 业绩管理, 不需要倒班",10-15K,合肥,,2026-06-06 14:16:51
90161ca4815264fc0nZy39-5FVBW,连锁餐饮储备店长,合肥经济技术开发...,0-20人,餐饮,学历不限,1-3年,"连锁餐饮店, 餐饮行业经验, 数据分析, 餐饮储备店长, 业绩管理, 连锁餐饮店经验, 新店筹备, 库存管理, 考勤/排班",7-9K,合肥,,2026-06-06 14:17:12
b8c2f5040f546aa803Rz0tu1ElZV,黄金数据风控官/分析师（看盘/盯盘）,金寨引潮科技有限公司,20-99人,咨询,本科,1-3年,"金融机构策略开发/建模经验, 风控/安全策略经验, 数学/统计相关专业",12-22K,合肥,,2026-06-06 14:17:34
382feb57b09cdbc60nB50927GVpW,碰撞分析工程师/车企外包,人瑞网络科技,10000人以上,计算机硬件,本科,1-3年,,11-16K,合肥,,2026-06-06 14:17:34
1ad84e446fe86f520ndy3Ny6GFNU,汽车碰撞分析师,合肥某大型汽车研发/制造上市公司,1000-9999人,汽车研发/制造,本科,3-5年,,25-40K,合肥,,2026-06-06 14:17:34
765be3b0440e219903N62dq_EVdQ,拼多多集团-PDD招聘物流运营,拼多多集团-PDD,1000-9999人,互联网,大专,1-3年,"企业内部物流部门, 订单管理, 数据分析, 电商行业经验",5-7K,合肥,,2026-06-06 14:17:55
eaac222989f9a8401nR729i-EVFU,证券分析师,招商证券合肥北一环,1000-9999人,证券/期货,本科,经验不限,证券分析,4-8K,合肥,,2026-06-06 14:18:15
aba32a0a631fe27e0nB92t-7GFVZ,极兔快递客服主管,合肥百地供应链管理,20-99人,快递,大专,1-3年,"快递行业, 办公室坐班, 团队管理, 数据分析, 售后客服, 不含销售的客服工作, 投诉客服, 企业内部客服, 正常工作制",6-8K,合肥,,2026-06-06 14:18:15
01e9079b5fe7cb3c0nd83d69F1JZ,媒介策划经理,华扬联众,1000-9999人,互联网,本科,3-5年,"媒介策略制定, 熟悉各新媒体平台营销管理, 数字营销, 数据分析, 品牌服务, 小红书",12-15K,合肥,,2026-06-06 14:18:37
7885dd350e0929370nV829m1FlJW,舆情分析师（经济金融方向）,安徽博约,100-499人,计算机软件,本科,经验不限,,4-6K,合肥,,2026-06-06 14:18:37
443b05ee5d9692481HBy2N2-ElVU,策略数据分析师,玉臻集团,1000-9999人,互联网金融,本科,1-3年,业务数据分析,7-9K,合肥,,2026-06-06 14:23:06
ea5cca5514b2544f0nB62920GFdV,大数据分析师,合肥正恩,100-499人,互联网,本科,3-5年,,10-13K,合肥,,2026-06-06 14:23:06
a8c05779abb9e73803xy39y1EVNT,质谱分析工程师,安徽科博,100-499人,学术/科研,本科,5-10年,"食品相关专业, 通过CMA评审, 化工工程师证",7-10K,合肥,,2026-06-06 14:23:48
18abfa9127755fec1HJ929i1FlVS,数据分析师(电商),上海竹棠,100-499人,进出口贸易,本科,3-5年,"数据分析, 电商/vba/财务, 电商/零售行业数据相关经验, Python",10-13K,合肥,,2026-06-06 14:24:10
93ae5abfc55c582f03d42NW7ElRY,数据分析师（双休）,鼎校教育,500-999人,人工智能,本科,3-5年,"金融行业数据相关经验, 数据分析/挖掘经验, Python, 数学/统计相关专业",10-13K,合肥,,2026-06-06 14:24:10
d21b39ca3b4d61150nB42t--E1RX,呼叫中心-数据专员（周末双休）,鸿联九五,10000人以上,互联网,本科,1-3年,"经济/工商管理相关专业, 金融行业数据相关经验, 数据分析, 人力资源专业优先, 呼叫中心, 计算机相关专业, 统计, 数学/统计相关专业",4-6K,合肥,,2026-06-06 14:24:52
0811b429161d7ee40nB639y7GVNX,数据分析专员,回音必股份,1000-9999人,生物/制药,本科,经验不限,"数学/统计相关专业, 计算机相关专业",4-5K,合肥,,2026-06-06 14:25:12
19114dd6904526a50nB_0960FFRR,EE架构需求分析师（需驻场）,联蔚数科,1000-9999人,计算机服务,本科,5-10年,,20-40K,合肥,,2026-06-06 14:25:33
e48ff03e62a818d803Ny39m8ElRX,高级预测分析师-14薪,同程旅行,1000-9999人,互联网,本科,3-5年,,8-10K,合肥,,2026-06-06 14:25:33
77d6d27931d319f30nR72tq_EldY,老乡鸡见习助理,安徽老乡鸡餐饮有...,0-20人,餐饮,大专,经验不限,"连锁餐饮店, 损耗管理, 餐饮行业经验, 员工培训, 数据分析, 餐饮储备店长, 其它, 直营店, 连锁餐饮店经验, 可兼职, 卫生管理, 接受无经验",4-8K,合肥,,2026-06-06 14:25:54
3a88c657b80bbdc40nB-29S_FlRV,黄金门店店长,合肥市庐阳区昌徕...,20-99人,珠宝/首饰,学历不限,1-3年,"包吃, 五险, 需要门店店长经验, 活动策划, 员工培训, 业绩管理, 数据分析, 客诉处理, 熟练使用办公软件, 销售经验, 连锁门店经验, 1-3年门店店长经验, 不需要出差, 不需要倒班",9-14K,合肥,,2026-06-06 14:26:15
dc6ca914922374f41HR539S6EVVT,高级舆情分析师,阳光商务传媒,100-499人,新闻/出版,本科,3-5年,舆情,8-12K,合肥,,2026-06-06 14:26:15
8921e2f1fc15471b0nd82dq_F1tV,整车车联大数据分析实习生,NIO蔚来,10000人以上,汽车研发/制造,本科,,,150-200元/天,合肥,,2026-06-06 14:29:24
9961eb2e119a49ae0nV63dq4E1VR,益智游戏数据分析师（接受应届生）,合肥常春藤,100-499人,游戏,硕士,经验不限,,8-12K,合肥,,2026-06-06 14:31:06
1b15cc481f5fda900nB73N24GVdV,外聘店老板,乐城超市老乡鸡,0-20人,餐饮,学历不限,1-3年,"就近分配, 五险一金, 需要门店店长经验, 餐饮, 业绩管理, 数据分析, 客诉处理, 熟练使用办公软件, 连锁门店经验, 1-3年门店店长经验, 不需要出差, 不需要倒班, 不需要晚班/夜班",6-11K,合肥,,2026-06-06 14:31:26
23a3de87c04f736c0nB_0tS0E1ZS,NVH分析（风噪仿真分析方向）,咯拉树,100-499人,互联网,本科,3-5年,"风噪, 仿真, 风噪性能, 刚强度分析",15-30K,合肥,,2026-06-06 14:31:26
0415dde8e59d65430nZz3tW6E1pR,财务数据分析助理（跨境电商运营方向）,安徽酷族科技有限公司,20-99人,电子商务,本科,经验不限,"成本, 财务分析, python, 数据分析, 跨境电商运营, 财务BP助理, 统计, 电商",5-8K,合肥,,2026-06-06 14:32:10
e52da848fd69f4cc0nB83Ni-GFVV,门店店长（大健康/健康管理/养生门店）,安徽奇正健康管理公司,100-499人,医疗服务,学历不限,1-3年,"需要门店店长经验, 不需要出差, 不需要倒班, 不需要晚班/夜班, 就近分配, 商业保险, 五险, 美容保健, 美容美体, 活动策划, 员工培训, 业绩管理, 客诉处理, 数据分析, 销售经验, 1-3年门店店长经验",6-10K,合肥,,2026-06-06 14:32:31
7bd63ac69a06ac550nd_3NW0FVJZ,鲜丰水果门店店长,合肥市庐阳区学干...,0-20人,批发/零售,高中,1-3年,"包住, 销售经验, 1-3年门店店长经验, 员工培训, 熟练使用办公软件, 陈列管理, 连锁门店经验, 就近分配, 需要门店店长经验, 员工招聘, 不需要出差, 不需要晚班/夜班, 数据分析, 业绩管理, 不需要倒班",6-11K,合肥,,2026-06-06 14:35:58
bb511addd6ee657003182N21F1tX,督学老师/数据分析师,合肥市新站区哈喽...,0-20人,培训/辅导机构,本科,1-3年,"心理学专业背景, 学科应试类, 培训机构, 线下教育, 线上教育, 英语, 视频拍摄与录制, 外语发音标准, 教育学专业背景, 中学生, 坐班, 数学, 学前儿童/小学生, 一对一教学, 普通话发音标准",4-9K,合肥,,2026-06-06 14:36:20
d9c4262ed328b5960nR439u8EVZT,数据分析岗（工作地点在江苏宿迁）,京东物流,10000人以上,快递,本科,1-3年,,12-18K·16薪,合肥,,2026-06-06 14:36:41
bf39b817cbacb73e0nd-3t2_EFBQ,数据分析,安徽佳通乘用子午...,500-999人,汽车零部件,本科,经验不限,"Power BI, 数据分析/挖掘经验, 数学/统计相关专业, FineBI",7-9K,合肥,,2026-06-06 14:37:02
28bb6b48028858d71HJ629S9EVVV,数据分析师,云畅数据,20-99人,大数据,本科,3-5年,"数据分析/挖掘经验, 计算机相关专业, Python, SQL, 数学/统计相关专业",6-10K,合肥,,2026-06-06 14:37:22
0765126ac486ac7c0nZ739W7EFdV,智能算法研发工程师（数据分析-工业）,国轩高科,10000人以上,汽车研发/制造,硕士,3-5年,,20-30K·13薪,合肥,,2026-06-06 14:38:05
ffe4eaa20882a93a0nd82dS9E1pU,NVH分析工程师,某知名汽车研发上市公司,1000-9999人,汽车研发/制造,本科,3-5年,"电气, 汽车相关专业, 机械相关专业, Protel, CANoe/CANalyser, 仿真, 发动机, DHT",20-30K,合肥,,2026-06-06 14:38:27
f5141ed77d3c45cd0nR_0tq-GVVS,大数据分析专员,玉成有限公司,100-499人,机械设备/机电/重工,硕士,5-10年,,12-17K,合肥,,2026-06-06 14:43:14
27179157aaf00d1a0nB729S1GFtR,客服数据分析师,华为慧通,10000人以上,批发/零售,本科,1-3年,,6-8K·14薪,合肥,,2026-06-06 14:43:14
5471cca1bf0feee20nB-29m4FFBZ,门店店长（督导方向）,谢裕大,100-499人,批发/零售,本科,1-3年,"1-3年门店店长经验, 不需要出差, 数据分析, 不需要晚班/夜班, 连锁门店经验, 业绩管理, 烟酒茶礼, 其他, 不需要倒班, 需要门店店长经验, 五险",6-7K,合肥,,2026-06-06 14:43:34
b9b734dd937e91320nd70t68EVFY,储能投资分析高级专员,阳光新能源,1000-9999人,光伏,本科,3-5年,,20-30K,合肥,,2026-06-06 14:43:55
377fd709da1013340nB539S4EVpY,品牌男装店长,株洲湘锦汇服饰,100-499人,批发/零售,高中,1-3年,"需要门店店长经验, 服饰鞋包, 服饰, 陈列管理, 业绩管理, 数据分析, 卫生管理, 新店筹备, 销售经验, 连锁门店经验, 线上平台运营, 1-3年门店店长经验, 不需要倒班, 不需要晚班/夜班",7-12K,合肥,,2026-06-06 14:43:55
2eefe24ed4fbc1a21HF-2ti6FVFQ,大数据运维工程师,数据空间研究院,100-499人,人工智能,硕士,1-3年,"Nginx, 大数据运维经验, 系统运维, 运维开发/DevOps, 运维开发经验, Redis, 计算机相关专业, Kubernetes",15-25K·14薪,合肥,,2026-06-06 14:44:17
da2244ba0175f51d1XV52Nu-GVdX,舆情分析师,安徽博约,100-499人,计算机软件,本科,经验不限,"新闻、汉语言、文案, 文字编辑",4-7K,合肥,,2026-06-06 14:44:17
ee192d28fbcf0c120XB_2dm4FFY~,数据分析专员,久久爱恋,20-99人,互联网,本科,经验不限,数据分析,10-11K,合肥,,2026-06-06 14:44:17
f43bbde8c88decc50nB40ti5E1ZX,门店合伙人,老电影OLDFILM,100-499人,服装/纺织,大专,3-5年,"需要门店店长经验, 服饰鞋包, 美妆护肤, 服饰, 女装, 运动户外, 鞋包, 奢侈品, 员工培训, 陈列管理, 业绩管理, 数据分析, 员工招聘, 熟练使用办公软件, 销售经验, 连锁门店经验, 5年以上门店店长经验, 不需要出差, 不需要倒班, 不需要晚班/夜班",8-13K,合肥,,2026-06-06 14:44:17
0fdf4bf0bf6a9ce51X1-2d-7F1JW,高级数据分析师和开发工程师、架构师,德坦软件,20-99人,计算机软件,本科,5-10年,"Hive, SQL, Spark, 大数据开发经验, 数仓设计/开发经验, ETL设计/开发经验",12-24K,合肥,,2026-06-06 14:44:38
f79faf193b3354ea03N92965EltU,数据分析报告撰写专员,安徽数升,20-99人,计算机软件,硕士,3-5年,,15-20K·14薪,合肥,,2026-06-06 14:44:38
5835cb3ec66f96340nZy2Nu8EVBU,财务数据分析专员,泛欧跨境电商,20-99人,电子商务,大专,1-3年,"SQL, Power BI, 数学/统计相关专业, 计算机相关专业, 数据分析/挖掘经验, 电商/零售行业数据相关经验",5-8K,合肥,,2026-06-06 14:44:38
624a65d6dc76fbd603xz29q0FFVW,高级舆情分析师,民航资源网,20-99人,社交网络与媒体,本科,3-5年,,8-11K,合肥,,2026-06-06 14:44:38
c065f6a2cf47e69b03V92t-8FltX,电池算法工程师,国轩高科工程研究院,10000人以上,动力电池,本科,5-10年,"数据分析, 电池算法, 大数据, 软件开发",14-24K·13薪,合肥,,2026-06-06 14:44:38
8a2df86b41cccc5403F82ty0EFRX,电力业务数据分析师,矽科信息,0-20人,计算机软件,本科,3-5年,"会写报告，电力行业, 数据分析/挖掘经验, 计算机相关专业, SQL, Python, 数学/统计相关专业",6-11K,合肥,,2026-06-06 14:45:22
2ee7accc970779000nd50ti5EFRS,成本分析专员,奇瑞汽车,10000人以上,汽车研发/制造,本科,5-10年,,20-40K·15薪,合肥,,2026-06-06 14:45:22
597bacf3118037230nB42N61FldR,经营分析-两轮-合肥,哈啰普惠,1000-9999人,互联网,本科,3-5年,,12-24K,合肥,,2026-06-06 14:45:43
cd0f47c5e40f29730nZ80t27E1RT,生信分析工程师,安徽医信星生物科技,20-99人,生物/制药,硕士,1-3年,,5-9K,合肥,,2026-06-06 14:45:43
b699aa128481fa830nV83Nq4EFpZ,超市店长,安德利,1000-9999人,批发/零售,大专,3-5年,"就近分配, 五险一金, 需要门店店长经验, 超市/食品, 超市, 活动策划, 陈列管理, 业绩管理, 财务管理, 数据分析, 熟练使用办公软件, 销售经验, 连锁门店经验, 线上平台运营, 1-3年门店店长经验, 不需要出差, 不需要倒班, 19-21点下班",7-12K,合肥,,2026-06-06 14:45:43
bd00d7a42b1b29280nR_3dW5E1FZ,小核酸药物分析负责人,中科普瑞昇,100-499人,医疗服务,硕士,5-10年,,10-15K,合肥,,2026-06-06 14:46:04
8092b0ed22e369c40nZy3ti8ElRT,安徽天一大联考-数据分析员,安徽天一,20-99人,互联网,本科,1-3年,,6-7K,合肥,,2026-06-06 14:49:13
20edc048439c023f0nB529W7FFNT,战略分析师,安徽某大型半导体/芯片公司,1000-9999人,半导体/芯片,本科,10年以上,,25-50K·16薪,合肥,,2026-06-06 14:49:33
93949f492c108b010ndz2t24GVFV,高级数据分析师,斑马智能,1000-9999人,互联网,硕士,3-5年,,15-25K·15薪,合肥,,2026-06-06 14:50:17
08bebdb171e164b50nB_2NW8GVJW,资深成本分析经理,某知名生活服务(O2O)公司,1000-9999人,生活服务(O2O),本科,1-3年,,20-25K,合肥,,2026-06-06 14:50:39
2406ad64708529ac031429W7F1dQ,学管师(班主任),合肥润物无声教育咨询,0-20人,培训/辅导机构,大专,1-3年,"大学英语四级/六级, 熟练使用办公软件, 小班教学（3-25人）, 培训机构, 线下教育, 线上教育, 互联网教育平台使用, 不授课, 数据分析, 中学生, 坐班, 学前儿童/小学生, 一对一教学, 大班教学（25人以上）",3-8K,合肥,,2026-06-06 14:50:39
17b5e2d8abebf3f60nRy2Ni9ElFR,理化分析工程师,源启新程,20-99人,化工,本科,1-3年,"化工工程师证, 精细与专用化学品, 熟悉固废检测标准, 磷酸铁合成或制备经验, 无机元素的滴定检测经验, 环保行业, 工艺设计, 化学专业, 生产操作与管理, Li/Al/Fe萃取，树脂/膜除杂经验, 轻化工程专业, 理化或ICP测试经验, 产品研发, 专利申请, 石油化工, 环保专业, 金属冶炼, 有机品",6-9K,合肥,,2026-06-06 14:51:41
d3dda6e44109b8af0nB_39m6E1pW,旗舰店店长（三孝口附近半天班）,七货街,500-999人,食品/饮料/烟酒,高中,1-3年,"需要门店店长经验, 不需要出差, 就近分配, 五险, 商业保险, 超市/食品, 超市, 生鲜店, 便利店, 水果店, 蛋糕/面包, 陈列管理, 数据分析, 卫生管理, 库存管理, 客诉处理, 连锁门店经验, 1-3年门店店长经验, 3-5年门店店长经验, 5年以上门店店长经验",6-9K,合肥,,2026-06-06 14:52:02
e931d5c1948384f31HV_3969FlFW,大气环境数据分析工程师,中科宇图科技,500-999人,环保,本科,1-3年,数据分析师,7-10K,合肥,,2026-06-06 14:56:33
2c580bcbffbd9122031639y8FFVV,足球分析师,一九八八传媒集团,20-99人,广告/公关/会展,大专,5-10年,"足球, 金融行业数据相关经验, 风控相关经验, 数据分析, 彩票, 盘口, 数据分析/挖掘经验, 文娱/游戏行业数据相关经验, 数学/统计相关专业, 体彩",12-24K,合肥,,2026-06-06 14:56:55
d6e8acbdde5969850nB-3t29EVFY,药物分析实习生（27届）,微谱,1000-9999人,检测/认证/知识产权,本科,,,120-150元/天,合肥,,2026-06-06 14:57:37
2ec145e8ca5440f60nB_0924GVFY,信息流投放小白（五险一金/双休）,海洋无限,500-999人,广告营销,本科,经验不限,"投流, 周末双休，五险一金, 数据分析, 信息流, 运营, 可接受小白",5-8K,合肥,,2026-06-06 14:57:59
c45ea850c66d8bfe031_3t6-FlNR,【月薪1万2+不缺客户】副店长,合肥叁生美生物科技,20-99人,其他专业服务,高中,10年以上,"销售经验, 1-3年门店店长经验, 奢侈品, 员工培训, 珠宝店, 鞋包, 就近分配, 美发, 需要门店店长经验, 美容保健, 服饰, 库存管理, 不需要出差, 美容美体, 数据分析, 不需要晚班/夜班, 客诉处理, 服饰鞋包, 业绩管理, 女装, 保健/养发, 五险",9-12K,合肥,,2026-06-06 14:57:59
48f6f5d261d203610nR_2Ny1GFtQ,服务板块数据分析师,阳光电源股份有限公司,10000人以上,光伏,本科,5-10年,,10-15K·15薪,合肥,,2026-06-06 15:02:31
4e7a12a38a0525be1Xx809W8GFdV,风控策略分析师,科讯金服,100-499人,互联网,本科,3-5年,"金融行业数据相关经验, 风控相关经验, 数据分析/挖掘经验, SQL, Python",11-17K,合肥,,2026-06-06 15:02:52
ffb07377889e49ec1HB529q5ElZS,BI数据分析工程师,中检天帷,100-499人,信息安全,本科,3-5年,"Python, SQL, Power BI",12-18K,合肥,,2026-06-06 15:03:13
80fb15d0556c3dce0ndz09-0GFtQ,数据分析师,上海研视,20-99人,计算机软件,本科,1-3年,"数学/统计相关专业, 数据分析/挖掘经验, 计算机相关专业",6-10K,合肥,,2026-06-06 15:03:13
cec1dfaf8ab81d3f0nZ_09W5F1VS,股票线上分析师,哈尔滨世格商贸,100-499人,互联网,本科,1-3年,,10-11K,合肥,,2026-06-06 15:03:34
fb0865a750bacdd10nV53tm7EFJX,汽修门店店长,积泰汽修,100-499人,回收/维修,初中及以下,3-5年,"包吃住, 需要门店店长经验, 汽车服务, 业绩管理, 数据分析, 卫生管理, 库存管理, 客诉处理, 销售经验, 连锁门店经验, 线上平台运营, 1-3年门店店长经验, 3-5年门店店长经验, 5年以上门店店长经验, 不需要出差, 不需要倒班, 不需要晚班/夜班",8-13K,合肥,,2026-06-06 15:03:34
f645585f39459a090nV-2di6FVFW,数据产品经理,天河国云,100-499人,互联网,本科,3-5年,"市场调研, 产品设计, 产品运营, 数据分析",15-25K,合肥,,2026-06-06 15:04:18
99c208a126c3704b0ndz3dy0E1RR,数据分析总监,合肥某大型电子商务公司,1000-9999人,电子商务,本科,5-10年,,50-60K,合肥,,2026-06-06 15:09:11
44c254886243971d03N_2924GFtS,数据分析师,米未教育科技唐山,20-99人,互联网,大专,1-3年,经济/工商管理相关专业,800-850元/时,合肥,,2026-06-06 15:09:31
0b69bf323d65d284031z2Nu6E1ZS,安徽省环境监测站数据分析工程师,中科光电,500-999人,仪器仪表,硕士,1-3年,,8-9K·15薪,合肥,,2026-06-06 15:09:53
2605a7f95723c40c0XB_2dm7F1o~,数据分析助理,久久爱恋,20-99人,互联网,本科,经验不限,数据分析,10-11K,合肥,,2026-06-06 15:09:53
3455823e74724ac51XFz3tq9F1tW,金融数据分析师（要求硕士，终面需到现场）,大智慧,1000-9999人,互联网,硕士,经验不限,"机器学习建模经验, R, 金融行业数据相关经验, 数据分析/挖掘经验, SQL, Python",10-15K,合肥,,2026-06-06 15:10:55
19b2a3681ac0755d031_2d20FFpT,大数据分析与应用,合肥某大型汽车研发/制造上市公司,1000-9999人,汽车研发/制造,本科,3-5年,,15-30K,合肥,,2026-06-06 15:15:45
298f98fa36da4ac30nd40t29E1ZR,数据分析专员,荼娆,100-499人,电子商务,本科,经验不限,"SQL, Python, 数学/统计相关专业, 数据分析/挖掘经验, 数据分析",6-8K,合肥,,2026-06-06 15:16:46
10461dd491f98da31HV829m4EFY~,大数据应用工程师,九通久,0-20人,环保,本科,经验不限,"数据处理, 数据分析, 数据挖掘",8-10K,合肥,,2026-06-06 15:17:49
872425732ff3675a0nd92tW-FFNT,体育数据分析师,合肥鸿创云科技,0-20人,电子商务,本科,经验不限,"机器学习建模经验, 数据分析/挖掘经验, 计算机相关专业, 数学/统计相关专业, Python",8-12K,合肥,,2026-06-06 15:22:40
31041f9cd64552e1031909m1FlNZ,数据分析师--转跨境电商广告,朗途,100-499人,电子商务,本科,1-3年,"电商/零售行业数据相关经验, 数学/统计相关专业",8-12K,合肥,,2026-06-06 15:23:24
ddafa54cb2977e570nB929y5EVRR,数据分析主任工程师(J10172),显耀显示,500-999人,半导体/芯片,本科,3-5年,,15-25K·14薪,合肥,,2026-06-06 15:24:04
0bcf1f41d5b2ae280nR90ty4FFNS,储备店长,老乡鸡,20-99人,其他行业,大专,经验不限,"连锁餐饮店经验, 直营店经验, 加盟店经验, 酒店餐饮经验, 西餐店经验, 财务管理, 库存管理, 业绩管理, 活动策划, 数据分析, 连锁餐饮店, 餐饮储备店长, 餐饮行业经验, 接受无经验",8-9K,合肥,,2026-06-06 15:24:46
f2b1929bbaa481c703x_29S1ElFZ,热力仿真分析首席专家,合肥某大型半导体晶圆代工上市公司,1000-9999人,电子/半导体/集成电路,本科,10年以上,,29-55K·15薪,合肥,,2026-06-06 15:25:51
ca203568efcc24ce1nVz2tu_EVJZ,需求分析师,中水三立,100-499人,电力/热力/燃气/水利,本科,1-3年,"信息化, 原型设计, 需求挖掘",8-12K,合肥,,2026-06-06 15:38:17
2f9aa5adb34076350HZy396-EFo~,大数据分析师,九猫电子,20-99人,电子商务,本科,5-10年,"数据分析, 数据挖掘, ETL, DBA, 分布式技术, Spark, 烽火天地通信, 锐安",18-35K·15薪,合肥,,2026-06-06 15:38:38
bcfe4db49ceff32c0nZz3N20GFJQ,数据运营实习生,斌能信息科技,20-99人,互联网,本科,,,80-120元/天,合肥,,2026-06-06 15:39:20
56f9df8a9a91deaa0nV53Ni1GVFQ,分析师（合肥）,普睿数智科技,100-499人,大数据,本科,3-5年,,7-9K,合肥,,2026-06-06 15:39:42
5c3f7cb18e07d7b20ndy0t60EVFY,数据分析师,合肥威寻,1000-9999人,保险,大专,3-5年,Power BI,7-10K,合肥,,2026-06-06 15:44:31
6aacf24aefdafa0d1n1y2d-9GFdU,服装数据分析,战尔裤业,20-99人,服装/纺织,大专,1年以内,企业服务,4-8K,合肥,,2026-06-06 15:44:52
983678edf541a4570nZy29-5EldW,大数据解决方案工程师,依网科技,500-999人,通信/网络设备,本科,3-5年,"解决方案, 数据分析, TO G, TO B, 市场调研",11-15K,合肥,,2026-06-06 15:45:13
773231c5d587642f03xz0tu6ElJR,数据分析师,上海竹棠,100-499人,进出口贸易,本科,1-3年,"财务分析, Python, SQL, 供应链分析",10-13K,合肥,,2026-06-06 15:45:34
81da6f573c9658a21nV43Nu7GFRY,数据分析师,康颂信息,0-20人,检测/认证,大专,1-3年,数据分析,4-5K,合肥,,2026-06-06 15:45:34
f482a2b276f741140nd63N64GFZS,门店店长,盒马鲜生,10000人以上,生活服务(O2O),高中,5-10年,"损耗管理, 陈列管理, 连锁门店经验, 超市, 库存管理, 五险一金, 不需要出差, 生鲜卖场, 数据分析, 21-23点下班, 业绩管理, 需要卖场经理经验, 3-5年卖场经理经验",12-17K·16薪,合肥,,2026-06-06 15:45:56
098d3625082f664a0nB82tS0FFJR,门店店长,欣浩翔食品,20-99人,食品/饮料/烟酒,大专,1-3年,"需要门店店长经验, 不需要出差, 不需要倒班, 不需要晚班/夜班, 五险一金, 超市/食品, 超市, 生鲜店, 水产/肉铺, 活动策划, 陈列管理, 数据分析, 损耗管理, 员工培训, 熟练使用办公软件, 销售经验, 连锁门店经验, 线上平台运营, 1-3年门店店长经验",5-10K,合肥,,2026-06-06 15:47:21
0d0be98c718933340nB80ti-EFRZ,数据分析工程师（27届）,卫宁健康,1000-9999人,医疗健康,本科,,,180-220元/天,合肥,,2026-06-06 15:51:51
c7d84e188f8d82d00nB60tq-FlpU,高级经营分析师/商业分析师,字节跳动,10000人以上,互联网,本科,5-10年,,35-45K·15薪,合肥,,2026-06-06 15:53:14
98a3660e8f2c6e3d3nd_3t61ElQ~,大数据高级工程师,安徽修武,20-99人,仪器仪表/工业自动化,本科,5-10年,"数据架构师, 数据仓库, 数据挖掘, ETL, 数据分析",13-18K,合肥,,2026-06-06 15:59:45
d74fc61cd1ef589c1HB43di6ElBU,财务分析岗,禾美集团,1000-9999人,生活服务(O2O),本科,3-5年,"财务分析, 会计",7-10K,合肥,,2026-06-06 16:01:29
744a0f81b8dffb9e0nB_29--FVVT,股票分析师助理（客户经理）,华安证券合肥营业部,1000-9999人,证券/期货,本科,1-3年,"金融产品营销类职位, 证券公司, 金融产品销售经验, 擅长开发客户资源, 销售经验",5-10K,合肥,,2026-06-06 16:01:51
f977f5c1e04633080nB42tq9ElBY,数据分析专员,合肥极摩,20-99人,物联网,本科,1-3年,,5-6K,合肥,,2026-06-06 16:06:41
5beca821e67b25860nV73Nu_F1JY,数据分析师,某大型互联网上市公司,10000人以上,互联网,本科,5-10年,,15-30K·15薪,合肥,,2026-06-06 16:07:03
5a2d91d2ee9272710nB80961FFdT,超市/便利店店长,红府超市,500-999人,批发/零售,本科,3-5年,"销售经验, 损耗管理, 员工培训, 线上平台运营, 熟练使用办公软件, 超市/食品, 连锁门店经验, 就近分配, 3-5年门店店长经验, 超市, 需要门店店长经验, 库存管理, 五险一金, 不需要出差, 数据分析, 不需要晚班/夜班, 便利店, 业绩管理, 不需要倒班",9-12K,合肥,,2026-06-06 16:09:07
8a1830e1661077630nB-3t20F1RQ,舆情分析师,安徽博约,100-499人,计算机软件,本科,经验不限,,4-7K,合肥,,2026-06-06 16:09:27
6405f57acb4228160nZ93d24FlpY,高级舆情分析师,中睿数据,0-20人,大数据,硕士,3-5年,,20-25K,合肥,,2026-06-06 16:16:27
f779cbe66b75ae110nB-2NS9FFpY,ai数据标注员,贵州星链人工智能科技,20-99人,人工智能,高中,经验不限,,3-5K,贵阳,,2026-06-06 16:23:56
e26bdf3428de5e5a0nRz2dS0GFdZ,档案数据资料核对,贵阳市高新区云善...,20-99人,批发/零售,学历不限,经验不限,,4-5K,贵阳,,2026-06-06 16:23:56
58881b3b8ed1efe50nd609q0EFRQ,数据标注专员,贵州数智星辰科技,20-99人,大数据,大专,经验不限,,4-5K,贵阳,,2026-06-06 16:23:56
40cac48c49712d820nd72t2-E1JT,跨境电商AI数据分析师,深圳寻海,20-99人,电子商务,本科,1-3年,,20-30K,贵阳,,2026-06-06 16:23:56
f6f053ecfb9c75680nB92dm1FFNR,数据开发,贵州嘉禧恋婚恋服务,20-99人,其他行业,学历不限,1-3年,,4-9K,贵阳,,2026-06-06 16:23:56
8e9eabe4bd0783140nB80ti7FVRZ,数据标注主管/经理,贵州申梦科技有限公司,100-499人,互联网,大专,3-5年,"数据标注, 文本标注, 语音标注, 视频标注, 标注数据分析, 描点标注, 图片标注",5-9K·14薪,贵阳,,2026-06-06 16:23:56
62aa61f3ddf49dc30nB_3t-7FFFT,数据处理专员,贵州壹顶峰教育咨询,1000-9999人,学校/学历教育,学历不限,经验不限,,3-8K,贵阳,,2026-06-06 16:23:56
e9ebb625a536d6a203N43du5GVdX,数据分析,庐江彤科信息科技,20-99人,计算机软件,学历不限,经验不限,,10-12K,贵阳,,2026-06-06 16:23:56
562183c773a01bcd0nB83ty4GVJR,兼职数据采集+周结算,上海朵朵田企业管理,100-499人,广告/公关/会展,本科,1-3年,兼职,20-25元/时,贵阳,,2026-06-06 16:23:56
95d46b41855397240nB_2tS8GFVT,数据处理员,贵阳未而秉教育信...,0-20人,学前教育,大专,1-3年,双休+五险,5-8K,贵阳,,2026-06-06 16:23:56
848c7e8f1ef2668b0nV_2N--E1ZX,财务会计(内账/开票/数据分析）五险一金6K+,平头戈科技,20-99人,通信/网络设备,大专,3-5年,"财务分析, 收入账, 应收应付, 总账, 资金管理, 税务",6-8K,贵阳,,2026-06-06 16:23:56
7a1c4cd12d924fc20nB43Nq9GFBV,数据分析师,万山数据,20-99人,大数据,本科,经验不限,"数据分析, 数据仓库, 数据治理, 数据架构师, ETL, 数据挖掘, SQL",7-10K,贵阳,,2026-06-06 16:23:56
39fb0c643e78096f031z3N20GVpW,数据标注专员,探境,20-99人,互联网,大专,在校/应届,"需要有驾驶证, 数据标注, 不接受居家办公, 语音标注, 标注结果整理, 视频标注, 数据分析能力强, 标注结果抽查, 区域标注, 图片标注, 接受加班, 文本标注, 标注数据分析, 描点标注, 标注方法优化, 标框标注, 分类标注",3-7K,贵阳,,2026-06-06 16:23:56
a3535e7b1f7db53d0nB-2t29FltW,数据标注专员,莱码科技,20-99人,物联网,学历不限,在校/应届,,3-4K,贵阳,,2026-06-06 16:23:56
d528d9858bc45f661Hx53t29GFRU,数据分析师,贵州蜀台酒业有限公司,0-20人,食品/饮料/烟酒,中专/中技,1-3年,"业务模式/运营策略优化, 统计/数学相关专业, 管理咨询工作经验, 计算机相关专业, 接受居家办公, 金融/经济相关专业, 数据分析/商业分析经验",5-80元/时,贵阳,,2026-06-06 16:23:56
6ea43fa414bffc0b33R-3d25GFM~,策略运营高级经理,通赢天下,100-499人,批发/零售,大专,1-3年,"数据分析, 运营总监, 渠道推广, 电商运营, 电子商务, 社群搭建维护, 线下推广",7-12K,贵阳,,2026-06-06 16:24:17
f4b066004a1ccde103B90ty8F1dW,数据标注组长,贵州混沌大数据产...,100-499人,大数据,大专,经验不限,"数据标注, 文本标注, 语音标注, 视频标注, 数据分析能力强, 描点标注, 区域标注, 接受居家办公, 标框标注, 图片标注, 分类标注, 接受加班",5-10K,贵阳,,2026-06-06 16:24:17
68d9594d184ccac003N93di7F1tV,数据分析师助理,贵州宇隆恒凯电子商务,20-99人,证券/期货,大专,1-3年,,5-8K,贵阳,,2026-06-06 16:24:17
432e7cca06c7957f03J90t-9GVFT,数据产品专员,贵阳华玉天成贸易,20-99人,企业服务,学历不限,经验不限,,3-6K,贵阳,,2026-06-06 16:24:17
64e348afa77b606603F53du4F1ZY,数据标注经理,绥阳县淋子集手作...,0-20人,日化,学历不限,3-5年,"语音标注, 标注结果整理, 视频标注, 数据分析能力强, 标注结果抽查, 区域标注, 图片标注, 接受加班, 文本标注, 描点标注, 标注方法优化, 标框标注, 分类标注",8-13K,贵阳,,2026-06-06 16:24:17
a5109473f7f483c80nd62ty-GVBZ,大数据实习生,科迅盈乾,20-99人,互联网,大专,经验不限,,3-6K·13薪,贵阳,,2026-06-06 16:24:17
0c8fd383fd590af0031_3ti6FFpR,13薪+双休/数据分析师,卓蓝优银,100-499人,其他制造业,本科,经验不限,,6-10K·13薪,贵阳,,2026-06-06 16:24:17
a277cd5cc0f0226d1HB63d68FFZS,数据分析师,贵州博正隆科技服务,0-20人,酒店/民宿,中专/中技,经验不限,计算机相关专业,2-5K,贵阳,,2026-06-06 16:24:17
3dc094efab4dcb8e0nd60t68FVpQ,数据分析师,贵州一米星空文化,0-20人,文化艺术/娱乐,大专,经验不限,,4-9K,贵阳,,2026-06-06 16:24:17
f8603adccfc7b00d0nV83dy5ElBQ,数据分析师/数据挖掘工程师,前到科技,100-499人,互联网,本科,3-5年,,12-18K,贵阳,,2026-06-06 16:24:17
5768baa14ae9fbbd0nR93di-EVtQ,数据分析师,贵州省外企,20-99人,人力资源服务,本科,经验不限,"数据分析/挖掘经验, 计算机相关专业, SQL, Python, 数学/统计相关专业",6-9K·13薪,贵阳,,2026-06-06 16:24:17
08e78c96d008b1e20nZz2ty6E1tX,dba数据库管理员,24客,1000-9999人,批发/零售,大专,1-3年,,7-12K,贵阳,,2026-06-06 16:24:17
f21f493ee2e5ed2a0nB72di1GVBY,数据标注组长,标注猫,20-99人,大数据,大专,3-5年,"文本标注, 标注方法优化, 图片标注, 分类标注",7-12K,贵阳,,2026-06-06 16:24:17
916fc6818be55f5a1nF42tm4GVtX,数据分析师,众林,20-99人,互联网,大专,1-3年,"SQL, Python, Excel, 描述统计",7-11K,贵阳,,2026-06-06 16:24:17
b9425aa704dca9670nB53NS_EVpT,数据分析师,贵州水紫印商贸,20-99人,其他生活服务,大专,1-3年,,4-5K,贵阳,,2026-06-06 16:24:17
3b2ae9c89a21e6b40nB-3N66GFBU,大数据运维,浩鲸科技,10000人以上,通信/网络设备,本科,3-5年,"要求数据开发经验, 数据平台开发经验, MapReduce, 其他, ETL开发经验",11-15K,贵阳,,2026-06-06 16:24:37
1475c829c92468571HR83dS8FlpZ,大数据分析师,北京资采,100-499人,运营商/增值服务,本科,1-3年,"SQL, 数学/统计相关专业, 计算机相关专业, 数据分析/挖掘经验",8-12K·13薪,贵阳,,2026-06-06 16:24:37
490dcb246264f18a1HR43t66FltR,商业数据分析,黔惠黔,20-99人,工程施工,大专,3-5年,"业务数据分析, 数据分析/商业分析经验, 管理咨询工作经验, 非技术岗",11-20K,贵阳,,2026-06-06 16:24:37
205448e5ce2a4d5b0nZ43925GFRQ,大数据分析工程师,贵州数纬枢标科技,20-99人,大数据,中专/中技,,"计算机相关专业, 数据分析/挖掘经验",80-120元/天,贵阳,,2026-06-06 16:24:37
b77eb63e081de82f03R-2tu8E1RR,风控数据分析师,贵州宏途智汇咨询,0-20人,其他生活服务,大专,经验不限,金融机构策略开发/建模经验,5-10K,贵阳,,2026-06-06 16:24:37
65169ab209c7db7e0nB-2dy0FlFY,大数据产品经理,中黔电气,20-99人,电力/热力/燃气/水利,本科,3-5年,,8-12K,贵阳,,2026-06-06 16:24:37
4bea667635f4647d03d72ti0EVtW,大数据客服,贵州辇道,20-99人,其他行业,本科,经验不限,周末双休,8-13K,贵阳,,2026-06-06 16:24:37
f33205b7e836258d0nB73dq6FlFQ,数据标注员,贵州蜂巢数标科技,100-499人,大数据,大专,在校/应届,"数据标注, 标框标注, 图片标注",3-5K,贵阳,,2026-06-06 16:24:37
997bb16b4ccf4ce4031z3Nm1F1tU,数据分析师,贵州联德佳为知识...,0-20人,检测/认证/知识产权,本科,经验不限,,5-6K,贵阳,,2026-06-06 16:24:37
8ca7efe0144f39111XJ_0tW1GVJU,金融大数据产品经理,至简数科,20-99人,计算机软件,本科,5-10年,"大数据产品, 市场调研, 产品设计, 用户研究, 数据分析",12-16K·14薪,贵阳,,2026-06-06 16:24:37
26ae3334bcdb452c0nZ92t64FFtX,自媒体数据分析师,贵州锦泰教育,20-99人,职业培训,初中及以下,经验不限,"数据分析/挖掘经验, 电商/零售行业数据相关经验, 金融行业数据相关经验",4-5K·13薪,贵阳,,2026-06-06 16:24:37
3f525a9bb2c1ac310nB92d20EFVW,数据分析师(10219),黔大侠,100-499人,批发/零售,本科,5-10年,"SQL, Python, 数学/统计相关专业, 计算机相关专业, 数据分析/挖掘经验",6-11K,贵阳,,2026-06-06 16:24:37
9ce460cc4a6a4d1503142d64E1ZU,大数据分析实习生,321网咖,100-499人,计算机服务,大专,经验不限,,4-6K,贵阳,,2026-06-06 16:24:37
b26a6880d160e3280nV-2N-1GFVS,数据标注员,互通达,20-99人,学校/学历教育,大专,1年以内,"数据标注, 文本标注, 不接受居家办公, 视频标注, 月休6-8天，无责底薪2138元, 数据分析能力强, 提供住宿，五险一金！, 区域标注, 标框标注, 图片标注, 分类标注",4-8K,贵阳,,2026-06-06 16:24:37
d3952278d21721be1nVz3tW8E1FY,实验室分析员,贵州勘设科技,100-499人,环保,本科,3-5年,"化学检测, 环境监测, 场地调查, 固废处理",5-6K,贵阳,,2026-06-06 16:24:37
f3e10699cc6af3dd03x92Nq8E1NR,数据采集,贵宏源建筑装饰公司,0-20人,装修装饰,中专/中技,1-3年,新媒体运营,2500-5000元/月,贵阳,,2026-06-06 16:24:57
101fe37da8e2805903B83ty7F1ZW,阿玛哲-数据分析,清镇市卫城镇阿玛...,500-999人,服装/纺织,学历不限,经验不限,,5-8K,贵阳,,2026-06-06 16:24:57
2bb9ca690932c54c03Zy39q9FFJS,数据标注专员,贵州黔晟智星科技,100-499人,大数据,大专,,"数据标注, 不接受居家办公, 标注结果整理, 标注数据分析, 标注结果抽查, 描点标注, 标注方法优化, 区域标注, 标框标注, 图片标注, 分类标注",150-300元/天,贵阳,,2026-06-06 16:24:57
31bd16cf785773871XN72dq_F1FQ,数据分析工程师,华为,10000人以上,计算机软件,本科,经验不限,"Python, SQL, Hive, 数学/统计相关专业, 计算机相关专业, 数据分析/挖掘经验, 云计算, 运维, 爬虫",15-30K,贵阳,,2026-06-06 16:24:57
feca22b0108ae9740nd_3Nm_E1RZ,数据分析师,文讯科技,20-99人,通信/网络设备,本科,1-3年,"SQL, Python, Tableau, Power BI, 数学/统计相关专业, 计算机相关专业, 数据分析/挖掘经验",7-9K,贵阳,,2026-06-06 16:24:57
1f8458801abfc4320nB52t-0FFRU,数据标注组长(自动驾驶2D3D4D方向),成都小咖邦智能科技,1000-9999人,互联网,大专,1-3年,"标注数据分析, 数据标注, 标注结果整理, 标注结果抽查, 标注方法优化, 图片标注, 文本标注, 标框标注, 分类标注, 描点标注, 区域标注, 数据分析能力强, 不接受居家办公",5-7K,贵阳,,2026-06-06 16:24:57
36ae280f163121f00nd_2Ni_F1FT,数据库运维工程师,启明星辰,1000-9999人,信息安全,本科,3-5年,"Python, Shell, SQL, Linux, NoSQL, PostgreSQL, Oracle, Redis",9-12K,贵阳,,2026-06-06 16:24:57
7393240fa9aa64cd1HJ739W6FlJT,大数据挖掘工程师,贵阳宏杰科技有限公司,0-20人,计算机软件,本科,3-5年,Python,15-16K,贵阳,,2026-06-06 16:24:57
cbca61dba97671c71HR43t61EFRS,商业数据分析,贵州匠盟盟工程咨询,20-99人,咨询,本科,经验不限,"业务数据分析, 业务模式/运营策略优化",12-20K,贵阳,,2026-06-06 16:24:57
c9a733d2f8e6a8de0ndy39m1GFFW,水产主管-长岭北路店,盒马鲜生,10000人以上,生活服务(O2O),大专,3-5年,"需要卖场经理经验, 五险一金, 不需要出差, 生鲜卖场, 超市, 库存管理, 损耗管理, 数据分析, 业绩管理, 熟练使用办公软件, 销售经验, 连锁门店经验, 1-3年卖场经理经验, 21-23点下班, 水产, 海鲜, 生鲜超市",6-8K,贵阳,,2026-06-06 16:24:57
8e3002c71a0c26ad0ndy09q9FFVY,数据可视化,强胜勇,0-20人,通信/网络设备,学历不限,,招学徒,200-300元/天,贵阳,,2026-06-06 16:24:57
9b31bea0e4e7726d1nx90ty_GFJW,数据分析实习生,美尔贝,500-999人,互联网,大专,,"实习生, 数据, 统计, 表格, 分析",100-150元/天,贵阳,,2026-06-06 16:24:57
bd1325357312682b0nB92925ElRR,数据标注经理/主管,贵州数标科技发展,100-499人,互联网,本科,1-3年,"图片标注, 文本标注, 视频标注, 语音标注",5-9K·14薪,贵阳,,2026-06-06 16:24:57
9f647a93cdbe91950nZz2Nu4GFJV,商业数据分析,贵州筑锦教育咨询管理,20-99人,学校/学历教育,大专,1年以内,"电话数据筛选, 学校邀约参观, 家长接待",3000-3500元/月,贵阳,,2026-06-06 16:24:57
4a5ac973ea803da60nB_09q9GVNY,数据标注员,贵州智门网络科技,20-99人,互联网,大专,经验不限,,3-6K,贵阳,,2026-06-06 16:24:57
f8abaff06ac48b6d03J72d2_GVFQ,数据分析,某大型餐饮公司,1000-9999人,餐饮,本科,5-10年,,25-30K,贵阳,,2026-06-06 16:25:18
92ab5e40c25b0740031y3928FltR,数据分析,贵州静建科技有限公司,20-99人,培训/辅导机构,本科,3-5年,,3000-9500元/周,贵阳,,2026-06-06 16:25:18
092a1afc2477a69f03F-3Ny0FFFX,用户运营与数据分析,贵州清镇中润盛业...,100-499人,旅游/景区,大专,1-3年,"C端用户, 不接受居家办公, 社群搭建与维护, 数据分析能力好, 社群运营经验, 用户画像与分层, 会员体系, 沟通能力好",7-10K,贵阳,,2026-06-06 16:25:18
aa1c753af8e297d40nd42ti1F1VZ,贵阳分析机构负责人,贵州学道健康咨询服务,0-20人,保健/养生,大专,1-3年,"51-100人, 业务推动, 运营管理, 服务业, 从0-1搭建团队, 招商加盟, 销售管理, 互联网, 消费品, 市场经营, 有管辖多个分公司的经验, 全国, 有区域客户资源, 有当地政府资源",500-1000元/天,贵阳,,2026-06-06 16:25:18
c7d2bd452e072cf303F83N25GVFR,数据分析工程师,众美健康,20-99人,计算机软件,本科,5-10年,"SQL, Python, Tableau, Hive, 数学/统计相关专业, 计算机相关专业, 数据分析/挖掘经验, 机器学习建模经验, 风控相关经验",7-10K,贵阳,,2026-06-06 16:25:18
04b79b13121dea251X183tm0E1VS,分析方法实验人员,健安德,100-499人,检测/认证/知识产权,本科,5-10年,"农用化工, 日用化工, 精细与专用化学品, 医药/生物, 农药, 化学相关专业",6-9K,贵阳,,2026-06-06 16:25:18
7b06e5721c1d21d50nZz2Nu_FldX,数据标注项目主管,显果科技,100-499人,人工智能,大专,3-5年,,6-9K,贵阳,,2026-06-06 16:25:18
fc3e632e3d871da90nB839W7FFFW,项目经理（数据标注）,无问智行科技,100-499人,人工智能,大专,3-5年,,8-13K,贵阳,,2026-06-06 16:25:18
c47e91bad514b5a80nVz2925FFVR,数据分析师/AI训练师/陪跑获客专家,贵州省驿油油能源发展,20-99人,人工智能,中专/中技,经验不限,,3-5K,贵阳,,2026-06-06 16:25:18
dc3632f1566ce15c0nB83dS-FFNU,中级数据开发(银行项目+稳定）,宇信科技,1000-9999人,计算机软件,本科,3-5年,"Hive, 要求数据开发经验, ETL开发经验, Spark, 数据仓库开发经验, Flink, SQL",10-12K,贵阳,,2026-06-06 16:25:18
37dc943bd1b961261HZ93di6EVNU,数据分析统计员,巨洪源启航,0-20人,其他行业,大专,1-3年,"方差分析, 回归分析, 多元统计分析, 因子分析, 非参数检验, 决策树, 参数检验, 描述统计",5-6K,贵阳,,2026-06-06 16:25:18
83a620ee620acdc90nB92N-9E1BR,数据标注项目主管,景联文,100-499人,人工智能,本科,3-5年,,5-7K,贵阳,,2026-06-06 16:25:18
3e5f221a012af6d50nZy2d67GVRY,数据中心运维工程师（网络）,城市云,100-499人,大数据,本科,5-10年,"网络运维, IDC机房运维, 运维经验",8-13K,贵阳,,2026-06-06 16:25:18
043338ef00b9174d0nB_3Nu0FVJZ,数据标注主管,贵州嘉珩信息科技,100-499人,大数据,本科,1-3年,,4-8K,贵阳,,2026-06-06 16:25:18
1a89cb73e46a410503V-092-F1pW,大数据开发工程师,东方国信,1000-9999人,计算机软件,本科,3-5年,"Hive, 要求数据开发经验, 数据建模经验, Kafka, 非外包类, Flume, 其他, Spark, 数据仓库开发经验, 数据平台开发经验, 数据治理经验, Flink",10-15K,贵阳,,2026-06-06 16:25:18
a9c4014c969a610b0nB73Nm1GVRY,吃住全包福利拉满 盈利门店管理店长,贵州吉妍美容有限公司,0-20人,美容,学历不限,经验不限,"包住, 美妆护肤, 1-3年门店店长经验, 不需要出差, 不需要晚班/夜班, 数据分析, 包吃, 业绩管理, 就近分配, 不需要倒班, 需要门店店长经验",10-15K,贵阳,,2026-06-06 16:25:40
d29c1c42b702bd3a0nB50tS_E1NZ,物流数据核单,贵州酒派酒业有限公司,100-499人,批发/零售,学历不限,经验不限,,3-6K,贵阳,,2026-06-06 16:25:40
24882e6f159802740nB63tu_ElRZ,数据/策略运营,贵州星界互联网游...,20-99人,互联网,学历不限,1年以内,,4-5K,贵阳,,2026-06-06 16:25:40
f3c6c1dcd7dfc3240nZz2NS8EFNZ,数据专员,贵州金友家居装饰工程,20-99人,其他生活服务,大专,1-3年,"不含销售的客服工作, 电话客服, 正常工作制, 办公室坐班, 企业内部客服, 投诉客服, 电商客服, 售后客服, 售前客服, 不接受居家办公",3-6K,贵阳,,2026-06-06 16:25:40
7cb5211dfde2175203Rz0928EFFT,数据运维工程师,贵州云上产业服务,500-999人,电子商务,大专,1-3年,计算机相关专业,5-8K,贵阳,,2026-06-06 16:25:40
9d298988a94cb6b503J-2tW8FVZR,数据统计分析专员,数慧融,100-499人,大数据,本科,3-5年,"R, Power BI, 数据分析/挖掘经验, Tableau, 计算机相关专业, 电商/零售行业数据相关经验, SQL, Python, 数学/统计相关专业",5-7K,贵阳,,2026-06-06 16:25:40
f8132b9e517e1a06031y2Nq9FVtQ,仓库数据分析师,贵州智发医药有限公司,100-499人,医疗器械,初中及以下,1年以内,,2-5K,贵阳,,2026-06-06 16:25:40
82885e9e05839ba503V40t27GFVR,财务分析,NIO蔚来,10000人以上,汽车研发/制造,本科,5-10年,财务分析,8-13K,贵阳,,2026-06-06 16:25:40
fc62cf3bc46421a503Z82N67ElRT,数据专员,鑫桐,20-99人,财务/审计/税务,学历不限,经验不限,,5-10K,贵阳,,2026-06-06 16:25:40
fa271d85df5c3a220nB-3d-4FlNT,年薪25w起步 诚招卖场经理 能力者可谈,子洋装饰,0-20人,装修装饰,学历不限,1-3年,"需要卖场经理经验, 五险, 不需要出差, 不需要倒班, 不需要晚班/夜班, 家居建材/家电, 员工培训, 数据分析, 业绩管理, 库存管理, 活动策划, 熟练使用办公软件, 1-3年卖场经理经验",15-20K,贵阳,,2026-06-06 16:25:40
9b06db7b6edf5c970nV82Nu7FFBT,财务分析/财务BP,万辰集团,1000-9999人,批发/零售,本科,3-5年,,15-18K·13薪,贵阳,,2026-06-06 16:25:40
75496d87def27f660nd73du5EldX,数据审核标注专员/综合4-8k/长短期皆可,倾城教育科技有限公司,500-999人,学校/学历教育,中专/中技,经验不限,"数据标注, 不接受居家办公, 视频标注, 标注数据分析, 数据分析能力强, 分类标注",4-8K,贵阳,,2026-06-06 16:25:40
3fbb62aee9d26dd01Hx729W7GFNW,数据分析师,陌可升文化,20-99人,学术/科研,本科,1-3年,"SQL, SPSS, SAS, 数学/统计相关专业, 计算机相关专业, 数据分析/挖掘经验",15-50元/时,贵阳,,2026-06-06 16:25:40
8d4d44607ff47d900nRz2968F1VT,生信分析兼职,四川安维森,20-99人,互联网,本科,1年以内,"转录组分析, 单细胞分析, 空间转录组分析, 多组学分析, TCGA、GEO数据挖掘",450-500元/时,贵阳,,2026-06-06 16:25:40
7999bcd8f3d34e1e0nV63ti8GVNU,数据治理咨询顾问（贵阳）,数据易,20-99人,移动互联网,本科,5-10年,"计算机专业, 矿业/能源, 客户售前支持, 信息化战略合规/风控, 国内咨询机构, 信息化战略规划, 数据分析能力, 信息化系统搭建",10-15K·13薪,贵阳,,2026-06-06 16:25:40
1c02f862a83c615d031609-5FltY,数据标注,中玖建筑,0-20人,咨询,大专,经验不限,"标注方法优化, 标注结果抽查, 标注结果整理, 数据标注, 标注数据分析, 图片标注, 文本标注, 视频标注, 语音标注, 区域标注, 描点标注, 分类标注, 标框标注, 接受加班, 数据分析能力强, 不接受居家办公",2-7K,贵阳,,2026-06-06 16:26:01
ce8f3fc18a9476950nVy3N2_GFNZ,数据标注专员,一轶科技,20-99人,其他专业服务,大专,,"数据标注, 文本标注, 不接受居家办公, 语音标注, 视频标注, 数据分析能力强, 描点标注, 区域标注, 标框标注, 图片标注, 分类标注, 接受加班",150-200元/天,贵阳,,2026-06-06 16:26:01
2c9b9b9e0a1a046c33182ti-GFA~,策略运营,丁佳教育,20-99人,培训/辅导机构,大专,1-3年,"运营专员, 销售运营, 活动运营, 数据分析",10-11K,贵阳,,2026-06-06 16:26:01
4f2ff0bf1da9f42203F83dS_GFBT,数据统计文员,贵州新联贸易有限公司,20-99人,家具/家居,学历不限,1-3年,有财务思维,3-5K,贵阳,,2026-06-06 16:26:01
92681fdf132cf0450nd_0ti4E1NV,数据库dba工程师,中兴金篆信科,100-499人,计算机软件,本科,3-5年,"MySQL, Oracle, DBA工作经验, MySQL数据库管理经验, 数据库工程交付经验, 熟悉Linux/Unix系统",15-20K,贵阳,,2026-06-06 16:26:01
8ac3d45feacc51ad0nV92tq6EFVX,数据标注项目经理,瓴泓智能,100-499人,互联网,大专,3-5年,,5-8K,贵阳,,2026-06-06 16:26:01
20a033effbd4c4f90nZz3dy1FVVR,数据标注项目经理,华龄数智,0-20人,人工智能,大专,1-3年,,8-12K,贵阳,,2026-06-06 16:26:01
359294e320ded52f0nB73Nu9E1pR,数据/策略运营,贵州鞠料体育科技,0-20人,体育,学历不限,经验不限,,3-4K,贵阳,,2026-06-06 16:26:01
9b97f798eec6df2a0nB52t-8EVRR,数据标注项目经理,拓维信息,1000-9999人,在线教育,本科,3-5年,,9-14K,贵阳,,2026-06-06 16:26:01
a00c3e5d7b07d1730nd_3t-_GVRY,地球物探工程师，电阀，磁阀，成果分析师,贵州省创界方寸工...,20-99人,建筑工程咨询服务,本科,3-5年,"工程地质勘察经验, 矿产资源勘探经验, 矿产开采勘察经验, 地质报告编制经验, 水文水资源地质经验, 地质中级职称, 地质高级职称, 其他优势经验, 不需长期出差, 有地质工程师经验, 长期对地球物探电阀数据分析经验的优先合作",1100-1200元/时,贵阳,,2026-06-06 16:26:01
b4eabf70ffaafb2e0nB82N-7FltT,数据交付实习生,熙牛医疗,100-499人,计算机软件,本科,,,150-200元/天,贵阳,,2026-06-06 16:26:01
0b1ad2dd641399f80nZ529y6E1tU,数据标注专员,元数科技,100-499人,互联网,高中,经验不限,"数据标注, 图片标注, 文本标注, 视频标注, 语音标注, 分类标注, 标框标注, 数据分析能力强, 不接受居家办公",3-5K,贵阳,,2026-06-06 16:26:01
17aa5e57e512b2670nZ42969FFRU,地图数据编辑,微景数科,100-499人,互联网,学历不限,经验不限,数据标注,15-20元/时,贵阳,,2026-06-06 16:26:01
89e75058d5adb5850ndy39-_EFdY,数据标注培训主管,世纪恒通,1000-9999人,互联网,本科,3-5年,,8-10K,贵阳,,2026-06-06 16:26:01
e0326741dbacc0ed1XF-3t27GFJR,数据员,贵阳永顺,0-20人,物流/仓储,大专,3-5年,"不接受居家办公, 定性研究, 管理咨询工作经验, 计算机相关专业",3-4K,贵阳,,2026-06-06 16:26:01
1114cd6ab2e45a060nR73ty7FVdR,电商数据专员,贵州六星商贸有限公司,100-499人,生活服务(O2O),学历不限,1-3年,,4-6K,贵阳,,2026-06-06 16:26:22
d4c44dac535be1f503x_2t-5FFtS,商品数据分析,观山湖区代尔迪服装店,20-99人,批发/零售,大专,1-3年,"数学/统计相关专业, 计算机相关专业, 数据分析/挖掘经验, 电商/零售行业数据相关经验",4-8K,贵阳,,2026-06-06 16:26:22
e4f969e08f8c9ca403163d64EldW,投资分析师,北京雨林资本管理,0-20人,投资/融资,本科,,"一般行业研究, 投融资经验, 二者兼具, VC/PE, 擅长宏观经济/政策研究",150-200元/天,贵阳,,2026-06-06 16:26:22
3c8e24c4b65b96930nB829W8GVtW,数据处理专员,贵州超丰酒业有限公司,20-99人,其他生活服务,大专,经验不限,"业务数据分析, 业务模式/运营策略优化, 数据分析/商业分析经验, 双休+五险",5-8K,贵阳,,2026-06-06 16:26:22
d496ec80b847ab230HBz29i1F1Y~,实验室分析员,新环科检测,20-99人,检测/认证/知识产权,本科,3-5年,"五险一金, 八小时工作制, 周末双休, 加班费, 化学分析",4-7K,贵阳,,2026-06-06 16:26:22
d34ac2272443c54c0nB439m1ElJU,抖音数据运营,贵州佳遇富晓文化传媒,0-20人,文化艺术/娱乐,中专/中技,经验不限,"业务数据分析, 数据分析/商业分析经验, 接受居家办公",3-7K,贵阳,,2026-06-06 16:26:22
6750c039d7b25c520nZ739u4E1JR,gis数据工程师,思昂科技,0-20人,大数据,本科,3-5年,"Java, Vue, Cesium",8-12K,贵阳,,2026-06-06 16:26:22
fe26ff4be1cd6a850nd53d67EVJX,数据标注员,武汉创智星图,20-99人,大数据,大专,经验不限,,3-6K,贵阳,,2026-06-06 16:26:22
99da18ab1c2fc5bb0nd80tS9F1RX,数据要素项目实施工程师,中都国脉(评估),100-499人,咨询,本科,1-3年,计算机相关专业,6-8K,贵阳,,2026-06-06 16:26:22
2311b3c75ddcec5303Jy3Nq4GVFT,数据治理工程师,华创智道,20-99人,咨询,本科,1-3年,"数据治理, 数据要素, 数据挖掘, 数据仓库, 数据脱敏, 数据入表",4-9K,贵阳,,2026-06-06 16:26:22
fdbace7ea8328f9403xz2ty4GVZZ,AI大数据搭建分析工程师,煤炭工业石家庄设...,20-99人,其他专业服务,本科,3-5年,"Java, C/C++, Python, 计算机相关专业, 数学/统计相关专业, 机器学习算法/工程化经验, 金融机构策略开发/建模经验, 团队管理经验",18-26K,贵阳,,2026-06-06 16:26:22
6314c47380e12df10nd82tW5EFpU,数据标注项目主管,卓觅数据,20-99人,大数据,本科,1-3年,,6-9K,贵阳,,2026-06-06 16:26:22
872fd66cf440d4be1n1929m6EFZU,大数据讲师,慧科集团,100-499人,学术/科研,硕士,3-5年,"Python, Spark, Hbase, 大数据讲师, 线下培训, 教研, Hadoop, 培训讲师",8-12K,贵阳,,2026-06-06 16:26:22
0d3124c6f5e1618e03x83ty7EldZ,数据要素项目实施工程师,国信中健,100-499人,大数据,本科,3-5年,"数据要素, 数据资产入表, 可信数据空间, 数据治理, 数据运营",10-15K,贵阳,,2026-06-06 16:26:22
a33157811ffff5ec0nB_2Ny_GVRY,数据标注生态合作经理,数智生长,20-99人,人工智能,本科,1-3年,"渠道/机构客户开发（销售方向）, 互联网/科技, 拜访, 电话, 行业会议会展, 网络, 销售经验, 对企业/机构（To B）销售经验, 计算机相关学历, 商务谈判能力, 市场营销相关学历, 渠道开发能力",5-10K,贵阳,,2026-06-06 16:26:22
2cd2f1570533a8ba1HB_0ty1GFRX,分析化验员,开阳川东化工,100-499人,化工,硕士,经验不限,"精细与专用化学品, 化学相关专业",8-12K,贵阳,,2026-06-06 16:26:42
952204241759e69b03173tS_GVBX,数据标注主管,数致协同,1000-9999人,大数据,本科,1-3年,"数据标注, 文本标注, 不接受居家办公, 语音标注, 标注结果整理, 视频标注, 标注数据分析, 数据分析能力强, 标框标注, 图片标注",4-8K,贵阳,,2026-06-06 16:26:42
bb2dc8d630732d200nB439W-GFJW,贵阳招聘店长  不限行业  包吃住,河南耳海,100-499人,其他生活服务,大专,1-3年,"1-3年门店店长经验, 包吃住, 数据分析, 美容美体, 连锁门店经验, 业绩管理, 不需要倒班, 需要门店店长经验, 美容保健",10-15K,贵阳,,2026-06-06 16:26:42
37403bd2f8529c341HV72Ni1EVNX,常规分析员,贵州求实,20-99人,环保,大专,,环保行业,90-110元/天,贵阳,,2026-06-06 16:26:42
02a79c03e9fcb5930ndy3t27F1NS,数据标注,贵州千策运营管理,20-99人,互联网,学历不限,1-3年,"数据标注, 图片标注, 文本标注, 视频标注, 区域标注, 不接受居家办公",3-4K,贵阳,,2026-06-06 16:26:42
8de94b5a3645d0210nV-392-EFVV,工程数据产品专员,人和致远数据,100-499人,大数据,本科,1-3年,,5-7K,贵阳,,2026-06-06 16:26:42
8662446fe1fbaa620nd63tW8FlRW,数据项目经理,魔芯（杭州）科技,100-499人,计算机硬件,本科,3-5年,,10-15K·13薪,贵阳,,2026-06-06 16:26:42
1975b9f6b515e5e91XR52ty6FFRR,园林数据采集经理,博望评估,20-99人,其他专业服务,大专,3-5年,"植物设计, 熟悉绿化配植, 苗木, 景观养护, 方案设计, 造林工程, 数据采集",4-8K·13薪,贵阳,,2026-06-06 16:26:42
201476984e26b2ef03d70tS-EFNX,财政预算绩效评估 咨询分析师,北京中延信咨询,100-499人,咨询,本科,1-3年,"国内咨询机构, 政府及公共服务, 甲方经验, 数据分析能力",7-10K,贵阳,,2026-06-06 16:26:42
5af35e6773e5a7431HZ829-8FlZZ,数据科学家,云易恒科技,100-499人,智能硬件,本科,3-5年,"深度学习, 大模型算法, 强化学习, 模型加速/性能优化, 运筹优化, 多模态算法, 大数据处理工具(Spark/Hadoop/Hive), Scala, MATLAB",10-15K,贵阳,,2026-06-06 16:26:42
34a0f74196e500d00nd-3t--E1RQ,数据产品经理,光奕科,20-99人,计算机软件,本科,5-10年,"市场调研, 需求分析, 产品设计, 数据分析, 墨刀, Visio",10-15K,贵阳,,2026-06-06 16:26:42
d1727110a788f0f70ndz39q-EFVS,数据运营专员,优康宝贝,100-499人,批发/零售,大专,1年以内,,4-5K,贵阳,,2026-06-06 16:26:42
4b2ab5599b4752970nZ63dW0FVFS,数据标注项目助理,贵州速课科技有限公司,100-499人,大数据,大专,1-3年,,4-5K,贵阳,,2026-06-06 16:26:42
e34de44bce5a17ee03Fz29y1ElpU,数据要素协同运维工程师（贵阳）,上海哲寻信息科技,20-99人,计算机软件,本科,经验不限,"Java, Nginx, 实施交付运维, MySQL/Oracle, Elasticsearch, 运维开发/DevOps, Redis, 计算机相关专业, 运维经验",4-8K,贵阳,,2026-06-06 16:26:42
e9775d9a73d928b31XJ709-7ElVV,金融城JAVA开发数据工程师,中金汇安,20-99人,计算机软件,本科,3-5年,"大数据经验, Java, 微服务经验, MySQL, SpringCloud, Redis, Spring, 知识图谱",7-9K,贵阳,,2026-06-06 16:26:42
39a35cf5324032fb0nd62ti4FVNY,数据标注员,万科祥盈,10000人以上,人力资源服务,大专,经验不限,"数据标注, 图片标注, 文本标注, 分类标注, 标框标注, 描点标注, 区域标注, 数据分析能力强, 不接受居家办公",3-5K,贵阳,,2026-06-06 16:27:04
27f7449af6317eeb0nB83tW5GVNR,运营数据分析师,华苏科技,1000-9999人,互联网,本科,3-5年,"SQL, Python, R, 电商/零售行业数据相关经验, 电商运营",6-9K,贵阳,,2026-06-06 16:27:04
32551fb8870efa5403F_2t68GVpV,财务分析/财务BP,贵州润达气体有限公司,20-99人,化工,本科,1-3年,,3-8K,贵阳,,2026-06-06 16:27:04
37675399908e038303Jy3d24E1RZ,ai数据标注,贵阳颂跃科技有限公司,0-20人,人工智能,本科,1-3年,"数据标注, 不接受居家办公, 语音标注, 视频标注, 标注结果整理, 数据分析能力强, 标注结果抽查, 区域标注, 图片标注, 文本标注, 标注数据分析, 描点标注, 标注方法优化, 分类标注",3-6K,贵阳,,2026-06-06 16:27:04
ca936c13f52d2c3b1HZ42t67EVFY,信息流广告优化师,贵州创艺装饰,100-499人,装修装饰,高中,1-3年,"直播投流, 抖音投放, 信息流, 网络推广, 直播运营, 数据分析, 投放复盘, 创意策划",5-10K,贵阳,,2026-06-06 16:27:04
8f3cd31e3e9b739d0nB-29u4FFVQ,数据标注项目经理,贵州数创工场,20-99人,大数据,本科,1-3年,"企业内部技术项目管理, 计算机相关专业, 实施交付经验, 大数据项目管理经验, 团队管理经验",5-6K,贵阳,,2026-06-06 16:27:04
cbb87bcb628667280nB8296_GFdW,门店店长,笨鸟控股,500-999人,互联网,中专/中技,1-3年,"需要门店店长经验, 童装店, 不需要出差, 五险, 服饰鞋包, 美妆护肤, 杂货/配饰, 服饰, 女装, 珠宝店, 鞋包, 奢侈品, 活动策划, 员工培训, 业绩管理, 数据分析, 员工招聘, 销售经验, 1-3年门店店长经验, 3-5年门店店长经验, 5年以上门店店长经验, 21-23点下班",8-12K,贵阳,,2026-06-06 16:27:04
56e103aecd7faef31HB-3d27E1JT,数据处理实习生,高新数通,20-99人,互联网,本科,,html,90-140元/天,贵阳,,2026-06-06 16:27:04
8a34a58438c4b6bb1XB529u_EFRZ,情感分析师,合家欢情感咨询,100-499人,咨询,学历不限,经验不限,"有销售性质, 存在主义取向, 线上咨询, 婚姻及家庭咨询, 精神动力学/精神分析取向, 萨提亚系统疗法",3-8K,贵阳,,2026-06-06 16:27:04
f6b6c965a5c7b91803B90ty7FFJU,无损检测及失效分析工程师,贵州上塬电力工程,20-99人,机电工程,大专,经验不限,试验、检测,4-8K,贵阳,,2026-06-06 16:27:04
9a8d4c02aaec84940nB-3Nu7GFJU,理化分析员,科正环安检测,100-499人,环保,大专,经验不限,,3-5K,贵阳,,2026-06-06 16:27:04
4d07c563145e9eb01HV72d20ElVW,统计分析员,爱企盟,0-20人,互联网,本科,经验不限,数据分析,4-8K,贵阳,,2026-06-06 16:27:04
d0c6e5ebbb9317d603R73dS0F1M~,信息技术经理,神奇大酒店,100-499人,酒店/民宿,本科,3-5年,"数据分析, 网络, 系统管理员",6-8K,贵阳,,2026-06-06 16:27:04
d019dfc87c6ff5401XJ82Ny9EFZQ,生鲜超市店长,贵州佰佳佳贸易,20-99人,食品/饮料/烟酒,学历不限,3-5年,"熟练使用办公软件, 超市/食品, 陈列管理, 连锁门店经验, 3-5年门店店长经验, 超市, 需要门店店长经验, 库存管理, 生鲜店, 不需要出差, 商业保险, 数据分析, 不需要晚班/夜班, 不需要倒班, 五险",6-8K,贵阳,,2026-06-06 16:27:04
0e1a55954b4fda4303Ry09q8FFZQ,观山湖区辰星运输...招聘物流运营,观山湖区辰星运输...,100-499人,公路物流,学历不限,在校/应届,"三方物流企业, 零担物流, 仓储物流, 汽车物流, 电商物流, 综合性物流, 订单管理, 承运商管理, 货物运输, 车辆调度, 数据分析",7-12K,贵阳,,2026-06-06 16:27:04
6d335083404e2e430nB83Nu5E1NQ,直播数据+差价,贵州珩岭酒业销售,20-99人,互联网,学历不限,经验不限,,7-8K,贵阳,,2026-06-06 16:29:25
6f574d16605bdfb10nZ53tW0ElpQ,数据处理岗,贵州睿通网信息咨询,20-99人,咨询,学历不限,经验不限,,5-8K,贵阳,,2026-06-06 16:29:25
db8bd30da357af2703Nz2Ny4FFtV,固定资产数据分析师,锐华科技,0-20人,计算机硬件,大专,3-5年,,3000-7000元/月,贵阳,,2026-06-06 16:29:25
361df2357440f0e90nB-2tu7EVBX,ai数据标注,贵州圣恩益科技,20-99人,人工智能,大专,经验不限,,3-7K,贵阳,,2026-06-06 16:29:25
ee0e4429d5b5e78c0nR_3Nm4FlZS,大数据项目经理,贵州数聚星河科技,100-499人,人工智能,学历不限,3-5年,,6-10K,贵阳,,2026-06-06 16:29:25
cdb6913eb90925300nd43927EFBZ,数据库 交付和运维DBA,华通科技,500-999人,计算机软件,大专,1-3年,"DBA, 系统运维, 实施交付运维, IDC机房运维",8-13K,贵阳,,2026-06-06 16:29:25
15ab1c90ccda2ae60nd_0tq4F1dY,居家视频数据采集岗,贵州数策智算科技,100-499人,互联网,大专,经验不限,,3-6K,贵阳,,2026-06-06 16:29:46
afdf3beab82f8b6203B529-_GFRV,数据分析师,贵州省飞域量投网...,0-20人,计算机软件,高中,,"接受无数据开发经验, 自由 轻松",80-90元/天,贵阳,,2026-06-06 16:29:46
a0f4f4f31c6eeb0c0nB809-6ElFT,策略分析员（需要有经验）,润迅通信,1000-9999人,通信/网络设备,高中,1-3年,,6-7K,贵阳,,2026-06-06 16:30:06
387c0a1769fa839a0nB_3NS8EVFR,数据标注师,华加教育,20-99人,在线教育,大专,1-3年,"文本标注, 语音标注, 视频标注, 标注数据分析, 数据分析能力强, 标注方法优化, 区域标注, 可兼职, 图片标注",3-8K,贵阳,,2026-06-06 16:30:06
3189b68e5f3c884903V70t68E1ZV,数据分析师,原品饰家装饰,100-499人,装修装饰,硕士,1-3年,,5-10K,贵阳,,2026-06-06 16:30:27
f6edff2a22150b6c03d83Ni_ElRY,超市食百经理,盒马鲜生,10000人以上,生活服务(O2O),大专,3-5年,"需要卖场经理经验, 五险一金, 商业保险, 不需要出差, 不需要晚班/夜班, 超市, 生鲜卖场, 百货卖场, 库存管理, 损耗管理, 数据分析, 陈列管理, 业绩管理, 3-5年卖场经理经验",10-13K,贵阳,,2026-06-06 16:30:27
27a7b0a0fd449c67031y2tW5FVtY,数据分析师,贵州赖世家,100-499人,食品/饮料/烟酒,本科,经验不限,,5-6K,贵阳,,2026-06-06 16:30:27
a162f5ffaf2652a80nB_2tW8EVBX,数据标注专员,贵州嘉慧达智能科技,20-99人,大数据,大专,在校/应届,"数据标注, 文本标注, 语音标注, 视频标注, 标注数据分析, 区域标注, 标框标注, 图片标注, 分类标注",3-4K,贵阳,,2026-06-06 16:31:10
53885c2811632eb30nd_3N--GVNQ,数据标注质检员,贵州忠辉产教融合...,20-99人,其他生活服务,高中,1-3年,"标注方法优化, 标注结果抽查, 标注结果整理, 数据标注, 标注数据分析, 图片标注, 文本标注, 视频标注, 语音标注, 区域标注, 描点标注, 分类标注, 标框标注, 接受加班, 数据分析能力强, 不接受居家办公",3-6K,贵阳,,2026-06-06 16:31:10
f38c2702712b2b4e0ndy3d67ElJQ,贵州-数据标注交付经理,长翔科技,20-99人,运营商/增值服务,本科,经验不限,,6-11K,贵阳,,2026-06-06 16:31:10
16a9e2f4d4798a261XNz2di7GFRS,数据中心基础设施运维工程师,贵州中融信通科技...,100-499人,计算机软件,本科,3-5年,IDC机房运维,7-10K,贵阳,,2026-06-06 16:31:10
9d01d0aed1501b730nR809W4E1JZ,数据标注项目经理,高金公司,0-20人,大数据,大专,3-5年,"标注方法优化, 数据标注, 标注结果抽查, 标注数据分析, 文本标注, 图片标注, 视频标注, 分类标注, 区域标注, 描点标注, 接受加班, 数据分析能力强, 不接受居家办公, 标注经验丰富，管理强",5-10K,贵阳,,2026-06-06 16:31:30
2e30dc65ab0934130nZ53ty1F1FU,数据标注员,铭铖驰扬,20-99人,大数据,中专/中技,在校/应届,,3-7K,贵阳,,2026-06-06 16:31:30
100feb225f693a320nd_2N21F1pU,煤质分析仪器销售经理,北京欧波同光学技术,100-499人,仪器仪表,大专,3-5年,"企业（To B）, 对企业/机构（To B）销售经验",8-12K,贵阳,,2026-06-06 16:31:50
1a712da284bf82f303x83d65F1pV,供应链数据专员,贵州橙鑫供应链,0-20人,批发/零售,大专,经验不限,"不需要出差, 接受无供应链经验, 数据分析能力",3-5K,贵阳,,2026-06-06 16:32:12
e6adb8192c063ab00nZy2ti8EVRV,需求分析工程师,贵州通服,1000-9999人,通信/网络设备,本科,在校/应届,"Axure, 计算机/软件工程相关专业",3-4K,贵阳,,2026-06-06 16:32:33
9e26decc0ad1a8190nB539-0F1tQ,数据标注专员,贵州云途科数科技,0-20人,生活服务(O2O),本科,1-3年,,1000-2500元/月,贵阳,,2026-06-06 16:36:42
16b485fb945977e10nd72dm0E1dQ,数据分析师,智研方略,1000-9999人,人力资源服务,大专,1-3年,"数学/统计相关专业, 数据分析/挖掘经验, 计算机相关专业",6-8K,贵阳,,2026-06-06 16:37:02
ab7324b8cc84a5df0nB939u_EFNW,数据库dba工程师,华成峰科技,500-999人,计算机软件,大专,经验不限,"Python, DB2, MySQL, Oracle, SQL Server, DBA工作经验, MySQL数据库管理经验",10-11K,贵阳,,2026-06-06 16:37:02
36c68b9eb4bfd0ee0nd53Ny1FltT,数据审核员（接受实习生）,贵州云标科技有限公司,20-99人,互联网,大专,在校/应届,"标注结果抽查, 标注结果整理, 标注数据分析, 视频标注, 图片标注, 文本标注, 语音标注, 标框标注, 区域标注, 不接受居家办公",3-6K,贵阳,,2026-06-06 16:37:02
e8d5336fbe1328f20nB839i8GVRZ,音视频数据标注,河北鼎联科技有限公司,100-499人,大数据,学历不限,经验不限,"语音标注, 视频标注",3000-6000元/月,贵阳,,2026-06-06 16:37:24
cbfa5ae0a5d276050nB82N2-FFVZ,网络数据经理,德卡贸,20-99人,职业培训,学历不限,经验不限,"经济/工商管理相关专业, 电商/零售行业数据相关经验, 数学/统计相关专业",3-8K,贵阳,,2026-06-06 16:37:24
2a8bf83c0cc20bcd0nZ72di4E1ZT,数据标注师,华加教育,20-99人,在线教育,大专,1-3年,"文本标注, 语音标注, 视频标注, 标注数据分析, 数据分析能力强, 标注方法优化, 区域标注, 可兼职, 图片标注",3-8K,贵阳,,2026-06-06 16:37:24
8a895a24ad38fadc1XF-3N-4EFFR,数据分析师,中国人寿保险,1000-9999人,互联网金融,本科,1年以内,"数据分析/挖掘经验, SQL",4-5K,贵阳,,2026-06-06 16:37:45
025a26cd7c2fbf3103J529-5EFdZ,数据分析师,贵州金藏商贸有限公司,20-99人,互联网,中专/中技,1年以内,数学/统计相关专业,4-5K,贵阳,,2026-06-06 16:37:45
9d45b5c76c029ad20XV63tq6Flc~,数据分析,童兵鞋业经营部,0-20人,批发/零售,本科,经验不限,"数据运营, 业务数据分析, 数据分析/商业分析经验",4-5K,贵阳,,2026-06-06 16:38:07
0a2ffc6e42cd86320nB_3dS9ElpU,数据运营专员,云易智能,20-99人,计算机软件,大专,1-3年,,5-7K,贵阳,,2026-06-06 16:39:10
e933c7cc0319260503183Ni0FlFR,数据/策略运营,湖北趣订车企业管...,0-20人,新零售,本科,1-3年,"业务模式/运营策略优化, 用户深度研究, 投放数据分析",8-12K·13薪,贵阳,,2026-06-06 16:39:10
49f0c0793e8ad75d0nVy3t-7F1VQ,项目组长（数据采集）,长沙笠川科技有限公司,500-999人,互联网,本科,1-3年,,6-7K,贵阳,,2026-06-06 16:39:31
f7c91230c2bdeb2f0nd52Nq0E1BX,储备店长,贵阳市南明区菌易...,0-20人,食品/饮料/烟酒,大专,1-3年,"员工招聘, 员工培训, 业绩管理, 销售经验, 数据分析, 零售储备店长, 零售行业经验, 不需要倒班, 不需要晚班/夜班",3-8K,贵阳,,2026-06-06 16:39:53
be9b45a00a43998e03V539i7FVVU,足疗店管理,江澜月禧足道皇足御道,100-499人,保健/养生,大专,1-3年,"1-3年门店店长经验, 不需要出差, 包吃住, 员工培训, 数据分析, 熟练使用办公软件, 业绩管理, 保健/养发, 需要门店店长经验, 美容保健",8-12K,贵阳,,2026-06-06 16:39:53
9ce8177490caec8b0nB52d6-E1NZ,数据统计专员,喜浪文化,20-99人,电子商务,大专,1-3年,,3-5K,贵阳,,2026-06-06 16:44:19
679f2a866d827a250nV-39q8FFFU,底薪5000+提供精准数据 +坐班+高提成,贵州酱渊酒业有限公司,100-499人,食品/饮料/烟酒,学历不限,经验不限,"无经验要求, 电话销售经验, 网络营销经验, 其他产品/服务, 电话销售, 网络销售, 不接受居家办公",5-10K,贵阳,,2026-06-06 16:44:40
49a7a84ea019b52d0nd829q8F1VT,短视频内容编导,天地人和,100-499人,电子商务,大专,1-3年,"短视频, 熟知多个视频平台推荐算法, 完整的执行能力, 硬广口播, 文案脚本, 信息流素材, 视频投放, 数据分析",6-8K,贵阳,,2026-06-06 16:45:01
82bf75b3262bb3d11XF839S0E1dZ,数据分析师,摘星科技,1000-9999人,互联网,本科,1-3年,"SQL, Python, Power BI, 数学/统计相关专业, 计算机相关专业, 数据分析/挖掘经验",5-10K,贵阳,,2026-06-06 16:45:21
8b7d4583dbc814b30nZ539m9GVZW,女装数据分析,开阳普利菲尔服装...,0-20人,服装/纺织,大专,3-5年,"数学/统计相关专业, 数据分析/挖掘经验, 电商/零售行业数据相关经验",5-10K,贵阳,,2026-06-06 16:45:21
96e93c32f4f40c581nF539m6GVZZ,大数据讲师,云科未来,100-499人,在线教育,本科,3-5年,"Spark, Hadoop, Kafka, Flume, Sqoop, HIVE",12-24K,贵阳,,2026-06-06 16:45:21
4f4a065dd9fd34c80nB83ty9GVdX,城市经理cm,开远创润电子商务服务,100-499人,互联网,大专,1-3年,"销售经验, 基于业绩分析的策略优化, 开城经验, 目标分解及达成, 团队建设及管理能力, 制定区域营销计划, 企业, 销售管理经验, 团队招募及培养, 市场营销相关学历, 数据分析, 地推团队, 15人（含）以上, 运营策略输出, 独立开拓市场能力, O2O/电子商务, 互联网/科技",12-18K,贵阳,,2026-06-06 16:45:21
9d869a821411b1f50nB43tu6ElVX,数据标注专员,贵州聚控低空产业发展,20-99人,物联网,大专,,,100-200元/天,贵阳,,2026-06-06 16:45:44
1b4979676eee3a840nd72N-6GFJZ,ai数据标注,贵州一禾教育咨询,20-99人,培训/辅导机构,大专,1年以内,"标注方法优化, 标注结果抽查, 标注结果整理, 数据标注, 图片标注, 文本标注, 区域标注, 描点标注, 分类标注, 标框标注, 接受加班, 不接受居家办公",3-7K,贵阳,,2026-06-06 16:45:44
3c532d5e8d2ef9e80nd_3d-4EVJZ,医疗类数据标注、质检,贵州沐林数据有限公司,0-20人,大数据,本科,经验不限,"数据标注, 视频标注, 医疗数据标注-ai, 描点标注, 区域标注, 接受居家办公, 标框标注, 图片标注, 分类标注",80-120元/时,贵阳,,2026-06-06 16:45:44
d2c7bf30ab983b2b0nR_2d2_FVNX,财务分析/财务BP,双胞胎集团,10000人以上,农/林/牧/渔,本科,在校/应届,,5-6K,贵阳,,2026-06-06 16:45:44
2b60eb8e9ddc38af0nB539-6FldU,数据标注/AI/人工智能训练师/早10晚7/双休,热热数据,100-499人,互联网,本科,经验不限,,3-4K,贵阳,,2026-06-06 16:46:05
c2ae75b70a401c620nR73t60E1BT,数据标注员,贵州云黔大数据产...,100-499人,人工智能,中专/中技,经验不限,,3-5K,贵阳,,2026-06-06 16:46:05
3b62aeeef6efe1591HB43dq_E1ZX,大数据讲师,慧科未来,20-99人,培训/辅导机构,硕士,1-3年,"要求数据开发经验, Spark原理/源码, Flink原理/源码, MySQL/SQL Server, 实时数仓开发经验, Flink, Hive原理/源码, 数据仓库开发经验, Python, 下肢残疾, Java, Elasticsearch原理/源码, ETL开发经验, 大数据引擎开发经验, 非外包类, 计算机相关专业, 数据平台开发经验, HBase, SQL, 数据库内核开发经验, MySQL原理/源码, Hive, 大数据开发经验, 肢体残疾, 其他数据开发经验, Spark",10-15K·14薪,贵阳,,2026-06-06 16:46:25
6b6747e721f1dd4a0nB53N60E1tW,数据标注专员,重庆财合银科技,20-99人,酒店/民宿,大专,经验不限,"标注方法优化, 标注结果抽查, 标注结果整理, 数据标注, 标注数据分析, 图片标注, 文本标注, 视频标注, 语音标注, 区域标注, 描点标注, 分类标注, 标框标注, 接受加班, 数据分析能力强, 不接受居家办公, 可兼职",2-5K,贵阳,,2026-06-06 16:46:25
b756be73743010a81nJ52di-EVFR,数据运营,通利四通,20-99人,新零售,本科,1-3年,"大数据, 数据平台搭建经验, 工具类产品",4-6K,贵阳,,2026-06-06 16:46:45
5a592fa50d4a6f410nB53NW0FlNW,数据产品经理/烟草项目-统招本-外派岗位,明月华炎软件,100-499人,互联网,本科,3-5年,"需求分析, 产品设计, 数据分析, 墨刀, 大数据产品, B端产品, Axure, Xmind",10-15K,贵阳,,2026-06-06 16:46:45
3abb0cecf51097f903Z5392-E1FU,水果店合伙人,南明区国江生鲜店...,0-20人,其他生活服务,高中,1-3年,"需要门店店长经验, 餐饮, 陈列管理, 业绩管理, 数据分析, 损耗管理, 其他, 熟练使用办公软件, 销售经验, 连锁门店经验, 1-3年门店店长经验, 不需要出差",5-10K,贵阳,,2026-06-06 16:46:45
9c00b9b6bad4dbd80nB62dm8EFRQ,数据员,赖正衡酒业,20-99人,电子商务,大专,1年以内,,3-4K,贵阳,,2026-06-06 16:47:08
263dfa45a68782d70nB72ty0F1JZ,数据标注专员,贵州云途科数科技,0-20人,生活服务(O2O),学历不限,经验不限,"下肢残疾, 数据标注, 区域标注, 言语残疾无限制, 接受居家办公, 轻度/中度精神残疾, 图片标注, 听力残疾无限制, 标注数据分析, 描点标注, 轻度/中度视力残疾, 轻度/中度智力残疾, 标框标注, 分类标注, 全部接受",500-1000元/月,贵阳,,2026-06-06 16:50:15
65881a03b78200f50nB829m-F1RV,数据/策略运营,拾拾教育,20-99人,学校/学历教育,大专,1-3年,,4-9K,贵阳,,2026-06-06 16:50:15
21bf6323c011931d031-3ti1ElBU,高级战略分析师,贵州山海晟贸易,20-99人,批发/零售,硕士,3-5年,数据分析能力,20-21K,贵阳,,2026-06-06 16:51:19
17130b69a4a618fb03Vy3dm6E1pX,数据标注员,贵州嘉慧达智能科技,20-99人,大数据,学历不限,,"下肢残疾, 数据标注, 肢体残疾",70-140元/天,贵阳,,2026-06-06 16:52:01
7b7df8e48f0360c00nd-39W8EVVU,数据资产化高级经理,贵州万联易达,0-20人,互联网,本科,1-3年,,9-14K,贵阳,,2026-06-06 16:52:44
d676574aab21b7850nd73d-5FFJS,仓储物流-质控主管,拼多多集团-PDD,1000-9999人,电子商务,大专,3-5年,"仓储管理, 数据分析",15-25K·14薪,贵阳,,2026-06-06 16:53:05
188528ac07f479470nB62d26F1BY,数据标注专员,中宸芯科,20-99人,大数据,本科,1-3年,"标注结果抽查, 数据标注, 标注数据分析, 图片标注, 文本标注, 视频标注, 语音标注, 区域标注, 分类标注, 标框标注, 接受加班, 数据分析能力强, 不接受居家办公",4-6K,贵阳,,2026-06-06 16:53:05
5bcd1ab3392b533e0nB43Ny_EVdU,销售助理/数据专员/运营助理,迈瑞医疗,10000人以上,医疗器械,本科,3-5年,"业务数据分析, 不接受居家办公, 业务模式/运营策略优化, Python/R语言/SPSS, Tableau/Power BI, 数据分析/商业分析经验, SQL",7-10K,贵阳,,2026-06-06 16:53:27
3f112dabcf89c7690nd829S8EVtU,数据标注组长,热热科技,100-499人,大数据,大专,1-3年,"标注方法优化, 标注结果抽查, 标注数据分析, 图片标注",4-6K,贵阳,,2026-06-06 16:57:34
6f3efeedc0a0d42003B-3ty6EVZX,大数据产品经理,贵州时空云图科技,20-99人,计算机软件,本科,5-10年,,8-12K,贵阳,,2026-06-06 16:58:38
665a278628d8f5eb1Hd429i6FFZS,大数据工程师,鼎慧大数据,0-20人,计算机软件,本科,3-5年,可兼职,7-12K,贵阳,,2026-06-06 16:58:38
e9e26393da826ad20nB-3tm5EFdY,数据开发硕士实习生（工作地宁波）,中科聚信,100-499人,咨询,硕士,,,150-160元/天,贵阳,,2026-06-06 16:59:20
bacb2ecf3afdcfaa0ndy3t-8GVtZ,数据标注,贵州千策运营管理,20-99人,互联网,大专,经验不限,,3-5K,贵阳,,2026-06-06 16:59:41
13d141b010d256010nZ82NW7EFFS,技术支持工程师（数据中心）,多多云科技,100-499人,互联网,本科,5-10年,,12-15K,贵阳,,2026-06-06 16:59:41
8c4d5b05e7d957420nR60ty7GVVV,数据标注员,铭铖驰扬,20-99人,大数据,大专,在校/应届,"数据标注, 图片标注",3-5K,贵阳,,2026-06-06 17:00:02
5a1dbd05a3bc1b8003N43dW8ElNV,数据整理实习生,贵州华高金律法律咨询,500-999人,咨询,大专,经验不限,"经济/工商管理相关专业, 计算机相关专业, 电商/零售行业数据相关经验",80-100元/天,贵阳,,2026-06-06 17:00:42
06fb150f43c69f270nd-3965FlRQ,ai数据标注,贵州混沌大数据产...,100-499人,大数据,大专,经验不限,"数据标注, 文本标注, 不接受居家办公, 语音标注, 视频标注, 数据分析能力强, 描点标注, 区域标注, 标框标注, 图片标注, 分类标注, 接受加班",4-8K,贵阳,,2026-06-06 17:04:50
946dc6d5041ea5b003J62du0FlJT,数据标注,探境,20-99人,互联网,大专,,,200-250元/天,贵阳,,2026-06-06 17:04:50
dbb2c08cc88c9bbc0ndz2t27GVVT,人工智能大数据物联网工程师,贵州小增长网络科技,0-20人,计算机软件,硕士,经验不限,"发表算法相关优秀论文, 强化学习, 其他, 大数据处理工具(Spark/Hadoop/Hive), 模型加速/性能优化",200-500元/时,贵阳,,2026-06-06 17:05:12
03eba725173772fb0nZ72ty0EVVU,金融数据分析师,星阅,20-99人,咨询,本科,,"Python, R, SPSS, 数学/统计相关专业, 经济/工商管理相关专业, 金融行业数据相关经验, 旅游行业数据相关经验, 物流行业数据相关经验",140-160元/天,贵阳,,2026-06-06 17:05:12
a4ac7af97dc28a1e0nZ73967EFNW,数据可视化开发工程师,贵州猛猪科技有限公司,20-99人,大数据,本科,5-10年,,7-10K,贵阳,,2026-06-06 17:05:12
bda68e63d3435abf03x629i0FlpS,数据分析师,贵州黔聚标注科技,20-99人,计算机软件,学历不限,经验不限,,2-5K,贵阳,,2026-06-06 17:05:33
00e1a8c6052b160e0nZ-3t-8FldR,数据挖掘工程师,艾瑞数智,1000-9999人,互联网,本科,5-10年,,9-12K,贵阳,,2026-06-06 17:05:55
5542f84da34abe860nd82dq4FVJZ,数据库工程师,上海新炬,1000-9999人,计算机软件,大专,3-5年,"DBA工作经验, GoldenDB, OCM, OCP, GaussDB, GBase",10-15K·13薪,贵阳,,2026-06-06 17:05:55
829a286e2a194ece031z2di8GFJV,电子数据取证分析师,华溯生物,20-99人,医疗健康,本科,5-10年,,8-9K,贵阳,,2026-06-06 17:05:55
4f8bd6cfc36dab9e031-2di5E1JS,高级大数据开发工程师,华胜益科技,0-20人,计算机软件,本科,,"Java, 要求数据开发经验, 数据建模经验, 非外包类, 实时数仓开发经验, 计算机相关专业, 数据平台开发经验, Flink, C/C++, Hive, BI报表开发经验, Spark, 数据仓库开发经验, Python, 数学/统计相关专业",200-400元/天,贵阳,,2026-06-06 17:06:17
28cad2580005101303Z82N2_GFRV,数据库运维工程师,医渡科技,1000-9999人,互联网,本科,5-10年,"Golang, Java, DBA工作经验, MySQL, MongoDB, Python",12-18K,贵阳,,2026-06-06 17:06:38
3da6cf3c63c572921HV-29i8EFBV,京东物流招聘物流运营,京东物流,10000人以上,快递,大专,1-3年,"企业内部物流部门, 物流现场运作, 订单管理, 数据分析, 熟练使用WMS系统",5-7K,贵阳,,2026-06-06 17:06:59
2ecbb2b91a0f47fe0nB-29u1FFVY,贵阳-需求分析,神州信息,10000人以上,计算机软件,本科,5-10年,"Axure, Visio, 计算机/软件工程相关专业, 金融/保险行业项目经验, 财务/金融相关专业",12-20K,贵阳,,2026-06-06 17:06:59
45debc75b70f609703V639m1FVRQ,分析员,金洋检测,20-99人,检测/认证/知识产权,大专,经验不限,环保行业,5-8K,贵阳,,2026-06-06 17:07:40
e7052363e680955a03V83N-4F1dY,数据开发（银行监管报送）,数金信科,20-99人,计算机软件,本科,5-10年,"要求数据开发经验, 数据平台开发经验, 计算机相关专业, SQL, MySQL/SQL Server, east, 1104, 一表通, 银行监管报送, IMAS",10-14K,贵阳,,2026-06-06 17:08:02
9ce32bd740746b120nB40964FldW,头疗创业店长合伙人,乌当区苗竺美发总店,0-20人,美容/美发,学历不限,1-3年,"包吃住, 就近分配, 需要门店店长经验, 美容保健, 保健/养发, 美容美体, 其他, 活动策划, 员工培训, 业绩管理, 财务管理, 数据分析, 销售经验, 连锁门店经验, 1-3年门店店长经验, 不需要出差, 不需要倒班, 不需要晚班/夜班",8-13K,贵阳,,2026-06-06 17:08:02
d9f9879a3a5e87ad03Fz3dm1FFpQ,分析工程师,九森检测,20-99人,其他专业服务,大专,3-5年,"环保行业, 化学相关专业, 环保相关专业, 食品相关专业",4-8K,贵阳,,2026-06-06 17:08:02
a9be20199d6bb5400nB-3Ni7E1RX,后台数据处理员（早九晚五）,贵州丞勋电子商务,20-99人,互联网,大专,1年以内,,4-7K,贵阳,,2026-06-06 17:08:02
d8a11e050e99d36f03B92d66EFdY,数据分析师,星晗,0-20人,计算机服务,学历不限,经验不限,"Python, R, MATLAB, SPSS",100-200元/时,贵阳,,2026-06-06 17:12:09
59d4f8d9c02fa0df0nZy39u1ElJX,数据分析师,贵州辉麟电子商务,20-99人,电子商务,大专,1年以内,,5-6K,贵阳,,2026-06-06 17:12:31
78f2604dd980f7c60nB829-9FFRV,ai数据标注项目经理/主管,贵州嘉珩信息科技,100-499人,大数据,本科,3-5年,企业内部技术项目管理,4-8K,贵阳,,2026-06-06 17:13:57
1f4cb6c7bf0096b61HB53dm5FVdX,数据中心运维工程师,捷通智慧科技股份...,500-999人,机电工程,大专,1-3年,"机电, 计算机相关专业, 电子/电气/自动化相关专业",3-5K,贵阳,,2026-06-06 17:13:57
bd0a459d08ccdc5903160ti-FVJY,数据治理实习生（包住宿）,贵州红彦知数科技...,0-20人,计算机软件,本科,在校/应届,,3-5K,贵阳,,2026-06-06 17:15:01
421b3c4fade27ecd0nB82Nm1E1ZT,托管店长,贵州新喜沐教育科技,20-99人,培训/辅导机构,大专,3-5年,"销售经验, 包住, 员工培训, 数据分析, 21-23点下班, 业绩管理, 财务管理, 3-5年门店店长经验, 不需要倒班, 需要门店店长经验, 新店筹备, 五险",7-12K,贵阳,,2026-06-06 17:15:22
d0a2fae9ed75c9ce0ndy2NW4F1FZ,储备店长,贵阳市经济开发区...,0-20人,餐饮,大专,1-3年,"连锁餐饮店经验, 加盟店经验, 小吃/快餐店经验, 奶茶店经验, 咖啡店经验, 财务管理, 线上平台运营, 业绩管理, 考勤/排班, 数据分析, 连锁餐饮店, 直营店, 餐饮储备店长, 餐饮行业经验, 接受无经验, 管培生, 餐饮管理",3-7K,贵阳,,2026-06-06 17:15:22
de180890630e0aa20nB809-4GVFW,移动策略分析师【白班双休】,润迅通信,1000-9999人,通信/网络设备,大专,1-3年,,6-7K,贵阳,,2026-06-06 17:20:12
3a82c849c71ac3781XF42N64EVFV,数据分析师,云上数联,100-499人,计算机服务,本科,3-5年,"数据处理, 数据分析, 数据管理",5-10K,贵阳,,2026-06-06 17:20:34
43cf2d0d4eab1bc10nV82dy-EltQ,数据标注专员,蓝鲲智行数字科技,20-99人,互联网,大专,经验不限,"数据标注, 标注数据分析, 图片标注, 文本标注, 视频标注, 语音标注, 区域标注, 描点标注, 分类标注, 标框标注, 接受加班, 数据分析能力强",2-6K,贵阳,,2026-06-06 17:21:57
12d596f22dd6248a03152NS8E1FT,运力数据中台（龙里）,拼多多集团-PDD,1000-9999人,互联网,大专,1-3年,"业务数据分析, 运输, 业务模式/运营策略优化, 运营, 运力",8-13K,贵阳,,2026-06-06 17:25:47
716f1c1afac5dd0603Bz0t--EVVR,高级数据挖掘工程师,贵州车秘科技有限公司,100-499人,互联网,本科,5-10年,"大数据处理经验, 机器学习经验, Python, 数学/统计相关专业",10-15K,贵阳,,2026-06-06 17:33:50
34abc7fda5e18ea40nd429u0FVFU,数据产品经理,贵安新区安禾鸿康...,0-20人,电子商务,学历不限,经验不限,市场调研,80-300元/时,贵阳,,2026-06-06 17:38:26
d5c82e3299e9cd790nZ93t-7GFVW,助理 数据录入,茅枫酒业,20-99人,其他行业,学历不限,经验不限,,4-7K,贵阳,,2026-06-06 17:38:26
16e945144ec31c6603Jz3ti4F1NX,数据分析师,致园工程设计有限公司,20-99人,证券/期货,初中及以下,1年以内,,1-6K,贵阳,,2026-06-06 17:39:09
14c46c7e263b83cc0nB_3d25FlJT,大数据开发工程师,等贤云数科技,0-20人,计算机软件,大专,5-10年,"要求数据开发经验, Doris/Druid, ETL开发经验, Kafka, 离线开发, 实时数仓开发经验, 数据平台开发经验, Flink, 数据治理经验, Shell, Hive, 数据开发, 数据治理, 制造业行业经验, Spark, 数据仓库开发经验, 离线数据, 大数据",12-16K,贵阳,,2026-06-06 17:44:47
fbfb93e02254fba40XN52921GFo~,数据库运维工程师,中科紫龙科技有限公司,20-99人,通信/网络设备,学历不限,经验不限,"运维工程师, 安全运维, 运维监控, Shell, Python, SQL, 容器技术",8-13K,贵阳,,2026-06-06 17:45:09
378290d762d9ab591n1-2N64GFA~,数据分析师,重庆协洽,100-499人,互联网,本科,经验不限,"SQL, Power BI, SPSS, 计算机相关专业, 数据分析/挖掘经验, 通信行业经验, 运营商经验, 数据分析处理",5-6K,贵阳,,2026-06-06 17:45:30
cd2be2700d75a42a0nB83NS5F1JV,AI数据采集,贵阳市清源华茂数据,500-999人,人工智能,学历不限,经验不限,,3-6K,贵阳,,2026-06-06 17:46:12
5c13fa641215793303J-2N-9E1dX,Java（数据中台）,玲珑塔科技,100-499人,计算机服务,本科,5-10年,"Java, 不接受居家办公, SpringCloud, MySQL, MyBatis, Redis, 云计算经验, 数据中台, Spring, Oracle",11-13K,贵阳,,2026-06-06 17:46:32
f36e55f45d122f930nB83d26GFJT,数据中心自控工程师,世邦魏理仕,1000-9999人,房屋建筑工程,大专,5-10年,"日常运维, 数据中心, 安防系统, 综合布线系统, 楼宇自控系统, 消防系统, 负责驻场",15-20K·13薪,贵阳,,2026-06-06 17:47:34
edd8e94c44aaf5ea0nd829i4E1NR,服装商品数据分析 专员,贵州科仕加科技,20-99人,服装/纺织,本科,经验不限,,3-5K,贵阳,,2026-06-06 17:47:55
af499ec27a7a95191HB83d21GVZV,电脑数据分析,金晟云,100-499人,互联网,高中,1-3年,,5-6K,贵阳,,2026-06-06 17:52:04
df56d3c37019147c1nV43ti6F1FT,数据分析师,大唐移动,1000-9999人,通信/网络设备,本科,1-3年,"机器学习建模经验, 数据分析, 数据分析/挖掘经验, 计算机相关专业, 运营商, 电商/零售行业数据相关经验, 数学/统计相关专业, SQL, Python",4-7K,贵阳,,2026-06-06 17:52:48
3b21aa824e9ef8121n152N-4EVFQ,数据咨询合伙人,智启未来科技有限公司,0-20人,企业服务,学历不限,经验不限,"SQL, Python, Java",25-50K,贵阳,,2026-06-06 17:53:52
ef9fb6c0fe8d883b1H142dS4F1pR,数据标注主管,梦动科技,500-999人,互联网,本科,3-5年,"数据标注, 不接受居家办公, 语音标注, 标注结果整理, 视频标注, 标注结果抽查, 区域标注, 图片标注, 接受加班, 文本标注, 描点标注, 标注方法优化, 标框标注, 分类标注",4-6K·13薪,贵阳,,2026-06-06 17:54:34
5920a722bafc4744031609u0E1FX,数据标注,中玖建筑,0-20人,咨询,大专,在校/应届,,2-7K,贵阳,,2026-06-06 17:54:34
c0358810c02de44d0nB-3d61EVpQ,店长/副店长,江西蕉内科技,500-999人,服装/纺织,大专,1-3年,"1-3年门店店长经验, 员工培训, 需要门店店长经验, 服饰, 员工招聘, 库存管理, 五险一金, 不需要出差, 数据分析, 21-23点下班, 运动户外, 每周双休, 服饰鞋包, 业绩管理",9-13K·13薪,贵阳,,2026-06-06 17:54:34
4b8a6ba8f1157a231XZ43t-7FFpY,数据架构师,天弘数科,0-20人,计算机软件,本科,5-10年,Java,10-12K,贵阳,,2026-06-06 17:54:55
399d12b8a26e60ff0nB-2Ni9E1ZU,AI数据采集实习生,贵阳白云城维集团,100-499人,政府/公共事业,学历不限,,,100-120元/天,贵阳,,2026-06-06 17:55:17
f5a04423e41d95180nB83dW_GVZV,数据标注专员,贵州观兰数字科技,20-99人,大数据,大专,1年以内,,3-8K,贵阳,,2026-06-06 17:59:25
fbb5c6e972b15de20nB-39-4FVFQ,烟草国企.数据分析/数据挖掘/建模.直签正岗,某大型企业服务公司,100-499人,企业服务,本科,3-5年,"机器学习建模经验, 数据分析/挖掘经验, Python",20-21K·13薪,贵阳,,2026-06-06 18:06:48
573f57ae3a08b89803Zz3Nq8FVpT,财经分析师,竹风远流,100-499人,互联网,本科,1-3年,"投资课程讲授, 行业趋势分析, 在线教育/自媒体, 证券投顾经验, 直播/讲课能力, 证券从业资格, 证券投顾资格",40-45K,贵阳,,2026-06-06 18:07:09
cd5c22b03b2a78f61XF53Nu-F1FR,数据分析,晨之光美,100-499人,批发/零售,大专,3-5年,数据处理,4-5K,贵阳,,2026-06-06 18:07:31
228090d4eceadb8603F92tW7FlFX,数据标注业务项目经理,数安智能,20-99人,互联网,本科,3-5年,"中大型软件项目管理经验, 大数据项目管理经验, 实施交付经验, 团队管理经验, 售前支持经验, PMP, 信息系统项目管理师",15-25K·13薪,贵阳,,2026-06-06 18:08:34
51c309b19057fabd0nB_09i5E1pV,数据开发,中电金信,10000人以上,计算机软件,本科,1-3年,"Java, 监管报送, 要求数据开发经验, 非外包类, Spark, 数据平台开发经验, 金融行业经验",12-15K,贵阳,,2026-06-06 18:08:34
b075b3b62dab94600nB62dy5GFVT,周末双休+精准数据提供+不加班,贵州省酒集团,500-999人,食品/饮料/烟酒,学历不限,经验不限,"个人（To C）, 对企业/机构（To B）销售经验, 快消品销售经验, 电话销售经验, 面销/陌拜经验, 酒店销售经验, 快消品, 会展销售, 电话销售, 网络销售, 面销/陌拜, 批发/零售",5-10K,贵阳,,2026-06-06 18:08:55
6a0a6924be18d8e703x63t2_F1ZR,ai数据标注,贵州黔晟智星科技,100-499人,大数据,大专,,,150-200元/天,贵阳,,2026-06-06 18:14:28
cb0c61d61d2852020nB63NS4EFBX,数据标注专员,贵州数智云算数据科技,100-499人,大数据,大专,1-3年,"数据标注, 不接受居家办公, 语音标注, 标注结果整理, 视频标注, 数据分析能力强, 标注结果抽查, 区域标注, 图片标注, 文本标注, 标注数据分析, 文科生阅读能力强的优先, 描点标注, 标注方法优化, 标框标注, 分类标注",3-5K,贵阳,,2026-06-06 18:14:49
8671c964f866176b03F_3di-ElFS,数据标注项目经理,巨新引力,20-99人,计算机软件,本科,1-3年,,8-12K,贵阳,,2026-06-06 18:16:15
a31a419c26440f0c0nR809u-ElVU,数据标注（贵阳）,中软国际,10000人以上,计算机软件,大专,经验不限,标注,4-8K,贵阳,,2026-06-06 18:21:27
1402cbe42b7aebfc0nZy3NS7EFRT,贵阳西太后店经理（五险一金+高团队提成）,俪玛商业,100-499人,批发/零售,本科,3-5年,"销售经验, 奢侈品, 线上平台运营, 店长, 活动策划, 连锁门店经验, 3-5年门店店长经验, 西太后, 需要门店店长经验, 库存管理, 五险一金, vivienne westwood, 不需要出差, 数据分析, 21-23点下班, 服饰鞋包, 业绩管理, 女装, 新店筹备",15-25K,贵阳,,2026-06-06 18:22:28
2cfaaffa51b9f418031529u6FFZW,大数据分析师 标注2D3D,宁夏聚智测信息科技,20-99人,石油/石化,大专,1-3年,,6-7K,贵阳,,2026-06-06 18:26:56
2477ff20e6cb166a0ndz2d25FVZY,实习生-大数据开发实习生-贵阳,亚信科技,10000人以上,计算机软件,本科,在校/应届,校招,面议,贵阳,,2026-06-06 18:26:56
56c3d940c8294fe003B-3961EFJZ,数据分析调拨,麦哆哆,0-20人,服装/纺织,学历不限,1-3年,,5-6K,贵阳,,2026-06-06 18:26:56
a22ff90eafae80130nZ_29-4FldW,数据分析师,贵州壹集科技有限公司,0-20人,大数据,大专,1-3年,,3-4K,贵阳,,2026-06-06 18:26:56
8b348a55edae477503Vz0t24E1JZ,AI数据分析师,罗浮工,20-99人,装修装饰,大专,1-3年,"业务模式/运营策略优化, 投放数据分析, 营销活动效果分析, 数据分析/商业分析经验, 管理咨询工作经验, 金融/经济相关专业, 计算机相关专业",6-8K,贵阳,,2026-06-06 18:26:56
e9d5b054e8224a671nVy2tS5FFZR,大数据分析师,南京龙贞,100-499人,计算机软件,本科,5-10年,"Hive, SPSS, SAS, R, Hadoop, Spark, 分布式技术, 大数据",8-13K,贵阳,,2026-06-06 18:27:17
dd5e8f83e48850050nV62Ni8GFNT,数据分析师,贵州省外企,20-99人,人力资源服务,硕士,经验不限,,8-10K,贵阳,,2026-06-06 18:27:39
c419448aa61c2e551H1z2Nq5FVZY,大数据分析师,贵州智警科技有限公司,0-20人,大数据,本科,1-3年,"数据分析/挖掘经验, 计算机相关专业, SQL, Python, 数学/统计相关专业",5-7K·13薪,贵阳,,2026-06-06 18:28:00
e75ee9af1789132b0nB_3Nm_ElJT,数据标注管理岗,贵州嘉珩信息科技,100-499人,大数据,本科,1-3年,,4-6K,贵阳,,2026-06-06 18:28:21
a1a48d30835718570nB92tS-GFtQ,物流数据跟单员,贵州酒派酒业有限公司,100-499人,批发/零售,学历不限,经验不限,"物流电话客服, 普通话标准, 有客户资源",4-9K,贵阳,,2026-06-06 18:28:21
ae780809ad3a58e50nd409W8EFBU,数据标注质检员,显果科技,100-499人,人工智能,学历不限,1年以内,,3-5K,贵阳,,2026-06-06 18:28:21
cd02244e3d63c9031H1y2tW0EFFU,临床数据分析,新细胞,100-499人,学术/科研,本科,3-5年,"Excel, 生物科技, 临床工作经验, GCP, 医药相关专业, 医学相关专业, 统计学相关专业, 临床试验, 药品注册, 统计分析, 科研工作经历",3-8K,贵阳,,2026-06-06 18:28:21
f4a6377cc5bab29e0nR80t24E1RU,数据标注技术经理,高金公司,0-20人,大数据,本科,3-5年,"不接受居家办公, 语音标注, 视频标注, 数据分析能力强, 区域标注, 图片标注, 接受加班, 文本标注, 标注数据分析, 描点标注, 标注方法优化, 标框标注, 数据生产全流程技术优化, 分类标注",5-10K,贵阳,,2026-06-06 18:28:41
6aef5ee58bc2ef720nd_2d-4F1JY,ai数据标注,蓝鲲智行数字科技,20-99人,互联网,本科,在校/应届,,2-6K,贵阳,,2026-06-06 18:28:41
ad4087cd2d0d60621nJ93Ni6EFdT,产品经理,梦舞传媒,20-99人,培训/辅导机构,大专,1-3年,"TO B, 数据分析",8-12K,贵阳,,2026-06-06 18:29:04
d36fd717d5247efe0nB_29m1EFBY,数据通信工程师,算家计算,20-99人,云计算,大专,经验不限,"网络协议, 数据通信, 网络交换技术, Linux, 核心网, 光通信, 有HCIP最好",5-10K,贵阳,,2026-06-06 18:29:04
ec84f490167e49980nV-39-7GVRY,数据标注项目经理,夜创科技,500-999人,人工智能,本科,1-3年,,7-10K,贵阳,,2026-06-06 18:29:04
d3aecc0460d70fc10nB_2ty9GVpU,财务分析专员,大连华立金港,100-499人,生物/制药,本科,1-3年,,6-8K,贵阳,,2026-06-06 18:29:25
10d69e4fc4af37a503J-29W_FlZS,数据分级分类专家,长信天鹰信息系统,20-99人,通信/网络设备,本科,3-5年,"要求数据开发/架构经验, 要求有数据架构经验, 数据仓库架构经验, 其他, Hive, Kafka, Doris/Druid, 数据治理经验",7000-12000元/月,贵阳,,2026-06-06 18:29:46
0b48c3e3886eb66e1HR-09i-FVJU,数据采集员,兴财通科技有限公司,20-99人,计算机软件,本科,经验不限,"计算机相关专业, 数学/统计相关专业",3-8K,贵阳,,2026-06-06 18:29:46
c7a77fe4b95a3ab303Ny2NS9ElpT,班主任学习管理师,修文县木兮文创书...,0-20人,批发/零售,大专,1-3年,"培训机构, 线上教育, 文案撰写, 数据分析, 社群运营, 小班教学（3-25人）, 中学生, 学前儿童/小学生, 不授课, 教育专业背景, 教师资格证",3-5K,贵阳,,2026-06-06 18:29:46
8f222e32478f10f30nV_3tq9GVZT,数据工程师,车联邦,100-499人,计算机软件,本科,3-5年,"Hive, 要求数据开发经验, ETL开发经验, 非外包类, Spark, 数据平台开发经验, Flink, Python",16-28K,贵阳,,2026-06-06 18:29:46
88becb22edbaf3951Hd539y9FVtR,数据安全工程师,保旺达软件,100-499人,信息安全,本科,1-3年,"CISSP/CISP, 数据安全管理经验",9-12K,贵阳,,2026-06-06 18:29:46
d49a2e50816a994833dz296_E1Y~,金利来男装店铺运营，督导,金旭公司,20-99人,服装/纺织,大专,3-5年,"销售运营, 运营经理, 用户运营, 数据标注, 产品运营, 门店运营, 数据分析",100-200K,贵阳,,2026-06-06 18:29:46
6ab99ee7ebd6a1021n153dW8FVBW,咨询分析师（贵阳）,大岳咨询,100-499人,咨询,本科,1-3年,"咨询师, 项目总监, 项目管理",8-13K,贵阳,,2026-06-06 18:36:25
1e809fec2af94aa70nZ939i6F1RU,凯辉便利店店长,观山湖区悠山荟玖...,0-20人,食品/饮料/烟酒,学历不限,1年以内,"需要门店店长经验, 超市/食品, 便利店, 陈列管理, 业绩管理, 数据分析, 卫生管理, 库存管理, 连锁门店经验, 1年以下门店店长经验, 不需要出差",4-5K,贵阳,,2026-06-06 18:36:46
64d89d52e6058bdd03172dy7EVpQ,数据标注实习生,缘君人工智能,20-99人,互联网,大专,经验不限,"数据标注, 图片标注, 文本标注, 视频标注, 语音标注, 区域标注, 标框标注",3-8K,呼和浩特,,2026-06-06 18:44:17
92737ea487353e001HZ52926GVFS,大数据开发实习生,欣荣惠,20-99人,计算机服务,本科,在校/应届,"Java, 要求数据开发经验, Kafka原理/源码, 大数据引擎开发经验, Kafka, MySQL/SQL Server, 非外包类, 计算机相关专业, 数据平台开发经验, Python",3-8K,呼和浩特,,2026-06-06 18:44:17
c06dac84754782770nZ83t-8ElZU,数据通信工程师,内蒙古卓曜信息技...,0-20人,通信/网络设备,大专,1-3年,数据通信,5-10K,呼和浩特,,2026-06-06 18:44:17
f8df40d106d06d08031z2d67EldS,售前情感分析师打单老师（非倾诉）,长春市心钥文化,0-20人,咨询,学历不限,1-3年,,20-22K,呼和浩特,,2026-06-06 18:44:17
7b5962f35ea8faf41Xd-3dS5ElBV,高级数据库工程师,北京同上科技有限公司,20-99人,计算机服务,学历不限,经验不限,"Shell, SQL, Unix, AIX, Oracle, OCM",15-16K·13薪,呼和浩特,,2026-06-06 18:44:17
4daa300e58c2c40403R83d-9FFJW,大数据分析师,曜嘉文化,0-20人,电子商务,本科,3-5年,"数学/统计相关专业, 计算机相关专业, 经济/工商管理相关专业, 数据分析/挖掘经验, 电商/零售行业数据相关经验",10-11K,呼和浩特,,2026-06-06 18:44:17
921e23b63455dfe403R82tq9E1pR,接受小白 工作轻松 数据标注文员,深圳易宝软件有限公司,1000-9999人,计算机软件,大专,经验不限,"文本标注, 图片标注",3-5K,呼和浩特,,2026-06-06 18:44:17
cc08c2024ad237db0ndz3N-5FltT,兼职市场调研人员，数据分析,内蒙古权恒企业管...,20-99人,企业服务,学历不限,经验不限,"定量研究, 兼职",100-200元/天,呼和浩特,,2026-06-06 18:44:17
4fa885dffc2126b303J92dS6FFJZ,数据分析师,赛罕区源动设计服...,0-20人,其他专业服务,本科,3-5年,"数据分析, 数据挖掘, 影刀RPA, 客服",1000-1500元/月,呼和浩特,,2026-06-06 18:44:17
0dea78db6a75fa130ndz2d25FVdV,实习生-数据库开发实习生-呼和浩特,亚信科技,10000人以上,计算机软件,本科,在校/应届,校招,面议,呼和浩特,,2026-06-06 18:44:17
8aa42d5e62b90c870nB-2Ni9FFFU,数据文员,滴云图诺,20-99人,互联网,大专,经验不限,"数据标注, 文本标注, 不接受居家办公, 语音标注, 视频标注, 图片标注",3-5K,呼和浩特,,2026-06-06 18:44:17
90447a23124311000ndz2t20F1BU,数据开发,深圳永动软件有限公司,100-499人,互联网,本科,5-10年,"要求数据开发经验, 数据平台开发经验, 数据仓库开发经验, 实时数仓开发经验, ETL开发经验, 制造业行业经验, SQL, Spark, Hive, Kafka, MySQL/SQL Server, Oracle, EBS, EBS探源",9-13K,呼和浩特,,2026-06-06 18:44:17
b5b4a8d86fc3dfa503dy2tm0GFRV,数据分析师,内蒙古君安,0-20人,互联网,大专,经验不限,"舆情监控, 相关分析, 大数据",4-6K,呼和浩特,,2026-06-06 18:44:17
13299d11589fd1fa0nB_2Ny8EVVQ,数据中心基础设施值班长,内蒙古中清源建设,0-20人,运营商/增值服务,大专,3-5年,IDC机房运维,8-10K,呼和浩特,,2026-06-06 18:44:17
e421e7dc4d226ee70nB92Ni-EldY,数据分析专员,黄山领航信息科技,20-99人,计算机软件,本科,1-3年,,7-10K,呼和浩特,,2026-06-06 18:44:17
bfdc2bf83860033203Zz2t-6EFBS,数据分析,炎黄新星网络,500-999人,电子商务,本科,5-10年,SQL,6-8K,呼和浩特,,2026-06-06 18:44:39
fe4baf700724e99c1Hx-2dW-GFVV,数据分析,内蒙古仲信网络科技,20-99人,互联网,大专,1-3年,数学/统计相关专业,5-6K,呼和浩特,,2026-06-06 18:44:39
6da307b1ffbd758a03F62t29F1pW,数据处理实习生,数字绿土,500-999人,专用设备,大专,,"ArcGIS, 地理信息/测绘工程相关专业, 会使用测绘类软件",140-150元/天,呼和浩特,,2026-06-06 18:44:39
1f795719644347ea1XBz2tW1GVNR,货品数据分析师,新城区松海内衣店,20-99人,其他生活服务,大专,3-5年,"客户资料整理, 客户数据分析, 产品/服务定制, 批发/零售, 企业/机构（To B）, 对企业/机构（To B）销售经验, 项目管理能力, 数据分析能力, 沟通能力",5-6K,呼和浩特,,2026-06-06 18:44:39
005b2fee5c3009a61HR63t29FltY,数据分析师,常进电子,0-20人,电子商务,大专,经验不限,会操作电脑,5-6K,呼和浩特,,2026-06-06 18:44:39
b62a7f6c0cc940b303N82dy8FFJT,交付部门经理（数据可视化方向且懂管理）,内蒙古聚数汇,20-99人,互联网,本科,5-10年,"可视化产品, 大数据方向, 团队管理, 项目管理",10-15K,呼和浩特,,2026-06-06 18:44:39
b6e16c2707d815130nd-39m0EVBX,财务分析/财务BP,内蒙古无界企业运营,0-20人,企业服务,本科,5-10年,预算固定资产分析。,5-9K,呼和浩特,,2026-06-06 18:44:39
c2119c7847c92c241HV_2t68FVVQ,数据分析师,内蒙古瑶富科技,0-20人,互联网,本科,1-3年,"决策树, 相关分析",3-4K,呼和浩特,,2026-06-06 18:44:39
857473347b48e6e71HN-2t21EFBX,数据分析师,内蒙古蒙骑科技,100-499人,其他生活服务,大专,经验不限,"数据分析/挖掘经验, 风控相关经验",5-6K·13薪,呼和浩特,,2026-06-06 18:44:39
e208412e74667e020nR-2Nu1GFdQ,it运维工程师(数据中心）,北京中科仙络,500-999人,互联网,大专,5-10年,"上下架, 数据中心 t4, 数据中心厂商, IDC机房运维, 服务器售后",5-8K,呼和浩特,,2026-06-06 18:44:39
4417640c9dd660800nd82dq_E1tU,ai数据标注员（内容审核）,星辰启航,20-99人,大数据,大专,经验不限,"内容审核, 审核结果分析, 审核标准优化, 审核数据整理, 图片审核, 文本审核, 视频审核, 语音审核, 不接受居家办公",3-5K,呼和浩特,,2026-06-06 18:44:39
0b38db4ab947df720nZy2969F1pR,大数据分析人员,内蒙古快视视频,0-20人,计算机软件,本科,1-3年,,4-8K,呼和浩特,,2026-06-06 18:44:39
1b635d570b918d500nV439i_EFRR,能源经济分析师/统计分析师,恒瑞能源,0-20人,其他生活服务,本科,经验不限,,4-8K,呼和浩特,,2026-06-06 18:44:39
49b18522c28dbb371nJ62N2_FlpW,BI分析师【内蒙古电信】,北京资采,100-499人,运营商/增值服务,本科,1-3年,"SQL, Excel, 回归分析, 多元统计分析, 相关分析, 聚类分析, 描述统计",6-10K,呼和浩特,,2026-06-06 18:44:39
c22acca07a42e6000nB43t64F1pV,数据标注专员,内蒙古数智信安科技,0-20人,人工智能,大专,经验不限,"数据标注, 文本标注, 不接受居家办公, 语音标注, 视频标注, 描点标注, 区域标注, 标框标注, 图片标注, 分类标注",3-6K,呼和浩特,,2026-06-06 18:44:39
2d7c908a1f4f2bc01HN83dS9EVtU,大数据物联网经理,内蒙古环能机电,0-20人,大数据,本科,5-10年,大数据开发经验,15-30K,呼和浩特,,2026-06-06 18:45:01
8c88a87a9c9bf1050nZz09S0EFpR,初 创公司 准时发薪 实时数据,成都鸿盛易融信息科技,20-99人,其他金融业,初中及以下,经验不限,无经验要求,11-12K,呼和浩特,,2026-06-06 18:45:01
9919bc4414b5b3880nZz39i-F1RY,数据分析师,盛鼎餐饮,500-999人,餐饮,本科,3-5年,"SQL, R, Tableau, Power BI, 数学/统计相关专业, 经济/工商管理相关专业, 电商/零售行业数据相关经验, 餐饮行业相关经验者优先",6-8K,呼和浩特,,2026-06-06 18:45:01
ccc2189b2735653903F63tS9E1NZ,数据标注主管,乐为科技,100-499人,大数据,学历不限,1-3年,,4-6K,呼和浩特,,2026-06-06 18:45:01
d47d53412334ea941HZ629W6EltS,高级需求分析师,中科华成,20-99人,计算机软件,本科,5-10年,"计算机/软件工程相关专业, 软件需求分析管理经验, 政府项目经验",10-15K,呼和浩特,,2026-06-06 18:45:01
7f06e619c228d6df03J72di9EVZW,数据分析或者研究员,参照系,20-99人,互联网,本科,1-3年,,4-6K,呼和浩特,,2026-06-06 18:45:01
6216eead68552a2d03Jz09W_ElFY,钣金数据凹陷大师傅,赛罕区领航名车汽...,0-20人,4S店/后市场,学历不限,5-10年,,10-15K,呼和浩特,,2026-06-06 18:45:01
dca4d4ff528dbd040nd82di6F1pY,数据分析,文达森,20-99人,互联网,本科,1-3年,"SPSS, SQL, Python",6-8K,呼和浩特,,2026-06-06 18:45:01
4ebe0cd1308299100nRz39i4EVZR,数据分析师,远暨跨境电商产业园,20-99人,电子商务,本科,1-3年,"数学/统计相关专业, 计算机相关专业, 经济/工商管理相关专业, 数据分析/挖掘经验, 电商/零售行业数据相关经验",4-6K,呼和浩特,,2026-06-06 18:45:01
3e6b06ff625c482b03Fz2d20EFtQ,中级大数据开发工程师,中科国金,100-499人,计算机软件,本科,1-3年,"要求数据开发经验, 数据仓库开发经验, Hive, MySQL/SQL Server, SQL, ETL开发经验, 非外包类",10-14K,呼和浩特,,2026-06-06 18:45:01
548c3bb59df5507d1nB93d6_E1VR,大数据分析,天津行至简科技,500-999人,互联网,本科,3-5年,"Java, Spark, Hadoop",8-10K,呼和浩特,,2026-06-06 18:45:01
7252eb13a9cd6a7b1HBz39q-FFpS,数据中心运维经理,新东吉泰,0-20人,通信/网络设备,大专,5-10年,IDC机房运维,20-30K,呼和浩特,,2026-06-06 18:45:01
dce7def5030eb37c0nd_3dm5GFBU,数据采集,郑州倾栎科技有限公司,100-499人,互联网,学历不限,经验不限,,3-6K,呼和浩特,,2026-06-06 18:45:01
18029e800fe896171H183dq1EVBV,大数据分析师,内蒙古电子商务促进会,0-20人,电子商务,本科,1-3年,计算机相关专业,3-5K,呼和浩特,,2026-06-06 18:45:01
2e6d89fd2fe0c3061HZ73tS7ElpT,数据采集,内蒙古美象药房电商部,0-20人,医疗器械,本科,3-5年,"Hive, Hbase, Kafka, 计算机相关专业, 数学/统计相关专业, 大数据处理经验, 无",5-6K,呼和浩特,,2026-06-06 18:45:01
f05137e6b02e5c101HV62920EVFS,大数据开发工程师,数字天堂,100-499人,互联网,本科,1-3年,"Tableau, SQL, Kafka",7-10K,呼和浩特,,2026-06-06 18:45:22
0c1b9de32e0b4c0303V829m1GFtZ,数据分析统计员,源企,0-20人,咨询,本科,1-3年,"数学/统计相关专业, 经济/工商管理相关专业, 旅游行业数据相关经验",4-5K,呼和浩特,,2026-06-06 18:45:22
aa337429f848ba4a03J72tu4FlNZ,大数据讲师,内蒙古皓辰科技,20-99人,互联网,本科,1-3年,接受无数据开发经验,4-7K,呼和浩特,,2026-06-06 18:45:22
d80810d4e1d075bf0ndz2dy_ElJY,数据中心基础设施运维工程师,永康世纪,0-20人,计算机服务,大专,1-3年,,100-300元/天,呼和浩特,,2026-06-06 18:45:22
83c3e20b4c71698803By29S6GFpZ,实施工程师（数据产品）,熙软科技,500-999人,计算机软件,本科,3-5年,,7-12K,呼和浩特,,2026-06-06 18:45:22
0d1292424e9f2fbd1HJ52t-1F1RW,服装数据分析,利讯商贸,20-99人,批发/零售,本科,5-10年,"客户资料整理, 客户数据分析, 产品/服务定制, 批发/零售, 个人（To C）, 快消品销售经验, 项目管理能力, 数据分析能力, 沟通能力, 加盟商和直营店的订货制定, 线下门店, 销售利润",4-6K,呼和浩特,,2026-06-06 18:45:22
677ed774700ac63e1HF43dy6F1ZX,大数据高级java开发工程师,内蒙征信,20-99人,企业服务,本科,3-5年,"Java, SpringCloud, Elasticsearch, Docker, Redis, MySQL, MongoDB, 不接受居家办公, 团队管理经验, 大数据经验, 架构设计经验",7-11K,呼和浩特,,2026-06-06 18:45:22
d99e694e3da49be40nB-39u0FFZS,数据开发工程师,神彩科技,100-499人,计算机软件,本科,3-5年,,8-12K,呼和浩特,,2026-06-06 18:45:22
3137a600ff85bc4a0nB72961GFBT,数据分析,哈啰普惠,1000-9999人,互联网,本科,,"数学/统计相关专业, 计算机相关专业, 数据分析/挖掘经验",120-130元/天,呼和浩特,,2026-06-06 18:45:22
73c8fb20a80668380nB92tu1FlRV,IDC(互联网数据中心)电气/暖通工程师,南京顺盛合肥分公司,500-999人,通信/网络设备,大专,1-3年,"Linux, 电气工程师证, CAD, Windows",12-17K,呼和浩特,,2026-06-06 18:45:22
27fdb6a6f065329d1H1y3di9EVRU,大数据算法工程师,卫数数据,100-499人,医疗健康,硕士,1-3年,"机器学习, 深度学习, Python",8-12K,呼和浩特,,2026-06-06 18:45:22
d37b98dfa1f100730nVy3Ny1GFRY,高级IDC数据中心设施运维工程,诚云科技,500-999人,互联网,本科,3-5年,"电气弱电暖通, IDC, 运维经验, IDC机房运维, 数据中心",15-25K·15薪,呼和浩特,,2026-06-06 18:45:22
6140515e51bcac690nB73ti7EVdZ,数据标注专员,新智力科技,20-99人,大数据,大专,经验不限,,2-6K,呼和浩特,,2026-06-06 18:45:22
318ff872e0f1b1a703183Nu-FVBZ,证劵投资分析师,新恒基,20-99人,房地产开发经营,本科,经验不限,"金融产品营销类职位, 证券公司, 资产/财富管理公司, 丰富的金融理财知识",7-12K,呼和浩特,,2026-06-06 18:45:22
65bb2294e93486f1031-0965FFZZ,【兼职】大模型数据标注,内蒙古诚芳信息科技,0-20人,计算机服务,本科,3-5年,"文本标注, 数据标注, 标注结果整理, 数据分析能力强, 描点标注, 标注方法优化, 区域标注, 接受居家办公, 标框标注, 分类标注",50-80元/时,呼和浩特,,2026-06-06 18:45:22
688df577223acd1b0nR52NS6FlNT,数据统计,倍力优,20-99人,其他生活服务,中专/中技,1-3年,,3-4K,呼和浩特,,2026-06-06 18:45:43
7771c56aa41fabb71nx_2d-9ElRT,数据运营实习生,滴滴,10000人以上,O2O,本科,,"大数据, 本地生活/O2O, 网约车",150-200元/天,呼和浩特,,2026-06-06 18:45:43
6806ec62cf7af2e503B539i1FVFX,项目经理（网络安全分析室）,数字安全,20-99人,信息安全,大专,3-5年,,5-8K,呼和浩特,,2026-06-06 18:45:43
9f2ff511c4d843760nB62d25F1BW,生鲜课长,浙加都生活超市,10000人以上,批发/零售,学历不限,3-5年,"销售经验, 损耗管理, 员工培训, 线上平台运营, 熟练使用办公软件, 连锁门店经验, 超市, 库存管理, 不需要出差, 生鲜卖场, 数据分析, 不需要晚班/夜班, 业绩管理, 不需要倒班, 需要卖场经理经验, 五险, 3-5年卖场经理经验",5-6K,呼和浩特,,2026-06-06 18:45:43
9ae21c61559d30841HN73Nm-GFpX,数据标注专员,岁安澜,0-20人,互联网,大专,在校/应届,"全职工作, 数据标注, 图片标注, 不接受居家办公, 标框标注",3-8K,呼和浩特,,2026-06-06 18:45:43
4b1554ea8bc3d43f0nd_2d-9GFFW,需求分析工程师,济业,20-99人,财务/审计/税务,硕士,5-10年,财务/金融相关专业,12-20K,呼和浩特,,2026-06-06 18:45:43
f26bdf639dabd56603J52965FlRV,数据开发工程师-呼和浩特,安徽东方国信,500-999人,计算机软件,本科,5-10年,"Hive, Shell, 要求数据开发经验, 数据建模经验, 实时数仓开发经验, Spark, 计算机相关专业, 数据仓库开发经验, 数据平台开发经验, 数据治理经验, SQL",10-15K,呼和浩特,,2026-06-06 18:45:43
e56c857e41e9a4d01nR-09u5F1dV,新媒体数据分析师,百米科技有限公司,0-20人,社交网络与媒体,大专,经验不限,数据分析,3-4K,呼和浩特,,2026-06-06 18:45:43
d6f36dbfc298e2a00nd93tm_EFJY,数据标注/AI训练师,内蒙古叁合时代高...,10000人以上,大数据,大专,1-3年,"数据标注, 标注方法优化",5-9K,呼和浩特,,2026-06-06 18:45:43
e0e586a88d790c240nB60t27GVdS,年薪30-40W聘卖场经理/可面谈,无锡名卓家居有限公司,20-99人,家具/家居,学历不限,经验不限,"需要卖场经理经验, 五险, 不需要出差, 不需要倒班, 不需要晚班/夜班, 家居建材/家电, 库存管理, 活动策划, 数据分析, 陈列管理, 业绩管理, 熟练使用办公软件, 销售经验, 连锁门店经验, 线上平台运营, 1年以下卖场经理经验, 1-3年卖场经理经验, 3-5年卖场经理经验, 5年以上卖场经理经验",15-20K,呼和浩特,,2026-06-06 18:45:43
6529784ca8c4c4e403d_2ty4EltQ,数据中心运维工程师,亚康万玮,1000-9999人,互联网,大专,1-3年,,5-8K,呼和浩特,,2026-06-06 18:45:43
076ddba8b6f58ad90nV_3di1GFdQ,数据标注/AI训练师,圆木禾(内蒙古),0-20人,其他生活服务,大专,经验不限,"数据标注, 图片标注, 文本标注, 视频标注, 语音标注, 区域标注, 描点标注, 分类标注, 标框标注, 数据分析能力强, 不接受居家办公",3-6K,呼和浩特,,2026-06-06 18:45:43
ea5cb226f9307fac0nB-0ti8GVZR,数据中心值班长,浙江省邮电工程,1000-9999人,通信/网络设备,大专,1-3年,,7-8K,呼和浩特,,2026-06-06 18:45:43
ea6943e243ecdecc0ndz2NS7F1dT,数据标注,东莞市杰尼赛思信...,0-20人,人工智能,大专,经验不限,"数据标注, 文本标注, 不接受居家办公, 语音标注, 视频标注, 数据分析能力强, 图片标注",3-6K,呼和浩特,,2026-06-06 18:45:43
d8acd100bee0eb8c1HNz09i8ElVV,数据标注/AI训练师,骏科信息,0-20人,人工智能,中专/中技,,人工智能,120-150元/天,呼和浩特,,2026-06-06 18:45:43
e3c094aa1b797a720nZ62t27EVpV,数据标注员,紫丁香智能科技公司,100-499人,人工智能,大专,1年以内,,120-130元/天,呼和浩特,,2026-06-06 18:46:04
15afa52ddd67a9981HR-3du4GFFR,大数据开发工程师,领新科技,20-99人,专利/商标/知识产权,本科,1-3年,"Java, Python, C++, 计算机相关专业, 大数据开发经验, 数仓建设经验",4-6K,呼和浩特,,2026-06-06 18:46:04
d172fbbd7998d86e0nd-0tu0GVFS,【呼市IMC】数据中心配电施工项目经理,软通动力,10000人以上,计算机软件,本科,3-5年,"电气, 施工交付, CAD, 高压电工, 配电, 数据中心",8-11K,呼和浩特,,2026-06-06 18:46:04
d52ec2bd294c2d560nVz3du9EFRQ,数据标注/AI训练师,内蒙古万维新创科技,20-99人,大数据,大专,经验不限,"数据标注, 文本标注, 语音标注, 视频标注, 标注数据分析, 数据分析能力强, 描点标注, 区域标注, 标框标注, 图片标注, 分类标注",3-8K,呼和浩特,,2026-06-06 18:46:04
52608381c1b516980nB-2Ni4EVFV,数据文员,绍兴云图智胜信息技术,20-99人,互联网,大专,经验不限,,3-6K,呼和浩特,,2026-06-06 18:46:04
a782fcffd1fdf1371H1y2tu6FFZT,大模型数据项目经理,中研智达,100-499人,大数据,本科,3-5年,"大数据项目管理经验, 售前支持经验, 实施交付经验, 团队管理经验, 大模型, 数据标注, 项目管理, 团队管理, 大数据",7-12K,呼和浩特,,2026-06-06 18:46:04
f9e556bc80d8e6ee1XV82dy-FFZQ,实验室分析员,泰和恒信,20-99人,新能源,本科,5-10年,"石油化工, 化学化纤, 环保行业, 化学相关专业, 环保相关专业, 中级职称及以上, 环境监测",6-7K,呼和浩特,,2026-06-06 18:46:04
6cce3dcc348430de0nd539-0ElpV,最新业务，数据孵化师，月入3万+,墨兰,20-99人,咨询,学历不限,经验不限,"互联网, 全职兼职均可, 含销售性质, 贷款顾问",10-15K,呼和浩特,,2026-06-06 18:46:04
3101703c662ee3970nB53t-8GFNT,AI数据标注师,诺羽科技,20-99人,大数据,本科,经验不限,"数据标注, 文本标注, 不接受居家办公, 视频标注, 区域标注, 标框标注, 图片标注, 分类标注",3-6K,呼和浩特,,2026-06-06 18:46:04
9c93f4e26912cd540nB72d-0EFFX,数据标注/AI训练师,盛捷信息技术有限公司,20-99人,互联网,大专,经验不限,,3-4K,呼和浩特,,2026-06-06 18:46:04
26e25e73c02e678203B-296-GVtY,理化分析工程师,中环领先,1000-9999人,半导体/芯片,硕士,1-3年,,7-9K·13薪,呼和浩特,,2026-06-06 18:46:04
d789ff07d0c670811HF92dq1GFtU,数据产品经理,大华数科,20-99人,大数据,本科,3-5年,"用户研究, 数据分析, 数据服务, 数据挖掘",6-10K,呼和浩特,,2026-06-06 18:46:04
4aaae8923387128a03Z60t-_F1FW,数据标注专员,赛罕区锡林南路慕...,0-20人,云计算,本科,经验不限,"数据标注, 接受实习/在校生投递, 标注结果整理, 标注数据分析, 数据分析能力强, 接受居家办公",8-12K,呼和浩特,,2026-06-06 18:46:04
c89dad6c06d183970nZ63d67FlZU,精准数据销售8K+五险,内蒙古蒙银信息咨...,20-99人,银行,大专,1年以内,"金融产品, 电话销售经验",5-10K,呼和浩特,,2026-06-06 18:46:04
1ff468753d3d2d8103x52tS7EVpU,检测分析员,智琦检测,0-20人,检测/认证/知识产权,本科,在校/应届,,4-6K,呼和浩特,,2026-06-06 18:46:04
95fdbbe61407af1c0nZ83Ni4FFBR,数据标注员,创冉数科,20-99人,计算机软件,本科,1年以内,,3-5K,呼和浩特,,2026-06-06 18:46:25
9b40e6525d6b05011H1y0ty4FVFV,无机实验室分析师,内蒙古中启芯材料,0-20人,半导体/芯片,本科,1-3年,无机品,3-6K,呼和浩特,,2026-06-06 18:46:25
0e58d8b7ff65784f0nB-2969FlJW,送【数据线小物件】3小时1 8 0,娇娇快跑,100-499人,即时配送,学历不限,经验不限,"会用导航, 骑车配送, 全城骑车配送, 快递, 零元入职无押金, 学生兼职不压工资, 日结工资, 生鲜蔬果, 家附近3公里左右配送, 酒水饮料, 商圈骑车配送, 公司提供电动车/摩托车, 小时工日结工钟点工, 兼职, 随时提现, 时间自由无需经验",50-60元/时,呼和浩特,,2026-06-06 18:46:25
2e9632e36827241d03xz3921GVRV,电商社群运营专员-数据方向,拼多多集团-PDD,1000-9999人,互联网,大专,1-3年,"电商, 培养KOL, 用户精细化运营, 社区数据分析, 策划社区活动, 数据分析能力, 不接受居家办公, 数据运营, 社区团购, 用户",6-8K,呼和浩特,,2026-06-06 18:46:25
e1bd67c17139cfa203F-2Nu4EFRS,数据要素解决方案经理,斑马集团,100-499人,互联网,本科,3-5年,"商业产品, 售前产品, 大数据产品, 智慧城市产品, 产品设计, TO B, TO G, 产品运营",10-12K,呼和浩特,,2026-06-06 18:46:25
95e839eaa2bc220b03d92du0FlFU,酒店店长,新城区丁香路锦颐宾馆,1000-9999人,酒店/民宿,大专,1-3年,"包吃住, 五险, 需要门店店长经验, 酒店/民宿, 财务管理, 数据分析, 员工招聘, 客诉处理, 新店筹备, 连锁门店经验, 1-3年门店店长经验, 不需要倒班, 不需要晚班/夜班",10-15K,呼和浩特,,2026-06-06 18:46:25
0aa997a0e12e5ca80nd73tW5FFNY,数据专员,华图教育,1000-9999人,培训/辅导机构,本科,经验不限,,3-4K,呼和浩特,,2026-06-06 18:46:25
ae42a7595158f99603N429q5EFRX,舆情分析师,腾联名科,20-99人,信息安全,本科,1-3年,,5-10K,呼和浩特,,2026-06-06 18:46:25
d91be814ca70505b0nd709q_FFNR,数据中心柴发专业项目经理,内蒙古拓搏机电设备,0-20人,电力/热力/燃气/水利,大专,5-10年,,6-7K,呼和浩特,,2026-06-06 18:46:25
610f963345824a350nB73d28EFVW,行政数据文员,陕西成翼科技,20-99人,互联网,大专,3-5年,,4-6K,呼和浩特,,2026-06-06 18:46:25
7018b28b8652e4a70nB73ti6ElNV,数据中心电气工程师,石家庄华正恒通,100-499人,通信/网络设备,大专,1-3年,"运维经验, IDC机房运维, 电工",3-5K,呼和浩特,,2026-06-06 18:46:25
40393e50fa2c81860ndz3d24E1BW,数据中心电气运维工程师,中移系统集成有限公司,1000-9999人,通信/网络设备,本科,5-10年,,10-12K·15薪,呼和浩特,,2026-06-06 18:46:25
5b244767ac4f878d0ndz0tW7FlVT,女装商品数据专员,恺园商贸有限公司,100-499人,服装/纺织,本科,3-5年,,5-8K,呼和浩特,,2026-06-06 18:46:25
c47da7b559292e301XVy09u0E1ZZ,预算员/数据分析员,万海泵阀,100-499人,仪器仪表/工业自动化,大专,1年以内,有投标经验、学习能力,3-5K,呼和浩特,,2026-06-06 18:46:25
66cfbccbb7fa6df503x80t68FFtS,高级数据工程师,锦颐酒店,1000-9999人,酒店/民宿,本科,5-10年,"要求数据开发经验, 数据平台开发经验, 数据仓库开发经验, 大数据引擎开发经验, 数据库内核开发经验, 其他数据开发经验, MySQL原理/源码, Spark原理/源码, Flink原理/源码, MapReduce原理/源码, Java, BI报表开发经验, 电商/零售行业经验, 金融行业经验, ETL开发经验, 实时数仓开发经验, 非外包类, Flink",8-13K,呼和浩特,,2026-06-06 18:46:25
2fdeb3bbc3a7e8d21XR42Ni-EVtX,大数据平台实施工程师,立信电气,100-499人,计算机软件,本科,1-3年,"项目验收, 软件应用培训, 服务器配置, 网络交换技术, 网络协议, 实施工程师/顾问, MySQL, Oracle",4-8K·13薪,呼和浩特,,2026-06-06 18:46:46
688b28e48a8de5050nZ50tm9EVdV,ai数据标注,内蒙古易悟信息科技,0-20人,企业服务,本科,1-3年,,3-4K,呼和浩特,,2026-06-06 18:46:46
96f16696f4844d371XN82d26GVpR,分析室主任,金玥检测,20-99人,环保,大专,3-5年,"化工工程师证, 环保相关专业, 中级职称及以上",3-6K,呼和浩特,,2026-06-06 18:46:46
6ee82e7b60c3dab30nB93925F1VX,gis数据处理员,内蒙古瀛环测绘有限公司,20-99人,其他行业,大专,在校/应届,"ArcGIS, 地理信息/测绘工程相关专业, 测绘内业数据处理经验",3-4K,呼和浩特,,2026-06-06 18:46:46
8b88f4c186ebd4310ndz39i6F1pQ,行政数据商务岗,内蒙古有为商贸有...,100-499人,运营商/增值服务,大专,经验不限,,4-5K,呼和浩特,,2026-06-06 18:46:46
5843e8d4c939c02103Jz3NW-GFZT,需求分析员,内蒙古中软瑞达,0-20人,医疗健康,本科,5-10年,,10-15K,呼和浩特,,2026-06-06 18:46:46
1d938604349141490nd929y9EFJT,学管班主任,新路径教育,20-99人,职业培训,大专,经验不限,"大学/大专生, 熟练使用办公软件, 活动策划, 培训机构, 线下教育, 线上教育, 排课系统经验, 互联网教育平台使用, 不授课, 数据分析, 社群运营, 互联网公司经验, 坐班, 教育专业背景, 普通话发音标准, 大班教学（25人以上）",4-9K,呼和浩特,,2026-06-06 18:46:46
b52803e05fe7be210ndz29q-EVpV,煤矿数据统计员,内蒙古贵邦圣泰,100-499人,采掘/冶炼,大专,经验不限,,4-5K,呼和浩特,,2026-06-06 18:46:46
7d089328525049a20nV53tm-FlRU,数据中心电气工程师,特发信息,1000-9999人,通信/网络设备,本科,3-5年,数据中心,10-12K,呼和浩特,,2026-06-06 18:46:46
9a6b5232110b71c30HV629-0FVU~,产品运营,内蒙古品创装饰工...,20-99人,装修装饰,学历不限,3-5年,"活动策划, 销售运营, 活动运营, 数据分析, 网站运营, 公众号运营, 新媒体运营, 内容运营",8-9K,呼和浩特,,2026-06-06 18:46:46
506d896f2321ef281HV439m4F1NY,数据研发工程师（呼和浩特）,北京海颐,100-499人,其他行业,本科,3-5年,"Java, Python, Hbase",10-15K,呼和浩特,,2026-06-06 18:46:46
8447d92a757f53aa0nd92tq5GVpQ,数据标注/ai训练师,大学生创业联合会,0-20人,非营利组织,大专,1年以内,,4-9K,呼和浩特,,2026-06-06 18:46:46
3d52534cc5cb97870nV839q9GFRW,数据中心值班员,北京中航信柏润,20-99人,大数据,大专,1-3年,,5-6K,呼和浩特,,2026-06-06 18:46:46
7b7f57cf54c5106b03F93N-0FlBW,生物化学、分析化学技术学,内蒙古浩领科技,0-20人,其他消费品,本科,1-3年,,5-8K,呼和浩特,,2026-06-06 18:46:46
bfbea4dffb3e545e1n1z3Nu8GVNY,数据运营,语晗科技,20-99人,广告营销,本科,3-5年,"大数据, 企业服务, 数据平台搭建经验, 渠道数据分析经验, Python, Tableau/BI, 媒体类产品, 平台类产品",5-10K,呼和浩特,,2026-06-06 18:46:46
8ac7ccb88c8e6dc20nB53dy5F1JU,行政数据专员,广西元鑫呼和浩特公司,20-99人,其他金融业,大专,1-3年,,3-4K,呼和浩特,,2026-06-06 18:47:08
cbfd2c97998f45a00nZ439i7FFtS,数据中心项目经理,通信服务有限公司,1000-9999人,计算机硬件,本科,3-5年,,3-8K,呼和浩特,,2026-06-06 18:47:08
260c673a40a64f681HB729q7F1VY,预警工程师,内蒙古方向图,20-99人,智能硬件,大专,1-3年,数据分析,4-6K,呼和浩特,,2026-06-06 18:47:08
0beffdef6b74199c0nZ52t-1FlFT,瑞幸咖啡店长,赛罕区禧禄咖啡馆...,0-20人,其他行业,大专,1-3年,"需要门店店长经验, 餐饮, 其他, 员工培训, 数据分析, 员工招聘, 损耗管理, 客诉处理, 连锁门店经验, 1年以下门店店长经验, 不需要出差, 不需要晚班/夜班, 茶饮咖啡门店，主管以上",7-10K,呼和浩特,,2026-06-06 18:47:08
50eb09129784cd481Hd52tu5F1pX,业务分析师,金水公司,100-499人,大数据,硕士,1-3年,"政府项目经验, 数字孪生, 水文, 计算机",10-11K,呼和浩特,,2026-06-06 18:47:08
ddf2284a9ecb45f403Vy3ty6F1ZU,店长,内蒙古誉朗酒店管理,20-99人,酒店/民宿,大专,1-3年,"需要门店店长经验, 不需要出差, 不需要倒班, 不需要晚班/夜班, 包吃住, 五险, 酒店/民宿, 数据分析, 客诉处理, 业绩管理, 员工招聘, 熟练使用办公软件, 销售经验, 连锁门店经验, 线上平台运营, 1-3年门店店长经验",10-11K,呼和浩特,,2026-06-06 18:47:08
6cae98126ffbd6120nR809S8GFRS,GIS数据处理人员,内蒙古小草数字农...,100-499人,农/林/牧/渔,硕士,3-5年,,5-7K,呼和浩特,,2026-06-06 18:47:08
8fe9ec5ae412dac10nd92t-6EFdU,GC-MS分析工程师,智运康晟医疗科技,0-20人,医疗器械,本科,3-5年,,4-5K,呼和浩特,,2026-06-06 18:47:08
89c1b4c4622978d31Xd_2tm_EFs~,运营经理,内蒙古节奏科技,0-20人,互联网,大专,1-3年,"数据分析, 用户维护, 活动策划",5-10K,呼和浩特,,2026-06-06 18:47:08
0892bba6601834650nB83tu7FlZQ,舆情分析师（五险一金）,蜜度,1000-9999人,互联网,本科,1-3年,,5-6K,呼和浩特,,2026-06-06 18:47:08
7ce8b06b0d5786960nB539q7EFVY,储备店长,呼和浩特栖源健康管理,20-99人,运动/健身,中专/中技,1-3年,"业绩管理, 客诉处理, 销售经验, 数据分析, 无需轮岗培训, 零售储备店长, 零售行业经验, 亲子购物/活动, 药店/医疗器械, 连锁门店, 不需要倒班, 不需要晚班/夜班",5-10K,呼和浩特,,2026-06-06 18:47:08
a3d42d4e6efdd7b703xz2N60F1ZY,财务分析专员,内蒙古五六七商贸,20-99人,批发/零售,本科,1-3年,统计、会计、出纳、,3-4K,呼和浩特,,2026-06-06 18:47:08
786328e7bbc0c8021nR43ti4GFFS,数据维护,浦云科技,20-99人,工程施工,本科,1-3年,"数据仓库, 数据采集, 数据挖掘, 数据治理, 数据开发, 数据库开发, 数据分析",3-4K,呼和浩特,,2026-06-06 18:47:08
0ac91f1f209903b703x93di-FlRZ,大型超市店长,流量宇宙,20-99人,电子商务,大专,10年以上,"五险一金, 需要门店店长经验, 超市/食品, 超市, 员工培训, 陈列管理, 财务管理, 数据分析, 新店筹备, 连锁门店经验, 5年以上门店店长经验, 不需要出差, 19-21点下班, 大型超市, 全品类超市",10-15K·13薪,呼和浩特,,2026-06-06 18:47:08
7856849fa71f86f81Xd_3dW_ElJY,产品经理,蒙贝宠物,20-99人,食品/饮料/烟酒,本科,3-5年,"用户研究, 数据分析, 项目管理, 需求分析, 商业产品, 产品运营",8-13K,呼和浩特,,2026-06-06 18:47:08
8bd3a59e564bfe3e0nZ53N65GFVS,暖通工程师（数据中心）,博浩数据,500-999人,互联网,大专,3-5年,"3-5年暖通工程经验, 数据中心暖通工程经验, 暖通工程运维经验, 空调工程经验, 有暖通工程经验, 制冷工程经验, IDC, 通风工程经验, 不需要长期出差/驻场, 供暖工程经验, 数据中心",15-21K·13薪,呼和浩特,,2026-06-06 18:47:30
a6b5a3386ad91c871HZy0tS4FFZZ,数据服务工程师-内蒙,翰竺科技,100-499人,计算机软件,本科,3-5年,"SQL, Tableau, 计算机相关专业, 金融行业数据相关经验, 数据分析/挖掘经验",6-8K,呼和浩特,,2026-06-06 18:47:30
eadc2eef705b53ff03V729S5EFFX,百家润超市长期招聘储备店长,内蒙古百家润,100-499人,批发/零售,大专,1-3年,"销售经验, 1-3年门店店长经验, 损耗管理, 熟练使用办公软件, 超市/食品, 陈列管理, 连锁门店经验, 水果店, 超市, 餐饮, 需要门店店长经验, 库存管理, 生鲜店, 不需要出差, 不需要晚班/夜班, 家用电器, 数据分析, 家居建材/家电, 客诉处理, 便利店, 烟酒茶礼, 不需要倒班, 杂货/配饰, 五险",5-10K,呼和浩特,,2026-06-06 18:47:30
5cfea40c2e3d9f591nZ82d69FVJT,英文信息分析,美易安信,100-499人,其他专业服务,本科,经验不限,"不需要出国工作, 笔译, 订单, 坐班, 信息分析, 英语, 全职, 英语专业",3-5K,呼和浩特,,2026-06-06 18:47:30
8d06f93d9646e8b31nJz29W0FFBW,管培生+接受应届+福利,蔻德教育,100-499人,培训/辅导机构,大专,1年以内,"数据分析, 运营经理, 课程推广",4-8K,呼和浩特,,2026-06-06 18:47:30
30eb238637e2cbac0Hx729-6ElQ~,亚马逊产品开发,奥卓电子商务,0-20人,电子商务,学历不限,1-3年,"电子商务, 跨境电商, 电商产品, 数据产品, 海外产品, 产品设计, 需求分析, 数据分析",5-10K·15薪,呼和浩特,,2026-06-06 18:47:30
bec5b419e37723f00nd52ti8GFNU,生鲜小店长-呼市凯德广场门店,永辉超市股份有限公司,10000人以上,生活服务(O2O),大专,1-3年,"零售储备店长, 零售行业经验, 无需轮岗培训, 21-23点下班, 超市/食品, 损耗管理, 业绩管理, 卫生管理, 订货管理, 数据分析",5-8K,呼和浩特,,2026-06-06 18:47:30
06fad6fa2c683ff30nd629i6EVpU,连锁酒店店长,逸柏酒店集团有限公司,1000-9999人,生活服务(O2O),大专,3-5年,"需要门店店长经验, 不需要晚班/夜班, 包住, 五险, 酒店/民宿, 餐饮, 房产中介, 活动策划, 员工培训, 业绩管理, 财务管理, 数据分析, 熟练使用办公软件, 销售经验, 连锁门店经验, 线上平台运营, 1-3年门店店长经验",10-15K,呼和浩特,,2026-06-06 18:47:30
dfded3663df9494003V92di1EFpX,运营专员,内蒙古盛世文化教育,0-20人,培训/辅导机构,大专,1年以内,"数据分析, 运营专员, 资料归档",4-9K,呼和浩特,,2026-06-06 18:47:30
3a248dc7a97609281nB-39W4F1RQ,需求分析师,天津瑞城,100-499人,计算机软件,本科,1-3年,"产品设计, 需求分析, Axure, Visio, SQL",5-7K,呼和浩特,,2026-06-06 18:47:30
e5ff87605fbab37f1HB_2NS_EFJT,产品规划专员,莲七珠宝,500-999人,珠宝/首饰,本科,经验不限,"用户研究, 数据分析, 产品/版本迭代, 需求分析, 市场调研, 产品运营",4-7K,呼和浩特,,2026-06-06 18:47:30
4bfea1af2ebcad170nZ63ty1F1RY,婚纱礼服馆店长,呼和浩特市经济技...,0-20人,婚庆/摄影,高中,3-5年,"销售经验, 1-3年门店店长经验, 员工培训, 熟练使用办公软件, 活动策划, 陈列管理, 需要门店店长经验, 不需要出差, 包吃住, 数据分析, 不需要晚班/夜班, 业绩管理, 不需要倒班",8-13K,呼和浩特,,2026-06-06 18:47:30
36c20d6fa0f89d6233x-3N-8F1I~,电商运营,金桥金雨速达,0-20人,电子商务,学历不限,1-3年,"数据分析, 电商运营, 网店店长, 淘宝天猫运营, 跨境电商运营, 京东运营, 电商文案",3-4K,呼和浩特,,2026-06-06 18:47:30
8887cc11f2b9dc620nd83Nm0FVFV,数据/策略运营,内蒙古城市更新,20-99人,其他专业服务,本科,1年以内,,3-5K,呼和浩特,,2026-06-06 18:47:30
2a4c30f0fb923c3c0nB929i-ElJR,口腔医院店长,瑞尔口腔,0-20人,医疗服务,学历不限,3-5年,"五险, 需要门店店长经验, 美妆护肤, 药店/医疗器械, 儿童乐园, 活动策划, 业绩管理, 数据分析, 员工招聘, 客诉处理, 熟练使用办公软件, 销售经验, 连锁门店经验, 3-5年门店店长经验, 不需要出差, 不需要倒班, 不需要晚班/夜班",6-11K,呼和浩特,,2026-06-06 18:47:30
83bdab38d30a00e70nZ_29-5FVVR,数据标注,内蒙古诚睿科技,20-99人,人工智能,大专,经验不限,,3-8K,呼和浩特,,2026-06-06 18:49:52
b609ab74389dfaef0nB-3dW0EFBW,初级数据库工程师（校招）,科电数据,100-499人,计算机服务,本科,在校/应届,,5-6K,呼和浩特,,2026-06-06 18:49:52
614bb8872bf5fa0d1Hx_29q1FFJY,ai数据标注师,沃付金科,20-99人,互联网,大专,在校/应届,"团队管理经验, 听力残疾, 轻度/中度听力残疾, 图像算法, 分布式训练, 深度学习, 大模型算法, 自然语言处理算法, 强化学习, 并行计算, 大数据处理工具(Spark/Hadoop/Hive), 推荐算法",3-8K,呼和浩特,,2026-06-06 18:50:14
db334b1913d1a9f60ndy3dW-FVZT,数据标注员（内容审核）,艺溪云智科技,20-99人,大数据,大专,经验不限,"标注方法优化, 标注结果抽查, 标注结果整理, 数据标注, 标注数据分析, 语音标注, 视频标注, 文本标注, 图片标注, 区域标注, 描点标注, 分类标注, 标框标注, 数据分析能力强, 不接受居家办公",3-6K,呼和浩特,,2026-06-06 18:50:14
5a3c2505a32755180nZ-3tu6F1JS,暖通专家-数据中心运维,九福科技,20-99人,计算机服务,大专,3-5年,,18-25K,呼和浩特,,2026-06-06 18:50:35
c21029751daaa5870nZ70t-8FFpY,数据中心运维工程师,内蒙古璇玑创展科技,20-99人,企业服务,大专,1-3年,,15-18K,呼和浩特,,2026-06-06 18:50:35
be1d68bd475eddba1XJ429u0FlZT,java开发，测试 ，前端，大数据,华为技术有限公司,10000人以上,计算机软件,本科,1-3年,"Java, JavaScript",15-30K·15薪,呼和浩特,,2026-06-06 18:50:57
e90e58960892f7840nB82NW0EVRS,数据中心技术员,浙江省邮电工程,1000-9999人,通信/网络设备,大专,1-3年,"通信相关专业, 计算机相关专业, 电子/电气/自动化相关专业, 运维经验, IDC机房运维",5-8K,呼和浩特,,2026-06-06 18:51:19
37d0ec49ba0c48f90nB60tS1EVBY,总部直招+可向上晋升+年薪15-30W+门店管理,郑州乐探巷品牌管理,1000-9999人,其他生活服务,学历不限,1-3年,"包吃住, 商业保险, 需要门店店长经验, 美容保健, 酒店/民宿, 餐饮, 房产中介, 其他, 保健/养发, 其他, 业绩管理, 财务管理, 数据分析, 员工招聘, 客诉处理, 熟练使用办公软件, 线上平台运营, 1-3年门店店长经验, 不需要倒班, 15-20号发薪, 发薪准时, 三个月一竞聘, 带薪培训",12-20K,呼和浩特,,2026-06-06 18:51:19
247ab437a4ced7010XF80t67EFI~,数据分析,内蒙古云常科技有...,20-99人,移动互联网,本科,经验不限,"数据挖掘, 数据仓库, 数据分析, ETL, 数据库开发, 大数据, 智能硬件",2-6K,呼和浩特,,2026-06-06 18:51:39
aaff20f07f216f710nd_0t65F1BS,数据中心-配电设计工程师,讯方技术股份,1000-9999人,计算机软件,大专,1-3年,"IDC, 数据中心, 配电设计, 强电",6-10K,呼和浩特,,2026-06-06 18:52:21
919096a4324df43c0nB43NW0FFdX,软件现场调研分析专员,微造智能,20-99人,智能硬件,大专,3-5年,,5-8K,呼和浩特,,2026-06-06 18:52:21
2497371e51035a6303N939W1FFpZ,数据标注员,元序数据,0-20人,互联网,大专,经验不限,"数据标注, 不接受居家办公, 标注结果抽查, 标框标注, 图片标注, 分类标注, 接受加班",3-5K,呼和浩特,,2026-06-06 18:52:41
37fd2a5b3da5e77403R43tW8GVNQ,测绘数据处理员,内蒙古铭宸项目管理,0-20人,土木工程,本科,3-5年,"工程测量/测绘, 三维建模成图, AutoCAD, 矢量数据处理, 负责驻场, 较多外派, 内业处理, 数据建库, GPS, 外业采集, 采集路线设计, 地理信息测量/测绘, 全站仪, 影像数据整理, 地理信息测量记录, ArcGIS, CASS, 经纬仪, 水平仪, 测绘工程师职称, Smart3D, 地理信息采集, 影像数据处理, 熟悉矿山勘测, RTK仪器, 工程师职称, 注册测绘师, 较多出差, 航空摄影, 无人机摄影",5-10K,呼和浩特,,2026-06-06 18:52:41
c13d4e7288386c4f03d-2dW1E1dU,数据员,内蒙古天祥医药,100-499人,生物/制药,大专,1-3年,,3-4K,呼和浩特,,2026-06-06 18:52:41
33b8de635c33e5da1XJ52du_F1ZS,初高中物理老师,一勤教育,20-99人,培训/辅导机构,本科,经验不限,"高中, 小班教学（3-25人）, 家教, 线下教育, 一级教师, 线上教育, 三级教师, 学习顾问, 文案撰写, 教师资格证, 二级乙等, 数据分析, 教育学专业背景, 大型教育机构经验, 社群运营, 学科相关专业背景, 坐班, 初中, 普通话水平测试等级考试, 一对一教学, 大班教学（25人以上）, 视频、音频剪辑",5-8K,呼和浩特,,2026-06-06 18:53:01
08e6b75e38eaec570nZ7292-EFJU,玩DOTA2数据采集,内蒙古奥顺智斯科技,100-499人,互联网,大专,经验不限,,4-5K,呼和浩特,,2026-06-06 18:57:09
25baaa35eae500200nR92tS9FFJQ,月薪10万数据资产规划师双休不打卡，可居家,北京云枢智创科技,20-99人,其他金融业,学历不限,经验不限,"全职兼职均可, 互联网, 银行工作经验, 电销经验, 含销售性质, 贷款顾问, 不坐班，不打卡, 0投资，免费培训",16-30K,呼和浩特,,2026-06-06 18:57:29
fc7c67d83712471c0nV_0ty-FVdR,初级数据库工程师,傲林,20-99人,通信/网络设备,大专,1-3年,,4-5K,呼和浩特,,2026-06-06 18:57:29
72041b03e44ace9f0nd62921FFZQ,线下数据分析专员,内蒙古赛航科技,20-99人,电子商务,大专,经验不限,,3-5K,呼和浩特,,2026-06-06 18:57:50
72f719b0c57299e20nV43tS7EVBT,居家全职数据标注,宏伟网络科技,0-20人,大数据,学历不限,经验不限,"标注方法优化, 标注结果抽查, 标注结果整理, 数据标注, 标注数据分析, 图片标注, 文本标注, 视频标注, 语音标注, 区域标注, 描点标注, 分类标注, 标框标注, 接受加班, 数据分析能力强, 留学生优先, 国内院校优先, 接受居家办公",1-3K,呼和浩特,,2026-06-06 18:57:50
c8f5a6b3755a414c0nd_2tW5E1BX,数据标注专员/大数据/大模型,井良,20-99人,互联网,大专,经验不限,,3-6K,呼和浩特,,2026-06-06 18:57:50
69a94fc65a034f210nd_3NS7ElpZ,数据标注专员,郑州倾栎科技有限公司,100-499人,互联网,学历不限,经验不限,,3-4K,呼和浩特,,2026-06-06 18:57:50
6a11f3fac53e8dc41nF42dW4GVNW,数据分析,滴滴出行,1000-9999人,互联网,本科,5-10年,数据分析,5-6K,呼和浩特,,2026-06-06 18:57:50
4edc8a286652309403B439m0GFpR,数据标注专员,内蒙古沃付网络科技,100-499人,互联网金融,大专,经验不限,"数据标注, 图片标注, 文本标注, 视频标注, 语音标注, 标框标注",3-8K,呼和浩特,,2026-06-06 18:57:50
26f62cbb2a6aae8c1HFz09i6FVRZ,数据标注/AI训练师,新智力科技,20-99人,大数据,大专,在校/应届,"数据标注, 文本标注, 不接受居家办公, 语音标注, 数据分析能力强, 标注数据分析, 描点标注, 标框标注, 图片标注, 分类标注",3-6K,呼和浩特,,2026-06-06 18:58:09
fde30dfc9e52410c0nd429q9FFFZ,数据开发,中电金信,10000人以上,计算机软件,本科,3-5年,,7-12K,呼和浩特,,2026-06-06 18:58:09
00c922ce4aa01a8b03B62di7ElFU,招审核员，男女不限，无经验要求，数据标注,春田信息,20-99人,人工智能,大专,经验不限,,3-6K,呼和浩特,,2026-06-06 18:58:09
289ed8bc414f59f9031_09m5EFNY,数据标注,驭数智达科技,0-20人,互联网,大专,1-3年,,4-6K,呼和浩特,,2026-06-06 18:58:09
afdec90123d0ea060nB52Ny7GVVS,内外业数据处理员,内蒙古众创数遥信...,0-20人,计算机软件,大专,,"ArcGIS, 接受无测绘/测量经验, 内业数据处理/绘图",100-130元/天,呼和浩特,,2026-06-06 18:58:09
eedf4d531c67566a1Hd93d2-EFM~,运维工程师,万泰信息,20-99人,计算机软件,大专,1-3年,"数据分析, 信息安全, 运维开发",5-7K,呼和浩特,,2026-06-06 18:58:09
beec4b8d3f97d4b21HB-2ty4ElNZ,数据分析师,焱邦锅炉节能科技,0-20人,电力/热力/燃气/水利,本科,经验不限,"SQL, Python, MATLAB, 数学/统计相关专业, 计算机相关专业, 数据分析/挖掘经验",6-7K,呼和浩特,,2026-06-06 18:58:09
f38bf331aed0e72e0nV829m6FVFY,数据中心售后工程师,CET中电技术,1000-9999人,电力/热力/燃气/水利,本科,经验不限,动环,8-10K,呼和浩特,,2026-06-06 18:58:09
61c8da805e4928ec0nB73ty9EVtS,数据标注师,北京潮白天英科技,20-99人,计算机服务,大专,经验不限,,2-6K,呼和浩特,,2026-06-06 18:58:31
b294c1d14f73b7491HJ82t26EFpU,数据标注/AI训练师,骏科信息,0-20人,人工智能,中专/中技,经验不限,人工智能,3-5K,呼和浩特,,2026-06-06 18:58:31
b985189038adb0f803V-3ti7EFRV,财务分析经理,利丰投资,100-499人,汽车后市场,本科,3-5年,中级会计证,7-10K,呼和浩特,,2026-06-06 18:58:31
2f447bec4189fc0703dy2Nm_FlJR,数据分析师-呼市文旅局驻场,数字云旅,20-99人,互联网,本科,1-3年,"经济/工商管理相关专业, 数据分析/挖掘经验, 旅游行业数据相关经验, 文娱/游戏行业数据相关经验, 数学/统计相关专业",4-5K,呼和浩特,,2026-06-06 18:58:31
fc730fee9398000903R80968FFdU,暖通工程师数据中心,中联云港,100-499人,互联网,学历不限,5-10年,数据中心,15-19K·13薪,呼和浩特,,2026-06-06 18:58:31
160700818c76c1f70nd-2dq_GVNQ,数据标注,杰尼赛思,20-99人,大数据,大专,经验不限,,3-6K,呼和浩特,,2026-06-06 18:58:31
daab2cdfe2a7ee0b031z3N6-F1JT,电力系统分析工程师（技术负责人）,内蒙古科电中气科技,20-99人,电力/热力/燃气/水利,本科,5-10年,,13-20K,呼和浩特,,2026-06-06 18:58:31
6bcadb50ce99f3860nB-2d29E1ZW,服装公司运营负责人/店长,汉和控股集团,20-99人,服装/纺织,学历不限,5-10年,"需要门店店长经验, 不需要出差, 不需要倒班, 不需要晚班/夜班, 包吃住, 五险, 服饰鞋包, 服饰, 员工培训, 数据分析, 陈列管理, 库存管理, 新店筹备, 熟练使用办公软件, 连锁门店经验, 销售经验, 线上平台运营, 3-5年门店店长经验",8-12K,呼和浩特,,2026-06-06 18:58:52
1be8c2b05ef706670ndy3ti8FlNY,数据中心弱电实施工程师,科盛信安,20-99人,计算机硬件,大专,1-3年,,4-6K,呼和浩特,,2026-06-06 18:58:52
46ab6c189dddb41b03172tS4EFFY,数据中心电气工程师,中邮建,10000人以上,通信/网络设备,大专,1-3年,,4-6K,呼和浩特,,2026-06-06 18:58:52
913bb4076b9170780nV939W0FFFV,门店合伙人店长,西西里Spa,20-99人,休闲/娱乐,学历不限,3-5年,"包吃住, 需要门店店长经验, 美容保健, 保健/养发, 员工培训, 业绩管理, 财务管理, 数据分析, 员工招聘, 连锁门店经验, 3-5年门店店长经验, 不需要出差, 不需要倒班",7-12K,呼和浩特,,2026-06-06 18:58:52
9321f6eb3123e32003J63tm_EFJQ,诚聘数据中心it运维,内蒙古中科超算科技,20-99人,云计算,本科,1-3年,"网络运维, 系统运维, IDC机房运维, 计算机相关专业, 运维经验, 网络安全相关经验",4-5K,呼和浩特,,2026-06-06 18:58:52
f82da539348128fc0nB83tW1F1JV,数据处理专员,内蒙古小草数字农...,100-499人,农/林/牧/渔,本科,经验不限,"ArcGIS, Python",4-7K,呼和浩特,,2026-06-06 18:58:52
ee31c60ea1635d4e0nZy2tW4EFRV,BT服饰集合店店总经理,内蒙古福尚服饰管理,100-499人,服装/纺织,学历不限,3-5年,"销售经验, 不需要晚班/夜班, 数据分析, 员工培训, 服饰鞋包, 陈列管理, 业绩管理, 需要卖场经理经验, 库存管理, 五险, 3-5年卖场经理经验",15-30K,呼和浩特,,2026-06-06 18:58:52
e9adbd1620b186590nd72t26ElpX,电气工程师（数据中心/智算中心方向）,深圳瑞捷,1000-9999人,建筑工程咨询服务,本科,5-10年,,8-12K·13薪,呼和浩特,,2026-06-06 18:59:13
9950d4dc41f833f70nVz2d-1GFZU,GIS数据生产技术员,方舆信息,0-20人,其他专业服务,本科,经验不限,"MapGIS, 地理信息/测绘工程相关专业, Mapbox, WebGL, PostGIS",4-5K,呼和浩特,,2026-06-06 18:59:13
21b7580b448600ee0nB_2dW4GFJS,数据员,蒙祥隆能源,20-99人,矿产/地质,大专,1-3年,,5-8K,呼和浩特,,2026-06-06 18:59:13
aa129ccd006aa9651HJ83Nm6EVRQ,高薪诚聘生鲜超市店长,回民区亿隆生鲜超...,20-99人,食品/饮料/烟酒,大专,3-5年,"活动策划, 超市/食品, 连锁门店经验, 就近分配, 3-5年门店店长经验, 超市, 需要门店店长经验, 五险一金, 生鲜店, 不需要出差, 不需要晚班/夜班, 包吃住, 数据分析, 业绩管理, 不需要倒班",18-20K,呼和浩特,,2026-06-06 18:59:13
116486d515245cae0ndz09-6EFtZ,内蒙古事考特色时政+考情分析,卓考科技,100-499人,在线教育,本科,1-3年,"内蒙古事考, 培训机构, 考情分析, 线上教育, 普通话发音标准, 特色时政",250-300元/时,呼和浩特,,2026-06-06 18:59:13
5ea5925df0b2a5830nB52dy-E1FY,GIS数据处理实习生,吉威,500-999人,计算机软件,大专,,ArcGIS,100-150元/天,呼和浩特,,2026-06-06 18:59:33
96bf11c85bc70d320nd52Nu0ElVR,数据中心基础设施值班员,飞昊电气,100-499人,自动化设备,高中,1-3年,IDC机房运维,5-7K,呼和浩特,,2026-06-06 18:59:33
fc311046ddca8cfd03Fz29S9FlJR,测绘内业数据处理,蒙田数泰,0-20人,其他专业服务,大专,3-5年,,5-9K,呼和浩特,,2026-06-06 18:59:33
ff5bbb56ded7bf1e03183ty6EldW,副店长,呼和浩特市回民区...,0-20人,餐饮,大专,1-3年,"五险一金, 需要门店店长经验, 餐饮, 员工培训, 陈列管理, 业绩管理, 数据分析, 卫生管理, 连锁门店经验, 1-3年门店店长经验, 不需要出差, 不需要晚班/夜班",6-8K,呼和浩特,,2026-06-06 18:59:33
52a3bd1bba77633b1Hd52Ny1ElVR,就业老师,内蒙古开放教育,20-99人,学校/学历教育,学历不限,经验不限,"兼职, 全职, 家教, 私立学校, 培训机构, 线下教育, 线上教育, 文案撰写, 互联网教育平台使用, 数据分析, 坐班, 不坐班, 一级甲等, 二级甲等, 一级乙等",20-25元/时,呼和浩特,,2026-06-06 18:59:33
a3516f8d470398f40nB_3NW1E1pU,数据中心暖通专业负责人（驻场）,中贝通信,1000-9999人,通信/网络设备,本科,5-10年,"需要长期出差/驻场, 有暖通工程经验, 暖通工程施工管理经验, 暖通工程设计经验, 暖通工程运维经验, 数据中心暖通工程经验, 5-10年暖通工程经验, 注册暖通工程师, AutoCAD",15-20K·13薪,呼和浩特,,2026-06-06 18:59:33
bb7bc1dc6dedceb70nZ92dS8FVdQ,AI训练师、数据标注员、办公室文员,婷宇琳,0-20人,互联网,大专,经验不限,,3-4K,呼和浩特,,2026-06-06 18:59:55
11a962cce7093dad0nZ60t-4FVFQ,数据标注/AI训练师-接受小白,中研智达,100-499人,大数据,大专,经验不限,"数据标注, 标注数据分析, 图片标注, 文本标注, 视频标注, 语音标注, 区域标注, 描点标注, 分类标注, 标框标注, 接受加班, 数据分析能力强, 不接受居家办公, 接受小白",3-5K,呼和浩特,,2026-06-06 18:59:55
604c3c297cd990440nB43ti-EFFW,数据录入专员,诚谦科技,20-99人,大数据,大专,1-3年,"兼职, 坐班",3-4K,呼和浩特,,2026-06-06 18:59:55
241ba428413abd0b03F73Nu9FlJW,运营专员,福州达华,10000人以上,运营商/增值服务,大专,1-3年,"数据分析, PS/AI, 微信10万+阅读, 公众号/朋友圈运营",3-4K,呼和浩特,,2026-06-06 18:59:55
7f276e14d2ff6b531HB52du7GFM~,优化师,内蒙古博洋广告,20-99人,广告营销,大专,1-3年,"数据分析, 新媒体, 广告协调",3-8K,呼和浩特,,2026-06-06 18:59:55
3936f1e80c2fd4611HJz3Nu5GVtQ,舆情分析师,内蒙古观察新闻,0-20人,文化艺术/娱乐,本科,1-3年,数据分析/挖掘经验,4-5K,呼和浩特,,2026-06-06 18:59:55
eac00eb507e3f0a31HZ43968FFtS,小学托管辅导老师,小白洋,0-20人,培训/辅导机构,大专,经验不限,"小学教师资格证, 数据分析, 教师, 五年级, 小班教学（3-25人）, 培训机构, 线上教育, 小学教育工作经验, 二年级",2-3K,呼和浩特,,2026-06-06 18:59:55
879b6ed09bd6e0d3031_2dW8ElZT,储备店长,赛罕区辰艺饰品店,0-20人,批发/零售,大专,1-3年,"销售经验, 亲子购物/活动, 线上平台运营, 23-24点下班, 陈列管理, 库存管理, 零售储备店长, 化妆品, 数据分析, 零售行业经验, 潮玩, 服饰鞋包, 杂货/配饰",4-6K,呼和浩特,,2026-06-06 18:59:55
08ce942fcf87449b0nB83d21F1JS,暖通大项目交付-数据中心,天加环境,1000-9999人,专用设备,大专,1-3年,"3-5年暖通工程经验, 暖通工程运维经验, 有暖通工程经验, 空调, 制冷工程经验, 1-3年暖通工程经验, 需要长期出差/驻场, 其他, 5-10年暖通工程经验, 售后, 数据中心",7-12K·15薪,呼和浩特,,2026-06-06 18:59:55
e274df84c056d2fc0nB929W6FFJU,带店店长,内蒙古利业商贸,500-999人,批发/零售,高中,1-3年,"需要门店店长经验, 超市/食品, 便利店, 陈列管理, 业绩管理, 数据分析, 卫生管理, 收银管理, 连锁门店经验, 1-3年门店店长经验, 不需要出差, 不需要晚班/夜班",4-5K,呼和浩特,,2026-06-06 18:59:55
fd01e46908f500131X1z3Nm9EFRZ,直播运营,海鹏食品,100-499人,食品/饮料/烟酒,本科,1-3年,"带货直播, 抖音（抖音火山）, 快手, 主播管理, 数据分析, 直播操盘",8-13K,呼和浩特,,2026-06-06 19:00:16
30f14a9e90d89a480nd72tq1E1dV,美术机构店长底薪四千提成十个点,凯彤美术,0-20人,学术/科研,学历不限,经验不限,"每周双休, 需要门店店长经验, 活动策划, 业绩管理, 数据分析, 卫生管理, 5年以上门店店长经验, 不需要出差, 不需要倒班, 不需要晚班/夜班, 美术教育销售店长",4-9K,呼和浩特,,2026-06-06 19:00:16
3627bc42b680769703R90964E1RY,超市生鲜主管,赛罕区万春批发折...,0-20人,批发/零售,学历不限,1-3年,"包吃, 需要卖场经理经验, 生鲜卖场, 库存管理, 数据分析, 陈列管理, 1-3年卖场经理经验, 不需要出差, 不需要倒班, 不需要晚班/夜班",5-6K,呼和浩特,,2026-06-06 19:00:16
baaf2f4cf7533f401nB_3d2-EFJQ,电商运营,唐顿咨询,20-99人,咨询,本科,1-3年,"店铺推广, 电商平台运营, 运营专员, 用户运营, 粉丝运营, 数据分析",4-7K,呼和浩特,,2026-06-06 19:00:16
0264c82d1a92b60a03V70t-_E1pZ,台球店长,赛罕区巨星台球俱...,100-499人,体育,学历不限,3-5年,"需要门店店长经验, 酒店/民宿, 餐饮, 健身/体育, 活动策划, 员工培训, 数据分析, 员工招聘, 卫生管理, 熟练使用办公软件, 连锁门店经验, 1-3年门店店长经验, 3-5年门店店长经验, 不需要出差, 不需要倒班",15-25K,呼和浩特,,2026-06-06 19:00:16
9af0050422cfade303R_3t-0EVFS,班主任老师,新桂教育,0-20人,培训/辅导机构,大专,1-3年,"大学/大专生, 活动策划, 小班教学（3-25人）, 培训机构, 线下教育, 线上教育, 成人/通用, 文案撰写, 不授课, 数据分析, 社群运营, 坐班, 中学生, 大班教学（25人以上）, 视频、音频剪辑",4-6K,呼和浩特,,2026-06-06 19:00:16
bb1c12643f1b11990nZ_3d-8EFRZ,内页数据处理,内蒙古触角科技,0-20人,其他专业服务,大专,经验不限,"ArcGIS, 地理信息/测绘工程相关专业, 测绘内业数据处理经验",4-5K,呼和浩特,,2026-06-06 19:00:16
f0847a20dd79479003B83Nq1FVFS,门店店长,玉泉区大南街霜染...,500-999人,服装/纺织,高中,1-3年,"销售经验, 1-3年门店店长经验, 熟练使用办公软件, 陈列管理, 连锁门店经验, 需要门店店长经验, 库存管理, 不需要出差, 数据分析, 不需要晚班/夜班, 客诉处理, 服饰鞋包, 业绩管理, 女装",9-14K,呼和浩特,,2026-06-06 19:00:16
aad1ddf0b9c08b810nB63d6_FVpZ,初中教师,内蒙古青城学汇教...,0-20人,培训/辅导机构,本科,1-3年,"教师, 教务, 文章撰写能力, 初二, 初三, 小班教学（3-25人）, 培训机构, 初一, 线下教育, 直播经验, 教学管理, 二级甲等, 英语发音标准, 初中教育工作经验, 初中教师资格证, 普通话水平测试等级证书, 数据分析, 教育学专业背景, 大型教育机构经验, 社群运营, 坐班, 课程研发, 教研, 可兼职",3-8K,呼和浩特,,2026-06-06 19:00:16
b189785420522fda0nR939u1GFZU,财务bp主管,笨鸟邦财务服务,500-999人,企业服务,高中,3-5年,"数据分析, 管理经验, 业财融合",6-9K,呼和浩特,,2026-06-06 19:00:16
37d28d37ce7a742103B909-9ElJU,gis数据工程师,内蒙古航帆,20-99人,其他专业服务,大专,经验不限,"ArcGIS, Vue, Java, 地理信息/测绘工程相关专业, 测绘内业数据处理经验, WebGIS开发经验",2-5K,呼和浩特,,2026-06-06 19:00:16
35c817fd388d45a80nd529q-E1ZW,卖场经理,呼和浩特市周大刚商贸,0-20人,批发/零售,初中及以下,经验不限,"就近分配, 需要卖场经理经验, 数据分析, 销售经验, 1-3年卖场经理经验, 不需要出差, 不需要倒班, 不需要晚班/夜班",5-6K,呼和浩特,,2026-06-06 19:00:16
a50fd13025e8f2360nV43Nm-F1dU,七彩城招聘楼层经理+正常班+五险一金,中环商管公司,100-499人,其他生活服务,大专,1-3年,"五险一金, 不需要出差, 亲子购物/活动, 不需要晚班/夜班, 数据分析, 熟练使用办公软件, 百货卖场, 潮玩, 服饰鞋包, 不需要倒班, 需要卖场经理经验, 3-5年卖场经理经验",5-7K,呼和浩特,,2026-06-06 19:00:16
35ad3145c9b12a4933193d-1FFA~,GIS数据处理人员,内蒙古舜尧工程服务,0-20人,其他专业服务,本科,经验不限,GIS系统,3-5K,呼和浩特,,2026-06-06 19:00:16
d67a432218d012f91Hx909u9EVZW,遥感影像数据处理工程师,星视域,0-20人,通信/网络设备,大专,经验不限,"JavaScript, Java, ArcGIS, SuperMap, GeoServer, 地理信息/测绘工程相关专业, 团队管理经验, 测绘内业数据处理经验",3-5K,呼和浩特,,2026-06-06 19:00:16
65741c6356ee20e61HN82968EldS,大数据运维工程师,国兴科技,20-99人,智能硬件/消费电子,大专,经验不限,"网络运维, 网络安全相关经验, 运维经验",4-6K,呼和浩特,,2026-06-06 19:04:25
0a81189d0a680c170nB42tq0F1BW,大数据Java开发工程师,上海音达科技有限公司,500-999人,通信/网络设备,大专,1-3年,,7-8K,呼和浩特,,2026-06-06 19:04:25
8f608dbee2c8b1a203x_3N-6GVNX,数据标注,内蒙古奥顺智斯科技,100-499人,互联网,大专,1-3年,"数据标注, 不接受居家办公, 语音标注, 标注结果整理, 视频标注, 数据分析能力强, 标注结果抽查, 区域标注, 图片标注, 文本标注, 标注数据分析, 描点标注, 标注方法优化, 标框标注, 分类标注",3-6K,呼和浩特,,2026-06-06 19:04:46
68f233db17f5855a0nV62NS4F1dS,数据标注专员,呼和浩特市浩越网...,20-99人,人工智能,大专,1年以内,"标注方法优化, 文本标注, 区域标注, 标框标注",3-5K,呼和浩特,,2026-06-06 19:04:46
a62814853185c4940ndy29y7FFdR,数据标注/AI训练师,杰尼赛思信息科技,20-99人,人工智能,大专,经验不限,,3-6K,呼和浩特,,2026-06-06 19:05:27
6c65371266a3e23403N539m-FFRS,ai数据标注员,平陆县于乐信息技...,0-20人,人工智能,大专,经验不限,,3-6K,呼和浩特,,2026-06-06 19:05:48
829d0ed95d0034850nB80920GVJY,数据标注,百格利科技,20-99人,计算机软件,大专,,数据标注,100-150元/天,呼和浩特,,2026-06-06 19:05:48
75e706511c8e709e03Rz2dW1GFNQ,商超部经理,海岸雄辉,20-99人,酒店/民宿,学历不限,5-10年,"员工培训, 线上平台运营, 熟练使用办公软件, 活动策划, 连锁门店经验, 其他, 超市, 5年以上卖场经理经验, 员工招聘, 包吃住, 数据分析, 不需要晚班/夜班, 百货卖场, 业绩管理, 不需要倒班, 需要卖场经理经验, 五险",10-15K,呼和浩特,,2026-06-06 19:06:08
d112fff9de5add970nR709q5FFpV,数据分析统计员,内蒙古华域科技,20-99人,批发/零售,大专,1-3年,"业务数据分析, 不接受居家办公, 统计/数学相关专业, 数据分析/商业分析经验",3-4K,呼和浩特,,2026-06-06 19:06:08
83548e4e13237b3d03Z62d61E1RU,财务分析/财务BP,内蒙古蔚蓝华欧生...,20-99人,生物/制药,本科,1-3年,,3-6K,呼和浩特,,2026-06-06 19:06:30
d8a2c3a97105571a1H1_0ty1FlZS,连锁酒店店长,一方酒店,100-499人,酒店/民宿,大专,3-5年,"需要门店店长经验, 不需要倒班, 不需要晚班/夜班, 包吃住, 五险, 酒店/民宿, 数据分析, 财务管理, 业绩管理, 陈列管理, 熟练使用办公软件, 线上平台运营, 3-5年门店店长经验",10-11K,呼和浩特,,2026-06-06 19:07:13
a297b619c632348c0nB829-6FlpT,数据标注/AI训练师,鑫焱信息技术,100-499人,互联网,大专,经验不限,,3-6K,呼和浩特,,2026-06-06 19:07:13
0c3228ff190d2a0b0nB82928FVFV,测试工程师/需求分析师,神州信息,10000人以上,计算机软件,本科,5-10年,,9-11K,呼和浩特,,2026-06-06 19:11:47
d39d9de6a5434ac80nB709m_FldW,高端连锁门店店长,梵谷文化传媒,500-999人,运动/健身,学历不限,3-5年,"需要门店店长经验, 不需要出差, 不需要倒班, 不需要晚班/夜班, 五险, 健身/体育, 房产中介, 数码产品, 汽车服务, 业绩管理, 数据分析, 客诉处理, 连锁门店经验, 销售经验, 3-5年门店店长经验",12-24K,呼和浩特,,2026-06-06 19:12:52
36aecf2bafd393f30ndy39q_FlZQ,数据审核,杰尼赛思信息科技公司,20-99人,大数据,大专,经验不限,,3-6K,呼和浩特,,2026-06-06 19:18:03
254a9acbb825cf491XV42t65FlZW,数据分析和处理,科翼智能,20-99人,计算机软件,中专/中技,经验不限,"数据分析, 数据处理",3-5K,呼和浩特,,2026-06-06 19:18:24
cf2b26a6c6bc60510nd-3ti9FltV,数据标注/AI训练师,杰尼赛思信息科技,20-99人,人工智能,大专,经验不限,,3-6K,呼和浩特,,2026-06-06 19:18:46
e598aba9d19c514c1HR92d-4GVNS,元和药业股份有限公司招聘质检员,元和药业股份有限公司,100-499人,生物/制药,本科,经验不限,"药品, 来料检验（IQC）, 制程检验（IPQC）, 成品检验（FQC）",3-5K,呼和浩特,,2026-06-06 19:20:56
884009e15789784103d93di8FFRS,酒吧储备店长,赛罕区醒山计划咖...,0-20人,餐饮,学历不限,1-3年,"销售经验, 餐饮行业经验, 数据分析, 活动策划, 餐饮储备店长, 无需轮岗培训, 客诉处理, 酒吧运营, 业绩管理, 个体餐饮店, 酒吧/音乐餐吧经验, 酒吧销售",4-8K,呼和浩特,,2026-06-06 19:20:56
ed106f72efc028ca0nZ43Nm0FlNV,数据统计专员,成都金牛明医云联...,100-499人,医疗健康,大专,1-3年,,4-5K,呼和浩特,,2026-06-06 19:25:27
8027900ffd5801dc0nB_09m8FFNQ,机器人数据采集员（全职兼职都可）,内蒙古磐宸库科技,20-99人,大数据,大专,经验不限,,3-5K,呼和浩特,,2026-06-06 19:26:09
2fdacd600ff948e60nB62ti6F1VS,数据统计员,尚阳,20-99人,电子商务,大专,3-5年,"不斤斤计较单休负责, 吃苦耐学, 想稳定工作",3-5K,呼和浩特,,2026-06-06 19:26:29
601e3219d8b9cb6b0nR909-0F1JR,数据标注/AI训练师,圆木禾,0-20人,互联网,大专,经验不限,"文本标注, 数据标注, 不接受居家办公, 语音标注, 视频标注, 数据分析能力强, 描点标注, 区域标注, 标框标注, 分类标注, 图片标注",3-6K,呼和浩特,,2026-06-06 19:27:11
69eee93bfdfab6850nB83NS0FlVQ,呼市女装店长,联晟服饰,500-999人,服装/纺织,学历不限,1-3年,"不需要倒班, 不需要晚班/夜班, 就近分配, 五险, 业绩管理, 财务管理, 数据分析, 活动策划, 收银管理, 需要门店店长经验, 销售经验, 连锁门店经验, 服饰鞋包, 1-3年门店店长经验, 不需要出差, 女装, 服饰",7-12K,呼和浩特,,2026-06-06 19:33:47
d6473b22555f6cd71XJ73Nm7E1ZZ,金融证券投资顾问，证券分析师,华西证券,500-999人,证券/期货,本科,1-3年,"基金公司, 证券公司, 证券从业经验, 证券研究与分析经验, 证券投顾经验, 成熟的投资理念和方法, 金融/经济/管理相关学历, 基金从业资格, 证券从业资格, 证券投顾资格, 证券投资顾问，分析师，理财师",6-11K,呼和浩特,,2026-06-06 19:35:13
5186accaa69cec9303B_3N69FVNT,数据中心值班员,北京金源广通信息咨询,20-99人,互联网,大专,1-3年,,7-12K,呼和浩特,,2026-06-06 19:41:27
7fd7c981eb542ec50nd42tm0FlBZ,数据开发/治理实习生,天宇正清,500-999人,计算机软件,本科,经验不限,"接受无数据开发经验, 计算机专业, 数据库, SQL",1-2K,呼和浩特,,2026-06-06 19:42:31
1a59968e04fb57760nB63dm8FVRW,店长,呼和浩特赛罕区蛋...,0-20人,食品/饮料/烟酒,大专,5-10年,"需要门店店长经验, 餐饮, 业绩管理, 数据分析, 员工招聘, 1-3年门店店长经验, 不需要出差, 不需要倒班, 不需要晚班/夜班",6-11K,呼和浩特,,2026-06-06 19:49:08
da0f9ad5f4cf135c03N93dW6FFJR,遥感数据处理工程师,二十一世纪,500-999人,计算机软件,本科,1-3年,"ArcGIS, QGIS, Python, 地理信息/测绘工程相关专业, 团队管理经验, 测绘内业数据处理经验",6-10K,呼和浩特,,2026-06-06 19:50:10
2cd41a441520ec910nB_3d6_EVVQ,数据中心自控技术员,三古科技,20-99人,互联网,大专,1-3年,,6-10K,呼和浩特,,2026-06-06 19:55:40
19c2999b0f0592e20nZ73tu-FFVR,数据中心运维技术员,中保网盾,500-999人,计算机软件,中专/中技,1-3年,IDC机房运维,4-7K,呼和浩特,,2026-06-06 19:56:23
a6161e10aaa8419a03x629-9F1ZX,数据标注,平陆格姬格姬信息...,0-20人,人工智能,大专,经验不限,"标注方法优化, 标注结果抽查, 标注结果整理, 数据标注, 标注数据分析, 图片标注, 区域标注, 不接受居家办公",3-5K,呼和浩特,,2026-06-06 19:56:23
06f0f68a4a85508603x_0t67E1FQ,生鲜超市店长,北京万喜内蒙古分公司,20-99人,餐饮,大专,5-10年,"需要门店店长经验, 超市/食品, 超市, 生鲜店, 便利店, 活动策划, 财务管理, 数据分析, 熟练使用办公软件, 3-5年门店店长经验, 不需要出差, 不需要倒班, 不需要晚班/夜班",5-10K,呼和浩特,,2026-06-06 19:57:48
4718bc441fd5cfb80nZz2dm-F1VS,内蒙SPA店长8000-10000,雲彼岸健康管理咨询,20-99人,其他生活服务,高中,3-5年,"需要门店店长经验, 不需要倒班, 包吃住, 美容保健, 美容美体, 活动策划, 业绩管理, 数据分析, 员工招聘, 客诉处理, 熟练使用办公软件, 销售经验, 连锁门店经验, 线上平台运营, 3-5年门店店长经验",8-10K,呼和浩特,,2026-06-06 20:04:44
39a04892a64efa6903x609m4GVVQ,数据治理,浪潮云,1000-9999人,计算机服务,本科,,接受无数据开发经验,100-120元/天,呼和浩特,,2026-06-06 20:10:20
a76fb195b5ba035c0nV729W9Elo~,数学模型工程师,东润能源,100-499人,新能源,本科,1-3年,"数据处理, 数据挖掘, 算法设计, 深度学习算法, Python, 数据分析",6-11K,呼和浩特,,2026-06-06 20:10:20
a09e7c076572545103xz296_GFZX,督学分析师,呼和浩特市赛罕区...,0-20人,人工智能,大专,1-3年,,3-5K,呼和浩特,,2026-06-06 20:11:03
29c5891e28c1cb0e0nd-396-E1ZS,数据整理专员,井良,20-99人,互联网,大专,经验不限,,3-6K,呼和浩特,,2026-06-06 20:15:34
66ac1b68189d9d2d1HJ_39m_FFJT,财务分析/财务BP,内蒙古美奥饮品,0-20人,批发/零售,本科,1-3年,多媒体，出纳，咖啡,4-5K,呼和浩特,,2026-06-06 20:16:18
a50613c76cdc797b0nB52Ni6ElZQ,高端家居店店长,卓艺美,0-20人,装修装饰,本科,1-3年,"销售经验, 1-3年门店店长经验, 员工培训, 线上平台运营, 需要门店店长经验, 员工招聘, 建材店, 不需要出差, 数据分析, 家居建材/家电, 客诉处理, 业绩管理, 19-21点下班, 装修/全屋定制, 不需要倒班, 家具家居, 五险",8-13K,呼和浩特,,2026-06-06 20:17:22
ea7658981c836e130nB92dS5GFNU,风控策略分析师（base北京 驻呼和浩特）,泰融数智,20-99人,人工智能,本科,3-5年,"风控/安全策略经验, 金融机构策略开发/建模经验",15-18K,呼和浩特,,2026-06-06 20:20:51
a5722c620506801203Vz0tu_GVpX,分析工程师,内蒙古浩仁数智科技,0-20人,计算机软件,本科,1-3年,,3-7K,呼和浩特,,2026-06-06 20:22:36
9f63ca937a52c17a0nd409S-F1dS,店长,神州中联,20-99人,通信/网络设备,大专,1-3年,"销售经验, 1-3年门店店长经验, 不需要出差, 不需要晚班/夜班, 数据分析, 客诉处理, 业绩管理, 不需要倒班, 餐饮, 需要门店店长经验, 五险",8-10K,呼和浩特,,2026-06-06 20:31:15
934298e63af2ad511nF-2Nu-EVJS,数据开发实习生岗,内蒙古亚帆科技有...,20-99人,大数据,本科,,"SQL, FineReport（帆软）, Kettle, Java",100-200元/天,呼和浩特,,2026-06-06 20:43:03
9a5a707feb435ca103x_2di8FFFV,财务分析师,信合资产,0-20人,其他金融业,本科,1-3年,,6-10K·13薪,呼和浩特,,2026-06-06 20:44:07
28a7ce6ec335899f0ndz09S0E1dW,酒店店长,新城区丁香路锦颐宾馆,1000-9999人,酒店/民宿,大专,3-5年,"需要门店店长经验, 餐饮, 业绩管理, 数据分析, 库存管理, 客诉处理, 新店筹备, 熟练使用办公软件, 销售经验, 连锁门店经验, 线上平台运营, 1-3年门店店长经验, 不需要倒班, 不需要晚班/夜班",9-10K,呼和浩特,,2026-06-06 20:44:28
860c1849009213b80nd80969EFVT,医疗卫生系统分析工程师,盈瑞达电子,20-99人,计算机软件,本科,5-10年,"中大型项目交付经验, 医疗/大健康行业项目经验, Rational Rose, Axure, 计算机/软件工程相关专业, 软件需求分析管理经验, 软件研发经验",9-14K,呼和浩特,,2026-06-06 20:49:59
8ed2a6eadceb8ff90nVz3tW4E1NX,伊利2026届校招-综合培训生（经营分析）,伊利,10000人以上,其他行业,本科,在校/应届,,10-15K,呼和浩特,,2026-06-06 20:55:12
