职位ID,岗位名称,公司名称,公司规模,公司领域,学历要求,经验要求,关键技能,薪资范围,城市,发布时间,爬取时间
a786d32bd7519c6a0nd80tq-E1JR,运维工程师+周末双休,脉山龙,100-499人,企业服务,本科,5-10年,"通信相关专业, Ansible/Salt/Puppet, 系统运维, Python/Shell, 运维经验",17-20K,上海,,2026-06-01 22:40:12
6945c6b515838beb0nB43t67E1tQ,系统运维开发工程师,软通动力,10000人以上,计算机软件,大专,1-3年,"系统运维, IDC机房运维, Python/Shell, Docker, Kubernetes, 服务器",12-15K,上海,,2026-06-01 22:40:12
a48a481f1313c6700nZ42tq7FldV,linux系统运维工程师实习生,天天拍车,1000-9999人,汽车研发/制造,本科,,"网络运维, 系统运维, 桌面运维",150-180元/天,上海,,2026-06-01 22:40:12
63c14f2d29fbe2fc1Hdz3tq1FFFQ,系统运维（招商银行，有加班费）,长亮科技,1000-9999人,计算机软件,本科,3-5年,服务器运维,13-18K,上海,,2026-06-01 22:40:12
8bb3863e1a6aa9c30nB43Ni8GFVW,系统运维工程师,某大型基金公司,100-499人,基金,本科,经验不限,,18-30K·24薪,上海,,2026-06-01 22:40:12
aa4330548f6371710nB60tq-E1ZZ,IT管理与系统运维工程师,上海富芮坤微电子,20-99人,半导体/芯片,大专,1-3年,"系统运维, 网络运维",8-12K·13薪,上海,,2026-06-01 22:40:12
b596d00fd3e5c3570nB43du0EFVX,高级系统运维工程师 (MJ001236),上海悠星网络,500-999人,游戏,大专,3-5年,系统运维,15-25K·14薪,上海,,2026-06-01 22:40:12
ec8feb6763763d860nd52Ny4GVFQ,系统运维专家（IT）,信也科技,1000-9999人,互联网,本科,5-10年,"系统运维, 运维开发/DevOps, 桌面运维, 网络运维, 实施交付运维, Python/Shell, Docker, 通信相关专业, 计算机相关专业, 运维经验, windows, MCSE, AIOps",20-40K·15薪,上海,,2026-06-01 22:40:12
9753f5a45c336f920nZ-09u6EVBR,系统运维工程师,中软国际,10000人以上,计算机软件,本科,3-5年,"Java, 系统运维, Python/Shell, 计算机相关专业",12-17K·13薪,上海,,2026-06-01 22:40:12
2b2e581cd173d63a0nZ-39W4GVRZ,系统运维-26届校招,锦泓时装,1000-9999人,服装/纺织,本科,在校/应届,,8-10K·13薪,上海,,2026-06-01 22:40:12
0488932fc2caa3190nd82NW1EVtS,内部系统运维工程师,煜谦贸易,500-999人,进出口贸易,大专,1-3年,"桌面运维, 系统运维, 网络运维, 运维经验, 打印机/复印机维修经验",10-15K,上海,,2026-06-01 22:40:12
8e10754da5fd18230nB_3N2-FFZR,操作系统运维工程师,神州信息,10000人以上,计算机软件,大专,5-10年,,18-21K,上海,,2026-06-01 22:40:12
e13fb47d71ef1fd003x82920GVNV,电商OMS系统运维,立邦集团,10000人以上,化工,本科,1-3年,"RPA开发, 电商订单处理, 实施交付运维, 系统运维, 运维开发经验, 运维经验",15-20K,上海,,2026-06-01 22:40:12
8fd0741b552bfe7003R-39i0EFNV,系统运维工程师,共启网络,20-99人,互联网,大专,3-5年,"系统运维, 计算机相关专业, 运维经验",7-8K,上海,,2026-06-01 22:40:12
e9dfeb79150851d003B_3N24FVFX,linux运维工程师,上海开赟,20-99人,计算机服务,本科,在校/应届,"实施交付运维, 系统运维, 桌面运维, 计算机相关专业, 运维经验",7-8K,上海,,2026-06-01 22:40:12
c5cae4e9f7ae9e370nR_29-_GVpW,系统运维工程师,奇安信集团,1000-9999人,信息安全,大专,1-3年,"系统运维, 实施交付运维, 计算机相关专业, 运维经验",7-10K,杭州,,2026-06-01 22:41:19
2b09fd4cea6a997c03N-3dy8FFNZ,云运维工程师-私有云,吉利控股集团,10000人以上,汽车研发/制造,本科,5-10年,"Docker, 专有云, Python/Shell, 运维经验, Kubernetes",20-40K·15薪,杭州,,2026-06-01 22:41:19
765dfea6a9dd28eb1Hd-3Nq8F1VU,系统维护工程师,谷歌医药,20-99人,生物/制药,本科,1-3年,"不限, 系统运维, 实施交付运维, Java, MySQL/Oracle, 计算机相关专业, 运维经验, 网络安全相关经验",7-12K·13薪,杭州,,2026-06-01 22:41:19
9b85035dec2b87b01HV-2968E1ZZ,WCC系统运维工程师,江辰,500-999人,投资/融资,大专,1-3年,系统运维,10-15K,杭州,,2026-06-01 22:41:19
8a943adfaa8ddf4c0nB_29i7EldQ,系统运维（双休）,卓有科技,500-999人,计算机软件,大专,3-5年,"系统运维, MySQL/Oracle, 运维经验, SRM",7-8K,杭州,,2026-06-01 22:41:19
581d50e8ed771c3e0nZ60960FldR,Linux运维测试工程师,泽高电子,20-99人,电子/硬件开发,大专,1年以内,,5-6K,杭州,,2026-06-01 22:41:19
0cb2ef24d45d32d50nZ72t61GFdW,系统运维工程师,华正新材,1000-9999人,新材料,本科,5-10年,,10-15K·13薪,杭州,,2026-06-01 22:41:19
df27787953c848840nV-3N26F1NQ,高级系统运维工程师,上海鸥橙信息科技,100-499人,酒店/民宿,大专,3-5年,"系统运维, IDC机房运维, 运维开发/DevOps, 实施交付运维, 网络运维, MySQL/Oracle, Java, Python/Shell, Ansible/Salt/Puppet, Golang, 计算机相关专业, 运维经验, 网络安全相关经验, 打印机/复印机维修经验, 运维开发经验",18-35K,杭州,,2026-06-01 22:41:19
e66952358520c6d90ndz3Nu4FFdY,实施/运维工程师,杭州海智拓信息科技,10000人以上,企业服务,本科,3-5年,,8-11K,杭州,,2026-06-01 22:41:19
86063f1b439954b50nd709i-ElJS,软件运维（OA系统),云摇,20-99人,计算机软件,大专,1-3年,,5-8K,杭州,,2026-06-01 22:41:19
c8ebc4001f9d58b20ndy3t60EFFT,系统运维工程师(C),亿达信息,1000-9999人,计算机软件,本科,3-5年,系统运维,10-11K,杭州,,2026-06-01 22:41:19
2a8cd6119c29f8560nB43NW1EFRR,急招运维工程师-吉利集团-线上面试,法本,10000人以上,计算机软件,本科,3-5年,,7-8K,杭州,,2026-06-01 22:41:19
f146fd2020a627fd0nB_3d64FVdW,信息化与系统运维工程师,杭州环峪数智科技,20-99人,服装/纺织,本科,5-10年,,15-25K,杭州,,2026-06-01 22:41:19
c1e645a335d7fd970nB73tS4F1dT,系统运维工程师(J11419),华峰集团有限公司,10000人以上,其他行业,本科,3-5年,,10-15K·13薪,杭州,,2026-06-01 22:41:19
8b2c73ef9e64ea740nB-2tq-EFdS,系统运维工程师,浙江龙禧,100-499人,通信/网络设备,本科,3-5年,,10-13K,杭州,,2026-06-01 22:41:19
6cbd4e392ff75d7703Nz29S1FVVW,新风空调系统运维主管,中化金茂物业,1000-9999人,物业管理,大专,1-3年,"电子/电气/自动化相关专业, 运维经验",10-15K,南京,,2026-06-01 22:42:04
9f30b9a705e4daf80nB729q1FVdW,系统运维,润和软件,10000人以上,互联网,本科,3-5年,,12-13K,南京,,2026-06-01 22:42:04
61f41624c60a73a60nd92Nu7FVVX,linux运维工程师,万森科技,0-20人,计算机硬件,本科,1-3年,"网络运维, Nginx, Docker, 大数据运维经验, 系统运维, 桌面运维, Python/Shell, 计算机相关专业, 网络安全相关经验, 运维经验, IDC机房运维, Kubernetes",5-8K·13薪,南京,,2026-06-01 22:42:04
54b70816ba3bf85b0nB73tq1FFtW,驻场安全运维工程师,全博科技,20-99人,信息安全,学历不限,经验不限,网络运维,6-7K,南京,,2026-06-01 22:42:04
acb3d5e26d0466d41Hd729i0FVdZ,工程运维工程师（电力系统）,万炬股份,20-99人,电力/热力/燃气/水利,本科,1-3年,"变电站, 电力系统, 出差",6-10K·13薪,南京,,2026-06-01 22:42:04
17dc8756109c711a1HR83Ni0ElRU,信息系统运维工程师,中国电科28所,1000-9999人,计算机软件,本科,经验不限,"实施交付运维, MySQL/Oracle, 系统运维, 计算机相关专业, 全日制一本, 年龄不超过30周岁",10-12K,南京,,2026-06-01 22:42:04
b9928ca6e379a27d1X172Ni_EFtQ,变电站调试运维工程师,国网电瑞,100-499人,计算机软件,本科,经验不限,"系统运维, 计算机相关专业, 电子/电气/自动化相关专业, 电气工程师",9-14K·13薪,南京,,2026-06-01 22:42:04
21c8bb32fa99eab70nd73t60F1JQ,网络驻场运维工程师,融鑫鸿,0-20人,通信/网络设备,大专,1-3年,"网络运维, 系统运维, IDC机房运维, 运维开发/DevOps, 实施交付运维, Python/Shell, Ansible/Salt/Puppet, MySQL/Oracle, Docker, Kubernetes, 计算机相关专业, 通信相关专业, 运维经验, 运维开发经验, 大数据运维经验",8-11K,南京,,2026-06-01 22:42:04
dc6c7b71138d7dcf0nB62dS-FFVT,系统运维工程师,江苏世际新能源科技,20-99人,光伏,本科,3-5年,,12-20K·13薪,南京,,2026-06-01 22:42:04
9899d4426acea0e50nB-2du7GVpV,应用系统运维工程师,某中型互联网物联网平台公司,500-999人,互联网,硕士,5-10年,,25-35K,南京,,2026-06-01 22:42:04
88697dc601a522541H160tu-FlFU,软件实施运维工程师,优泰科技,20-99人,计算机软件,大专,1-3年,"网络运维, 实施交付运维, 系统运维, 计算机相关专业",7-9K·13薪,南京,,2026-06-01 22:42:04
bc10289b412dc7fe0nR939m1GVFR,高级算力服务器系统运维工程师,世通环宇,0-20人,计算机服务,大专,3-5年,,15-18K·13薪,南京,,2026-06-01 22:42:04
98dd8aedb2d886b40ndz0ti7FVtY,运维，工程师,某中型电子/半导体/集成电路公司,500-999人,电子/半导体/集成电路,硕士,经验不限,,20-21K,南京,,2026-06-01 22:42:04
92c5a1134d883bb80nB_3dm1E1VV,运维工程师（实习生）,阅点点,20-99人,互联网,学历不限,,"大数据运维经验, 运维经验, 文学类院校",180-200元/天,南京,,2026-06-01 22:42:04
b469c10467b765a20nB729S0E1ZS,系统运维专员,SGS,10000人以上,检测/认证/知识产权,本科,1-3年,,6-10K,南京,,2026-06-01 22:42:04
afc3bc0915c512a20nB-3tu0EltW,钉钉运维,亦仁科技,20-99人,互联网,学历不限,1-3年,"桌面运维, 系统运维, 网络运维, 运维开发经验, 钉钉, OA审批, PMP, 对日, Ding Talk",4-9K,无锡,,2026-06-01 22:43:09
3ca478444c8482261HV829y1ElNS,系统运维工程师,赢科软件,20-99人,计算机软件,大专,1-3年,运维经验,5-8K,无锡,,2026-06-01 22:43:09
69576eb036d5ee340nd83NS_EVBZ,运维工程师（常驻西安）,优顺电力,0-20人,光伏,学历不限,1-3年,,6-10K,无锡,,2026-06-01 22:43:09
8fc67a3b6e1f7d1e1HN62dy5GVtX,测试运维工程师,江苏森基,100-499人,金属制品,大专,1-3年,实施交付运维,8-12K,无锡,,2026-06-01 22:43:09
7c34d873dfa091200nZ_39i4FFNU,系统运维工程师,中卫信,100-499人,计算机软件,本科,3-5年,"系统运维, Docker, 计算机相关专业, 运维经验, k8s, linux",9-12K,无锡,,2026-06-01 22:43:09
cda20d3179bbc3770nB-0ti0F1JY,无锡运维,南京御能达信息科技,100-499人,互联网,学历不限,经验不限,,4-5K,无锡,,2026-06-01 22:43:09
a6dc74c479c559010nB43N67GFRR,AI服务器运维主管（GPU服务器）,深圳市星瀚智算科技,20-99人,人工智能,大专,5-10年,,10-15K,无锡,,2026-06-01 22:43:09
a93792a1c286d1151HV53N69EFdS,系统运维工程师,中科微至,1000-9999人,通用设备,本科,1-3年,"网络运维, 系统运维, 泛微OA, 金蝶ERP",8-12K,无锡,,2026-06-01 22:43:09
2eddcd27871f322a0nd809q9GVRW,基础运维工程师（桌面运维）,先导智能,10000人以上,智能硬件,本科,3-5年,"运维开发经验, 桌面运维, 计算机相关专业, 运维经验",7-12K,无锡,,2026-06-01 22:43:09
50a81d15be8bc0cb03F42t6_EFBT,IT项目/系统运维工程师(J10247),罗斯,500-999人,通用设备,本科,1-3年,"计算机/网络系统工程师, 计算机相关专业, 系统建设/运维经验, ERP/OA/CRM实施维护经验",10-12K·14薪,无锡,,2026-06-01 22:43:09
59dd3b4a6a9984120XN52dy9GVc~,桌面运维工程师,梅杰科技,100-499人,大数据,大专,1-3年,"企业内部IT技术支持, IT支持, IT技术支持, 系统运维, 计算机软件, 桌面运维, IT, 桌面, helpdesk",6-7K,无锡,,2026-06-01 22:43:09
65cfc4f4fb87181c1XZ40tu6EFNT,驻场运维工程师,埃瑞科,20-99人,其他生活服务,中专/中技,1-3年,"系统运维, 中央空调, 应用运维",5-8K·13薪,无锡,,2026-06-01 22:43:09
b517ada7ff9582f81Xx429W9GFpS,系统维护工程师,无锡德刚精工机电设备,20-99人,通信/网络设备,大专,1-3年,"桌面运维, 网络运维, 系统运维, 计算机相关专业, 通信相关专业, 电子/电气/自动化相关专业",5-8K,无锡,,2026-06-01 22:43:09
b186ed79dbeac1040nB_2N27ElNS,运维专员,无锡市纵环通讯设...,500-999人,批发/零售,大专,3-5年,"网络运维, 通信相关专业, 大数据运维经验, 系统运维, 计算机相关专业, 网络安全相关经验, 运维经验",6-8K,无锡,,2026-06-01 22:43:09
782ecf4fa23ded5a1Hdz39-1E1dS,运维工程师,腾旋科技,100-499人,机械设备/机电/重工,大专,3-5年,系统运维,9-13K·13薪,无锡,,2026-06-01 22:43:09
419cd2e7479c1b130nB_2d-5EVpR,支付宝运维专员  包住,贵阳瞒意互联网科技,20-99人,互联网,学历不限,经验不限,,4-5K,贵阳,,2026-06-01 22:44:15
3fd685008f5754db03Z-2d28E1tV,网络工程师,翌宸志信科技有限公司,20-99人,计算机软件,本科,3-5年,"有网络工程师经验, 3到5年网络工程师经验, 计算机相关专业, 大型网络运维, 数据中心运维, 系统集成商, 电厂机房运维经验",5-10K,贵阳,,2026-06-01 22:44:15
612d7f334eafdd2f0nB_3dS6E1NU,IaaS运维实施工程师,医渡科技,1000-9999人,互联网,本科,5-10年,,10-15K,贵阳,,2026-06-01 22:44:15
5320596f2cf9dc7b1XV62N-_E1JU,系统运维工程师,集嘉科技,0-20人,计算机硬件,大专,经验不限,"SQL, 全职兼职均可",5-8K,贵阳,,2026-06-01 22:44:15
8d32827c676017dc0ndy29m-FFpS,运维工程师(金融银行),泓齐网科,100-499人,计算机软件,大专,3-5年,,6-8K,贵阳,,2026-06-01 22:44:15
3140199418851a420nB_29u4FFNU,驻场运维工程师,泰若数科,20-99人,计算机软件,本科,3-5年,,8-12K,贵阳,,2026-06-01 22:44:15
bbf8ccfb64cc9e8203Z909i0FFRX,运维工程师,达得集团,1000-9999人,互联网,学历不限,经验不限,网络运维,4-8K,贵阳,,2026-06-01 22:44:15
384d19312aa14af303Nz3dS0FVFT,充电桩运维工程师,全盟电力,100-499人,仪器仪表/工业自动化,大专,1年以内,,5-10K,贵阳,,2026-06-01 22:44:15
e67c3663cfae064a0ndz2d25FFdR,实习生-运维实习生-贵阳,亚信科技,10000人以上,计算机软件,本科,在校/应届,校招,面议,贵阳,,2026-06-01 22:44:15
53cffe669f0294990ndz2dy5E1dX,集成电路系统微电子工程,贵州小增长网络科技,0-20人,计算机软件,硕士,经验不限,,200-600元/时,贵阳,,2026-06-01 22:44:15
36a54402c9341ec603V73NW7GVpS,驻场运维工程师,数森科技,20-99人,计算机服务,大专,1-3年,"网络运维, Java, 通信相关专业, 系统运维, 计算机相关专业, IDC机房运维",3-4K,贵阳,,2026-06-01 22:44:15
b298390837a666a10nB_29q5EFdZ,运维工程师,深圳优维科技有限公司,100-499人,互联网,大专,1-3年,,8-12K,贵阳,,2026-06-01 22:44:15
fec78157e22e8d89031_3ti8F1VS,运维工程师/双休/五险一金,卓蓝优银,100-499人,其他制造业,本科,经验不限,,5-9K·13薪,贵阳,,2026-06-01 22:44:15
9579be0a9bf29bac0ndy092_FlZU,it运维专员,圆通速递,10000人以上,快递,本科,1-3年,"网络运维, 系统运维, 桌面运维",6-8K,贵阳,,2026-06-01 22:44:15
253374be164bbcae1Hx829W8EVJQ,收银系统安装运维 五险一金 有摩托车,贵州鸿钰数智,0-20人,智能硬件,大专,1-3年,"实施交付运维, 系统运维, 计算机相关专业, 运维经验",6-8K,贵阳,,2026-06-01 22:44:15
6dd837ac5c1aca650nR72d-6FFtX,k8s运维工程师,华苏科技,1000-9999人,互联网,大专,3-5年,,6-9K,呼和浩特,,2026-06-01 22:44:38
1d3e1fd55f57c6c00nB72t-4GFpS,软件驻场运维工程师（内蒙古）,合明软件,20-99人,计算机软件,本科,5-10年,,6-11K,呼和浩特,,2026-06-01 22:44:38
249119fa70ac987e0nB_2Ny6EFZQ,运维楼长,达卯智能,100-499人,人工智能,大专,5-10年,,15-22K,呼和浩特,,2026-06-01 22:44:38
804580e7ed4c89890nB_3dW0GVBX,电站运维工程师,魏桥电力,20-99人,电力/热力/燃气/水利,大专,1-3年,,8-12K,呼和浩特,,2026-06-01 22:44:38
696bf830c4c61d870nB_3di7FlZQ,【天数】运维工程师,迪原创新,100-499人,计算机软件,大专,1-3年,,4-7K,呼和浩特,,2026-06-01 22:44:38
43aa20436538a7140nB73Ny8GFNR,网络运维专员,内蒙古五色石网络科技,20-99人,信息安全,大专,1-3年,,4-5K,呼和浩特,,2026-06-01 22:44:38
576508779d19fb9d1HN439-7FFFY,电力系统运维工程师,国网电科院,10000人以上,电力/热力/燃气/水利,本科,5-10年,"系统运维, MySQL/Oracle, Python/Shell, 计算机相关专业, 电子/电气/自动化相关专业",10-15K,呼和浩特,,2026-06-01 22:44:38
b46d323f4e5848e90nd-3dS6GFJT,高级运维工程师/运维项目经理,智胜慧安,100-499人,计算机服务,本科,3-5年,,10-13K,呼和浩特,,2026-06-01 22:44:38
831dd8a805e7b3570nZ43ty7FVtU,信息系统运维工程师,利客,1000-9999人,批发/零售,大专,1-3年,"网络运维, 实施交付运维, 系统运维, 运维开发/DevOps",6-10K,呼和浩特,,2026-06-01 22:44:38
0db02ff97f7d4a0c0nV72tq8EVJT,系统运维工程师,远大高科,20-99人,计算机软件,本科,1-3年,"Java, Nginx, MySQL/Oracle, 系统运维, 运维开发经验, 电力, 计算机相关专业",5-9K,呼和浩特,,2026-06-01 22:44:38
a22d5c92bb320f2103V829y-ElVU,系统运维,北京国能日新,500-999人,计算机软件,大专,1-3年,"系统运维, 实施交付运维, Python/Shell, MySQL/Oracle, Docker, 计算机相关专业, 通信相关专业, 运维经验",6-10K,呼和浩特,,2026-06-01 22:44:38
6bdbdeaef99e0d0d0nB63Ni6E1tQ,网络机房综合运维岗,华科sap,100-499人,计算机软件,大专,1-3年,低压电工证,5-7K,呼和浩特,,2026-06-01 22:44:38
fc382635c40e78ee1nd43dm5F1NV,系统运维工程师,内蒙古文恒,20-99人,计算机软件,本科,1-3年,计算机相关专业,4-5K,呼和浩特,,2026-06-01 22:44:38
b7a819025d69167d0nRz3du5EVpY,兼职运维工程师,典基网络,20-99人,通信/网络设备,大专,经验不限,"网络运维, 通信相关专业, 系统运维, 桌面运维, 计算机相关专业, 电子/电气/自动化相关专业, 运维经验",25-45元/时,呼和浩特,,2026-06-01 22:44:38
b067d8e648487a6f03Fz29i5GVZW,系统运维工程师,天宇正清,500-999人,计算机软件,大专,1-3年,"系统运维, 实施交付运维, Java, MySQL/Oracle, 运维经验",5-7K,呼和浩特,,2026-06-01 22:44:38
30fe930350ef33530nZ-39S7F1NS,系统运维工程师,安达泰克,100-499人,金属制品,大专,3-5年,"系统运维, 实施交付运维, 运维经验, 计算机相关专业",11-16K,北京,,2026-06-01 22:51:29
ebcfb0133f48d8c40nV40ti4ElFZ,卫星地面系统运维工程师(J10165),星图测控,100-499人,计算机软件,硕士,5-10年,,15-25K·15薪,北京,,2026-06-01 22:51:29
5741364646f2c8fb0nd-2dm_GVRT,系统运维岗（金融系统）,中民强盛,20-99人,物业管理,本科,5-10年,"IDC机房运维, 计算机相关专业, 通信相关专业",25-30K,北京,,2026-06-01 22:51:29
30fe930350ef33530nZ-39S7F1NS,系统运维工程师,安达泰克,100-499人,金属制品,大专,3-5年,"系统运维, 实施交付运维, 运维经验, 计算机相关专业",11-16K,北京,,2026-06-01 22:53:45
728ce576c9c27c3c0nB_3N25FVZZ,系统运维（社保全额-现场面试）,神州信息,10000人以上,计算机软件,本科,5-10年,,10-11K,北京,,2026-06-01 22:53:45
5741364646f2c8fb0nd-2dm_GVRT,系统运维岗（金融系统）,中民强盛,20-99人,物业管理,本科,5-10年,"IDC机房运维, 计算机相关专业, 通信相关专业",25-30K,北京,,2026-06-01 22:53:45
b56b11b4eb3a3dc90nB43d25EldR,系统运维,东软集团股份有限公司,10000人以上,移动互联网,本科,1-3年,"Java, C端系统运维",10-15K,北京,,2026-06-01 22:54:06
e181dbd5bced2c970nB42dq-E1dX,系统运维工程师,华信永道,500-999人,计算机软件,本科,3-5年,系统运维,13-20K,北京,,2026-06-01 22:54:06
fbeed87018eea66c0nB53di8F1VR,财务系统运维工程师,华苏科技,1000-9999人,互联网,大专,3-5年,,13-14K,北京,,2026-06-01 22:54:06
d4e93fb07ecd4efd0ndy2967GVVR,运维工程师（系统方向）,中体彩科技,500-999人,计算机软件,大专,3-5年,"系统运维, IDC机房运维, 计算机相关专业, 电子/电气/自动化相关专业, 运维经验, 大数据运维经验",12-13K,北京,,2026-06-01 22:54:06
209dc3fe7e1d81df0nV53dy0EVRX,SAP 系统运维工程师,江西俊桃慧,0-20人,人力资源服务,学历不限,3-5年,,10-14K,北京,,2026-06-01 22:54:06
7a8b1f207df64c380ndz0967EVZQ,PaaS系统运维工程师11k（线上面试+双休）,人瑞网络科技,10000人以上,计算机硬件,大专,3-5年,"机房运维, 资产运维, 计算机相关专业, IT资产管理, PaaS运维, 运维支撑",10-11K,北京,,2026-06-01 22:54:06
cf3b67bf347a700c0nd-0t29E1pR,云运维工程师,微创软件,10000人以上,计算机软件,本科,1-3年,"Docker, 云计算运维, 系统运维, Python/Shell, 计算机相关专业, 运维经验, Kubernetes",7-8K,北京,,2026-06-01 22:54:06
220d8924710683c41XB709q-EldU,高级系统运维工程师,浮云湾,100-499人,餐饮,本科,5-10年,"系统运维, 实施交付运维, 网络运维",25-35K·15薪,北京,,2026-06-01 22:54:06
e90f755aa3f0441b1XB83dy6F1pQ,系统运维工程师,六分科技,100-499人,计算机软件,本科,5-10年,系统运维,30-35K·14薪,北京,,2026-06-01 22:54:06
b37dc0b31fd212c30nd809m0ElZZ,系统运维,通信惠,20-99人,通信/网络设备,本科,在校/应届,,8-10K,北京,,2026-06-01 22:54:06
cf0e42f2f93b1c830nZ73N24EFtX,【仅实习-海淀区】系统运维初级工程师,新大陆软件,1000-9999人,计算机软件,本科,,"系统运维, 计算机相关专业, 通信相关专业, 运维经验, 网络安全相关经验",200-250元/天,北京,,2026-06-01 22:54:06
4fd1418610ddefb403J43tm5EVdZ,系统运维,新晨科技,1000-9999人,通信/网络设备,本科,1-3年,,9-10K,北京,,2026-06-01 22:54:06
445e420231c8dd1a0nB-3N26FlZY,人资系统运维工程师,华路时代,1000-9999人,计算机软件,大专,3-5年,"系统运维, 运维经验, 人资系统运维, 熟悉SQL基础操作",8-13K,北京,,2026-06-01 22:54:06
902a1615163d79f503x90t20ElNY,系统运维工程师,天合正道运维服务,100-499人,计算机软件,本科,在校/应届,"通信相关专业, 系统运维, 计算机相关专业, 电子/电气/自动化相关专业, 央企福利",10-11K·13薪,北京,,2026-06-01 22:54:06
aac94d3e2744373a0nd80968GVFR,系统运维工程师-无人车-北京,外企德科数字,10000人以上,互联网,大专,3-5年,"SRE, CKA, CCNA, RHCSA/RHCE, HCIA/HCIP",12-18K,北京,,2026-06-01 22:54:06
b7ef71ab72abe67c0nV63d2-GFBV,系统运维工程师,公安部大数据中心,100-499人,政府/公共事业,本科,3-5年,,9-14K,北京,,2026-06-01 22:54:27
99d8a629573aae2e1XV-3dq_E1ZU,系统运维工程师,北京谷本信息科技...,500-999人,计算机软件,学历不限,经验不限,系统运维,9-14K,北京,,2026-06-01 22:54:27
5350876036b4b98f0nZ-3di7GVtS,SRE工程师-系统运维,某分类信息公司,20-99人,分类信息,本科,3-5年,,40-60K·16薪,北京,,2026-06-01 22:54:27
27687a01aa6a41220nB-3d6-EVJY,运维 系统\虚拟化\云平台 -现场面试-自考本,腾信软创科技,1000-9999人,互联网,本科,3-5年,"Docker, ECS, 系统运维, 虚拟化平台, 云平台, 运维经验",13-17K,北京,,2026-06-01 22:54:27
2fd465127e48ff400nd82dq5F1tU,交易系统运维-北京,金证股份,1000-9999人,计算机软件,大专,3-5年,"实施交付运维, 系统运维, 计算机相关专业",10-15K,北京,,2026-06-01 22:54:27
c178945eedd1b8cb0nB-2tm4FFNZ,系统运维初级,北京国盛鑫科技,20-99人,计算机软件,本科,经验不限,,5-8K,北京,,2026-06-01 22:54:27
da2112a27ba357200nB62928FVFZ,系统运维工程师,融通智慧,100-499人,智能硬件,大专,3-5年,,7-10K,北京,,2026-06-01 22:54:27
86a809cc500172e30nd-2tm9E1tW,系统运维工程师,北京某大型互联网金融公司,10000人以上,互联网金融,本科,1-3年,,20-30K,北京,,2026-06-01 22:54:27
ac9537101eb89b1c1HR43Ni1FFZW,系统运维工程师,铭台科技,20-99人,互联网,学历不限,在校/应届,"熟悉Linux, 网络运维, Java, 实施交付运维, MySQL/Oracle, 系统运维, Python/Shell",5-8K,北京,,2026-06-01 22:54:27
9823fdfa8c33b7e20nd62Nu8FVNS,一线系统运维,京北方信息,10000人以上,互联网金融,本科,5-10年,"一线运维, 银行, 系统运维, 运维开发/DevOps, 计算机相关专业, 金融, 带团队, 业务系统运维",18-20K,北京,,2026-06-01 22:54:27
0f77628d7b89288e03190tW4F1VY,系统运维工程师,北京易路通必达科技,0-20人,互联网,本科,5-10年,"MySQL/Oracle, Docker, Linux, 系统运维, K8s, 运维开发经验, Python/Shell, 计算机相关专业, 运维经验, Zabbix",10-15K,北京,,2026-06-01 22:54:27
877f46fc2dd331580nRz3tu0GFZW,安防监控系统运维工程师,北京金壹科技有限公司,20-99人,计算机服务,大专,1-3年,"系统运维, 网络安全相关经验, 运维经验",6-8K,北京,,2026-06-01 22:54:27
bf38872f4cb29fdc1HB82dW5GFZX,视频会议系统运维,北京智合联创科技,0-20人,计算机软件,本科,3-5年,"桌面运维, 视频会议系统",6-10K,北京,,2026-06-01 22:54:27
9b1a8d1c5b74a5f30nRz2Nq0EFFS,系统运维工程师,元保数科,500-999人,互联网,本科,5-10年,系统运维,30-50K·16薪,北京,,2026-06-01 22:54:27
cd8d484f8436fea70nd639u8F1pV,视频会议系统运维工程师,华信正能,20-99人,通信/网络设备,本科,1-3年,,8-9K,北京,,2026-06-01 22:54:27
ce378016b00203340nB-3tu_FldT,系统运维管理,彩尚,100-499人,人力资源服务,本科,5-10年,"系统运维, 运维经验, 网络安全相关经验, 运维管理, 项目管理, Prometheus, ITIL, 国家电网",19-20K,北京,,2026-06-01 22:54:49
10cb13d691514bbb0nd63du4FlFS,纪检系统运维工程师,四川中慧极智科技,20-99人,人工智能,本科,1-3年,,7-9K,北京,,2026-06-01 22:54:49
e1ae7e37a70fa34403N52dy1F1JY,系统实施与运维工程师,北京中环信科科技...,100-499人,计算机软件,本科,经验不限,,17-22K,北京,,2026-06-01 22:54:49
0f1a287fb27574bf031z2d28ElVY,信息化系统后台运维工程师,某大型采掘/冶炼公司,10000人以上,采掘/冶炼,本科,1-3年,,25-30K,北京,,2026-06-01 22:54:49
7a3aadb3d57d185e03170t61ElVT,IT 系统运维负责人,协合运维,1000-9999人,风电,本科,5-10年,"网络运维, 实施交付运维, 大数据运维经验, 运维开发经验, 桌面运维, 计算机相关专业, 电子/电气/自动化相关专业, 运维经验",15-30K·14薪,北京,,2026-06-01 22:54:49
86ae676abf62b72703F42dy4EVBU,系统运维工程师,金风科技,1000-9999人,风电,本科,3-5年,"运维开发/DevOps, Python/Shell, Nginx, MySQL/Oracle, Docker, Kubernetes, 计算机相关专业, 运维开发经验, 大模型, AI",10-15K,北京,,2026-06-01 22:54:49
445d683f079b3db50nd83N24E1RX,系统运维工程师,北京嘉和美康,1000-9999人,互联网,本科,3-5年,"系统运维, 运维开发/DevOps",15-22K,北京,,2026-06-01 22:54:49
e67a6e29555ec5231nB-2ty5E1dQ,金融统计系统运维岗位,大唐神州,100-499人,计算机软件,大专,3-5年,"系统运维, 应用运维, 数据库运维, SQL, Unix, Tomcat, Oracle, 银行业务运维",11-20K,北京,,2026-06-01 22:54:49
78ddbfd6b2dd1f5b03x-2dm8GVRR,2026届校招-运维工程师（北京）(J14533),北森云计算,1000-9999人,计算机软件,本科,在校/应届,"DBA, MySQL/Oracle, Docker, 大数据运维经验, 系统运维, 运维开发/DevOps, 运维开发经验, 计算机相关专业, 运维经验, Kubernetes",15-21K·14薪,北京,,2026-06-01 22:54:49
fec6cc352d8037cd0nB50920ElFZ,系统运维驻场工程师,安信天行,500-999人,信息安全,本科,3-5年,"系统运维, 系统运维 日志审计 应用服务接口",8-13K,北京,,2026-06-01 22:54:49
5c73c1df7aaedcb50nR52Nq5GVRV,系统运维,山东元维信息,20-99人,互联网,本科,3-5年,"Docker, Kubernetes, Nginx, MySQL/Oracle, Python/Shell, 计算机相关专业, 通信相关专业, 系统运维, 网络运维",10-11K,北京,,2026-06-01 22:54:49
2995d657584af01003dy2tS0F1BU,电力监控系统运维工程师,ESDTEK,100-499人,互联网,大专,3-5年,"电力系统运维, 实施交付运维, 通信相关专业, 系统运维, 电子/电气/自动化相关专业, 运维经验, IDC机房运维",6-8K,北京,,2026-06-01 22:54:49
c099ef832e62aff11nJ_3dq6FlVX,系统集成项目经理及运维人员,智慧馨语,0-20人,工程施工,学历不限,经验不限,分布式技术,8-13K,北京,,2026-06-01 22:54:49
f6139a0a9a02d4f40nd82t21FVJZ,业务系统运维工程师-仅接受全日本科及以上,五疆发展,20-99人,计算机服务,本科,5-10年,,10-12K,北京,,2026-06-01 22:54:49
f7f743f7072ddc120nZ73d21E1FV,系统运维工程师 (MJ001860),太极股份,1000-9999人,计算机软件,本科,3-5年,"运维经验, Linux, 数据库, 中间件",13-16K,北京,,2026-06-01 22:54:49
03e8e48e373deef10nd-2dq_GFVR,系统运维工程师,云迹科技,100-499人,智能硬件,本科,3-5年,系统运维,15-20K,北京,,2026-06-01 22:55:09
5cfbb5f9669ac951031y3ty5F1NY,智能调度-系统运维与规则开发工程师,长鑫集电,1000-9999人,半导体/芯片,本科,1-3年,,10-15K·15薪,北京,,2026-06-01 22:55:09
efdb4a82645351c40nZ82ty1E1pQ,系统运维,韵之私募基金,0-20人,基金,本科,3-5年,,12-20K,北京,,2026-06-01 22:55:09
6e9fe6b80b4543aa0nd4296-EVJS,交付运维工程师,庭宇,100-499人,云计算,本科,3-5年,,15-25K·14薪,北京,,2026-06-01 22:55:09
9bf4d7aafaaf12760nB-3tq1F1dV,服务器硬件&操作系统运维工程师(A80352),度小满,1000-9999人,互联网,本科,1-3年,,18-35K·16薪,北京,,2026-06-01 22:55:09
735cc8279d422a960nV73du-EFFZ,系统运维工程师,青湖科技,20-99人,计算机软件,本科,3-5年,,10-11K,北京,,2026-06-01 22:55:09
d7d54b7cd8ccc9580nB63Nq7F1tY,系统运维支持（金融行业）,普华恒信,100-499人,企业服务,本科,3-5年,"系统运维, 恒生, 自营系统, 衡泰, 固收业务",10-15K,北京,,2026-06-01 22:55:09
20bd1cf76d0d06af1Xd83dS1GVVR,系统运维工程师,搜狐,1000-9999人,互联网,本科,1-3年,"系统运维, 运维开发/DevOps, Kubernetes, Elasticsearch, 大数据运维经验, hadoop, ka f ka, elk",20-40K·14薪,北京,,2026-06-01 22:55:09
59eb130ae6aee1410nd82N61F1BQ,信息系统运维工程师,榆构,1000-9999人,建筑材料,大专,经验不限,"Java, 网络运维, 系统运维, 运维开发经验, 运维开发/DevOps, 运维经验",7-10K,北京,,2026-06-01 22:55:09
0f09309a41014c700nZ-2Nu4GVRZ,中级工程师（软件系统运维方向）,数擎科技,0-20人,互联网,本科,3-5年,,12-16K,北京,,2026-06-01 22:55:09
e0d6aab5915a00b80nd-2di5FVtW,系统运维工程师,彩虹无人机,100-499人,智能硬件,本科,3-5年,"Java, MySQL/Oracle, 计算机相关专业, 通信相关专业",11-20K,北京,,2026-06-01 22:55:09
479a2038e26a59190nB73t67FlNS,公用系统运维,赛存生物,20-99人,医疗器械,大专,在校/应届,"机电一体化, 药学",6-8K·13薪,北京,,2026-06-01 22:55:09
7654a57676946db51nV_3Nm6EFVX,网络及系统运维工程师1名,新发智信,20-99人,企业服务,大专,1-3年,"运维, 网络运维",10-12K,北京,,2026-06-01 22:55:09
c58894dc207cfbc60nB43Nq6FlVQ,北京-电力系统实施运维,北京乐恒科技,100-499人,互联网,本科,3-5年,,13-18K,北京,,2026-06-01 22:55:09
3b8b6cf451922d930nd70tS-FFFV,驻场运维工程师,吉智生物科技,20-99人,生物/制药,本科,3-5年,"桌面运维, 网络运维, 系统运维, IDC机房运维, 计算机相关专业, 通信相关专业, 网络安全相关经验, 运维开发经验, 运维经验, 信创电脑的操作和使用, 视频会议系统, 会议终端及调音台, 网络、安全及应用, 终端安全管理",17-30K,北京,,2026-06-01 22:55:09
e4f194a9c89f00660nB-09S9F1dV,中级系统运维,瑞友慧智,500-999人,计算机软件,本科,3-5年,"Docker, K8S, 容器技术",10-12K,北京,,2026-06-01 22:55:29
cafde2147bc40a790nd829q5F1VT,系统运维管理员,北京京诚朴行教育科技,0-20人,互联网,本科,3-5年,系统运维,9-10K,北京,,2026-06-01 22:55:29
f02e05bf1a30da6a0nZy09i9E1VQ,运维工程师（集团大型项目经验）,北方智企,20-99人,计算机软件,本科,5-10年,"网络运维, 系统运维",9-13K,北京,,2026-06-01 22:55:29
e0fe718ab10ad7200nB629m5FVJW,OA系统运维,泡泡玛特POP MART,1000-9999人,新零售,本科,3-5年,"系统运维, Golang, Python/Shell, Java",15-20K,北京,,2026-06-01 22:55:29
87f2aedad0df2a1a0nZ93tu5GFdZ,应用系统运维工程师,现代信息技术有限公司,100-499人,计算机服务,本科,经验不限,"Java, PMP, MySQL/Oracle, 系统运维, 韩语, AI, Python/Shell, 计算机相关专业, 运维经验",12-19K,北京,,2026-06-01 22:55:29
2ae04a613ddcddbb0nB_2d67GVdV,系统运维工程师-实习生,北京卓诚惠生,500-999人,医疗器械,本科,,,200-250元/天,北京,,2026-06-01 22:55:29
c0a1ab7a6817e7f00nB52tq6EVVV,IT 运维工程师,百奥赛图,1000-9999人,生物/制药,本科,3-5年,"系统运维, 网络运维, 计算机相关专业, 通信相关专业, 电子/电气/自动化相关专业, GLP体系,IT运维",11-18K,北京,,2026-06-01 22:55:29
f5a5f2a40222aca81nx50tS_GFRU,系统运维工程师,壹永科技,100-499人,互联网,本科,3-5年,"虚拟机技术, Shell, Linux, 系统运维, K8S, Centos",15-25K·13薪,北京,,2026-06-01 22:55:29
da5365af33ac8fff1HZ83d64GFJV,系统运维工程师,百度,10000人以上,互联网,本科,经验不限,"系统运维, 运维开发/DevOps, Python/Shell, 计算机相关专业, 运维开发经验",20-35K·16薪,北京,,2026-06-01 22:55:29
cf2c108eb53871481nF73dS9E1ZS,系统运维工程师,科界,100-499人,互联网,本科,5-10年,"Python/Shell, Ansible/Salt/Puppet, Docker/Kubernetes, Linux运维经验, Kubernetes（k8s）, Jenkins, gitlab",20-25K·13薪,北京,,2026-06-01 22:55:29
0753cf09dfbaaa700nB-2d-5FFBQ,系统运维,华信永益,500-999人,计算机软件,本科,3-5年,"Java, Docker, Ansible/Salt/Puppet, MySQL/Oracle, 系统运维, 运维开发/DevOps, 运维开发经验, Python/Shell",12-24K,北京,,2026-06-01 22:55:29
13b797272f69826d0ndy3d--FlZQ,安防系统运维（国网电力）,天易数聚,100-499人,计算机软件,本科,3-5年,"系统运维, 运维开发/DevOps, 计算机相关专业, 安防运维, 视频监控运维, 门禁运维",13-16K,北京,,2026-06-01 22:55:29
d11284b2e331fed30nV529W_GVdX,系统运维,中视科华技术服务公司,1000-9999人,广播/影视,本科,1-3年,,8-10K,北京,,2026-06-01 22:55:29
8a782d694bd9d96f0nd63dm8FVpQ,系统运维/业务运维工程师,新阅时代,500-999人,互联网,本科,5-10年,"系统运维, 计算机相关专业, 网络安全相关经验, K8S/Kubernetes, AWS",20-30K,北京,,2026-06-01 22:55:29
81b93769e21895d51nN629m4FFdT,系统运维,一点资讯,1000-9999人,互联网,本科,1-3年,"自动化运维, 系统运维",25-35K,北京,,2026-06-01 22:55:29
3c0e07f3e4c0f92203Z-3tS8EFVX,系统运维经理,云控智行,100-499人,计算机服务,本科,10年以上,,28-35K,北京,,2026-06-01 22:55:51
be8333757e91b4ed1XF439S6GFtQ,金蝶、ERP系统运维,永华晴天,100-499人,日化,大专,1年以内,"系统运维, 网络运维",7-10K,北京,,2026-06-01 22:55:51
5e6c008e87e8077b0nB_2dq1EFBW,党建信息化系统运维经理,拓维云创,1000-9999人,计算机软件,本科,5-10年,党建信息化系统,17-18K,北京,,2026-06-01 22:55:51
97c1a821459b76d51HN83Nu_GVZQ,系统运维工程师,中粮肉食投资有限公司,500-999人,其他行业,本科,3-5年,系统运维,15-18K,北京,,2026-06-01 22:55:51
55965dccd8bf76580nB53Nq9EldU,系统运维工程师,枫清科技,100-499人,计算机软件,本科,3-5年,,12-19K,北京,,2026-06-01 22:55:51
36164890328f63931Xd-2tW0FVNV,系统运维工程师,中粮期货,100-499人,证券/期货,本科,1-3年,"Oracle, MySQL, SQL Server, CCNA证书, CCNP证书",10-13K,北京,,2026-06-01 22:55:51
6fea772e33cf69861Xx62t20EldT,运维工程师（北京）,中科全安,100-499人,信息安全,本科,1-3年,"网络运维, 防火墙, 实施交付运维, 入侵检测, 系统运维",8-13K·13薪,北京,,2026-06-01 22:55:51
323f9f7733cbe76f03182t64ElVR,门禁系统运维工程师,天诚思通,0-20人,人工智能,本科,3-5年,"系统运维, 实施交付运维",10-11K,北京,,2026-06-01 22:55:51
e3b4330e279abaa81nZ939m_EVBR,系统运维工程师,康博嘉,100-499人,计算机软件,本科,1年以内,"Java, 负载均衡技术, 管理系统, Linux",7-12K·14薪,北京,,2026-06-01 22:55:51
95cbbe2ec0f1e68e3nR-2ti5FFc~,系统运维工程师,天翔睿翼,20-99人,人工智能,本科,经验不限,"平台构建, 系统运维, 运维工程师",10-15K,北京,,2026-06-01 22:55:51
382dc882e1b73c690nB-2t6-GFRR,驻场运维工程师,某大型广播公司,100-499人,广播/影视,本科,3-5年,"桌面运维, 视频会议技术支持, 视频会议终端, 办公区信息化系统",20-30K,北京,,2026-06-01 22:55:51
ccdb0ebda1f69c8f1XV-0tq4FFZW,系统运维工程师,中科安和科技,20-99人,信息安全,本科,1-3年,"服务器配置, Linux, 自动化运维, Nginx",7-10K,北京,,2026-06-01 22:55:51
9b2b678e3f0b42a91nJz0927FFRS,应用系统运维工程师,月河动力,0-20人,计算机软件,大专,3-5年,"数据库运维, 系统运维, 应用运维",10-15K,北京,,2026-06-01 22:55:51
3daf44065e6c526d03R509y-FVJZ,系统运维管理岗,中信建投证券,10000人以上,证券/期货,硕士,1-3年,"系统运维, 运维经验",15-25K·14薪,北京,,2026-06-01 22:55:51
0fefab202b5f5c900nd83tm9EFpR,IT运维工程师,知名公司,100-499人,社交网络与媒体,本科,3-5年,,35-65K·16薪,北京,,2026-06-01 22:55:51
2aaa999beb558b910nd83t29F1tR,运维工程师（财务系统）,嘉洪信息,100-499人,信息安全,本科,1-3年,系统运维,10-13K,北京,,2026-06-01 22:56:11
94ba6f5396de7c5b1nF40tW_FFpV,系统运维工程师,路网中心,100-499人,生活服务(O2O),本科,1-3年,系统运维,8-10K,北京,,2026-06-01 22:56:11
9c233dbc6b7e357b1nJ_0ty4E1RZ,系统运维工程师,德润兴业,20-99人,计算机软件,大专,经验不限,"系统运维, Oracle, SQL Server, MySQL",5-9K,北京,,2026-06-01 22:56:11
c15569c14e31fede0nd-2Ni6FFBV,中高级运维工程师,西普科技,100-499人,互联网,本科,3-5年,,15-20K,北京,,2026-06-01 22:56:11
49b278fd6e7f43d60nB62NW1EVJV,系统运维,凌云光技术,1000-9999人,通信/网络设备,本科,在校/应届,"Java, 系统运维, 计算机相关专业",6-8K,北京,,2026-06-01 22:56:11
feb0a59dd48864e903x82tu0GFBX,收银系统实施运维经理,北京拾壹新启点,100-499人,计算机软件,大专,1-3年,,7-12K,北京,,2026-06-01 22:56:11
5acc2630c57fc5e01XN_0967EltZ,系统集成、运维实施,北京兴华信创科技,20-99人,信息安全,大专,1-3年,"网络运维, 实施交付运维, 运维经验, 网络安全相关经验",10-15K·13薪,北京,,2026-06-01 22:56:11
c4d8cd46b55a5ef60nd809S0EVVZ,erp系统运维专员（供应链方向）,金财问道,0-20人,企业服务,大专,1-3年,"系统运维, 会写SQL, ERP供应链, 销售合同, 采购合同, 销售发货",10-11K,北京,,2026-06-01 22:56:11
4364c630fa0219421HV53ti_E1JW,硬件系统集成驻场运维工程师,北京一芥科技有限公司,20-99人,计算机硬件,本科,1年以内,系统运维,6-7K·13薪,北京,,2026-06-01 22:56:11
09355e25a0c04aa3031-3NS1F1FW,证券系统运维专家,开源证券西沣路,1000-9999人,证券/期货,本科,3-5年,"系统运维, IDC机房运维, 运维开发/DevOps, 网络运维, Python/Shell, MySQL/Oracle, 计算机相关专业, 电子/电气/自动化相关专业, 运维经验, 运维开发经验, 网络安全相关经验",20-30K·14薪,北京,,2026-06-01 22:56:11
96d62d0cf885c6721HR52N68GVtY,高级系统运维工程师,和合诊断,1000-9999人,医疗健康,大专,5-10年,"系统运维, 运维开发/DevOps, 实施交付运维, Nginx, Redis, MySQL/Oracle, 计算机相关专业, 通信相关专业, 运维经验",15-20K,北京,,2026-06-01 22:56:11
431c734992e493320nV53Nq4EFFY,高级系统运维工程师,海顿中科,100-499人,企业服务,本科,5-10年,"系统运维, 运维开发/DevOps",15-18K,北京,,2026-06-01 22:56:11
eb8ff30c4d2f7b6e0nd73Nm0FVBV,系统运维专家,景佑宝元,100-499人,计算机软件,本科,5-10年,业务运维,30-60K·16薪,北京,,2026-06-01 22:56:11
1846c76fef0aead603Bz2ti8FVpQ,业务系统运维工程师,北京汉维同创,100-499人,计算机服务,本科,3-5年,,8-13K,北京,,2026-06-01 22:56:11
280d2cfd218744a903Vz2dW9EFNS,应用运维工程师,宇信科技,1000-9999人,计算机软件,本科,3-5年,"MySQL/Oracle, 银行, Python/Shell, 运维经验",10-15K,北京,,2026-06-01 22:56:11
efdb566479f0f097031-09q9F1BQ,系统运维,某知名人工智能上市公司,1000-9999人,人工智能,本科,5-10年,"系统运维, MySQL/Oracle, Docker, Kubernetes, 运维经验, 运维开发经验",35-50K·16薪,北京,,2026-06-01 22:56:32
aa0489743508e2cd0nB-0tm0EFVV,系统和数据安全运维工程师,天津环翊科技有限公司,20-99人,计算机软件,本科,3-5年,,10-11K,北京,,2026-06-01 22:56:32
3536272b834119ec1H1y3d29GFVQ,系统运维专家,阿里巴巴集团,10000人以上,互联网,本科,3-5年,"gdb, gcc, linux, 内核源码",20-40K·16薪,北京,,2026-06-01 22:56:32
20067a119ceded9e0nB63ti8F1pQ,系统虚拟化运维工程师-信创虚拟化方向,中亦科技,500-999人,计算机软件,本科,3-5年,"系统运维, 超融合虚拟化, 华三云, 华为云, 深信服超融合, IAAS",13-18K·13薪,北京,,2026-06-01 22:56:32
15b1155f8f799dea0nB_2NS4EFNV,开发运维工程师,北京身心守护者科技,0-20人,云计算,本科,3-5年,系统运维,10-11K,北京,,2026-06-01 22:56:32
e2b75f4b52defd1703J509S_E1dV,系统运维工程师,宽德投资,100-499人,基金,本科,经验不限,"RDMA, 运维开发经验, 大模型, GPU集群, Python/Shell, Kubernetes",30-55K·16薪,北京,,2026-06-01 22:56:32
79fab9e1f21aba431HZ52966FFJT,资深系统运维专家,广东美的制冷有限公司,10000人以上,进出口贸易,本科,5-10年,"虚拟化, vmware",45-50K,北京,,2026-06-01 22:56:32
874b3f5bc344775b1HJ409W6GFJX,系统运维工程师,北京宏林科技,20-99人,企业服务,本科,3-5年,"系统运维, Nginx, Redis, MySQL/Oracle, 运维经验, 运维开发经验, 网络安全相关经验",12-17K,北京,,2026-06-01 22:56:32
29ee4c0788b3103103J82t-7E1tV,售后系统运维,石头科技,1000-9999人,智能硬件,本科,,,150-200元/天,北京,,2026-06-01 22:56:32
3494fcf1b5b0f60003B439i4ElFY,实习-运维工程师【2026届】,天源迪科,1000-9999人,计算机软件,本科,,,200-250元/天,北京,,2026-06-01 22:56:32
9ad6da961049b0e91HJ93927FlJS,电力运维工程师,国网电科院,10000人以上,电力/热力/燃气/水利,本科,1-3年,"Linux, 系统运维, 应用运维",15-16K,北京,,2026-06-01 22:56:32
81a7fff6db027eb61HZ92dy-FFVQ,系统运维工程师,淘车车二手车,1000-9999人,互联网,本科,5-10年,"Nginx, 实施交付运维, MySQL/Oracle, 系统运维, 网络安全相关经验, 运维经验, Kubernetes",24-28K·16薪,北京,,2026-06-01 22:56:32
66b8c1e4149ca2700nB-09m7GVpW,系统运维实习生,无维畅享,0-20人,互联网,大专,,,100-150元/天,北京,,2026-06-01 22:56:32
f68fee8882e33b0f03Z93ti9E1NV,高级系统运维开发工程师,今日头条,10000人以上,互联网,硕士,1-3年,,30-50K·15薪,北京,,2026-06-01 22:56:32
0c2a35ae27bdd0180nd-2967GFVY,系统运维工程师,热热数据,100-499人,互联网,本科,5-10年,,13-26K,北京,,2026-06-01 22:56:32
53fde783ea1a0c920nVz0t20FFJQ,中级运维工程师,中科芯磁,20-99人,半导体/芯片,本科,3-5年,"半导体, 运维开发经验, 芯片, IT运维, 运维经验",10-15K,北京,,2026-06-01 22:56:54
29d9e312fcf8d1ab0nB_0t-_FVZQ,应用运维（支付系统）,开科唯识,1000-9999人,计算机软件,本科,3-5年,"系统运维, Java, 运维经验, 支付, 收单, 数字人民币, 清结算, 银行",12-17K,北京,,2026-06-01 22:56:54
d17de1b53f6723331H143NW7ElRQ,应用运维工程师,北京亿思摩博网络科技,100-499人,互联网,本科,1-3年,"Docker, k8s, Redis, Python/Shell",15-30K·13薪,北京,,2026-06-01 22:56:54
461f417ab385b9000nd839q5E1dY,OA系统日常运维,高和正通,0-20人,计算机服务,本科,5-10年,,40-50元/时,北京,,2026-06-01 22:56:54
bdd079f0df46f73e0nR92d-5FlNS,系统运维主管,酒天下,20-99人,电子商务,本科,3-5年,"实施交付运维, 系统运维, 运维开发/DevOps, 运维开发经验, 计算机相关专业",13-18K,北京,,2026-06-01 22:56:54
e9a88c50a55bf5a6031_3d29FFBU,高级系统运维工程师,连屏科技,100-499人,互联网,本科,1-3年,,8-12K,北京,,2026-06-01 22:56:54
ad323981e5db94fc0nR92du5FFVT,交易运维工程师-顶尖量化急招，面试节奏快,某大型金融集团公司,100-499人,基金,本科,经验不限,,30-60K·16薪,北京,,2026-06-01 22:56:54
0e5715f0539578cf03dy3dy8EVJT,（北京）系统运维工程师（双休+五险一金）,润建股份,1000-9999人,互联网,本科,3-5年,"django框架, 系统运维, Cordova 框架, 运维经验",10-12K,北京,,2026-06-01 22:56:54
1e0a347ac25fb45d1XJy29y0GVVV,系统运维工程师,创元启安,0-20人,互联网,本科,1-3年,"Linux, Tomcat, Apache",10-15K,北京,,2026-06-01 22:56:54
e1e653cc14af59ae1HV93tW5FVJU,用友财务共享系统运维,码头软件,20-99人,互联网,大专,3-5年,"桌面运维, 实施交付运维, 运维经验, 用友财务, 用友NC, 财务共享",8-10K,北京,,2026-06-01 22:56:54
d5b81c679d41e3470nB42ty9EltR,IT运维工程师,北京电控合力信息技术,20-99人,计算机服务,本科,3-5年,,12-15K,北京,,2026-06-01 22:56:54
8679598f8a9e40750nd70920FFJU,运维实施工程师,互时科技,100-499人,计算机软件,本科,在校/应届,"Nginx, 实施交付运维, Elasticsearch, MySQL/Oracle, Docker, Redis, 计算机相关专业",9-11K,北京,,2026-06-01 22:56:54
98c5ce5118695a461XR62969GFBX,系统运维工程师,中新唐印科技发展...,100-499人,其他行业,本科,1-3年,"安全运维, 桌面运维, Linux, Windows, 服务器配置, 容器技术, 网络协议, Nginx",7-10K,北京,,2026-06-01 22:56:54
225dfc0145e223cc1H1-3N26E1JT,SRE运维工程师-系统方向,MiniMax,100-499人,人工智能,本科,经验不限,"网络运维, 系统运维, 运维开发/DevOps, Golang, Nginx, Docker",30-50K·15薪,北京,,2026-06-01 22:56:54
4f75431894aab2b60XFz39q4FFs~,系统运维工程师,查悦社保,100-499人,互联网,大专,3-5年,"容器技术, Python, 自动化运维, 系统运维, ELK",14-18K,北京,,2026-06-01 22:56:54
770bd6cc87becb4a0nB-3tm4ElBU,运维工程师（财务系统）,迈动云智,500-999人,计算机软件,本科,3-5年,,9-12K,北京,,2026-06-01 23:02:03
250553fef46d8b580nd62di-F1pT,linux运维工程师,华夏威科,20-99人,计算机软件,本科,3-5年,"Nginx, 实施交付运维, Elasticsearch, MySQL/Oracle, 系统运维, Redis, 计算机相关专业, 运维经验, Kubernetes",10-15K,北京,,2026-06-01 23:02:25
d628bf11df38b31e03x439S-FFVQ,系统运维经理（系统+网安）,天弛,100-499人,通信/网络设备,本科,5-10年,"vcenter, 网络安全",15-25K,北京,,2026-06-01 23:02:25
d9f76314f2f2d6a81H182Nu4GVJZ,初级运维工程师,博雅通宇,20-99人,互联网,本科,1-3年,"网络运维, OA系统, 供应链, Docker, 库存管理系统, 系统运维, 进销存系统, 运维开发/DevOps, Python/Shell, 计算机相关专业, 网络安全相关经验, 运维经验",7-12K,北京,,2026-06-01 23:02:25
55e06781b5881f4c0nB73di9ElJS,系统运维,博道焦点,20-99人,计算机服务,本科,3-5年,,9-12K,北京,,2026-06-01 23:02:25
01b2797cd9b225c003x63Ni9F1pT,系统运维SRE,字节跳动,10000人以上,互联网,本科,1-3年,"系统运维, 运维开发/DevOps, 实施交付运维, Docker, Kubernetes, 计算机相关专业",30-55K·15薪,北京,,2026-06-01 23:02:25
500aedac0073ba820nd-3dS9ElJW,IT 系统及网络运维工程师,首形科技,20-99人,人工智能,本科,3-5年,,12-18K,北京,,2026-06-01 23:02:47
d77f4112dfe7bf841HN73tq8ElJQ,大数据系统运维工程师,BOSS直聘,1000-9999人,人力资源服务,本科,1-3年,"系统运维, 大数据运维经验, 自动化运维开发",20-40K·16薪,北京,,2026-06-01 23:02:47
8e070b4f0372050a1H1z09i6FFJW,系统运维工程师,博亚思,20-99人,互联网,本科,3-5年,"MySQL/Oracle, Docker, 系统运维, 计算机相关专业, 运维经验",9-14K,北京,,2026-06-01 23:03:07
fde21eb289e0b1b40nRy3967GVpT,系统运维实习生 -【IT中心】,快手,10000人以上,社交网络与媒体,本科,,,250-300元/天,北京,,2026-06-01 23:03:07
aa250670438c394a1HF50t66FlRX,驻场运维工程师,航天丰益,20-99人,计算机软件,本科,3-5年,"测绘, 实施交付运维, 系统运维, 运维开发经验, 土管, 计算机相关专业, 地信, 运维经验",10-15K,北京,,2026-06-01 23:03:07
92c426f11ae271820nV62Ni9FVZZ,系统运维组组长（稳定央企+年龄友好）,北京某中型电子商务公司,100-499人,电子商务,本科,10年以上,,25-40K·15薪,北京,,2026-06-01 23:03:29
be478eddb3a7989e0nZ82ty1F1JU,运维工程师,北京国晟华运科技,20-99人,计算机软件,本科,经验不限,,7-12K,北京,,2026-06-01 23:03:29
02b78959fd8c46b20ndy3t-9EVVR,信息系统运维工程师,南昌岱臻科技有限公司,0-20人,互联网,大专,5-10年,,15-20K,北京,,2026-06-01 23:03:51
b1ed192a274ed03903J90t69GVBU,系统运维专员,艾唯博瑞,20-99人,计算机软件,本科,3-5年,,8-10K,北京,,2026-06-01 23:03:51
e8cafeffe659aefe031z2di-EFFV,应用运维工程师,北银金科,500-999人,互联网,本科,5-10年,"Nginx, 系统运维, 运维开发/DevOps, 运维开发经验, 运维经验, Kubernetes",19-23K,北京,,2026-06-01 23:03:51
ef185d7f299b9b9e0nV52d-7FlVY,AI系统运维工程师,杭州君同未来科技,20-99人,人工智能,本科,1-3年,,10-15K,北京,,2026-06-01 23:03:51
27e3a32eaa93bcd40nd83tm9FlBZ,IT运维工程师,知名公司,1000-9999人,电子商务,本科,3-5年,,35-65K,北京,,2026-06-01 23:03:51
c42db8f9c6f44b4333Z42N2-F1s~,系统运维工程师,北京赢科,100-499人,计算机软件,本科,3-5年,"Nginx, Redis, Docker, 运维监控, 系统运维, 运维工程师, 虚拟机技术, Oracle, 项目实施",13-16K,北京,,2026-06-01 23:03:51
a0332535ed5fcfe50ndz0t-8FlFX,量化交易系统运维工程师,亿熵智能,20-99人,人工智能,本科,1-3年,,20-25K·18薪,北京,,2026-06-01 23:04:13
2af947a4769db07e1X1909-4EFBR,高级系统运维工程师,中经社,1000-9999人,分类信息,本科,3-5年,系统运维,20-30K,北京,,2026-06-01 23:04:13
a1c3d55ada8a32ed0nB43di8GVFQ,大数据运维工程师,云动辰宇,20-99人,计算机软件,本科,1-3年,,8-12K,北京,,2026-06-01 23:04:13
d78a9f472484c4930nZy3NW8FVZV,系统运维工程师,公安部第三研究所,1000-9999人,其他行业,硕士,1-3年,"系统运维, 运维开发/DevOps, 实施交付运维, Java, Python/Shell, Golang, Ansible/Salt/Puppet, 计算机相关专业, 通信相关专业, 电子/电气/自动化相关专业",12-18K,北京,,2026-06-01 23:04:35
1f99015aa2a40d8103V43dS_E1tV,高级系统运维工程师,微象限,0-20人,计算机软件,本科,5-10年,,7-9K,北京,,2026-06-01 23:04:35
fe07bfe76a91a77f1HJy2N27GVtU,百度云系统业务运维（双休+少值班）,纬致芯创科技,1000-9999人,计算机软件,本科,1-3年,"Docker, 系统运维, Python/Shell",7-8K,北京,,2026-06-01 23:04:35
38cbe29677c5470c1XF53dW9FlFV,系统运维工程师,北京叁点零光年数...,20-99人,互联网,本科,5-10年,"计算机/网络系统工程师, 系统运营工程师",15-20K,北京,,2026-06-01 23:04:35
c843b6b17a1037650ndz3ty8GVJY,应用运维工程师,众合发展,100-499人,互联网,本科,5-10年,"网络运维, 系统运维, 运维开发/DevOps, Python/Shell, Golang, Java",13-18K,北京,,2026-06-01 23:04:35
8a2aa04e33347e171HR43921EVZW,IDC系统运维工程师,小米松果电子,10000人以上,互联网,本科,3-5年,"系统运维, IDC机房运维, 服务器",20-25K,北京,,2026-06-01 23:04:35
eb42013e44afd81b0nd-2tq1EFNT,云服务器运维&系统实施工程师,时空奇点,20-99人,广告/公关/会展,大专,3-5年,,7-11K,北京,,2026-06-01 23:04:56
c1684f56cf9013df0nR_29S8FlZR,信息工程师系统运维,中视广信,500-999人,计算机软件,本科,经验不限,,8-9K,北京,,2026-06-01 23:04:56
68c42da482c83f810nB52964F1FQ,SRE工程师-系统运维,某中型量化对冲基金公司,100-499人,基金,本科,3-5年,"系统运维, 运维开发/DevOps, Python/Shell",35-40K·16薪,北京,,2026-06-01 23:04:56
1a617937925563341X1z3NS-F1ZY,系统运维工程师,泰盛天恒,20-99人,互联网,本科,1-3年,系统运维,10-14K,北京,,2026-06-01 23:05:18
ae2d2ea9489a05091HN53du1FlRY,兼职系统运维与售后工程师（日语）,速迭科技,20-99人,互联网,本科,3-5年,"网络运维, 系统运维, 运维开发/DevOps, 计算机相关专业, 运维经验",3-8K,北京,,2026-06-01 23:05:18
dd58687573eba2cf0nB43dq-EldU,ERP系统运维工程师,老铺黄金,1000-9999人,珠宝/首饰,本科,3-5年,,25-30K·13薪,北京,,2026-06-01 23:05:18
b363c4a04a06ddc70nd509y_GFdR,OA系统运维专员,昊盛人工智能,100-499人,人工智能,本科,1-3年,,13-18K,北京,,2026-06-01 23:05:18
9b13e868b378c63f1HBz3tq8FlBU,系统运维工程师（实习生）,国印科技,20-99人,计算机软件,大专,,"桌面运维, Java, MySQL/Oracle, 计算机相关专业",150-200元/天,北京,,2026-06-01 23:05:18
3511e298fc7947a203x92dq6GFFS,驻场系统运维工程师,PUKANG,100-499人,医疗健康,大专,3-5年,,10-15K·13薪,北京,,2026-06-01 23:09:26
dadb75279372274003x82Ni_F1NU,系统运维工程师,新华三技术有限公司,10000人以上,计算机软件,本科,3-5年,"Windows server, 网络, 系统运维, linux, Python/Shell, Vmware, 运维经验",10-14K,北京,,2026-06-01 23:09:26
fe90220dc3f4ca1603Z_3tm6FlpS,医疗软/硬件系统运维工程师,北京华兴长泰,20-99人,互联网,大专,1-3年,"系统运维, 数据库 服务器运维, 医院系统软硬件运维",7-10K,北京,,2026-06-01 23:09:26
8fff454d76fa68690ndz29u5FFpU,系统运维工程师,元启同创,100-499人,计算机软件,本科,1-3年,"系统运维, MySQL/Oracle",10-15K,北京,,2026-06-01 23:09:47
a3b2b0f725758c190nV92d6_FFtU,系统运维工程师,北京兴琪信息科技,20-99人,互联网,本科,3-5年,,13-20K,北京,,2026-06-01 23:09:47
a5a9241362ab344b0nd-2d20GFBY,高级应用运维工程师,北大方正电子,1000-9999人,计算机软件,本科,3-5年,系统运维,8-13K,北京,,2026-06-01 23:09:47
ee477558bb23ec6f0nd909y8ElFW,中级系统运维工程师,北京橙哩科技有限公司,20-99人,互联网,本科,3-5年,,8-12K,北京,,2026-06-01 23:09:47
b3593a509a06478a031_09q4EVVW,系统运维工程师,中科软,10000人以上,计算机软件,本科,3-5年,"Java, 系统运维",8-13K,北京,,2026-06-01 23:09:47
ebcfb0133f48d8c40nV40ti4ElFZ,卫星地面系统运维工程师(J10165),星图测控,100-499人,计算机软件,硕士,5-10年,,15-25K·15薪,北京,,2026-06-01 23:10:06
27179893d0ec12280nZy3dS5F1BY,系统运维专家-IT,小红书,1000-9999人,电子商务,本科,3-5年,,25-50K·16薪,北京,,2026-06-01 23:10:27
83ae8b65117b1dfa0nZy0tW6EFpR,资金系统运维专员【金蝶星瀚优先】,中软国际,10000人以上,计算机软件,本科,5-10年,"系统运维, 金蝶, 星瀚, 运维经验",15-20K,北京,,2026-06-01 23:10:27
42520c91cdfcd40d0nB_0ty0FlZU,高级系统运维工程师,卓越耐特,20-99人,计算机软件,本科,3-5年,,10-12K,北京,,2026-06-01 23:10:27
e532bd1e252995370nB62ti9ElRR,系统运维工程师,北京通明湖信息技...,20-99人,非营利组织,本科,3-5年,"系统运维, 运维开发/DevOps, 计算机相关专业, 运维经验",12-24K,北京,,2026-06-01 23:10:48
66becb79bff603fa03B82tu4EVVU,系统运维工程师,航天物联网,100-499人,计算机服务,本科,经验不限,,12-18K,北京,,2026-06-01 23:11:09
5f836f243c9cdec60nB-3t69FVdW,中级运维工程师（偏协管）,合肥英泽信息科技,100-499人,计算机软件,本科,3-5年,"网络运维, 系统运维, 桌面运维",10-13K,北京,,2026-06-01 23:11:52
c2e25039b54b92f90ndy09y0F1VW,应用运维工程师,首都在线,500-999人,云计算,本科,5-10年,"运维开发/DevOps, 系统运维, Python/Shell, 运维开发经验",20-30K,北京,,2026-06-01 23:11:52
059a912faa38cbd90nB70926ElZU,运维工程师,宏瓴科技,20-99人,人工智能,本科,3-5年,"桌面运维, 网络运维, 系统运维, IDC机房运维, Java",10-15K,北京,,2026-06-01 23:12:14
f2558ab000b63de91n1z2ti0EVdY,会议系统运维工程师/项目经理,雄海高科,0-20人,电子/半导体/集成电路,本科,1-3年,"系统运维, 项目经理, 音视频系统, 视频会议, 会议系统, 会议驻场服务",8-11K·13薪,北京,,2026-06-01 23:12:36
3391c706f5b7df4b33Fz3t-7E1Q~,系统运维（运维）,北京福运盛达,20-99人,公路物流,本科,3-5年,"Zabbix, Nagios, Nginx, Apache",8-13K,北京,,2026-06-01 23:12:36
1e23c0a446b567621XNy0t-1GFpT,IT基础设施驻场运维工程师,北京真物通科技,0-20人,计算机软件,本科,1-3年,"网络运维, Nginx, 通信相关专业, 系统运维, 计算机相关专业, Python/Shell, 电子/电气/自动化相关专业, 网络安全相关经验, 运维经验",7-10K,北京,,2026-06-01 23:12:36
62dbd7a3f90827c00nZ-3924EFJZ,网络运维工程师,迅捷互联,20-99人,计算机软件,本科,5-10年,"网络运维, 通信相关专业, 系统运维, 音视频会议, 计算机相关专业, 运维经验",9-14K,北京,,2026-06-01 23:12:36
cc9578f9fc6f22f80nd53Nq4E1tQ,系统运维工程师,易宝支付,1000-9999人,互联网,本科,3-5年,,15-30K·14薪,北京,,2026-06-01 23:16:46
8a6aca25641c866e03V63NS9FFBU,应用系统运维工程师,北京南天软件有限公司,1000-9999人,计算机软件,本科,5-10年,"通信相关专业, MySQL/Oracle, 系统运维, 运维开发经验, 计算机相关专业, 网络安全相关经验, 运维经验",7-10K,北京,,2026-06-01 23:17:29
d826593a0c0f088603172Nm_E1ZX,系统运维,兴安锋行,20-99人,计算机软件,大专,1-3年,,15-21K,北京,,2026-06-01 23:17:29
44b53c1fa06eec830nd829u7EVBV,交易运维工程师（北京/上海）,某基金公司,20-99人,基金,本科,5-10年,"系统运维, Python/Shell, 运维经验, 运维开发经验, 计算机相关专业, 金融行业",25-50K·18薪,北京,,2026-06-01 23:18:53
a7eacd05b4902ff2031_0tW6FVpQ,财务系统运维工程师,大北农集团,10000人以上,农/林/牧/渔,本科,在校/应届,,8-12K,北京,,2026-06-01 23:18:53
bef9223dbade52260nZ72dq9EFtX,信息系统运维经理,方程数源,20-99人,大数据,本科,5-10年,系统运维,15-20K,北京,,2026-06-01 23:18:53
66c74789d86907a41XB_3dm8FVpW,系统运维工程师,恒安嘉新,1000-9999人,互联网,本科,1-3年,"系统运维, IDC机房运维, 实施交付运维, Python/Shell, Ansible/Salt/Puppet, MySQL/Oracle, 计算机相关专业, 通信相关专业, 运维经验",10-15K,北京,,2026-06-01 23:19:34
58d537aa07f2c55d1XNy2d61FVJQ,系统运维专员,北京华远联智科技,0-20人,互联网,学历不限,经验不限,"系统运维, 计算机相关专业, 运维经验",5-8K,北京,,2026-06-01 23:19:54
dc36657d5dc9d2600nB_3Nu_FltR,初级运维工程师,蓝云网络科技,500-999人,互联网,本科,在校/应届,"系统运维, 运维开发/DevOps, Python/Shell, Redis, MySQL/Oracle, Docker, Kubernetes, 运维开发经验, 计算机相关专业, 开发专业优先",9-10K·13薪,北京,,2026-06-01 23:25:43
1d0c44ea29e6c2a00ndy39-8GFNS,IT安全运维工程师,首形科技,20-99人,人工智能,本科,3-5年,"桌面运维, 网络运维, 系统运维, IDC机房运维, Python/Shell, 计算机相关专业, 通信相关专业, 运维经验, 网络安全相关经验, 大数据运维经验, 智能硬件, 制造行业, 机器人行业",11-16K,北京,,2026-06-01 23:25:43
adcbaf7dfd2b06660nZy39q-GFtR,证券资管系统运维工程师,维恩贝特,1000-9999人,计算机软件,本科,1-3年,"Java, 系统运维, 证券, 计算机相关专业",11-16K,北京,,2026-06-01 23:26:04
77ba91c7772386ba03V-2NS4E1dV,初级系统运维,海纳医信,100-499人,医疗健康,本科,1-3年,,6-9K,北京,,2026-06-01 23:26:25
8da5f9778cdc24ce031z3t28F1NZ,系统运维工程师,聚龙融创科技有限公司,20-99人,计算机软件,大专,经验不限,"系统运维, IDC机房运维, 网络运维",6-8K,北京,,2026-06-01 23:27:07
2674b9e60bd2e68d0nZ83tm7EVVW,系统运维专家,上海某大型互联网生活方式平台公司,1000-9999人,互联网,本科,经验不限,"网络运维, 系统运维, 运维开发/DevOps, Python/Shell, Kubernetes, 运维开发经验, 运维经验",40-70K·16薪,北京,,2026-06-01 23:27:28
25a17d0150fd1b150nB-0tW9FlJW,IT基础架构工程师,北方华创科技,10000人以上,专用设备,本科,1-3年,"桌面运维, 网络运维, 系统运维, 实施交付运维, 计算机相关专业, 通信相关专业, 运维经验",13-25K,北京,,2026-06-01 23:27:49
2527ddcf1330ebeb031_3Ni7GFJV,产品运维工程师（北京）,国电南瑞,100-499人,计算机软件,本科,3-5年,"实施交付运维, Java, MySQL/Oracle, Python/Shell, 计算机相关专业, 电子/电气/自动化相关专业, 运维经验, 电力系统运维经验",10-15K,北京,,2026-06-01 23:28:09
196223fb7a56508d0nd43tq-E1dZ,系统运维工程师,北京小冰人,0-20人,计算机软件,大专,5-10年,,13-17K,北京,,2026-06-01 23:33:19
f970ced1f3d74c871XB-3tq6FFdQ,系统运维工程师,凤祺国际,100-499人,广告/公关/会展,本科,经验不限,"系统运维, IDC机房运维",25-45K,北京,,2026-06-01 23:33:40
b9e75c4826f9d2950nZy3dm_FFtW,系统运维工程师,银科思成,100-499人,计算机软件,本科,经验不限,,11-22K,北京,,2026-06-01 23:33:40
bf3f11c3169c794b0nB42t-0ElNU,系统运维专员,北京三月摄影有限公司,0-20人,广播/影视,大专,经验不限,"桌面运维, 系统运维, Python/Shell, Nginx, 计算机相关专业, 通信相关专业",12-24K,北京,,2026-06-01 23:34:01
1f20e31575d334ab0nZ82d-1GVRV,系统运维工程师,北京某小型计算机软件公司,20-99人,计算机软件,本科,5-10年,"系统运维, Python/Shell, 运维经验",30-40K·16薪,北京,,2026-06-01 23:34:45
f2f66796de3b817b0nB729W6EFtU,政务信息化系统运维工程师(驻场),凯辉,20-99人,互联网,本科,1-3年,"Nginx, 通信相关专业, 实施交付运维, MySQL/Oracle, Docker, 系统运维, 运维开发经验, 运维开发/DevOps, 桌面运维, 计算机相关专业, 电子/电气/自动化相关专业, 运维经验",8-12K·13薪,北京,,2026-06-01 23:35:05
27e9e984994ef1c20nB73t69E1tZ,云运维工程师,绛门科技,500-999人,计算机软件,本科,3-5年,"系统运维, 通信相关专业, 网管系统运维, 阿里云",8-12K,北京,,2026-06-01 23:41:39
02783e140eb4a0c203F53du7EFpT,IT系统运维工程师（实习生）(J11049),华创微电子,1000-9999人,其他行业,本科,,"网络运维, 系统运维",200-300元/天,北京,,2026-06-01 23:42:41
9e87b278e2109ea50nZ509W-E1ZZ,系统运维工程师（网络方向）,algoblu,20-99人,通信/网络设备,大专,1-3年,,10-15K,北京,,2026-06-01 23:42:41
77c89ee8a3e300f10nd-2d6_EVBY,运维工程师/清算系统/国企,赢俞,100-499人,互联网,本科,3-5年,"通信相关专业, MySQL/Oracle, 银行, 系统运维, 运维开发经验, 计算机相关专业, 交易系统清算, 金融行业",20-23K,北京,,2026-06-01 23:43:22
166ea9078b60c30b0nB70tu9E1RZ,系统运维（驻场）,新华三技术有限公司,10000人以上,计算机软件,大专,5-10年,"虚拟化, Python, 存储, 云平台, 网络",12-15K,北京,,2026-06-01 23:49:57
669069375c75a42e0nB50tW1EFtZ,系统运维,北方科诚,100-499人,计算机软件,大专,3-5年,"系统运维, 运维经验",9-12K,北京,,2026-06-01 23:49:57
39d1c20386f3b7b81HR639m0F1tY,系统运维工程师,三和公司,20-99人,矿产/地质,本科,1-3年,"系统运维, 实施交付运维, Java, 通信相关专业, 计算机相关专业, 运维经验",8-11K,北京,,2026-06-01 23:51:43
bbbde64f050e39b60nB629i1FVNU,中移卓望-信息系统运维工程师,人瑞人才科技集团,1000-9999人,人力资源服务,大专,3-5年,"系统运维, 运维经验, 运维开发经验, CISP, 信息系统管理工程师, 信创, 软件设计师",8-11K,北京,,2026-06-01 23:51:43
daa7a568c189becf0nB53NW4FVFQ,运维（学信网统本可查，人资系统运维优先）,慧博云通,10000人以上,计算机软件,本科,3-5年,人资系统运维,8-10K,北京,,2026-06-01 23:52:06
d26aad7bc9cbd60e0nB_3di4EFZS,OA系统运维工程师,神州医疗,500-999人,互联网,本科,经验不限,SAP,9-14K,北京,,2026-06-01 23:52:06
ea15eac5f324943d0ndy2tS5GFNT,日语系统运维工程师（公有云）,某中型计算机软件公司,100-499人,计算机软件,本科,3-5年,"运维开发/DevOps, Java, Python/Shell, 运维经验, AWS，, Azure云, GCP, 搭建设计运维经验",20-21K,北京,,2026-06-01 23:52:06
cdce7cbfeea93b9e031939-8FVJV,k8s运维工程师,成都创元聚星科技,100-499人,互联网,本科,10年以上,"Java, Python/Shell, Golang, Kubernetes, 计算机相关专业, 通信相关专业, 电子/电气/自动化相关专业, 运维经验",25-45K·18薪,北京,,2026-06-01 23:52:28
0290bb61ce80243003d409q6FFBX,系统运维工程师,昊网科技,20-99人,互联网,大专,1-3年,"桌面运维, Python/Shell, Golang, Java, 计算机相关专业, 运维经验, 网络安全相关经验",9-12K,北京,,2026-06-01 23:52:48
a32745f91f2cd28d0nB60tq9E1ZU,应用系统运维,软通动力,10000人以上,计算机软件,大专,5-10年,,10-11K·13薪,北京,,2026-06-01 23:58:19
612877e0d0d5f4340nd-2d6_EVVZ,linux运维工程师,国安信息科技,100-499人,计算机软件,本科,3-5年,"系统运维, Python/Shell, MySQL/Oracle, Docker, Kubernetes, Nginx, 计算机相关专业, 运维经验",10-14K,北京,,2026-06-01 23:58:19
6b734dce64e00ccd1nd729i9EFJX,系统运维工程师,榕基软件,500-999人,计算机软件,大专,3-5年,"自动化运维, Linux, Python, Shell, Zabbix, Ansible, openstack",12-15K,北京,,2026-06-02 00:00:27
c257192ba63008200nd_39S1EVJS,运维工程师,中雄信息科技有限公司,100-499人,财务/审计/税务,本科,3-5年,"阿里云, MySQL/Oracle, Docker, 自动化部署, 系统运维, K8S, 运维开发/DevOps, CI/CD, 计算机相关专业, DevOps理念、容器技术, Kubernetes",20-30K·14薪,北京,,2026-06-02 00:00:47
ed6a211f449d276d0nd_3tm9GVtW,运维工程师-国企正编,上海某大型互联网金融上市公司,10000人以上,互联网金融,本科,3-5年,"系统运维, 银行/保险/券商, 金融背景, Python/Shell, 计算机相关专业, 运维经验",20-30K,北京,,2026-06-02 00:00:47
e31329cac165e8fb0nZ62t67GVFY,AI系统运维工程师,长安科技,1000-9999人,计算机软件,本科,经验不限,,30-50K·16薪,北京,,2026-06-02 00:05:59
f811d7cf3ed551b60nZy3di0EVtU,系统运维工程师(J12246),中海达,1000-9999人,智能硬件,本科,3-5年,,10-15K·14薪,北京,,2026-06-02 00:06:42
25b8d5ca819657360nRy29S4FldY,管理系统运维开发工程师,自走科技,0-20人,智能硬件,大专,3-5年,,11-18K,北京,,2026-06-02 00:06:42
ff18d5bbd83effaf0nB-3t-1ElBR,系统运维（驻场）,三维天地,1000-9999人,计算机软件,本科,1-3年,"实施交付运维, MySQL/Oracle, Docker, 系统运维, 计算机相关专业",8-9K,北京,,2026-06-02 00:06:42
eb6b04e188f919fb03173Ni5EFJX,分布式系统运维开发工程师,言羽科技,20-99人,计算机软件,本科,5-10年,,45-75K·18薪,北京,,2026-06-02 00:08:03
cea197923f7f44700nZ_09q8GFBX,系统运维主管,三元梅园,20-99人,批发/零售,本科,3-5年,"系统运维, 实施交付运维, Python/Shell, MySQL/Oracle, 计算机相关专业, 运维经验, 餐饮系统",8-10K,北京,,2026-06-02 00:08:24
324f877ec136145003B929S_FFtQ,系统运维组组长,宿谷教育,20-99人,培训/辅导机构,硕士,5-10年,,20-30K,北京,,2026-06-02 00:08:24
f8f25b9cf83782d00nZy2d-4FldY,高级云运维工程师,某中型互联网网络设备公司,100-499人,互联网,本科,5-10年,,25-40K,北京,,2026-06-02 00:08:46
59b63aa5380a73b30nd-3dy7FFpX,实施系统运维,晟盾科技股份有限公司,100-499人,计算机软件,本科,1-3年,,8-10K,北京,,2026-06-02 00:14:38
cd9e694b0fad070d0nZ53N-4FlNR,系统运维工程师,中科富创,100-499人,互联网,大专,3-5年,,12-17K,北京,,2026-06-02 00:14:38
56059812a781954c0nB529i0FVtQ,初级系统运维工程师,algoblu,20-99人,通信/网络设备,大专,1-3年,,8-9K,北京,,2026-06-02 00:14:59
c00cf5b4d93770260nB_2tW1FFVV,系统运维工程师（需提供学信网截图）,网思科技,1000-9999人,计算机软件,大专,3-5年,,5-6K,北京,,2026-06-02 00:15:40
89ec560e9dc2c4e01nZ639-4EFtZ,系统运维工程师,天田慧和,20-99人,通信/网络设备,大专,3-5年,"网络设备, 硬件, vos, sip, 语音线路",8-12K,北京,,2026-06-02 00:16:01
a9d16410e0eab93c0ndz2t67EFJQ,系统运维专员（26应届）,作业帮,10000人以上,互联网,本科,3-5年,,10-15K·15薪,北京,,2026-06-02 00:16:23
c3b7c5cbe4c15ed303d539m8E1ZQ,系统运维工程师,广州指尖,20-99人,企业服务,大专,5-10年,"Nginx, 系统运维, Python/Shell, 网络安全相关经验, 运维经验, Kubernetes",15-22K,北京,,2026-06-02 00:16:23
4fc238162f22eb7003Bz39q0E1JU,SRE运维研发工程师,某大型人工智能公司,100-499人,人工智能,本科,1-3年,,45-60K·16薪,北京,,2026-06-02 00:16:23
07a205909b0b7d670nB529m-FFBV,高级运维工程师,广州悦羚设计工程,20-99人,装修装饰,本科,5-10年,"网络运维, 系统运维, Python/Shell, Nginx, MySQL/Oracle, Docker, 计算机相关专业, 电子/电气/自动化相关专业, 通信相关专业, 运维经验",14-17K,北京,,2026-06-02 00:16:44
4e437bcc9a9cf2701XJ93NS-FlZW,系统运维JavaDockerKubernetes云产品,Frog,20-99人,社交网络与媒体,本科,3-5年,"运维经验, 运维开发经验",13-18K,北京,,2026-06-02 00:16:44
a09224a67604d47d1XZ62tq0E1dT,系统运维工程师,紫明朗熙,20-99人,计算机服务,本科,5-10年,"容器技术, 虚拟机技术, 网络协议, 系统运维, 虚拟化运维, 自动化运维, Docker, Linux",11-20K,北京,,2026-06-02 00:16:44
61bb2f7a26a16cec1n1639i8EFNZ,财务系统运维,哈沃德科技有限公司,0-20人,计算机服务,大专,3-5年,"Java, ERP, 实施交付运维, 系统运维, 桌面运维, 运维经验",9-12K,北京,,2026-06-02 00:16:44
6ebe9d47ead6d4e20nB_09q6FlNT,系统运维业务运维,北京人和创建,500-999人,人力资源服务,本科,1-3年,"系统运维, 报错, 报表, 权限",6-7K,北京,,2026-06-02 00:16:44
dde395ebf836d5820nd_2t67F1tU,应用运维工程师,成熙知识,500-999人,互联网,本科,3-5年,,25-50K·15薪,北京,,2026-06-02 00:16:44
f539467c4aac7db10ndy0tu7E1dU,办公室IT运维工程师,麦麦科技,100-499人,计算机软件,本科,经验不限,"桌面运维, 网络运维, 系统运维, IDC机房运维, 实施交付运维, 打印机/复印机维修经验, 运维经验, 网络安全相关经验, 电子/电气/自动化相关专业",10-15K,北京,,2026-06-02 00:17:06
9e1acc54810198a01nx90tS0GFtT,系统运维工程师,普天,100-499人,电力/热力/燃气/水利,大专,1-3年,"Linux, 系统运维, Windows, 网络交换技术",6-8K,北京,,2026-06-02 00:17:06
3383788df72925c40nd53tu8FltS,运维工程师,某大型计算机软件公司,100-499人,计算机软件,本科,3-5年,"系统运维, Python/Shell, Kubernetes, MySQL/Oracle, Ansible/Salt/Puppet, Nginx, 计算机相关专业, 通信相关专业, 运维经验, 可观测, 云原生",25-35K·15薪,北京,,2026-06-02 00:17:06
118a5462ca798de70nB_2dq8GFFS,系统运维开发工程师,慧云凌通,20-99人,计算机软件,大专,3-5年,"系统运维, Java, MySQL/Oracle, 运维经验, 运维开发经验",7-8K·13薪,北京,,2026-06-02 00:21:35
e0b6bba1d99679280nV429m0GFdX,财务系统运维工程师,志行正,100-499人,计算机软件,大专,3-5年,"系统运维, 计算机相关专业, 总账, 应收应付, 报账",10-12K,北京,,2026-06-02 00:22:18
cd6ef43812ff79a30ndz0tu5ElRW,资深系统运维工程师,某大型互联网公司,100-499人,互联网,本科,3-5年,,30-60K·15薪,北京,,2026-06-02 00:23:02
3cbaae986a2c54c00nB50tu7GVdU,系统运维工程师,中电信数智,1000-9999人,通信/网络设备,本科,5-10年,"系统运维, 计算机相关专业, 运维经验",12-17K,北京,,2026-06-02 00:30:15
c663784ccb8af01d031z09u6F1NW,系统运维工程师,中信数科集团,1000-9999人,互联网,本科,3-5年,,20-40K,北京,,2026-06-02 00:31:17
7a1724ed58f1337303B82tW5E1BS,系统运维,北京海创汇盈科技,100-499人,互联网,本科,3-5年,,10-11K,北京,,2026-06-02 00:31:38
8a5cd28ac6d8bed60nB53Nm-FldR,高级运维工程师,图湃医疗,100-499人,医疗器械,本科,3-5年,,16-22K·14薪,北京,,2026-06-02 00:32:42
49815ee40af3fd7d0nB-09i_EFNU,运维（信息系统方向）,软通智慧信息技术...,1000-9999人,计算机软件,本科,5-10年,"军工, 信息系统",15-17K,北京,,2026-06-02 00:37:56
c54ec6cd62db2a9a0nd52Ny7F1pY,系统运维与综合管理,中咨数据,100-499人,计算机软件,本科,3-5年,,10-15K,北京,,2026-06-02 00:39:01
6bf202b073a9b0b21XNz29W-GFdV,系统运维工程师,万维智邦,0-20人,计算机软件,大专,3-5年,"计算机相关专业, 通信相关专业, 运维经验",5-8K,北京,,2026-06-02 00:39:23
7b56208efee6ebf60nZ53Ni8FFRQ,合规云运维工程师-酷睿程,北京奥智元科技,0-20人,人力资源服务,本科,3-5年,"Python/Shell, Kubernetes, 业务架构, AI、腾讯云",10-15K,北京,,2026-06-02 00:39:43
7ce78eadff3cc88503Zy09y_FVZV,华为云运维工程师,北京万友鼎盛科技,20-99人,通信/网络设备,本科,3-5年,"hcip, 系统运维, hcie",11-15K,北京,,2026-06-02 00:40:03
92e2a943ce7462c70nB_2tS4FVJR,k8s运维工程师,世冠科技,100-499人,计算机软件,本科,5-10年,"Docker, Redis, Kubernetes, 计算机相关专业, 通信相关专业, 电子/电气/自动化相关专业, 运维经验, K8S",15-30K·13薪,北京,,2026-06-02 00:46:16
9ac11681435af5231XV_2tm5GVBY,系统运维工程师,龙天新化,100-499人,电子商务,大专,1-3年,"容器技术, 分布式技术, Linux, Redis, 系统运维, K8S, Docker",7-10K,北京,,2026-06-02 00:46:37
16984aaee9073cdc1XFz09-4E1pU,【社招 | 北京】系统运维工程师,华为技术有限公司,10000人以上,计算机软件,本科,1-3年,"网络运维, 系统运维, DBA, Python/Shell, Kubernetes, MySQL/Oracle",18-35K·16薪,北京,,2026-06-02 00:46:37
1707b01da081c717031z2tm4FlNU,高级it运维工程师,智慧互通,1000-9999人,人工智能,本科,3-5年,"通信相关专业, Docker, K8S, 运维开发/DevOps, 运维开发经验, Redis, Python/Shell, 计算机相关专业, 运维经验, Kubernetes",15-30K,北京,,2026-06-02 00:46:58
9613d4fc748d37f50nRy2Ny6E1VR,高级IT运维工程师,东青,100-499人,通信/网络设备,本科,5-10年,"网络运维, 通信相关专业, 系统运维, 桌面运维, 计算机相关专业, 电子/电气/自动化相关专业, 网络安全相关经验, 运维经验",6-8K,北京,,2026-06-02 00:47:18
e806d429cbdab2930HR83N61FlI~,linux系统研发/运维工程师,搜狐,1000-9999人,互联网,本科,经验不限,"Docker, Linux, 大数据运维经验, 系统运维, Hadoop, sre, 运维开发经验, 计算机相关专业, Kubernetes",15-30K·14薪,北京,,2026-06-02 00:52:08
0623ab22d2dae12f0nd80t6-EldR,蔬东坡系统运维,中源汇信,20-99人,餐饮,大专,3-5年,,8-10K,北京,,2026-06-02 00:52:50
acb63b2c2d9697b70nB5096_GFdT,初级应用运维工程师,北京中京康科技,0-20人,计算机软件,本科,经验不限,,8-10K,北京,,2026-06-02 00:53:33
adf87e88ed649ae40nZy3N68GVRT,运维工程师,任子行,1000-9999人,计算机软件,本科,3-5年,,10-13K,北京,,2026-06-02 00:53:54
78d7c0bc202286ca0nB63N6-FlFX,测试运维工程师,永鼎致远,100-499人,计算机软件,本科,3-5年,,12-15K,北京,,2026-06-02 00:54:37
44977eef166351600nd93NW9EVVT,运维工程师,汇元科技,100-499人,计算机软件,本科,1-3年,"防火墙, 网络, 桌面运维, 机房, 交换机",9-12K,北京,,2026-06-02 00:54:37
21faa6c6b76baf3d1XF-3d21EFJW,系统运维工程师 高级/资深系统运维工程师,优创世纪,20-99人,互联网,本科,5-10年,电子/硬件系统工程师,20-30K·15薪,北京,,2026-06-02 00:54:37
cbff2995f11c031c0nZ709W-EVNQ,应用系统运维工程师  北京二办驻场,税友集团,1000-9999人,互联网,本科,1-3年,"系统运维, MySQL/Oracle, Nginx, Docker, Kubernetes, 运维经验",7-9K·14薪,北京,,2026-06-02 01:00:05
507f73113c5e1be30nB52d60FlBU,运维工程师,北京有望科技有限公司,20-99人,电子商务,本科,在校/应届,,5-8K,北京,,2026-06-02 01:00:45
393f10b6f390433c03x7396_EVdX,运维工程师（学信网可查）,广通优云,500-999人,计算机软件,本科,1-3年,,9-12K,北京,,2026-06-02 01:01:47
f5579e333b9e232b0nB-3ti0FlJW,驻场运维工程师（视频会议/桌面支持方向）,某大型广播公司,100-499人,广播/影视,本科,10年以上,"桌面运维, 网络运维, 系统运维, Python/Shell, Nginx, MySQL/Oracle, Docker, 计算机相关专业, 运维经验, 网络安全相关经验, 打印机/复印机维修经验",20-25K,北京,,2026-06-02 01:01:47
564b2cc11102821b0nd-2NW5EFZR,SRE运维工程师,超智算(北京),20-99人,人工智能,本科,1-3年,,8-12K,北京,,2026-06-02 01:02:07
f00e4e5c51755df403J-3Ny4EFFU,高级/资深运维工程师-(交易所)-居家办公,深圳市力天合创投资,20-99人,其他金融业,本科,3-5年,"网络运维, 系统运维, MySQL/Oracle, Redis, Nginx, Docker, Kubernetes, 计算机相关专业, 运维经验, 运维开发经验, 大数据运维经验, 交易所高并发系统运维, 熟悉Linux系统管理, 区块链运维技术, 主流交易所系统架构, Web3运维核心系统",25-50K,北京,,2026-06-02 01:02:07
2a9cc686efbb92781XN-29S7FFBZ,系统运维工程师,北京昆吾科信技术服务,0-20人,智能硬件,本科,3-5年,车载终端运维工程师,4-9K,北京,,2026-06-02 01:02:27
4d874d014df69537031739u1FlZY,高级运维工程师,孝庸基金,100-499人,基金,本科,3-5年,,20-40K·15薪,北京,,2026-06-02 01:02:27
99e0cb9d7560a2961n1709q6GVNR,系统运维工程师,数字众智,100-499人,互联网,本科,3-5年,"服务器系统, Linux, 容器技术, Python, Shell, MySQL",15-23K,北京,,2026-06-02 01:02:27
73aaad3523e3091e1HN82d-9EVtQ,系统运维工程师,蓝耘科技,100-499人,计算机软件,大专,5-10年,"Linux运维经验, 系统建设/运维经验, SRE, K8S运维, Docker/Kubernetes, Python/Shell, 计算机相关专业, 容器运维, 计算机/网络系统工程师",15-25K,北京,,2026-06-02 01:07:54
0d90e16967f8707403x53dS7FFpW,驻场系统运维工程师,汇通合力杭州分公司,500-999人,计算机/通信/其他电子设备,本科,3-5年,"Nginx, 通信相关专业, 系统运维, 运维开发经验, Redis, 计算机相关专业, 运维经验",10-11K,北京,,2026-06-02 01:08:16
cc1c75b024833d530nV82tW1GVpT,电力运维工程师（北京）,国电南瑞,100-499人,计算机软件,本科,3-5年,"计算机相关专业, 电子/电气/自动化相关专业, 运维经验",10-15K,北京,,2026-06-02 01:11:02
d18ee27a6ca1e3e70nZ72969EVFU,运维工程师,美数科技,100-499人,互联网,本科,3-5年,"计算机相关专业, 运维经验",13-22K·15薪,北京,,2026-06-02 01:11:02
9879b6d3d499f1a30nd839S_GFFR,系统运维工程师,荧屏技术,500-999人,政府/公共事业,本科,1-3年,"计算机/网络系统工程师, MySQL/Oracle, CentOS/RedHat/Ubuntu, 计算机相关专业, 通信/工程相关专业, Linux运维经验, HCIE",6-9K,北京,,2026-06-02 01:16:10
456e081f11b842f30nB50tW9GFJS,系统运维工程师（容器云平台）,深德科,1000-9999人,计算机软件,本科,5-10年,"系统运维, 实施交付运维, Kubernetes, Docker, 运维经验, 容器云, Linux, K8S, 腾讯云、华为云",10-15K,北京,,2026-06-02 01:16:10
dae8728226201a4803J72Nm6E1tS,系统运维工程师—北京（银行）,神州信息,10000人以上,计算机软件,本科,3-5年,"系统运维, IDC机房运维",10-11K,北京,,2026-06-02 01:16:31
8f0d963b39de362d0ndy3N20F1tR,服务器运维工程师,云信航天,20-99人,互联网,本科,3-5年,"桌面运维, IDC机房运维, 系统运维, 实施交付运维, 计算机相关专业, 运维经验, IDC, 硬件运维, 算力中心, 现场部署, 网络构建",10-13K,北京,,2026-06-02 01:16:52
d1108bb7f7ad16460nB62du5FFFT,车联网系统运维工程师,上海某大型汽车研发/制造公司,1000-9999人,汽车研发/制造,本科,5-10年,"车联网, 运维",20-30K·15薪,北京,,2026-06-02 01:16:52
7c5cbc5a4c99d2a60nB_2tS9E1tS,k8s运维工程师,世冠科技,100-499人,计算机软件,本科,5-10年,,11-22K·13薪,北京,,2026-06-02 01:16:52
d99dbbf587f5dc6a0nd-2t61EVFX,系统运维工程师,北京某大型互联网金融公司,10000人以上,互联网金融,本科,1-3年,,20-30K,北京,,2026-06-02 01:17:13
0b236d6c31dccb660nB-09y1F1VV,应用运维工程师,知向云,20-99人,互联网,本科,3-5年,运维开发/DevOps,12-20K,北京,,2026-06-02 01:17:33
487f5c0030848b320nZ-09-4E1NR,网络系统运维工程师（驻北京通州三峡大厦）,湖北淳驰,20-99人,通信/网络设备,本科,3-5年,"安全运维和保障, 安全体系架构和研发, 计算机/信息安全相关专业, 安全运维经验, CISSP/CISP, CISA, 交换机, 防火墙, 路由器",6-7K,北京,,2026-06-02 01:17:33
9f0d2cf1590d2f1e03N92d6-ElBS,运维工程师,北京赢科,100-499人,计算机软件,本科,3-5年,,10-15K,北京,,2026-06-02 01:17:33
40f564cb026627750nB-2dm0FFNR,Iaas运维工程师,成熙知识,500-999人,互联网,本科,5-10年,,25-50K·15薪,北京,,2026-06-02 01:17:54
f5c34c81e60ae8121HV72dm8FlRU,WMS系统运维工程师（物流系统）,理想汽车,10000人以上,智能硬件,本科,5-10年,系统运维,25-35K·14薪,北京,,2026-06-02 01:18:14
fba2f1828c06e4ba0nB63dy7FltR,视频会议系统驻场运维工程师,北京通软动力信息科技,0-20人,计算机硬件,大专,5-10年,,8-12K,北京,,2026-06-02 01:18:34
70eb8a8ea47d69080nB_2966E1BW,运维工程师,北京义联润达,0-20人,通信/网络设备,本科,1-3年,,6-8K,北京,,2026-06-02 01:18:34
21ed082fdc581a0b031909y8FlVW,初级运维工程师,北京新纽山西分公司,100-499人,计算机软件,本科,1-3年,,7-9K,北京,,2026-06-02 01:18:34
50022be705314ad90nZ82Ny1EltT,应用运维工程师,中再保数字科技,20-99人,计算机软件,硕士,1-3年,"DBA, 实施交付运维, 系统运维, 桌面运维, IDC机房运维",20-25K,北京,,2026-06-02 01:18:34
ae2cb12a5f3300130nd90tW1F1FU,运维工程师,北京问今智远科技,100-499人,互联网,本科,3-5年,"互联网, 在线教育行业",18-25K,北京,,2026-06-02 01:18:34
5c4fe7035ba1477b1XV92dy4FVZV,应用系统运维工程师,梦创双杨,1000-9999人,计算机软件,大专,1年以内,"MySQL, SQL, Java, Linux",6-11K·13薪,北京,,2026-06-02 01:19:14
251da493dbe822241HB-29-1EVdT,系统运维工程师,国印科技,20-99人,计算机软件,大专,1-3年,"系统运维, 计算机相关专业",5-6K,北京,,2026-06-02 01:19:14
dbb0da76804d4d8703F_3d67GFRZ,DNS网络系统运维专家,阿里云,10000人以上,互联网,本科,5-10年,,50-80K·16薪,北京,,2026-06-02 01:19:14
d91bbaa26880be150nZ_2Ni5F1JS,系统运维工程师bz,华信正能,20-99人,通信/网络设备,本科,1-3年,,8-9K,北京,,2026-06-02 01:19:14
288fd2c4f23b15900nZ83tu9EFdW,网络与系统运维工程师,至臻云,100-499人,计算机服务,本科,3-5年,,15-25K,北京,,2026-06-02 01:19:14
52c45bc783c2430f03143Nm6EVFY,运维工程师,京东集团,10000人以上,电子商务,本科,5-10年,"系统运维, 运维经验",15-25K,北京,,2026-06-02 01:19:14
51da025a8758fc360nB42Nm6E1ZZ,实施工程师（信息系统方向）,北京华软通服信息技术,20-99人,计算机软件,本科,5-10年,,13-16K,北京,,2026-06-02 01:23:24
7214fd31b252c9b20ndy29W5FFFV,IT信息运维工程师,思朗科技,100-499人,电子/半导体/集成电路,本科,5-10年,,15-20K·15薪,北京,,2026-06-02 01:24:06
d575b8431b52980703N-29m5GVVW,系统运维工程师,字节跳动,10000人以上,互联网,本科,1-3年,"系统运维, SRE, Linux运维, 私有云SRE",30-55K·15薪,北京,,2026-06-02 01:24:26
15e0d276c19aefa50ndz3Ny_E1NZ,IT运维工程师,破壳机器人,20-99人,人工智能,本科,1-3年,"网络运维, 系统运维, IDC机房运维",10-14K·14薪,北京,,2026-06-02 01:24:47
c762b214c640db900nB_2du5F1dZ,软硬件运维工程师,开运联合,100-499人,铁路/船舶/航空/航天制造,本科,经验不限,,10-15K,北京,,2026-06-02 01:24:47
f7cd445b9ea6b0a20nV42dW9FFpV,运维工程师,北京安云创,0-20人,通信/网络设备,本科,1-3年,"Python/Shell, 计算机相关专业, 电子/电气/自动化相关专业, 运维经验, 大数据运维经验",5-10K,北京,,2026-06-02 01:25:07
63b68a4416d263c403Fz09u4FVFV,系统运维工程师,北京五六三六云上...,100-499人,计算机软件,本科,3-5年,,10-13K,北京,,2026-06-02 01:25:07
481c913c6bd13a081HV92tS5FFtV,系统运维岗,宏源期货有限公司,100-499人,互联网金融,本科,1-3年,系统运维,10-15K,北京,,2026-06-02 01:25:07
5479f61c296f892f1nd62tq5EVZT,系统运维工程师,环球购物,1000-9999人,社交网络与媒体,大专,3-5年,"系统运维, 自动化运维, OTT, 应用运维, 当虹, CDN, python, shell",15-20K,北京,,2026-06-02 01:25:28
419270283ab036150nR_0tq4EVRU,软件系统运维工程师,飞思拓源,0-20人,计算机软件,大专,3-5年,"实施交付运维, 运维经验, OA",7-8K,北京,,2026-06-02 01:25:48
c5b778d972ee23811XR_0tS9F1NQ,系统运维工程师（Linux/windows系统）,富通科技,100-499人,计算机软件,本科,1-3年,"Linux, 系统运维, Windows",9-14K,北京,,2026-06-02 01:30:38
996ea2d87d55b6e50nB50tq_FVBZ,系统运维工程师,北龙云海,20-99人,大数据,本科,1-3年,"计算机/网络系统工程师, Python/Shell, Ansible/Salt/Puppet, Zabbix/Prometheus, CentOS/RedHat/Ubuntu, MySQL/Oracle, 计算机相关专业, 通信/工程相关专业",6-11K,北京,,2026-06-02 01:30:58
07c0a286c0f6d7a11nN_3Nm8FVFR,Linux系统运维工程师,国欣数码,100-499人,计算机软件,本科,1-3年,"系统运维, Linux, Windows, Unix, Python, Shell, 服务器配置, 负载均衡技术",9-14K·13薪,北京,,2026-06-02 01:30:58
c8920eab3dba50390nd83N20GVBU,系统运维工程师,中信证券,10000人以上,证券/期货,本科,5-10年,,20-35K·16薪,北京,,2026-06-02 01:31:20
f8c69af061556a960nB-0t20F1ZU,高级系统运维工程师,软通智慧,1000-9999人,计算机软件,本科,5-10年,"系统运维, Kubernetes, Prometheus",20-21K,北京,,2026-06-02 01:31:20
d1dda6e304e85ec21H1_292-EFtX,高级系统运维工程师,博亚思,20-99人,互联网,本科,3-5年,"Java, Nginx, DBA, MQ, LINUX, 运维开发/DevOps, Python/Shell, 计算机相关专业, Apache, 运维经验, AIX, DB2, 系统运维, 运维开发经验",10-14K,北京,,2026-06-02 01:31:42
55c9c53ae5a7583b0nd82ty4ElZR,系统运维分析工程师,融通智慧,100-499人,智能硬件,本科,5-10年,,8-13K,北京,,2026-06-02 01:31:42
d63990f7144d92250nB43dm_GVRZ,SalesForce系统运维,华科众合科技有限公司,100-499人,计算机软件,本科,3-5年,,20-25K,北京,,2026-06-02 01:32:02
6883ae675fc727a90nB_2tq8E1NU,高级数据库运维工程师(J10702),卓望公司,1000-9999人,互联网,本科,1-3年,"DBA, MySQL/Oracle, Docker, 计算机相关专业, 通信相关专业, 电子/电气/自动化相关专业, 运维经验",20-30K·13薪,北京,,2026-06-02 01:32:23
59b462a808a148840nZ72d-1F1NZ,公用系统运维（应届毕业生）,赛存生物,20-99人,医疗器械,大专,在校/应届,生物制药专业,5-8K,北京,,2026-06-02 01:32:44
a6dcaad949a5e50e0nB_2dW6FVJS,安全合规工程师,神州邦邦,100-499人,计算机服务,本科,3-5年,"DevOps, 系统运维, 计算机相关专业, 安全运维经验",12-20K,北京,,2026-06-02 01:32:44
4157cc6e1db4ab8903172Nm1GFFU,系统运维（英语沟通能力强）,北京智合联创科技,0-20人,计算机软件,大专,3-5年,,18-25K,北京,,2026-06-02 01:32:44
d0b3e5b76181087803F_2dW4FlJR,系统运维工程师,众焰科技,0-20人,大数据,本科,3-5年,"网络运维, 系统运维, HCIE",8-12K,北京,,2026-06-02 01:32:44
d96f119709960ae303F93t6_GFtS,运维高级工程师,Olares,20-99人,互联网,本科,3-5年,,20-30K·13薪,北京,,2026-06-02 01:33:06
8996de566e32142a0nB-0ty_E1BW,idc机房运维工程师,东方国信,1000-9999人,计算机软件,本科,1-3年,"实施交付运维, 系统运维, 计算机相关专业, 运维经验, IDC机房运维",7-10K,北京,,2026-06-02 01:33:06
7081806a254a3ed90nB50tW5FVRZ,运维工程师(统本/优先金融经验）-H39,卡俄斯星科技,100-499人,计算机软件,本科,1-3年,"系统运维, Java, MySQL/Oracle, 计算机相关专业, 运维经验, 运维开发经验, 银行, 基金, 证券, SQL, Linux",9-10K,北京,,2026-06-02 01:33:06
f4b3e82cffac708b0nd73dS_EFFS,运维工程师,航天中认,100-499人,计算机服务,硕士,经验不限,"系统运维, Java, Python/Shell, MySQL/Oracle, 计算机相关专业, 通信相关专业, 运维经验",12-15K,北京,,2026-06-02 01:33:06
7192e0bd12482b9e03N52Nq1GFpT,信息技术部应用运维专家（系统运维方向）,首创证券,1000-9999人,互联网金融,硕士,10年以上,"系统运维, 运维经验",25-50K,北京,,2026-06-02 01:33:28
cb2e97302a2617510nd-3N21FFVR,运维工程师,识渊科技,100-499人,计算机软件,本科,1-3年,"系统运维, Python/Shell, 计算机相关专业, 运维经验",10-15K·13薪,北京,,2026-06-02 01:33:28
98886b8cde8207870nB52tm4GVpV,运维服务工程师,康龙化成,10000人以上,医疗健康,本科,1-3年,桌面运维,6-10K,北京,,2026-06-02 01:33:28
84fc03666df740ed03N-09y-GVpZ,中级系统运维工程师,天一恩华,100-499人,计算机服务,本科,5-10年,"系统运维工程师, 电子/硬件系统工程师, 资深运维工程师",14-16K,北京,,2026-06-02 01:33:28
0b355b787f8b8aa40nB42Ni0E1dZ,中级运维工程师,北京华科广通,20-99人,计算机软件,本科,3-5年,"系统运维, Python/Shell, Nginx, Docker, MySQL/Oracle, 计算机相关专业, 运维经验, 网络安全相关经验, 大数据运维经验, Linux, zabbix, tomcat, cacti",6-9K,北京,,2026-06-02 01:33:28
23853415e91466bb03J50t-6F1pV,高级系统运维工程师（信息安全）,天翼云,1000-9999人,计算机软件,本科,5-10年,安全运维和保障,20-35K·15薪,北京,,2026-06-02 01:33:28
08d416971b19bdda03N639u7ElVW,系统运维&DBA工程师,中青旅商旅公司,20-99人,旅游/景区,本科,5-10年,"系统运维, DBA",18-25K,北京,,2026-06-02 01:33:48
5d984e178f1288190nV73N-6E1JR,运维工程师,金利达,100-499人,物联网,本科,1-3年,"系统运维, 实施交付运维, 计算机相关专业, 通信相关专业, 运维经验",1000-6000元/月,北京,,2026-06-02 01:33:48
18ba6891fcb6cd8b0ndy0961FVFY,高级运维工程师,北京龙腾微时代,100-499人,计算机软件,本科,3-5年,"系统运维, 实施交付运维, 运维开发/DevOps, Python/Shell, Ansible/Salt/Puppet, Docker, MySQL/Oracle, Kubernetes, 运维经验, 运维开发经验, 大数据运维经验, 网络安全相关经验, 国产化项目交付经验",12-13K,北京,,2026-06-02 01:33:48
a8de4ac17fc86c6203B62t2_ElVV,系统运维工程师,智联万维,100-499人,计算机软件,学历不限,1-3年,"Linux操作系统, Nginx, Redis, Mysql、zabbix, 计算机相关专业",7-9K,北京,,2026-06-02 01:37:54
a976a9af11c1065e0nR93d-7F1BW,服务器运维工程师,深圳市德梵科技,20-99人,通信/网络设备,本科,5-10年,,11-18K,北京,,2026-06-02 01:38:37
95e0e59ec55068710nVz2tS7ElNR,计算运维工程师,首都在线,500-999人,云计算,本科,在校/应届,,12-15K,北京,,2026-06-02 01:39:41
82f7a88a1837172c0nB_2967FFtX,实施运维工程师（北京）,百思奥,20-99人,计算机软件,本科,5-10年,"系统运维, 计算机相关专业",10-13K,北京,,2026-06-02 01:40:02
a712d9f9dbe3e0ea0nB73N24FVBW,IT信息运维工程师,思朗科技,100-499人,电子/半导体/集成电路,本科,3-5年,,10-15K·15薪,北京,,2026-06-02 01:40:21
8be124989cfad19d0ndy3Nu-FVVX,网络运维工程师 北京 央企,杭州某大型通信/网络设备上市公司,10000人以上,通信/网络设备,本科,5-10年,"网络运维, Python/Shell, 公有云网络产品, 私有云网络",25-40K,北京,,2026-06-02 01:40:42
e3e8bb08d32ed93303Z63Nm7FFZU,云运维工程师,高等教育出版社有...,1000-9999人,新闻/出版,硕士,3-5年,"运维开发/DevOps, 系统运维, 网络运维, Java, Redis, Kubernetes, Nginx, Docker, 计算机相关专业, 通信相关专业, 运维开发经验, 运维经验, 大数据运维经验",10-15K,北京,,2026-06-02 01:41:03
8fc71348a96377dd0nB-2t65EFBW,驻场运维工程师  15-25,某中型计算机服务公司,500-999人,计算机服务,本科,10年以上,"桌面运维, 网络运维, 系统运维, 实施交付运维, 计算机相关专业, 通信相关专业, 运维经验, 网络安全相关经验",20-21K,北京,,2026-06-02 01:46:11
9ed0c9ab13303eaf0ndz3t-4EFFW,IT运维工程师-北京(J11257),迪普科技,1000-9999人,信息安全,本科,1-3年,"网络运维, 系统运维, 桌面运维, IDC机房运维",9-12K,北京,,2026-06-02 01:47:35
39dd8c441710a03003J_2Ni9FVtZ,业务运维工程师,顺丰同城,10000人以上,即时配送,本科,5-10年,,20-40K·15薪,北京,,2026-06-02 01:47:56
fff616e7c30a88650nB_2t28GVBW,运维工程师（民生银行）,高伟达公司,1000-9999人,计算机软件,本科,3-5年,"MySQL/Oracle, 硬件, 银行, 系统运维, 服务器, 存储, 数据中心",10-13K,北京,,2026-06-02 01:48:17
56235b45aa4e0f7f03d-3dW4EFZV,系统运维工程师,城市象限,20-99人,计算机软件,本科,1-3年,,10-15K·13薪,北京,,2026-06-02 01:48:17
eced0dea5611363903N639W_F1pX,功率预测系统运维工程师,玖天气象,100-499人,计算机软件,本科,3-5年,,12-18K,北京,,2026-06-02 01:48:17
53dd27327eccbb95031y3tW_EFNT,【急聘】IT运维工程师（需本月到岗）,北京应用物理与计...,500-999人,学术/科研,硕士,经验不限,"网络运维, 通信相关专业, 系统运维, 运维开发/DevOps, 运维开发经验, 计算机相关专业, 电子/电气/自动化相关专业, 运维经验, IDC机房运维",20-30K,北京,,2026-06-02 01:48:37
367f921805a720d11HF_29u6FFtZ,运维工程师,北京中天锋安全防...,100-499人,大数据,本科,3-5年,"系统运维, IDC机房运维, 计算机相关专业, 运维经验, 运维开发经验",12-20K,北京,,2026-06-02 01:48:37
480f7a39d7dc8dd71Hd829i9GVJZ,系统/云运维工程师,金保信,100-499人,互联网,本科,3-5年,"系统运维, IDC机房运维, Python/Shell, Kubernetes, Docker, 计算机相关专业, 通信相关专业, 运维经验",20-25K·14薪,北京,,2026-06-02 01:48:57
61e1603f73ba7eb50nB73dW5FltQ,运维工程师(A126457),水滴公司,1000-9999人,互联网,本科,1-3年,"网络运维, 系统运维",12-24K·16薪,北京,,2026-06-02 01:49:18
27a33865e252f8a90nB_3dm7EVFR,CRM运维工程师-周末双休-五险一金,上海思芮,1000-9999人,计算机软件,本科,1-3年,"系统运维, 运维开发/DevOps, 计算机相关专业, 通信相关专业, 运维经验, CRM、技术系统, 银行、金融、信贷, 股票、期权、银行",11-12K,北京,,2026-06-02 01:55:11
d3d480118078a0750nB62N27FFRU,运维工程师,绿核桃软件,0-20人,企业服务,本科,在校/应届,,6-10K,北京,,2026-06-02 01:56:36
5c23f3b53b4c2fdf03d8096-F1JX,运维工程师,阿拉丁控股,100-499人,互联网,本科,经验不限,,12-20K·13薪,北京,,2026-06-02 01:56:36
47f3b2a04bd858220nR_29y-FFVX,应用运维工程师,浪潮集团,10000人以上,计算机软件,本科,3-5年,"银行项目, MySQL/Oracle, 运维开发/DevOps, 中间件, 计算机相关专业",11-13K,北京,,2026-06-02 01:57:41
e5cbd5398327c833031z3Nq5F1VW,Salesforce系统运维,华科众合科技有限公司,100-499人,计算机软件,本科,5-10年,"Salesforce系统运维, 系统运维, 计算机相关专业",20-25K,北京,,2026-06-02 02:02:30
22de2322776f7a220nd82tS-FFJT,基础运维工程师,华钧广汇,20-99人,基金,本科,1-3年,,25-50K,北京,,2026-06-02 02:03:12
75b273726408df451X190tm-EldR,linux系统运维工程师,正辰科技,20-99人,互联网,本科,3-5年,"系统运维, linux",5-6K,北京,,2026-06-02 02:03:12
f708d7f89ec2434d1HZ53d68GVVU,运维工程师-驻场,北京新方,100-499人,运营商/增值服务,本科,3-5年,"实施交付运维, 系统运维, linux, mysql",8-13K,北京,,2026-06-02 02:03:33
1590eac24fae9e100nd83tW_EFtV,数据中心运维工程师,北京某大型互联网内容平台公司,10000人以上,互联网,本科,5-10年,"系统运维, IDC机房运维",40-60K·15薪,北京,,2026-06-02 02:03:33
0f4757b1be3a3b9f0nd-0ti_GFpX,测试与运维工程师,原力灵机,100-499人,人工智能,本科,3-5年,,15-30K·14薪,北京,,2026-06-02 02:04:35
7cf15bf3ccd3b7df031-3tu6EldT,初级运维工程师,北京吾勤,20-99人,计算机服务,本科,1-3年,"系统运维, 计算机相关专业",6-7K,北京,,2026-06-02 02:04:55
cc804e0cf7e37e3e0nZ42N61FFBT,【2026届春招】运维开发工程师 (MJ003164),搜狐畅游,1000-9999人,游戏,本科,在校/应届,"网络运维, 系统运维",14-16K·14薪,北京,,2026-06-02 02:04:55
6690d5b354cea49e0nB70ty5F1RY,运维工程师（统本/金融经验）,上海思芮,1000-9999人,计算机软件,本科,3-5年,,12-13K,北京,,2026-06-02 02:04:55
200c0d51ab43e6fd0nZz09-1ElBZ,运维工程师,湘彤餐饮(北京,0-20人,餐饮,本科,5-10年,"系统运维, Ansible/Salt/Puppet, Kubernetes, 计算机相关专业",20-30K,北京,,2026-06-02 02:13:16
ee1aae40fcd2c15c0nd429y0EVFX,驻场运维工程师（党员/国企经验/信创/会议,某大型广播公司,100-499人,广播/影视,本科,3-5年,,16-29K,北京,,2026-06-02 02:20:36
774641a862ab60c70nB429W_F1NW,运维工程师-K8S,鑫达软件,100-499人,电子商务,本科,5-10年,"系统运维, k8s, K8s, Python/Shell",10-13K,北京,,2026-06-02 02:20:36
98e3b07863ee20760nB73du_F1JX,idc运维工程师,某大型移动互联网公司,1000-9999人,互联网,本科,3-5年,,30-50K·15薪,北京,,2026-06-02 02:20:36
07ed4ec27732d1d10nZ539u1GFBV,大模型系统运维工程师,因诺资产,100-499人,证券/期货,本科,经验不限,,30-50K·16薪,北京,,2026-06-02 02:26:10
609bcc2bfb6fa24d03N53d6-FVBU,驻场系统运维工程师,千育科技,20-99人,计算机硬件,大专,经验不限,实施交付运维,4-8K,北京,,2026-06-02 02:26:31
d22b41cb8ea1df090nB42NS7FFZV,运维工程师（toB 外派大厂-全额公积金）,柯莱特集团,1000-9999人,计算机软件,本科,3-5年,"系统运维, Python/Shell, Ansible/Salt/Puppet",11-12K,北京,,2026-06-02 02:26:31
69282a6ce4ee586f0nB_3N27ElFQ,运维工程师,京东数科,1000-9999人,电子商务,本科,经验不限,,20-21K,北京,,2026-06-02 02:26:53
a4ff3f4f9f69baa40nd839u7F1dW,算力运维工程师,云信航天,20-99人,互联网,本科,3-5年,"实施交付运维, Docker, 算力中心, 系统运维, HCIE, 服务器, 计算机相关专业, 算力, 运维经验, IDC机房运维",10-13K,北京,,2026-06-02 02:44:26
b9e8ccb310cf73360nV_3N69EFdV,科技中心-系统运维工程师(A109176),基煜基金,100-499人,互联网金融,本科,1-3年,,20-35K,上海,,2026-06-02 02:51:33
d3a0baea168380c80nB73N2_GVFX,系统运维工程师,五矿期货,100-499人,证券/期货,本科,1-3年,,15-25K,上海,,2026-06-02 02:51:33
f00715bb2e7b69c41nRz3dS8GVFY,上海地铁信号系统维护工程师,富欣智控,100-499人,计算机软件,大专,1-3年,"运维, 项目实施, 地铁, 信号系统",8-12K,上海,,2026-06-02 02:51:33
a7c905c39b35c6180nd729q5GFNY,系统运维工程师（含实施）,英科医疗科技,10000人以上,医疗器械,本科,3-5年,,10-15K·13薪,上海,,2026-06-02 02:51:33
cc7ba0cae73963fb0nB62N29EVJU,系统运维工程师,港泓信息技术,100-499人,咨询,学历不限,3-5年,"系统运维, IDC机房运维, 运维开发/DevOps, DBA, 网络运维, Redis, MySQL/Oracle, 计算机相关专业, 电子/电气/自动化相关专业, 运维经验, 运维开发经验, 网络安全相关经验, 系统运维开发框架搭建",12-24K,上海,,2026-06-02 02:51:33
284a80761018ec980nB439u7EFNZ,中级Linux运维工程师,上海东尚信息,100-499人,计算机软件,本科,3-5年,"Linux运维, Prometheus+Grafana, Kubernetes&Docker, AI基建, K8s集群生产环境运维",12-15K·13薪,上海,,2026-06-02 02:51:33
dd1566d453cc7fca1XV72Nu5GVZR,电商系统运维,未苗信息科技有限公司,0-20人,计算机软件,学历不限,3-5年,"系统运维, 电商, 系统开发",15-20K·13薪,上海,,2026-06-02 02:51:33
caa239884b53a53a0nd839y4GFFZ,系统运维工程师,上海码度,0-20人,计算机软件,本科,5-10年,"OA, 证券从业",18-22K,上海,,2026-06-02 02:51:54
af93a0935747d7201H1_0t65GVNQ,云运维工程师,京北方,10000人以上,互联网金融,本科,3-5年,"通信相关专业, OPENSTACK, 系统运维, 华为云, HCS, MANAGEONE, 计算机相关专业, 运维经验",13-15K,上海,,2026-06-02 02:51:54
789fa3ed2e1aef031nV-2dS5F1NZ,系统运维工程师,上海米居,1000-9999人,互联网,大专,1-3年,"运维, 运维监控",11-15K·17薪,上海,,2026-06-02 02:51:54
5fdf36399d32cd820nd43NS-GFJW,系统运维工程师,大专家,100-499人,医疗健康,本科,3-5年,,10-15K·14薪,上海,,2026-06-02 02:51:54
2ebeae95d4959ea403F53d68EFdU,IT系统运维工程师（高级）,江苏昆联,20-99人,计算机软件,大专,5-10年,,8-9K,上海,,2026-06-02 02:51:54
a057361b684b9dd50nZy3tm7E1ZV,IT运维工程师（系统运维工程师）(J10059),垣信卫星科技有限公司,100-499人,通信/网络设备,本科,3-5年,"Ubuntu, Linux, 系统运维, 桌面运维, Windows",15-30K,上海,,2026-06-02 02:51:54
00121536c0cfea5e0nB_3Nu8FFBX,估值系统运维工程师,金锐,500-999人,银行,本科,1-3年,"系统运维, 计算机相关专业, 估值核算",11-12K,上海,,2026-06-02 02:51:54
f81be043b1a6dcb30nZ53tu5GFdW,系统运维主管,上海腾道,100-499人,计算机软件,大专,5-10年,"通信相关专业, 机房服务器, 系统运维, 运维开发经验, 服务器安全, 计算机相关专业, 网络安全相关经验, 运维经验, IDC机房运维, Kubernetes",20-25K·14薪,上海,,2026-06-02 02:51:54
56606333cd77d7840nB629W-FFRY,【生物制药】实验室系统运维-外包,择仕信息,100-499人,互联网,本科,经验不限,"制药, CSV, GMP, GXP, 计算机化系统",11-18K·13薪,上海,,2026-06-02 02:51:54
379aac45bdefbdb01XB43960GFVV,系统运维岗,上海嘉略网络科技...,20-99人,互联网,大专,经验不限,"系统运维, 运维经验",6-10K·13薪,上海,,2026-06-02 02:51:54
be74f3e959907b700nB63d-6FFZT,系统运维线上兼职,渊润,20-99人,大数据,本科,1-3年,,5000-7000元/月,上海,,2026-06-02 02:51:54
3fce4fe9f8bab1de0nZ409-4GFJT,linux系统运维专家,檀衿实业,20-99人,生活服务(O2O),本科,3-5年,"网络运维, 系统运维, 实施交付运维, Python/Shell, Nginx, Docker, 计算机相关专业, 通信相关专业, 运维经验",15-25K,上海,,2026-06-02 02:51:54
2d98f08e797f5d780nB_0968E1BX,中级运维工程师,北海猎图,100-499人,人力资源服务,本科,3-5年,,10-15K,上海,,2026-06-02 02:51:54
aba19a0e91365cdc03B_2t6_FVpV,系统运维工程师,艾科朗克,100-499人,计算机软件,本科,5-10年,"通信相关专业, Docker, MySQL/Oracle, 系统运维, Python/Shell, 计算机相关专业, 网络安全相关经验, 运维经验",18-25K,上海,,2026-06-02 02:51:54
39bef5fe02a90cd31XJ_0969FFBV,系统运维经理,美莱投资,10000人以上,医疗健康,本科,5-10年,"网络运维, 系统运维, IDC机房运维",20-25K,上海,,2026-06-02 02:52:15
b924e237da3d3bda0ndy09i8EFpX,Linux服务器运维工程师,某基金公司,20-99人,基金,本科,经验不限,"Golang, Java, Docker, 系统运维, 运维开发/DevOps, 运维开发经验, Python/Shell, 计算机相关专业, 网络安全相关经验, 运维经验, Kubernetes",30-60K·16薪,上海,,2026-06-02 02:52:15
b204b05f8a7576e31XR439u-GFVW,网络系统运维工程师,成生科技,20-99人,互联网,大专,1-3年,Linux,6-10K·13薪,上海,,2026-06-02 02:52:15
df2e41987faf458c0nB62Ny9EltX,系统运维工程师,仁联企服,100-499人,计算机软件,本科,1-3年,,10-15K,上海,,2026-06-02 02:52:15
c14c87e6721540400nB_0t2-FVJS,应用运维工程师,上海嘉驰信息技术咨询,100-499人,计算机软件,本科,1-3年,,8-9K,上海,,2026-06-02 02:52:15
414e31e05306e9730nZy2di4FFdQ,系统运维工程师,信大网御,100-499人,计算机软件,本科,3-5年,,10-15K,上海,,2026-06-02 02:52:15
5ab20e22add487ee1XV83t25E1dV,系统运维工程师,上海兼达,100-499人,互联网,大专,1-3年,"Linux, 系统运维, 桌面运维",9-12K,上海,,2026-06-02 02:52:15
31a9980de8e36fc1031z0tm1F1BV,高级系统运维工程师,记忆张量,20-99人,互联网,本科,1-3年,,15-30K,上海,,2026-06-02 02:52:15
fe8f6920fd0cccdc1HF82du7GVpX,资深IT运维工程师,上海睿昇半导体科技,500-999人,半导体/芯片,本科,3-5年,"网络运维, 系统运维",8-13K,上海,,2026-06-02 02:52:15
93caf92f484bd41e0nd_3N2_F1NZ,k8s运维工程师,天翼支付科技有限公司,1000-9999人,运营商/增值服务,本科,3-5年,,18-35K,上海,,2026-06-02 02:52:15
9f8e3a4860dbd81b0nB42N6-ElJT,系统运维工程师,上海挚捷信息科技,20-99人,计算机服务,本科,5-10年,系统运维,12-13K,上海,,2026-06-02 02:52:15
bac5e90dc71fe2ba0nd82N24F1dQ,桌面运维工程师（办公系统方向）,波克城市,1000-9999人,游戏,本科,3-5年,桌面运维,11-20K·15薪,上海,,2026-06-02 02:52:15
a3bb3b68e1f6e1291HNz2tm0EldQ,系统运维工程师,上海库帕思,100-499人,大数据,本科,5-10年,"大数据运维经验, 系统运维, 计算机相关专业",15-30K·14薪,上海,,2026-06-02 02:52:15
cbc39031c91e491e0nB_3N66EFZZ,应用运维（核心交易系统/全额社保公积金）,上海海万信息科技,1000-9999人,互联网,本科,3-5年,系统运维,12-17K,上海,,2026-06-02 02:52:15
66d0b94c4468d4310nd609q8EltW,系统运维经理,上海CA,100-499人,计算机软件,本科,5-10年,,20-25K,上海,,2026-06-02 02:52:15
ba8b635a8924f9d90nR93ty9F1tT,RPA与系统运维工程师,天陈科技,20-99人,计算机软件,本科,5-10年,,11-18K,上海,,2026-06-02 02:52:37
16b760f42f598ba003xz29i6F1ZU,高级系统运维工程师,中芯国际,10000人以上,半导体/芯片,本科,5-10年,,20-25K·15薪,上海,,2026-06-02 02:52:37
f4e37f5e87226d8a1XJz3Ni9GFRR,废水在线监测系统运维工程师,清沐环境,0-20人,检测/认证,高中,经验不限,"电子/电气/自动化相关专业, 运维经验",8-11K,上海,,2026-06-02 02:52:37
5a76087173f8ddd70nR_09q5F1ZR,系统运维工程师,碧蔓,0-20人,智能硬件,本科,1-3年,,7-12K·13薪,上海,,2026-06-02 02:52:37
0df4581e7c372b3f0nV53tm6E1NV,机房运维工程师,字节跳动,10000人以上,互联网,本科,5-10年,IDC机房运维,20-40K·15薪,上海,,2026-06-02 02:52:37
d0c23eb5a7b7de651XB43tW1F1BS,合并系统运维工程师,上海彤玥科技,0-20人,计算机软件,大专,经验不限,"Java, 实施交付运维, MySQL/Oracle, 系统运维, 运维开发经验, 运维开发/DevOps, 计算机相关专业",4-9K,上海,,2026-06-02 02:52:37
12defaba7027f1f503Vy0965EFZY,运维工程师（国企）急招,某中型铁路/船舶/航空/航天制造公司,100-499人,铁路/船舶/航空/航天制造,本科,3-5年,"网络运维, 终端及网络运维经验, MySQL/Oracle, Docker, 大数据运维经验, 系统运维, 运维开发经验, 运维经验, 安全运维经验, IDC机房运维",18-22K,上海,,2026-06-02 02:52:37
8e5898bd8fe244a503F43ti8FVVX,驻厂系统运维工程师,上海讯静,20-99人,计算机硬件,本科,5-10年,"系统运维, 计算机相关专业, 虚拟机, 操作系统, 服务器, 基础架构, 存储",14-20K·13薪,上海,,2026-06-02 02:52:37
5170eb9eea9de51a03xy2ti8FFtV,系统运维工程师,上海湘商贸易有限公司,100-499人,电子商务,大专,1-3年,"网络运维, 系统运维, Java, 计算机相关专业, 运维经验, 运维开发经验, 网络安全相关经验, 通信相关专业",9-12K,上海,,2026-06-02 02:52:37
4e3e79aee81d1edf0nB73dm-GFRW,高级运维工程师,正雅齿科,1000-9999人,医疗器械,本科,经验不限,系统运维,15-20K,上海,,2026-06-02 02:52:37
405116663a625cac03J42ty9GVtY,高级系统运维工程师,上海硕曜科技有限公司,500-999人,通信/网络设备,本科,5-10年,,20-30K,上海,,2026-06-02 02:52:37
175426f98f0d71ca1Xx_2dq8EVdY,系统运维工程师,健安农牧,500-999人,物流/仓储,本科,5-10年,系统运维,18-25K,上海,,2026-06-02 02:52:37
90d9a32cd445ce450nRy3927FVRV,系统运维专员（SAP方向）,雅创电子,100-499人,其他行业,本科,1-3年,,8-12K·13薪,上海,,2026-06-02 02:52:37
3f05a646a65c2be10ndz3du5F1JW,【中国】系统运维（DBA）,某互联网公司,20-99人,互联网,本科,5-10年,,25-35K·14薪,上海,,2026-06-02 02:52:37
0065e4a9141cd8a91Hd53dS7FlZV,linux系统运维工程师,合晟资产,20-99人,互联网金融,本科,3-5年,"系统运维, 计算机相关专业, 运维经验, 运维开发经验, Linux, 系统运维, 机房运维, PostgreSQL, MySQL, Redis, 兼职",120-150元/时,上海,,2026-06-02 02:52:37
a7a89726862929770nV92Ni0EFVQ,测试运维工程师,海兰轻舟,20-99人,人工智能,本科,经验不限,运维经验,12-24K,上海,,2026-06-02 02:52:58
e26d553289e4f3301nB_3NW-GFZR,系统运维工程师,有亿信息,20-99人,计算机软件,大专,1-3年,"Oracle, 系统运维, Java, 服务器配置",9-14K·13薪,上海,,2026-06-02 02:52:58
8a92712d9f5ce2e10nd50tW8FVNR,系统运维支持,SFS施福圣,20-99人,计算机软件,本科,3-5年,"系统运维, 日语读写, 英文商务水平",15-20K,上海,,2026-06-02 02:52:58
90d154bab945645a0nR939m1FlFY,系统运维工程师（夜班）,自邦科技,20-99人,证券/期货,本科,1-3年,"系统运维, 计算机相关专业, 网络安全相关经验, 运维经验",12-16K·13薪,上海,,2026-06-02 02:52:58
acd59b5e7c4c03ea0nR939u7FFNY,Perforce系统运维,叠纸游戏,1000-9999人,游戏,学历不限,5-10年,,25-30K·16薪,上海,,2026-06-02 02:52:58
4455f99e1aba6d760ndz296_FVFS,运维工程师（O32系统/ 交易系统/金融）,卡俄斯星科技,100-499人,计算机软件,大专,3-5年,"银行, 系统运维, 证券, 基金, 运维经验, 交易系统, O32",14-16K,上海,,2026-06-02 02:52:58
fb66eb34c9f9e85f0nB-29q1EFpR,上海-初级IDC运维工程师,芯大通,100-499人,半导体/芯片,本科,经验不限,,9-14K,上海,,2026-06-02 02:52:58
d42829fc2b4ae2220nB729S9E1BS,运维工程师,山子有谦科技,1000-9999人,新能源汽车,本科,3-5年,,12-18K,上海,,2026-06-02 02:52:58
2cb0707011b6c51f0nd82dW5F1FT,系统运维工程师（芯片）,某中型半导体芯片公司,100-499人,半导体/芯片,本科,5-10年,,18-25K·13薪,上海,,2026-06-02 02:52:58
de4ec71d8ab882f30nV-2dS5GFdQ,办公系统运维岗,银联国际,500-999人,其他金融业,本科,经验不限,,8-13K·13薪,上海,,2026-06-02 02:52:58
26bd063ee6f0b51703Vy09q4FFpY,证券交易系统运维,点点,1000-9999人,计算机软件,本科,3-5年,"恒生系统, 金证系统, 监控系统, MySQL/Oracle, 系统运维, 设备上架, 运维经验, IDC机房运维, SQL",11-15K,上海,,2026-06-02 02:52:58
40fcfa6e0220dd6e03173Ny6F1tV,系统运维工程师（金融科技方向）,上海澎博财经资讯,100-499人,计算机软件,本科,1-3年,"系统运维, Python/Shell, 计算机相关专业",10-15K·13薪,上海,,2026-06-02 02:52:58
20b38a5de4c158fe1XF_2N6-EVtZ,系统运维工程师,中交三航局,10000人以上,其他行业,本科,3-5年,"系统运维, MySQL/Oracle, 计算机相关专业, 运维经验, 大数据运维经验",10-11K,上海,,2026-06-02 02:52:58
b5adf3e76b5eeeed0nB62NS8FFZY,高级系统运维工程师,海灏,20-99人,企业服务,本科,1-3年,,8-10K,上海,,2026-06-02 02:52:58
c89163924a68e7d10nd_2NS4E1dW,中证资本-信息技术部-运维工程师,中信期货,1000-9999人,证券/期货,本科,3-5年,,15-30K,上海,,2026-06-02 02:52:58
c59567f206defc1703Z52tu_GFVW,系统运维工程师,上海帮图信息科技,100-499人,计算机软件,本科,3-5年,"Golang, 网络运维, 系统运维, 运维开发/DevOps, Python/Shell, 计算机相关专业",13-17K,上海,,2026-06-02 02:53:18
1a5febf1cdada8a90nV709m_ElVY,应用系统运维工程师（金蝶云星空）,上海基数运维数字科技,20-99人,计算机软件,本科,3-5年,,12-18K,上海,,2026-06-02 02:53:18
e6edd5ee2cb67ca20nZ42tu1E1RR,信息化运维工程师,上海城建数字产业,500-999人,互联网,本科,3-5年,,13-17K,上海,,2026-06-02 02:53:18
2f3b8aaf5eb9a3261Xdz2dW9EFFR,系统运维工程师,星峰资本,20-99人,基金,本科,3-5年,系统运维,15-17K,上海,,2026-06-02 02:53:18
d153560343a5c420031839S9GFJS,运维工程师(应届生）,共联通信,500-999人,通信/网络设备,本科,经验不限,,8-12K·13薪,上海,,2026-06-02 02:53:18
ece3e8824add2cea1X152tS6FlZS,系统运维工程师,诚扫科技,0-20人,计算机软件,大专,1-3年,"系统运维, PHP, Vue",7-9K,上海,,2026-06-02 02:53:18
036900950dfe2e430nZ-3dq0EFFX,运维工程师（金融方向）,安普诺克科技集团,100-499人,电子商务,本科,3-5年,"Docker, 系统运维, 运维开发/DevOps, 运维开发经验, 运维经验, Kubernetes",12-14K,上海,,2026-06-02 02:53:18
e62ee46f87eb6bd60ndy3Nq-ElRQ,大数据运维工程师,上海可信智通技术,20-99人,人工智能,本科,5-10年,"大数据运维经验, Kerberos, hadoop",15-21K,上海,,2026-06-02 02:53:18
45428c6fb7decd1f0nR63N-1FFZX,高级系统运维工程师,上海控控科技有限公司,20-99人,计算机软件,本科,3-5年,"网络运维, 系统运维, 实施交付运维",10-14K,上海,,2026-06-02 02:53:18
8fdd711eded474221nx93tu5FFpT,运维工程师,骏聿科技,20-99人,计算机软件,本科,经验不限,"Tomcat, Linux, Docker, SAAS, MySQL, 分布式技术, Centos, SQL",9-14K·13薪,上海,,2026-06-02 02:53:18
505f6e97945dd1f30ndz3960ElVQ,AI交付运维工程师,悦智人工智能,1000-9999人,互联网,本科,1-3年,"系统运维, Python/Shell, Docker, Kubernetes, MySQL/Oracle, 腾讯云经验, Linux内核, AI产品交付, AI编码能力",15-19K,上海,,2026-06-02 02:53:18
68902fe32b7952170nB43d66FlBX,运维交付工程师,皓兴,20-99人,证券/期货,本科,3-5年,,15-25K,上海,,2026-06-02 02:53:18
2500b1011e1d5ea80nV8396-FVNV,交易系统业务运维,上海金锝资产管理...,20-99人,基金,本科,1-3年,,15-18K·18薪,上海,,2026-06-02 02:53:18
02f128820fa4364e0nB-2NS0GFZY,云运维实习工程师,联奇云,20-99人,计算机软件,本科,,"系统运维, Python/Shell, Nginx, MySQL/Oracle, 计算机相关专业, 运维经验, 网络安全相关经验",100-150元/天,上海,,2026-06-02 02:53:18
95a415e4a5de35c703J43dW4EVVQ,资深系统运维工程师,国泰君安期货有限公司,1000-9999人,证券/期货,本科,5-10年,"系统运维, 运维经验",25-40K,上海,,2026-06-02 02:53:18
c0eb3e6eb0b781ad1nR7096-FlVR,系统运维岗,创格融资租赁,100-499人,租赁/拍卖/典当/担保,本科,经验不限,"运维, 运维工程师, 安全运维",15-25K,上海,,2026-06-02 02:53:40
78fad3a66f4694440ndz2tS7EFtY,高级运维工程师,左庭右院餐饮有限公司,1000-9999人,餐饮,本科,5-10年,,10-15K,上海,,2026-06-02 02:53:40
cb5037d6f344f5d70nd80t-6FVdY,终端安全运维工程师-上海(J10653),清微智能,500-999人,半导体/芯片,本科,5-10年,"桌面运维, 网络运维, 系统运维, Windows/Linux/macOS, 办公软件, 终端硬件",12-20K·13薪,上海,,2026-06-02 02:53:40
8bec8f49c052caee0nRy2Ny1F1pV,维运工程师（wlb）,某基金公司,20-99人,基金,本科,1-3年,"运维开发/DevOps, 系统运维, 实施交付运维, DBA, 网络运维, Python/Shell, Golang, MySQL/Oracle, 运维经验, 运维开发经验, 网络安全相关经验",30-50K·18薪,上海,,2026-06-02 02:53:40
1001bfa8e5bb9ef00nd90ti7FFpW,IT运维工程师,某大型基金公司,100-499人,基金,本科,经验不限,,20-40K,上海,,2026-06-02 02:53:40
73353b324eddfebe1nx-29S4FVM~,系统运维工程师,搜股,100-499人,移动互联网,大专,1-3年,"Perl, shell, python",10-14K,上海,,2026-06-02 02:53:40
aa2af39774c401581XF609u6GFFQ,资金系统运维,哈啰普惠,1000-9999人,互联网,本科,3-5年,"拜特, 实施交付运维, 系统运维, 资金系统, 运维经验",11-15K·14薪,上海,,2026-06-02 02:53:40
a9bac43de549c3a00nB62Nu_FlBR,中级中间件运维工程师,上海东方龙马软件技术,20-99人,计算机服务,本科,3-5年,"系统运维, Kubernetes, Docker, 计算机相关专业",13-16K,上海,,2026-06-02 02:53:40
2c8d0ec84f8909630nZ529u-FVRT,系统运维专员,绿色云图科技有限公司,100-499人,计算机服务,本科,1-3年,"系统运维, 计算机相关专业, 通信相关专业, 运维经验",8-12K,上海,,2026-06-02 02:53:40
c3b1f7dd34fdf6910nZ82Nu8EFRV,中级运维工程师,乐政(上海)科技,20-99人,互联网,本科,3-5年,必须目前人在上海可线下面试,9-14K,上海,,2026-06-02 02:53:40
35afa1ace3ba3d751XJ82925FlJQ,系统运维开发工程师,顺冠科技,0-20人,企业服务,本科,5-10年,"Java, Redis, Jenkins, 运维开发经验, 英文读写能力良好",10-15K,上海,,2026-06-02 02:53:40
ee236f70b08389b80nV_3d67GFpT,高级运维工程师,中惠盈科技,20-99人,互联网,本科,1-3年,,12-18K,上海,,2026-06-02 02:53:40
76eaf76e5c6711e81n1z2dW-FlVY,系统运维工程师,上海开澜软件有限公司,20-99人,计算机软件,大专,1-3年,"系统运维, 安全运维, 虚拟化运维, Linux, Python, 服务器配置, 容器技术, 虚拟机技术",10-15K,上海,,2026-06-02 02:53:40
959760a6d47714280nB_2N--EFNR,系统运维专员,摩瓦新能源,100-499人,储能,本科,经验不限,,7-10K·13薪,上海,,2026-06-02 02:53:40
ccb7e61c113c539b0nd52Nu_FFZW,云计算系统运维工程师,咸云科技,20-99人,通信/网络设备,本科,3-5年,"系统运维, 计算机相关专业",9-14K·13薪,上海,,2026-06-02 02:53:40
4452f4a8d69767f60nZ72du0EFRR,解决方案与运维工程师,麒麟软件,1000-9999人,计算机软件,本科,3-5年,,20-30K,上海,,2026-06-02 02:54:01
d5ccf6b71591d1751nVy2Ni4E1pW,系统运维工程师,上海雅融,500-999人,计算机服务,大专,1-3年,"系统运维, 安全运维, 应用运维, 虚拟化运维",8-13K,上海,,2026-06-02 02:54:01
c3d5e3eb7cc61d390nd63Ni9EVRV,运维工程师-自研系统,赢时胜,1000-9999人,计算机软件,本科,1-3年,"实施交付运维, 系统运维, Java, MySQL/Oracle, 计算机相关专业, 通信相关专业, 运维经验, 电子/电气/自动化相关专业, 金融业务系统, 资金清算, 基金估值, 财务估值, 信创改造",13-15K,上海,,2026-06-02 02:54:01
ab6e393b2c7f71ea0nB52961GVZU,应用系统运维工程师,普华恒信,100-499人,企业服务,本科,5-10年,"桌面运维, 运维经验",8-10K,上海,,2026-06-02 02:54:01
b21f42ef5bbb14550nB42du0GVdQ,运维工程师(2026届）,欧普照明,1000-9999人,生活服务(O2O),本科,在校/应届,"系统运维, 运维开发/DevOps, Nginx, MySQL/Oracle, Docker, Kubernetes, 计算机相关专业",8-13K·15薪,上海,,2026-06-02 02:54:01
f7e3b15311a22aa803N939S8GVBZ,机房运维工程师,亚数,100-499人,信息安全,本科,1年以内,"网络运维, 通信相关专业, Docker, 系统运维, 运维开发经验, 计算机相关专业, 网络安全相关经验, IDC机房运维",6-8K,上海,,2026-06-02 02:54:01
429bd007df5c76970nZ52dy6FlJT,高级运维工程师（支付系统方向）,上海科与安,20-99人,互联网,本科,3-5年,"网络运维, 通信相关专业, Docker, 计算机相关专业, 网络安全相关经验, 运维经验, Kubernetes",25-30K,上海,,2026-06-02 02:54:01
cb6c25bf2624175a0nB73dq5FVBY,交易运维工程师,量派投资,20-99人,基金,本科,经验不限,"pandas, 交易运维, 系统运维, 运维开发/DevOps, 金融数据, 量化交易系统, Python/Shell, 计算机相关专业, 软件系统测试",40-60K,上海,,2026-06-02 02:54:01
cf9023373d95ddf01HN62ty1FlpX,运维工程师,弥远投资,0-20人,投资/融资,本科,经验不限,"系统运维, 网络运维, Docker, Python/Shell, Kubernetes, 计算机相关专业, 运维经验, 运维开发经验, 网络安全相关经验",11-16K,上海,,2026-06-02 02:54:01
b935d50babab82a60nd40t-4F1VS,运维工程师（AI系统方向）,上海相形无迹科技,20-99人,互联网,本科,3-5年,,25-40K·15薪,上海,,2026-06-02 02:54:01
7f5325fec0fcc1e00nd73tS-GVtR,系统运维实习生,光明服务集团,1000-9999人,物业管理,本科,,,100-120元/天,上海,,2026-06-02 02:54:01
be03a2c2ff01a2370nRz2t-_EFVV,智能楼宇控制系统设计与运维工程师,恩格纳节能,0-20人,电子/硬件开发,大专,3-5年,"计算机相关专业, 电子/电气/自动化相关专业",10-15K,上海,,2026-06-02 02:54:01
2f9a609d85a4ebd70nd83Ni7GVZT,运维工程师,风火轮萤图,20-99人,计算机软件,本科,5-10年,,12-18K·14薪,上海,,2026-06-02 02:54:01
45735c9ab60608ac03dy3920GFBY,应用运维工程师,同方鼎欣,1000-9999人,计算机软件,本科,5-10年,"Java, OA, 系统运维, Python/Shell, 计算机相关专业",11-13K,上海,,2026-06-02 02:54:01
61f2039c6e5733bc1nZ72t2-E1U~,系统运维工程师,星数科技,100-499人,互联网,本科,3-5年,"系统运维, Linux, 数据库",8-11K,上海,,2026-06-02 02:54:01
1995f64961ec85330nB_3N-0E1pX,技术运维工程师,安徽快智乐服信息科技,20-99人,计算机服务,本科,5-10年,"网络运维, 系统运维, 运维开发/DevOps, DBA, Python/Shell, Nginx, Redis, Elasticsearch, MySQL/Oracle, 计算机相关专业, 通信相关专业, 呼叫中心, Saas, Agent维护",18-25K,上海,,2026-06-02 02:54:22
4771d221939635430nV429W5E1RV,系统运维工程师,Shinebed,500-999人,电子商务,本科,3-5年,"Java, DBA, 系统运维, 运维开发/DevOps, 计算机相关专业, 运维经验, 模型部署, 业务系统运维",12-20K·13薪,上海,,2026-06-02 02:54:22
767cb7a374bab0051Xd909q-ElVQ,系统运维工程师,晨冠信息技术,20-99人,通信/网络设备,本科,3-5年,"系统运维, 运维开发/DevOps",8-10K,上海,,2026-06-02 02:54:22
e65ae27d0aa8aa570nV629-4E1RV,华兴证券-信息技术部-量化交易系统运维岗,华兴证券,100-499人,证券/期货,本科,3-5年,"通信相关专业, 量化策略类交易系统, QMT、PTRADE等, 掘金, 系统运维, 证券集中交易系统, kafka, 运维开发经验, 计算机相关专业, 运维经验",20-30K,上海,,2026-06-02 02:54:22
5867b2bde9f35ceb1nJ_3tm4EFBY,系统运维工程师,凯诘电子商务,1000-9999人,电子商务,本科,3-5年,"系统运维, 应用运维, 电商ERP, 电商WMS系统, 系统运营实施, 电商OMS系统, 供应链WMS系统",10-15K·13薪,上海,,2026-06-02 02:54:22
764ebf2c459bfe460nB43966EVtT,芯片CAD工程师（系统运维）,亿铸智能,100-499人,半导体/芯片,本科,5-10年,,20-30K·13薪,上海,,2026-06-02 02:54:22
5a968205c12160bc1nJy0t27GVBX,系统运维工程师,展翊科技,20-99人,通信/网络设备,大专,,"Linux, 虚拟机技术, VMware",180-200元/天,上海,,2026-06-02 02:54:22
f25cddc2a5275d8b0ndy2tS9F1NY,系统运维实习生,暖哇科技,500-999人,互联网金融,本科,,,170-190元/天,上海,,2026-06-02 02:54:22
fe839e57485211c80nB_29q9E1BV,运维监控工程师,金慧科技,10000人以上,大数据,本科,3-5年,"Python/Shell, MySQL/Oracle, 计算机相关专业, 监控平台建设, 告警治理, 监控数据治理, CMDB 日志 自动化, 证券金融行业经验优先",15-16K,上海,,2026-06-02 02:54:22
1350581b8f87fd761HB42tS_FVFR,系统运维工程师,华荣股份,1000-9999人,企业服务,本科,1-3年,"MySQL/Oracle, 系统运维, MySQL, 数据库",10-15K,上海,,2026-06-02 02:54:22
79346d2d08f8a5c21XV_0ty7F1tT,上海分公司Linux实施工程师,指掌易,100-499人,互联网,本科,3-5年,"Nginx, Linux, 系统运维, 服务器配置, MySQL, 分布式技术, Redis, 网络协议",10-15K,上海,,2026-06-02 02:54:22
6d6e5688734c087e0ndy3Nu7FlVX,测试运维工程师,上海现代通用,100-499人,信息安全,本科,经验不限,"系统运维, 网络运维, Python/Shell, 计算机相关专业, 运维经验, Linux系统",8-10K,上海,,2026-06-02 02:54:22
3b0047652d9940050ndz3dm6GFFY,"IT Services, 技术运维工程师（要会英语）",某中型互联网资本公司,100-499人,互联网,本科,3-5年,"网络运维, 系统运维, 运维经验",20-40K,上海,,2026-06-02 02:54:22
c346fb11f64e181c0nB_29m4EFJV,系统运维架构师,盛大网络集团,100-499人,互联网,本科,5-10年,"Python, Shell, 服务器配置, 容器技术, 分布式技术, Linux, MySQL, Redis",30-45K·14薪,上海,,2026-06-02 02:54:22
d66571e9305252291Xx_396_F1JW,系统运维,乐道,20-99人,计算机软件,大专,1-3年,"系统运维, 实施交付运维, Nginx, Redis, 计算机相关专业, 运维经验, 运维开发经验",8-10K,上海,,2026-06-02 02:54:22
dc312d3278a70a4603Rz296_EFdS,操作系统高级工程师,东方航空,10000人以上,计算机软件,本科,3-5年,"系统运维, linux, windows, 国产化, 麒麟, 统信",20-25K,上海,,2026-06-02 02:54:43
aace9d5c38b5cf2d0nB629u5FVBR,IT运维工程师,Meshy AI,100-499人,计算机软件,本科,1-3年,"桌面运维, 网络运维, 系统运维",15-30K·14薪,上海,,2026-06-02 02:54:43
f1d95615e96500100nd83N-4EFRZ,系统运维工程师,上海某大型互联网金融公司,1000-9999人,互联网,硕士,3-5年,,20-35K,上海,,2026-06-02 02:54:43
4af421310285a3200nVy0ti1FFNV,数据中心运维工程师,某大型航空公司,100-499人,铁路/船舶/航空/航天制造,本科,3-5年,"桌面运维, 网络运维, 系统运维, 网络安全相关经验, 运维经验, 云平台, 路由交换, 网络安全",20-30K,上海,,2026-06-02 02:54:43
e18ac763d9a7a8800nd43924FVNY,高级应用运维工程师,某大型互联网公司,1000-9999人,互联网,本科,5-10年,"系统运维, 业务监控",25-40K,上海,,2026-06-02 02:54:43
1ce591d2fb97f5a80ndy3Nm6EFZY,小分子早研实验室分析系统运维工程师,某大型生物/制药上市公司,10000人以上,生物/制药,本科,3-5年,,15-25K,上海,,2026-06-02 02:54:43
ba3c0e04a7a435631HF53Ni9GFdV,IT运维工程师,振缘信息,20-99人,计算机服务,本科,3-5年,"网络运维, 通信相关专业, 系统运维, 桌面运维, 计算机相关专业, 电子/电气/自动化相关专业, 网络安全相关经验, 运维经验, IDC机房运维",8-10K,上海,,2026-06-02 02:54:43
852940f42eeb666d0nB-396_GVtV,技术运维工程师,上海高智乐服智能科技,20-99人,人工智能,本科,5-10年,"系统运维, 网络运维, DBA, 运维开发/DevOps, Python/Shell, Nginx, Redis, Elasticsearch, MySQL/Oracle, 计算机相关专业, 通信相关专业",15-20K,上海,,2026-06-02 02:54:43
7edbbf070c86dd2c1HJ_2NS0FVRT,高级系统运维工程师,拾货,0-20人,互联网,本科,5-10年,系统运维,12-18K·13薪,上海,,2026-06-02 02:54:43
6e4ebea6f7b07ceb031-09m_FVJU,运维工程师,锐澳酒业,1000-9999人,食品/饮料/烟酒,本科,1-3年,,7-12K·14薪,上海,,2026-06-02 02:54:43
7b9df29a3e53a91e0nR_3Nu6F1NZ,驻场基础架构运维工程师,上海某中型计算机软件上市公司,100-499人,计算机软件,本科,3-5年,"网络运维, IT资产盘点, 通信相关专业, 桌面运维, 网络安全相关经验, 运维经验",20-25K,上海,,2026-06-02 02:54:43
bfee9f77553a3dca0nR-2N--GVJR,系统运维工程师（运维开发方向）,云上艾珀AIPO,100-499人,大数据,本科,5-10年,"系统运维, 运维开发/DevOps",20-21K,上海,,2026-06-02 02:54:43
58bf2690c303f2361nJ43N--ElNW,系统运维工程师,融航信息,100-499人,计算机软件,本科,1-3年,Python,7-12K·13薪,上海,,2026-06-02 02:54:43
9e723598f7bacbcf0nB73Ny9ElRV,运维工程师,博奥特,500-999人,互联网,本科,3-5年,"DBA, 系统运维, Python/Shell, 计算机相关专业, 运维经验",13-15K,上海,,2026-06-02 02:54:43
c111733fdd69f1010nd52dy5E1RU,交易系统运维工程师,某基金公司,20-99人,基金,本科,5-10年,,20-21K·20薪,上海,,2026-06-02 02:54:43
406a42a5155ef4450nB73Ny5FVVZ,系统运维工程师,广为电器,1000-9999人,智能硬件,本科,5-10年,,15-25K·14薪,上海,,2026-06-02 02:59:13
52235011121c175d0nZz3di8ElFR,网络系统运维工程师,上海众享盈联信息科技,0-20人,人工智能,本科,3-5年,,8-10K,上海,,2026-06-02 02:59:13
8c5a746aad4a3d710nd-3NS4EFJV,系统运维岗,天马微电子,10000人以上,电子/硬件开发,本科,3-5年,,12-20K,上海,,2026-06-02 02:59:13
e6eea48a97907a5f0nZy2NS_FVtT,系统实施运维工程师,懿诺科技,20-99人,计算机软件,本科,1-3年,,8-12K·13薪,上海,,2026-06-02 02:59:32
e4fb94b990aacf8e0nR_39u6FlBV,量化系统运维工程师,文璟基金,0-20人,基金,本科,经验不限,,15-30K·15薪,上海,,2026-06-02 02:59:32
40b42f69107474f71nRz2NW7FVtQ,驻场系统运维工程师,众正信息,20-99人,计算机硬件,大专,1-3年,"运维, 运维监控, 虚拟化运维, Windows, Linux, vmware",10-13K·13薪,上海,,2026-06-02 02:59:53
ab355408f9028ca81Hd43Nm5GFpU,会议系统运维工程师,华于,20-99人,通信/网络设备,中专/中技,1-3年,"网络运维, 通信相关专业, 实施交付运维, 系统运维, 网络交换技术, 服务器配置, 网络设备, 会议系统, 计算机相关专业, 网络安全相关经验, 音视频调试",6-8K,上海,,2026-06-02 02:59:53
fa590ee55a998a5a0nB52tu4FlBW,运维交付工程师,达观数据,500-999人,计算机软件,本科,1-3年,"网络运维, 实施交付运维, 系统运维, 运维开发/DevOps, IDC机房运维",8-9K,上海,,2026-06-02 03:00:15
8849059227365d8e0nZ_3tu0EVpR,IT主管（网络&系统运维）,上海某中型仪器仪表公司,100-499人,仪器仪表,本科,3-5年,"网络运维, 系统运维, 网络安全相关经验",20-21K·16薪,上海,,2026-06-02 03:00:15
bf291c57f4a530a403R42ty6EFtV,系统运维岗,国泰君安期货有限公司,1000-9999人,证券/期货,本科,3-5年,"系统运维, 运维开发/DevOps, Java, Nginx, Elasticsearch, MySQL/Oracle, Kubernetes, 计算机相关专业, 通信相关专业, 运维经验, 运维开发经验, Linux",20-40K·13薪,上海,,2026-06-02 03:00:37
2cbc2555fd0603690nB-3Nu7GVtR,上海太保-运维告警分析工程师,东软集团,10000人以上,计算机软件,本科,5-10年,,16-17K·14薪,上海,,2026-06-02 03:00:37
181bbc8763bfe3aa0nd80t-9GVVU,运维工程师,游族网络,1000-9999人,游戏,本科,在校/应届,"系统运维, 运维开发/DevOps, Python/Shell",11-20K,上海,,2026-06-02 03:00:37
679b6f4a762d09550nZ-2NS-ElFX,电气运维工程师,固特实业,20-99人,电气机械/器材,本科,5-10年,"电子/电气/自动化相关专业, 运维经验, 电力运维, 光伏",7-8K,上海,,2026-06-02 03:00:59
f8f58edfe7f26a0d0nB-0tm0ElJY,财务系统运维实习生,英孚教育青少儿,10000人以上,培训/辅导机构,学历不限,,,150-200元/天,上海,,2026-06-02 03:01:19
6d8085131d594f5e0nZ93d-0GFBW,IT运维工程师(J10082),钛虎机器人,100-499人,智能硬件,本科,3-5年,系统运维,10-15K,上海,,2026-06-02 03:01:41
1da952fde9597e920nB70926GFBV,运维工程师（国企直签）,广州灵狮网络科技,100-499人,互联网,硕士,1-3年,,20-35K,上海,,2026-06-02 03:02:01
d73c43a3dca030c90nd83di7GVJR,双活系统建设运维工程师,同创永益,100-499人,计算机软件,本科,5-10年,"Nginx, Elasticsearch, 计算机相关专业, 通信相关专业, 运维经验, 运维开发经验, CICD, 自动化运维平台",11-13K,上海,,2026-06-02 03:02:01
fab6c34c667d2c310nR72NS9FlFW,项目运维工程师,新至数碳,100-499人,计算机软件,本科,5-10年,"Docker, 系统运维, 计算机相关专业",10-15K,上海,,2026-06-02 03:02:01
52d9777ba217a11e3nJ83Ny1FVM~,系统维护工程师,泰美医疗,100-499人,医疗器械,大专,1-3年,"运维, 运维工程师, 项目实施, 系统运维",8-13K,上海,,2026-06-02 03:06:09
05d148167c8fcfcc03x829S-GVpS,Linux服务器运维工程师,明汯投资,20-99人,基金,本科,3-5年,"Docker, Linux运维, 系统运维, 运维开发/DevOps, 硬件运维, 计算机相关专业, 运维经验, IDC机房运维, x86服务器, Kubernetes",20-40K·18薪,上海,,2026-06-02 03:06:09
db8f933eb6ccc1cf1HN-0tm4FFQ~,Linux系统驻场运维,富麦科技,20-99人,大数据,大专,1-3年,"Linux, 系统运维",10-12K,上海,,2026-06-02 03:06:29
fae6d1f2f0ce09ca03Bz3dq5E1VY,系统运维工程师,佳期投资,100-499人,基金,本科,3-5年,"桌面运维, 网络运维, 系统运维, Docker, Kubernetes, Ansible/Salt/Puppet, 运维经验, 大数据运维经验, 计算机相关专业, 运维开发经验, 打印机/复印机维修经验",20-25K·14薪,上海,,2026-06-02 03:06:51
fb5ab51cc664b9d50nd82tS-FVZS,基础运维工程师,华钧广汇,20-99人,基金,本科,1-3年,,25-50K,上海,,2026-06-02 03:07:11
ba8667a43037b1280nB42NS_FlZQ,IT系统运维实施专员（日企ERP/MDM方向）,日立解决方案,500-999人,计算机服务,本科,5-10年,"系统运维, 实施交付运维, MySQL/Oracle, 计算机相关专业, 运维经验, 运维开发经验, 用友, 金蝶, 日企项目, ERP运维实施, MDM主数据管理",18-22K,上海,,2026-06-02 03:07:11
7d63b75b90e52fc60nB-3du1FVBY,系统运维工程师(J10416),医管家,10000人以上,物业管理,本科,1-3年,"系统运维, 计算机相关专业, 通信相关专业",8-10K·14薪,上海,,2026-06-02 03:07:32
50251b34d181176f1XB70t24E1tZ,应用系统运维工程师(上海),怡美利康,0-20人,互联网,大专,3-5年,"系统运维, MySQL/Oracle, 计算机相关专业, 大数据运维经验",8-12K,上海,,2026-06-02 03:08:13
e07ba77d233e8a4e0nRy3d26ElBU,新能源运维工程师【用户侧新型电力系统】,固特安能捷低碳科技,20-99人,其他新能源,大专,5-10年,"电子/电气/自动化相关专业, 运维经验, 新能源",8-10K,上海,,2026-06-02 03:08:34
b94e87b50e0292bc0nB42tu6GVtW,运维工程师（上海）,武汉源启科技,100-499人,计算机软件,本科,1-3年,"实施交付运维, 系统运维, 计算机相关专业",7-9K,上海,,2026-06-02 03:08:34
01d13b1ffe40f1731HJ-2tq1GVdQ,系统运维,某知名证券公司,1000-9999人,证券/期货,本科,经验不限,"恒生系统, 资管",20-30K,上海,,2026-06-02 03:08:54
92bce791a8c3bde50nV63d-0FFdR,资深运维工程师,丞策信息科技,1000-9999人,互联网,本科,5-10年,,15-30K·14薪,上海,,2026-06-02 03:09:14
59c11500c55ef7060nZ73di5EVJU,营销系统运维工程师,某大型基金公司,100-499人,基金,本科,经验不限,,18-35K·24薪,上海,,2026-06-02 03:13:22
7c91819b9ab05dcd0nVy3dq8E1NU,交易系统运维工程师（高频交易）,上海某小型金融技术公司,100-499人,基金,本科,经验不限,"系统运维, 桌面运维, 网络运维, 运维开发/DevOps, 计算机相关专业, 通信相关专业, 电子/电气/自动化相关专业, 运维经验, 运维开发经验, 高频交易 量化交易",25-40K,上海,,2026-06-02 03:13:41
7defbfe7d4de05b81H180tq9FlJZ,系统运维工程师,鸣泽信息技术,20-99人,计算机软件,本科,3-5年,"Golang, 网络运维, Java, Elasticsearch, MySQL/Oracle, 大数据运维经验, 系统运维, 运维开发/DevOps, 桌面运维, Python/Shell, 计算机相关专业, 运维经验",7-12K,上海,,2026-06-02 03:14:25
21e69647d40505090nR909S6EFZZ,运维工程师/驻场上海银行,合胜科技,500-999人,计算机软件,本科,1-3年,"系统运维, RGCT-锐捷云桌面, 桌面运维, HCIA-Desktop、aDesk, ACA-阿里云桌面, H3CNA 华三, 计算机相关专业, 银行驻场, 运维经验",6-7K·13薪,上海,,2026-06-02 03:14:25
248797fcf01446a50nB53NS5GVVQ,系统运维,万物安睡,100-499人,电子商务,本科,3-5年,"系统运维, 聚水潭, OMS, WMS",15-20K,上海,,2026-06-02 03:14:46
fcab9e92ad7e1b2c1Xd_29W-FlFW,纯废水系统驻厂运维工程师,上海英统化工有限公司,0-20人,进出口贸易,大专,1-3年,"纯废水系统维护, 电工技能",8-9K,上海,,2026-06-02 03:15:30
e9c98de0cfda942d0nB52967E1dQ,高级运维实施工程师,柯林电气,100-499人,计算机软件,本科,5-10年,"系统运维, 实施交付运维, MySQL/Oracle, Redis, 计算机相关专业, 电子/电气/自动化相关专业, 运维经验",11-16K,上海,,2026-06-02 03:15:51
e279424dee4b2ca10nB-0t-7FVVR,TT运维工程师,上海礼聪,20-99人,互联网,本科,1-3年,桌面运维,7-10K,上海,,2026-06-02 03:16:12
c4743e0f552278bd03Jy3967E1pS,电商系统后端开发运维工程师,数智云信息,0-20人,计算机服务,本科,3-5年,"Java, Redis, Elasticsearch, Docker, 计算机相关专业",10-15K,上海,,2026-06-02 03:16:12
31fb417bf52a7fb10nV529y7GFBS,云平台驻场运维工程师,腾讯,10000人以上,互联网,本科,5-10年,"Nginx, 实施交付运维, MySQL/Oracle, Docker, 系统运维, 运维开发经验, 运维开发/DevOps, Python/Shell, 网络安全相关经验, 运维经验, Kubernetes",12-20K,上海,,2026-06-02 03:16:12
b7193cccb54d9ae003Zz09W9GFNZ,J11480-系统运维岗,光大证券,1000-9999人,互联网金融,硕士,3-5年,,15-30K,上海,,2026-06-02 03:16:33
399301328355ac580nd_2t66FVRR,网络运维工程师,启鸣芯,100-499人,半导体/芯片,本科,5-10年,"网络运维, Java, 通信相关专业, 系统运维, 计算机相关专业, 网络安全相关经验, 运维经验",15-30K·14薪,上海,,2026-06-02 03:16:33
aa258ae68c5c31dd1Hx_29y1GVZW,运维工程师,上海从鲸信息技术,500-999人,互联网,硕士,1-3年,"Golang, 网络运维, Java, 实施交付运维, 系统运维, 计算机相关专业, 运维经验",20-40K·16薪,上海,,2026-06-02 03:16:33
ea35981152c4c14103x_0tW4FFZU,IT系统运维,沪上阿姨,1000-9999人,食品/饮料/烟酒,本科,3-5年,,10-14K·15薪,上海,,2026-06-02 03:22:02
bbe0f1c49e9aef4b0nZ93N-0FVVS,供应链系统运维,大厨管家,20-99人,电子商务,大专,3-5年,"系统运维, 计算机相关专业, 运维经验",10-15K,上海,,2026-06-02 03:22:23
9f95b7dc176a7c310nB_3di1GVpW,初级RPA 系统运维工程师,微创软件,10000人以上,计算机软件,本科,1-3年,,8-10K,上海,,2026-06-02 03:22:23
0f3bb037e0294e6403x93dW6FFdX,系统运维工程师,卡里司马,100-499人,计算机软件,本科,5-10年,,15-25K,上海,,2026-06-02 03:22:44
18945a36cc69f4af031939-8E1ZW,k8s运维工程师,成都创元聚星科技,100-499人,互联网,本科,10年以上,"系统运维, Java, Python/Shell, Golang, Kubernetes, 计算机相关专业, 通信相关专业, 电子/电气/自动化相关专业, 运维经验",25-45K·18薪,上海,,2026-06-02 03:23:27
80be5e9dcbd05b780nd73tm7FVdQ,运维工程师,上海粒子跃动私募基金,0-20人,基金,本科,1-3年,,10-15K,上海,,2026-06-02 03:23:47
5aaedb541d9053d30nB-2tW0ElVQ,运维工程师,九沃生物,20-99人,化工,本科,5-10年,,20-40K,上海,,2026-06-02 03:24:28
bafb64a519e173fe0nB739W7EVBU,运维工程师（中级）,中民强盛,20-99人,物业管理,本科,5-10年,"系统运维, 实施交付运维, Java, 计算机相关专业, 通信相关专业, 运维开发经验, 运维经验, 网络安全相关经验",13-18K,上海,,2026-06-02 03:24:48
50b387f2677f46170ndy2du7EVVY,CargoWise One(CW1)系统运维,恩跃物流,100-499人,物流/仓储,本科,1-3年,,12-15K,上海,,2026-06-02 03:30:18
c5bb03c9112eb9160nd83N26FFNU,系统运维工程师,洛书投资,100-499人,基金,本科,1-3年,,20-40K,上海,,2026-06-02 03:30:18
4a85d69195a502920nd50ty6EFFW,运维工程师（大学结尾）,云通非凡,0-20人,计算机软件,本科,1-3年,系统运维,7-11K,上海,,2026-06-02 03:30:38
7fe661afe777bf460nB-3d-4E1ZS,系统运维工程师,PPIO,100-499人,云计算,本科,3-5年,"系统运维, Python/Shell, 计算机相关专业, 运维经验",10-15K·15薪,上海,,2026-06-02 03:30:38
7e1d7e11d41e0ce30ndy09u4FVVR,运维工程师（证券公司）,深德科,1000-9999人,计算机软件,本科,1-3年,"Python/Shell, Java, 运维开发经验, 系统运维, 证券, 基金, 金融",10-12K,上海,,2026-06-02 03:30:58
193f531fe1be2fca03x92d-7FlBQ,应用系统运维工程师,芯发威达电子,1000-9999人,智能硬件,本科,1-3年,"网络运维, bash脚本, 实施交付运维, 系统运维, powershell, 运维开发/DevOps, 运维开发经验, 桌面运维, Python/Shell, cmd, 网络安全相关经验, 运维经验",8-11K,上海,,2026-06-02 03:30:58
a201c0c504f6dd2e0nB42tS1GFFW,智能制造系统运维技术员,宁德时代智能科技,500-999人,新能源汽车,大专,3-5年,,6-10K·14薪,上海,,2026-06-02 03:31:20
d984e38981ba58a70nB_2tS7GFVR,运维工程师（金蝶系统为主）,美承集团,1000-9999人,批发/零售,本科,1-3年,"系统运维, 运维开发/DevOps, MySQL/Oracle, Kubernetes, 计算机相关专业, 运维经验, 运维开发经验, 网络安全相关经验, 大数据运维经验",13-15K,上海,,2026-06-02 03:31:41
08a1cdcb66804514031939S4GVBT,系统运维及报表开发工程师,丰科生物,500-999人,农/林/牧/渔,本科,经验不限,"Java, 实施交付运维, MySQL/Oracle, 报表开发, 运维开发/DevOps, Python/Shell, 财务U8",11-15K,上海,,2026-06-02 03:32:01
2b0a0e7ea59d04ed0ndz2NW0FlJS,中级桌面运维工程师,上海环友信息技术...,20-99人,计算机软件,本科,3-5年,"桌面运维, 系统运维, 计算机相关专业, 运维经验",10-12K·13薪,上海,,2026-06-02 03:32:01
35e053e34befaed20ndz09y-F1VV,erp系统运维,兆殷特集团,100-499人,计算机软件,大专,3-5年,系统运维,8-10K,上海,,2026-06-02 03:32:01
e3e18aefeb4ebb481Xd729u1E1tW,大数据运维工程师,四优软件,0-20人,计算机软件,本科,1-3年,"系统运维, 桌面运维",8-9K,上海,,2026-06-02 03:32:22
a7739b8004270d5e03B73Nu_EVNS,上海-数据库初级运维工程师,迪思杰(北京)数...,100-499人,计算机软件,本科,1-3年,"DBA, 实施交付运维, MySQL/Oracle, 计算机相关专业, 运维经验",10-15K,上海,,2026-06-02 03:32:22
bfc7ddf3a90c3c840nd909-0GFZU,信息系统运维工程师,上海铎升智能科技,0-20人,计算机软件,本科,1-3年,,6-7K,上海,,2026-06-02 03:32:22
bd819a4e01c06c950nd40t21F1BS,SRE运维工程师,上海前捷,20-99人,计算机软件,本科,5-10年,"自动驾驶, SRE SLO, Docker, 系统运维, 智能制造, 运维经验, on-call, Kubernetes",16-24K,上海,,2026-06-02 03:32:22
0c6a6c17380f79260nd429y1FltW,资深运维工程师（Linux / 监控方向）,上海某大型物流/仓储公司,10000人以上,物流/仓储,本科,5-10年,"系统运维, Java, Python/Shell, Golang, 运维经验, Linux, 监控",30-45K,上海,,2026-06-02 03:32:43
ed7ff1d268ab85420nR-2d61GVZW,系统运维人员,睿呈智能制造,20-99人,计算机软件,大专,1-3年,"Nginx, MySQL/Oracle, Python/Shell, 计算机相关专业, 网络安全相关经验, 运维经验, Kubernetes",8-13K,上海,,2026-06-02 03:32:43
6408bf1d689fa1900nB73t-_ElNZ,系统运维工程师,上海字蒙信息科技,0-20人,企业服务,本科,1-3年,,10-12K,上海,,2026-06-02 03:38:53
3d8f9f1d03daa066031-2t--FlNQ,IT运维工程师,灵童机器人,20-99人,人工智能,本科,3-5年,,12-15K,上海,,2026-06-02 03:39:38
d9027c3ffee7816a0nR72du1F1JV,运维工程师,漳州睿创科技有限公司,0-20人,大数据,本科,1-3年,,11-16K,上海,,2026-06-02 03:39:38
2b4dea60da5d9eb20ndz3NS_FVNS,系统运维工程师,润建股份,1000-9999人,互联网,本科,5-10年,,17-21K,上海,,2026-06-02 03:39:38
35fd3ef58af3bcbe0nB42tW_EFpZ,网络运维工程师,合富,100-499人,医疗器械,本科,3-5年,"网络运维, 系统运维, 运维经验",12-18K,上海,,2026-06-02 03:39:59
9eecc0faf2d97ef303x42t-5EVZS,O32投资系统运维,上海龙华商汇科技发展,0-20人,计算机软件,本科,3-5年,"Python/Shell, 证券, 基金行业专业人员, O32运维系统, 业务系统运维",19-21K,上海,,2026-06-02 03:40:42
f3db559090bc66ac03F43ti8ElVW,大数据运维工程师（赴日）,威士顿信息,100-499人,计算机软件,本科,1-3年,"大数据运维经验, 系统运维, 运维经验",15-20K,上海,,2026-06-02 03:40:42
f1ab89eff97d84640nV529u1FFNX,高级 CDP 运维工程师（银行项目）,某大型计算机软件上市公司,100-499人,计算机软件,本科,5-10年,,25-26K,上海,,2026-06-02 03:41:04
ea44b3dac286926903V92969E1tV,信息技术部系统运维管理岗,西部证券,1000-9999人,证券/期货,本科,5-10年,"Nginx, DBA, 实施交付运维, MySQL/Oracle, 系统运维, 桌面运维, Redis, Python/Shell, IDC机房运维",15-25K,上海,,2026-06-02 03:41:04
6ce9321634f398e903F52dS8FFZV,系统运维工程师,某中型基金公司,100-499人,基金,本科,3-5年,,18-30K·24薪,上海,,2026-06-02 03:47:18
7217673f8f5785be0nZ83t60GFFS,安全运维工程师(J10035),中检天帷,100-499人,信息安全,本科,1-3年,,10-15K,上海,,2026-06-02 03:48:22
77e8ee917c3842ad0nd93N-1GVdV,运维工程师,新汉网络,20-99人,信息安全,本科,5-10年,"网络运维, 网络安全相关经验",7-10K,上海,,2026-06-02 03:48:44
a156ab51c09df0690nZ73di7EVNX,系统运维工程师,某大型基金公司,100-499人,基金,硕士,经验不限,,18-35K·24薪,上海,,2026-06-02 03:53:52
b6ada934446990ad0nR72di_E1NQ,高级系统运维工程师,上海万得基金,100-499人,基金,本科,3-5年,"MySQL/Oracle, Docker, 大数据运维经验, 系统运维, 运维开发经验, Redis, Python/Shell, 计算机相关专业, 网络安全相关经验, 运维经验, Kubernetes",15-28K·14薪,上海,,2026-06-02 03:56:57
d865ebdd716c82891nR52Nu9EVJV,系统运维工程师,智子云,100-499人,互联网,本科,3-5年,"运维, 运维工程师, 系统运维, 网络运维, 运维监控",10-15K·13薪,上海,,2026-06-02 03:56:57
dd4572d6be8288240nR939q0FFFT,系统运维（IDC运维）,上海某大型快递与综合物流服务上市公司,10000人以上,快递,本科,3-5年,,20-40K·15薪,上海,,2026-06-02 04:03:12
0e300a0c1dc52ba80nB52d66EFRY,初级运维工程师,飞榴软件,100-499人,互联网,本科,1-3年,,9-14K,上海,,2026-06-02 04:03:12
716691d4332137a30nR-3Ni5ElZY,运维工程师,上海瑟服科技有限公司,20-99人,计算机服务,本科,3-5年,"网络运维, 通信相关专业, Docker, 系统运维, 运维开发/DevOps, 运维开发经验, Python/Shell, 计算机相关专业, 网络安全相关经验, 运维经验, Kubernetes",12-18K,上海,,2026-06-02 04:04:58
6fa9ae11c72651e60nB709S0EVJV,SRE运维工程师,联众优车,1000-9999人,互联网金融,本科,5-10年,"Golang, 深度掌握阿里云服务, 通信相关专业, K8s+Docker核心技能, 运维开发/DevOps, Python/Shell, 计算机相关专业, 运维经验, 实施交付运维, Ansible/Salt/Puppet, Docker, 大数据运维经验, 系统运维, 运维开发经验",20-25K,上海,,2026-06-02 04:10:27
b0d07cbdfb436ca80nB42t-5EFNQ,SRE应用运维工程师,新纽科技,500-999人,计算机软件,本科,3-5年,,10-14K,上海,,2026-06-02 04:12:11
86bdf479081e423b0nV439q1EVRQ,Linux运维工程师（外企驻场）,岱凯,100-499人,通信/网络设备,本科,5-10年,"系统运维, 运维经验, Linux",23-26K,上海,,2026-06-02 04:17:03
b434bd057dcc0d440nZ52d6-ElFR,运维工程师（阿里云）,百思奥,20-99人,计算机软件,本科,5-10年,系统运维,12-18K,上海,,2026-06-02 04:18:46
34ea1587b4c8b00d0nB_0924FFBT,资深idc运维工程师,bilibili,10000人以上,互联网,本科,5-10年,,40-60K·15薪,上海,,2026-06-02 04:30:04
80cf5e7ca40bcbe70nB_0t-0E1FT,运维工程师（阿里云）,四川伊惟特麓吟企...,100-499人,互联网,本科,3-5年,"Python/Shell, 运维经验, 快递, 阿里云, 物流, 电商",10-15K,上海,,2026-06-02 04:31:29
3c5125401ca1633b0nVy0tW-GFdV,运维工程师,用畅科技,20-99人,计算机软件,本科,1-3年,"系统运维, 实施交付运维, 计算机相关专业, 运维经验, 运维开发经验, 用友YS/T+/U8, 用友ERP产品",6-9K,上海,,2026-06-02 04:32:52
6c9afefd402d03470nd60ty6FldY,初级运维工程师,宇量昇,100-499人,半导体/芯片,本科,1-3年,,15-20K,上海,,2026-06-02 04:38:18
13ac4c81d49aaaf10nB-2dS-FlNX,ERP运维工程师,上海沛塬电子有限公司,100-499人,半导体/芯片,本科,5-10年,,12-17K,上海,,2026-06-02 04:39:41
aa86f01b755c6ba40nd429m8ElVW,资深运维工程师（Linux / 监控方向）,上海某大型物流/仓储公司,1000-9999人,物流/仓储,本科,5-10年,"Nginx, Ansible/Salt/Puppet, Elasticsearch, MySQL/Oracle, Linux, 系统运维, Python/Shell, 计算机相关专业, 运维经验",28-35K,上海,,2026-06-02 04:40:02
8416f8e270fa74cf0nB_29m0FFtV,it运维工程师,江苏启檬科技有限公司,20-99人,互联网,本科,3-5年,"桌面运维, 网络运维, 系统运维, IDC机房运维, 计算机相关专业, 打印机/复印机维修经验, IT运维",7-10K,上海,,2026-06-02 04:40:22
cc50576fa4ad35011HF40ti8FFFT,开发运维工程师,上海念觉私募,20-99人,基金,本科,1-3年,"DevOps 工程师, 运维开发/DevOps, 运维开发经验, 量化平台运维开发, Python/Shell, python开发",15-20K,上海,,2026-06-02 04:47:14
34cb578d1f31ee4d0nd_396-GFVS,运维工程师,法本,10000人以上,计算机软件,本科,3-5年,"阿里云, OB数据库, MySQL/Oracle, 系统运维, Redis, 运维经验",10-15K,上海,,2026-06-02 04:55:36
e8c60649599618180nB73N66EVJX,云运维/网络运维工程师,慧博云通,10000人以上,计算机软件,本科,5-10年,"系统运维, 网络运维, Python/Shell, Nginx, Redis, Elasticsearch, Docker, 阿里云, 云平台运维, 私有云, 局域网",10-12K,上海,,2026-06-02 05:01:05
2653effb04268f280nd52d28GFJY,系统模型运维工程师,共联通信,500-999人,通信/网络设备,本科,1-3年,,15-20K,上海,,2026-06-02 05:01:27
f670f9b90aca96580nd80tu_E1JQ,运维工程师（K8S）,申朴信息,10000人以上,互联网金融,本科,5-10年,"熟悉云平台, k8s, openstack, 中间件, 云计算",13-16K,上海,,2026-06-02 05:02:29
b8a97b28d7eee8540ndy39-9GFtR,高级系统运维工程师,上海埃迪希科技服务,100-499人,人工智能,本科,经验不限,,20-40K·15薪,上海,,2026-06-02 05:11:25
7a1936ebc26921b80nd53dS0EFtU,系统运维工程师,兴业数金,1000-9999人,互联网,本科,1-3年,"系统运维, IDC机房运维, 实施交付运维, MySQL/Oracle, Kubernetes, 计算机相关专业, 通信相关专业, 电子/电气/自动化相关专业, 运维经验, 运维开发经验",15-30K·15薪,上海,,2026-06-02 05:18:41
a36598d2976d35ae0nRz2Ny8EFVZ,系统运维工程师,浙商基金,100-499人,基金,本科,3-5年,,15-23K·16薪,上海,,2026-06-02 05:26:02
316595e613d727fe0nd62dy-EFRX,中级系统运维工程师,上海生工,1000-9999人,生物/制药,本科,1-3年,,13-18K,上海,,2026-06-02 05:33:00
e079ae41469e90da0ndz39S6F1FV,系统运维工程师/DevOps运维工程师,朗坤智链,0-20人,互联网,本科,3-5年,,15-20K·13薪,上海,,2026-06-02 05:33:00
325b154ff824ff5a0nd-3Ni_F1dV,系统运维-上海,金证股份,1000-9999人,计算机软件,本科,1-3年,"实施交付运维, 系统运维",9-12K,上海,,2026-06-02 05:33:20
ba43939053000f7b0nR72Nu9GFRT,系统运维工程师,上海鸣石,100-499人,基金,本科,经验不限,"系统运维, 运维开发经验, 计算机相关专业, 运维经验, IDC机房运维",15-20K,上海,,2026-06-02 05:33:20
ab72177bcf8e34620ndy3Nu7EFFY,it系统运维工程师,她研社,500-999人,日化,本科,3-5年,,18-23K·14薪,上海,,2026-06-02 05:33:20
4157d4920105bff50nB73tW-EFpY,运维工程师,软通动力,10000人以上,计算机软件,本科,3-5年,"监控运维, 智能驾驶方面经验, linux系统运维, 数据库运维, 工单问题处理",9-11K,上海,,2026-06-02 05:33:41
35c6c31416b95c1b0nB-09q4EFVU,运维工程师,嘉为科技,500-999人,计算机服务,本科,经验不限,"系统运维, Python/Shell, Redis, Docker, MySQL/Oracle, Linux运维, K8S",10-15K·13薪,上海,,2026-06-02 05:33:41
e509bc4ca0605a050nB-2dy9EFpY,IDC运维工程师,芯大通,100-499人,半导体/芯片,本科,1-3年,,9-14K,上海,,2026-06-02 05:34:02
240af06e0beb76620nB529-6FFJS,运维工程师,彩虹无线,100-499人,互联网,本科,3-5年,,14-15K,上海,,2026-06-02 05:34:02
7b76cd3f960e8fcb031y3dm1FFFU,GRE（游戏可靠性工程师）,Garena,1000-9999人,游戏,本科,5-10年,"网络运维, 通信相关专业, 网络硬件配置, 系统运维, 游戏运维, 多机房容灾, 服务器运维, Python/Shell, 计算机相关专业, 网络安全相关经验, IDC机房运维",25-35K·15薪,上海,,2026-06-02 05:34:24
641c34a6e7037d8c1HF63d25FVFV,Linux运维工程师(A78922),上海开赟,20-99人,计算机服务,本科,经验不限,"实施交付运维, Linux, 系统运维, HCIE, 桌面运维, 计算机相关专业, 运维经验, RHCE",7-8K,上海,,2026-06-02 05:34:24
7cd1aaf678b313fe1H1-2d-5GFZX,运维工程师,国诚投顾上海分公司,500-999人,证券/期货,本科,1-3年,"Nginx, 运维开发/DevOps, Redis, Python/Shell, 计算机相关专业, 网络安全相关经验, 运维经验, 实施交付运维, MySQL/Oracle, Docker, 系统运维, 运维开发经验, IDC机房运维",8-12K,上海,,2026-06-02 05:34:24
cb609bfede58cbe103J52ti9EFRS,系统运维工程师（WILL实验室）,宽德投资,100-499人,基金,本科,经验不限,"网络运维, 通信相关专业, Docker, 系统运维, 计算机相关专业, Kubernetes",30-50K·16薪,上海,,2026-06-02 05:34:24
cb41c1e9ba6677e21Xx40tq6FVtX,高级系统运维工程师,青山贸易,10000人以上,进出口贸易,本科,经验不限,"Java, MySQL/Oracle, 大数据运维经验, 系统运维, 计算机相关专业, 运维经验",10-12K·13薪,上海,,2026-06-02 05:35:08
10566fe1e12f1b170nZ70tu6FFpU,运维工程师 (MJ000670),傅利叶智能,500-999人,人工智能,本科,3-5年,,15-30K·15薪,上海,,2026-06-02 05:35:08
03128a7dcb6672941nB_39W5ElBR,系统运维工程师,星杰云家居科技,20-99人,计算机软件,大专,1-3年,"系统运维, 网络协议, Oracle, SQL Server, MySQL",7-10K·13薪,上海,,2026-06-02 05:35:08
ff72f7430e46abc20nB43Ni9GFdR,系统运维主管,中邮数智,100-499人,计算机软件,本科,5-10年,,20-35K,上海,,2026-06-02 05:35:08
852e5abb23d0dd211HF-39u8EVBQ,运维工程师,玖餐科技,0-20人,咨询,本科,1-3年,,5-8K,上海,,2026-06-02 05:35:30
f9d3a1fe02db6d400nd83di5EVRS,驻场PC服务器工程师（上海）,银信科技,1000-9999人,计算机软件,本科,3-5年,"服务器故障定位能力, 系统运维, Python/Shell, 计算机相关专业, 系统虚拟化经验, 运维经验, 故障处理经验, IDC机房运维",8-12K,上海,,2026-06-02 05:35:30
787ba6e6a589ecd41XJ60ty4FlpR,高级系统运维工程师,森浦Sumscope,500-999人,大数据,本科,5-10年,"系统运维, 网络运维, IDC机房运维",30-40K,上海,,2026-06-02 05:35:30
0dbc5cfed2b4b4e10nd53dS1GVFW,系统运维工程师,兴业数金,1000-9999人,互联网,硕士,在校/应届,"系统运维, 运维开发/DevOps, DBA, 实施交付运维, MySQL/Oracle, Kubernetes, 计算机相关专业, 通信相关专业, 电子/电气/自动化相关专业, 运维经验",12-24K·15薪,上海,,2026-06-02 05:35:30
0c14f8b6d387e5920nR40tS-FVRY,VOS技术运维工程师（语音业务）,天福诺,20-99人,运营商/增值服务,本科,3-5年,"通信相关专业, 大数据运维经验, 系统运维, 计算机相关专业, 网络安全相关经验, 运维经验",12-15K,上海,,2026-06-02 05:35:30
888333e2d931788a1Hx63d25EVpU,软件实施运维工程师,全星科技,0-20人,计算机软件,本科,1-3年,"实施交付运维, MySQL/Oracle, 计算机相关专业, 运维经验, 运维开发经验, 前端开发, QMS, MES",7-10K,上海,,2026-06-02 05:35:30
60dfaad4b6031e9803Ry3920F1tY,多媒体系统运维工程师,天首信息科技(上...,0-20人,智能硬件,本科,1-3年,"接受实习/在校生投递, 通信相关专业, 系统运维, 计算机相关专业, 电子/电气/自动化相关专业, 网络安全相关经验, 运维经验",9-12K,上海,,2026-06-02 05:35:50
3b8827bdf0870e550nB62tu9EVNW,高级sre运维工程师,九方智投,1000-9999人,证券/期货,本科,5-10年,"云原生, Docker, MySQL/Oracle, 容器化, 系统运维, SRE, 运维开发经验, Redis, 自动化, 计算机相关专业, 高可用, Kubernetes",30-45K·15薪,上海,,2026-06-02 05:35:50
be2690ec73fa8ed90nB73Nu-GVpU,运维工程师,南京海蕴通信息科技,20-99人,通信/网络设备,本科,1-3年,,10-15K,上海,,2026-06-02 05:36:11
c2a4f464021bb76b031839u8EldV,运维工程师,用友金融,1000-9999人,计算机软件,本科,1-3年,,12-16K,上海,,2026-06-02 05:36:11
4d8cbd04db5d445f0nB439u-FVFQ,云平台运维工程师,诚云科技,500-999人,互联网,本科,3-5年,"网络运维, 系统运维, MySQL/Oracle, Python/Shell, Java, 运维经验",20-29K,上海,,2026-06-02 05:36:11
16621af912acc8160nZ52Ny7FFBT,高级it运维工程师,上海某小型人工智能公司,20-99人,人工智能,本科,3-5年,,25-50K·15薪,上海,,2026-06-02 05:36:11
1949c0dee5032a7e0nB-0tu7ElpV,AI解决方案工程师（上海）,依图,100-499人,人工智能,本科,3-5年,"Golang, Java, Docker, 运维开发工程师, 系统运维, 运维开发/DevOps, 运维开发经验, Python/Shell, FDE工程师, 运维经验, Devops工程师, Kubernetes",12-20K·14薪,上海,,2026-06-02 05:36:11
b367d675552ad6d41HZ72N-6F1pZ,系统运维/应用运维/网络运维工程师,家多多,20-99人,批发/零售,本科,3-5年,"网络运维, 系统运维, Python/Shell, Ansible/Salt/Puppet, 运维经验",18-35K,上海,,2026-06-02 05:36:11
afd28b0437a90fba0nZ72t-7GFpY,高级运维工程师(J02448),上海能良,1000-9999人,电子商务,本科,5-10年,,15-25K,上海,,2026-06-02 05:36:11
33a44fbd04f87c730ndz3tW6F1pT,系统智能运维专家,字节跳动,10000人以上,互联网,本科,经验不限,"系统运维, 运维开发/DevOps, Python/Shell, Golang, 运维经验, 计算机相关专业, 通信相关专业, 电子/电气/自动化相关专业, 运维开发经验, SRE",25-40K·15薪,上海,,2026-06-02 05:36:11
81acd827646755c00nR-0tm0EltU,网络与Linux运维工程师,锐天投资,20-99人,基金,本科,3-5年,"网络运维, Docker, Python/Shell, Kubernetes",20-40K·17薪,上海,,2026-06-02 05:42:42
e702de0c96d2a8870HB70tm6EVA~,运维系统支持工程师,hrtps 才历,100-499人,互联网,本科,3-5年,"运维工程师, linux, k8s, jenkis, python",15-25K,上海,,2026-06-02 05:44:28
8fa4fb9663b5e2cf0nB42tS8FVdX,系统运维,上海柏楚,1000-9999人,计算机软件,本科,3-5年,系统运维,13-17K·16薪,上海,,2026-06-02 05:49:56
9e0f7887a33b29740nVz2d-9FltY,办公系统运维工程师（驻场）,证通股份,100-499人,互联网金融,大专,3-5年,,10-15K,上海,,2026-06-02 05:50:18
df7f83a0ad3f8b1f0nB_2ti-FVRQ,系统运维工程师,海万科技,1000-9999人,互联网,本科,3-5年,"Docker, 系统运维, Python/Shell, 计算机相关专业, 运维经验, Kubernetes",13-17K,上海,,2026-06-02 05:50:38
9ad23c4f3a2945fb0nd-2N21GVpZ,高级服务器运维工程师,碳和科技,20-99人,大数据,本科,3-5年,"系统运维, 运维开发/DevOps, IDC机房运维",12-20K,上海,,2026-06-02 05:52:45
de90b765f46be2601n172dS-FFJY,系统运维工程师,恺佧生物,100-499人,医疗健康,本科,1-3年,"SQL, Nginx, Redis, SQL Server, MES系统, ERP系统",8-12K·13薪,上海,,2026-06-02 05:58:41
83a059b16acc33ad0nd72Ni0GVBY,运维工程师,上海寰润信息科技,20-99人,通信/网络设备,本科,1-3年,,8-13K,上海,,2026-06-02 06:05:37
d050662575f97e370nB439S8FVpX,系统运维（偏业务沟通）,兆殷特集团,100-499人,计算机软件,大专,3-5年,"系统运维, MySQL/Oracle, er'p, 财务, 业务系统",8-10K,上海,,2026-06-02 06:06:39
c7a37787b81dd1bb03x53N-0FVNX,高级系统运维工程师（运维组负责人）,爱奇迹科技,500-999人,进出口贸易,本科,10年以上,"系统运维, 运维开发经验, 运维经验, Kubernetes",30-40K·18薪,上海,,2026-06-02 06:12:14
150c7fd38362c5ed0nB_29u0F1dR,基础架构运维工程师,上海智筑数科信息技术,20-99人,计算机服务,本科,5-10年,"桌面云, 虚拟化和超融合技术, vmware, 计算机相关专业, 深信服, 运维经验, netapp",21-25K,上海,,2026-06-02 06:13:16
9e2777fc627f35a40nRy29W8ElJR,系统运维工程师,青岛上合航天,100-499人,铁路/船舶/航空/航天制造,本科,3-5年,,15-20K,上海,,2026-06-02 06:18:46
24e1ee99bbfab45903N-2924E1VR,桌面运维工程师,星奇半导体,100-499人,半导体/芯片,本科,1-3年,,13-20K,上海,,2026-06-02 06:20:12
63442c9d99130e951nRz09W_GVZR,系统运维工程师,善鼎生物科技有限公司,20-99人,农/林/牧/渔,本科,3-5年,"运维, 系统运维, IT技术支持, 运维开发",15-20K,上海,,2026-06-02 06:27:11
ecababbe309bce961XB509m0EVs~,系统运维工程师,国家金融信息中心,1000-9999人,互联网金融,本科,3-5年,"MySQL, Linux, 网络安全",15-25K,上海,,2026-06-02 06:28:13
6ab9717cf4ed1aa10nZ52d27FFpR,运维工程师,上海握蓝航天科技,20-99人,计算机软件,本科,1-3年,"实施交付运维, 系统运维",9-14K,上海,,2026-06-02 06:28:56
39480989be82a9840nB-0t69FFZY,TT运维工程师-上海,上海礼聪,20-99人,互联网,本科,3-5年,桌面运维,7-10K,上海,,2026-06-02 06:35:50
52644ee749f84fdd0ndz0ty1GFNS,智能系统运维工程师,某知名互联网公司,1000-9999人,互联网,本科,3-5年,,20-35K·13薪,深圳,,2026-06-02 06:44:46
d506abecbf00fe040nB_3N-9GFVU,"运维工程师(保险经验,系统开发运维经验优先",慧博云通,10000人以上,计算机软件,大专,1-3年,,10-13K,深圳,,2026-06-02 06:44:46
3736cac23b25877a0nB-39-4GVNY,系统运维工程师-中级（金蝶ERP&SRM）,广州九雏科技有限公司,20-99人,计算机软件,大专,3-5年,"系统运维, Python/Shell, 运维经验, erp",10-12K,深圳,,2026-06-02 06:44:46
0721eab77be829ac0nB_09y1EFpV,应用系统运维,广州如是纵横科技服务,500-999人,互联网,大专,3-5年,"车企dms系统应用运维, 云运维经验, DMS",9-10K,深圳,,2026-06-02 06:44:46
afca137c4814f6c20nd-2tS4EFNR,财务ERP系统运维工程师（金蝶 财务数字化）,中科物联,100-499人,互联网,本科,5-10年,"系统运维, 计算机相关专业, 运维经验, 财务, 金蝶ERP, 财务数字化",10-15K,深圳,,2026-06-02 06:44:46
ae16b8e69d2b50570nB709m1FFRQ,系统运维（深圳）,维创,100-499人,通信/网络设备,本科,5-10年,,18-23K,深圳,,2026-06-02 06:44:46
1af78b9af9467b0b0nB_29S_GVFS,系统运维工程师,诺博医疗,100-499人,医疗健康,本科,5-10年,,16-24K,深圳,,2026-06-02 06:44:46
d6282929316c221f0nB-3Nu6EVZY,系统运维（保险项目/13薪）,中软国际,10000人以上,计算机软件,本科,5-10年,"系统运维, Python/Shell, 运维经验, 计算机相关专业, 通信相关专业, 电子/电气/自动化相关专业",13-16K·13薪,深圳,,2026-06-02 06:44:46
3228692759702b270nZ_0tq6EVpU,运维工程师,酷鱼科技,0-20人,互联网,高中,3-5年,"网络运维, 系统运维, 计算机相关专业, 网络安全相关经验, 运维经验",8-12K,深圳,,2026-06-02 06:45:06
1be7a511a6cc407a0nB609-5ElBV,桌面运维工程师,中保车服,100-499人,互联网金融,本科,3-5年,"网络运维, 系统运维, 桌面运维, 计算机相关专业, 打印机/复印机维修经验, 运维经验",7-9K·15薪,深圳,,2026-06-02 06:45:06
73a9fd081c743bb91Hx73du6ElFR,系统运维工程师,启朔科技,100-499人,互联网,大专,5-10年,监控,17-25K·13薪,深圳,,2026-06-02 06:45:06
efaf5a1a60f6554d0nV-39-5EFtV,系统运维工程师（深圳工厂PCB）,深圳市景旺电子股...,10000人以上,电子/硬件开发,本科,3-5年,,12-18K·13薪,深圳,,2026-06-02 06:45:06
3c0425155f5bf6310ndz3tW9ElZY,Windows 服务器系统运维工程师,速递管家在线,20-99人,计算机软件,大专,1-3年,"网络运维, 系统运维, 计算机相关专业",8-10K,深圳,,2026-06-02 06:45:06
aae8ddc3fded92ef0nd-2t69EFpW,云运维工程师,润湃科技,20-99人,互联网,本科,3-5年,"通信相关专业, 运维开发/DevOps, 运维开发经验, 计算机相关专业, 网络安全相关经验, 运维经验",20-25K,深圳,,2026-06-02 06:45:06
65105ad91eea2a430nd82NS8GVRR,资深运维/DBA 工程师,深圳聚跃互动科技,100-499人,游戏,大专,1-3年,DBA,30-50K,深圳,,2026-06-02 06:45:06
deb859d429e94436031-29q_ElVU,系统运维工程师,汝原,100-499人,智能硬件,本科,3-5年,,15-30K·15薪,深圳,,2026-06-02 06:45:06
7e98dd90e40a9dd91Xd-3964GVJQ,系统运维工程师 国企直招,光明海吉星,20-99人,批发/零售,本科,5-10年,"Oracle, SQL Server, 系统运维",11-19K,深圳,,2026-06-02 06:45:06
9176b902859f40320ndy2dS0FFNS,高级桌面运维工程师,TP-Link,10000人以上,通信/网络设备,本科,经验不限,,18-30K·16薪,深圳,,2026-06-02 06:45:06
3c6d73f3ea73c07b1HB63Nu5E1ZQ,金蝶系统运维,永旭兴业,100-499人,半导体/芯片,大专,3-5年,"MySQL/Oracle, 系统运维, 金蝶系统, CRM、星空bos系统, groovy语言",9-14K·13薪,深圳,,2026-06-02 06:45:06
a7db3e2e4820899a1H1_39i5FlBU,系统运维工程师,比亚迪汽车工业,10000人以上,汽车研发/制造,本科,5-10年,系统运维,18-35K,深圳,,2026-06-02 06:45:06
49f0c26d3b16b9bf0nZy3N-0FFJR,SRE 运维工程师,VDX,20-99人,计算机软件,本科,1-3年,"系统运维, Docker, 运维经验, 7*24",11-20K·14薪,深圳,,2026-06-02 06:45:06
199804cdff7c3d6b0nV43d-0GFVS,系统运维工程师,中信证券,10000人以上,证券/期货,本科,5-10年,,20-35K·16薪,深圳,,2026-06-02 06:45:06
1f78a76740a22e890nd_3t20F1BZ,系统应用运维工程师(证券核心交易系统）,某知名证券上市公司,1000-9999人,证券/期货,本科,3-5年,,20-25K·18薪,深圳,,2026-06-02 06:45:27
07e333eaf7dee7d303Ry29-0GVtS,Linux系统运维工程师,卓驭,1000-9999人,人工智能,本科,5-10年,"系统运维, 运维经验, 通信相关专业, 计算机相关专业, Linux系统运维, 操作系统, CentOS, Ubuntu, Linux运维",20-40K·15薪,深圳,,2026-06-02 06:45:27
92d12983f89421e50nB70tu-FlJW,网络运维工程师,深圳市新航通通信产品,0-20人,企业服务,本科,3-5年,"网络运维, 系统运维, 实施交付运维, 运维经验, 网络通信",18-20K,深圳,,2026-06-02 06:45:27
14755d6f1450e93b03N629m_GVRU,mes系统运维工程师,拓竹科技,1000-9999人,智能硬件,本科,1-3年,运维开发经验,15-30K·15薪,深圳,,2026-06-02 06:45:27
d52253a38fe56b660nB429S8EVtY,初级运维工程师,亮亮欣控股,100-499人,电子商务,本科,1-3年,,6-8K,深圳,,2026-06-02 06:45:27
6ea839c5fba46bfd0nB53dW9EVRU,海外运维工程师（驻阿联酋阿布扎比）,依图,100-499人,人工智能,本科,3-5年,"海外运维, 实施交付运维, MySQL/Oracle, Docker, 系统运维, 运维工程师, 驻外, Python/Shell, Kubernetes",20-30K·14薪,深圳,,2026-06-02 06:45:27
75f85b0f710583e10nd43tm6EldV,运维实施工程师,广州衡联,20-99人,计算机软件,本科,5-10年,,10-15K,深圳,,2026-06-02 06:45:27
ac0a58d5f03822a00nd-2NW-FlpQ,系统运维经理,优必选机器人,1000-9999人,智能硬件,本科,10年以上,"系统运维, 运维经验, 计算机相关专业",12-20K,深圳,,2026-06-02 06:45:27
8d78cfe9876cd0740nB_0tq-EFpT,运维工程师,京北方,10000人以上,互联网金融,本科,1-3年,,10-15K,深圳,,2026-06-02 06:45:27
b92bf1e13bf4206d0nV63N2-F1dS,系统运维工程师（株洲）,光启技术股份有限公司,1000-9999人,铁路/船舶/航空/航天制造,本科,1-3年,"系统运维, 计算机相关专业",8-12K,深圳,,2026-06-02 06:45:27
f1cf5e0bb10110460nB72921EVVV,技术运维工程师,爱华智能,100-499人,仪器仪表,本科,1-3年,"实施交付运维, MySQL/Oracle, 运维经验",8-10K,深圳,,2026-06-02 06:45:27
4bd2797db249b9700nB_2tq1FlpX,应用系统运维工程师,壹账通,1000-9999人,互联网金融,本科,5-10年,"服务器配置, 分布式技术, PostgreSQL, Redis, 系统运维, 自动化运维, Nginx, Tomcat",25-30K·16薪,深圳,,2026-06-02 06:45:27
586fea0cd84bac861XR509-9E1RV,系统运维岗,前海开源基金,100-499人,互联网金融,本科,经验不限,服务器配置,15-30K·24薪,深圳,,2026-06-02 06:45:27
02869268603d176c03153Nu8FFNZ,应用运维工程师,科荣软件,100-499人,计算机软件,本科,3-5年,,12-16K,深圳,,2026-06-02 06:45:27
89fa0fe3073d22c20nZz09i_E1NU,系统运维专家,景佑宝元,100-499人,计算机软件,本科,5-10年,系统运维,25-50K·16薪,深圳,,2026-06-02 06:45:27
a6e939196d59e5810nB52di8EFtV,运维工程师【中移集团驻场+双休】,人瑞人才科技集团,1000-9999人,人力资源服务,本科,3-5年,"系统运维, 运维开发经验, Python/Shell, 网络安全相关经验, 运维经验",10-13K,深圳,,2026-06-02 06:45:49
55f28e4328e25f620nB-3d61ElBZ,运维工程师（服务器）,软通动力,10000人以上,计算机软件,本科,3-5年,"实施交付运维, 硬件, 服务器, 交付",13-18K,深圳,,2026-06-02 06:45:49
0c23a15bc3e4609c1XZ72dS1ElNU,应用系统运维工程师,民航成都电子,1000-9999人,计算机服务,本科,1-3年,"Java, Linux, Shell, SQL, Windows, AIX, Oracle, 系统运维",8-12K·13薪,深圳,,2026-06-02 06:45:49
6bf26819e320da471n1y3tW0ElJZ,系统运维工程师,国美电器,1000-9999人,其他行业,大专,3-5年,"系统运维, 自动化运维, Linux, Windows, Python, 服务器配置, 容器技术, 虚拟机技术",15-25K·13薪,深圳,,2026-06-02 06:45:49
2a0e68ad234e930a0nB50tu7FlRZ,高级系统运维工程师,序启科技,0-20人,互联网,本科,3-5年,,500-700元/天,深圳,,2026-06-02 06:45:49
3a9712d9ddcba7741HZ90t66FlBX,系统运维工程师,虹云数据,20-99人,计算机服务,大专,1-3年,"系统运维, 计算机相关专业, 熟悉Linux环境及命令, 熟悉Sql, 熟悉自动化运维工具",10-15K·13薪,深圳,,2026-06-02 06:45:49
fb4273c5285f98701XV60ti-FlVT,系统运维工程师,51itlab,20-99人,职业培训,大专,1年以内,"Shell, Linux, 系统运维, 桌面运维",6-10K,深圳,,2026-06-02 06:45:49
32387fabddf8ed671HV529W5FFVZ,it系统运维工程师,深圳市全浩宇科技,20-99人,计算机服务,学历不限,3-5年,"网络运维, 系统运维, 桌面运维, 计算机相关专业, 网络安全相关经验, 运维经验",6-8K,深圳,,2026-06-02 06:45:49
d389992cad091e160nB_3dS8EFZQ,系统运维经理/双休/团队氛围好,陕西元凯信息咨询,20-99人,互联网,本科,5-10年,"系统运维, 运维开发/DevOps, Docker, Ansible/Salt/Puppet",15-30K,深圳,,2026-06-02 06:45:49
49fe718d6f25374e1HR_39u8FFZY,系统运维,朗闰,20-99人,计算机服务,大专,3-5年,"系统运维, Redis, MySQL/Oracle",20-35K,深圳,,2026-06-02 06:45:49
0b3d417342df6b5d0n1z0tS7FlU~,系统运维工程师,华润股份,10000人以上,计算机软件,本科,经验不限,"系统运维, 运维开发, Shell, 虚拟机技术, Linux, IBM小型机",18-25K,深圳,,2026-06-02 06:45:49
44015a47c7fee27e0nB_2tq6EFRS,it运维工程师,易达斯,20-99人,汽车智能网联,本科,3-5年,"桌面运维, 网络运维, 系统运维, IDC机房运维, 计算机相关专业, 运维经验",9-13K,深圳,,2026-06-02 06:45:49
b4cd1cbcddb71cd41HJ429i-F1FR,工业污染源废水在线监测系统运维资深工程师,润锦环境,20-99人,环保,大专,3-5年,"工业废水, 在线监测, 废水在线监测",9-13K,深圳,,2026-06-02 06:45:49
fbf32f379ebf907f0nZ53t69FVZT,金融系统维护工程师,深圳范联科技有限公司,20-99人,计算机软件,本科,1-3年,,9-12K·14薪,深圳,,2026-06-02 06:45:49
489292957db0ab5e0nZ929y8EFRQ,IT 运维工程师,目心,100-499人,智能硬件/消费电子,本科,1-3年,"桌面运维, 网络调优, 资产管理",9-12K,深圳,,2026-06-02 06:45:49
68595bfb7990dd621HZ_0tu8GVVQ,桌面运维工程师,兴业云,20-99人,计算机服务,大专,经验不限,"网络运维, 系统运维, 桌面运维, 计算机相关专业",5-7K,深圳,,2026-06-02 06:46:10
471934c2a0eb63580nR_39y-FlpT,IT与业务系统运维--智能硬件/AI平台方向,深圳市美好憧憬科技,20-99人,人工智能,本科,3-5年,,15-30K,深圳,,2026-06-02 06:46:10
174981522256bf7203F73t-5FVpS,系统运维工程师,深圳市慧鑫信息技术,20-99人,通信/网络设备,大专,3-5年,"网络运维, 系统运维, 计算机相关专业",6-8K,深圳,,2026-06-02 06:46:10
825c526e5ae9b1d43nR_2dq1GFs~,mes系统运维工程师,贝高智慧,20-99人,计算机软件,大专,经验不限,"运维工程师, 项目实施",6-10K,深圳,,2026-06-02 06:46:10
ff213770633867ce0nd82tu_EldY,网络安全运维工程师,深圳易航智联科技,20-99人,跨境物流,本科,3-5年,"网络运维, Linux/Windows, DevSecOps, 系统运维, CISP/CISSP/CISA, 腾讯云, Python/Shell, 计算机相关专业, 网络安全相关经验, 运维经验, TCP/IP协议",10-15K,深圳,,2026-06-02 06:46:10
b0b7c949a2f32ee40nR_2Nu1GVJU,k8s运维工程师,深圳安信智科安防科技,20-99人,计算机/通信/其他电子设备,本科,5-10年,网络运维,20-40K,深圳,,2026-06-02 06:46:10
8da6b397e6e100560nVz3Ni8FFpT,系统运维专员,深圳市壹方智维实...,0-20人,其他专业服务,本科,在校/应届,"系统运维, IDC机房运维, 电子/电气/自动化相关专业, 运维经验, 实验室运维服务",7-8K,深圳,,2026-06-02 06:46:10
e509e5fb2a68e13c1nF-29m-GFtZ,业务系统运维工程师,混沌天成期货,100-499人,证券/期货,本科,1-3年,"系统运维, 桌面运维",7-10K·14薪,深圳,,2026-06-02 06:46:10
a7fb0c23f99539c80nZ82du1FlVR,运维工程师,卡儿酷,1000-9999人,进出口贸易,本科,1-3年,运维经验,13-17K,深圳,,2026-06-02 06:46:10
293eca2d7d1e52460nd429m5F1FX,高级运维工程师(A66999),智能派科技,1000-9999人,智能硬件,本科,5-10年,,20-25K·15薪,深圳,,2026-06-02 06:46:10
22a544ac0899c750031z2dy1E1FY,it运维工程师,深圳国家高技术产...,100-499人,政府/公共事业,本科,3-5年,,10-15K,深圳,,2026-06-02 06:46:10
590cb93bb0670e340nB-0tu8EFFV,ERP运维工程师,安培时代数字能源科技,500-999人,储能,本科,3-5年,,12-18K,深圳,,2026-06-02 06:46:10
6f2fb6ee7f8c782c03F_39u5EFJQ,物联网运维工程师,广东国科城市大脑科技,20-99人,计算机软件,本科,3-5年,"运维开发经验, 物联网, 智慧城市, 运维经验, 化工/能源/制造行业",7-12K,深圳,,2026-06-02 06:46:10
d56a09271af205650ndz0ti_GFVQ,数据中心高级运维工程师,沃尔玛(中国),10000人以上,生活服务(O2O),本科,5-10年,,25-45K·13薪,深圳,,2026-06-02 06:46:10
bbf5f3af3179d4811XJ529W4E1NU,运维工程师（岗位1）,北大软件,1000-9999人,互联网,本科,1-3年,"驻场运维, 系统运维",5-8K,深圳,,2026-06-02 06:46:10
f33a7f7f2b50f8361nFz2Nu4FFpZ,系统运维工程师,天威网络,100-499人,计算机软件,本科,3-5年,"Linux, Shell, Zabbix, MongoDB, 系统运维, 容器技术, Jenkins, RHCSA",9-14K,深圳,,2026-06-02 06:46:30
6b21e43f1abc9ed40nB729W5F1BZ,物流系统运维工程师,伯聚世通,20-99人,跨境物流,本科,1-3年,,7-10K,深圳,,2026-06-02 06:46:30
bcd959a8c02a31890nd70920F1VQ,mes系统运维工程师,鑫创想光电,100-499人,半导体/芯片,本科,1-3年,"Java, MySQL/Oracle, 系统运维, 计算机相关专业",10-12K,深圳,,2026-06-02 06:46:30
a6895d1489bbf2241nF62NW7EFJR,系统运维工程师,绍源科技,0-20人,计算机软件,大专,1-3年,"Linux, Java, Tomcat, MySQL, 系统运维, Windows, 需驻点",6-10K,深圳,,2026-06-02 06:46:30
50f678156da301cc03B73d24ElJQ,系统运维工程师,硅基仿生,500-999人,医疗器械,本科,3-5年,"系统运维, 运维开发/DevOps, Python/Shell, Nginx, Redis, Docker, Kubernetes, 计算机相关专业, 运维经验, 运维开发经验, CICD",12-16K·13薪,深圳,,2026-06-02 06:46:30
2cbe3ebf6552ed220nd73dy9F1VV,系统运维,某中型基金公司,100-499人,基金,本科,3-5年,"系统运维, Java, 运维经验, Windows或Linux, 高可用架构, VMware, KVM, 容器",20-35K·20薪,深圳,,2026-06-02 06:46:30
fc89d8899ab4eef90nB_3Nu-FlJW,O32运维工程师,金锐,500-999人,银行,本科,1-3年,"系统运维, 计算机相关专业, 运维经验, O32, 投资交易系统经验",13-14K,深圳,,2026-06-02 06:46:30
3e51e082c1f5b6750nV92Nm-EVJT,资深it运维工程师,立景创新,10000人以上,半导体/芯片,本科,3-5年,"系统运维, 网络运维, 计算机相关专业, 通信相关专业, CCNA/CCNP、HCIA/HCIP, RHCE、ITIL",12-20K,深圳,,2026-06-02 06:46:30
95dfe65418f1255403Vy2tS_GFVZ,IT运维工程师,吉阳智能,1000-9999人,专用设备,本科,5-10年,"网络运维, 通信相关专业, 系统运维, 桌面运维, 计算机相关专业, 网络安全相关经验, 运维经验, 打印机/复印机维修经验",15-25K,深圳,,2026-06-02 06:46:30
af6c525025e1f32703J-2tm9F1FT,it运维工程师,佳贤通信,100-499人,通信/网络设备,大专,3-5年,"网络运维, 实施交付运维, 系统运维, 桌面运维",8-11K,深圳,,2026-06-02 06:46:30
adf449ac7f5f0bd7031939-8EVRZ,K8s运维工程师,成都创元聚星科技,100-499人,互联网,本科,5-10年,"系统运维, 运维开发/DevOps, Java, Python/Shell, Golang, Kubernetes, 电子/电气/自动化相关专业, 运维经验",25-45K·18薪,深圳,,2026-06-02 06:46:30
6b5619d4f58cc8350nZy3tq5E1JS,大数据运维工程师,诚迈科技,1000-9999人,计算机服务,本科,1-3年,"CDH, 大规模离线集群运维",18-22K,深圳,,2026-06-02 06:46:30
0f82a1513d57d9ba33J52tq8F1Y~,系统运维工程师,瑞云科技,100-499人,互联网,大专,1-3年,"运维监控, IT技术支持, 系统运维, 运维工程师, Windows",5-7K,深圳,,2026-06-02 06:46:30
658ada94c7cb091d03B-3tu6FFdY,初级运维工程师,智航信息,20-99人,互联网,本科,1-3年,"Java, MySQL/Oracle, 系统运维, 运维开发经验, 计算机相关专业, 运维经验",6-8K,深圳,,2026-06-02 06:46:30
2068bb03456847031Xd62tm1FFtY,软件系统运维工程师,深圳市快小豹网络公司,20-99人,互联网,大专,3-5年,系统运维,6-10K,深圳,,2026-06-02 06:46:30
c5792565e8d0dcc90nZ43tu5GFpR,运维工程师（韶关）,芯大通,100-499人,半导体/芯片,本科,经验不限,,6-10K,深圳,,2026-06-02 06:46:52
673e27cd51025de20nZy09y4F1RZ,运维工程师（双休+奖金）,圈脉科技,100-499人,社交网络与媒体,本科,5-10年,"网络运维, Nginx, Elasticsearch, 大数据运维经验, 系统运维, 运维开发/DevOps, 运维开发经验, Redis, 计算机相关专业, 运维经验",13-18K·14薪,深圳,,2026-06-02 06:46:52
94af25265c027f250nB_29S1FFFU,SZ-系统运维工程师（需英语口语）,华盛通,500-999人,互联网,本科,3-5年,"系统运维, 服务器, 自动化运维",15-25K,深圳,,2026-06-02 06:46:52
ddd29f909c8b16f933R_3du8GVI~,系统运维高级工程师,星楷,100-499人,通信/网络设备,本科,3-5年,"服务器, 网络工程师, TCP/IP",13-20K,深圳,,2026-06-02 06:46:52
82f448f1711e52cc03x-3tu6EVJQ,云服务SRE运维工程师,影石Insta360,1000-9999人,智能硬件,本科,1-3年,,15-25K·14薪,深圳,,2026-06-02 06:46:52
ce1455f1393ad0fa03J_3tu8EVFY,高级系统运维工程师,华盟财税科技,100-499人,计算机软件,本科,5-10年,"系统运维, 运维开发/DevOps, 实施交付运维, 运维经验, 运维开发经验, 计算机相关专业",13-18K·13薪,深圳,,2026-06-02 06:46:52
e70413bae13a5dd70nB-3dm5EVZW,网络运维工程师,蕉下,1000-9999人,电子商务,本科,3-5年,,12-20K·13薪,深圳,,2026-06-02 06:46:52
cece12ac2e9c230c1nR-3NW5FVNV,系统运维工程师,富济财富,20-99人,互联网金融,本科,1-3年,"运维, 运维工程师, 系统运维",10-15K,深圳,,2026-06-02 06:46:52
be07450465f72a990nR-09W6F1FZ,医疗系统运维工程师,安华计算机,100-499人,计算机软件,本科,3-5年,"系统运维, 运维开发经验, 计算机相关专业, 运维经验",7-10K,深圳,,2026-06-02 06:46:52
6b7a629ea493fe3f0nR_2NS4ElRR,运维工程师-26届,领星,1000-9999人,计算机软件,本科,经验不限,"系统运维, 运维开发/DevOps, Python/Shell, 计算机相关专业, 运维开发经验, 运维经验",15-20K·14薪,深圳,,2026-06-02 06:46:52
5cfda5aaec880f871XN60tu1EVo~,IT系统快维工程师,波士维科技有限公司,20-99人,计算机软件,大专,1年以内,"运维, 网络, 安全",10-13K,深圳,,2026-06-02 06:46:52
aa958e2aa5512b341nV82di7GVBV,运维工程师,四格互联,100-499人,互联网,大专,1-3年,"DBA, 运维开发/DevOps, Redis, 自动化运维, 计算机相关专业, Python/Shell, 网络安全相关经验, 运维经验, 运维监控, Ansible/Salt/Puppet, MySQL/Oracle, 大数据运维经验, 运维, 系统运维, 运维开发经验, Kubernetes",9-14K·13薪,深圳,,2026-06-02 06:46:52
3ebc2f2588f5dd5f1nJ-3tm6E1pW,运维工程师,优越教育,0-20人,培训/辅导机构,本科,1年以内,系统运维,10-15K·13薪,深圳,,2026-06-02 06:46:52
e7d0977d18b572cd33d72N69FVo~,系统运维工程师,金鸽科技,20-99人,智能硬件,本科,3-5年,"运维工程师, Nginx, Linux, Modbus",10-15K,深圳,,2026-06-02 06:46:52
129d9ddc83142724031709q_GVdV,系统运维工程师（英语为工作语言）,印度班加罗尔某大型互联网软件外包上市公司,10000人以上,互联网,大专,3-5年,"系统运维, SQL, Linux, AWS",15-25K·13薪,深圳,,2026-06-02 06:46:52
6540d80f2ca9223b0nR40ti9E1BX,运维工程师,深圳市千禾信息管理,20-99人,互联网,本科,5-10年,"Golang, Nginx, Ansible/Salt/Puppet, Elasticsearch, 系统运维, 运维开发/DevOps, 计算机相关专业, Python/Shell",20-40K,深圳,,2026-06-02 06:47:12
af1850d9daea4ba20nRz2tS5FVBU,系统运维工程师,北京辰极元启科技,0-20人,计算机软件,本科,5-10年,,20-27K,深圳,,2026-06-02 06:47:12
9d2ae71917e711900nB-3d65EFBT,CRM/IMS运维工程师,HKC,10000人以上,通信/网络设备,本科,3-5年,,12-15K,深圳,,2026-06-02 06:47:12
0f85a868bdb3c6f00nB739m_EVpZ,系统运维专家,北京某小型移动互联网公司,20-99人,移动互联网,本科,3-5年,"系统运维, Docker, Kubernetes, 运维经验, AI技术, 系统稳定性, 智能运维(AIOps), SRE, 云原生",21-40K·16薪,深圳,,2026-06-02 06:47:12
bf8f2edf82684e4f1nBy29-6ElFU,系统运维工程师,前海七剑,1000-9999人,汽车研发/制造,本科,1-3年,"Linux, Python, Shell, 容器技术, 系统运维, 应用运维, 服务器配置, 网络协议",12-20K,深圳,,2026-06-02 06:47:12
5173e59ef13a441d0nZ629m5FltU,AI运维工程师,快金数据,100-499人,大数据,本科,3-5年,,20-30K,深圳,,2026-06-02 06:47:12
555d8802c83760690nB-2ti-EFZQ,驻场运维工程师,深圳鹏城万里科技,20-99人,计算机服务,本科,3-5年,,8-10K·14薪,深圳,,2026-06-02 06:47:12
c31c18f4e7e243f603F83ti_ElRW,中级应用运维工程师,弘长科技,20-99人,计算机软件,本科,3-5年,,10-13K,深圳,,2026-06-02 06:47:12
9cef57688aa91dbb03Z-3Nu6E1BZ,系统运维工程师,泽森智联,20-99人,计算机软件,本科,1-3年,"Python, Shell, 服务器配置, 容器技术, Redis, 集群运维, 自动化运维, ELK",10-15K,深圳,,2026-06-02 06:47:12
ce5d042a6fe9ccc50nd62Nq_EVpQ,财务系统运维专员 / 财务系统管理员,睿思芯科,100-499人,半导体/芯片,本科,1-3年,"系统运维, 计算机相关专业, 财务系统经验, 金蝶, 用友",12-16K·14薪,深圳,,2026-06-02 06:47:12
31ca339b6989c1cc0nB63Ni_FFNZ,运维工程师,望尘科技,500-999人,游戏,本科,1-3年,"系统运维, 运维开发/DevOps, Redis, Python/Shell, Ansible/Salt/Puppet, Nginx, Kubernetes, 计算机相关专业, 运维开发经验",10-15K·14薪,深圳,,2026-06-02 06:47:12
3beaa8f801daf45b0nB60tm5E1ZT,公募基金-系统运维工程师-赢时胜,某大型基金公司,10000人以上,基金,本科,经验不限,"系统运维, Java, Python/Shell, 运维经验, 运维开发经验, 大数据运维经验",15-25K,深圳,,2026-06-02 06:47:12
c461d0502e2464691H1739m0GVZS,大数据运维工程师,合数云,20-99人,电子商务,本科,5-10年,"Java, DBA, 实施交付运维, Docker, MySQL/Oracle, 系统运维, Redis, Python/Shell",10-15K,深圳,,2026-06-02 06:47:12
aa9bdb19fdc215bb0nB639y_GVJQ,基础设施运维工程师,深圳某中型保险公司,100-499人,保险,本科,3-5年,,15-25K·13薪,深圳,,2026-06-02 06:47:12
a97ccc0789b73d600nB53N-1GFZY,高级运维工程师,传音控股,10000人以上,通信/网络设备,本科,5-10年,,25-30K,深圳,,2026-06-02 06:47:12
b46d2def90b450c01nZ-3ti-EldV,网络管理及系统运维工程师,安德勒电气,20-99人,仪器仪表/工业自动化,大专,1-3年,"系统运维, 自动化运维, 大数据运维, 机房运维, 数据库运维, 服务器配置, 网络协议, 管理系统",5-10K,深圳,,2026-06-02 06:47:34
a7505576051a92cc0nB4292-EVZT,计算运维驻场支持工程师,嘉和众拓,1000-9999人,通信/网络设备,本科,1-3年,,12-16K,深圳,,2026-06-02 06:47:34
638d20e079ca04a20nR729m1GVVT,高级运维工程师,vivo,10000人以上,互联网,本科,5-10年,业务运维,30-50K,深圳,,2026-06-02 06:47:34
4ed458eb4af47cba0nB62Ny7GVRT,运维工程师,芯魔方科技,20-99人,半导体/芯片,本科,1年以内,"网络运维, 运维经验, IDC机房运维",7-8K·13薪,深圳,,2026-06-02 06:47:34
2052574091bd54ef0nd83Ni0E1RY,运维工程师,路特,1000-9999人,电子商务,本科,1-3年,,12-20K·15薪,深圳,,2026-06-02 06:47:34
aa200f01f8236aae0nd80tW9GFFY,运维工程师,北京中利恒优科技,500-999人,电子商务,本科,1-3年,,8-10K,深圳,,2026-06-02 06:47:34
d0eb9eab6e8465931nd729u9EVJV,系统运维工程师,金海科技,20-99人,计算机软件,本科,3-5年,"系统运维, Python, 容器技术, Kubernetes",11-18K,深圳,,2026-06-02 06:47:34
1194b6bc073682a503N409-5FVtR,高级游戏运维工程师sz,飞鱼科技,500-999人,游戏,本科,5-10年,"Golang, MySQL/Oracle, Docker, 运维开发/DevOps, 运维开发经验, Redis, Python/Shell",15-21K·13薪,深圳,,2026-06-02 06:47:34
312e9151a73113b60nZ53tq6FFpT,idc运维工程师,鼎峰网络科技,20-99人,大数据,大专,经验不限,"大数据运维经验, 系统运维, 计算机相关专业, IDC机房运维",8-12K·13薪,深圳,,2026-06-02 06:47:34
771433559f67762d0nZ73ti_GFNR,运维工程师,震兑,100-499人,互联网,本科,5-10年,"Nginx, Docker, 系统运维, 运维开发/DevOps, 运维开发经验, Python/Shell, 计算机相关专业, 网络安全相关经验, Kubernetes",22-35K·13薪,深圳,,2026-06-02 06:47:34
de15f23713ea2cfc0nB-2dS-FlJW,运维工程师(J10281),乐播科技,100-499人,互联网,本科,在校/应届,"运维开发/DevOps, 系统运维, Java, Python/Shell, MySQL/Oracle, Redis, Docker, 计算机相关专业, 运维经验, AI",10-15K,深圳,,2026-06-02 06:47:34
711aee34921f327503x92NS4FFJU,sre运维工程师,店小秘,1000-9999人,互联网,本科,5-10年,"Nginx, Docker, Redis, Python/Shell, Kubernetes",18-35K·13薪,深圳,,2026-06-02 06:47:34
84a0d2e547633d6d0nd-0ti6E1tT,IT运维工程师【K8S】,华强云数科,100-499人,计算机软件,本科,3-5年,,15-20K,深圳,,2026-06-02 06:47:34
6e1a018fde06936703B-2N-4EVdY,安全运维工程师,SFM,100-499人,电子/硬件开发,本科,1-3年,,15-25K,深圳,,2026-06-02 06:47:34
9c260935ba4c8c6c1HJ92tm_F1pW,系统运维工程师,深涌智能,20-99人,企业服务,本科,3-5年,"Golang, 实施交付运维, 系统运维, 运维开发/DevOps, Kubernetes",20-25K,深圳,,2026-06-02 06:47:34
00224c02477fe1310nB40969FVJS,区块链高级运维工程师,素数创新,0-20人,计算机软件,本科,5-10年,,20-30K·13薪,深圳,,2026-06-02 06:47:55
4b163efc453de1730nB70t27GVJV,IT运维工程师（Google环境）,刷宝科技,100-499人,企业服务,本科,3-5年,,15-25K·14薪,深圳,,2026-06-02 06:47:55
48152d01a2c785d30nZ72tW_FVVX,高级系统运维工程师,海南凤凰木,100-499人,大数据,本科,3-5年,"Nginx, 通信相关专业, 系统运维, Python/Shell, 计算机相关专业, Kubernetes",25-30K·14薪,深圳,,2026-06-02 06:47:55
ba6dbd2c086c91470ndy3Nu8F1RT,系统运维岗,某中型互联网金融公司,500-999人,互联网金融,本科,5-10年,"系统运维, Python/Shell, MySQL/Oracle, 计算机相关专业, 运维开发经验, 阿里云, 腾讯云, 华为云, 主流中间件",20-35K·15薪,深圳,,2026-06-02 06:47:55
80d2fc70f4e73f9503Jy39i7FVNY,系统运维工程师（TME全资子公司腾音）,腾讯音乐,1000-9999人,互联网,本科,3-5年,"Nginx, Docker, 系统运维, 运维开发/DevOps, 运维开发经验, 计算机相关专业, 运维经验, Kubernetes",12-18K·14薪,深圳,,2026-06-02 06:47:55
7305f00363a68e080nd_39m_GFZX,IT系统运维工程师,深圳市兆邦基町町...,0-20人,互联网,本科,3-5年,"系统运维, Python/Shell, Ansible/Salt/Puppet, Nginx, MySQL/Oracle, 计算机相关专业, 运维经验, 运维开发经验, 网络安全相关经验, 大数据运维经验",20-25K,深圳,,2026-06-02 06:47:55
02353d391caebb060nB53Ni0GVVT,主机运维工程师13k【线上面试】,人瑞网络科技,10000人以上,计算机硬件,本科,1-3年,"MySQL/Oracle, Linux运维, 系统运维, Prometheus, Shell脚本, Zabbix, Python",13-14K,深圳,,2026-06-02 06:47:55
357656bacad813900nZ52dW8F1ZQ,现场运维工程师 深圳,猫眼微影,100-499人,互联网,本科,3-5年,,6-10K·13薪,深圳,,2026-06-02 06:47:55
03e1e79a6d8fb1331XB90tq9GFZV,系统运维实施工程师（深圳）,南京艾瑞特软件,20-99人,计算机软件,本科,3-5年,系统运维,8-13K·13薪,深圳,,2026-06-02 06:47:55
29ae2f9bd82dc4670nB-2dm_E1tU,运维开发工程师,深圳芯火跃迁科技,0-20人,人工智能,本科,经验不限,,7-10K,深圳,,2026-06-02 06:47:55
399db6ce25e6057a0nVz09y6GVBS,高级运维工程师（网络安全）,网安信,20-99人,信息安全,本科,3-5年,"Linux, Docker, ELK, 系统运维, Zabbix",15-20K,深圳,,2026-06-02 06:47:55
3f67a44d86e6da8f1XZ42d69E1NV,通信系统运维工程师,小樱桃科技,20-99人,移动互联网,本科,3-5年,"通信、IP电话, Shell, Linux, Docker, 系统运维, 网络交换技术, 网络协议",8-10K·13薪,深圳,,2026-06-02 06:47:55
b5ccbff1a34d13ac0nB72N2-GFBV,高级sre运维工程师,平安银行,1000-9999人,互联网,本科,5-10年,"Nginx, Python/Shell",25-50K,深圳,,2026-06-02 06:47:55
f035a2ec8f898b7b03R_3d-6EFNR,服务器工程师,华威斯,20-99人,计算机软件,本科,经验不限,"网络运维, 系统运维, 计算机相关专业, 通信相关专业, 电子/电气/自动化相关专业, 运维经验",12-24K,深圳,,2026-06-02 06:47:55
cad3223b434ac1ca0nB-3tu6FFtY,运维工程师,阅动(新华三),100-499人,通信/网络设备,大专,1-3年,"系统运维, MySQL/Oracle, 计算机相关专业, 运维经验, zabbix, operator, 跑批",8-9K,深圳,,2026-06-02 06:47:55
d03a9ec14bb504920nd40t68EFNW,运维工程师（网络，系统方向）,鸿普森,100-499人,大数据,本科,1-3年,,8-12K,深圳,,2026-06-02 06:52:24
32ae8958ecb3bd130nV50t29F1FZ,系统运维专员,社区治理创新促进会,20-99人,非营利组织,大专,经验不限,,8-10K,深圳,,2026-06-02 06:52:46
13ca3d080e64c5c11nV-0924E1pS,系统运维主管/经理,宝能城发,10000人以上,房地产开发经营,大专,经验不限,"系统运维, 运维, 应用运维, 运维开发, 系统管理员, IT技术支持",12-20K·15薪,深圳,,2026-06-02 06:52:46
e4251473bcc7654e0nd_29q5FFdV,it网络运维工程师,Dobot,500-999人,智能硬件,本科,3-5年,,10-15K·13薪,深圳,,2026-06-02 06:53:07
e06ef21e7fccbf650nd82dS8FVVT,运维工程师（MES）,和而泰智能,1000-9999人,智能硬件,本科,3-5年,mes运维,10-15K·14薪,深圳,,2026-06-02 06:53:07
38c155f21fbb020003B_3t24E1NT,系统运维工程师,云倚科技,100-499人,计算机软件,本科,5-10年,"系统运维, 计算机相关专业, 通信相关专业, 电子/电气/自动化相关专业, 运维经验, RHCA, RHCE",15-16K,深圳,,2026-06-02 06:53:07
7fb0b114486b06680nd63di-F1RS,系统运维工程师,北京五六三六云上...,100-499人,计算机软件,本科,3-5年,,9-11K,深圳,,2026-06-02 06:53:07
0d0c64f95851f2041XF40965GFFU,系统运维工程师,艾特益,20-99人,通信/网络设备,本科,3-5年,"MySQL/Oracle, 系统运维, 运维开发/DevOps, 计算机相关专业, 网络安全相关经验, 运维经验, IDC机房运维",11-22K·13薪,深圳,,2026-06-02 06:53:28
9a0ef247f2af00e80nZ539y_E1RU,运维工程师（社招）,宽德投资,100-499人,基金,本科,1-3年,"网络运维, 通信相关专业, 系统运维, 桌面运维, 计算机相关专业, 电子/电气/自动化相关专业, 运维经验",15-25K·16薪,深圳,,2026-06-02 06:53:48
60f15a771e57819403d63du8FlJQ,运维工程师,明晟通信,20-99人,通信/网络设备,大专,经验不限,"网络运维, 通信相关专业, 系统运维, 桌面运维, 计算机相关专业, 电子/电气/自动化相关专业, 运维经验, IDC机房运维",5-8K·13薪,深圳,,2026-06-02 06:53:48
a6abb255bcb71b2c0nB62Ny5FFZV,运维工程师,HOWUSN,500-999人,电子商务,大专,3-5年,"网络运维, 系统运维, 桌面运维, Redis, Python/Shell",13-20K,深圳,,2026-06-02 06:54:09
94b76c486699f9b703x70tS-FFdT,高级系统运维工程师,宏海一方,20-99人,互联网,本科,5-10年,"网络运维, DBA, Docker, Redis, 计算机相关专业, 网络安全相关经验",25-30K,深圳,,2026-06-02 06:54:09
0a3aa1301b8fc7990nB62tS9EVJZ,运维工程师(J11260),英维克,1000-9999人,其他行业,本科,1-3年,"桌面运维, 网络运维, 系统运维, 计算机相关专业, 通信相关专业, 电子/电气/自动化相关专业, 运维经验, 运维开发经验, OA, API接口, Webhook, 低代码平台搭建应用",8-12K,深圳,,2026-06-02 06:54:09
0dac88a715c9b6c31HZ63t29FFdS,运维工程师,深圳市恒金网络科技,20-99人,计算机软件,本科,经验不限,"网络运维, Nginx, Docker, 系统运维, Python/Shell",10-15K·13薪,深圳,,2026-06-02 06:54:31
7ae55b910ad17c750nB629W1EFFS,高级系统运维专家(容器平台/存储/桌面),深圳某大型智能硬件公司,1000-9999人,智能硬件,本科,5-10年,,80-110K·15薪,深圳,,2026-06-02 06:54:53
ecda58771c3e57cc0ndy3t-7GVJZ,运维工程师（GEO方向）,熵基律动,20-99人,互联网,本科,3-5年,"网络运维, 系统运维, 实施交付运维, 计算机相关专业, GEO, 运维AI Agent",11-20K,深圳,,2026-06-02 06:54:53
172a861f5a4a84ed031z3tu4F1pY,IT系统运维实习生,兆驰,10000人以上,半导体/芯片,本科,,"系统运维, 计算机相关专业, 通信相关专业, 大数据运维经验, Java, Python/Shell, AI, .NET, C#",200-250元/天,深圳,,2026-06-02 07:01:07
4c3b34d400bce7860nB-29m8GVVX,系统运维开发工程师（双休+包住）,意普兴科技,100-499人,自动化设备,本科,5-10年,"系统运维, 运维开发/DevOps, Java, 计算机相关专业, 运维经验",18-22K,深圳,,2026-06-02 07:01:07
4ce75bba4c479da20nd70tS-FlVW,安全运维工程师,衡泰信,100-499人,互联网,本科,5-10年,"网络运维, 系统运维, Python/Shell, 计算机相关专业, 网络安全相关经验, 运维经验, IDC机房运维",18-23K·13薪,深圳,,2026-06-02 07:01:26
7e8c8002873960240nB439W6F1NV,运维工程师（双休+五险一金）,巴德网络,20-99人,广告营销,本科,3-5年,"网络运维, 系统运维, 桌面运维, Python/Shell, 运维经验",12-24K,深圳,,2026-06-02 07:01:26
4558db3717ea529e0nZ929-5EFtT,IT 运维工程师,目心,100-499人,智能硬件/消费电子,本科,1-3年,"网络运维, Cisco,, 系统运维, TP-Link, 运维开发经验, 桌面运维, Python/Shell, 计算机相关专业, 网络安全相关经验, 运维经验, Ubiquiti,",7-10K,深圳,,2026-06-02 07:01:26
c66053cf35d9b38b0nB-09u6GVtS,系统运维工程师,星尘智能,100-499人,智能硬件,本科,3-5年,,13-26K·14薪,深圳,,2026-06-02 07:01:46
c452c2b9b8f80d93031409-7GFNV,高级系统运维工程师,中国长城科技,10000人以上,计算机软件,本科,5-10年,服务器，飞腾，应用,13-15K,深圳,,2026-06-02 07:01:46
855230047d0d52530nB50tu1GFJV,网络安全运维工程师,香港某大型房屋建筑工程公司,10000人以上,房屋建筑工程,本科,3-5年,,25-30K,深圳,,2026-06-02 07:01:46
40c14e3d98276b7203x_2dS0E1NZ,idc运维工程师,深圳坤元智算科技,20-99人,人工智能,本科,1-3年,,12-18K,深圳,,2026-06-02 07:02:07
c365e63f4accbedc03xz3t60E1RQ,IT运维工程师,飞思仪表,20-99人,仪器仪表,本科,3-5年,"网络运维, 系统运维, Python/Shell, 计算机相关专业, 运维经验, IDC机房运维",10-12K,深圳,,2026-06-02 07:02:07
e2921c7b9657056a0nB43d-6EVVT,跨境电商ERP系统运维专员（双休+福利好）,舜蔚商贸,20-99人,电子商务,本科,1-3年,"系统运维, 计算机相关专业, 运维经验, 网络安全相关经验",10-15K,深圳,,2026-06-02 07:02:07
a0659c054f3a27891HV82dm_GFFW,系统运维工程师,motree,0-20人,计算机软件,大专,1-3年,"系统运维, 计算机相关专业, 运维经验",7-12K·13薪,深圳,,2026-06-02 07:02:29
0c53ccebad7e65300nZ429m9EFRW,信息化运维工程师,352空气净化器,100-499人,电子商务,本科,1-3年,"DBA, Python/Shell, 计算机相关专业, 运维经验, 数据可视化, 实施交付运维, MySQL/Oracle, 大数据运维经验, 系统运维, MIS, QMS, ERP、MES、PLM, 运维开发经验, 金蝶云星空",10-13K·14薪,深圳,,2026-06-02 07:02:29
d85dc97614d8231f0nB_09i0FFBR,SA运维工程师(J10788),UNT,1000-9999人,半导体/芯片,本科,5-10年,"网络运维, 系统运维, 运维开发/DevOps, Kubernetes, Python/Shell, 运维开发经验, 网络安全相关经验, 通信相关专业, 计算机相关专业",15-30K·16薪,深圳,,2026-06-02 07:02:49
b41a7e41e199cc790nV-39q9FVNT,mes系统运维工程师,益普科技,20-99人,计算机软件,本科,,"系统运维, 实施交付运维, Java, Python/Shell, MySQL/Oracle, 计算机相关专业, 运维经验, 运维开发经验",150-200元/天,深圳,,2026-06-02 07:02:49
8d2877893fec02f50nB43Nu5EVNX,系统运维兼投资助理,丰枫公司,0-20人,进出口贸易,本科,1-3年,"财务经验, 系统运维, 系统维护, 计算机相关专业, 运维经验",8-13K,深圳,,2026-06-02 07:03:10
ffb2650c0384c8580nR72tW6E1BV,运维工程师,燕加隆,1000-9999人,建筑材料,本科,5-10年,,10-15K,深圳,,2026-06-02 07:03:10
0757e852ccff801b0nd72t6-FVVY,会议设备运维工程师,高维学堂,20-99人,在线教育,大专,1-3年,"网络运维, 实施交付运维, 系统运维, 运维经验",45-50元/时,深圳,,2026-06-02 07:03:31
aecc0ccee4729a2503J42ty5GFVQ,系统运维工程师,Beyond Power,100-499人,智能硬件/消费电子,本科,1年以内,"网络运维, MySQL/Oracle, Docker, 系统运维, Kubernetes",8-12K,深圳,,2026-06-02 07:08:38
72ca6e83355c84a60nd62dy-GFNV,运维工程师（深4~）(J21432),神州信息,10000人以上,计算机软件,本科,1-3年,"系统运维, MySQL/Oracle, 计算机相关专业, 运维经验",7-9K,深圳,,2026-06-02 07:10:02
44d377e4a2d6a17e1HZ50tq4F1U~,系统运维工程师,易聆科,100-499人,信息安全,大专,3-5年,"系统运维, DBA, Nginx, MySQL/Oracle, 计算机相关专业, Shell, Linux, 系统运维, 服务器配置, Windows, MCSE, Zabbix",9-13K,深圳,,2026-06-02 07:10:23
8959e069e48f66a60nd40tm7FlNW,容器运维工程师,富途,1000-9999人,互联网,本科,5-10年,系统运维,20-40K·15薪,深圳,,2026-06-02 07:11:06
6adc1128fb7c0a680nZ-2tq-FVZW,高级sre运维工程师,某小型人工智能风险投资公司,0-20人,投资/融资,本科,经验不限,,40-70K·14薪,深圳,,2026-06-02 07:11:06
d5fb70ccbb860a270nB_2ti_ElBT,运维工程师GPU,沈阳钜光数字科技,10000人以上,人工智能,本科,1-3年,,15-20K,深圳,,2026-06-02 07:11:06
2554a7131b995cfb0nVz2Nu0F1dV,k8s运维工程师,华强方特,10000人以上,文化艺术/娱乐,本科,3-5年,"系统运维, Redis, MySQL/Oracle, Docker, Kubernetes, Nginx, 计算机相关专业, 运维经验, 大数据运维经验",15-20K,深圳,,2026-06-02 07:11:06
dda51195ffb2fc221HN92924F1FQ,运维工程师,深圳恒好,20-99人,自动化设备,大专,1-3年,"网络运维, Java, 系统运维, 计算机相关专业, 运维经验",5-10K,深圳,,2026-06-02 07:11:28
b8f019a0434c789f0nd73NS4FlNS,运维工程师,TP-LINK,1000-9999人,通信/网络设备,本科,1-3年,"网络运维, 系统运维, 桌面运维",15-20K,深圳,,2026-06-02 07:11:28
a953384024c7fcac03B_3di7GFVU,桌面运维工程师,汇通国信,500-999人,计算机服务,本科,3-5年,"系统运维, UOS, 桌面运维, 麒麟系统, 运维经验, 打印机/复印机维修经验",5-8K,深圳,,2026-06-02 07:11:50
29e6ea51def701180nVz39W7FVVQ,系统运维工程师,锐金智能,20-99人,消费电子,大专,10年以上,,7-11K,深圳,,2026-06-02 07:16:58
d8ee65c9932309120nB-0t6-E1VW,运维工程师运维工程师（需出差）,元趣,100-499人,互联网,本科,5-10年,,15-20K,深圳,,2026-06-02 07:17:19
ba911f049f05879f0nB63d6_F1FS,运维工程师（金融O32系统）,卡俄斯星科技,100-499人,计算机软件,大专,3-5年,"恒生, MySQL/Oracle, 估值, 系统运维, 证券, 基金, 运维经验, 交易系统",13-14K,深圳,,2026-06-02 07:17:39
35b663dc18124cd503F73961GVBR,高级业务运维工程师,东信时代,1000-9999人,互联网,本科,3-5年,"Golang, 云原生, 服务器监控, 运维开发/DevOps, Kafka, Redis, K8S集群, 网络安全相关经验, 运维经验, Fink/业务运维, 大数据运维经验, 系统运维, 运维开发经验",20-25K,深圳,,2026-06-02 07:19:44
ac2acc6ec5fd25651XNz39--EFNW,应用运维工程师,招商证券股份有限公司,10000人以上,证券/期货,本科,3-5年,"通信相关专业, Elasticsearch, Docker, 系统运维, 运维开发经验, Redis, 计算机相关专业, 电子/电气/自动化相关专业, 运维经验",25-30K,深圳,,2026-06-02 07:19:44
6caeaf7af96ce0921Hd93dW9F1dV,IT运维工程师 (MJ000221),瑞德林,100-499人,生物/制药,本科,3-5年,"IDC机房运维, 网络运维, 系统运维",10-15K,深圳,,2026-06-02 07:20:04
cdc945a3fbcf91370nR62dS8GVVV,系统运维岗,国投证券,1000-9999人,证券/期货,本科,经验不限,"系统运维, 运维开发/DevOps, 实施交付运维, Python/Shell, MySQL/Oracle, 计算机相关专业, 通信相关专业, 运维经验, 运维开发经验",20-30K·15薪,深圳,,2026-06-02 07:25:55
aec2ebe7080fca610nB639m6GVJS,运维工程师(司库业务系统)_驻场,格创东智,1000-9999人,物联网,本科,3-5年,,9-12K·13薪,深圳,,2026-06-02 07:25:55
d0d716f6d92044620nZ-3t64GFRZ,MES系统运维工程师,宝能汽车,10000人以上,汽车研发/制造,本科,5-10年,,15-25K,深圳,,2026-06-02 07:26:15
c6807360eab68cd60nZy2tq5E1dR,容器运维工程师,深圳富途网络科技,1000-9999人,互联网,本科,3-5年,"Docker, 系统运维, 运维开发/DevOps, Kubernetes",20-40K·16薪,深圳,,2026-06-02 07:27:41
19c8b22f421899cf03R82ty0FFtZ,系统运维工程师,芯途异构,20-99人,电子/硬件开发,大专,1-3年,"系统运维, Python/Shell, 计算机相关专业, 通信相关专业",6-8K·13薪,深圳,,2026-06-02 07:27:41
4f27c31c1147b3060nB72ti8FFZU,sre运维工程师（web3，金融）,某知名移动互联网公司,1000-9999人,移动互联网,本科,5-10年,"网络运维, 系统运维, 运维开发/DevOps, Java, Python/Shell, 运维经验, 运维开发经验, SRE",30-50K·15薪,深圳,,2026-06-02 07:28:03
ea9f2df96f827d3a0nB53N24EltW,IT运维工程师,升阳升,10000人以上,环保,大专,经验不限,系统运维,8-11K,深圳,,2026-06-02 07:32:50
ea083c668c6696740nB63t--FFtV,系统运维岗,国投证券,1000-9999人,证券/期货,本科,经验不限,"Shell, 通信相关专业, 实施交付运维, MySQL/Oracle, 大数据运维经验, 系统运维, 运维开发经验, 运维开发/DevOps, 计算机相关专业, 运维经验",20-30K·15薪,深圳,,2026-06-02 07:33:33
36928644257610760ndz09-8FFJX,运维工程师,望尘科技,500-999人,游戏,本科,3-5年,"Ansible/Salt/Puppet, 系统运维, 运维工程师, 运维开发经验, Python/Shell, 计算机相关专业, 运维经验",12-17K·14薪,深圳,,2026-06-02 07:33:53
ba94cf4832baac281n140t68E1NV,中高级系统运维工程师,鼎新软件,20-99人,计算机软件,大专,5-10年,"Nginx, 虚拟化运维, Python/Shell, 网络安全相关经验, 运维经验, Zabbix, Shell, Linux, Docker, 系统运维, 运维开发经验, 容器技术, Kubernetes, Python",11-18K,深圳,,2026-06-02 07:34:14
98029c1329fe81370nd_3tm8E1ZX,运维工程师——国企正岗,上海某大型互联网金融上市公司,10000人以上,互联网金融,本科,3-5年,"系统运维, 金融背景, Python/Shell, 计算机相关专业, 运维经验, 银行/保险/券商等",20-30K,深圳,,2026-06-02 07:34:36
593e7a8d76ed7d7c03N73NS0ElBS,资深IT运维工程师,联新移动医疗,100-499人,医疗健康,本科,5-10年,,15-25K,深圳,,2026-06-02 07:34:36
a586517b1fae37461H1z2tS5F1RY,erp软件运维工程师,融创新合,20-99人,电子商务,本科,1-3年,"系统运维, 计算机相关专业, 运维经验, 运维开发经验, 接受实习/在校生投递",10-11K,深圳,,2026-06-02 07:34:57
21f71aa4aecbdb1c0nd53tu8GFFV,运维工程师,某大型知名计算机软件公司,10000人以上,计算机软件,本科,3-5年,"系统运维, Python/Shell, Kubernetes, Docker, Ansible/Salt/Puppet, MySQL/Oracle, 计算机相关专业, 通信相关专业, 运维经验, 可观测, 云原生",25-35K·15薪,深圳,,2026-06-02 07:35:18
de7d171fbe38a5350ndy2ti6ElJR,IT运维工程师（ERP方向）,鹏城新能,100-499人,储能,本科,1-3年,"C#, 系统运维, SQLServer,, 金蝶云星空, CRM",10-15K,深圳,,2026-06-02 07:35:18
b62fc8ee07166e250nB_2d-_F1ZS,运维工程师,比亚迪锂电池,10000人以上,动力电池,大专,1-3年,"Java, Nginx, 系统运维, Redis, Python/Shell, 计算机相关专业, 网络安全相关经验, 运维经验",5-6K,深圳,,2026-06-02 07:35:18
b4d79d23ba24a65f1HRy09q9E1RW,运维开发工程师（自研大厂急需，线上流程）,某大型计算机软件公司,10000人以上,计算机软件,本科,1-3年,"网络运维, Java, 系统运维, 运维开发/DevOps",20-40K·14薪,深圳,,2026-06-02 07:35:41
d7c9fe80147e34c903xz2ti8ElVR,IT与AI运维工程师,深圳澳创体育有限公司,20-99人,批发/零售,本科,3-5年,"网络运维, 系统运维, 计算机相关专业, 通信相关专业, 网络安全相关经验",15-22K·13薪,深圳,,2026-06-02 07:35:41
3429ae5f7649c05003N83dy9EFNT,餐饮系统/网络/运维/IT管理经理（总监）,客家皇子,100-499人,餐饮,本科,5-10年,,10-15K,深圳,,2026-06-02 07:41:08
5433c89facb10b020nR-2NW7FFRW,linux运维工程师,深圳合盛源生物科技,0-20人,批发/零售,本科,3-5年,"系统运维, 运维开发/DevOps, Java, Python/Shell, Golang, MySQL/Oracle, 计算机相关专业, 通信相关专业, 运维经验, 运维开发经验, 网络安全相关经验, 云运维",15-20K,深圳,,2026-06-02 07:41:30
f37fa5647369ec3f0nR809m4FVFQ,系统运维,沣港华,100-499人,工程施工,大专,3-5年,"网络运维, 实施交付运维, 系统运维, 运维开发经验, 网络安全相关经验, 运维经验",10-15K,深圳,,2026-06-02 07:41:30
b1e5c533fcca96370nB_3NW-FFNR,运维工程师（系统运维）,moodytiger,500-999人,服装/纺织,本科,3-5年,,10-15K·13薪,深圳,,2026-06-02 07:41:51
018672062852e4ab0nB-29q5F1FW,运维工程师 深圳,上海递归未来网络科技,100-499人,互联网,本科,3-5年,"系统运维, 运维开发/DevOps, Python/Shell, Docker, Kubernetes, 计算机相关专业, 通信相关专业, 运维经验, 运维开发经验",10-13K,深圳,,2026-06-02 07:42:32
b9546a7adc7cd6db0nR92Nu4FFdW,运维工程师,港大前海智交研究院,20-99人,非营利组织,本科,3-5年,,12-20K,深圳,,2026-06-02 07:43:15
5d6f05cba9a588980nB729S-GFpU,IaaS运维资深工程师（存储）,深圳某大型互联网金融上市公司,10000人以上,互联网金融,本科,经验不限,,18-35K·16薪,深圳,,2026-06-02 07:43:57
c6acaea1f10335410ndy09-5ElFY,系统运维开发工程师,道合顺,20-99人,社交网络与媒体,大专,3-5年,"网络运维, Java, Nginx, Elasticsearch, MySQL/Oracle, 系统运维, 运维开发/DevOps, 运维开发经验, Python/Shell, 计算机相关专业",14-16K,深圳,,2026-06-02 07:48:48
4796fd611e7751d11nJz3NW1E1NT,系统运维,绿牛科技,20-99人,计算机软件,大专,1-3年,"应用运维, Linux, Shell, Java, 容器技术, Nginx, Tomcat, 系统运维",9-14K,深圳,,2026-06-02 07:49:10
962821f60ca23e260nd52d-_FFZQ,容器运维工程师,豪鹏集团,1000-9999人,其他新能源,本科,5-10年,,20-25K,深圳,,2026-06-02 07:50:12
2c0f757255844c190nV72921F1tT,软件系统运维,一诺软件,20-99人,计算机软件,本科,经验不限,"项目测试、需求跟踪, 实施交付运维, 计算机相关专业",6-8K,深圳,,2026-06-02 07:50:54
99e2cf5e543f33470nd73Ni8GFtW,资深运维工程师,SKG,500-999人,智能硬件,本科,5-10年,"系统运维, Python/Shell, MySQL/Oracle, Ansible/Salt/Puppet",25-40K,深圳,,2026-06-02 07:50:54
4956f5a5b4147d540nV42Nm-EVZY,安全运维工程师,云镝智慧科技有限公司,100-499人,互联网,本科,3-5年,系统运维,15-28K·14薪,深圳,,2026-06-02 07:51:15
2f1120de566a518c0nZz09S9GFdX,系统运维工程师（包住+餐补）,惠州荣士海,100-499人,医疗器械,本科,3-5年,"系统运维, 金蝶K3+Cloud+ERP系统, 计算机相关专业, 运维经验",9-14K,深圳,,2026-06-02 07:55:24
ff107eaf9820942b0nZz2dW-FlRS,系统运维工程师,深圳华资数智科技,20-99人,计算机软件,本科,5-10年,"Nginx, Elasticsearch, Docker, 系统运维, Python/Shell, 计算机相关专业, 运维经验, Kubernetes",15-25K,深圳,,2026-06-02 07:55:45
a9aa16829ec3cc0c0nB-3N66FVtR,高级it运维工程师,杉川机器人,1000-9999人,生活服务(O2O),本科,5-10年,,20-30K,深圳,,2026-06-02 07:57:10
3f751b0ec614cf670nVz3du4FltZ,应用运维工程师,某大型银行公司,500-999人,银行,本科,3-5年,"系统运维, Python/Shell, Golang, MySQL/Oracle, Docker, Kubernetes, 运维经验, 大数据运维经验",20-40K·15薪,深圳,,2026-06-02 07:57:31
78f67c9fe834c0a40nZ-0ty8FldV,AI 运维工程师,弘量科技,100-499人,互联网金融,本科,1-3年,,11-20K,深圳,,2026-06-02 07:58:35
5acb18d2d7fd5bd00nR-3tq8E1VZ,系统运维工程师,国微电子,500-999人,通信/网络设备,本科,在校/应届,,12-15K·16薪,深圳,,2026-06-02 08:03:44
c2ecc6d61380dd2f0nB439S4EVdW,系统运维工程师,深圳漫奢生物科技,20-99人,进出口贸易,大专,3-5年,"ERP, 系统运维, 金蝶, SRM",14-15K,深圳,,2026-06-02 08:03:44
01f69daf5da3cde10nB52dm4F1ZU,兼职运维工程师,厦门星鹭启元机器...,20-99人,专用设备,大专,1年以内,"系统运维, 实施交付运维, 计算机相关专业, 通信相关专业, 电子/电气/自动化相关专业, 运维经验",35-70元/时,深圳,,2026-06-02 08:04:05
702cf6706ce469ab1H172t65EVpW,系统运维工程师,神华投资,100-499人,证券/期货,本科,1-3年,"MySQL/Oracle, 系统运维, Python/Shell, 计算机相关专业, 运维经验",7-12K,深圳,,2026-06-02 08:05:09
378ee130b97ee7fe0nd609u0FlJW,安防运维工程师,智亿旭科技,20-99人,建筑工程咨询服务,大专,1-3年,"桌面运维, 网络运维, 系统运维, 实施交付运维, 公安与司法, 安防系统运维",7-8K,深圳,,2026-06-02 08:05:09
12b3bc6f85fb7b290ndy39m7FlFV,运维工程师,盈创新(深圳)科技,20-99人,互联网,本科,3-5年,,20-40K·13薪,深圳,,2026-06-02 08:05:52
39731531de1771550nR9396-GVZU,IT运维工程师,派克斯创新,500-999人,消费电子,本科,5-10年,"桌面运维, 系统运维, 网络运维, 运维开发/DevOps, Docker, MySQL/Oracle, Redis, 运维经验, 网络安全相关经验, 运维开发经验",15-20K,深圳,,2026-06-02 08:06:34
4b360b780645acd10nB43dS5F1VQ,系统运维岗（薪资open）,某中型互联网金融公司,500-999人,互联网金融,本科,3-5年,"系统运维, 数据库, 主流云, 虚拟化, 中间件",20-40K,深圳,,2026-06-02 08:11:24
19e4a73fec38103d0nVy3NW4FFBX,高级运维工程师(J10312),深圳壹连科技,1000-9999人,汽车零部件,本科,3-5年,Oracle,10-15K·14薪,深圳,,2026-06-02 08:13:51
ad0fcaf7094824ca1HF53tq8FltR,资深应用运维工程师,平安科技,10000人以上,互联网,本科,5-10年,"大数据运维经验, 计算机相关专业, 运维经验, Kubernetes",15-30K·16薪,深圳,,2026-06-02 08:13:51
49374aed0b64279b0nB42Nu5FVRR,系统运维工程师（金蝶ERP/SRM系统）,深圳漫奢生物科技,20-99人,进出口贸易,大专,5-10年,"甄云SRM系统, 系统运维, Python/Shell, 运维经验, 金蝶、用友、鼎捷系统",10-15K,深圳,,2026-06-02 08:19:22
513930f9b432a1570nd83Ni_GFJT,系统运维工程师-深圳,中信证券,10000人以上,证券/期货,本科,5-10年,"网络运维, DBA, 系统运维, 运维开发经验, Python/Shell, 运维经验, IDC机房运维",20-35K·16薪,深圳,,2026-06-02 08:19:43
5c499c2c7bb634850nd-2tS8EVtY,IT运维工程师(J13614),深圳市广和通,1000-9999人,通信/网络设备,本科,1-3年,,10-15K,深圳,,2026-06-02 08:20:04
9e3f33a9eeddcf110nB62Nu4ElFV,资深网络安全运维工程师,香港某大型房屋建筑工程公司,10000人以上,房屋建筑工程,本科,5-10年,"网络运维, 网络安全相关经验",20-35K,深圳,,2026-06-02 08:20:04
64ebcb432a3d795c0nVy3NW6FlBQ,ops运维工程师,某大型半导体公司,100-499人,电子/半导体/集成电路,本科,5-10年,"Java, Docker, Kubernetes, 运维开发经验, 运维经验, K8S, Springboot, springMVC, SpringCloud",40-50K·15薪,深圳,,2026-06-02 08:22:12
24aae843b21dce8e3nR63924FFU~,IT运维工程师,深圳市威富集团,1000-9999人,通信/网络设备,本科,3-5年,"运维监控, 系统运维, 运维工程师, 自动化运维",8-12K,深圳,,2026-06-02 08:22:33
5cc13ffc2608ddb90nd_29q_EVpU,云平台运维工程师,乔安,1000-9999人,计算机软件,本科,3-5年,"系统运维, 运维开发/DevOps, 实施交付运维, Nginx, Redis, MySQL/Oracle, Docker, Kubernetes, 运维经验, 运维开发经验",10-15K·14薪,深圳,,2026-06-02 08:26:42
1128a824868676861XB-29q6EltZ,运维工程师,鼎峰网络科技,20-99人,大数据,本科,1-3年,"Linux, 系统运维, 机房运维, 服务器配置, 虚拟化运维, 自动化运维, Apache, IDC机房运维, 云计算",7-12K·13薪,深圳,,2026-06-02 08:26:42
0819b33d6551d31e0nd-0tW1EVVV,运维工程师（校招）,睿联,1000-9999人,智能硬件,本科,在校/应届,,10-15K·14薪,深圳,,2026-06-02 08:26:42
bf2ae2b58ded83e20nB_3N67EVVY,运维工程师,慧博云通,10000人以上,计算机软件,本科,5-10年,"系统运维, 实施交付运维",9-10K,深圳,,2026-06-02 08:26:42
e1b3be9711e951dc0nB_3NS9FlNX,天喻PLM系统运维工程师,精泰达,500-999人,自动化设备,本科,3-5年,"系统运维, 计算机相关专业, 运维经验, PLM",12-18K,深圳,,2026-06-02 08:26:42
3b8bc469e589ff3d0nZ_3NS8EFBX,H82141岗运维工程师,武汉佰钧成技术,1000-9999人,计算机软件,本科,3-5年,"系统运维, 实施交付运维, Python/Shell, 运维经验, 网络安全相关经验",9-14K,深圳,,2026-06-02 08:27:02
990b57c21a33c29a0nR_29i0E1RQ,AWS运维工程师,深圳火蚁数字信息技术,20-99人,互联网金融,大专,10年以上,"桌面运维, 网络运维, 系统运维, DBA, MySQL/Oracle, 计算机相关专业, 通信相关专业, 运维经验",20-30K·13薪,深圳,,2026-06-02 08:27:02
48ce98ae24518a2f03x92tS7GVVY,it运维工程师,天锐计算机,20-99人,通信/网络设备,本科,1-3年,"Nginx, 驻场运维, MySQL/Oracle, 系统运维, 运维开发/DevOps, 服务器运维, 计算机相关专业, Windows, 网络安全相关经验, 运维经验",8-13K,深圳,,2026-06-02 08:27:22
4e384366f3513cad1XB83Ni8EVVQ,技术运维工程师,韦拿,0-20人,互联网,本科,3-5年,"网络运维, 系统运维, 计算机相关专业",11-20K·13薪,深圳,,2026-06-02 08:27:42
2823555f403e4f650nB42t-_F1JX,办公平台工程师,平安科技,10000人以上,互联网,本科,3-5年,"桌面运维, 系统运维, 实施交付运维, 计算机相关专业, 运维经验, 运维开发经验, 大数据运维经验, 邮箱运维，服务体系运维，方案实施运维，系",10-11K·16薪,深圳,,2026-06-02 08:27:42
0a68380b27e4324d03Bz2Nu5EFpX,系统运维,杰成合力,100-499人,计算机软件,本科,1-3年,,10-13K,深圳,,2026-06-02 08:27:42
0d01132f4c3606d90nB63t-1GVpR,运维工程师【运营管理】周末双休/六险一金,人惠人力,1000-9999人,人力资源服务,本科,1-3年,"Golang, 网络运维, MySQL/Oracle, Docker, 系统运维, 运维开发/DevOps, 运维开发经验, CI/CD, Python/Shell, 计算机相关专业, 运维经验, Kubernetes",10-13K,深圳,,2026-06-02 08:27:42
03ce3e0a29c40a070nd7092_FVNW,基础运维工程师,众惠相互保险,100-499人,保险,本科,3-5年,"计算机相关专业, 运维经验, 桌面运维, 系统运维, 熟悉华为云及阿里云",15-30K·13薪,深圳,,2026-06-02 08:27:42
90dbde15fec4e15b1HB93dS8E1pQ,高级系统运维工程师,万邑通,1000-9999人,互联网,本科,1-3年,"系统运维, 运维开发/DevOps, Python/Shell, Nginx, Ansible/Salt/Puppet",20-25K,深圳,,2026-06-02 08:27:42
3a0b80a93ffb32671X1y2tu1EVZW,高级系统运维工程师,深圳粤豪珠宝  ,500-999人,珠宝/首饰,本科,3-5年,"实施交付运维, 系统运维, 腾讯云, CICD",20-25K,深圳,,2026-06-02 08:28:02
8ccbf00b0fec99dc1HFy2NW1E1JR,信息化系统运维工程师,金岷江,100-499人,电气机械/器材,本科,在校/应届,"桌面运维, 系统运维, 计算机相关专业",6-8K,深圳,,2026-06-02 08:28:02
04da7a4d3af58e340nV52Nq7E1tQ,系统运维,龙骐科技,0-20人,计算机软件,本科,1-3年,"Java, 系统运维, 计算机相关专业, 运维经验",8-10K,深圳,,2026-06-02 08:28:02
26640941cb2a10e203F72tq5E1pZ,云计算运维交付工程师,软通动力,10000人以上,计算机软件,本科,3-5年,"阿里云, 实施交付运维, EVS, MySQL/Oracle, ECS, 系统运维, 华为云, 运维开发/DevOps, 运维开发经验, 运维经验, 云计算",10-15K,深圳,,2026-06-02 08:28:02
e29df5bfe2b68dec0nB429u8EVVU,系统运维专家（SRE）,中澳通,100-499人,计算机软件,本科,5-10年,"网络运维, 系统运维, 运维开发经验, 网络安全相关经验, 大数据运维经验, SRE",25-45K·15薪,深圳,,2026-06-02 08:28:02
a768636b3f1918211HF43N24FlpR,系统运维工程师-专家(J10095),鹏芯微,1000-9999人,半导体/芯片,本科,10年以上,"系统运维, 实施交付运维, DBA",25-50K·15薪,深圳,,2026-06-02 08:28:02
2aa52e8244a3f91c03d93N-5FlZX,sre高级工程师,北京某中型计算机服务公司,500-999人,计算机服务,本科,5-10年,"系统运维, 网络运维, 计算机相关专业",40-60K,深圳,,2026-06-02 08:28:02
53ee9c8f07e146201X150tW_FldY,运维工程师,荣耀,10000人以上,消费电子,本科,3-5年,"DBA, 系统运维, Docker, Redis, Python/Shell, 运维经验",20-40K,深圳,,2026-06-02 08:28:23
e808bd2894419a570nV93966FlZY,高级中间件运维工程师,富途,1000-9999人,互联网,本科,3-5年,"系统运维, 运维开发/DevOps, 运维经验, Rabbitmq, Kafka, 消息队列, Pulsar, Rocketmq",25-40K·15薪,深圳,,2026-06-02 08:28:23
c6785292304d8a451nB-3N-1GVJV,系统运维工程师,缔息,20-99人,通信/网络设备,大专,1-3年,"自动化运维, Linux, Windows, 网络交换技术",8-13K,深圳,,2026-06-02 08:28:23
bc1453cb64ec12780nV50tS-ElFU,系统运维岗,广州某大型互联网金融上市公司,10000人以上,互联网金融,本科,5-10年,"系统运维, 海外院校",20-30K·20薪,深圳,,2026-06-02 08:28:23
38772beb8422ba8a1XZ-0ti_E1VW,系统运维实习生,睿江云,100-499人,通信/网络设备,大专,,"Windows, Linux",150-250元/天,深圳,,2026-06-02 08:28:23
b2afe8b103f628620nB_0967ElpU,高级系统运维工程师（初面线上 复试现场）,长亮科技,1000-9999人,计算机软件,本科,5-10年,"系统运维, 运维开发/DevOps, Python/Shell, Java, Golang, 计算机相关专业, 通信相关专业, 运维经验, 运维开发经验, VMware, 腾讯云, 麒麟系统, 云服务, 监控运维",13-21K,深圳,,2026-06-02 08:28:23
c7b9d2911edd92500nVy2dy6FVtQ,运维工程师（社招）,宽德投资,100-499人,基金,本科,1-3年,"桌面运维, 网络运维, 系统运维, 运维经验, 计算机相关专业, 通信相关专业, 电子/电气/自动化相关专业",15-25K·16薪,深圳,,2026-06-02 08:28:23
18be28b833cdeae20nB-29y6GVRW,IT运维工程师,大寰机器人,100-499人,智能硬件,本科,3-5年,"网络运维, 制造业, 计算机相关专业",12-18K·14薪,深圳,,2026-06-02 08:28:45
72ae5dde170a2a3d0nZy2di-EVtV,业务运维工程师,广州中钦科技服务,20-99人,互联网,本科,3-5年,"网络运维, 系统运维, Python/Shell, Docker, awk, grep",11-13K,深圳,,2026-06-02 08:28:45
3c010f3ad6664b241X142NW_FFpY,污染源（水）自动在线监测系统运维工程师,弘捷瑞,0-20人,环保,大专,经验不限,"系统运维, 电子/电气/自动化相关专业, 运维经验",5-6K,深圳,,2026-06-02 08:28:45
b261903c0078a4390nRy0ti4EFRT,运维工程师,上海安盈信息科技,20-99人,计算机软件,学历不限,3-5年,"Golang, 系统运维, 运维开发/DevOps, Python/Shell, Kubernetes",15-18K,深圳,,2026-06-02 08:28:45
c5292b528060c3fe0nB62Ni4EFtR,财务系统运维专员,TP-Link,10000人以上,通信/网络设备,本科,3-5年,,13-25K·16薪,深圳,,2026-06-02 08:29:07
6396772369a905250nB63tS6GFRW,oa运维工程师,盛业,100-499人,投资/融资,本科,3-5年,"系统运维, 计算机相关专业, 泛微OA",15-22K·14薪,深圳,,2026-06-02 08:29:07
66bf088f6f82526f0nB42tm8FVdQ,运维工程师（DevOps方向、赣州上班）,广州嘉为科技有限公司,500-999人,计算机软件,本科,3-5年,"运维开发/DevOps, Python/Shell, CI/CD",9-12K,深圳,,2026-06-02 08:29:07
84a71d447cacb1710nVz09q4FVFT,实施工程师,基调听云,100-499人,互联网,本科,1-3年,"Nginx, Docker, 系统运维, 运维开发/DevOps, Kubernetes",6-8K,深圳,,2026-06-02 08:29:29
90f05395199bcbfe1HN82t24F1VX,实施运维工程师,赢时胜,1000-9999人,计算机软件,本科,1-3年,"Java, MySQL/Oracle, 系统运维, 计算机相关专业, 运维经验",11-18K,深圳,,2026-06-02 08:29:29
fc5698f9fde6625103V709u4EFZV,系统运维技术员,广聚新能源,0-20人,其他新能源,大专,1-3年,系统运维,5-8K,深圳,,2026-06-02 08:29:29
e3761c900963012c03x63tq0FVJR,运维工程师,乘乘智数,100-499人,大数据,本科,5-10年,"网络运维, Elasticsearch, MySQL/Oracle, 系统运维, 运维开发/DevOps, Redis",10-15K,深圳,,2026-06-02 08:29:52
82dd97b584a5f85903160ti7EFBV,金融平台-SRE工程师,深圳富途网络科技,1000-9999人,互联网,本科,5-10年,"Golang, MySQL/Oracle, 系统运维, 运维开发经验, 运维开发/DevOps, Python/Shell, 运维经验",25-50K·16薪,深圳,,2026-06-02 08:29:52
368249b9c8a88cd003J53Nq8EldT,运维工程师,中恒嘉,20-99人,计算机硬件,大专,3-5年,"系统运维, 桌面运维, 安全运维",5-6K,深圳,,2026-06-02 08:29:52
1f1de03f04f2bd6403R-29m9EFZX,运维工程师,西舟鲤,100-499人,互联网,本科,3-5年,"网络运维, 系统运维",10-15K·13薪,深圳,,2026-06-02 08:29:52
1a365376d39bb0980nZ90t60GVZW,运维工程师,晶泰科技XtalPi,1000-9999人,互联网,本科,5-10年,,20-28K·13薪,深圳,,2026-06-02 08:29:52
a1b4232c702aa4c60nd60t26F1BX,云平台运维工程师（2026届）,研祥高科技控股,1000-9999人,智能硬件/消费电子,本科,经验不限,"网络运维, 系统运维, Python/Shell, 计算机相关专业",8-13K,深圳,,2026-06-02 08:29:52
cc26c840c3b007951HJ_2Ny0EVBY,高级系统运维工程师,万恒科技有限公司,100-499人,电子商务,本科,5-10年,"系统运维, 实施交付运维, Python/Shell, Nginx, Kubernetes, 计算机相关专业, 网络安全相关经验, 大数据运维经验",15-22K,深圳,,2026-06-02 08:29:52
7d1025f1f2aca90f1nZ73Nq0FlpT,云平台运维工程师,玺云科技,20-99人,企业服务,本科,1-3年,"云计算, 系统运维, Linux, 服务器配置, 网络协议",10-15K,深圳,,2026-06-02 08:29:52
3d519ea44b1d7c2f0nB50965FlRU,HPC超算系统管理员,华算科技,20-99人,其他专业服务,本科,经验不限,"运维, 高性能计算, 服务器, 集群, AMD",20-30K·13薪,深圳,,2026-06-02 08:29:52
352283c2fdba8c0f0nZ-39y1F1VZ,【配电】运维工程师,济拓,100-499人,智能硬件,本科,5-10年,"系统运维, 计算机相关专业, 电子/电气/自动化相关专业, 国产化",8-10K,深圳,,2026-06-02 08:29:52
9d40b26a38d1adf6031839u8FlFU,资金管理系统运维顾问,广州山地,20-99人,计算机软件,本科,1-3年,,8-12K,深圳,,2026-06-02 08:29:52
226b9ba8686370631Hxy2Nq_EVFR,中高级运维工程师,泰比特,100-499人,智能硬件,本科,5-10年,"Ansible/Salt/Puppet, 系统运维, 运维开发/DevOps, Python/Shell, 计算机相关专业, 运维经验, Kubernetes",11-16K,深圳,,2026-06-02 08:29:52
66b126fe70bfc22d03Jy3Nm7FlRU,跨境IT运维工程师,时代方舟,20-99人,电子商务,本科,1-3年,"网络运维, 通信相关专业, 系统运维, 运维开发/DevOps, 运维开发经验, 桌面运维, Python/Shell, 计算机相关专业, 网络安全相关经验, 打印机/复印机维修经验",8-13K·13薪,深圳,,2026-06-02 08:29:52
c3c5d0e2ace36d7f1Hd62dS9FVBV,私有云高级运维工程师,腾讯云,10000人以上,互联网,本科,5-10年,"云原生, 网络运维, DBA, 系统运维, SRE, 云计算",25-50K,深圳,,2026-06-02 08:29:52
4bcc9b671f0e395903Vy39S4GVVZ,视频会议系统运维工程师,鸿琳科技,20-99人,计算机服务,大专,1-3年,,7-9K,深圳,,2026-06-02 08:35:21
feb9a1a236cf0ebf1HN92dS6E1RW,运维工程师,中昇基金,20-99人,证券/期货,大专,1-3年,系统运维,10-13K,深圳,,2026-06-02 08:35:41
ff8cf9d59d5d5f5b0nd-0tS7FlRZ,云平台运维工程师,乔安,1000-9999人,计算机软件,本科,3-5年,"系统运维, MySQL/Oracle, 华为 腾讯 AWS 云平台, 交换机 路由器, 数据库 k8s Jenkins, TKE、CCE、EKS、RDS",10-15K·14薪,深圳,,2026-06-02 08:36:02
a7a1e94be29674960nd_2dy6F1RT,运维工程师/国企直签/福利完善,赢俞,100-499人,互联网,本科,3-5年,"系统运维, MySQL/Oracle, 通信相关专业, 计算机相关专业, 运维经验, 交易系统运维, 银行背景",20-25K,深圳,,2026-06-02 08:36:02
cfc50712db58fe960nR80t24FltU,智能化弱电系统运维工程师,中科恒辉科技,20-99人,计算机服务,大专,1-3年,"IDC机房运维, 计算机相关专业, 电子/电气/自动化相关专业",7-9K,深圳,,2026-06-02 08:36:02
8b5679f6968a05a80nZ43tW-ElBZ,平台运维工程师,北京浮点跃迁科技,0-20人,互联网,本科,经验不限,,12-20K,深圳,,2026-06-02 08:37:05
11d6f7ff9c4de4760nB_2dq9EVVW,维护工程师,广信公司,1000-9999人,通信/网络设备,本科,3-5年,"系统运维, Docker, Kubernetes, Python/Shell, Java, 计算机相关专业, 通信相关专业, 运维经验, 运维开发经验, 运维自动化, 高可用架构, linux, 软件/开发维护",13-25K,深圳,,2026-06-02 08:37:05
45e58b7c9e60d2750nB53Ni0GFNR,Google运维工程师,名扬科技,500-999人,计算机软件,本科,5-10年,"实施交付运维, 系统运维, Python/Shell, Golang, 运维经验, Google运维",11-22K,深圳,,2026-06-02 08:37:26
f128da41d6188cf71Hdy3tW5E1JR,测试工程师,金百泽,1000-9999人,智能硬件,本科,1-3年,"Docker, 系统运维, CICD",10-15K,深圳,,2026-06-02 08:37:48
af599bf7f00199ad03N_3tq4EFtW,系统运维岗2,长城证券,1000-9999人,互联网金融,本科,3-5年,,15-20K,深圳,,2026-06-02 08:38:10
92510c9eb959962f0nZz09u5E1BY,中级运维工程师（深圳）,数帝网络,20-99人,互联网,本科,3-5年,"运维开发/DevOps, 系统运维, Ansible/Salt/Puppet, Elasticsearch, MySQL/Oracle, 计算机相关专业",10-15K,深圳,,2026-06-02 08:38:10
fbcc60699b9219b41nBy3di4FlNX,业务系统运维工程师,联动云租车,1000-9999人,生活服务(O2O),学历不限,1-3年,"运维工程师, 系统运维, 运维监控, 服务器配置, 分布式技术, MongoDB, Zabbix",15-30K,深圳,,2026-06-02 08:43:39
05a5f0dce3427a660nVy3d-4E1JZ,系统 / 运维工程师（基础架构 & 信息安全）,上海安盈信息科技,20-99人,计算机软件,本科,3-5年,"系统运维, 计算机相关专业, 通信相关专业, 运维经验, 运维开发经验, 网络安全相关经验",10-13K,深圳,,2026-06-02 08:44:00
6214b19905d75e760nZ93Nm_FFpY,运维工程师~ 统招学历,众升信息咨询,20-99人,大数据,本科,1-3年,毕业2年以上可无经验,7-10K·13薪,深圳,,2026-06-02 08:44:00
cb78f5f9c5d56c210nR42di0FFRX,系统运维工程师,钲懿科技,0-20人,计算机服务,学历不限,经验不限,,4-5K,深圳,,2026-06-02 08:44:00
cc327dee26bb80100nB73ti5GVJS,k8s运维工程师,东南亚某大型互联网金融公司,1000-9999人,互联网金融,本科,10年以上,"系统运维, Kubernetes, 计算机相关专业, 居家办公",30-45K·18薪,深圳,,2026-06-02 08:44:00
d4c3513e869b1b3c0nd-3dW8E1RQ,系统运维工程师(J30158),招商金科,500-999人,互联网,本科,3-5年,,20-40K·15薪,深圳,,2026-06-02 08:44:00
41489d9bede5eb8d0nZy2924F1RW,系统运维工程师,塞防科技,100-499人,信息安全,本科,3-5年,,12-20K·14薪,深圳,,2026-06-02 08:44:00
7019093203ee74380nd53N68GVdV,高级it运维工程师,鲲为科技,100-499人,医疗器械,本科,5-10年,"桌面运维, 网络运维, 系统运维, Python/Shell, 计算机相关专业, 运维开发经验",10-15K·13薪,深圳,,2026-06-02 08:44:00
afed8ee756fad67c1HN73dy5GFtR,系统运维岗,招商基金,500-999人,基金,本科,3-5年,系统运维,15-30K,深圳,,2026-06-02 08:44:21
a4195971f573481e0nV52NS_F1NW,系统运维工程师-深圳,某大型企业服务公司,1000-9999人,企业服务,本科,10年以上,,40-70K·15薪,深圳,,2026-06-02 08:44:42
fd929c01fb3968cd0nZ-0ti_ElVX,监控系统后台运维工程师,普汇智为,100-499人,物联网,高中,1-3年,,6-7K,深圳,,2026-06-02 08:45:03
503e2a0520c2cafa0nd90ty8FFBS,运维工程师（长期出差+粤语+会开车）,平方科技,100-499人,计算机软件,本科,1-3年,"Java, 实施交付运维, MySQL/Oracle, Docker, 系统运维, 运维开发经验, Redis, 计算机相关专业, 运维经验",8-10K,深圳,,2026-06-02 08:45:45
0089f1f1b3f879d90nB509-6EFFY,云平台运维工程师(A248318),天泰,100-499人,电子商务,本科,3-5年,"系统运维, MySQL/Oracle, Redis, 运维经验, 计算机相关专业",15-16K,深圳,,2026-06-02 08:46:06
11e1fa1f0630d42e1XF-2d-1FVBT,运维工程师,正天伟,100-499人,化工,大专,3-5年,"桌面运维, 系统运维, 网络运维, 金蝶云星空, SQLServer",8-10K,深圳,,2026-06-02 08:46:27
62b8cd81a4adf6ac03F509W7EVJQ,高级/资深运维工程师,深圳市光子跃动科...,100-499人,互联网金融,本科,5-10年,"Docker, Linux, K8S, SRE, 容器技术, 安全运维, 数据库运维, 应用运维",25-35K·14薪,深圳,,2026-06-02 08:46:27
589ae0c33fbb12fa0nB-39-_E1RQ,云运维工程师（金融、银行、保险）,新华三技术有限公司,10000人以上,计算机软件,本科,5-10年,"系统运维, 网络运维, Python/Shell, 计算机相关专业, 运维经验",15-20K,深圳,,2026-06-02 08:50:37
203cd20b6ba53ff60nV83N27GFBS,应用系统运维工程师,乐沙儿品牌,1000-9999人,批发/零售,学历不限,3-5年,,10-15K,深圳,,2026-06-02 08:50:37
aac6aefea00c64b50nd-2N-5FFpY,IT运维工程师,鲲为科技,100-499人,医疗器械,本科,1-3年,"网络运维, MySQL/Oracle, Python/Shell, 计算机相关专业, 网络安全相关经验, 打印机/复印机维修经验, IDC机房运维",10-15K,深圳,,2026-06-02 08:50:37
97fab2a9b54e67180nB509-5ElFR,运维工程师,卡思科,100-499人,智能硬件,大专,5-10年,"Java, 实施交付运维, 系统运维, 运维开发/DevOps, 运维开发经验, 计算机相关专业, 运维经验",8-13K,深圳,,2026-06-02 08:50:58
00eac0ffc94d90710nd_39-9F1BS,汇联易系统运维工程师,深圳灵动,100-499人,互联网金融,本科,3-5年,"Java, Spring, MySQL, Redis",10-15K·14薪,深圳,,2026-06-02 08:52:01
5b3098b37b9a4d780nZ63di9EVRS,安全运维工程师,SFM,100-499人,电子/硬件开发,本科,3-5年,"网络运维, Docker, 系统运维, Python/Shell, 计算机相关专业, 网络安全相关经验",18-25K,深圳,,2026-06-02 08:52:21
25be62e91750dbd70ndz2Nu-GVpV,运维工程师（数据安全与研发支持),深圳猿声先达科技,20-99人,人工智能,本科,经验不限,"网络运维, 系统运维, 运维开发/DevOps, Python/Shell, Docker, 计算机相关专业, 运维经验, 运维开发经验, 网络安全相关经验",12-20K,深圳,,2026-06-02 08:52:42
f1024a6c47d2c99b03V60ty8EVVV,运维工程师,华为技术有限公司,10000人以上,计算机软件,本科,经验不限,"网络运维, 系统运维, DBA, Java, Python/Shell, Golang, Ansible/Salt/Puppet, Nginx, 计算机相关专业, 通信相关专业, 电子/电气/自动化相关专业, 运维经验, 运维开发经验",15-25K·15薪,深圳,,2026-06-02 08:52:42
7392f95c13a337600nB40tu5E1NQ,技术运维助理（财务系统方向）,韶音科技,1000-9999人,智能硬件,本科,经验不限,"系统运维, 计算机相关专业, 运维经验",7-9K,深圳,,2026-06-02 08:53:25
cfedd393a1f0a74903x92dW9FFJS,桌面运维工程师,比克动力,1000-9999人,动力电池,本科,3-5年,"桌面运维, 系统运维, IDC机房运维, 计算机相关专业, 运维经验, 网络安全相关经验",10-12K,深圳,,2026-06-02 08:53:46
812fcec509b098b50nB429m-GFpW,呼叫中心系统运维,万科祥盈,10000人以上,人力资源服务,大专,经验不限,"催收系统, 呼叫系统, 参数设置",9-14K,深圳,,2026-06-02 08:57:55
f024ba726ce94c380nB429m0EFZY,运维工程师,软盟技术,100-499人,互联网,大专,3-5年,"阿里云, Windows Server, 系统运维, 业务系统",13-15K,深圳,,2026-06-02 08:57:55
8e8d631205f11ffb1XN-096_EFRY,系统运维,国聚医药,20-99人,医疗健康,高中,1-3年,"网络运维, 实施交付运维, 系统运维",5-6K,深圳,,2026-06-02 08:58:15
3522680efafdf1c803Nz3t26EVZR,存储系统运维专家SME,捷誊技术,20-99人,计算机服务,本科,1-3年,,10-15K,深圳,,2026-06-02 08:58:15
2c6c0646fc8387130nZ73Nq7GVZQ,蚂蚁集团-系统运维工程师,蚂蚁集团,10000人以上,互联网,本科,5-10年,,35-60K·15薪,深圳,,2026-06-02 08:58:36
1fe7a324a304673c0nB73tm7GFVY,云端系统运维工程师,北京某中型人工智能公司,100-499人,人工智能,硕士,经验不限,,30-55K,深圳,,2026-06-02 08:58:36
c2f1004a4d01194b0nZy2du1FVtT,资深大数据离线平台运维工程师,诚迈科技,1000-9999人,计算机服务,本科,3-5年,"系统运维, Java, 运维经验, 基础设施, 集群运维, 离线计算, 大数据平台, Hadoop",15-23K,深圳,,2026-06-02 08:58:56
540f532f4bf1d7f203xz29-9EltY,应用运维工程师,某大型互联网金融公司,100-499人,互联网金融,本科,经验不限,"桌面运维, 网络运维",20-40K,深圳,,2026-06-02 08:59:37
834aed6bfd4e6d010nR90tu0EVBZ,运维工程师,平安银行,1000-9999人,互联网,本科,在校/应届,"Golang, 网络运维, Java, DBA, 系统运维, 运维开发/DevOps, Python/Shell, 计算机相关专业, IDC机房运维",13-16K·15薪,深圳,,2026-06-02 08:59:37
20bdd1a336f798c4031539u9E1dV,云运维工程师,天锐计算机,20-99人,通信/网络设备,本科,1-3年,"系统运维, 运维开发/DevOps, Python/Shell, Docker, Kubernetes, Redis, MySQL/Oracle, 计算机相关专业, 运维开发经验, 运维经验, 电子/电气/自动化相关专业, 华为云, HCIP-Cloud Service, HCIE-DevOps Engineer",11-20K,深圳,,2026-06-02 09:00:21
5b596924201360171nZ_0tW_ElpW,系统运维工程师,鑫福源,20-99人,批发/零售,大专,1-3年,"Linux, 系统运维, 桌面运维",6-7K,深圳,,2026-06-02 09:00:42
2c4510096733fc8603Vy3960EVRX,AI运维工程师,诺龙技术,20-99人,通信/网络设备,本科,1-3年,"Java, 数据标注, 实施交付运维, 大数据运维经验, 系统运维, 定位, 计算机相关专业, 运维经验",5-6K·13薪,深圳,,2026-06-02 09:00:42
68860ac589727fbb0nRz39m5EFpS,运维工程师,超惟视讯,100-499人,智能硬件/消费电子,本科,5-10年,"系统运维, 运维开发/DevOps, Python/Shell, Docker, 运维经验, 运维开发经验, 网络安全相关经验, 大数据运维经验",15-30K,深圳,,2026-06-02 09:01:02
5754adc4c63997a81nJy39y_GFNQ,运维工程师,睿服科技,1000-9999人,计算机软件,本科,1-3年,"Linux, Docker, 系统运维, K8S, 自动化运维, 大数据运维, 应用运维, SQL",12-18K,深圳,,2026-06-02 09:01:02
93fe692805b84b3c0nd-0tq5ElVV,中/高级系统运维工程师（容器平台）,深圳某大型智能硬件公司,1000-9999人,智能硬件,学历不限,经验不限,,30-60K·15薪,深圳,,2026-06-02 09:05:10
22aa14a70c6f339e03F_2tm1FFFU,系统运维工程师（甲方自研）,软牛科技集团,500-999人,计算机软件,本科,5-10年,"Java, 系统运维, 运维开发/DevOps, 运维开发经验, 计算机相关专业, 信息安全等级保护",12-20K,深圳,,2026-06-02 09:05:31
f3a190670321a3540nd_29i_GFZV,云平台运维工程师,乔安,1000-9999人,计算机软件,本科,5-10年,"Golang, 华为/腾讯/AWS, 云平台运维, MySQL/Oracle, Docker, K8s, 运维开发/DevOps, 运维开发经验, 自动化运维, 云服务实战经验, Python/Shell",10-15K·14薪,深圳,,2026-06-02 09:05:53
402a50ae7e24091303J939u7ElJS,系统运维工程师,德鼎信达,0-20人,运营商/增值服务,大专,1-3年,"网络运维, 通信相关专业, MySQL/Oracle, 系统运维, 英语四级, 短信息, 通信行业, 桌面运维, 计算机相关专业, 运维经验",8-13K,深圳,,2026-06-02 09:05:53
11c5676e985a9ba80nVy3927EVZQ,IT 运维工程师（HR 系统方向）,玖治科技Ninenovo,100-499人,智能硬件/消费电子,本科,3-5年,"实施交付运维, 人力资源",11-20K·14薪,深圳,,2026-06-02 09:05:53
c90806934f3b0ec61XJ-3N6-FVpS,安防工程师,众云信息科技有限公司,20-99人,大数据,大专,5-10年,系统运维,7-12K,深圳,,2026-06-02 09:06:34
9db727697d3a7cb31Xxy39y6F1ZQ,高级运维工程师,江南月,20-99人,互联网,本科,3-5年,"网络运维, 系统运维, DBA, Python/Shell, Redis, MySQL/Oracle, 计算机相关专业, 运维经验, 运维开发经验",15-20K,深圳,,2026-06-02 09:07:18
c65d1fb5bfaeca900nV42d68FVNS,高级运维工程师,深圳市欧佳智慧科...,20-99人,互联网,本科,5-10年,,9-14K,深圳,,2026-06-02 09:07:40
01341ae180cfcdcd1XR52Ni_FlpU,驻场运维工程师,讯禾实业,0-20人,通信/网络设备,本科,3-5年,"存储运维, 系统运维, 机房运维, 网络交换技术, 网络协议",10-13K·13薪,深圳,,2026-06-02 09:08:01
e66fc182871efac80nB62NS1EFtX,系统运维工程师-驻场华为,新开普,1000-9999人,计算机软件,本科,经验不限,,8-12K,深圳,,2026-06-02 09:12:50
2aecff952ee028090nV93dy0EFtW,运维工程师,金蝶信科,100-499人,企业服务,本科,3-5年,"网络运维, 实施交付运维, 系统运维, IDC机房运维",18-23K·14薪,深圳,,2026-06-02 09:14:54
933e2555889051210ndz3tm0EldT,it运维工程师,同为股份,1000-9999人,通信/网络设备,本科,3-5年,"桌面运维, 网络运维, IDC机房运维, 系统运维, 运维开发/DevOps, 计算机相关专业, 通信相关专业, 运维经验, 运维开发经验",10-15K,深圳,,2026-06-02 09:15:16
0482b860faae53bb03B42N24GVVR,售后运维工程师,盛视科技股份有限公司,500-999人,智能硬件,大专,1-3年,"网络运维, 通信相关专业, 系统运维, 计算机相关专业, IDC机房运维",4-6K,深圳,,2026-06-02 09:15:16
87a6798d431eba820nB62t60GVBV,初中级运维工程师,亮亮欣控股,100-499人,电子商务,本科,3-5年,,8-10K,深圳,,2026-06-02 09:21:05
a5bf64edd0ad0f260nV53N29GFpZ,运维工程师,深圳赛托生物,0-20人,生物/制药,本科,3-5年,"网络运维, 系统运维, 运维开发/DevOps, 实施交付运维, Java, Python/Shell, 计算机相关专业, 电子/电气/自动化相关专业, 运维经验, 运维开发经验, 大数据运维经验",15-25K,深圳,,2026-06-02 09:22:49
6220898a6168c9b40nZ-3N-_ElpY,中高级运维工程师,锐速云,20-99人,互联网,本科,3-5年,"网络运维, 实施交付运维, 系统运维, 运维开发/DevOps",10-15K,深圳,,2026-06-02 09:23:32
f363fcc9a7c004740nV-2N61GFRT,AI运维工程师,中瑞科,100-499人,通信/网络设备,本科,5-10年,,15-30K,深圳,,2026-06-02 09:23:54
60fdec67024e64800ndz2tW-F1NQ,运维开发工程师,从平技术,100-499人,电子/硬件开发,本科,3-5年,"网络运维, 通信相关专业, 运维开发/DevOps, Python/Shell, 计算机相关专业, 网络安全相关经验, 运维经验, 保垒机, Docker, MySQL/Oracle, Ansible/Salt/Puppet, 系统运维, 运维开发经验, CI/CD, Git/GitLab, IDC机房运维",13-20K,深圳,,2026-06-02 09:30:27
8624feebe459e7351XZ73Ny7GFVU,运维工程师,泛微网络,1000-9999人,计算机软件,本科,1-3年,"Linux, 系统运维, MySQL, SQL Server, Oracle",8-10K·13薪,深圳,,2026-06-02 09:30:48
6bf39456c43915b20nV52ty7EVZY,k8s运维工程师,北京某中型计算机服务公司,500-999人,计算机服务,本科,5-10年,,45-65K,深圳,,2026-06-02 09:31:10
8fef80ee51e2f5d503J43d6_FVRU,中高级运维工程师,极光矩阵科技有限公司,100-499人,互联网,本科,5-10年,"Ansible/Salt/Puppet, Docker, 大数据运维经验, 系统运维, 运维开发/DevOps, 运维开发经验, Python/Shell, 计算机相关专业, 运维经验, Kubernetes",18-25K·13薪,深圳,,2026-06-02 09:31:10
f7bb3e181b96276b0nB_0t6-FFBT,高级运维工程师,东信时代,1000-9999人,互联网,本科,5-10年,"Python/Shell, Docker, Kubernetes, AIAgent",15-25K,深圳,,2026-06-02 09:31:10
2ab89d946583e1a703J439-9EFdT,系统运维工程师,Beyond Power,100-499人,智能硬件/消费电子,本科,1-3年,"系统运维, 运维开发经验, Python/Shell, 运维经验",7-10K,深圳,,2026-06-02 09:37:00
8287054c29d5afef0nB439i4FFBV,配电工程师（线上+线下）,博彦科技,10000人以上,计算机软件,本科,3-5年,"系统运维, IDC机房运维, 运维经验, 机房基础设施, 配电, 机房",12-17K,深圳,,2026-06-02 09:37:43
5de2360d058147d10nB_3N-5FVNQ,运维工程师,深圳市岩序云科技,20-99人,互联网,本科,3-5年,"系统运维, Kubernetes, Python/Shell, Docker, 运维经验, Linux, 熟悉AWS核心网络组件, 独立处理K8s",11-20K,深圳,,2026-06-02 09:38:26
c0824d02656d7b8a03J809y4E1VT,IT运维工程师,时代方舟,20-99人,电子商务,本科,3-5年,"跨境电商, 网络运维, 通信相关专业, 系统运维, 运维开发/DevOps, 运维开发经验, 桌面运维, Python/Shell, 计算机相关专业, 运维经验, Python",8-13K,深圳,,2026-06-02 09:38:26
e7555e44f58081870nZ-3Ni1EldR,应用运维工程师,北京某大型计算机软件上市公司,10000人以上,计算机软件,本科,3-5年,系统运维,15-25K,深圳,,2026-06-02 09:38:26
6770128760a34a2b0nB63d24F1BQ,IT运维工程师,北京诺亦腾机器人科技,20-99人,人工智能,本科,3-5年,"计算机相关专业, 运维经验, 运维开发经验",15-25K,深圳,,2026-06-02 09:38:47
a3ff41cdc7f7a3fa0nB43ty_F1VU,监控工程师,阅动(新华三),100-499人,通信/网络设备,大专,3-5年,"网络运维, 系统运维, 监控, ITIL",6-10K,深圳,,2026-06-02 09:38:47
c184752c7ad052430nB-09m1EVNS,运维工程师,奥智元Neuron,20-99人,互联网,本科,,,200-300元/天,深圳,,2026-06-02 09:38:47
94bcbf7b39ed89b10nB_29q9EFpY,混合云运维工程师,vivo,10000人以上,互联网,本科,5-10年,,30-60K,深圳,,2026-06-02 09:39:09
0690d88ae6cc4e9d0nV92du4FVNU,应用运维工程师,顺丰科技,1000-9999人,互联网,本科,3-5年,"Golang, 熟悉中间件部署和使用, MySQL/Oracle, 熟悉公共云平台使用, 大数据运维经验, 系统运维, 运维开发经验, 全栈运维经验, Python/Shell, 计算机相关专业, 运维经验",25-50K·15薪,深圳,,2026-06-02 09:39:09
f54d0f64f639585a0nd_3t6-FVZY,数据中心高级运维工程师,沃尔玛(中国),10000人以上,生活服务(O2O),本科,5-10年,"虚拟化, 网络基础, IDC, 硬件运维, 计算机相关专业, 运维经验, Zabbix",25-45K·13薪,深圳,,2026-06-02 09:45:24
6123146bae0e0f370nV92t25EFJU,运维工程师,誉托科技,100-499人,互联网,本科,3-5年,"实施交付运维, 网络运维, MySQL/Oracle, 运维经验, 电工证, 工地施工运维, 运营商网络",10-15K,深圳,,2026-06-02 09:46:28
c52d0b6fa3225dd20nd43tu8FVtV,运维工程师,红果子,20-99人,互联网,本科,1-3年,"Docker, 系统运维, 运维经验, Kubernetes",15-25K,深圳,,2026-06-02 09:46:49
2c4e1f1a023ffa750nZ729i8FVBY,运维交付工程师 (MJ000439),擎创信息,100-499人,计算机软件,本科,5-10年,,15-22K,深圳,,2026-06-02 09:46:49
580112f5245c4de40nd-3d-_FFRR,AI SRE运维工程师,真景科技,500-999人,计算机软件,本科,5-10年,"Kubernetes, Python/Shell, Golang, 运维经验, 公有云运维, AWS/GCP, 容器",15-25K·14薪,深圳,,2026-06-02 09:54:25
5d260e3dc85ef2200ndy09S9FlRZ,运维工程师,万声音乐集团,100-499人,互联网,本科,3-5年,"网络运维, 系统运维, Python/Shell, 计算机相关专业, 运维开发经验, 网络安全相关经验, 通信相关专业",15-25K·13薪,深圳,,2026-06-02 09:54:25
a9e4960c5149ff5f0nB829-9FldY,路由交换运维工程师（初面线上 复试现场）,长亮科技,1000-9999人,计算机软件,本科,1-3年,"IDC机房运维, 系统运维, 网络运维, Python/Shell, Golang, Java, 计算机相关专业, 通信相关专业, 电子/电气/自动化相关专业, 华为、新华三、中兴, 路由交换网络项目经验",14-21K,深圳,,2026-06-02 10:01:41
1ca96c7b86a8fedd0nB-0tW_GFFZ,运维工程师,易点云,1000-9999人,企业服务,本科,经验不限,"网络运维, 系统运维, 运维开发经验, 桌面运维, 计算机相关专业, 打印机/复印机维修经验",6-8K,深圳,,2026-06-02 10:02:23
ec241ffb348e06180nB509--FlFY,【AI大模型】运维/技术运营工程师,深圳华芯业科技,20-99人,人工智能,本科,3-5年,"系统运维, 运维开发经验, 大模型, Python/Shell, 计算机相关专业, 运维经验",15-20K·13薪,深圳,,2026-06-02 10:02:45
6385d09b598d35980ndy2NS8E1BT,财务IT数字化开发运维工程师 (MJ001199),创维彩电,10000人以上,其他行业,本科,3-5年,"Java, 系统运维, 运维开发经验, Python/Shell, 运维经验",12-18K,深圳,,2026-06-02 10:03:07
0fbcc59bc92fcc490nB829y1FVtZ,系统运维专家,武汉启云方科技,1000-9999人,计算机软件,本科,10年以上,"网络运维, 运维开发/DevOps, Java, Python/Shell, 计算机相关专业",25-50K,深圳,,2026-06-02 10:07:36
5c50b02135c05d2c1HJ63t-6F1VQ,资深系统运维工程师,鹏芯微,1000-9999人,半导体/芯片,本科,10年以上,"系统运维, 运维能力建设, 监控",25-50K·15薪,深圳,,2026-06-02 10:09:45
2ca592c4b94cc4c10nB43NS7FVZS,1191IK-IaaS运维高级工程师,平安科技,10000人以上,互联网,本科,5-10年,"计算机相关专业, 运维经验, 运维开发经验",15-30K·16薪,深圳,,2026-06-02 10:10:06
d7792efa113d6f560nR-09y4FlZY,运维工程师SRE/运维工程师,华宝新能,1000-9999人,新能源,本科,3-5年,"网络运维, 系统运维, Java, Docker, Kubernetes, 计算机相关专业",20-35K·16薪,深圳,,2026-06-02 10:10:28
4af8ecb59baf98990nB-3969EFRZ,运维工程师,深圳CA,100-499人,计算机软件,本科,1-3年,"系统运维, DBA, 实施交付运维, Python/Shell, Ansible/Salt/Puppet, Nginx, Redis, Elasticsearch, 计算机相关专业, 运维经验",7-10K,深圳,,2026-06-02 10:10:49
87a74931b15e68780ndy3967F1NX,运维工程师（英语口语可作为工作语言）,深圳爱谁贸易有限公司,20-99人,智能硬件/消费电子,本科,5-10年,"运维开发/DevOps, 系统运维, Ansible/Salt/Puppet, Nginx, Docker, MySQL/Oracle, 计算机相关专业, 运维经验, 运维开发经验",30-40K,深圳,,2026-06-02 10:19:06
452b3f05670b66b41nF80tq6EFpZ,系统运维工程师,天航智盈,20-99人,计算机软件,本科,1-3年,"IT技术支持, 运维, 系统运维, 运维工程师",5-8K·13薪,深圳,,2026-06-02 10:31:35
d6e56e0e50cf7ff40nZ929y1ElpY,运维工程师,某大型培训公司,100-499人,培训/辅导机构,本科,经验不限,"网络运维, 运维开发/DevOps, DBA, Kubernetes, Docker, Redis, 计算机相关专业, 电子/电气/自动化相关专业, 运维经验, 网络安全相关经验",25-40K,深圳,,2026-06-02 10:33:16
42b2b6504ed4e7450nd42tm4F1dW,业务运维工程师(J10404),网心科技,100-499人,互联网,本科,1-3年,"Python/Shell, 计算机相关专业",6-11K·14薪,深圳,,2026-06-02 10:34:17
a19e32aacf3ce9360nB529i5EFdR,运维工程师,慧博云通,10000人以上,计算机软件,大专,3-5年,"网络运维, Nginx, 实施交付运维, Ansible/Salt/Puppet, Elasticsearch, 大数据运维经验, 系统运维, 运维开发经验, Redis, Python/Shell, 运维经验",9-11K,广州,,2026-06-02 10:41:48
4e769c283ddc04840nB53Ny7E1tX,服务器系统运维工程师,恩士迅,1000-9999人,计算机服务,本科,5-10年,,10-15K,广州,,2026-06-02 10:41:48
03dbcd32a0fcd8050nB42tm7EVNU,系统运维（驻场稳定，大小周，环境好）,爱浦京,500-999人,计算机软件,大专,1-3年,"系统运维, Java, Docker, Kubernetes, 计算机相关专业, 运维经验, POS, OMS, 钉钉, 合思",10-15K,广州,,2026-06-02 10:41:48
263b5e6542a1e4280nB709W4EVpW,IT运维工程师,衬衫老罗,100-499人,服装/纺织,大专,3-5年,"桌面运维, 网络运维, 系统运维, IDC机房运维, 运维开发/DevOps, MySQL/Oracle, 计算机相关专业, 运维经验, 网络安全相关经验, 打印机/复印机维修经验",7-9K,广州,,2026-06-02 10:41:48
b00bb13e7c79831c0nB82927EFpU,系统实施运维（不卡学历、稳定）,拓保软件,1000-9999人,计算机软件,本科,5-10年,"系统运维, MySQL/Oracle, Docker, 具备项目管理能力, k8s, 项目实施, 熟悉linux",12-14K,广州,,2026-06-02 10:41:48
a75911ebe306c6aa0nB_3N69EltW,物流系统运维-外包,国科科技,1000-9999人,计算机软件,本科,5-10年,系统运维,10-15K,广州,,2026-06-02 10:41:48
bbb6037d32271a8e0nB40tS4EldX,系统运维工程师,长发小寨,500-999人,批发/零售,大专,1-3年,"系统运维, Python/Shell, 计算机相关专业, 运维经验, 运维开发经验, 金蝶云星空, 旺店通ERP",10-15K,广州,,2026-06-02 10:41:48
1bc53c79570af4df0nd_3N26F1pV,高级it运维工程师,温超集团,1000-9999人,批发/零售,学历不限,3-5年,"桌面运维, 网络运维, 系统运维, 实施交付运维, MySQL/Oracle, 运维开发经验, 运维经验, 网络安全相关经验",13-15K·13薪,广州,,2026-06-02 10:41:48
bb6e968c9b9681f90nZy2dy0EVZX,AR系统运维工程师,广州卓诚,20-99人,通用设备,大专,1-3年,,5-8K,广州,,2026-06-02 10:41:48
f8688f7330d198da0nVy2du_ElVV,运维工程师,三未信安,500-999人,信息安全,本科,1-3年,,9-14K,广州,,2026-06-02 10:41:48
113c5f8adb44bf5b03F_2tW0FFdY,系统运维工程师（初级、中级、高级）,白云信息科技,100-499人,计算机软件,本科,经验不限,,12-24K,广州,,2026-06-02 10:41:48
82e3195ea2d2360a0nB_3di_EFNV,系统运维专员,面子引力,20-99人,电子商务,大专,1-3年,,5-7K,广州,,2026-06-02 10:41:48
6ebd62ee430ae56f03B_3dS5E1pX,线路系统运维工程师,巨辰集团,20-99人,互联网,大专,1-3年,"通信相关专业, 语音线路, 系统运维, 通信行业, sip, VOS系统操作",7-10K,广州,,2026-06-02 10:42:08
6c2bc11412da8a180nZ_39S-E1BY,运维工程师-双休/年终奖,名通科技,100-499人,计算机软件,本科,1-3年,"Nginx, Docker, 系统运维, linux, Redis, 计算机相关专业, 运维经验, Kubernetes",6-8K·13薪,广州,,2026-06-02 10:42:08
69dc773c041158410nd83Ny-FVNW,系统运维工程师,知否科技,100-499人,互联网,本科,3-5年,"网络运维, Nginx, Java, 系统监控, Redis, 自动化运维, Python/Shell, 计算机相关专业, 网络安全相关经验, 电子/电气/自动化相关专业, 运维经验, MySQL/Oracle, 系统运维, Linux/CICD",7-10K,广州,,2026-06-02 10:42:08
133ba90b8b55aebc0nd82dq0EFZT,运维工程师,上海新炬,1000-9999人,计算机软件,大专,3-5年,"系统运维, 运维开发/DevOps, Python/Shell, Docker, Kubernetes, 运维经验",10-15K·13薪,广州,,2026-06-02 10:42:08
d5cdf2afc60976ba0nV72dS9FFZR,系统运维工程师（驻场）,海晟科技,100-499人,计算机软件,本科,3-5年,"通信相关专业, 大数据运维经验, 系统运维, 计算机相关专业, 运维经验",11-14K,广州,,2026-06-02 10:42:08
1b3a50b0233f678403d82Ny6EVtQ,驻点运维工程师,华南智汇,0-20人,计算机软件,大专,1-3年,"网络运维, 系统运维, 桌面运维, 计算机相关专业, 运维经验, IDC机房运维",5-6K,广州,,2026-06-02 10:42:08
a1c201ae8c1762d40nB_29W8EVZT,系统网络运维工程师（机场项目）,新华三技术有限公司,10000人以上,计算机软件,大专,3-5年,"网络运维, 监控镜头, 系统运维, Python/Shell, 计算机相关专业, 高空证, 网络安全相关经验, 运维经验, 交换机、防火墙, 低压电工证",8-9K,广州,,2026-06-02 10:42:08
82d0b27816407d3e03F63d-_ElNX,IT运维工程师,莎莎电子商务,500-999人,电子商务,本科,3-5年,"桌面运维, 网络运维, 系统运维, 运维经验, 网络安全相关经验, 计算机相关专业",10-14K,广州,,2026-06-02 10:42:08
0df9103b63c3ec3e0nB63NS6EVJU,网络运维工程师,雷焰游戏,100-499人,游戏,大专,3-5年,"网络运维, 系统运维, IDC机房运维",9-14K,广州,,2026-06-02 10:42:08
5a5abf125e66e1ec03F92tu-FFVS,k8s运维工程师,广东智帆海洋科技,100-499人,计算机软件,大专,10年以上,"私有化部署, Docker, 系统运维, 内网, CI/CD, Redis, Prometheus, Kubernetes",11-22K,广州,,2026-06-02 10:42:08
ddebd9a44da6e7550nZ_0tu1EFtX,系统运维工程师（日语）,深圳联友科技有限...,1000-9999人,互联网,本科,3-5年,"系统运维, 运维开发/DevOps, 计算机相关专业, 运维经验, 日语",15-25K·14薪,广州,,2026-06-02 10:42:08
825daa7049d30c681XN639S8FFZW,系统运维工程师,广州元世纪互联网,20-99人,社交网络,学历不限,3-5年,系统运维,12-18K·13薪,广州,,2026-06-02 10:42:08
f1777a9dc0ab75f00nB-39W0GFBQ,实施维护工程师,施特伟,0-20人,人力资源服务,大专,1-3年,"实施交付运维, 系统运维, 计算机相关专业, 运维经验",6-10K,广州,,2026-06-02 10:42:08
808f028e03df3bf5031-3960F1NQ,系统运维专员,广州美纳智娱科技,100-499人,互联网,大专,1-3年,系统,8-13K,广州,,2026-06-02 10:42:28
fc772d8733e446270nd83927EVVR,驻场运维工程师,蓝爵网络,20-99人,信息安全,本科,1-3年,,10-15K,广州,,2026-06-02 10:42:28
cec816c53b61740c0nB729y6ElNZ,现场运维工程师,完美世界,1000-9999人,游戏,本科,5-10年,"网络运维, 系统运维, IDC机房运维, 运维经验",20-30K·14薪,广州,,2026-06-02 10:42:28
5148551b6daee7d81nJz2ti1GVdV,系统运维工程师,丰川科技,0-20人,计算机服务,学历不限,1-3年,系统运维,6-10K,广州,,2026-06-02 10:42:28
2a67fa6c8ce1a2600nV-2du1F1VZ,高级系统运维工程师（系统运营方向）4195,天翼云,1000-9999人,计算机软件,本科,5-10年,"系统运维, 运维经验",15-30K·15薪,广州,,2026-06-02 10:42:28
422a8cd9a47a14580nB_3NW1F1JV,高级系统网络工程师,棒谷科技,1000-9999人,电子商务,大专,5-10年,,18-25K,广州,,2026-06-02 10:42:28
34a2d23d20378aa30nB73dy7E1BV,运维工程师（棠下）,润建股份,1000-9999人,互联网,大专,3-5年,"IDC机房运维, 系统运维",10-12K,广州,,2026-06-02 10:42:28
bddf7a6a90f87ca10nB73dy7E1FR,mes系统运维工程师,豪美新材,1000-9999人,金属制品,大专,3-5年,,10-12K,广州,,2026-06-02 10:42:28
e9b83e96f72662b103160tm-GFVT,兼职运维工程师,厦门聚力优创科技,20-99人,人工智能,大专,1-3年,"桌面运维, 网络运维, 系统运维, 运维开发/DevOps, 实施交付运维, Java, Python/Shell, Ansible/Salt/Puppet, 计算机相关专业, 运维经验, 运维开发经验, 网络安全相关经验, 大数据运维经验",25-35元/时,广州,,2026-06-02 10:42:28
04c13bdcef50aef50nB-0t60FFNS,应用系统运维工程师（IT）,广州泰康之家粤园养老,10000人以上,生活服务(O2O),本科,3-5年,,9-10K,广州,,2026-06-02 10:42:28
c56c50f64de812390nd93Ni4FVJR,运维工程师（大数据）,广东亿迅科技有限公司,1000-9999人,互联网,本科,1-3年,"MySQL/Oracle, 大数据, Hadoop, spark, linux",10-12K,广州,,2026-06-02 10:42:28
dc38fcccb89fc2e90nZ-3dq6F1dX,系统运维工程师（驻场）,佳都科技,1000-9999人,计算机软件,大专,1-3年,"OA, 流程引擎, 系统运维, 流程优化, K2, 运维开发经验, Python/Shell, 运维经验, 流程调整",7-9K,广州,,2026-06-02 10:42:28
ef6d19df1cbecd940nB42tW8F1BQ,跨境 IT 系统运维工程师（独立站）,广州鑫讯电子商务,20-99人,电子商务,本科,经验不限,,7-9K,广州,,2026-06-02 10:42:28
5e332bf29c6a222d0nd509y1E1NW,业务运维工程师,福富公司,1000-9999人,计算机软件,本科,3-5年,,9-11K,广州,,2026-06-02 10:42:28
cdb6ec3e56021cce1HV70tm8FFBT,政务云运维工程师,同道科技,20-99人,计算机软件,本科,1-3年,"数据安全, 密码, 实施交付运维, 通信相关专业, Ansible/Salt/Puppet, MySQL/Oracle, 系统运维, 计算机相关专业, 运维经验, 云灾备",7-9K,广州,,2026-06-02 10:42:28
151a2118bedf9f9203F83Ny_ElRR,IT运维工程师,广合科技,1000-9999人,半导体/芯片,本科,1-3年,"网络运维, Nginx, 通信相关专业, 运维开发/DevOps, 桌面运维, Redis, Python/Shell, 计算机相关专业, 运维经验, MySQL/Oracle, Ansible/Salt/Puppet, 大数据运维经验, 系统运维, 打印机/复印机维修经验, IDC机房运维",8-13K,广州,,2026-06-02 10:42:49
29076aac66e57f800nB529m8ElJR,初级运维工程师,道然,100-499人,互联网,本科,1-3年,,5-7K,广州,,2026-06-02 10:42:49
23703cb6eb75f1801HB72960EVNT,系统运维,北京东土拓明科技,100-499人,计算机软件,大专,1-3年,"系统运维, Docker, 计算机相关专业, 通信相关专业, 运维经验",8-10K,广州,,2026-06-02 10:42:49
e95310f24599623b03x53dW_EVFX,通信与信息系统运维工程师,广州势创,20-99人,通信/网络设备,本科,经验不限,,6-8K,广州,,2026-06-02 10:42:49
edd71dc68172b85603F52d-_GVpX,桌面运维工程师,浩洋电子,1000-9999人,电子/半导体/集成电路,本科,1-3年,"桌面运维, 网络运维, 系统运维, 计算机相关专业, 运维经验, 网络安全相关经验, 虚拟桌面, 硬件故障诊断, AD域, 邮箱运维, 终端设备运维",7-10K,广州,,2026-06-02 10:42:49
558e2ebeca45b8631nF42968FVdY,系统运维工程师,广州太普软件,100-499人,计算机软件,本科,1-3年,"大数据运维, 数据库运维, 系统运维, Linux, Java, 服务器配置, Oracle, Tomcat",6-8K·13薪,广州,,2026-06-02 10:42:49
c63505593dcf34d303x809i5F1tY,网络安全产品运维工程师（YG02）,广东蝉鸣,20-99人,信息安全,本科,1-3年,"系统运维, 实施交付运维, Python/Shell, 计算机相关专业, 运维经验, 网络故障排查, 熟悉linux常用基本命令, 软件售后运维, 产品实施交付, 云安全运维",8-13K·13薪,广州,,2026-06-02 10:42:49
3c0d6947474256471XF809S4EVZR,系统运维工程师,小芝麻数科有限公司,20-99人,企业服务,本科,1-3年,"系统运维, 桌面运维, 网络运维, MySQL/Oracle, Java, Python/Shell, 计算机相关专业, 运维经验, 网络安全相关经验",4-8K,广州,,2026-06-02 10:42:49
3704c7eaea5dc9350nVy2d-0GFVX,运维工程师,MICAS,100-499人,电子商务,大专,5-10年,"网络运维, 大数据运维经验, 系统运维, 运维开发/DevOps, 运维开发经验, Python/Shell, 计算机相关专业, 网络安全相关经验, 运维经验",12-18K,广州,,2026-06-02 10:42:49
2ca1f99abd02afe21HZy3Nq7FVtQ,驻场网络运维工程师,帝博瑞克,20-99人,信息安全,大专,3-5年,"网络运维, 驻场运维, 系统运维, 桌面运维, 计算机相关专业, 运维经验, IDC机房运维",10-13K,广州,,2026-06-02 10:42:49
4e05f3047b89c1ce0nZ43tu_EVpY,运维工程师（国企背景）,青由,20-99人,互联网,本科,3-5年,"Java, Nginx, 业务运维, Docker, 系统运维, Python/Shell, 计算机相关专业, 运维经验",8-10K,广州,,2026-06-02 10:42:49
ad2d305a6da9cf0b0nB42ti5EldQ,OA 系统运维工程师,易工品,500-999人,电子商务,本科,1-3年,"网络运维, BUG排查, ERP, 通信相关专业, 系统运维, 泛微OA, 计算机相关专业, OA系统运维, 运维经验",10-15K,广州,,2026-06-02 10:42:49
6389b9c2f598953c0nd929-0F1FW,系统运维,广东博斯绅威实业,1000-9999人,服装/纺织,本科,3-5年,,6-9K·13薪,广州,,2026-06-02 10:42:49
4a0e99f0a6302da00nd43964EVVV,系统运维工程师,天润粮油,100-499人,食品/饮料/烟酒,本科,5-10年,"系统运维, Java, 计算机相关专业, 运维经验, 运维开发经验",8-12K·13薪,广州,,2026-06-02 10:42:49
497634746cedfccc1XN909q6FFdT,linux运维工程师,广发期货有限公司,500-999人,证券/期货,本科,1-3年,"系统运维, 运维开发/DevOps, Python/Shell, Nginx, Redis, 计算机相关专业, 运维经验, 运维开发经验",15-30K,广州,,2026-06-02 10:42:49
77a925861e7497d51nF60tS9EFdU,系统运维工程师,新开普,1000-9999人,计算机软件,大专,1-3年,"系统运维, 应用运维, 大数据运维, 数据库运维, 存储运维, 虚拟化运维, Windows, Linux",5-10K,广州,,2026-06-02 10:43:09
d4b2c00b90d6251e0nV_0t26GFFQ,游戏运维工程师,尼欧网络,100-499人,游戏,本科,1-3年,"Linux, Windows, 数据库运维, Python",4-8K,广州,,2026-06-02 10:43:09
5633150ccf757a0503V72dm4GFtY,安防系统运维工程师,广州硕泰信息技术,0-20人,计算机服务,中专/中技,1-3年,"通信相关专业, 系统运维, 桌面运维, 计算机相关专业, 电子/电气/自动化相关专业, 打印机/复印机维修经验, IDC机房运维",6-11K,广州,,2026-06-02 10:43:09
d2dc079e06c9c7051Xd73N-7E1pZ,中高级系统运维工程师,珠海市华兴信息,1000-9999人,大数据,本科,5-10年,"Linux, 大数据运维经验, Python, 应用运维, Kubernetes",15-30K·15薪,广州,,2026-06-02 10:43:09
8a9a9a8213af41ca0nB_2di4ElRY,运维工程师（广州驻场）,广西海视城市运营,100-499人,互联网,本科,1-3年,,8-9K,广州,,2026-06-02 10:43:09
2991d8031786b2df0nB-2dm8GFFV,驻外矿机运维工程师,红球进出口贸易,20-99人,进出口贸易,大专,3-5年,"网络运维, 通信相关专业, 系统运维, 计算机相关专业, 电子/电气/自动化相关专业, 运维经验, IDC机房运维",15-20K,广州,,2026-06-02 10:43:09
9ee57871d3a494010ndy0ty4F1BW,数字化专员（MES/系统运维）,利口福,1000-9999人,食品/饮料/烟酒,大专,1-3年,,8-12K,广州,,2026-06-02 10:43:09
d067646303e141050nB_2di8GVtT,财务系统运维工程师,凯捷,10000人以上,计算机软件,本科,3-5年,,14-15K·13薪,广州,,2026-06-02 10:43:09
d76661bcde4d1a701Xd73NW5F1pZ,系统运维工程师,广州云臻数据,0-20人,计算机软件,大专,1-3年,"Python, SQL, 服务器配置, 容器技术, 分布式技术, Linux, Oracle, 系统运维",7-12K·13薪,广州,,2026-06-02 10:43:09
d1c4244b5dc4a9e603Ny3du4FlpW,运维交付工程师,HyperAI,20-99人,计算机软件,本科,5-10年,,15-20K·13薪,广州,,2026-06-02 10:43:09
6dc3675a7e3e773b0ndz09u1EVNZ,初级运维工程师（云平台）,中航云测,20-99人,计算机软件,大专,1-3年,"系统运维, Python/Shell, MySQL/Oracle, Docker, 计算机相关专业, 运维经验, 云平台运维经验, 电网项目经验",7-8K,广州,,2026-06-02 10:43:09
45d031f392fdcaa10ndz3d2-GVNS,国企-运维工程师,广东某中型人工智能公司,100-499人,人工智能,硕士,5-10年,,20-35K,广州,,2026-06-02 10:43:09
3276c4952ab420771XV52du4FFdZ,系统运维工程师,广州商之杰,20-99人,信息安全,本科,3-5年,"实施交付运维, 系统运维, 网络安全相关经验, 网络协议, Oracle, 安全运维, SQL",10-12K·13薪,广州,,2026-06-02 10:43:09
2b1e909feb64397403xz0ty9FlFQ,监控系统运维工程师,广州中钦科技服务,20-99人,互联网,大专,3-5年,"系统运维, Python/Shell, Docker, Kubernetes, MySQL/Oracle, 计算机相关专业, 通信相关专业, 运维经验",8-9K,广州,,2026-06-02 10:43:09
526ed0200600cbfd03R_2ty_ElRS,运维工程师,天勤数科,20-99人,计算机软件,本科,5-10年,"网络运维, 运维开发/DevOps, 实施交付运维, Docker, MySQL/Oracle, Kubernetes, Redis, Nginx, 运维开发经验, 计算机相关专业, 无人机, linux",10-15K,广州,,2026-06-02 10:43:09
0d248d3ac43858d71X1y0t-_EFFU,运维工程师,仪速安,100-499人,仪器仪表,本科,5-10年,"系统运维, 运维开发/DevOps, IDC机房运维",8-12K,广州,,2026-06-02 10:43:31
4d3e2a038fd8915e03J42Nq5FFJX,运维工程师,中欧卡航,20-99人,跨境物流,本科,在校/应届,"C#, Nginx,  Visual Studio, · Git（GitHub、GitLab、, ASP.NET Web Forms, HTML/CSS/JavaScript, 系统运维, 运维开发/DevOps, 运维开发经验, Python/Shell, 计算机相关专业, 运维经验",3-5K,广州,,2026-06-02 10:43:31
d61f734519d8c5a4031z2dm0GFZS,运维工程师,剧缘科技,20-99人,文化艺术/娱乐,学历不限,经验不限,,10-15K,广州,,2026-06-02 10:43:31
f99cf4522bda7fd60nZz3Nu-EVZV,软件运维工程师,绿能中环,100-499人,光伏,本科,3-5年,"CI/CD流程, Docker容器, 生产环境K8s, Linux",8-13K,广州,,2026-06-02 10:43:31
c694dfa3e7c3710803Jy3dm8FlpX,mes系统运维工程师,六环信息科技,100-499人,汽车零部件,本科,3-5年,,12-18K·13薪,广州,,2026-06-02 10:43:31
adf119634ad0c23c0nZ639-_GVVS,系统运维支持专员（2026届）,金拱门,100-499人,大数据,本科,在校/应届,"系统运维, 运维经验",5-6K·13薪,广州,,2026-06-02 10:43:31
6bd15c3fae0e4b780nB429u-ElFQ,售后运维工程师（非驻场）,悦程信息,20-99人,智能硬件,本科,经验不限,"售后, 系统集成, 音视频, 维修, 运维",6-7K,广州,,2026-06-02 10:43:31
6991833b93aaf6860ndz2968EltZ,运维工程师,广州不凡信息技术,20-99人,医疗健康,大专,3-5年,"运维开发/DevOps, Redis, 自动化, Python/Shell, 计算机相关专业, Grafana, Jenkins, 实施交付运维, Docker, Linux, 系统运维, 运维开发经验, CI/CD, IDC机房运维, Kubernetes",10-12K,广州,,2026-06-02 10:43:31
76584cf63dd71bb90nZ_3ti5GVJQ,数字化运营工程师,我与我,100-499人,电子商务,大专,3-5年,"Java, Nginx, 了解电商ERP如旺店通, DBA, 运维开发/DevOps, Python/Shell, 网络安全相关经验, 运维经验, MySQL/Oracle, Docker, 大数据运维经验, 系统运维, 运维开发经验, 影刀、UiBot、RPA, Python",13-18K,广州,,2026-06-02 10:43:31
b44f7574c3f83d2303x-29q7FVpX,运维工程师,稳态超界,20-99人,计算机软件,本科,1-3年,,10-15K,广州,,2026-06-02 10:43:31
502410b23e7e5fbb0nd_2t-4FVpY,运维工程师（限27届实习生）,绿力网络,100-499人,计算机软件,本科,,"实施交付运维, 通信相关专业, MySQL/Oracle, 系统运维, 计算机相关专业, 数据库",120-200元/天,广州,,2026-06-02 10:43:31
de7b53a42335a1f503By2Ni4EldW,网络系统运维工程师（双休+五险一金）,朗桥维视,20-99人,互联网,本科,3-5年,"网络运维, linux, Python/Shell",8-13K,广州,,2026-06-02 10:43:31
af073b6c6ea55a9c03F_0t28FFBQ,运维工程师跟进员,广州灏沣信息科技,100-499人,大数据,本科,1-3年,,6-9K·13薪,广州,,2026-06-02 10:43:31
d765942e89200f1b0nd62Nm_E1pW,大数据运维工程师,诚迈科技,1000-9999人,计算机服务,本科,3-5年,"Java, Redis, 运维经验, Hadoop, 大数据平台, 离线, 集群",15-22K,广州,,2026-06-02 10:43:31
bebdd13f0db961350nB-3t2_ElZT,网络桌面运维工程师,蜚美,500-999人,互联网,本科,5-10年,,10-15K·13薪,广州,,2026-06-02 10:43:31
f37df5ba988191c10nd429y0EFRW,远程网络机房运维工程师,广州世勤科技,0-20人,计算机软件,本科,1-3年,,8-12K,广州,,2026-06-02 10:43:52
a3128c1f8aaa86fa0nB-3dm7EFFZ,运维工程师,HippoJoy,100-499人,游戏,本科,3-5年,"桌面运维, IDC机房运维, 网络运维, Python/Shell, Java, Golang, MySQL/Oracle, 计算机相关专业",7-10K,广州,,2026-06-02 10:43:52
7488700a07b51dee0nd-2ti7GVBY,北森系统运维专家,润德教育,1000-9999人,在线教育,本科,3-5年,,8-12K,广州,,2026-06-02 10:43:52
b4f371c68bb1d9281X1639i0FlJS,服务器运维工程师,广州美央创新科技,100-499人,医疗器械,本科,1-3年,网络运维,15-30K,广州,,2026-06-02 10:43:52
039bc9b36e6d05841Hx_0tS_FlpX,系统维护工程师,怡睦勤之家,10000人以上,其他生活服务,本科,1-3年,"系统运维, 运维开发/DevOps, 实施交付运维",5000-5500元/月,广州,,2026-06-02 10:43:52
f18cc5aece7ffd5f0ndz0924FlpU,高级业务运维工程师,趣丸,1000-9999人,互联网,本科,3-5年,"运维开发/DevOps, Golang, Redis, Docker, Kubernetes, MySQL/Oracle, 运维经验",15-24K·15薪,广州,,2026-06-02 10:43:52
9533f04e940bcf611XR_09S-EFRX,系统运维工程师,东莞中瑞,20-99人,通信/网络设备,大专,1-3年,"Linux, Windows, RHCSA, RHCA",6-8K,广州,,2026-06-02 10:43:52
e52b963811e310351nF82Nq5F1FV,系统运维工程师,冠宣科技,20-99人,互联网,大专,经验不限,"应用运维, 数据库运维, Linux, Windows, Zabbix, Oracle",5-10K·13薪,广州,,2026-06-02 10:43:52
32e8b9d3298c6c690nB40ti1EFZR,IT运维工程师/IT管理员,广州亚帝实业有限公司,100-499人,进出口贸易,本科,1-3年,,7-11K,广州,,2026-06-02 10:43:52
795f6f246134298d1Xxz39W_E1BZ,运维工程师,星空数据,20-99人,计算机软件,本科,5-10年,"网络运维, 系统运维, IDC机房运维",6-10K,广州,,2026-06-02 10:43:52
6af0b762c7cd74af03B939S9FVFY,运维工程师,运捷迅,20-99人,计算机软件,本科,1年以内,,6-9K,广州,,2026-06-02 10:43:52
e6ff8c07253541900nB-39q9EVZS,运维工程师（校招）,晟烨股份,100-499人,互联网,大专,,"网络运维, 通信相关专业, MySQL/Oracle, 系统运维, 桌面运维, 计算机相关专业",60-110元/天,广州,,2026-06-02 10:43:52
fafde71c0882d8e403B829m1EVZU,系统运维工程师,数商云,100-499人,互联网,大专,1-3年,"系统运维, Python/Shell, 运维经验, 运维开发经验",5-7K,广州,,2026-06-02 10:43:52
52b6fb2977696a150nVy3Ny8E1dT,互联网运维工程师,云米科技,1000-9999人,智能硬件,本科,3-5年,,13-26K·13薪,广州,,2026-06-02 10:43:52
a2ee0ea33af50f470nd409m0FVtY,关务系统运维工程师,立景创新,10000人以上,半导体/芯片,本科,3-5年,"MySQL/Oracle, 计算机相关专业",11-20K,广州,,2026-06-02 10:43:52
7625ac35eaf2958d1HN-3Ni1F1FR,终端及网络运维工程师,开源电力,100-499人,其他生活服务,大专,5-10年,"网络运维, 通信相关专业, 系统运维, 桌面运维, 计算机相关专业, 网络安全相关经验",4-5K,广州,,2026-06-02 10:44:11
6afe6f3e2a71dd9a031729--FFpU,大数据运维工程师,互呈信息,20-99人,企业服务,本科,5-10年,"Python/Shell, Docker, Kubernetes, 大数据运维经验, CDH, 大数据平台, 云计算",15-25K,广州,,2026-06-02 10:44:11
56b9aaf7cea4623a1nJ93Nq_FVVT,运维工程师,意通,0-20人,计算机服务,中专/中技,1-3年,"全职兼职均可, 系统运维, 桌面运维, 应用运维, 电工施工",4-9K,广州,,2026-06-02 10:44:11
a17eb72da6bb6a3803Vz3ty_F1NW,系统运维工程师,迈越科技,100-499人,互联网,本科,1-3年,,12-18K,广州,,2026-06-02 10:44:11
7bb61fc2b5e961c70nB62Ni_GFtV,运维工程师,9377游戏,500-999人,游戏,本科,1-3年,"计算机相关专业, 运维经验, 网络安全相关经验",10-15K,广州,,2026-06-02 10:44:11
bcac533d6465c76a0nRy0tm6FFFS,QMS系统管理工程师,广东芬尼克兹,1000-9999人,其他行业,大专,1-3年,"质量管理, 通信相关专业, MySQL/Oracle, 大数据运维经验, 系统运维, QMS, 运维开发/DevOps, 运维开发经验, 计算机相关专业, 运维经验",10-12K,广州,,2026-06-02 10:44:11
82e12a93c967884a0nV-2dW7F1VX,IT支持工程师（上班16-24点，可在家办公）,香港方达科技(亚...,0-20人,计算机软件,本科,1-3年,"Nginx, MySQL/Oracle, 系统运维, 桌面运维, Python/Shell, 计算机相关专业, 运维经验, Kubernetes",10-12K,广州,,2026-06-02 10:44:11
62dfe6689b7a2c6c0nR-2di4FFNW,系统运维工程师中级,融朋信息,0-20人,计算机软件,本科,1-3年,"obcp, 运维开发/DevOps, cka, cisp, cissp",8-10K,广州,,2026-06-02 10:44:11
40ec165aaaf63dae0ndy29u1ElJY,运维工程师,因湃电池科技有限公司,500-999人,其他新能源,学历不限,经验不限,"网络运维, 系统运维, IDC机房运维",3-5K,广州,,2026-06-02 10:44:11
aa64d7eb4586f2900nB509m5GVpY,驻场运维工程师,税友集团,1000-9999人,互联网,本科,1-3年,"系统运维, Docker, MySQL/Oracle, zabbix, nginx",9-10K·14薪,广州,,2026-06-02 10:44:11
85f3389205f8f9c20nB_2tm0EVRU,产品运维工程师,电商客服,0-20人,互联网,本科,1-3年,,6-7K,广州,,2026-06-02 10:44:11
d31ac924758e5eed0ndy2ty7E1BZ,数据中心基础设施运维工程师,北京金道天成信息,1000-9999人,企业服务,本科,3-5年,"ups、柴发, 电气",11-20K,广州,,2026-06-02 10:44:11
5a140ebf8aa216e503F-3d-0EVNT,服务器工程师,银信科技,1000-9999人,计算机软件,大专,3-5年,"实施交付运维, 系统运维, 计算机相关专业, 运维经验, IDC机房运维",6-7K·13薪,广州,,2026-06-02 10:44:11
05418188d62e5ee80nV63ty0E1pU,软件运维实施工程师,广东迈科,20-99人,医疗健康,本科,1年以内,,5-6K,广州,,2026-06-02 10:44:11
e7be06707c5bfb0e0nZ739S6EFtU,线上运维工程师 (MJ000033),广州拳游科技有限公司,100-499人,游戏,本科,5-10年,,15-30K,广州,,2026-06-02 10:44:11
0fc7360ed18febc51XN909i7EFBR,运维工程师,昂宝电子/On-Bright,100-499人,半导体/芯片,本科,3-5年,"运维经验, 运维开发经验",13-18K,广州,,2026-06-02 10:44:33
9c2aa3f6582141f41nR639i9FFJV,系统运维工程师,碧水湾温泉度假村,500-999人,酒店/民宿,大专,经验不限,"运维, 运维工程师, 网络运维, 安全运维",4-5K,广州,,2026-06-02 10:44:33
bfbca467474abad403R63NW1E1RT,云基础架构运维工程师,广晟数科,20-99人,计算机软件,本科,5-10年,"网络运维, 系统运维, IDC机房运维, 运维开发/DevOps, Nginx, Redis, MySQL/Oracle, Docker, Kubernetes, 计算机相关专业, 通信相关专业, 运维经验, 网络安全相关经验",15-30K,广州,,2026-06-02 10:44:33
f57e67a5cd2250b71XVy3t-0FVFR,系统运维工程师,Panasonic松下压缩机,1000-9999人,机械设备/机电/重工,本科,经验不限,"AIX, SQL, 系统运维, 应用运维",6-8K·15薪,广州,,2026-06-02 10:44:33
0d71b37261454b510nd-2N-0FFdZ,智慧校园运维工程师,酷讯智能,0-20人,智能硬件,大专,1-3年,"网络运维, 外勤外出, 系统运维, 桌面运维, 驻校运维, 运维经验, 校园运维",5-10K,广州,,2026-06-02 10:44:33
9394e1f708177d980nB-39-_E1BZ,运维工程师,广州飞豹网络,20-99人,互联网,本科,3-5年,,12-16K,广州,,2026-06-02 10:44:33
1fc3972ca064e75b1XZy3dq8ElVQ,系统运维工程师,锦铭泰软件,100-499人,计算机软件,本科,3-5年,"SQL, 负载均衡技术, Windows, 系统运维, MySQL, Oracle, SQL Server",10-15K·13薪,广州,,2026-06-02 10:44:33
8714cb328bc6b35e1nd42ty7EFpY,运维工程师,广州澜东科技有限...,20-99人,计算机软件,本科,1-3年,"SaaS,, 系统运维, MySQL, 计算机软件, SQL Server, SQL",5-7K,广州,,2026-06-02 10:44:33
d6cd287bd9619b4d03172t60FlJY,云电脑业务运维工程师—长期驻场通信运营商,神州信息,10000人以上,计算机软件,本科,5-10年,"Java, 通信相关专业, MySQL/Oracle, Linux, 系统运维, 运维开发经验, 桌面运维, 计算机相关专业, 运维经验, 打印机/复印机维修经验",13-15K,广州,,2026-06-02 10:44:33
2d42797ea92dd2f80nd609S_EFNR,运维工程师,喜玩,500-999人,生活服务(O2O),大专,3-5年,"网络运维, 系统运维, VPN, 邮箱, 局域网, 无线网络布置",6-7K,广州,,2026-06-02 10:44:33
075034afcadc406133163ti7E1c~,运维工程师,广州众拓,20-99人,计算机软件,大专,经验不限,"网络运维, 实施交付运维, 桌面运维, 运维经验, 驻点, IDC机房运维",4-7K,广州,,2026-06-02 10:44:33
72a96e93de5acfa6031_3N2-EVtR,综合管理部系统运维管理,中悦传媒,0-20人,广告/公关/会展,本科,5-10年,,5-8K,广州,,2026-06-02 10:44:33
9f8a0ab1705f36920nB42tq1GFRR,运维工程师,廿玖贸易,20-99人,互联网金融,大专,1-3年,"系统运维, 计算机相关专业",7-9K,广州,,2026-06-02 10:44:33
4412d3b3d18ac6153nJ53Nu8E1U~,运维工程师,蜂助手,100-499人,互联网,本科,5-10年,"运维, 系统运维, 安全运维",15-30K·13薪,广州,,2026-06-02 10:44:33
f63ac196781227dd03B72tW_E1ZW,安全运维工程师,观安信息,500-999人,信息安全,大专,,"实施交付运维, 系统运维, 计算机相关专业, 运维经验, 网络安全相关经验, Linux, 安全运维",170-200元/天,广州,,2026-06-02 10:44:33
45c16ba2206ecae50nB63Nq4ElpU,运维工程师（周末双休，五险一金）,方欣科技有限公司,1000-9999人,计算机软件,本科,1-3年,"项目运维, SQL",5-6K,广州,,2026-06-02 10:44:54
d5f95ea4c79a68a00nV53dy0F1VY,运维工程师,国安信息科技,100-499人,计算机软件,本科,3-5年,"Docker, 系统运维, K8S, 云平台",11-19K,广州,,2026-06-02 10:44:54
e9b83835406c59d31XB-2dm1E1BS,运维工程师,钧誉资产,20-99人,基金,本科,3-5年,"运维开发/DevOps, 系统运维, Python/Shell",15-20K,广州,,2026-06-02 10:44:54
956ccf7adf7d1a341XV-2N25E1dZ,OA运维工程师,小鹏汽车,10000人以上,汽车研发/制造,本科,5-10年,"系统运维, 大数据运维, 应用运维",15-25K·15薪,广州,,2026-06-02 10:44:54
18bb855f2b010e660nZ_0tW4EltX,系统运维实习生,广州天网网络中心,0-20人,社交网络,学历不限,1-3年,桌面运维,2-3K,广州,,2026-06-02 10:44:54
8d12c5b99cdbefab03d82964FFtY,初级运维工程师,智威智能,20-99人,计算机软件,本科,1-3年,,6-9K,广州,,2026-06-02 10:44:54
0192ad774f04296a0nZy09u_GVpQ,IT运维工程师,扶摇映画,0-20人,游戏,大专,3-5年,"网络运维, 系统运维, 桌面运维, 计算机相关专业, 服务器部署, 运维经验, 网络安全",6-10K·13薪,广州,,2026-06-02 10:44:54
5c7d4d5a40633ee003173ti9EFdY,高级服务运维工程师,健力宝,1000-9999人,批发/零售,本科,3-5年,"DBA, MySQL/Oracle, 大数据运维经验, 系统运维, Redis, 运维经验",12-16K·13薪,广州,,2026-06-02 10:44:54
898f52bbfe5185cb0nd-3t6-ElBW,运维工程师(EQC2),Cider,500-999人,电子商务,本科,1-3年,"网络运维, 独立完成网络, IT技术支持, 桌面运维, 计算机相关专业, 网络开发与维护",12-18K,广州,,2026-06-02 10:44:54
a666349d9ae1484c03193tq6GVRS,高级运维工程师,江楠集团,1000-9999人,农/林/牧/渔,本科,5-10年,"实施交付运维, 系统运维, IDC机房运维",15-25K,广州,,2026-06-02 10:44:54
cdbc5a73629a35e203R73tW1FFRV,资深运维工程师,南齐信息,0-20人,计算机服务,本科,5-10年,"网络运维, 通信相关专业, 系统运维, 桌面运维, 计算机相关专业, 电子/电气/自动化相关专业, 网络安全相关经验, 运维经验, IDC机房运维",9-10K,广州,,2026-06-02 10:44:54
34631f7e49ca57e803Nz09W9GFBX,运维工程师,京信智能科技,20-99人,自动化设备,本科,经验不限,"Docker, Redis, 计算机相关专业, 运维经验, Kubernetes",15-30K·14薪,广州,,2026-06-02 10:44:54
8cf6e0542953a0a81XF_3t61E1tT,运维工程师,天之蓝,20-99人,环保,大专,1-3年,"网络运维, 系统运维, 实施交付运维, 电子/电气/自动化相关专业, 运维经验",6-9K,广州,,2026-06-02 10:44:54
323de6f4ee8af5f91nF80t60FlBU,软件实施工程师,众联鼎兴,20-99人,计算机软件,学历不限,经验不限,"云计算, 系统运维, 自动化运维, 安全运维, 管理系统, 网络设备, 计算机软件, 网络安全",4-7K,广州,,2026-06-02 10:44:54
1264a685686f2a861nx_2Nu8GVs~,智能化系统运维工程师,达瑞思,0-20人,大数据,大专,5-10年,"DBA, 系统管理员, 运维",6-9K,广州,,2026-06-02 10:44:54
e2a26f80970e26f60nB73tm8EVVQ,linux运维工程师,丰德科技,100-499人,计算机软件,本科,3-5年,"Linux运维, 系统运维, RHCE",8-9K,广州,,2026-06-02 10:50:02
456410337178a0521HB83di4EVNZ,运维工程师（广州）,广东省信息工程,100-499人,计算机软件,大专,经验不限,"弱电设备, 门禁监控, 系统运维, 桌面运维, 计算机相关专业, 国产化",5-8K,广州,,2026-06-02 10:50:02
d296a4aab05c85c00nd90960FVNX,资深系统网络运维工程师,广州与搏科技有限公司,20-99人,互联网,本科,5-10年,"网络运维, 系统运维, 运维经验",20-25K·13薪,广州,,2026-06-02 10:50:02
627d98a28194c0601HJ-3di8FVtX,系统运维专员,广东南方通信建设,1000-9999人,通信/网络设备,学历不限,经验不限,"网络运维, 系统运维",6-8K,广州,,2026-06-02 10:50:02
1b1b7f4d5b0c6fba0nB4096-GVdR,运维工程师—广州,中电科安全科技,100-499人,计算机软件,本科,1年以内,,7-9K,广州,,2026-06-02 10:50:02
e2c08e89554d59f90nB_3dW-GFFX,应用系统运维工程师,中软国际,10000人以上,计算机软件,本科,3-5年,"运维开发/DevOps, Java, 计算机相关专业, 运维经验, 电子/电气/自动化相关专业, 运维开发经验",16-19K·13薪,广州,,2026-06-02 10:50:21
a14b1e5d52495ded1XN53927E1FZ,运维工程师,广州大海科技信息,0-20人,通信/网络设备,学历不限,1-3年,"网络运维, 实施交付运维, 通信相关专业, 大屏KVM系统, 系统运维, 音视频系统, 桌面运维, 计算机相关专业, 网络安全相关经验, 运维经验, 打印机/复印机维修经验",4-6K,广州,,2026-06-02 10:50:21
331215ebf030eeab03V93dm_F1E~,IT系统运维工程师,姿塔,0-20人,计算机硬件,学历不限,1年以内,"Cisco, Linux, 网络",4-9K,广州,,2026-06-02 10:50:21
b2d7925d4e859a300nd909-_E1BT,运维工程师（双休）,中杰宝科技,20-99人,计算机服务,本科,3-5年,"系统运维, MySQL/Oracle, Nginx, Redis, 运维经验, 计算机相关专业, 运维开发经验, MySQL、Redis, Prometheus等监控系统, SpringCloud, 微服务运维管理, Tomcat、ELK",7-10K,广州,,2026-06-02 10:50:21
207386d3ae31e0520nVy29S-GFtZ,高级系统运维工程师,广州百云互联科技,0-20人,计算机服务,大专,3-5年,,8-12K,广州,,2026-06-02 10:50:21
3964a61a53e18e940nd90ty-EVRR,系统运维工程师（HR / OA系统）,广州金升阳科技有...,1000-9999人,自动化设备,本科,3-5年,"OA系统, MySQL/Oracle, ERP系统, 系统运维, 运维开发经验, Python/Shell, 计算机相关专业, 运维经验, HR系统",10-15K,广州,,2026-06-02 10:50:21
7c5cd47c7c3a6a450nB62tq0FFVY,高级运维工程师,枫车创,100-499人,电子商务,本科,3-5年,,10-15K,广州,,2026-06-02 10:50:41
d0990e7722c4e08c0nR929u4FFBZ,全栈运维工程师（电动,润建股份,1000-9999人,互联网,大专,5-10年,"系统运维, 运维开发/DevOps, Python/Shell, Nginx, Kubernetes, MySQL/Oracle, Docker, 计算机相关专业, 运维经验, 运维开发经验",10-15K,广州,,2026-06-02 10:50:41
a3edfbce4ad779331H1y09-4FVBQ,系统运维实习生,数字广东,1000-9999人,计算机软件,本科,,"Nginx, MySQL/Oracle, 系统运维, Redis, 计算机相关专业",160-210元/天,广州,,2026-06-02 10:50:41
beaf9ae2d35572081n1z2t20E1dR,系统部署运维工程师,图灵智新,100-499人,人工智能,本科,3-5年,"存储运维, Linux, Docker, 系统运维, K8S, 虚拟化运维, 集群运维",8-13K·13薪,广州,,2026-06-02 10:50:41
8a47132360d13cb80nB-2du1GVdT,系统运维实习生（茶饮数字化方向）,茶理宜世,500-999人,餐饮,大专,,"Excel, 大数据运维经验, 系统运维, 计算机相关专业, 运维经验, SQL",100-120元/天,广州,,2026-06-02 10:50:41
62a210bd8600714d0nB72ty6FlRR,系统运维工程师+包住宿+五险一金,广州脊地健康管理,100-499人,其他生活服务,大专,3-5年,,6-8K,广州,,2026-06-02 10:50:41
013bbeead4790b940nB-09W_FVpQ,运维工程师,崇业网络科技,100-499人,计算机软件,本科,3-5年,"系统运维, 运维开发/DevOps, Python/Shell, Ansible/Salt/Puppet, Nginx, MySQL/Oracle, 计算机相关专业, 运维经验, 网络安全相关经验, 运维开发经验, k8s, 容器与虚拟化：, 数据库与中间件",9-10K,广州,,2026-06-02 10:50:41
0d897dedbc094af703By29m0ElZX,IT系统运维,广州市天河区华附...,100-499人,学校/学历教育,本科,1-3年,,8-12K,广州,,2026-06-02 10:50:41
f083c80eefa960820nV83N29F1FY,运维工程师,康合慢病,100-499人,医疗服务,本科,5-10年,"系统运维, 网络运维, IDC机房运维, 运维经验, 运维开发经验, 网络安全相关经验, 大数据运维经验, 打印机/复印机维修经验",10-15K,广州,,2026-06-02 10:50:41
ea292bd09107440f0nR90tS-FlFS,高级系统运维工程师,中联兴环保,100-499人,环保,大专,5-10年,"计算机/网络系统工程师, 计算机相关专业, 通信/工程相关专业, 系统建设/运维经验, Linux运维经验",10-15K,广州,,2026-06-02 10:50:41
632d104174a24d100nVy2t68EVdR,运维工程师,广州上和国瑞互联科技,20-99人,互联网,本科,3-5年,"Elasticsearch, Docker, 系统运维, 运维开发/DevOps, 运维开发经验, Python/Shell, AI运维, 运维经验, Kubernetes",10-15K,广州,,2026-06-02 10:51:02
63471dc6ecdbc2250nd429q6GVVV,系统运维工程师,远信科技,500-999人,互联网,本科,1-3年,"Shell, Linux, 网络交换技术, 系统运维, 网络协议, Oracle, Python, SQL",8-12K,广州,,2026-06-02 10:51:02
748220438bfde1d80nB53du8GVpR,运维工程师（驻场科大讯飞）,人瑞网络科技,10000人以上,计算机硬件,本科,3-5年,,9-10K,广州,,2026-06-02 10:51:02
bf1ae438f8005ab80nB_0tW4FVFZ,运维工程师,万声通讯实业有限公司,10000人以上,电子商务,本科,3-5年,"系统运维, Nginx, Kubernetes, Docker, MySQL/Oracle, Python/Shell, 计算机相关专业, 运维经验, 大数据运维经验, 五险一金, 固定双休",9-12K,广州,,2026-06-02 10:51:02
f290d6ef8dec49d603x92dy6E1VT,系统运维工程师,南辰,0-20人,计算机服务,本科,3-5年,,7-10K,广州,,2026-06-02 10:51:02
10ce23c36dd44e121Hd-3du8FlZU,非常紧急-国企-系统运维,某500强上市公司,1000-9999人,互联网,本科,3-5年,系统运维,15-25K·19薪,广州,,2026-06-02 10:51:02
9e4b0323c350123f0nZy2dW7GFNX,IT运维工程师,欢聚集团,1000-9999人,互联网,本科,3-5年,,16-28K·16薪,广州,,2026-06-02 10:51:02
e28488d6d6e50cb21Xd73dq_F1dQ,智能化运维工程师,宏景科技,100-499人,计算机软件,大专,经验不限,"系统运维, 桌面运维, 存储运维, 自动化运维, 机房运维",5-10K·13薪,广州,,2026-06-02 10:51:02
234b116efce8fa7e0nB_2967EFFV,中高级运维工程师,银叶健康,20-99人,医疗健康,本科,5-10年,,12-19K,广州,,2026-06-02 10:51:02
358fa339a043b8dd1H1y09y_FFRY,软件系统运维工程师,广东医通,100-499人,计算机软件,本科,3-5年,"网络运维, 实施交付运维, 通信相关专业, MySQL/Oracle, 系统运维, 计算机相关专业",8-10K,广州,,2026-06-02 10:51:23
1512f5cd908952cb0ndy3d-1F1pU,泛微OA系统搭建与运维,中管通,20-99人,其他专业服务,大专,3-5年,"系统运维, 实施交付运维, 计算机相关专业",8-12K,广州,,2026-06-02 10:51:23
9397016cec7e766503N93tW1GFpW,高级linux运维工程师,高专资讯科技有限公司,1000-9999人,计算机软件,本科,10年以上,"Docker, MySQL/Oracle, 系统运维, K8S, 运维开发/DevOps, 运维开发经验, Openstack, Python/Shell, 计算机相关专业, 运维经验, Kubernetes",21-30K,广州,,2026-06-02 10:51:23
d4c6ee0223af64e11n1z396_FFtU,双休 / 系统运维工程师 / 社保公积金,联邦车网,100-499人,互联网,本科,1-3年,"Python, Shell, K8S, Jenkins, ELK",10-15K,广州,,2026-06-02 10:51:23
800dcc5a6987e3011XJ83Ny9FFtW,系统运维工程师,广州市灵狐系统工...,20-99人,计算机软件,本科,3-5年,"系统运维, 实施交付运维, MySQL/Oracle, 计算机相关专业, 运维开发经验",8-10K,广州,,2026-06-02 10:51:23
c7a8749c864171671HB709y4GVVW,系统运维工程师,博衍电力,0-20人,电力/热力/燃气/水利,大专,1-3年,系统运维,6-10K,广州,,2026-06-02 10:51:23
3da21170785e4ce80nV_09q7EFpZ,运维工程师,辰蓝建设,20-99人,房屋建筑工程,本科,1-3年,,6-8K,广州,,2026-06-02 10:51:44
f0eeefe06dc2ea5003F52N-_E1tT,应用运维工程师(实),视源股份(CVTE),1000-9999人,电子/硬件开发,本科,,"实施交付运维, 计算机 信息管理, 系统运维, 计算机相关专业",150-200元/天,广州,,2026-06-02 10:51:44
484863c7628075eb0nB52tq6ElZW,大数据平台运维工程师,观安信息,500-999人,信息安全,本科,3-5年,,12-18K,广州,,2026-06-02 10:51:44
6676b7c696e5ebd31nZ739y1GFNU,测试运维工程师,广东保伦电子,1000-9999人,电子/硬件开发,本科,1-3年,"Linux, 音视频, 系统运维, 服务器配置, 测试",6-9K·13薪,广州,,2026-06-02 10:51:44
77f4632edce162c60nd_39y4EFRZ,电商业务系统运维工程师,护航科技,1000-9999人,计算机服务,大专,1-3年,"Python/Shell, MySQL/Oracle, 计算机相关专业, 运维经验",7-9K,广州,,2026-06-02 10:51:44
95c49542999cd9220nR40ti_GVRW,运维工程师,广州开付信息科技,100-499人,互联网,大专,3-5年,"系统运维, 运维开发/DevOps, 运维经验, Kubernetes",10-15K,广州,,2026-06-02 10:51:44
c661bac0ef8c9cfa1Hx42di7F1JU,运维工程师,广东抱谷科技有限公司,20-99人,运营商/增值服务,本科,5-10年,"Nginx, MySQL/Oracle, 大数据运维经验, 系统运维, 运维开发/DevOps, 运维开发经验, Python/Shell, 运维经验",10-15K,广州,,2026-06-02 10:51:44
4ae1cb09e0dca85d0nB729-7FFRV,运维工程师-基础设施,钛动科技,1000-9999人,互联网,本科,3-5年,,15-30K·15薪,广州,,2026-06-02 10:51:44
1773e8d11bb3fc8403Vy2dW5E1RY,网络运维工程师,药师帮,1000-9999人,互联网,本科,经验不限,"网络运维, 网络安全相关经验, 运维经验, IDC机房运维, 应用运维",11-20K·14薪,广州,,2026-06-02 10:51:44
d8f60c5a23e0af1c0nB42tu7F1pW,初级运维工程师（广州，2027届),凯通科技,100-499人,计算机软件,本科,,,140-160元/天,广州,,2026-06-02 10:52:04
d7e6d3560d67cd9d0ndz0t64FFpU,运维工程师,源雅学校,1000-9999人,学校/学历教育,大专,1-3年,"网络运维, 桌面运维, 系统运维",6-7K,广州,,2026-06-02 10:52:04
1505e909e9d3904f031_39-7EFJZ,高级运维工程师,魔橙,100-499人,互联网,本科,5-10年,"网络运维, Docker, Python/Shell, 运维经验, Kubernetes",15-20K,广州,,2026-06-02 10:52:04
9e96a26493f472ed1XZ-0tm7E1VX,系统运维实习生,睿江云,100-499人,通信/网络设备,大专,,"Windows, Linux",150-250元/天,广州,,2026-06-02 10:52:04
f8f3b64f03f27fcc03192dy7FlBY,it运维工程师,祈福医院,1000-9999人,医疗服务,本科,3-5年,"系统运维, 计算机相关专业, 医院, 医疗系统维护",9-14K,广州,,2026-06-02 10:52:04
e8977c2961ca176f1XJ_2N67F1BW,系统运维工程师,广发期货有限公司,500-999人,证券/期货,本科,1-3年,"系统运维, 运维开发/DevOps, Python/Shell, MySQL/Oracle, 计算机相关专业, 运维经验, 运维开发经验, Linux, Oracle",15-30K,广州,,2026-06-02 10:52:26
d99a0d7116fab0140nR72tm7FVNS,运维工程师,艾瓦智能,20-99人,人工智能,本科,5-10年,"系统运维, Kubernetes, Golang, MySQL/Oracle",12-18K·13薪,广州,,2026-06-02 10:52:26
bec675b99e8860670nB_0964FVtV,大数据组件运维工程师,网易,10000人以上,互联网,本科,3-5年,"系统运维, 网络运维, Elasticsearch, 计算机相关专业, 运维经验",30-60K,广州,,2026-06-02 10:52:26
d4b299d292c99ffd1Hdy3ty5Elc~,系统运维工程师,天基网控,20-99人,大数据,大专,3-5年,"防火墙, linux, vpn",6-11K,广州,,2026-06-02 10:52:26
c507c933d1c26b6903R_3t25E1NW,运维工程师,掌信科技,100-499人,计算机软件,本科,3-5年,"Docker, 系统运维, Python/Shell, 云运维",10-13K,广州,,2026-06-02 10:52:26
51ec5cb7e0397cbd0nVy2di7F1BU,运维工程师（驻英国）,末龙科技,100-499人,互联网,本科,5-10年,,15-30K·13薪,广州,,2026-06-02 10:52:26
b2ad848b8b2a91b203Zz3tm6FFE~,系统运维工程师,冠进科技,20-99人,通信/网络设备,大专,3-5年,系统运维,4-7K,广州,,2026-06-02 10:52:26
bcaa79cddfda046203F92d-8EVNT,运维工程师,YY,1000-9999人,互联网,本科,1-3年,,10-15K,广州,,2026-06-02 10:52:26
0f61642f246188fe1HVz39-_FlZY,高级系统运维工程师,微木供应链管理,100-499人,批发/零售,本科,5-10年,"系统运维, 运维开发/DevOps, DBA, Nginx, Docker",15-25K,广州,,2026-06-02 10:52:26
5ef684ca765ba6d71H1y0ti5FFJZ,运维工程师,南北科技,20-99人,计算机软件,本科,3-5年,"Java, Ansible/Salt/Puppet, 运维开发/DevOps, CNAS实验室, Python/Shell",8-11K,广州,,2026-06-02 10:52:26
351657d486031a9903J-3tS0EFpV,【2026年应届生】运维工程师,广州4399,1000-9999人,游戏,本科,1年以内,"网络运维, 系统运维, Python/Shell, 计算机相关专业, 运维开发经验",12-20K·13薪,广州,,2026-06-02 10:52:45
c0825dea5f97a2220nB43d61F1FV,实施运维工程师-自研大型软件厂商,嘉为科技,500-999人,计算机服务,本科,3-5年,"Shell, NoSQL, MySQL, 集群运维, Redis, MongoDB, 容器技术, Python",9-12K,广州,,2026-06-02 10:52:45
5cd69e4210da0d5c0nd42di9FlJY,运维工程师,星鼎,20-99人,信息安全,本科,,"IDC机房运维, 系统运维, 网络运维, 计算机相关专业, 运维经验",160-180元/天,广州,,2026-06-02 10:52:45
ba8247e8696ca4b10nB-3Ny0FFdY,网络运维工程师,中控创新,20-99人,石油/石化,本科,1-3年,"网络运维, 计算机相关专业, 通信相关专业, 运维经验, 网络安全相关经验, H3C, Cisco, Huawei, BGP, OSPF",7-11K,广州,,2026-06-02 10:52:45
22d90dfacb4d30e403x-2dS0E1FS,运维工程师,广东智源,100-499人,计算机软件,本科,经验不限,"系统运维, 实施交付运维, Redis, MySQL/Oracle, 计算机相关专业, 运维经验, 运维开发经验",6-10K,广州,,2026-06-02 10:52:45
07fd251e631018fa0nd-2ti_FltR,运维工程师,爱音乐,100-499人,运营商/增值服务,本科,5-10年,,10-15K·15薪,广州,,2026-06-02 10:52:45
ee4ad440726bc10a0nZ90929F1ZS,运维工程师（财务信息化方向）,越秀金科,20-99人,计算机软件,本科,经验不限,,18-25K,广州,,2026-06-02 10:52:45
22c0b2e365b63a6e0nB709u-E1dZ,运维工程师,广东盾卫云创信息技术,0-20人,信息安全,本科,3-5年,"桌面运维, 网络运维, 系统运维, Java, MySQL/Oracle, 计算机相关专业, 通信相关专业, 运维开发经验, 网络安全相关经验, 打印机/复印机维修经验",5-6K,广州,,2026-06-02 10:52:45
3bab7545a52b41810nV529i9EVJX,运维工程师,广州湖森,20-99人,计算机软件,本科,3-5年,"系统运维, 运维开发/DevOps, 实施交付运维, 计算机相关专业, 通信相关专业, 运维经验, 运维开发经验",8-13K,广州,,2026-06-02 10:52:45
5e2f570ca8e4f2201nF92Nu6EVZV,运维工程师,锦涛税务,20-99人,企业服务,本科,3-5年,"安全运维, 系统运维",10-15K,广州,,2026-06-02 10:53:05
fb9b1e6f6b1c47aa1Hd53tu4E1VZ,中级运维工程师,广东新华乐育科技...,20-99人,培训/辅导机构,本科,3-5年,系统运维,7-12K,广州,,2026-06-02 10:53:05
98992a3dbd30aeb603R72tq0FFs~,运维服务工程师,广州中友信息科技...,20-99人,计算机软件,本科,1-3年,"IT支持, 运维, 数据库",8-10K,广州,,2026-06-02 10:53:05
8661e27c57b866190nRz39-7ElVT,资深系统运维工程师,天翼数字生活,1000-9999人,互联网,本科,3-5年,"系统运维, Python/Shell, Ansible/Salt/Puppet, Nginx, Redis, Kubernetes, 计算机相关专业, 通信相关专业, 运维经验",15-25K·14薪,广州,,2026-06-02 10:53:05
1da17f3630bd94261nZ53NW1FlJS,运维工程师,晟弘公司,0-20人,计算机服务,本科,1-3年,"网络运维, 计算机相关专业, 通信相关专业, 电子/电气/自动化相关专业, 运维经验, 弱电，物联网应用系统运维",5-10K·13薪,广州,,2026-06-02 10:53:05
295fb4deec7bd5111XNz0926GVZU,业务系统运维工程师,某大型基金公司,500-999人,基金,硕士,1-3年,"Docker, Python/Shell, 计算机相关专业",20-35K,广州,,2026-06-02 10:53:05
ed8f5c438f9789550nB-0929E1NS,运维工程师,广州达乐投文化信...,20-99人,广告营销,本科,1-3年,,10-11K,广州,,2026-06-02 10:53:05
6ad80493b1dfe2460nB-3dS4EFVV,南网超高压项目组-实施工程师,南京瑞海文信息科...,20-99人,大数据,本科,1-3年,"系统运维, 运维开发/DevOps, 实施交付运维, MySQL/Oracle, Nginx, Docker, 计算机相关专业, 通信相关专业, 电子/电气/自动化相关专业, 运维开发经验, 运维经验, Linux, 测试",9-14K,广州,,2026-06-02 10:53:05
f26411fd579f52c50nB42d2_FVFQ,运维工程师,广东智脑链科技,20-99人,电子/硬件开发,大专,1-3年,"系统运维, 网络运维, 实施交付运维, IDC机房运维, 运维开发/DevOps, Golang, MySQL/Oracle, Python/Shell, Ansible/Salt/Puppet, Docker, 计算机相关专业, 通信相关专业, 运维经验, 运维开发经验, 网络安全相关经验, 云原生运维, DevOps, 数据库运维, 运维体系搭建, 容器编排",8-13K,广州,,2026-06-02 10:53:05
1ecf8b960cb1cfa20nZ509u4FVRW,运维工程师——云平台,广东织云科技有限公司,20-99人,互联网,本科,5-10年,"网络运维, 系统运维, IDC机房运维, 桌面运维, 实施交付运维, 计算机相关专业, 通信相关专业, 运维经验, 网络安全相关经验, 大数据运维经验",15-20K,广州,,2026-06-02 10:53:05
c554e47a28b5686f1Hd93t6-EltW,运维工程师（广州）,信雅达三佳,100-499人,计算机软件,大专,经验不限,系统运维,4-5K,广州,,2026-06-02 10:53:05
c4e254ad7d4c60760nB_2dy7E1ZT,阿里云运维工程师,大连金安天成科技有限公司,20-99人,计算机软件,本科,经验不限,,11-15K,广州,,2026-06-02 10:53:05
b817ad101cf54e9f1nd60tu7FlFX,K8S运维工程师,21cn,1000-9999人,互联网,本科,3-5年,"系统运维, 容器技术, Docker, K8S, SRE, Kubernetes, DevOps, Linux",12-24K·13薪,广州,,2026-06-02 10:53:05
a376f5e3b4a7ec630nd90tW5FlpZ,云运维工程师,中电金信,10000人以上,计算机软件,本科,5-10年,"Java, Terraform, Linux  paas, M365与Power Platform, Python/Shell",15-25K,广州,,2026-06-02 10:57:13
f0ed3b0212d9f1430ndy3ty-EVFV,监测系统运维工程师,一科智能,100-499人,计算机服务,大专,3-5年,"网络运维, Nginx, 通信相关专业, Windows Server, PostgreSQL, Python/Shell, 计算机相关专业, 网络安全相关经验, 运维经验, IIS, MySQL/Oracle, 系统运维, Kingbase, 麒麟",10-12K,广州,,2026-06-02 10:57:13
5dfb226d3eca4d300nB-39-0EFpY,运维工程师（双休）,知一数据,100-499人,大数据,本科,3-5年,"Java, 实施交付运维, 通信相关专业, 系统运维, 计算机相关专业, 运维经验",15-19K,广州,,2026-06-02 10:57:33
b17dc8631725711603R_2dm6FVFW,服务器运维工程师,彦诺智能,20-99人,新零售,本科,1-3年,"系统运维, 运维开发/DevOps, Nginx, Redis, MySQL/Oracle, 运维开发经验",5-8K,广州,,2026-06-02 10:57:33
3520da6c33ca32a50nB73dy7EFFW,运维工程师（棠下）,润建股份,1000-9999人,互联网,大专,3-5年,"MySQL/Oracle, 系统运维, 运维开发/DevOps, Python/Shell, 计算机相关专业, 运维经验",10-12K,广州,,2026-06-02 10:57:33
d21de041da56fcea0nZy3tq4EFZV,运维工程师,芝麻加油,100-499人,生活服务(O2O),大专,1-3年,"Docker, 系统运维, 运维开发/DevOps, 运维开发经验, 计算机相关专业, 运维经验",9-11K,广州,,2026-06-02 10:57:33
814d22ad6b8891c00nB_29q9FFdR,运维工程师（VMware）,软通动力,10000人以上,计算机软件,本科,3-5年,"VMware, 服务器存储",9-12K,广州,,2026-06-02 10:57:54
2adbf255b30546990nB43dq5FFdX,中高级运维工程师/系统工程师,广州纳诺新材料,1000-9999人,原材料及加工/模具,本科,5-10年,,10-15K,广州,,2026-06-02 10:57:54
e670aad6e5a64f3e0nZ539-5EVRV,实施运维工程师（广东）,工慧数智,100-499人,计算机软件,本科,3-5年,"MySQL/Oracle, 实施运维经验, 财务软件",7-9K·13薪,广州,,2026-06-02 10:57:54
30494f1a0fcf88a303x50t29FVZW,高级linux运维工程师-兼职,千云网络技术,20-99人,计算机软件,本科,5-10年,"网络运维, 系统运维, IDC机房运维, 运维开发/DevOps, 实施交付运维, Java, Python/Shell, MySQL/Oracle, 运维开发经验, 网络安全相关经验, 大数据运维经验",10-15K,广州,,2026-06-02 10:57:54
3fdbe3a1dada40a80nB-3Ny8FFFT,高级云运维工程师,软通动力,10000人以上,计算机软件,本科,5-10年,"系统运维, Nginx, 运维经验, 运维开发经验, 公有云",18-21K·13薪,广州,,2026-06-02 10:58:15
fc60e5de1af27d9f03J729S8EldZ,系统运维工程师,广州汇视医疗,20-99人,医疗器械,本科,3-5年,"系统运维, IDC机房运维, 计算机相关专业, 通信相关专业, 运维经验",11-20K,广州,,2026-06-02 10:58:15
6ec0a4408ad6c7da0nd_2ti_FVZY,运维工程师,全诊医学,100-499人,医疗健康,本科,经验不限,"网络运维, 实施交付运维, 系统运维",150-200元/天,广州,,2026-06-02 10:58:36
264b995dbde075b90nB_39u_EVVR,运维工程师（偏软件）,广州乐谷健嘉,100-499人,医疗服务,本科,3-5年,,10-12K,广州,,2026-06-02 10:58:36
833ce88d13c07da70nB829u4E1VR,运维工程师,微创软件,10000人以上,计算机软件,本科,3-5年,"系统运维, 电力交易平台, Python/Shell, 计算机相关专业",13-15K,广州,,2026-06-02 10:58:57
65b81a9024c6cb110nB-0t28E1pV,运维工程师,快决测QD,100-499人,其他专业服务,本科,1-3年,,11-16K·13薪,广州,,2026-06-02 10:58:57
14398d129630c0b80nB629W4FFpT,运维技术支持工程师,视源股份(CVTE),1000-9999人,电子/硬件开发,本科,1-3年,"系统运维, 实施交付运维, Kubernetes, Nginx, Redis, 运维经验",12-20K·13薪,广州,,2026-06-02 10:58:57
c5a756861bb43d910nV-2dS_FFJU,oa运维工程师（公积金全额+双休+加班少）,法本,10000人以上,计算机软件,本科,3-5年,"业务运维, 运维, 系统运维, Oa泛微, Python/Shell, 运维经验, 应用运维",10-12K,广州,,2026-06-02 10:59:18
541a7bc59b64f3d80nB439W9E1VW,应用运维高级工程师（制造业OA系统）,广州某大型新材料公司,1000-9999人,新材料,本科,5-10年,"系统运维, Java, 制造业信息化软件开发, OA系统项目开发建设, 了解ERP、HR系统, Oracle、SQL Server",20-30K,广州,,2026-06-02 10:59:18
95dcb8bfe1046bc81HJ_0tW4FlBX,智能安防监控系统运维工程师,广州天太,20-99人,计算机软件,大专,1-3年,"系统运维, 运维经验, 智能安防监控系统",5-7K,广州,,2026-06-02 10:59:38
e5a3ead1b07296210nd-3ty5EVVY,数据库运维工程师（广州驻场）,广州极数科技有限公司,100-499人,互联网,本科,3-5年,"达梦DCP, 国产数据库证书, DBA, Docker, Oracle",10-11K,广州,,2026-06-02 10:59:38
9b2e45d09bbd52900nB70ti-E1dT,ERP运维工程师,广州苗博士,100-499人,农/林/牧/渔,本科,5-10年,系统运维,10-15K,广州,,2026-06-02 10:59:38
7ea40419dba2650f0ndy2du-GFdX,sre运维工程师,联迪商用,100-499人,智能硬件,本科,5-10年,,15-20K,广州,,2026-06-02 10:59:38
fa2d33f992f9f97f0ndy3d-1EVdQ,云平台运维工程师,文远知行,1000-9999人,人工智能,本科,1-3年,,20-35K·15薪,广州,,2026-06-02 10:59:38
2ed38ccc136d69110nZ53t--GVVR,运维工程师,广州索答,20-99人,计算机软件,大专,3-5年,"网络运维, 实施交付运维, Docker, 系统运维, 计算机相关专业, 网络安全相关经验, 运维经验",7-9K,广州,,2026-06-02 10:59:38
d690538d01067f040nZ729S7F1FV,资深云运维工程师,创想三维,1000-9999人,智能硬件,本科,5-10年,"运维开发/DevOps, Docker, Kubernetes",28-35K,广州,,2026-06-02 10:59:38
35d496406924a2630nB_09q0E1RV,大数据组件运维工程师,网易,10000人以上,互联网,本科,3-5年,,30-60K·16薪,广州,,2026-06-02 10:59:38
e51c4b124fa51c5b1Xd92Ni7F1NV,NC运维工程师,广州泰德科技,20-99人,互联网,本科,1-3年,"实施交付运维, 系统运维, 计算机相关专业, 运维经验, 运维开发经验",7-12K·14薪,广州,,2026-06-02 11:00:00
41c003698ea1dd230nB52NS1EFpU,机房运维工程师,广州鼎峻科技有限公司,20-99人,信息安全,大专,1-3年,"网络运维, 系统运维, IDC机房运维, 计算机相关专业, 通信相关专业, 运维经验, 网络安全相关经验",6-8K·13薪,广州,,2026-06-02 11:00:00
eb45843d56fe2d8d0nd_3ty-ElBT,运维工程师（技术方向）,上海壹杰医疗科技,20-99人,医疗健康,本科,经验不限,"实施交付运维, 医疗软件, MySQL/Oracle, 系统运维, Python/Shell, 计算机相关专业, 运维经验",7-10K,广州,,2026-06-02 11:00:00
c5a1446740e25aa91HB62dS4FVdW,运维工程师,朴诚乳业,1000-9999人,食品/饮料/烟酒,本科,经验不限,"系统运维, 运维开发/DevOps, Kubernetes, MySQL/Oracle, Nginx",8-12K,广州,,2026-06-02 11:00:00
32e8b8afc576c32c03N429i4EFBY,运维工程师,零一空间,20-99人,广告/公关/会展,本科,3-5年,"Docker, Elasticsearch, 运维开发/DevOps, Redis, Python/Shell, 计算机相关专业, 运维经验, Kubernetes",12-15K,广州,,2026-06-02 11:00:21
52bb85e826c014920nB-3tu4F1BV,桌面运维工程师,闪蝶科技,100-499人,互联网,大专,1-3年,"桌面运维, 系统运维, 网络运维, Python/Shell, 通信相关专业, 计算机相关专业, 运维经验, 华为HCIE",4-5K,广州,,2026-06-02 11:00:21
ef02a02dada0a82a0nB42tq-GVBX,运维工程师,迷你玩科技游戏,1000-9999人,游戏,本科,3-5年,,11-20K,广州,,2026-06-02 11:00:21
5ec83bfdd13aac7303x63t-4EFVT,运维工程师-广州,南京艮众信息科技,100-499人,计算机软件,本科,1-3年,"MySQL/Oracle, 系统运维, Python/Shell",7-8K·13薪,广州,,2026-06-02 11:00:21
37275017c95cd9b403Jy2t29GVZW,运维交付工程师,北京博睿宏远,500-999人,计算机软件,本科,1-3年,"大数据运维经验, 非外包岗, 运维实施, to B项目交付",15-20K·13薪,广州,,2026-06-02 11:00:21
f1ac8b311e206bc70nZy0tW_E1NY,系统运维工程师,和元达,20-99人,移动互联网,本科,1-3年,,8-11K,广州,,2026-06-02 11:05:29
846b12adbffccd720nB_09W9GFVT,CDH运维工程师,深圳鹏路翱翔科技,0-20人,互联网,本科,3-5年,,10-15K,广州,,2026-06-02 11:05:50
44348a4e65b0028b0nB52dm4E1FY,兼职运维工程师,厦门星鹭启元机器...,20-99人,专用设备,大专,1年以内,"系统运维, 实施交付运维, 计算机相关专业, 电子/电气/自动化相关专业, 运维经验",35-70元/时,广州,,2026-06-02 11:06:09
32517caba99fbdf70nV42Nu9ElFV,云平台运维工程师-专有云,软通动力,10000人以上,计算机软件,本科,3-5年,"Kubernetes, 计算机相关专业, 运维经验, 专有云, 私有云, 底座",12-14K,广州,,2026-06-02 11:06:29
12faa69a5cef09881XV_0tm5EVFZ,linux运维工程师,广州锦高信息科技...,20-99人,计算机服务,本科,3-5年,"DevOps, Linux, 系统运维",10-15K,广州,,2026-06-02 11:06:29
8ed437ed653a6cc40nVz3Nm6EFtV,IT/系统运维专员,力人服饰,20-99人,服装/纺织,本科,1-3年,"系统运维, 计算机相关专业",6-9K,广州,,2026-06-02 11:06:50
bdccb54db3a7a76b0nB529-_FFFZ,飞书系统运维（实习生/150元一天）,灵济元,20-99人,互联网,本科,经验不限,,4-5K,广州,,2026-06-02 11:06:50
54de1b27355ea56f0nZy0ti_EFpS,运维安全工程师（项目交付）,趋势云,100-499人,人工智能,本科,1-3年,"Nginx, 服务器运维, Python/Shell, 网络安全相关经验, devops运维工程师, 运维经验, 网络策略, 实施交付运维, MySQL/Oracle, Docker, 系统运维, 云平台, Kubernetes",7-9K,广州,,2026-06-02 11:07:13
ee9504ef511ad4dc0nB-3t--E1ZZ,大数据平台运维工程师,仁合时创,500-999人,计算机服务,本科,5-10年,"大数据运维经验, 数据平台运维, Hadoop运维, Spark/Flink运维",10-15K,广州,,2026-06-02 11:07:13
7971cfd5df0bb3540nd53NS5ElFZ,运维工程师（广州驻场）,微雀,20-99人,人工智能,本科,3-5年,,5-7K,广州,,2026-06-02 11:07:13
5b13f85898ee59390ndy3di9E1VW,OA泛微运维工程师,中管通,20-99人,其他专业服务,大专,3-5年,"网络运维, 系统运维, 桌面运维",8-12K,广州,,2026-06-02 11:07:35
3857a54d099b736f0nZ52ti0FVdX,功率预测运维工程师,明扬新能源,20-99人,风电,本科,1-3年,"实施交付运维, 运维开发经验",9-14K·13薪,广州,,2026-06-02 11:07:35
2b01d5112851cde90nB53dW_E1pV,运维工程师/资深运维工程师,九安物联,500-999人,智能硬件,本科,3-5年,"MySQL/Oracle, Linux, 云体系, 计算机相关专业, Python/Shell",11-19K,广州,,2026-06-02 11:07:35
aefce7a3145572d10nVz09y4F1NZ,大数据运维工程师,江苏云鹏信息科技,20-99人,计算机软件,本科,5-10年,"Golang, MySQL/Oracle, Docker, 大数据运维经验, 系统运维, 运维开发经验, Redis, Python/Shell, 计算机相关专业, 大数据平台周边组件, 运维经验",12-16K,广州,,2026-06-02 11:07:57
ebff9ed595753c890nd-2t68FVtZ,研发运维和实施工程师,某小型医疗健康公司,0-20人,医疗健康,本科,1-3年,"运维开发/DevOps, 系统运维, Python/Shell, Ansible/Salt/Puppet, 计算机相关专业, 电子/电气/自动化相关专业, Dev0OS",15-25K,广州,,2026-06-02 11:07:57
76b0bf3b1ff0b3381HJ809S0FlRY,中间件运维工程师（中高级）,梦网云创科技,1000-9999人,计算机软件,本科,5-10年,"网络运维, Linux, 系统运维, 中间件",15-25K,广州,,2026-06-02 11:08:17
684a15a8d6a31a050ndz29S4FVRQ,高级业务运维工程师 (MJ004270),趣丸,1000-9999人,互联网,本科,3-5年,"Python/Shell, Kubernetes, Docker, MySQL/Oracle, 业务运维",15-25K·15薪,广州,,2026-06-02 11:08:17
303f135e5c32d9b003d939-7FVBT,初级运维工程师（驻场）,广州向中科技有限公司,20-99人,信息安全,本科,3-5年,"Python/Shell, Nginx, MySQL/Oracle, 计算机相关专业, 通信相关专业, 运维经验, 运维开发经验, Linux",7-12K,广州,,2026-06-02 11:08:17
c2850610186ee8bb0nB_3di9GFBZ,AI Agent运维工程师,广州翎石科技有限公司,20-99人,人工智能,本科,3-5年,,9-12K,广州,,2026-06-02 11:08:39
67e8c286c86ea23f0nB70tq5ElRW,SRE-高级运维工程师（20K-35K）,广州研智博耀科技,20-99人,互联网,本科,5-10年,,20-35K,广州,,2026-06-02 11:08:39
fcb723c4e1e1d1070nd729y-GVJQ,云运维工程师,德勤,10000人以上,咨询,本科,3-5年,,9-11K,广州,,2026-06-02 11:12:46
c14c9256e23ff86b03J73dW1GFdT,网络与系统运维工程师,弘正,100-499人,批发/零售,大专,1-3年,"TCP, 网络运维, 通信相关专业, Linux, 系统运维, 运维开发经验, 桌面运维, 门店业务系统, 计算机相关专业, Windows, 网络监控, 打印机/复印机维修经验",5-7K,广州,,2026-06-02 11:13:08
6695f65aec4ef0350ndy09-6FVNZ,运维工程师,浩鲸科技,10000人以上,通信/网络设备,大专,3-5年,,10-12K,广州,,2026-06-02 11:13:29
67c5ae92006213fb0nB-2ti1FVRQ,专有云运维工程师,北京软通动力云计...,10000人以上,互联网,本科,3-5年,"网络运维, 浩鲸, Docker, 大数据运维经验, 专有云, 计算机相关专业, 煜象, 润和, Kubernetes",11-15K,广州,,2026-06-02 11:13:29
fde452e49c10a4e80nB829q0GFpU,运维工程师（电力电网方向）,微创软件,10000人以上,计算机软件,本科,3-5年,"系统运维, Python/Shell, 计算机相关专业, 运维经验, 运维开发经验, Linux运维经验, 电力系统运维经验, 交易类系统运维经验",10-11K,广州,,2026-06-02 11:13:29
525f472342201ec20ndy09-6FFZY,运维工程师 -电网,北京杉数智能科技,100-499人,大数据,本科,经验不限,,8-10K,广州,,2026-06-02 11:14:11
2db973b02f3e537b0nd53tu8GVFU,运维工程师,某大型移动互联网公司,100-499人,移动互联网,本科,3-5年,"系统运维, DBA, Python/Shell, Kubernetes, Ansible/Salt/Puppet, MySQL/Oracle, Docker, 计算机相关专业, 通信相关专业, 运维经验, 可观测, 云原生",25-35K·15薪,广州,,2026-06-02 11:14:11
f01f957cf34769a40nZ62t-6GFZV,运维工程师,上海递归未来网络科技,100-499人,互联网,本科,10年以上,,9-11K,广州,,2026-06-02 11:14:11
5e39a348d6d750ff0nZ53tW9FFVY,中级运维工程师,广州索答,20-99人,计算机软件,本科,3-5年,"网络运维, Docker, 容器化, Linux, 运维开发经验, 计算机相关专业, 网络安全相关经验, 运维经验, 出差",7-9K,广州,,2026-06-02 11:15:15
1d05135d34ac149c0nB52966F1NU,运维工程师,星绘动漫,100-499人,文化艺术/娱乐,本科,3-5年,"Golang, 网络运维, Java, 通信相关专业, 系统运维, 运维开发经验, 桌面运维, Python/Shell, 计算机相关专业, 网络安全相关经验, IDC机房运维",13-18K,广州,,2026-06-02 11:15:37
d77400fb89a7bc450nRy2di-F1FS,南方区域算法运维工程师,某中型AIoT智能物联公司,500-999人,互联网,本科,3-5年,"实施交付运维, 网络运维, Python/Shell, 电子/电气/自动化相关专业",20-25K·13薪,广州,,2026-06-02 11:15:37
2c38c1b61a1968d90ndy2Nu1FVRW,软件运维工程师,广州众山,1000-9999人,新材料,本科,3-5年,"系统运维, 实施交付运维, 网络运维, 计算机相关专业, 通信相关专业, 电子/电气/自动化相关专业, 运维经验, 运维开发经验",8-13K,广州,,2026-06-02 11:15:37
54fb6068043263021HV43t-1FFFY,系统运维工程师,itr,100-499人,智能硬件,本科,经验不限,"系统运维, Windows, 运维工程师",10-15K,广州,,2026-06-02 11:15:37
c577f05ccd75e9250nd73tm9EVZY,业务报表相关实施运维工程师,江苏云鹏信息科技,20-99人,计算机软件,本科,5-10年,"系统运维, Java, Python/Shell, Golang, Redis, 运维开发经验, 运维经验, 报表相关技术保障经验, 数据可视化组件的优化, 数据湖平台运维及实施",12-16K,广州,,2026-06-02 11:15:58
e106b5eaadca5e621HRy09m0EFpZ,系统运维工程师,联想云领,1000-9999人,计算机硬件,大专,1-3年,"数据开发, 帆软FineReport服务器, SQL语句, 帆软认证",8-9K,广州,,2026-06-02 11:20:06
9f8f6d5e717a6c920nB_09i6FFtW,运维工程师（接受倒班，夜班居家办公）,中软国际,10000人以上,计算机软件,本科,3-5年,"Java, 实施交付运维, 系统运维, 运维开发/DevOps, Python/Shell, 运维经验, 应用运维",11-17K·13薪,广州,,2026-06-02 11:20:27
8ab9263ed39488660nd82Nq9ElpW,运维工程师,天盛跨境,100-499人,跨境物流,大专,3-5年,,11-15K,广州,,2026-06-02 11:20:27
a4356f64ebdde76403Nz29q-ElVQ,业务运维工程师,广州中钦科技服务,20-99人,互联网,大专,3-5年,"MySQL/Oracle, Docker, 系统运维, 运维开发/DevOps, Python/Shell, 计算机相关专业, 运维经验, Kubernetes",9-10K,广州,,2026-06-02 11:20:27
0ccec5be4129ec4a03J90ti1GFJQ,初级linux运维工程师/助理,安阳市世途科技,20-99人,互联网,本科,1-3年,"系统运维, 计算机相关专业, 运维经验",8-10K,广州,,2026-06-02 11:20:47
c810f6fad8102f610nd929m9FlVS,it运维工程师,广州景泰科技,100-499人,自动化设备,大专,3-5年,"桌面运维, 网络运维, 系统运维, 计算机相关专业, 打印机/复印机维修经验, 运维经验, 网络安全相关经验",8-10K,广州,,2026-06-02 11:20:47
02c0027612670ff7031629y_E1VW,系统运维工程师,广州职趣通关文化传播,100-499人,广播/影视,大专,1-3年,,9-10K·13薪,广州,,2026-06-02 11:20:47
19f3f87273a22a300nB52tm_FlFU,K8S运维工程师（信创）,中数通,1000-9999人,计算机软件,本科,3-5年,"系统运维, 计算机相关专业, 运维开发经验, 运维经验",8-12K,广州,,2026-06-02 11:21:09
1c2c888e8578a6d40nB63Nq6FlJU,IT运维工程师(J10266),蜚美,500-999人,互联网,本科,3-5年,"桌面运维, 网络运维",10-15K·13薪,广州,,2026-06-02 11:21:49
4652b177ede4da380nV_3tq5FlpU,高级/资深运维工程师,涂家智能,20-99人,物联网,大专,5-10年,"系统运维, 运维开发/DevOps, Docker, Kubernetes, elk",21-40K·13薪,广州,,2026-06-02 11:22:31
d7844b2e217d101f0nB42tq8F1JV,运维工程师,广州花影轩科技,100-499人,计算机软件,大专,1-3年,实施交付运维,2100-2500元/周,广州,,2026-06-02 11:22:31
3388cfdcf6d665e603V42d2_ElJR,运维工程师,某大型人工智能与企业服务上市公司,10000人以上,互联网,本科,3-5年,"系统运维, DBA, Java, MySQL/Oracle, 运维开发经验, 通信相关专业",16-25K,广州,,2026-06-02 11:22:52
740bdfb3fe8f07e81Hdz0t2_FVpX,系统运维工程师,必麦网络科技,0-20人,电子/半导体/集成电路,大专,经验不限,实施交付运维,5-6K,广州,,2026-06-02 11:22:52
e85cce0fcd9e4c2f0nZ-2t27FVdZ,运维工程师（钉钉&企微）,广东骆驼服饰有限公司,1000-9999人,电子商务,本科,3-5年,"系统运维, 计算机相关专业, 钉钉, 企业微信",7-10K,广州,,2026-06-02 11:23:12
582b6c57e93b96b00nB_2dS1EVRY,高级sre运维工程师,CLPS华钦软件,1000-9999人,计算机软件,本科,5-10年,"系统运维, 运维开发/DevOps, Python/Shell, 运维经验",16-21K,广州,,2026-06-02 11:23:12
ad1a0a13b5fe261803Z50tm0EVpS,运维工程师,芳禾数据,20-99人,大数据,本科,3-5年,"网络运维, Docker, 大数据运维经验, 运维开发经验, 网络安全相关经验, 运维经验",10-15K,广州,,2026-06-02 11:23:12
157982e4e6b4c2750nB_2tS5GVtY,实施运维工程师,上海科旭,100-499人,计算机/通信/其他电子设备,本科,3-5年,,8-13K,广州,,2026-06-02 11:27:20
62f939f22a3348c703R72t66GVFY,运维工程师(TX校招专用)(J12450),高新兴科技集团,1000-9999人,计算机软件,本科,在校/应届,"系统运维, Linux系统运维, 计算机网络",6-9K,广州,,2026-06-02 11:29:05
5eb0c8f4663c20f50nV42N-4GFdT,生产系统运维开发工程师-驻场,kfn,20-99人,计算机软件,大专,3-5年,"Java, Python/Shell, MySQL/Oracle, 运维开发经验, SQL优化能力, Linux系统, MES系统运维, 生产系统故障排查, 产线功能补全BUG修复",8-9K,广州,,2026-06-02 11:29:05
8c5ca98f87773a4b0nB72tm6GFBW,兼职电商平台运维工程师,广州世宝会网络科技,20-99人,互联网,本科,10年以上,"Golang, 网络运维, Java, Nginx, 桌面运维, Python/Shell, 计算机相关专业, 网络安全相关经验, 运维经验, Ansible/Salt/Puppet, 系统运维, 运维开发经验, IDC机房运维",4-9K,广州,,2026-06-02 11:29:47
bfad50dca9f4d22d03d42tq7GVRT,运维工程师,广州欧科,100-499人,大数据,本科,3-5年,,6-10K,广州,,2026-06-02 11:30:09
ef919c1116913a2003B42Ny_F1pQ,运维工程师,微易软件,20-99人,计算机软件,本科,1-3年,"经管类, 计算机相关专业, 财务",6-7K,广州,,2026-06-02 11:30:09
1c4d409099c99a861HFz396-ElVT,中控工程师,慧云,20-99人,通信/网络设备,中专/中技,1-3年,"系统运维, 网络运维, 计算机相关专业, 通信相关专业, 电子/电气/自动化相关专业",5-7K,广州,,2026-06-02 11:30:09
1978c7d02532d7961HZ63dq9F1dY,安防运维工程师,融新智能科技,20-99人,智能硬件,中专/中技,1-3年,"实施交付运维, 电子警察运维, 系统运维, 安防监控运维",5-8K,广州,,2026-06-02 11:30:29
ff89dd45d0f6eea30nR_2tm_GFZX,运维工程师（系统运维）,广州某大型投资/融资公司,1000-9999人,投资/融资,本科,5-10年,,35-50K,广州,,2026-06-02 11:35:58
b92783af88750dbb0nZ_3t26GVtY,云平台与容器运维工程师,软通动力,10000人以上,计算机软件,本科,5-10年,"Docker, 云计算运维, openstack",8-11K,广州,,2026-06-02 11:37:23
8f154eca353976610ndy3tS4FlFX,SRE运维工程师,开源中国,100-499人,互联网,本科,3-5年,"Golang, 实施交付运维, Docker, 运维开发/DevOps, 计算机相关专业, 运维经验, Kubernetes",15-25K·14薪,广州,,2026-06-02 11:37:46
e582a2244a2502c30nB-3Nm0FVZQ,运维工程师,医大智能,100-499人,医疗健康,大专,1-3年,"实施交付运维, 系统运维, 医疗大健康, LIS/HIS/SPD项目运维, 运维经验",4-7K,广州,,2026-06-02 11:38:50
ef581922120f55830nd839m6EFNZ,运维工程师,华苏科技,1000-9999人,互联网,本科,3-5年,"Java, MySQL/Oracle, Docker, 系统运维, 运维开发/DevOps, 运维开发经验, 计算机相关专业, 运维经验",10-15K,广州,,2026-06-02 11:43:18
0b3011fa9d24c7390nB_2t69ElRY,驻场运维工程师,广东光迅工程有限公司,20-99人,通信/网络设备,本科,经验不限,"IDC机房运维, 通信相关专业, 计算机相关专业, 通信专业, 数通设备, 传输设备, 应届毕业生",5-9K,广州,,2026-06-02 11:43:39
fd6bf14ba6870aab0nB_2du5ElVV,运维工程师,谐云,100-499人,计算机软件,本科,5-10年,,13-20K,广州,,2026-06-02 11:45:44
1a7bf5e079063af41XZ80ti5EVdU,运维工程师,京北方,10000人以上,互联网金融,本科,3-5年,"Linux, shell, 系统运维, K8S",9-12K,广州,,2026-06-02 11:46:04
a87c2d44ec1ab90003F92ti0GFpQ,k8s运维工程师,广东智帆海洋科技,100-499人,计算机软件,大专,10年以上,"本地部署, 私有化部署, Docker, 系统运维, CI/CD, Redis, Prometheus, 自研平台运维, Kubernetes",11-22K,广州,,2026-06-02 11:51:34
3e91bef856fb46d003Ny0tS7FlBU,系统运维工程师,广东三正建设有限公司,20-99人,土木工程,大专,5-10年,,10-15K,广州,,2026-06-02 11:51:55
d158adeb9555f2be1H1y29q_GFJR,桌面运维工程师,广州智码时代软件科技,0-20人,电子商务,本科,5-10年,"网络运维, 桌面运维, 计算机相关专业, 网络安全相关经验, 运维经验",8-12K,广州,,2026-06-02 11:52:58
7276989879cb60f503Z439i_FVJZ,驻场网络运维工程师,星鼎,20-99人,信息安全,本科,1年以内,"网络运维, 系统运维, IDC机房运维",4-6K·13薪,广州,,2026-06-02 11:53:19
de27037bd3d591e61XF-2ti_GFFS,驻点工程师,斯比得复印机中心,0-20人,计算机服务,本科,经验不限,"网络运维, 系统运维, 桌面运维",3-6K,广州,,2026-06-02 11:53:19
a0457b91e4ac6acc0nR63d6_FldT,系统运维工程师（清远）,广东睿云,100-499人,互联网,本科,1-3年,,7-9K,广州,,2026-06-02 12:00:33
35834d63277667ae1XR83d20E1NR,基础运维工程师,广州凯普生物科技...,1000-9999人,医疗健康,本科,3-5年,"Windows, 安全运维, 系统运维, 系统故障, IT基础建设, 基础运维",8-13K,广州,,2026-06-02 12:00:33
619336198abbc8410nd629-9EVVW,系统运维实习生,尚医云,20-99人,计算机软件,本科,,"实施交付运维, MySQL/Oracle, 系统运维, 计算机相关专业, 运维经验",100-150元/天,广州,,2026-06-02 12:00:55
a62a91abb83214b40nV80ty4EltV,运维工程师,弘长科技,20-99人,计算机软件,本科,3-5年,"系统运维, 运维开发/DevOps",10-13K,广州,,2026-06-02 12:02:36
52a7674bc36c723403J73d69GVNZ,系统运维工程师（中高级）,广州视睿,1000-9999人,计算机软件,本科,3-5年,"网络运维, IDC机房运维, Python/Shell, Golang, Kubernetes, 计算机相关专业, 网络安全相关经验, 运维经验, k8s运维经验, 物理/虚拟机运维",10-15K·13薪,广州,,2026-06-02 12:02:36
cdbd5be64c898da50nd-39y8FlNX,系统运维工程师,众望科技,0-20人,企业服务,大专,1-3年,,6-9K,广州,,2026-06-02 12:07:06
da9bd162c55af2e30nZz2N64E1BR,k8s运维工程师,敢想互联,0-20人,移动互联网,本科,5-10年,,15-16K,广州,,2026-06-02 12:07:48
fd5887b64324ddb91XZ609y_F1tX,软件系统运维工程师,宇穗,0-20人,计算机软件,大专,5-10年,"系统运维, Java, 计算机相关专业, Nginx, Shell, 负载均衡技术, 服务器配置",12-15K,广州,,2026-06-02 12:08:31
b3400ca3084a3e691n193ty5FVFS,系统运维开发工程师,金朋科技,100-499人,智能硬件,本科,3-5年,"容器技术, 服务器配置, Docker, SRE, Kubernetes, ELK, CI/CD",14-18K·13薪,广州,,2026-06-02 12:08:54
a21a5e3276b32b660nd70tu5FldV,运维工程师,九元航空,1000-9999人,其他行业,本科,在校/应届,"网络运维, 实施交付运维, 系统运维, 桌面运维, 网络安全相关经验, 运维经验",6-11K,广州,,2026-06-02 12:08:54
a56e0bf08b623ced1nRz2dm7GFZW,IT运维工程师,艾乐特,100-499人,信息安全,大专,经验不限,"Java, 网络运维, 运维工程师, 服务器配置, 计算机软件, 计算机相关专业, 网络安全相关经验, 运维经验, 运维监控, 系统管理员, 接受实习/在校生投递, 实施交付运维, 系统运维, 安全运维",3-7K,广州,,2026-06-02 12:09:57
1cccdaa5e0213c760nR62d60EFNS,运维服务工程师,北京并行科技,100-499人,计算机软件,本科,1-3年,"Ansible/Salt/Puppet, 系统运维, 高性能计算, HPC, Python/Shell, 运维经验, IDC机房运维",7-10K·13薪,广州,,2026-06-02 12:09:57
aa2e13c0cf4b83870nd-2926GVFS,旺店通系统运维专员,广州奕璟贸易有限公司,100-499人,快递,高中,1-3年,"系统运维, 旺店通, WMS/ERP, 供应链专员, 库存管理, 云仓数据管理",8-12K,广州,,2026-06-02 12:15:04
fc782438f9a3ff6a0nB43Nq1FVpR,系统运维工程师 (财务系统/电商),长发小寨,500-999人,批发/零售,大专,1-3年,"系统运维, Python/Shell, 计算机相关专业, 运维经验, 电商, 财务, 数据",8-13K,广州,,2026-06-02 12:15:04
664db0df1f8acd000nB-3dW5EFVU,系统运维工程师,汇一信息,20-99人,计算机软件,大专,1-3年,,6-10K,广州,,2026-06-02 12:15:25
96452d29b40cc4b40nB43Ny-EVBX,中级运维工程师,道然,100-499人,互联网,本科,5-10年,,8-13K,广州,,2026-06-02 12:16:07
1e6a0294ef926c2d03N52tS6FVFX,运维售后工程师,广州立思辰,20-99人,计算机服务,本科,5-10年,"网络运维, 系统运维, 桌面运维, 计算机相关专业, 运维经验",5-8K,广州,,2026-06-02 12:18:10
2c987cd1de11f8120nB-2tS_FlFX,高级运维工程师,购酷技术,20-99人,互联网,本科,5-10年,,13-26K,广州,,2026-06-02 12:25:25
c383c9f4b8d941d30nd82tq8FVJY,运维组长/中高级运维工程师,广州开付信息科技,100-499人,互联网,大专,5-10年,"系统运维, 运维开发/DevOps, Python/Shell, Ansible/Salt/Puppet, Kubernetes, Docker",14-18K,广州,,2026-06-02 12:26:08
e79a0e5721077f380nd_39y9GFtV,it运维工程师,云图学院,20-99人,培训/辅导机构,本科,1-3年,,5-8K,广州,,2026-06-02 12:26:29
d40216e3b46bc2ad0nZ739y8FFFR,财务系统运维工程师,千百度,20-99人,其他生活服务,大专,1-3年,"系统运维, 实施交付运维, 计算机相关专业, 通信相关专业, 运维经验, 网络安全相关经验, 大数据运维经验",4-7K,广州,,2026-06-02 12:26:29
cfcf61af2172c85903xz2dW1GVNS,云原生运维工程师,广发证券,10000人以上,互联网金融,本科,1-3年,"系统运维, 计算机相关专业, 通信相关专业, 电子/电气/自动化相关专业, 运维经验",22-40K,广州,,2026-06-02 12:26:29
c41954ee6cfa3b0a0nB_2tS5FFJU,高级云服务运维工程师,钛动科技,1000-9999人,互联网,本科,3-5年,"网络运维, 系统运维, 运维开发/DevOps, Python/Shell, Nginx, Redis, Elasticsearch, MySQL/Oracle, 计算机相关专业, 运维经验, C端, 出海运维, 音视频, 直播/点播, 跨境网络/全球加速",20-35K·13薪,广州,,2026-06-02 12:33:41
d709c806ffbc7cbb0nB82t-7EFRQ,运维工程师-双休,上海新炬,1000-9999人,计算机软件,大专,1-3年,"系统运维, Redis, Docker, Ansible/Salt/Puppet, 计算机相关专业, 运维开发经验, 监控系统, 熟悉linux环境",5-6K·13薪,广州,,2026-06-02 12:47:10
0a0bce3c5d67f6030nB-3dy-FVNW,中级运维工程师,知一数据,100-499人,大数据,大专,5-10年,系统运维,8-12K,广州,,2026-06-02 12:48:13
432881b2fb0a37421nJy3d69GFo~,系统运维工程师,视源股份(CVTE),1000-9999人,电子/硬件开发,本科,1-3年,"分布式存储, linux运维, 运维监控, Zabbix, prometheus",18-28K·13薪,广州,,2026-06-02 12:49:15
bd5465a4774f73940nV43tW-FFVZ,监测系统建设与运维工程师,子同科技,20-99人,通信/网络设备,大专,经验不限,"实施交付运维, 通信相关专业, 计算机相关专业, 电子/电气/自动化相关专业, 运维经验",7-8K,广州,,2026-06-02 12:50:19
b406727493f3e7b50nZ42tm8EFVW,系统运维开发工程师,广州游胜网络科技,100-499人,游戏,大专,1-3年,,10-15K,广州,,2026-06-02 12:54:26
fae505c5e475669b0nB439y_FFRZ,系统运维工程师,茵凯,20-99人,计算机服务,本科,经验不限,,4-5K,广州,,2026-06-02 13:01:46
7be7e270e176ed510nB-2di-F1RV,运维工程师,广州刘关张,20-99人,房屋建筑工程,本科,5-10年,,15-18K·13薪,广州,,2026-06-02 13:04:56
e6ce37f820dd63910nRz3N6-EVBR,软件系统运维工程师,四海通达,20-99人,计算机软件,本科,3-5年,"Java, 通信相关专业, Docker, 系统运维, Redis, 计算机相关专业, 运维经验, IDC机房运维",6-10K,广州,,2026-06-02 13:04:56
3228d7bc029b503503N53NS9F1dY,系统运维工程师,道浚,0-20人,计算机服务,大专,在校/应届,"系统运维, 数据库运维",3-4K,广州,,2026-06-02 13:04:56
922cc4728e12928a1XVz0t20GVFS,系统运维实习生,广州软件应用技术...,100-499人,计算机软件,本科,,"Windows, Linux",100-200元/天,广州,,2026-06-02 13:04:56
f88703afb67408fe0nZ609u8GVBZ,linux系统运维工程师,寒武纪,1000-9999人,半导体/芯片,本科,5-10年,,12-18K·15薪,北京,,2026-06-02 13:12:50
04afe9a2ea87c8740nd-3N-1EldW,IDC 运维/Linux 系统运维,博彦科技,10000人以上,计算机软件,大专,1-3年,"IDC机房运维, 交换机",7-10K,北京,,2026-06-02 13:12:50
21f4b61e0fa38dbf1HR43Nq5EFVQ,linux系统运维工程师/项目经理,铭台科技,20-99人,互联网,学历不限,经验不限,"MySQL, 计算机相关专业, 运维开发经验, 大数据运维经验",8-13K,北京,,2026-06-02 13:12:50
98399e51ca5dc54d0nB_09q_EVpZ,系统运维工程师,神州信息,10000人以上,计算机软件,本科,3-5年,,9-11K,北京,,2026-06-02 13:12:50
89be63c1baad3b560nd_2Ni_FVJX,国网系统运维工程师,北京小牧信息技术服务,20-99人,计算机软件,大专,1-3年,系统运维,8-10K,北京,,2026-06-02 13:12:50
186c1e1e9b48450d0nV609i4GVNV,linux运维工程师,北京亿邮,100-499人,计算机软件,本科,3-5年,"系统运维, 运维开发经验, 网络安全相关经验, 运维经验",9-10K,北京,,2026-06-02 13:12:50
b62e2334fe65a8940nB_29u1ElRT,中级系统运维工程师/初级系统运维工程师,北京某大型计算机软件上市公司,10000人以上,计算机软件,学历不限,经验不限,,15-25K,北京,,2026-06-02 13:12:50
34c4084ccfb808ea0nd82tu9ElVY,高级系统运维工程师,中电金信,10000人以上,计算机软件,本科,5-10年,,13-15K,北京,,2026-06-02 13:12:50
2e52c99a4d9e6c3e1XZ43N28GVFT,linux系统运维工程师,富通科技,100-499人,计算机软件,大专,3-5年,"Linux, 系统运维, 虚拟化运维",8-10K,北京,,2026-06-02 13:12:50
8e4a8e030c0075f10nd-09q-EFZS,linux操作系统运维工程师（大连）,华苏科技,1000-9999人,互联网,本科,3-5年,"系统运维, IDC机房运维, 计算机相关专业, 通信相关专业, 运维经验, linux, 国产操作系统, 信创, 麒麟, 统信",10-15K,北京,,2026-06-02 13:12:50
6be028b62ce70c080nB-0ti5FFdW,系统运维工程师 / 中间件运维,北京合右科技有限公司,20-99人,计算机软件,大专,1-3年,"RabbitMQ, Neo4j, 系统运维, Higress, Nacos, OpenSearch",7-12K,北京,,2026-06-02 13:13:06
fd9d6d443c9040c50ndy0tW-ElBT,系统运维工程师,元启同创,100-499人,计算机软件,本科,1-3年,,10-13K,北京,,2026-06-02 13:13:06
dcffbacd844a32b40nB_09W6GFpT,应用系统运维工程师,某大型计算机软件上市公司,1000-9999人,计算机软件,本科,5-10年,,20-22K,北京,,2026-06-02 13:13:06
8ad49f19ff2d94d40nB_0t65E1tU,无人车—系统运维开发工程师—大厂外包,人瑞网络科技,10000人以上,计算机硬件,本科,3-5年,,17-18K,北京,,2026-06-02 13:13:06
42e0c4ea80b5ca1e1XJz2dm8FVpQ,高级系统运维工程师(兼职),智恒时代,100-499人,智能硬件,本科,10年以上,"网络运维, 系统运维, 运维开发/DevOps",2-3K,北京,,2026-06-02 13:13:29
a2b2c46220b0df900nB_0tS1FlNV,系统运维工程师,北京新都远景网络,500-999人,人力资源服务,本科,3-5年,"系统运维, 运维开发/DevOps, Python/Shell, 运维经验, 运维开发经验",12-20K,北京,,2026-06-02 13:13:46
89af4198c7f2c50b0nVy0t21GFtT,高级运维工程师,北京透明云计算,20-99人,通信/网络设备,本科,3-5年,,15-25K,北京,,2026-06-02 13:13:46
bdcfa2927820891803J93Ni8EltR,财务系统运维工程师,融和科技,100-499人,计算机软件,本科,3-5年,"MySQL/Oracle, 系统运维, 运维经验",9-13K,北京,,2026-06-02 13:14:25
be1b939c4b398a6c0ndy39i5F1RW,运维工程师,上海思芮,1000-9999人,计算机软件,本科,1-3年,"网络运维, Linux, 系统运维, SRE支撑, 运维经验",12-17K,北京,,2026-06-02 13:14:25
463a85cde9fc513903x-3tm7E1RW,高级系统运维工程师,思博恒瑞,20-99人,计算机软件,本科,3-5年,"系统运维, 运维开发/DevOps, Python/Shell, Elasticsearch, Docker, Kubernetes, 运维经验, 运维开发经验, 网络安全相关经验",9-12K,北京,,2026-06-02 13:14:25
971a55711eadf24c0nB7092_E1ZS,运维工程师（驻场）,天宇正清,500-999人,计算机软件,本科,3-5年,"MySQL/Oracle, 系统运维, 桌面运维, Python/Shell, 打印机/复印机维修经验, 运维经验",7-8K,北京,,2026-06-02 13:14:46
68dd363dc24c6d1e0nB_09y0EFVQ,巡场运维工程师,北京乙太具身科技,0-20人,人工智能,本科,1-3年,,10-11K,北京,,2026-06-02 13:14:46
6be028b62ce70c080nB-0ti5FFdW,系统运维工程师 / 中间件运维,北京合右科技有限公司,20-99人,计算机软件,大专,1-3年,"RabbitMQ, Neo4j, 系统运维, Higress, Nacos, OpenSearch",7-12K,北京,,2026-06-02 13:13:08
fd9d6d443c9040c50ndy0tW-ElBT,系统运维工程师,元启同创,100-499人,计算机软件,本科,1-3年,,10-13K,北京,,2026-06-02 13:13:08
dcffbacd844a32b40nB_09W6GFpT,应用系统运维工程师,某大型计算机软件上市公司,1000-9999人,计算机软件,本科,5-10年,,20-22K,北京,,2026-06-02 13:13:08
8ad49f19ff2d94d40nB_0t65E1tU,无人车—系统运维开发工程师—大厂外包,人瑞网络科技,10000人以上,计算机硬件,本科,3-5年,,17-18K,北京,,2026-06-02 13:13:08
42e0c4ea80b5ca1e1XJz2dm8FVpQ,高级系统运维工程师(兼职),智恒时代,100-499人,智能硬件,本科,10年以上,"网络运维, 系统运维, 运维开发/DevOps",2-3K,北京,,2026-06-02 13:13:27
a2b2c46220b0df900nB_0tS1FlNV,系统运维工程师,北京新都远景网络,500-999人,人力资源服务,本科,3-5年,"系统运维, 运维开发/DevOps, Python/Shell, 运维经验, 运维开发经验",12-20K,北京,,2026-06-02 13:13:48
89af4198c7f2c50b0nVy0t21GFtT,高级运维工程师,北京透明云计算,20-99人,通信/网络设备,本科,3-5年,,15-25K,北京,,2026-06-02 13:13:48
bdcfa2927820891803J93Ni8EltR,财务系统运维工程师,融和科技,100-499人,计算机软件,本科,3-5年,"MySQL/Oracle, 系统运维, 运维经验",9-13K,北京,,2026-06-02 13:14:27
be1b939c4b398a6c0ndy39i5F1RW,运维工程师,上海思芮,1000-9999人,计算机软件,本科,1-3年,"网络运维, Linux, 系统运维, SRE支撑, 运维经验",12-17K,北京,,2026-06-02 13:14:27
463a85cde9fc513903x-3tm7E1RW,高级系统运维工程师,思博恒瑞,20-99人,计算机软件,本科,3-5年,"系统运维, 运维开发/DevOps, Python/Shell, Elasticsearch, Docker, Kubernetes, 运维经验, 运维开发经验, 网络安全相关经验",9-12K,北京,,2026-06-02 13:14:27
971a55711eadf24c0nB7092_E1ZS,运维工程师（驻场）,天宇正清,500-999人,计算机软件,本科,3-5年,"MySQL/Oracle, 系统运维, 桌面运维, Python/Shell, 打印机/复印机维修经验, 运维经验",7-8K,北京,,2026-06-02 13:14:44
68dd363dc24c6d1e0nB_09y0EFVQ,巡场运维工程师,北京乙太具身科技,0-20人,人工智能,本科,1-3年,,10-11K,北京,,2026-06-02 13:14:44
8e4a8e030c0075f10nd-09q-EFZS,linux操作系统运维工程师（大连）,华苏科技,1000-9999人,互联网,本科,3-5年,"系统运维, IDC机房运维, 计算机相关专业, 通信相关专业, 运维经验, linux, 国产操作系统, 信创, 麒麟, 统信",10-15K,北京,,2026-06-02 13:18:53
0d8d45d848079b2903N-3t26FlNU,运维工程师Linux和虚拟化系统IT工程师/经理,海飞科,100-499人,电子/半导体/集成电路,大专,3-5年,,16-24K,北京,,2026-06-02 13:18:53
80b79e2ee91b86db0nR82N65GFFW,系统运维工程师,银信科技,1000-9999人,计算机软件,本科,1-3年,"实施交付运维, Ansible/Salt/Puppet, 系统运维, Python/Shell, 计算机相关专业, IDC机房运维",9-10K,北京,,2026-06-02 13:18:53
8e00ac68a57b37bf1nN_3Nq_EFpZ,系统运维工程师,中铁科,100-499人,交通/运输,学历不限,经验不限,"系统运维, Python, Shell, 容器技术, 网络协议, 负载均衡技术, Docker, 磁盘阵列",15-30K,北京,,2026-06-02 13:19:13
4e161406247bd4c20nB_09m5ElNY,电商业务系统运维工程师,广州协雄,20-99人,电子商务,大专,1-3年,"网络运维, 系统运维, 运维开发/DevOps, 桌面运维, Java, 计算机相关专业, 通信相关专业, 网络安全相关经验, 运维经验, 飞书",8-13K,广州,,2026-06-02 13:19:33
4ab3164539475eb20nB42du9EVJZ,linux系统运维工程师,赛讯数科,100-499人,通信/网络设备,本科,,,150-200元/天,广州,,2026-06-02 13:19:33
3128238de46967590nZz09y7GFZQ,系统运维工程师,娇兰佳人,500-999人,美容,大专,1-3年,"系统运维, 实施交付运维, 计算机相关专业, 大数据运维经验, 运维经验, 零售连锁, 美容院, 门店业务流程",8-12K,广州,,2026-06-02 13:19:33
657064cc71cdf6da0nB53Nu0EVZX,广州--服务器系统运维工程师,恩士迅,1000-9999人,计算机服务,本科,5-10年,"网络运维, 网络安全相关经验",10-14K,广州,,2026-06-02 13:19:33
f2b1aa57a88c80130nB-3ti-FVJR,系统运维工程师,汇柏软件,20-99人,计算机软件,大专,1-3年,"MySQL/Oracle, 系统运维, 计算机相关专业, 运维经验",8-10K,广州,,2026-06-02 13:19:33
d93768c3522d8a1903162d2_EFpW,系统运维工程师,温超集团,1000-9999人,批发/零售,大专,3-5年,"网络运维, 系统运维, IDC机房运维, 实施交付运维",12-14K·13薪,广州,,2026-06-02 13:19:33
6e3b63caba7010520nB_3Nu4GFdX,系统运维工程师,同方鼎欣,1000-9999人,计算机软件,本科,5-10年,"系统运维, 加密",9-13K,广州,,2026-06-02 13:19:33
00bef1fae27055950nB-3dm5FlNZ,运维工程师,利沣达网络科技,20-99人,电子商务,本科,10年以上,"Nginx, MySQL/Oracle, Python/Shell, 网络运维, 计算机相关专业, 运维经验, 运维开发经验, 网络安全相关经验, 大数据运维经验",20-30K,广州,,2026-06-02 13:20:51
5f8f360dcd60650b0nB53N6-EVJY,桌面运维工程师（英文可简单沟通）,杰尚宁敏,20-99人,互联网,本科,3-5年,"桌面运维, 计算机相关专业, 运维经验, 英文可沟通",8-10K,广州,,2026-06-02 13:29:15
7b14a16808fd1cc71HV-3di-FVpX,项目实施工程师,翊昊科技,0-20人,计算机软件,大专,,"实施交付运维, MySQL/Oracle, 系统运维, Redis",120-150元/天,广州,,2026-06-02 13:29:15
95da74e5b7e801eb0nVy3dW9E1ZQ,【驻场】系统运维工程师,佳都科技,1000-9999人,计算机软件,大专,1-3年,"OA, 系统运维, 流程优化, K2, 流程搭建, Python/Shell, 计算机相关专业, 运维经验, BPM",7-9K,广州,,2026-06-02 13:34:46
3bee401d404e14de1XZ92965FVFR,运维工程师,广东正邦电力通信,100-499人,电力/热力/燃气/水利,大专,3-5年,"网络运维, Nginx, 服务器配置, 运维开发/DevOps, 分布式技术, Redis, 网络协议, Shell, Linux, 系统运维, MySQL, 容器技术, Kubernetes, Python",7-8K,广州,,2026-06-02 13:35:49
5287684214702ce003F82tu4F1NX,桌面运维工程师,南方文交所艺术品中心,20-99人,检测/认证/知识产权,本科,1-3年,"桌面运维, 计算机相关专业",5-8K,广州,,2026-06-02 13:35:49
253a552eaae0e87a1X183Nq1FFdY,系统运维工程师兼项目助理,广州聚升科技,20-99人,计算机软件,大专,3-5年,"系统运维, 实施交付运维, 网络运维, MySQL/Oracle, Docker, 计算机相关专业, 运维开发经验, 大数据运维经验, 项目助理, 服务器配置, Windows、Linux系统",5-10K,广州,,2026-06-02 13:36:10
ee83d21a5dc1a04d0nd739W7FVZZ,电子运维工程师,广州国林电子科技,20-99人,电子/半导体/集成电路,中专/中技,经验不限,"系统运维, 计算机相关专业, 电子/电气/自动化相关专业, 运维经验, 发展空间大",4-6K,广州,,2026-06-02 13:36:10
8775d148094b339b03R40964EVJY,数据机房运维工程师,南齐信息,0-20人,计算机服务,本科,3-5年,"网络运维, IDC机房运维, 计算机相关专业, 通信相关专业, 运维经验",6-8K,广州,,2026-06-02 13:36:31
e7ceab9b69937dec0nR82di4F1RW,系统运维工程师,广州惠宇信息技术,20-99人,大数据,本科,1-3年,"系统运维, MySQL/Oracle, Python/Shell, Java, 计算机相关专业, 运维开发经验, 运维经验",8-10K·13薪,广州,,2026-06-02 13:36:52
4bb0aefe0d045f5b0nB53d-1FlpY,驻场运维工程师,蓝爵网络,20-99人,信息安全,本科,1-3年,,7-10K,广州,,2026-06-02 13:41:21
a5fd6ba8e281fc8a0nd43d27FlVT,工单支持-实施运维工程师,江苏云鹏信息科技,20-99人,计算机软件,本科,5-10年,"MySQL/Oracle, 系统运维, 零售行业, 计算机相关专业, word、excel, powerpoint",10-14K,广州,,2026-06-02 13:43:06
bf37457fbd660f5c0nd83di1FFFR,运维工程师（可观测性治理）,TopOn,100-499人,互联网,本科,3-5年,"运维开发/DevOps, Python/Shell, Golang, Kubernetes, Docker, Elasticsearch, 计算机相关专业, 通信相关专业, 运维开发经验, 运维经验, 打印机/复印机维修经验, OpenTelemetry, Prometheus, AlertManager, Tracing, SLO / SLI",15-20K·15薪,广州,,2026-06-02 13:44:08
f2b1aa57a88c80130nB-3ti-FVJR,系统运维工程师,汇柏软件,20-99人,计算机软件,大专,1-3年,"MySQL/Oracle, 系统运维, 计算机相关专业, 运维经验",8-10K,广州,,2026-06-02 13:49:14
3120dcf7e7c14a4c0nZ_3N21EldX,BPIT运维工程师（学生可投）,易工品,500-999人,电子商务,本科,1-3年,,8-13K,广州,,2026-06-02 13:50:38
d5d2aad1009462430nd43tu8FlNR,400运维工程师 (MJ000108),鼎甲科技,100-499人,计算机软件,本科,1-3年,"数据容灾经验, 实施交付运维, 大数据运维经验, 系统运维, 数据备份经验, 计算机相关专业, 数据数据库, 网络安全相关经验, 运维经验",10-15K,广州,,2026-06-02 13:59:41
0741e2022b0ed4fe0nB60tu6GVJS,RTK基站运维工程师,极云地理,20-99人,其他专业服务,本科,1-3年,,6-9K·13薪,广州,,2026-06-02 13:59:41
d93768c3522d8a1903162d2_EFpW,系统运维工程师,温超集团,1000-9999人,批发/零售,大专,3-5年,"网络运维, 系统运维, IDC机房运维, 实施交付运维",12-14K·13薪,广州,,2026-06-02 14:04:51
1e95c7b527568e690nB82ti6FlNR,Windows工程师（甲方 双休）,高专资讯科技有限公司,1000-9999人,计算机软件,本科,5-10年,"桌面运维, 网络运维, 系统运维, 计算机相关专业, 通信相关专业, 电子/电气/自动化相关专业, 网络安全相关经验, 打印机/复印机维修经验, windows, AD, Linux",25-35K,广州,,2026-06-02 14:05:34
de5aa116406c959603x63N-8FFNW,运维工程师,博依特智能,100-499人,互联网,本科,3-5年,"MySQL/Oracle, Docker, Linux, 系统运维, K8S, 运维开发经验, Redis, 计算机相关专业, 运维经验",12-18K,广州,,2026-06-02 14:07:17
610ed99cd95acadc03F6292-GVZU,运维工程师,广州医博,100-499人,医疗健康,本科,1-3年,"系统运维, 实施交付运维, MySQL/Oracle, 计算机相关专业, 运维经验, 运维开发经验",7-12K,广州,,2026-06-02 14:07:59
25f4574009d9e2bb03F93N-_FlNR,it桌面运维工程师-TME全资子公司腾音,腾音,100-499人,社交网络与媒体,本科,1-3年,,7-9K·14薪,广州,,2026-06-02 14:07:59
8e921c28550f54510nB-3NS_FVBU,实施运维工程师（偏大数据运维）,四川准达,1000-9999人,通信/网络设备,本科,5-10年,"Golang, PostgreSQL, K8S, Redis, Python/Shell, 计算机相关专业, SQL Server, 运维经验, MySQL/Oracle, Docker, 大数据运维经验, kafka, 运维开发经验, MongoDB",12-13K,广州,,2026-06-02 14:14:53
d624ee060737f0c31XZz3d-9FlVV,运维工程师,广东保伦电子,1000-9999人,电子/硬件开发,大专,1-3年,"网络交换技术, 网络协议, 交换机",5-7K,广州,,2026-06-02 14:23:32
b9cc0415062862590nV409u_FFRS,性能压测工程师,广州百瑞新能源技术,100-499人,物联网,本科,10年以上,"系统运维, Kubernetes, 物联网测试, 性能压力测试",15-20K,广州,,2026-06-02 14:31:28
b296bf8217d25d310nZ93Ny1FlpY,运维工程师（统招本科）,众升教育,100-499人,学校/学历教育,本科,1-3年,毕业2年以上可无经验,9-11K·13薪,杭州,,2026-06-02 14:38:56
bb681efa194eb9ba0nd_0tq_FlNY,云运维工程师（驻场车企）,新华三技术有限公司,10000人以上,计算机软件,本科,3-5年,"网络运维, 系统运维, Python/Shell, 运维经验, AWS云经验, 公有云运维, AWS",12-14K,杭州,,2026-06-02 14:38:56
777c306494344a410nB-39q5EFpS,系统运维专员,厚然服饰,100-499人,服装/纺织,大专,5-10年,,8-13K,杭州,,2026-06-02 14:38:56
31eb0cca26654d010nB-2NS0FFZS,运维工程师,杭州辰链信息科技,100-499人,互联网,学历不限,经验不限,,10-15K,杭州,,2026-06-02 14:38:56
df475a5006712c7a0nB729u0GVtT,服务器运维工程师,哥仑布机器人,20-99人,人工智能,本科,经验不限,,12-20K,杭州,,2026-06-02 14:38:56
c92b4d78255927370nB829m1FFRU,linux服务器运维工程师-线上面试,北京软通动力云计...,10000人以上,互联网,本科,3-5年,"系统运维, 运维开发/DevOps, Python/Shell, linux开发, 系统开发",9-11K,杭州,,2026-06-02 14:38:56
305387e6914e16240nd42ty7FVpW,云运维工程师,上海新炬,1000-9999人,计算机软件,本科,1-3年,"Nginx, Docker, tomcat, 系统运维, Redis, Python/Shell, 计算机相关专业, 云平台, 运维经验, ES",8-12K,杭州,,2026-06-02 14:38:56
2f9e0cb84228a81a0nB_09S4E1tT,初级运维工程师,中软国际,10000人以上,计算机软件,大专,1-3年,"系统运维, 运维经验",7-8K,杭州,,2026-06-02 14:38:56
2131c00a527f15c00nd-3t6-EFRZ,鞋服行业IT运维专员 / 系统运营主管,兴悦奥特莱斯,100-499人,批发/零售,大专,3-5年,,9-11K,杭州,,2026-06-02 14:38:56
182764e6c4fda8030nd-3929FVFY,运维工程师（网络方向+监狱驻点）,融至兴科技,100-499人,互联网,大专,经验不限,,5-8K,杭州,,2026-06-02 14:38:56
90bad90afe6f751b0nB-09q6FVFV,运维工程师/云平台/吉利,润和软件,10000人以上,互联网,大专,3-5年,"网络运维, 系统运维",12-13K,杭州,,2026-06-02 14:38:56
043cb36cfdca67d10nd83Ny_FFpS,实施运维工程师,像素元科技,20-99人,计算机软件,本科,1-3年,"实施交付运维, 计算机相关专业, 交通行业",6-8K,杭州,,2026-06-02 14:38:56
234634a3503e55550nB63Nm7GFtY,桌面运维工程师,趣猿,20-99人,人工智能,本科,1-3年,"桌面运维, 网络运维, 系统运维, IDC机房运维",8-10K,杭州,,2026-06-02 14:38:56
bf4eb1a5203daea90nd-2NW7FFVV,服务器运维工程师,PUKANG,100-499人,医疗健康,本科,5-10年,,10-15K,杭州,,2026-06-02 14:39:19
11ef76b8d51810170nB_0t--E1pY,linux服务器运维工程师,软通动力,10000人以上,计算机软件,本科,1-3年,"linux系统工程师, 系统维护，系统开发",7-11K,杭州,,2026-06-02 14:39:19
3dabb3933db768660nd72du1FVZU,运维工程师,杭州白犀灵选科技,0-20人,互联网,大专,3-5年,"系统运维, Python/Shell, 计算机相关专业",6-11K,杭州,,2026-06-02 14:39:19
9934f1f6a93ef6ed0nB_2tS7FlBZ,实施运维工程师,南京迅集科技,100-499人,计算机软件,本科,3-5年,,10-13K,杭州,,2026-06-02 14:39:19
a648ab64a9acd4990nd73Ny7FlRY,运维工程师,嗨聚客网络,100-499人,电子商务,大专,1-3年,"系统运维, Python/Shell, Golang, 运维开发经验, 腾讯云",10-15K,杭州,,2026-06-02 14:39:19
be987b0b8f8d00310ndy09i8GVBY,生产制造业IT运维工程师（偏网络安全）,杭州凌动,100-499人,汽车零部件,本科,3-5年,"网络运维, 计算机相关专业, 电子/电气/自动化相关专业, 运维经验, 网络安全相关经验",9-13K·15薪,杭州,,2026-06-02 14:39:19
a49ffc83041c54680nB73Ni7E1JV,HRIS系统运维,上海某大型计算机软件上市公司,1000-9999人,计算机软件,本科,3-5年,"实施交付运维, HRIS, 运维开发经验, 运维经验, EHR",22-30K·14薪,杭州,,2026-06-02 14:39:19
15a347925e86648e0nB_09W4FFVV,服务器运维工程师,挚云科技,20-99人,运营商/增值服务,本科,1-3年,,6-9K·13薪,杭州,,2026-06-02 14:39:19
7e8922bc3ac4bf190nV63ty8GFpV,系统运维工程师,中电金信软件有限公司,500-999人,计算机软件,本科,3-5年,"系统运维, 运维开发/DevOps, 运维经验",11-15K,杭州,,2026-06-02 14:39:19
c88f56e34a98073e0nd_2dq-FldV,系统运维工程师,悦芯科技,100-499人,计算机软件,本科,3-5年,,8-13K·13薪,杭州,,2026-06-02 14:39:19
0c97b3fc3edb00ec0nB43926F1BX,运维工程师,绛门科技,500-999人,计算机软件,本科,3-5年,,9-11K,杭州,,2026-06-02 14:39:19
96f27da7bb114c030nR-2NS5GVFQ,运维工程师,道然进出口,500-999人,进出口贸易,本科,1-3年,"网络运维, Nginx, 通信相关专业, Docker, MySQL/Oracle, 系统运维, 运维开发/DevOps, 桌面运维, Python/Shell, 计算机相关专业, 运维经验",10-15K,杭州,,2026-06-02 14:39:19
2b73f8e027a43b290nB-2dm9FlRU,运维工程师,浙大网新,1000-9999人,计算机软件,本科,在校/应届,"实施交付运维, 系统运维, 计算机相关专业, 网络安全相关经验",6-7K,杭州,,2026-06-02 14:39:40
596936525ec87a1c0nV80tq9EVBT,系统工程师（校园招聘）,华立科技,1000-9999人,计算机软件,本科,在校/应届,,9-14K,杭州,,2026-06-02 14:39:40
6d58431b70eebb9203N82tW_EVZX,3-S22 工程师:算力系统运维工程师…,乾元国家实验室,100-499人,学术/科研,本科,经验不限,社招,面议,杭州,,2026-06-02 14:39:40
7554d9137893d2100nd90tu8E1NV,运维部署工程师,五疆发展,20-99人,计算机服务,本科,3-5年,"网络运维, Java, 实施交付运维, MySQL/Oracle, 系统运维, 运维开发/DevOps, Python/Shell, 计算机相关专业, 运维经验, Kubernetes",9-12K,杭州,,2026-06-02 14:39:40
eda2905136d040370ndy3tm1EFNU,运维工程师(稳定+全额六险一金),慧博云通,10000人以上,计算机软件,本科,3-5年,"Nginx, MySQL/Oracle, Docker, 券商, 系统运维, 证券, 交易, Prometheus, 运维经验, 手机App",9-11K,杭州,,2026-06-02 14:39:40
0fee015dbb6668890nB-0ty4FVdQ,通信运维工程师,百应科技,100-499人,人工智能,本科,经验不限,,12-20K·15薪,杭州,,2026-06-02 14:39:40
00bdca77865283570nd52d66FFFY,应用系统运维专业经理(J14489),Babycare,1000-9999人,电子商务,本科,5-10年,,15-25K,杭州,,2026-06-02 14:39:40
287636e811983bdf0nB52Ny1GFNY,服装ERP系统运维工程师（财务/供应链）,CHUU,100-499人,服装/纺织,本科,5-10年,"SCM系统, ERP运维, 系统运维, 运维开发经验, 服饰行业, 计算机相关专业, 运维经验, 金蝶系统",12-20K,杭州,,2026-06-02 14:39:40
348998b80e9a67270nd83Nm7GVtT,基础架构运维工程师,香飘飘,1000-9999人,电子商务,本科,5-10年,,22-28K,杭州,,2026-06-02 14:39:40
f234db1e3ac699061XV92929EFpQ,系统运维工程师,美创科技,500-999人,信息安全,大专,3-5年,"Python, Shell, 容器技术, Docker, 系统运维, K8S",11-16K·13薪,杭州,,2026-06-02 14:39:40
7088195a7da9b8281XZ43di7GVBX,运维工程师-（萧山机场驻场）,数思信息,20-99人,通信/网络设备,大专,1-3年,"集群运维, 系统运维, 虚拟化运维, 桌面运维, 应用运维, Linux",5-10K,杭州,,2026-06-02 14:39:40
41fe9eea89904c3e03F83dm6EFpR,服务器系统运维专家,蚂蚁集团,10000人以上,互联网,本科,5-10年,,50-80K·15薪,杭州,,2026-06-02 14:39:40
b7b569609290b7680nB_39u5FFFY,运维工程师-英语-六险一金-双休-公办本科,武汉鸿宸信,100-499人,企业服务,本科,3-5年,"系统运维, Docker, 自动化脚本",9-13K,杭州,,2026-06-02 14:39:40
528b72896bc6c9750nB70tW4F1BQ,IT专员（系统运维+可开发）,艾美依航空制造,100-499人,铁路/船舶/航空/航天制造,本科,3-5年,,9-14K·14薪,杭州,,2026-06-02 14:39:40
22d27adab11dc7260nd639q_FFdU,系统运维工程师,浙江甬易,20-99人,互联网,本科,3-5年,,20-28K,杭州,,2026-06-02 14:39:40
eb5ed6f5eeac422e0nR_29q5F1JQ,IT运维工程师 外企半導體材料公司,上海联咏东丽商贸,20-99人,新材料,学历不限,经验不限,"桌面运维, 网络运维, 系统运维, 计算机相关专业, 运维经验, 网络安全相关经验, 大数据运维经验",8-13K,杭州,,2026-06-02 14:40:01
bf95ecf667eb1e430nd40t60F1ZV,信息系统实施运维（ERP/CRM等）,杰峰,500-999人,通信/网络设备,本科,1-3年,,8-10K·13薪,杭州,,2026-06-02 14:40:01
1c3998cb16d70a100ndz3t64GFJV,erp系统运维工程师,纹美科技,100-499人,电子商务,本科,3-5年,,9-13K,杭州,,2026-06-02 14:40:01
0b44932488a197c503N-2Nq_GVBT,k8s运维工程师（讲师）,杭州阿盛科技有限公司,100-499人,电子商务,本科,3-5年,"Nginx, MySQL/Oracle, Docker, 运维开发/DevOps, CICD, Prometheus, Python/Shell, 计算机相关专业, Kubernetes",20-40K,杭州,,2026-06-02 14:40:01
fcd58984749cdce30ndz2926E1pR,云手机运维工程师,居住奇点,0-20人,人工智能,学历不限,经验不限,"网络运维, 系统运维, IDC机房运维, 实施交付运维, Python/Shell, 运维经验, 网络安全相关经验, 云手机, 群控, ADB, Android 自动化, Appium",10-15K,杭州,,2026-06-02 14:40:01
adbe46e8d068541b1XFz3t-_E1RW,技术支持工程师,小肤科技,20-99人,大数据,大专,1-3年,"实施交付运维, 系统运维",7-10K,杭州,,2026-06-02 14:40:01
6d7d02feef914f350nB_09-4FlFS,AI服务器运维维修工程师 (MJ000107),劲群科技,100-499人,人工智能,本科,经验不限,,13-20K,杭州,,2026-06-02 14:40:01
b4670fb4786868a20nZ929W4FVRR,无盘系统运维师,云针,20-99人,计算机服务,大专,1-3年,,6-11K,杭州,,2026-06-02 14:40:01
a4fe5e2dea2a4e2b03x83d69GVpR,运维工程师,广域铭岛数字科技...,500-999人,互联网,本科,5-10年,,16-30K,杭州,,2026-06-02 14:40:01
d9d74dd7cc8280c70nB509u4GVNX,运维工程师-高级,希优科技,100-499人,计算机软件,本科,5-10年,"网络运维, 系统运维, 运维开发/DevOps, Java, Python/Shell, Golang, Nginx, MySQL/Oracle, 计算机相关专业, 通信相关专业, 运维经验, 大数据运维经验",22-35K,杭州,,2026-06-02 14:40:01
7d92acdd2297ca4e03J50tS7FVJV,运维工程师（短剧）,杭州溯光,100-499人,广播/影视,大专,1年以内,"网络运维, Linux, 大数据运维经验, 系统运维, AWS运维经验, 运维开发/DevOps, 运维开发经验, 桌面运维, 计算机相关专业, 网络安全相关经验, 运维经验",5-7K,杭州,,2026-06-02 14:40:01
70e777a86b573d4003x-39W_EFJS,驻场运维工程师（浙江传媒学院）,万雍科技,100-499人,信息安全,本科,1-3年,,6-8K,杭州,,2026-06-02 14:40:01
d5eacf87acdf89c40nV80t64F1ZW,中级运维工程师-服务台岗位,杭州海络,100-499人,计算机软件,本科,3-5年,"系统运维, MySQL/Oracle, 计算机相关专业, 通信相关专业, 运维经验",7-8K,杭州,,2026-06-02 14:40:01
bce5dec16664b73f0nB_0tu5GVRQ,系统运维工程师【上市集团 五险一金 双休】,新开普,1000-9999人,计算机软件,本科,1-3年,"系统运维, Nginx, MySQL/Oracle, Docker, Kubernetes, 计算机相关专业, 项目运维",7-10K,杭州,,2026-06-02 14:40:01
f884a76db0f8139f0nB82tm6E1RY,海外运维工程师（驻阿联酋）,依图,100-499人,人工智能,本科,3-5年,"Golang, Java, 海外运维, 实施交付运维, Docker, 系统运维, 运维开发/DevOps, Python/Shell, Kubernetes",20-30K·14薪,杭州,,2026-06-02 14:40:01
894b4cd4a4354f570nB-2N2-EFtT,服务器运维工程师(A255896),OBSBOT寻影,500-999人,智能硬件,本科,1-3年,"网络运维, IDC机房运维, 实施交付运维, 系统运维, 运维经验, 网络安全相关经验, 大数据运维经验, 运维开发经验",8-10K·13薪,杭州,,2026-06-02 14:40:23
93609a2241f93cf00nB52N28F1dR,AI 电商自动化运维工程师,百悦,20-99人,互联网,学历不限,1-3年,,12-20K,杭州,,2026-06-02 14:40:23
bbc5a144482f81e30nB439i4GVpX,基础架构运维工程师,甘肃海亮新能源材料,1000-9999人,金属制品,大专,5-10年,"桌面运维, 网络运维, 系统运维, IDC机房运维",15-23K·13薪,杭州,,2026-06-02 14:40:23
83736e1fa45d73d20nRz0961F1JU,信息化工程师,中美华东,10000人以上,医疗健康,本科,在校/应届,"桌面运维, 网络运维, 系统运维, IDC机房运维, 运维开发/DevOps, 计算机相关专业, 运维经验, 运维开发经验, 网络安全相关经验",8-9K·14薪,杭州,,2026-06-02 14:40:23
470e45d556df18170nB_2tS_GFdX,助理运维工程师,亚信科技,10000人以上,计算机软件,本科,,"系统运维, DBA, Python/Shell, 计算机相关专业, 通信相关专业",150-190元/天,杭州,,2026-06-02 14:40:23
631efadaa0662a730ndz09i9FVdW,运维工程师（大模型）,山东浪潮数字服务,100-499人,互联网,本科,3-5年,"系统运维, Python/Shell, 运维开发经验",8-12K,杭州,,2026-06-02 14:40:23
eafd8b47e19cd35003N_2d-6EFVY,中高级运维工程师,诚云科技,500-999人,互联网,本科,1-3年,"网络运维, 系统运维, DBA, 运维开发/DevOps, Java, Python/Shell, Docker, Kubernetes, MySQL/Oracle, 计算机相关专业, 运维开发经验, DevOps",13-25K·15薪,杭州,,2026-06-02 14:40:23
00e35d91c1c9e20603V-09W_FFJT,系统运维专员（base义乌）,杭州领酷,500-999人,批发/零售,本科,1-3年,系统运维,6-10K,杭州,,2026-06-02 14:40:23
d2abd1f27e903d750nZ50tW4GVZQ,运维工程师,杭州龙源壹度空间科技,20-99人,铁路/船舶/航空/航天制造,本科,1-3年,,8-13K·13薪,杭州,,2026-06-02 14:40:23
9814186967405aa91nJ60tS-FlZX,高级中间件运维工程师,海康威视,10000人以上,计算机软件,本科,5-10年,"Shell, Linux, 系统运维, 服务器配置, 自动化运维, 安全运维, Python, SQL",20-25K·16薪,杭州,,2026-06-02 14:40:23
365792a8920995ae0nV5292-GVpT,游戏运维工程师-【游戏事业部】,快手,10000人以上,社交网络与媒体,本科,3-5年,"系统运维, Python/Shell, 计算机相关专业, 通信相关专业, 运维经验, 游戏运维",25-50K·16薪,杭州,,2026-06-02 14:40:23
bc20e9bfced46b600nZ50tm9E1BV,AI 基础设施 / 运维工程师,某电子商务公司,0-20人,电子商务,本科,3-5年,,20-30K,杭州,,2026-06-02 14:40:23
0f939931e560041e0nd40t-0E1ZU,楼宇智能化工程师,万物梁行,10000人以上,物业管理,大专,1-3年,"系统运维, 实施交付运维, 大数据运维经验",8-11K·13薪,杭州,,2026-06-02 14:40:23
57885fe827a461420nB_2dm1GFtV,供应链系统运维,知原药业,500-999人,生物/制药,本科,3-5年,,10-15K·13薪,杭州,,2026-06-02 14:40:23
713cb300d109d1a11nJ809q4GFc~,运维工程师,浙商期货,500-999人,证券/期货,本科,1-3年,"Linux, 系统运维, 机房运维",10-15K,杭州,,2026-06-02 14:40:23
5d5d896af5502b7c0nd629i5F1RQ,网络服务器运维工程师/专员,昊盛人工智能,100-499人,人工智能,大专,1-3年,,7-10K,杭州,,2026-06-02 14:40:45
eceb1fbc930432140nB53d-0EVZQ,业务运维工程师,紫钺科技,100-499人,互联网,本科,1-3年,,11-15K,杭州,,2026-06-02 14:40:45
0c1621c7df5e60bc0nB-2dS1F1dS,运维(驻场)工程师,中电信文宣科技,100-499人,运营商/增值服务,本科,3-5年,"系统运维, Kubernetes, Docker, Ansible/Salt/Puppet, Python/Shell, MySQL/Oracle, 计算机相关专业, 运维经验",9-11K,杭州,,2026-06-02 14:40:45
40df0240023ac7ce1H1_29y4GVNX,大数据运维工程师（资浅）,数新智能,100-499人,互联网,本科,1-3年,"网络运维, Java, 通信相关专业, Python/Shell, 计算机相关专业",8-13K,杭州,,2026-06-02 14:40:45
8f9e0e9a505b79ae1XN_2tq4F1VS,弱电智能化系统运维工程师,环江科技,0-20人,智能硬件,大专,3-5年,"网络运维, 系统运维, 实施交付运维",5-8K,杭州,,2026-06-02 14:40:45
ea6dbc6569b015750nB_2d-1EFVQ,【影视飓风】SRE工程师,影视飓风,100-499人,社交网络与媒体,学历不限,3-5年,"网络运维, 系统运维, 运维开发/DevOps, Java, 计算机相关专业",18-25K·15薪,杭州,,2026-06-02 14:40:45
248517ac45eb9fca0nB-29y5EFBS,交付运维工程师,杭州润界医疗,20-99人,医疗器械,本科,1-3年,,11-18K,杭州,,2026-06-02 14:40:45
fe959ccef69008850nB62ti_EFNY,运维工程师-杭州,泰格医药,1000-9999人,医疗健康,大专,3-5年,"运维开发/DevOps, 系统运维, Java",11-17K,杭州,,2026-06-02 14:40:45
59b572cda45d3e890nB42NS_E1BX,运维工程师(J43580),海信家电,100-499人,智能硬件,本科,3-5年,"网络交换技术, 容器技术, 安全运维, 路由器交换机认证, ciscos",20-30K·13薪,杭州,,2026-06-02 14:40:45
6fc0fa7e257a9d560XN92Ni_F1Q~,高级网络运维工程师,小云雀智能,20-99人,智能硬件,本科,10年以上,"桌面运维, 服务器运维, 云平台运维",10-11K,杭州,,2026-06-02 14:40:45
9628787f6c8d12c00nB53Nm-FldW,高级混合云运维交付工程师,神州邦邦,100-499人,计算机服务,大专,1-3年,"Nginx, 阿里云, DBA, 华为云, 运维开发/DevOps, Redis, 公有云, 计算机相关专业, 容器平台, Ansible/Salt/Puppet, Elasticsearch, MySQL/Oracle, 大数据运维经验, 系统运维, 私有云",30-40K,杭州,,2026-06-02 14:40:45
95104ed30cc9e9fa0nV509W6GFJS,运维工程师实习生,杭州成风装饰工程,0-20人,工程施工,大专,,"Java, Golang, 通信相关专业, 电子/电气/自动化相关专业, 运维开发经验, 要求和光伏，储能，新能源有相关的专业",150-180元/天,杭州,,2026-06-02 14:40:45
5f99df09bc3fb9d90nB43Nm4GVZR,桌面运维工程师,杭州新阅时代科技,500-999人,互联网,本科,3-5年,"网络运维, 通信相关专业, 系统运维, 桌面运维, 计算机相关专业, 网络安全相关经验",7-12K,杭州,,2026-06-02 14:40:45
c3aa68fd162bca620nVy3t29ElVY,高级运维工程师（量化系统方向）,正仁量化,20-99人,基金,本科,5-10年,,30-50K,杭州,,2026-06-02 14:40:45
329a43f534f2c22b0ndy3N65EldT,运维工程师,某中型人工智能公司,100-499人,人工智能,本科,3-5年,"运维经验, K8S, 容灾, 集群, 监控告警, GPU",30-50K·16薪,杭州,,2026-06-02 14:40:45
6d9568426af13bff0nR-29y4F1FX,运维工程师（驻厅）,公共安全技术研究院,100-499人,移动互联网,本科,1-3年,,10-13K,杭州,,2026-06-02 14:41:06
239d7262667ca6e71HR-3d65FFNQ,电力运维工程师,昱军新能源,0-20人,电力/热力/燃气/水利,大专,5-10年,"实施交付运维, 系统运维, 双休，调休，早九晚五",5-10K·14薪,杭州,,2026-06-02 14:41:06
a5eb6e9c29aadabd0nV63dS-FFdS,测试运维工程师,北京缔云,20-99人,企业服务,本科,5-10年,"实施交付运维, 系统运维, 白盒测试, 计算机相关专业, 运维经验",11-18K,杭州,,2026-06-02 14:41:06
0dd9107d3e5a0e2d1XZ_3ty9EVFQ,系统运维工程师,杭州奥阁门科技,20-99人,互联网,本科,3-5年,"Python, Shell, 容器技术, Linux, MySQL, 系统运维, Docker, Kubernetes",13-26K,杭州,,2026-06-02 14:41:06
2fce3529732b06e31nx809i0GFJQ,OA系统运维工程师,杭州新天地集团,10000人以上,房地产开发经营,大专,,"安全运维, 系统运维",100-200元/天,杭州,,2026-06-02 14:41:06
623703f608e9d8cf1n1z09i-ElRW,运维工程师,佰安信息,20-99人,计算机软件,大专,3-5年,"Linux, 系统运维, MySQL, 集群运维, Centos, 大数据运维, SQL, HBase",7-12K·13薪,杭州,,2026-06-02 14:41:06
05499c3caaecde8a0nd40925ElRR,资深运维工程师,星徒科技,0-20人,互联网,大专,5-10年,"网络运维, Nginx, 通信相关专业, 运维开发/DevOps, Redis, 计算机相关专业, 网络安全相关经验, 运维经验, Elasticsearch, Docker, 系统运维, 运维开发经验, Kubernetes",12-20K,杭州,,2026-06-02 14:41:06
9d2d301968b20b5d03J839m8GVdW,运维工程师实习生,观远数据,100-499人,企业服务,本科,,,200-250元/天,杭州,,2026-06-02 14:41:06
b51a3fb13197e3700nB52ty1EVJX,高级运维工程师 / SRE Engineer,道致科技,100-499人,互联网,大专,3-5年,"Java, DBA, python, Docker, ELK, 系统运维, SRE, Redis, bash, 阿里云核心产品, Kubernetes",19-27K,杭州,,2026-06-02 14:41:06
81d61b2ff20aabb503R53N2_FVFT,驻场运维工程师,浙江德桥科技有限公司,0-20人,信息安全,本科,1-3年,"桌面运维, 系统运维, 实施交付运维, 计算机相关专业, 通信相关专业, 运维经验, 网络安全相关经验, 打印机/复印机维修经验, 政府驻场经验优先, 善于沟通总结",6-10K,杭州,,2026-06-02 14:41:06
eb288afaf241840b0ndy2Ni8EVJV,运维工程师,钛比科技,20-99人,智能硬件,本科,1-3年,"Nginx, MySQL/Oracle, Docker, 系统运维, 计算机相关专业, Kubernetes",12-20K,杭州,,2026-06-02 14:41:06
5e8547e4a58a20570nB40ti4EFtW,交易系统运维工程师,某大型计算机软件公司,100-499人,计算机软件,本科,3-5年,"系统运维, Python/Shell, Ansible/Salt/Puppet, MySQL/Oracle, Docker, Kubernetes, 计算机相关专业, 运维经验, 运维开发经验",20-21K,杭州,,2026-06-02 14:41:06
04fc8abe6c719eba0nd_2N6_EFBY,SAP系统运维专员,华光新材,500-999人,金属制品,本科,1-3年,"ERP, SAP, 计算机相关专业, 运维经验",7-9K·13薪,杭州,,2026-06-02 14:41:06
b9ad3d48811b568d0nV629i_E1JV,云原生运维工程师,杭州未来康瑞教育...,100-499人,培训/辅导机构,学历不限,5-10年,"Docker, 系统运维, 运维开发/DevOps, Python/Shell, 运维经验, Kubernetes",18-35K,杭州,,2026-06-02 14:41:06
f794a7e17ac5e1701H193NS4EFpU,系统运维专家,阿里巴巴集团,10000人以上,互联网,本科,3-5年,"系统运维, 运维开发/DevOps, 运维开发经验, 计算机相关专业, 运维经验",20-40K·16薪,杭州,,2026-06-02 14:41:06
feb4bfcbd241529d0nB63dy8GVJU,运维工程师,灵匠科技杭州分公司,500-999人,互联网,本科,3-5年,,10-15K,杭州,,2026-06-02 14:41:27
9cbee519cc3fdb5203B429m0EVpS,IT系统运维开发工程师,雅智,20-99人,医疗器械,大专,1-3年,"后端开发经验, 全栈无侧重, 计算机相关专业, 前端开发经验, 全栈项目经验",8-13K,杭州,,2026-06-02 14:41:27
234db43949deb84f0nV42928EVVT,污染源在线监测系统运维专员,隆佑智能,0-20人,环保,大专,经验不限,,5-7K·13薪,杭州,,2026-06-02 14:41:27
36877c37298a9f900nd53t-1GFJX,运维工程师,某移动互联网公司,20-99人,移动互联网,本科,3-5年,"系统运维, Python/Shell, Kubernetes, Docker, Ansible/Salt/Puppet, 计算机相关专业, 通信相关专业, 运维经验, 云原生, 可观测",20-35K·15薪,杭州,,2026-06-02 14:41:27
2d943af7e9b7f3920nB40tm5ElRW,运维开发工程师,逻辑科技,20-99人,人工智能,本科,3-5年,,10-12K,杭州,,2026-06-02 14:41:27
19a249ccac40b62d0ndz0924EFVW,高级运维工程师,虚之实科技,20-99人,智能硬件,本科,5-10年,"Golang, 本地化部署, Java, 私有化交付, 运维开发/DevOps, 现场运维  医疗运维, 计算机相关专业, Python/Shell",18-28K,杭州,,2026-06-02 14:41:27
ed8cee2fbfdb8ec71HBy39S1FFRR,运维工程师,苏州科达,1000-9999人,通信/网络设备,本科,1-3年,"k8s, 运维开发/DevOps, 英语",15-21K·15薪,杭州,,2026-06-02 14:41:27
04b575c77720111403J529u1FldT,运维工程师,浙江爱客,20-99人,计算机软件,大专,3-5年,,10-15K,杭州,,2026-06-02 14:41:27
c7126f7db817bdb803Fz3NS_EFZW,运维工程师,绿掌科技,20-99人,计算机软件,本科,1-3年,"系统运维, Python/Shell, 计算机相关专业",8-10K,杭州,,2026-06-02 14:41:27
0675c9ca586192bb0nB629q6GFRR,运维工程师,远算科技,100-499人,计算机软件,本科,5-10年,,20-30K·14薪,杭州,,2026-06-02 14:41:27
74a33070990b7a301nF5392_ElNZ,运维工程师,上海派博软件有限公司,100-499人,计算机软件,大专,3-5年,"系统运维, 安全运维, 应用运维",8-10K·13薪,杭州,,2026-06-02 14:41:27
83c0f6c9ae4d93ec0nd73N-9FFJY,系统运维工程师,杭州云狐数康科技,20-99人,互联网,硕士,3-5年,"系统运维, Java, Python/Shell, Nginx, Redis, Docker, 计算机相关专业, 运维开发经验, Java语言编程Shell脚本编程, Python Linux/Windows, 防火墙、IDS、服务器、网络设备、数据库, Redis/Nginx/Tomcat, 容器化部署docker数据备份K8s",20-40K·14薪,杭州,,2026-06-02 14:41:27
781f16c7615e3ced0nZ50tS_ElVX,高级软件运维工程师,杰克科技股份有限公司,10000人以上,专用设备,本科,5-10年,"系统运维, 运维开发/DevOps",12-20K·14薪,杭州,,2026-06-02 14:41:27
8a90767ac78352870nVz3N--FFdZ,运维工程师,古茗科技集团有限公司,0-20人,餐饮,本科,3-5年,"Docker, 系统运维, 运维开发/DevOps, Python/Shell, 计算机相关专业, 运维经验, Kubernetes",25-30K·14薪,杭州,,2026-06-02 14:41:27
825beccf1e3f8b2b0nV43tu1E1dY,中级运维工程师,浑大国贸,20-99人,进出口贸易,本科,5-10年,"搜索引擎技术, Java, Shell, 运维工程师, 服务器配置, MySQL, 容器技术, Python",11-22K,杭州,,2026-06-02 14:41:27
a715df8935f43f220nd_2Nq5FFdS,驻场运维工程师（政务公文方向）,格尔软件,500-999人,信息安全,本科,1-3年,计算机相关专业,7-9K,杭州,,2026-06-02 14:41:48
4fe96445ae169a9f1Hd93tS7F1dY,安装运维工程师(软件),图南益,20-99人,人工智能,本科,1-3年,"系统运维, 运维开发/DevOps, 实施交付运维, 计算机相关专业, 通信相关专业, 电子/电气/自动化相关专业",10-15K,杭州,,2026-06-02 14:41:48
3d1db6ad35420f141XJ92t-6FVVT,运维工程师-下沙供应链,华东医药,1000-9999人,医疗健康,本科,经验不限,"系统运维, SQL",6-10K·13薪,杭州,,2026-06-02 14:41:48
4a71dae9211b06011Hd839y7GFFR,驻场运维工程师,金璀科技,20-99人,计算机服务,本科,经验不限,"网络运维, 系统运维, 桌面运维, 网络安全相关经验, 运维经验, 打印机/复印机维修经验",4-8K,杭州,,2026-06-02 14:41:48
32f5006a2621117d1nJ72dW-F1VU,运维工程师,联蜂,0-20人,通信/网络设备,大专,3-5年,"Linux, 系统运维, 网络交换技术, 网络协议",8-12K·14薪,杭州,,2026-06-02 14:41:48
c65a6638dc1a06dc0nB42t-5GFpU,运维工程师,杭州文源智创科技,20-99人,互联网,本科,5-10年,,15-30K,杭州,,2026-06-02 14:41:48
8209bdc1198ab5821HN73t61EFJX,高级桌面运维工程师,杭州鼎赢商务咨询,0-20人,橡胶/塑料制品,本科,5-10年,"桌面运维, 系统运维",9-11K·13薪,杭州,,2026-06-02 14:41:48
25130792e69fbb5e0nZ7396_F1NV,it运维工程师,灵匠科技,500-999人,互联网,本科,5-10年,,10-15K,杭州,,2026-06-02 14:41:48
ecba60a96ba23dd21XB-3Ni4GVQ~,运维工程师,智飘,100-499人,电子商务,高中,1-3年,"运维, IT支持, 系统运维",5-10K,杭州,,2026-06-02 14:41:48
b97a8c95807b8db40nd_0tu5FlFS,运维工程师,景联文,100-499人,人工智能,本科,3-5年,计算机相关专业,15-25K,杭州,,2026-06-02 14:41:48
1ff589fc6886e1d603Nz09y0FVZU,运维工程师,京信智能科技,20-99人,自动化设备,本科,经验不限,"Docker, Redis, 计算机相关专业, 运维经验, Kubernetes",15-30K·14薪,杭州,,2026-06-02 14:41:48
7de2f8bc95da35041HB40t6-EFJY,运维工程师,重新定义,20-99人,互联网,大专,经验不限,"网络运维, 系统运维, 计算机相关专业, 运维经验",6-10K,杭州,,2026-06-02 14:41:48
af327f23f43733f30nR_2NS5FlFS,高级sre运维工程师,吉利,10000人以上,汽车研发/制造,硕士,5-10年,"Python/Shell, 计算机相关专业, 运维经验, 运维开发经验, SLA  SLO, 稳定性, 中间件",30-35K·14薪,杭州,,2026-06-02 14:41:48
77b42d02698e701f1HN60t2-F1o~,运维工程师,杭州农副产品物流...,100-499人,互联网,大专,5-10年,"系统运维, 运维开发/DevOps, Python/Shell, MySQL/Oracle, Docker, 运维经验, 运维开发经验, 运维, 运维开发",10-15K·13薪,杭州,,2026-06-02 14:41:48
f0bdbef9e7bc96b61H1_29y0EVFS,运维工程师,浙江浙泊,20-99人,智能硬件/消费电子,本科,在校/应届,"网络运维, Nginx, 通信相关专业, MySQL/Oracle, 系统运维, 运维开发经验, 桌面运维, Python/Shell, 计算机相关专业, 电子/电气/自动化相关专业, 网络安全相关经验",5-7K,杭州,,2026-06-02 14:41:48
a1d947e0f041d64703183dy8E1BT,高级运维开发工程师,某大型互联网公司,100-499人,互联网,本科,1-3年,,30-60K·15薪,杭州,,2026-06-02 14:42:10
ecc56084cebcb1680nZ43tS9FVtS,系统运维专员,杭州本曜科技有限公司,0-20人,计算机软件,本科,1-3年,"网络运维, Ansible/Salt/Puppet, 系统运维, Python/Shell, 计算机相关专业, 运维经验",5-7K,杭州,,2026-06-02 14:42:10
bb666b008c288dc3031939m0GVJR,机房运维工程师,德宁佳,0-20人,其他生活服务,学历不限,经验不限,"网络运维, 大数据运维经验, 系统运维, 网络安全相关经验, 运维经验, IDC机房运维",2-3K,杭州,,2026-06-02 14:42:10
00a5bb6b66acf0ac03152NW1E1dW,运维工程师助理,桐屹科技,20-99人,人工智能,本科,经验不限,,5-6K,杭州,,2026-06-02 14:42:10
dc1b582d27b53e960nB40ty8ElBT,运维工程师,杭州海信星海科技,100-499人,智能硬件,本科,3-5年,,15-20K,杭州,,2026-06-02 14:42:10
951fbd8f445051d50nR42dW0FFZQ,运维工程师（AGV/AMR机器人方向）,钰杉科技,0-20人,企业服务,本科,3-5年,"通信相关专业, 系统运维, 计算机相关专业, 电子/电气/自动化相关专业, 运维经验",10-15K,杭州,,2026-06-02 14:42:10
8282e6894a767a2d03Z_092-GVJZ,基础架构工程师,杭州图序信息技术,20-99人,企业服务,本科,3-5年,"网络运维, 实施交付运维, 系统运维, 计算机相关专业, 电子/电气/自动化相关专业, 网络安全相关经验, 运维经验, IDC机房运维",15-20K,杭州,,2026-06-02 14:42:10
a9d066c6a59455290nd73t-5FFZT,运维工程师,晋钜能源,20-99人,电力/热力/燃气/水利,本科,1-3年,"实施交付运维, 系统运维, 电子/电气/自动化相关专业, IDC机房运维",8-13K,杭州,,2026-06-02 14:42:10
41a2bb2c6bfddbaa0nZ53tS_FlZY,erp系统运维专员,嘉创贸易,20-99人,批发/零售,大专,1-3年,"系统运维, 运维开发/DevOps, 桌面运维, 运维开发经验, 大数据运维经验, 计算机相关专业, 运维经验",7-9K,杭州,,2026-06-02 14:42:10
0705ea9ee3643f0a1Hd_09S4E1JR,运维工程师,宏仑数字科技,20-99人,通信/网络设备,本科,经验不限,"Java, 网络运维, 实施交付运维, 通信相关专业, 系统运维, 运维开发经验, 计算机相关专业",5-8K,杭州,,2026-06-02 14:42:10
7cb38ae8e6c3b73e0nV-0tS8E1NW,IT信息主管/工程师,浙江康佰裕,20-99人,生物/制药,本科,3-5年,"系统运维, 网络运维",10-15K·13薪,杭州,,2026-06-02 14:42:10
885bee84452b859e0nB-3Ni_FFtZ,环境管理运维工程师,捷科智诚,10000人以上,计算机软件,本科,3-5年,"系统运维, 运维开发/DevOps",10-14K,杭州,,2026-06-02 14:42:10
9c74a12bd3a9fb8b0nV93N20GVVY,工厂机器人-部署运维工程师,UNT,1000-9999人,半导体/芯片,本科,1-3年,"工业机器人, 运维, AGV AMR, 实施, 项目FAE",12-24K·20薪,杭州,,2026-06-02 14:42:10
d90c3d33d3292a0d1XB83dm9E1tS,运维工程师(J11881),泰隆商业银行,10000人以上,银行,本科,1-3年,系统运维,15-25K,杭州,,2026-06-02 14:42:10
eb11581566d15fc91nRy2tm_FVdR,系统运维工程师,昊恒,20-99人,智能硬件,大专,1-3年,"运维工程师, 运维通信资格证书",4-5K,杭州,,2026-06-02 14:42:10
dafd01bd01dc71c30nB-39-6GVRT,运维工程师,南昌恒泰文远信息科技,20-99人,互联网,本科,3-5年,,10-13K,杭州,,2026-06-02 14:46:19
ab2367821963ab470nB629i0GVdR,运维工程师-【全额社保公积金】,润和软件,10000人以上,互联网,大专,5-10年,,11-14K,杭州,,2026-06-02 14:46:19
c575be9ae6ff804e0nVz2ty7EFVV,运维工程师,诚迈电力信息,1000-9999人,计算机软件,本科,3-5年,"Java, 阿里云, Docker, 华为云, Kubernetes",12-14K,杭州,,2026-06-02 14:46:19
ca49e6bff27624690nB-29-_EVJV,系统运维工程师,杭州三陆五,20-99人,互联网,大专,1-3年,"系统运维, SRM、QMS、OMS",7-10K,杭州,,2026-06-02 14:46:19
776c010a632f1f911HJ629i8FFdS,系统运维工程师,明天医网科技,100-499人,医疗健康,本科,3-5年,"网络运维, DBA, Docker, MySQL/Oracle, 系统运维, 计算机相关专业",15-20K·13薪,杭州,,2026-06-02 14:46:39
354cd210230798b203N839-6FVNV,云运维工程师-私有云,吉利控股集团,10000人以上,汽车研发/制造,本科,经验不限,,20-40K·14薪,杭州,,2026-06-02 14:46:39
737c546c88bf7d1a1Xxy3du_EVFS,用友nc运维工程师,仁享软件,20-99人,计算机软件,大专,3-5年,"MySQL/Oracle, 系统运维",6-11K,杭州,,2026-06-02 14:46:39
04a32b42532293a40nB_092_FVdX,运维工程师【杭州+无加班+双休】,慧博云通,10000人以上,计算机软件,本科,3-5年,"Ansible/Salt/Puppet, MySQL/Oracle, 系统运维, 证券, Redis, Python/Shell, 计算机相关专业, 运维经验, 金融",11-12K,杭州,,2026-06-02 14:47:00
07e3da019243eb0b0ndz3d24EFZT,中级运维工程师,杭州航墨机器人,20-99人,计算机/通信/其他电子设备,本科,3-5年,,15-25K,杭州,,2026-06-02 14:47:00
7829989418bdca9403172di_GVZQ,sre运维工程师,江苏达科,1000-9999人,通信/网络设备,本科,经验不限,"运维开发/DevOps, 系统运维, Kubernetes, Docker, Python/Shell, Redis, MySQL/Oracle, 计算机相关专业, 运维经验, 电子/电气/自动化相关专业",8-12K·13薪,杭州,,2026-06-02 14:47:00
4f85d3c66714d3c203x_0tq1ElZT,系统运维工程师,浙江正元智慧信息...,100-499人,互联网,本科,1-3年,"系统运维, Kubernetes, Redis, Nginx, MySQL/Oracle, 计算机相关专业",7-10K,杭州,,2026-06-02 14:47:21
8584c20ec8bbb7400nR93t20GFtU,资深系统运维工程师,零跑科技,10000人以上,新能源汽车,本科,5-10年,,22-35K·14薪,杭州,,2026-06-02 14:47:21
8d30e9661a4ea69d03J-292-EVNQ,运维工程师,杭州溯光,100-499人,广播/影视,大专,1年以内,"Linux, 运维开发/DevOps, 运维开发经验, 运维经验, AWS",6-8K,杭州,,2026-06-02 14:47:21
1aa6e08c69dee6ec0ndy0928EVpQ,中高级运维工程师（讲师）,星辰代码数字科技,20-99人,互联网,本科,3-5年,"网络运维, DBA, 团队管理经验, 实施交付运维, Docker, MySQL/Oracle, Linux, 运维开发/DevOps, 桌面运维, 计算机相关专业, Kubernetes",22-40K,杭州,,2026-06-02 14:47:21
754adbdda7e93b640nd83N21ElFX,运维工程师,杭州智象品牌管理,20-99人,广告营销,本科,1-3年,"网络运维, 系统运维, 计算机相关专业, 网络安全相关经验, 运维经验",5-7K,杭州,,2026-06-02 14:47:21
80a599e3ae800eaa0nd-3tq-E1ZQ,运维工程师 （J10416）,e签宝,1000-9999人,企业服务,本科,1-3年,"计算机相关专业, IDC机房运维",5-8K·13薪,杭州,,2026-06-02 14:47:21
19779593edde461f0nB509i7FVdY,资深运维工程师 (MJ003368),涂鸦智能,1000-9999人,互联网,本科,3-5年,,17-30K,杭州,,2026-06-02 14:47:21
645aefc3527135200nB_2969FFJQ,信息系统运维,旅典科技,20-99人,计算机软件,本科,1-3年,,6-8K,杭州,,2026-06-02 14:47:41
b4b91094cc65adcf0nVy09W6F1VS,运维工程师,同川工程,20-99人,其他专业服务,本科,经验不限,,8-12K·13薪,杭州,,2026-06-02 14:47:41
137566eab572bc1303V_39-8GVFQ,运维工程师,卓越际联科技有限公司,1000-9999人,互联网,本科,3-5年,"网络运维, 运维开发/DevOps, Python/Shell, 计算机相关专业, Kubernetes",11-16K,杭州,,2026-06-02 14:47:41
97e69894ff1c927d0nB_2Ni8FVVX,it系统运维,杭州每果时光,500-999人,电子商务,本科,1年以内,,4-6K,杭州,,2026-06-02 14:47:41
3358af1016e4f8a11nx-0tS4FlZY,污染源在线仪表安装运维工程师,浙江黑驰马环境,20-99人,环保,学历不限,1-3年,"系统运维, 自动化运维",6-7K,杭州,,2026-06-02 14:47:41
0a832ef7cd5d1b2b03Vz2ti_FltW,运维工程师（外派驻场）,展业消防,20-99人,计算机软件,本科,1-3年,"网络运维, 系统运维, IDC机房运维, 计算机相关专业",7-12K,杭州,,2026-06-02 14:47:41
74bf2dceebcf798b0nV529i_E1pV,云计算运维工程师,国安信息科技,100-499人,计算机软件,本科,3-5年,,11-17K,杭州,,2026-06-02 14:48:00
0339546cb6761ea40nd52d26EVVY,实施运维工程师（MES）,杭州大王椰装饰新材料,100-499人,装修装饰,本科,3-5年,"系统运维, 实施交付运维, 计算机相关专业, MES系统运维",12-15K,杭州,,2026-06-02 14:48:00
520bcb5403bfc7b603Z83tS6EFpR,初级技术支持运维工程师（应届生）,龙测,20-99人,计算机软件,本科,在校/应届,"网络运维, Java, 通信相关专业, 运维开发/DevOps, Python/Shell, 计算机相关专业, 网络安全相关经验, 电子/电气/自动化相关专业, 实施交付运维, MySQL/Oracle, Docker, 系统运维, 运维开发经验",4-6K,杭州,,2026-06-02 14:48:00
d7dcf6d7078f39a603F62tS7EFRS,运维工程师（杭州）,广州中钦科技服务,20-99人,互联网,大专,3-5年,"Docker, MySQL/Oracle, 系统运维, 运维开发/DevOps, Python/Shell, 计算机相关专业, 运维经验, Kubernetes",10-11K,杭州,,2026-06-02 14:48:00
7b3773bd46f046f91nF52t64FlBS,运维工程师,浙江春风动力股份...,1000-9999人,汽车研发/制造,本科,3-5年,"系统运维, 自动化运维, Linux, Python, Shell, 容器技术, Docker, K8S",14-16K·14薪,杭州,,2026-06-02 14:48:23
fd51380a43675a800nV53Ni7E1ZQ,容器运维工程师,新至数碳,100-499人,计算机软件,本科,1-3年,"阿里专有云, ACK集群, rancher",12-15K,杭州,,2026-06-02 14:48:23
d26dfb533517656f1HJ93dW8FlRZ,实施运维工程师,豪波安全科技,100-499人,计算机软件,大专,经验不限,"运维开发/DevOps, 网络运维, 系统运维",6-8K,杭州,,2026-06-02 14:48:23
0190a6d36f68980e0nB53Ni6FlRW,运维工程师,杭州优财云科技,0-20人,计算机软件,本科,3-5年,,9-14K,杭州,,2026-06-02 14:48:23
afe3f55eadfafe180nB-29m0E1ZT,运维工程师,海致星图,500-999人,计算机软件,本科,1-3年,,10-12K,杭州,,2026-06-02 14:48:23
02f28940f25c763e1XR-3d2_GFpZ,网络运维工程师,杭州云嘉云计算,100-499人,计算机软件,本科,3-5年,"网络运维, 系统运维, 计算机相关专业, 系统集成, 项目交付",9-13K,杭州,,2026-06-02 14:48:23
4ae8e9d50f5615bc0nZ43t6-FVNQ,运维工程师,脉博科技,20-99人,社交网络,本科,3-5年,"Nginx, Elasticsearch, MySQL/Oracle, 系统运维, 运维开发/DevOps, 运维开发经验, Python/Shell, 计算机相关专业, Kubernetes",11-16K,杭州,,2026-06-02 14:48:23
b8813b589e5b99221HZz3dy6F1FU,光伏运维工程师,旷宇新能源,0-20人,新能源,本科,3-5年,系统运维,10-11K,杭州,,2026-06-02 14:48:45
a2acb096379ff41c0nVy39S0FlFX,运维工程师,杭州市人工智能产...,20-99人,人工智能,本科,3-5年,,12-18K,杭州,,2026-06-02 14:48:45
826b1cf974fb423f03J60t-0F1pU,运维工程师,浙江环态,20-99人,计算机软件,中专/中技,,"系统运维, Nginx, MySQL/Oracle, 计算机相关专业, 运维经验",100-150元/天,杭州,,2026-06-02 14:48:45
3c386636179b36000nd-3dW5F1FZ,内部运维工程师,源诚科技,100-499人,计算机软件,本科,3-5年,"运维开发/DevOps, 桌面运维, 网络运维, IDC机房运维, DBA, Python/Shell, MySQL/Oracle, Kubernetes, Docker, Elasticsearch, 计算机相关专业, 运维经验, 网络安全相关经验, 大数据运维经验, 打印机/复印机维修经验",15-20K,杭州,,2026-06-02 14:48:45
ce7baf8eba44d37f0nB_0t24ElNS,运维工程师,浙江明日控股,500-999人,进出口贸易,本科,经验不限,"网络运维, 实施交付运维, 系统运维",16-18K,杭州,,2026-06-02 14:48:45
b127eb6a7ff9fb7e0ndz0ti5FVdX,网络运维工程师,阅动(新华三),100-499人,通信/网络设备,本科,5-10年,"网络运维, 系统运维, IDC机房运维, 实施交付运维, Redis, 运维经验, 网络安全相关经验, 监控运维, Prometheus, zabbix, 网络协议, 交换机",8-13K,杭州,,2026-06-02 14:48:45
e66bc5b616a74b421HF42Nm9F1BY,系统运维工程师,华信设计,1000-9999人,通信/网络设备,本科,1-3年,"Nginx, 实施交付运维, MySQL/Oracle, 系统运维, 运维开发经验, 计算机相关专业, 运维经验",7-11K·13薪,杭州,,2026-06-02 14:48:45
c0335ff906aa4bdb0nV42dS_F1ZY,售前及实施工程师（高校客户）,大毅智能,20-99人,计算机软件,本科,3-5年,"Nginx, 售前, 系统运维, 运维开发经验, Redis, Python/Shell, 计算机相关专业, 出差, Kubernetes",12-18K,杭州,,2026-06-02 14:48:45
1c0ddf1237e8d36c0nB439-9FVZT,数据运维工程师,映易传媒,100-499人,广告/公关/会展,本科,1-3年,"运维开发/DevOps, 系统运维, MySQL/Oracle, Redis, 计算机相关专业, 运维开发经验, 运维经验",10-15K,杭州,,2026-06-02 14:49:06
57dbf52c41fb411d1HV82di0FVBT,软件实施运维工程师,新慧医联物联科技,20-99人,互联网,本科,3-5年,"Java, Nginx, 实施交付运维, 系统运维, Redis",6-8K,杭州,,2026-06-02 14:49:06
0634d8c2da5c01d00nB729-5F1dT,云MSP运维工程师（JD）,浙江志想,0-20人,互联网,本科,3-5年,,15-20K,杭州,,2026-06-02 14:49:06
816ce07a15ae92d51XBz3Nq4E1ZT,项目实施或运维工程师,同恩科技,20-99人,计算机软件,大专,1-3年,"实施, 系统运维",6-9K,杭州,,2026-06-02 14:49:06
e6f24920a30db9d11XN52dm9GFFT,ERP技术支持（服务工程师）,杭州选哲软件有限公司,100-499人,计算机软件,本科,1-3年,"系统运维, 服务器配置, 金蝶, 用友",9-14K·13薪,杭州,,2026-06-02 14:49:06
02fc70ee38457f760nVz3926FlBR,运维工程师,鑫翔七迅,20-99人,计算机软件,本科,1-3年,"网络运维, Java, 通信相关专业, MySQL/Oracle, Docker, 系统运维, 运维开发经验, 桌面运维, Redis, 计算机相关专业, 电子/电气/自动化相关专业, 运维经验",6-7K,杭州,,2026-06-02 14:49:26
b67f54366990371f0nB43Nm6GVZZ,高级运维工程师,云深处科技,500-999人,人工智能,本科,3-5年,"系统运维, 运维开发/DevOps, Java, Python/Shell, Redis, Docker, Kubernetes, 计算机相关专业, 通信相关专业, 运维经验, 运维开发经验, 大数据运维经验",15-25K·14薪,杭州,,2026-06-02 14:49:26
5570eb92adc692cb0nd52dW6ElFY,高级运维开发工程师,杭州耘擎智联科技,100-499人,互联网,本科,5-10年,,10-15K,杭州,,2026-06-02 14:49:26
4397f50546e75afc1X1629W8GFdT,运维工程师,国能信控,500-999人,信息安全,大专,1-3年,"桌面运维, 网络运维, 系统运维, 计算机相关专业, 运维经验, 网络安全相关经验",8-10K,杭州,,2026-06-02 14:49:26
59681e78eeb56f8003J9096_FFVV,系统运维工程师,浙江合恒,20-99人,计算机软件,大专,3-5年,"Docker, 系统运维, 计算机相关专业",15-20K,杭州,,2026-06-02 14:49:26
9b054992b79f81610nB_2dq_ElVV,PDM系统运维实施工程师 016,云尖信息技术,1000-9999人,计算机硬件,本科,经验不限,PDM/PLM,10-15K,杭州,,2026-06-02 14:54:35
6c5e9247390ce7641XJz0t6_FlpT,客户支持/运维工程师,保融科技,1000-9999人,计算机软件,本科,1-3年,"实施交付运维, 财务资金, Linux系统, 客户支持, 系统运维, 技术支持, 计算机相关专业, 网络安全相关经验, 运维经验, 应用运维",10-15K·14薪,杭州,,2026-06-02 14:54:58
c5dee4273ec759560ndy2Nu4FlRR,财务系统信息化运维岗,绿城服务,1000-9999人,生活服务(O2O),本科,3-5年,,7-10K,杭州,,2026-06-02 14:54:58
31899ddeb4bd20fd0nd929q8GVJT,运维工程师-（杭州银行）,易诚互动,1000-9999人,互联网,本科,5-10年,"运维开发/DevOps, 系统运维, MySQL/Oracle, 资金结算, 银企直连, 银行运维经验, 金蝶用友实施项目, 浙江保融科技工作经历",14-15K,杭州,,2026-06-02 14:55:18
550727a400ed9d6a0nd50tq8E1JX,运维工程师,联运环境工程股份,1000-9999人,环保,本科,5-10年,"运维服务, DBA, Docker, MySQL/Oracle, 系统运维, k8s, 运维工程师, 运维开发/DevOps, 中级运维, 运维经验",12-15K,杭州,,2026-06-02 14:55:18
2e1161989c5294a90nRz3t-6FlFW,运维工程师,优财云链,100-499人,计算机软件,本科,3-5年,"Nginx, 通信相关专业, Docker, MySQL/Oracle, 系统运维, k8s, 计算机相关专业, 运维经验",9-14K,杭州,,2026-06-02 14:55:18
6e20dae4ac91539903B539-5ElFV,运维工程师,杭州联发管业科技,100-499人,金属制品,大专,3-5年,,6-11K,杭州,,2026-06-02 14:55:18
03553a56582007800nB_29m7GFZY,AI智能体运维工程师,华苏科技,1000-9999人,互联网,本科,3-5年,"Kubernetes, AI智能体, Dify, n8n, OpenClaw",12-16K,杭州,,2026-06-02 14:55:18
cebf078f1b395dec03xy2tm1E1NV,系统运维专员,启迪城服杭州项目,100-499人,环保,大专,1-3年,"系统运维, Java, MySQL/Oracle, 计算机相关专业, 运维经验, 运维开发经验",7-10K,杭州,,2026-06-02 14:55:38
e2cb6d18bc1319560nB439S7GVFX,应用运维工程师,质子科技,100-499人,互联网,大专,3-5年,"系统运维, Nginx, Redis, MySQL/Oracle, 计算机相关专业, 运维经验",7-12K,杭州,,2026-06-02 14:55:38
14b4896c19aa2f220nd83Ny0FVFZ,交易系统运维工程师,同余信科,100-499人,计算机软件,本科,5-10年,,18-35K·14薪,杭州,,2026-06-02 14:55:38
80656a15068fde1b1HB-3Ny6FltZ,运维工程师,华为,10000人以上,计算机软件,本科,1-3年,"实施交付运维, 系统运维, 运维开发经验, Python/Shell, 计算机相关专业, 运维经验",12-24K,杭州,,2026-06-02 14:56:00
20a7b3e4476375bb03N90928FldV,中高级运维工程师,诚云科技,500-999人,互联网,本科,1-3年,"桌面运维, 网络运维, 系统运维, DBA, 运维开发/DevOps, Java, Python/Shell, Docker, Kubernetes, MySQL/Oracle, 计算机相关专业, 运维经验, 运维开发经验",13-25K·15薪,杭州,,2026-06-02 14:56:00
0e8c6c75d2e8eab70nB70ty5GFFV,运维工程师,杭州浙大启真未来...,20-99人,大数据,本科,1-3年,,9-12K·13薪,杭州,,2026-06-02 14:56:00
2e6ca82676bb32f00nd80t66GFpU,驻点网络运维工程师,杭州希益丰,20-99人,计算机服务,本科,1-3年,,5-6K·13薪,杭州,,2026-06-02 14:56:23
8c131562ca3d1db60ndz3d6_GFNW,线上运维工程师,棠联科技,100-499人,进出口贸易,本科,5-10年,"Java, Docker, 系统运维, 运维开发/DevOps, 运维开发经验, Python/Shell, 计算机相关专业, 电子/电气/自动化相关专业, 运维经验",20-25K·15薪,杭州,,2026-06-02 14:56:23
c6821adde8f88fa00nZ50tS6FFJX,实施运维工程师-福州上班,嘉为科技,500-999人,计算机服务,本科,1-3年,"Nginx, 实施交付运维, MySQL/Oracle, Docker, Redis, Kubernetes",7-12K,杭州,,2026-06-02 14:56:23
c1b505a0f2f366f11Xdz3tq1FltV,云平台运维工程师,杭州康颐瑾元科技,0-20人,互联网,大专,3-5年,"网络运维, 系统运维, IDC机房运维, 运维经验, 网络安全相关经验, 计算机相关专业",8-13K·13薪,杭州,,2026-06-02 14:56:45
f7a11acd9bc0fb460nB42N61FlFT,运维工程师,国安信息科技,100-499人,计算机软件,本科,1-3年,"系统运维, Python/Shell, MySQL/Oracle, Docker, Kubernetes, Redis, 计算机相关专业, 运维经验",7-9K,杭州,,2026-06-02 14:56:45
54495c469244105903d909i6GFRY,运维工程师,特睿德弗,100-499人,互联网金融,本科,5-10年,"网络运维, 大数据运维经验, 运维开发/DevOps, Python/Shell, 计算机相关专业, Kubernetes",20-35K·16薪,杭州,,2026-06-02 14:57:07
40e33fe95a964a400nB-2t6-GVVX,运维工程师,中至数据集团,100-499人,计算机软件,本科,1-3年,"MySQL/Oracle, 系统运维, Redis, Python/Shell, 计算机相关专业",15-25K,杭州,,2026-06-02 14:57:07
1cec3bb3587d93350nR62dW4F1VR,it运维工程师（英语）,朗新科技,1000-9999人,计算机软件,本科,5-10年,"系统运维, 桌面运维",13-20K,杭州,,2026-06-02 14:57:29
f225acbb245caf790ndz0t68E1FR,交易系统运维工程师,某大型计算机软件公司,100-499人,计算机软件,本科,3-5年,,20-30K·14薪,杭州,,2026-06-02 14:57:29
9be807843c5bb71f0nB-39i8F1BU,杭州-java运维工程师,中金,20-99人,互联网,本科,3-5年,"系统运维, 实施交付运维, Java, Redis, 计算机相关专业, 运维开发经验, Jenkins, 融资租赁",7-12K,杭州,,2026-06-02 14:57:29
99f782e911b733da0nV83t2-FFpV,oa运维工程师,卉曼科技,100-499人,计算机软件,大专,1-3年,"系统运维, 泛微OA",8-10K,杭州,,2026-06-02 14:57:29
261050005073b0ab1n1-3tu5E1RV,IDC运维工程师,中通服,10000人以上,互联网,大专,经验不限,"系统运维, 服务器配置, 网络交换技术",5-8K,杭州,,2026-06-02 14:57:50
30cbda950508cda90nZ42Nm0ElFR,大数据平台运维工程师,吉利研究院,10000人以上,汽车研发/制造,本科,5-10年,"flink运维, 可观测, 大数据运维经验, devops, 稳定性保障, 技术支持",15-30K,杭州,,2026-06-02 14:57:50
e188ffbf1e643f951nN809W-GFo~,计算机运维工程师,浙江存远信息,0-20人,计算机服务,大专,1-3年,系统运维,4-5K,杭州,,2026-06-02 14:57:50
68163ff8cc18d9d81HBz3du0EFZR,远程运维工程师,杭州新生纪智能科技,100-499人,智能硬件,大专,,"系统运维, 桌面运维",150-200元/天,杭州,,2026-06-02 15:02:57
a049d4490b034c410nVz29u9GFBY,系统运维工程师  余杭 双休 有经验,瑞检软件,20-99人,计算机软件,本科,1-3年,,6-8K,杭州,,2026-06-02 15:03:17
7ce5634d733743c10ndy2N26EVJS,运维工程师(DevOps方向）,杭州海智拓信息科技,10000人以上,企业服务,本科,3-5年,"实施交付运维, 通信相关专业, Docker, MySQL/Oracle, 系统运维, devops, 运维开发/DevOps, 运维开发经验, 计算机相关专业, 运维经验, docker",10-14K,杭州,,2026-06-02 15:03:17
0fc37d9b15f61f8a031409--E1pQ,系统运维工程师,金麦子,0-20人,财务/审计/税务,本科,1-3年,MES,11-15K·15薪,杭州,,2026-06-02 15:03:17
78a331e06572a4e70nd-3t27F1ZY,系统运维工程师,三一谦成,20-99人,计算机软件,本科,1-3年,,8-12K,杭州,,2026-06-02 15:03:38
4716878075fdf9ca0nB-0tq_EFpQ,公有云运维工程师,字节跳动,10000人以上,互联网,本科,经验不限,,25-50K·15薪,杭州,,2026-06-02 15:03:38
edf38bc2f702c7b50nV_3tq8FVBZ,高级/资深运维工程师,涂家智能,20-99人,物联网,大专,5-10年,"系统运维, Kubernetes, Docker, elk",20-40K·13薪,杭州,,2026-06-02 15:03:57
6f8044b7053554920ndy3du6ElJZ,运维系统后台研发,杭州嘉荣景晟,20-99人,企业服务,学历不限,5-10年,,6-10K,杭州,,2026-06-02 15:03:57
bc0653ba5826648f0nd92ty6FFpU,AI 算力平台高级运维工程师,路明星光,100-499人,互联网,本科,3-5年,,25-40K,杭州,,2026-06-02 15:04:40
6281745596d7788803dy3dq0FFFX,系统运维工程师,浙江万鼎云科技,20-99人,人工智能,大专,1-3年,,5-10K,杭州,,2026-06-02 15:04:40
6e223cc6fb5886fc0nB-2tu-E1ZU,大数据运维工程师,杭州马太,20-99人,计算机软件,大专,1-3年,"网络运维, 系统运维, IDC机房运维, 运维开发/DevOps, 计算机相关专业, 通信相关专业, 运维经验, 运维开发经验, 大数据运维经验",7-10K,杭州,,2026-06-02 15:04:40
f02affdb563d81960nV92tq5FlNV,区块链运维工程师,滨江杭州高新区区...,100-499人,非营利组织,本科,3-5年,,15-25K,杭州,,2026-06-02 15:05:00
877da7894cbe97020nZ_2925GVJS,云平台运维工程师,闪铸三维,1000-9999人,仪器仪表,本科,3-5年,"运维开发/DevOps, Kubernetes, Docker, Nginx, MySQL/Oracle, Python/Shell, 计算机相关专业, 通信相关专业, 运维经验, 网络安全相关经验, 运维开发经验",11-20K,杭州,,2026-06-02 15:05:00
b288ce01597862320ndz3Ni5FlNU,HRIS运维工程师-外包岗位,神州通誉,1000-9999人,计算机软件,本科,5-10年,"SAP, SF, EC, ECP",15-16K,杭州,,2026-06-02 15:05:00
f4cec123d9bb12183nN92N-7FVA~,信息系统运维人员,久鼎供应链,20-99人,其他专业服务,大专,经验不限,"运维, 运维工程师, IT技术支持",5-6K·15薪,杭州,,2026-06-02 15:05:20
45ab96f2ff5d08020nB62di9E1VY,业务运维工程师（财务中台方向）,佰聆数据,1000-9999人,互联网,本科,3-5年,,10-14K,杭州,,2026-06-02 15:05:20
ce21c2569b03afc80nVy2960ElJV,高级运维工程师,杭州肃羽科技有限公司,20-99人,计算机软件,本科,5-10年,,11-13K,杭州,,2026-06-02 15:05:41
95391db0f309245d0nd63tS6FlVW,运维工程师,金域医学,1000-9999人,医疗健康,本科,1-3年,"网络运维, 桌面运维, 系统运维, IDC机房运维, 计算机相关专业",7-9K,杭州,,2026-06-02 15:05:41
c77ff06fd02797190nZ529W6EVZQ,交付运维工程师,无限光年,100-499人,计算机软件,本科,3-5年,,25-50K·16薪,杭州,,2026-06-02 15:05:41
744d87d78febb03a03B629y9F1BU,运维工程师,诺领,20-99人,计算机软件,本科,1-3年,"网络运维, Nginx, 系统管理, 实施交付运维, 自动化部署, 系统运维, 运维开发经验, Redis, 计算机相关专业",10-15K,杭州,,2026-06-02 15:06:04
1b3d0d76f9e3b6040nB-2Ni1FltT,系统运维,杭州春客网络科技,1000-9999人,电子商务,大专,3-5年,"系统运维, IDC机房运维, 计算机相关专业",8-10K,杭州,,2026-06-02 15:11:12
3e8c9b9a4874fc510nB_2N6-E1VY,服务器运维工程师,众为云启,20-99人,计算机软件,大专,1-3年,"通信相关专业, 系统运维, 计算机相关专业, 运维经验",6-7K,杭州,,2026-06-02 15:11:12
c9e3f6185d2560c803Bz29W9ElVR,大数据运维工程师,数新智能,100-499人,互联网,本科,3-5年,"Ansible/Salt/Puppet, Python/Shell, 计算机相关专业",15-25K,杭州,,2026-06-02 15:11:12
8f0f8388997f76900nd_0tq4GFJS,软件运维工程师（SRM系统、ERP系统经验）,融至兴科技,100-499人,互联网,大专,1-3年,,5-8K,杭州,,2026-06-02 15:11:32
63dd5b6ad6737caa03Z829-8EVRV,系统运维工程师,赞嘉数码,20-99人,其他专业服务,本科,3-5年,"Erp, Oa, 软件工程师, mes, Oracle",12-15K·15薪,杭州,,2026-06-02 15:11:53
15fb0dfd93ac2e7d0nB-39W_ElRY,交易系统运维工程师,某大型计算机软件公司,100-499人,计算机软件,本科,3-5年,,20-30K,杭州,,2026-06-02 15:11:53
8c9781fde22e187c0nV729-_F1RZ,金碟erp运维工程师,浙江可优比母婴用品,100-499人,电子商务,大专,1-3年,"实施交付运维, 系统运维, 运维开发经验, 计算机相关专业, 运维经验",6-8K,杭州,,2026-06-02 15:11:53
c00f6c2bcb889b740nB_3N--E1RS,实施运维工程师（医疗）,润和软件,10000人以上,互联网,本科,3-5年,"系统运维, Python/Shell",10-13K,杭州,,2026-06-02 15:11:53
50011ad69c5c4e630nR92Ny_FVJZ,系统运维主管,杭州归和中医健康管理,100-499人,保健/养生,大专,5-10年,"实施交付运维, 大数据运维经验, 系统运维, 运维开发经验, 网络安全相关经验",10-15K,杭州,,2026-06-02 15:12:15
2ccd9bf32f6ecdae0ndy3tq6E1tR,运维工程师,杭州蓝盾国际安保...,20-99人,计算机软件,本科,经验不限,,12-14K,杭州,,2026-06-02 15:12:15
6d8a82bbf0808f681H193d64EFBS,系统运维工程师(校招） (MJ000294),金卡股份,1000-9999人,智能硬件,本科,在校/应届,"系统运维, Java, 运维开发经验",7-10K,杭州,,2026-06-02 15:12:15
cc1fe59c7ef7857f1HZ83Ny8E1NW,系统实施运维工程师,浙江翎鹿数智科技,0-20人,计算机软件,本科,1-3年,"实施交付运维, MySQL/Oracle, 系统运维, Python/Shell, 运维经验",6-9K,杭州,,2026-06-02 15:12:35
d2cbdf968b8d9e3e0nZ-3di8EVBR,系统运维专员（接受优秀应届生）,亚源,100-499人,进出口贸易,本科,经验不限,"系统运维, 运维开发经验, 大数据运维经验, 管理软件实施",6-8K,杭州,,2026-06-02 15:12:35
b13a1efc311502950nd709i7GFJZ,运维工程师,每日互动,500-999人,互联网,本科,在校/应届,"Golang, 网络运维, 通信相关专业, 运维开发/DevOps, 桌面运维, Python/Shell, 计算机相关专业, 电子/电气/自动化相关专业, Docker, 大数据运维经验, 系统运维, 运维开发经验, Kubernetes",10-15K·15薪,杭州,,2026-06-02 15:12:35
9a3dbc52adda103f0nB53Nu7FFVR,高级运维工程师,某知名计算机软件公司,1000-9999人,计算机软件,本科,经验不限,"IDC机房运维, 运维开发/DevOps, 系统运维, Python/Shell, 服务器运维, SRE运维, GitHub",30-40K·14薪,杭州,,2026-06-02 15:12:35
a9817c845abedb050nR_39i_FFtV,系统运维兼职,聚货易购,20-99人,电子商务,学历不限,经验不限,,2000-3000元/月,杭州,,2026-06-02 15:12:35
715b2fcc1ca1d68803N939S4FVVU,高级系统运维专员,浙江大华,10000人以上,互联网,本科,5-10年,"IDC机房运维, 系统运维, 计算机相关专业",10-12K,杭州,,2026-06-02 15:12:35
f2c1d8ef3c6be6f903N43NS1EFBW,运维工程师,杭州东恩科技有限公司,0-20人,计算机服务,本科,5-10年,"Nginx, Java, 网络运维, 系统运维, Redis, 桌面运维, 计算机相关专业, Python/Shell, 网络安全相关经验",5-8K·13薪,杭州,,2026-06-02 15:12:57
6c01f411c624bda70nB62Nu4GFJZ,软件/网络运维工程师,霖昀科技,20-99人,计算机软件,本科,经验不限,,7-8K·13薪,杭州,,2026-06-02 15:12:57
b6794d602d8865b303V-0927FVJV,系统运维工程师,德睿智药,20-99人,生物/制药,本科,1-3年,,12-15K,杭州,,2026-06-02 15:12:57
357c9461b070760b0nB73NS6FlBS,crm运维工程师,四川准达,1000-9999人,通信/网络设备,本科,3-5年,"运维开发/DevOps, 运维经验",10-15K,杭州,,2026-06-02 15:12:57
ebe6c5312d4bbf350nd60tW5FVZY,运维工程师,聚宠科技,100-499人,电子商务,本科,3-5年,,8-12K,杭州,,2026-06-02 15:12:57
1a7003de55d7a4141XB93N2_E1BZ,技术支持工程师,杭州华思,20-99人,计算机软件,本科,1年以内,"系统运维, 计算机相关专业, 通信相关专业",8-10K,杭州,,2026-06-02 15:13:17
091d6f223bd8f11d03J73Ni-FlFR,it工程师,聚融医疗,100-499人,医疗器械,大专,经验不限,"桌面运维, 网络运维, 系统运维, IDC机房运维, 网络安全相关经验, 运维经验",6-10K·14薪,杭州,,2026-06-02 15:13:17
0303dcf2ed6c25c60nZ73NW9ElBR,IT工程师,杭州万维认证,100-499人,检测/认证/知识产权,本科,3-5年,"OA, 二次开发, 网络, 系统运维, 运维开发经验, 服务器, 泛微",11-17K·13薪,杭州,,2026-06-02 15:13:17
78d740a4e656568c0nB42dW6EVZQ,安全运维工程师,杰峰,500-999人,通信/网络设备,本科,1-3年,"大数据运维经验, 网络安全相关经验, 计算机相关专业, 通信相关专业, 渗透测试",10-12K,杭州,,2026-06-02 15:13:17
c25fc25ee58ef6cc0ndy39W5FVNX,AIGC技术运维工程师,云爻文化,20-99人,广播/影视,本科,10年以上,"影视（B端）级ERP项目, 系统运维, Python/Go/Shell, Python/Shell, 计算机相关专业, Linux 系统专家, Home Lab, AI技术",10-15K,杭州,,2026-06-02 15:13:17
6ac8c22c3ed9929a1nB809i6GVBW,高级系统运维工程师,江山欧派,1000-9999人,其他制造业,本科,3-5年,"安全运维, 系统运维, Linux, Windows, 服务器配置, VMware, 自动化运维, 虚拟化运维",10-13K,杭州,,2026-06-02 15:13:17
d39b7604df8ce5910nV709S5FFFS,信息安全与运维工程师,派迩,100-499人,计算机软件,本科,1-3年,,12-18K,杭州,,2026-06-02 15:13:17
958f8dc9005c74df0nB72du9F1NQ,网吧运维工程师,凡尔电竞,0-20人,其他行业,大专,3-5年,"网络运维, 系统运维, 计算机相关专业, 运维经验, 大数据运维经验",10-15K,杭州,,2026-06-02 15:13:39
70f12aacd252ff870nB-2du1FFNT,运维工程师,安信易达,20-99人,计算机软件,本科,5-10年,"系统运维, Docker, 运维经验, 运维开发经验",11-16K,杭州,,2026-06-02 15:13:39
14c4dbd8358081111nJ-3t2-ElBR,系统运维工程师,百世技术,1000-9999人,企业服务,本科,1-3年,系统运维,7-10K,杭州,,2026-06-02 15:13:39
44efd91647e428a50nZy39i4FldR,中高级系统运维工程师,中材邦业,100-499人,智能硬件,本科,3-5年,"Nginx, Docker, Ansible/Salt/Puppet, 系统运维, Python/Shell, 运维经验, Kubernetes",12-15K·14薪,杭州,,2026-06-02 15:13:39
b43a42d9be4524d11H172ti_ElNZ,储能调试运维工程师,杭州柯林新能源,20-99人,储能,本科,1-3年,"硬件, 系统运维, 电子/电气/自动化相关专业, 运维经验",10-15K·13薪,杭州,,2026-06-02 15:14:00
84b8e6d3cc14bb4c1H1_0t68FlNU,运维工程师,浙江码上智慧科技,20-99人,计算机软件,大专,1-3年,"网络运维, 实施交付运维, 大数据运维经验, 系统运维, 计算机相关专业, 运维经验",4-6K,杭州,,2026-06-02 15:14:00
54d47a462e393fe01HZ70t2_E1VS,运维工程师,海康威视,10000人以上,计算机软件,本科,1-3年,"系统运维, Docker",15-20K,杭州,,2026-06-02 15:14:00
14de0829e6499e840nV53dy8EVVX,运维工程师,益加益,100-499人,电子商务,本科,3-5年,"系统运维, 实施交付运维, Java",10-12K,杭州,,2026-06-02 15:14:00
917fbbe335825e4d1H153t6-EVZU,sre运维工程师,华为,10000人以上,计算机软件,本科,1-3年,"Golang, 网络运维, Java, 系统运维, 运维开发/DevOps, 运维开发经验, Python/Shell, 计算机相关专业, 运维经验",20-40K,杭州,,2026-06-02 15:14:00
86830b4e462225590nR93du0FFJR,运维工程师,新想象,500-999人,批发/零售,大专,1-3年,"Java, MySQL/Oracle, 系统运维, 运维开发/DevOps, 实施交付运维",9-14K,杭州,,2026-06-02 15:14:21
dec21ca4df7ad2441HF83921EVpU,运维工程师,非球科技,20-99人,计算机软件,大专,经验不限,"实施交付运维, 系统运维, 运维经验",4-7K,杭州,,2026-06-02 15:14:21
9178d1d70d119b640nV-2dS1GFBZ,软件运维工程师,鼎永科技,20-99人,互联网,本科,3-5年,"网络运维, 实施交付运维, 大数据运维经验, 系统运维, 计算机相关专业, 网络安全相关经验, 运维经验",8-13K,杭州,,2026-06-02 15:14:21
a527be200c9d381b1X172ty9F1BW,运维工程师,杭州卓信,20-99人,工程施工,学历不限,3-5年,"网络运维, 系统运维, 电子/电气/自动化相关专业, 通信相关专业, 网络安全相关经验, 弱电智能化",6-8K,杭州,,2026-06-02 15:14:21
c2159982869209140nV739m9FlpQ,运维工程师（偏网络与安全）,华智传媒,20-99人,广告营销,本科,10年以上,"网络运维, Docker, 系统运维, 网络安全相关经验, 运维经验, Kubernetes",20-40K,杭州,,2026-06-02 15:14:21
15e7b29eaf5b6b251H162d2_FlBV,OA运维工程师,五星,1000-9999人,金属制品,大专,1-3年,"系统运维, 运维开发/DevOps",7-9K,杭州,,2026-06-02 15:14:21
09fbfa5ad1c2d9c00nd839m7FFJZ,实施运维工程师,深圳易宝软件有限公司,1000-9999人,计算机软件,大专,3-5年,"实施交付运维, MySQL/Oracle, 运维经验, 大数据运维经验",14-16K,杭州,,2026-06-02 15:19:29
b4885305ecf2e8910nZ52dm-EVBS,系统运维,诚品科技,20-99人,计算机软件,本科,3-5年,,10-15K·13薪,杭州,,2026-06-02 15:19:50
dfb076381165fe850nZy09m6FlVW,erp系统运维工程师,纹美科技,100-499人,电子商务,本科,3-5年,"系统运维, 计算机相关专业, 运维经验",9-13K,杭州,,2026-06-02 15:20:11
4ee189aa070a655303x-3d-0EVFT,服务器运维工程师,杭州泓德精实,20-99人,计算机服务,本科,经验不限,"实施交付运维, 算力服务器, 系统运维, Linux , Python/Shell, 运维经验, IDC机房运维, 物联网相关专业",4-7K,杭州,,2026-06-02 15:20:52
83df6ac3e7a9174d0ndz2t65E1FW,系统运维工程师,浙江正凯集团,1000-9999人,其他行业,本科,3-5年,"实施交付运维, 系统运维",8-13K,杭州,,2026-06-02 15:20:52
924ae58483d91bed0ndy3N29F1dQ,运维工程师,老爸评测,100-499人,互联网,本科,5-10年,"Kubernetes, Docker, Python/Shell, Ansible/Salt/Puppet, Prometheus, Ansible, 存储, 阿里云/AWS, 自动化运维",15-25K·16薪,杭州,,2026-06-02 15:21:14
5d32867051ed96dd0nd40ty4ElpW,IT运维副主管工程师,三花控股集团,10000人以上,通用设备,大专,1-3年,"桌面运维, 网络运维, 系统运维, 计算机相关专业, 运维开发经验, 运维经验, 网络安全相关经验, 打印机/复印机维修经验",6-8K,杭州,,2026-06-02 15:21:14
1cbb12b16bb812350ndz0ty_EFdR,运维工程师,某大型计算机软件公司,100-499人,计算机软件,本科,3-5年,"系统运维, 计算机相关专业, 运维经验, 运维开发经验, 金融运维开发, 港美股交易运维, 衍生品系统运维, 自动化运维, 低延迟运维",15-30K,杭州,,2026-06-02 15:21:33
85b6c47e85b1ae4e03x909i-E1dU,运维工程师,中控西子,100-499人,仪器仪表,本科,3-5年,"网络运维, 系统运维, 运维开发/DevOps, 运维开发经验, 计算机相关专业, 运维经验",8-10K·13薪,杭州,,2026-06-02 15:21:56
a40cfe2ed45bca080nB_2t60GFBY,运维工程师,云裳羽衣,100-499人,电子商务,本科,3-5年,,12-18K,杭州,,2026-06-02 15:21:56
2bf6376a2a7229390nR639W_FVpT,高级IT运维工程师,深度求索,100-499人,互联网,本科,3-5年,,20-40K·14薪,杭州,,2026-06-02 15:27:27
4a572e7a4b59a5bc1HB829m0EVBX,中级系统运维工程师,华正新材,1000-9999人,新材料,本科,3-5年,"系统运维, 计算机相关专业, 运维经验, Mes, 制造业",10-13K,杭州,,2026-06-02 15:27:49
51ae9e6b393d93401nV92ty1F1RZ,运维工程师,杭州物点网络,20-99人,计算机软件,大专,1-3年,"系统运维, Redis, 安全运维, 大数据运维, SQL",8-13K·13薪,杭州,,2026-06-02 15:28:49
80e29c17913ef1031XN92du6FVQ~,金蝶软件服务工程师,晨马,20-99人,计算机软件,本科,5-10年,"金蝶服务工程师, 金蝶售后服务, ERP, 实施交付运维, MySQL/Oracle, 系统运维, 运维工程师, 运维开发经验, 计算机相关专业, 运维经验, 运维开发, SQL",8-13K,杭州,,2026-06-02 15:28:49
e3132da935ed2a130nd82Ny5FVRR,系统运维工程师,明月华炎,100-499人,通信/网络设备,本科,3-5年,,12-16K,杭州,,2026-06-02 15:34:02
7f67287a7323fbf80nB_09W-FlNW,运维工程师,新致软件,1000-9999人,计算机软件,大专,3-5年,"系统运维, Kubernetes",11-13K,杭州,,2026-06-02 15:34:02
1a0285540739358a1Xxy3NW7FlFR,软件运维工程师（NC核算系统）,仁享软件,20-99人,计算机软件,大专,3-5年,MySQL/Oracle,6-11K,杭州,,2026-06-02 15:34:22
8439b5134898065803Jy09u6FVNX,k8s运维工程师（讲师）,杭州文域科技服务,20-99人,其他生活服务,本科,3-5年,"职业培训班, Nginx, 团队管理经验, MySQL/Oracle, Docker, 线下实训, 普通话标准, Python/Shell, 计算机相关专业, Kubernetes",22-40K,杭州,,2026-06-02 15:34:22
6d5e6e10af6ad4310nB63t67FlNV,资金系统运维开发,物产中大数科,20-99人,企业服务,本科,3-5年,"Java, Spring, Nginx, SpringCloud, MyBatis, Zookeeper, MySQL, Redis, Oracle, MongoDB, 分布式经验, 不接受居家办公, 资金系统",13-16K,杭州,,2026-06-02 15:35:06
28cae8d9101ae21c1HZ43ty5FlVT,运维工程师,诺领,20-99人,计算机软件,本科,1年以内,"网络运维, 系统运维, 实施交付运维, Python/Shell, Nginx, Redis, 运维, linux, 哨兵",6-11K,杭州,,2026-06-02 15:35:49
09e9e1fdfa8b91430nd53Nu6ElBT,运维工程师,晨宇,20-99人,餐饮,大专,3-5年,"网络运维, Nginx, 通信相关专业, MySQL/Oracle, 系统运维, 独立完成过系统建设, Python/Shell, 计算机相关专业, 网络安全相关经验, 运维经验, 打印机/复印机维修经验",8-9K,杭州,,2026-06-02 15:36:31
1b5810fccc1ac7f70nd40ti7EVpT,集群运维工程师,远和资产,20-99人,基金,本科,5-10年,,30-40K,杭州,,2026-06-02 15:36:31
0faf4e210417b9c903Ny3N2_EFpW,运维工程师,CityDO,100-499人,计算机软件,本科,3-5年,"网络运维, Java, Docker, Python/Shell",11-20K,杭州,,2026-06-02 15:36:51
8140374a0da5be6e0nVz09-5FFtU,运维工程师,杭州三卓智能科技,0-20人,通信/网络设备,学历不限,1-3年,监控维修、门禁维修、弱电系统集成维护,6-9K,杭州,,2026-06-02 15:37:12
28bb5bba7b5677180nB53tu6FlpW,数据开发运维工程师,杭州衡美,500-999人,医疗健康,本科,1-3年,,11-15K·14薪,杭州,,2026-06-02 15:43:43
8c50a535a41f06da0nZ_39W1FVZS,运维工程师,古茗茶饮,1000-9999人,批发/零售,本科,5-10年,,20-30K·14薪,杭州,,2026-06-02 15:45:07
d0be9b1c48695f2a0nB52929FFpS,政务云运维工程师,惠恒科技,20-99人,其他行业,本科,3-5年,,8-10K,杭州,,2026-06-02 15:45:07
a83506c200efb1c21HB63tW9F1RT,软件运维工程师,唐古信息,20-99人,互联网,本科,1年以内,"系统运维, Java, MySQL/Oracle, 计算机相关专业, 自动化部署, Linux, Shell",6-9K,杭州,,2026-06-02 15:45:28
bfc1d3c5311ea9600nB_3d67FFFU,运维工程师,匠制科技,20-99人,计算机软件,本科,1-3年,,5-8K,杭州,,2026-06-02 15:45:28
3dc253365f0ecb0d1n193d-6GFZR,设备运维工程师,泰北科技,20-99人,环保,大专,1-3年,系统运维,10-13K,杭州,,2026-06-02 15:45:28
81abd386c58edce303N-3dy9GFVW,云运维工程师-公有云,吉利控股集团,10000人以上,汽车研发/制造,本科,5-10年,"Docker, 云原生运维, CI/CD, 公有云, Python/Shell, 运维经验, AWS, Kubernetes",20-40K·15薪,杭州,,2026-06-02 15:49:35
bf07608bdeb1973203B_2du_GVZX,驻场系统运维工程师,银信科技,1000-9999人,计算机软件,大专,3-5年,"系统运维, 计算机相关专业, Linux, VMware",8-10K,杭州,,2026-06-02 15:49:57
d8e84e4ed3b3cff10nV73NW7GVtS,系统运维工程师（招聘公司中国软件）,杭州禾兑网络科技,20-99人,互联网,本科,5-10年,"DBA, 系统运维, 计算机相关专业",5-10K·13薪,杭州,,2026-06-02 15:49:57
ef0568d3cc4dcefe03B72Ni1GVdT,系统运维工程师,网易,10000人以上,互联网,本科,3-5年,,15-25K·16薪,杭州,,2026-06-02 15:51:42
26b9d7837cfba12d1nR80tq_GFNZ,运维工程师,祥泰云服务,0-20人,智能硬件,中专/中技,1-3年,"系统运维, 运维监控, 桌面运维, IT技术支持, 网络运维, 监控技术员, 弱电工程人员",5-10K,杭州,,2026-06-02 15:51:42
92cf9e4c6b86bfd50nB_2dq_FlZS,冷冻机组、空压机运维工程师,中天数科,0-20人,物联网,大专,1-3年,"空压机, 空调冷冻机组",8-10K,杭州,,2026-06-02 15:51:42
3b955c0a7cc9e8430nR43ty0FVJR,大数据平台运维工程师,杭州无问硅一科技,20-99人,计算机软件,本科,3-5年,,20-30K·15薪,杭州,,2026-06-02 15:52:03
cc6de1cfa2d241f21HFz29W4FFdZ,交付运维工程师,阿里云,10000人以上,互联网,本科,3-5年,"系统运维, 实施交付运维, Python/Shell, Docker, Kubernetes, 计算机相关专业, 运维经验, 网络安全相关经验",11-18K·13薪,杭州,,2026-06-02 15:52:03
97a54a4ea54d382e1n1y2Nq9FVRR,系统运维工程师,大集,0-20人,其他生活服务,本科,1-3年,"数据库运维, 系统运维, 安全运维, Linux, Windows, Python, Shell",7-9K,杭州,,2026-06-02 15:52:24
0e2fef89eba57ac40nR-3Ni4E1pU,电力运维工程师,亦岂科技,20-99人,其他专业服务,本科,经验不限,"系统运维, 计算机相关专业, 电子/电气/自动化相关专业",5-7K,杭州,,2026-06-02 15:52:24
83414f3b70e21d230nZ829i6EFBX,平台运维工程师,数犀,20-99人,计算机软件,本科,3-5年,"Nginx, 实施交付运维, Docker, 系统运维, 运维开发/DevOps, Python/Shell",10-12K,杭州,,2026-06-02 15:52:24
dc1edf25bf61d2f00nB629y_E1ZQ,运维工程师,培慕,20-99人,咨询,本科,3-5年,"网络运维, 系统运维, 运维开发/DevOps, 实施交付运维, 运维开发经验, 运维经验, 网络安全相关经验, 信创项目",11-20K,杭州,,2026-06-02 15:52:47
ead59c7611a8bbf30nd93Nq_EVBR,运维实施工程师（杭州）,百恩特自动化科技,100-499人,计算机软件,本科,3-5年,"网络运维, Nginx, 实施交付运维, MySQL/Oracle, Docker, 系统运维, linux, Redis, 计算机相关专业, 网络安全相关经验, 运维经验, Kubernetes",10-14K,杭州,,2026-06-02 15:52:47
c633c1b5b6481d5f03F429W9FlVQ,运维工程师,京新药业,1000-9999人,医疗健康,本科,3-5年,"桌面运维, 系统运维, IDC机房运维, 计算机相关专业, 运维经验",9-11K·13薪,杭州,,2026-06-02 15:52:47
22ec0ab7db91b6b90nB-3N60FFVV,运维工程师,金政融合,0-20人,物联网,大专,1-3年,"实施交付运维, 系统运维, 计算机相关专业, 电子/电气/自动化相关专业",6-8K,杭州,,2026-06-02 15:52:47
1afc3d34c6aad00c03Z62Nm9FFZS,云网络运维工程师（外包岗位）,阿里巴巴集团,10000人以上,互联网,本科,3-5年,"网络运维, 实施交付运维, 运维开发经验, Python/Shell, 网络安全相关经验, 运维经验",10-15K,杭州,,2026-06-02 15:52:47
772378d6e43b9f440nZ_2NS4F1JU,大数据运维工程师（数据平台运维）,亚古,20-99人,互联网,本科,3-5年,,10-15K,杭州,,2026-06-02 15:52:47
73b4b5494492ed290nB_29m5F1VR,运行工程师,华通云数据,100-499人,互联网,大专,1-3年,"CCNA证书, Linux, 系统运维, 网络协议, CCNP证书, ACP, RHCE, HCNA",5-6K·14薪,杭州,,2026-06-02 15:52:47
a18b3f00440c9a6f1nJ40tS0FVpT,运维工程师,圣辰科技,0-20人,计算机软件,大专,1-3年,"系统运维, 医院，医药公司系统, SQL, Windows, his系统, erp进销存",5-7K·13薪,杭州,,2026-06-02 15:52:47
a57d35dda9a9c1b933x409W9EFE~,系统运维部-应用管理岗,财通证券,1000-9999人,证券/期货,本科,3-5年,"系统运维, 应用运维",12-22K·18薪,杭州,,2026-06-02 15:57:57
2d943b0a7ccc6e920nV-0t24E1BS,高级系统运维工程师,深流科技,0-20人,互联网,大专,1-3年,,5-7K,杭州,,2026-06-02 15:59:02
d97a0b859e6296a20nZ62d-9E1dT,资深系统运维工程师,伦萨科技,20-99人,计算机服务,本科,3-5年,"系统运维, Python/Shell, Nginx, Redis, MySQL/Oracle, 计算机相关专业, 运维经验, 网络安全相关经验, 大数据运维经验, 区块链运维经验",11-15K,杭州,,2026-06-02 15:59:45
c6abebace9fd63a30nB42Nm4E1tY,运维工程师,国安信息科技,100-499人,计算机软件,本科,3-5年,"系统运维, Docker, K8S",9-14K,杭州,,2026-06-02 16:00:06
00c2bbf0aa5188201XJ529u1ElRY,高级系统运维工程师,易云科技,100-499人,互联网,本科,5-10年,"Nginx, MySQL/Oracle, 系统运维, 运维开发经验, 计算机相关专业, Python/Shell, 运维经验",20-30K,杭州,,2026-06-02 16:00:06
a083a2bda2e07b441HR82dq0FVpY,大数据运维工程师,杭州数雀科技有限公司,0-20人,大数据,本科,1-3年,"网络运维, 系统运维, 运维开发/DevOps, 计算机相关专业, 大数据运维经验",7-10K·13薪,杭州,,2026-06-02 16:00:06
cc702fa7da4ffaee0nB509y7FFVT,系统运维工程师（双休）,明月华炎,100-499人,通信/网络设备,本科,3-5年,,12-15K,杭州,,2026-06-02 16:11:33
d81cc81794dd635c1nF52dm9FVtT,软件运维工程师,云辰信息,100-499人,计算机软件,大专,3-5年,"系统运维, 数据库运维, Linux, Windows, SQL, 全职",5-9K,杭州,,2026-06-02 16:13:20
9c6afb357843639a1XV_0t60GFJZ,驻场运维工程师,智见安珂,0-20人,工程施工,大专,5-10年,"系统运维, 系统工程师, 虚拟化, 存储硬件配置",10-15K,杭州,,2026-06-02 16:13:40
409d006d15f985810nB-3dm0FltQ,Deepseek 高级网络运维工程师,某中型互联网公司,100-499人,互联网,本科,3-5年,"网络运维, 系统运维, 运维开发/DevOps, 运维经验, 运维开发经验, RDMA, DCI, 跨地域容灾, 网络监控, 可观测性",40-70K·15薪,杭州,,2026-06-02 16:14:42
5f4d035a576bfffa0nB_3Ny_FVJU,运维工程师,德明利,500-999人,半导体/芯片,本科,3-5年,,9-12K·13薪,杭州,,2026-06-02 16:21:36
718b03442c27206b1Xd72d67FVFR,运维工程师,杭州翰科信息技术,20-99人,医疗健康,学历不限,1-3年,"Windows, Linux, SQL, MySQL, SQL Server, Oracle, 系统运维, 数据库运维",6-8K,杭州,,2026-06-02 16:22:59
b87727856766fc880nB62928FVZQ,通信运维工程师,百应科技,100-499人,人工智能,本科,3-5年,"VOS, 通信, SIP, 运营商, freeswitch",12-20K·15薪,杭州,,2026-06-02 16:27:28
774ae5cc9a5cf3230nd809y6FVJW,智能化运维工程师,慧储,20-99人,计算机软件,大专,,"网络运维, 系统运维, 实施交付运维, 电子/电气/自动化相关专业, 运维经验, 运维开发经验, 网络安全相关经验",80-100元/天,杭州,,2026-06-02 16:29:55
ce6aa4a46aea0aa40nB_2tW6GFpS,系统运维实习生 (夜班在家办公),浙江惠瀜网络科技,100-499人,计算机软件,本科,,计算机相关专业,140-150元/天,杭州,,2026-06-02 16:34:23
2d4425742bc687850nd-3dS4FFVV,政务云安全运维工程师,惠恒科技,20-99人,其他行业,本科,5-10年,"安全运维, 驻场运维",8-10K·14薪,杭州,,2026-06-02 16:37:09
add1104a8ff4378e0nRz2N6_EVdS,云运维工程师,网眼信息技术,500-999人,互联网,本科,1-3年,,12-20K,南京,,2026-06-02 21:47:43
2292cca1d6c9f1e70nZz2966GVZS,系统运维工程师,迪赛司,20-99人,仪器仪表/工业自动化,大专,1-3年,,5-8K,南京,,2026-06-02 21:47:43
bd9efe2923c17f9a0nB-3dS7FFdR,运维工程师,中软国际,10000人以上,计算机软件,大专,3-5年,,8-11K,南京,,2026-06-02 21:47:43
fca94a5dcf1587640nB82d69EVNR,"CBS运维,融合计费系统，需要海外出差有差补",上海思芮,1000-9999人,计算机软件,大专,3-5年,"BES, 实施交付运维, CBS, 系统运维",10-15K,南京,,2026-06-02 21:47:43
0c457ccb9d54702e0nB-3di-FlFQ,运维工程师（按需华北出差）,浩鲸科技,10000人以上,通信/网络设备,本科,3-5年,,9-13K,南京,,2026-06-02 21:47:43
97ba41997dd43d910nB829-1ElNX,系统运维工程师,江苏世际新能源科技,20-99人,光伏,本科,5-10年,,15-25K·13薪,南京,,2026-06-02 21:47:43
3c186183cb106f7f0nB409W5ElRR,Java高级工程师（运维产品方向）,蓝昊智能,100-499人,智能硬件,本科,3-5年,"运维, 产品设计, 服务器, 数据安全, 日志分析",18-25K,南京,,2026-06-02 21:47:43
7c33dda9f4fe54180nB_0tS7GVBQ,机房运维工程师（现场笔试+面试）,爱可生,500-999人,通信/网络设备,本科,1-3年,,10-13K,南京,,2026-06-02 21:47:43
47b64656f703119f03Ry09S-EFVW,电力系统运维工程师,南瑞电网公司,10000人以上,其他行业,本科,1-3年,"Java, 系统运维, 电力系统, 电子/电气/自动化相关专业, 电气工程",15-22K,南京,,2026-06-02 21:48:03
725798397e29caa10nB-3t--FFNS,运维工程师（南京-出差-国网）,绛门科技,500-999人,计算机软件,本科,3-5年,"招投标, 系统运维, 运维经验, 出差, 国企",9-11K,南京,,2026-06-02 21:48:03
de5960d863a03bb71Xd-3tq_GFRU,系统运维工程师,讯文科技,0-20人,计算机软件,大专,经验不限,"MySQL, Linux",4-7K,南京,,2026-06-02 21:48:03
eac2327f83bff3410ndz39W1GFpQ,应用系统运维工程师,某大型互联网公司,500-999人,互联网,硕士,5-10年,,20-35K,南京,,2026-06-02 21:48:03
c66d1d2a8968318e1HZz2NS4FVpY,交付运维工程师,万象数据,0-20人,计算机软件,大专,1-3年,"DBA, MySQL/Oracle, 系统运维, 运维开发经验, 计算机相关专业, Python/Shell, 网络安全相关经验, 运维经验, IDC机房运维, Kubernetes",7-10K,南京,,2026-06-02 21:48:03
cedcb9c65ecd80b503Z82Ni5FFZW,系统运维工程师,华天科技,1000-9999人,其他行业,本科,1-3年,,7-12K·13薪,南京,,2026-06-02 21:48:03
3e003801a986d6d203J72dy9FFNR,中级运维工程师,南京数睿,100-499人,计算机软件,本科,3-5年,,12-16K,南京,,2026-06-02 21:48:03
bfa9c6514ee5281c1n152t67EFRU,高级运维工程师,视博云,100-499人,互联网,大专,5-10年,"系统运维, Linux, Windows, SQL, Java, 服务器配置, 网络协议, Nginx",14-18K,南京,,2026-06-02 21:48:03
1e52c82c5d79321d0nd429i6FVpW,IT基础设施运维工程师,南京万众岛电子商务,100-499人,食品/饮料/烟酒,本科,3-5年,,7-12K,南京,,2026-06-02 21:48:03
30bec30351adb0a403dz0t28FVdT,运维工程师（需要线下复试）,源枢数智,20-99人,计算机软件,本科,5-10年,,7-12K,南京,,2026-06-02 21:48:03
3b85f34b03b4cf081XR42Ny0EVpY,驻场运维工程师,信大数字取证研究院,20-99人,信息安全,大专,3-5年,"虚拟机技术, 安全运维, VMware, 网络协议, 系统运维, 桌面运维",9-10K·14薪,南京,,2026-06-02 21:48:03
e3d623e1162653cc0ndz3t29FldV,网络运维工程师,欣华,20-99人,互联网,本科,3-5年,,12-15K,南京,,2026-06-02 21:48:03
5cec11f88cea43aa0nZ_39i0EVVS,信息系统运维工程师（政府/高校双场景）,多基观测,20-99人,信息安全,本科,5-10年,,6-8K,南京,,2026-06-02 21:48:24
e75dda4254db47590nV839m8FFZQ,驻场运维工程师,南京道齐数字科技,20-99人,通信/网络设备,大专,10年以上,"网络运维, 实施交付运维, 系统运维, 运维经验",4-5K,南京,,2026-06-02 21:48:24
099e3754646df0720nd-2t65FVJU,数据中心精密空调运维工程师,江苏力锐斯新能源,100-499人,电子/硬件开发,大专,3-5年,,8-13K,南京,,2026-06-02 21:48:24
79d0997a6cbddb6b0nB-3tq1EVVR,运维工程师+应用系统/大数据/核心网等,成熙知识,500-999人,互联网,硕士,3-5年,,25-35K,南京,,2026-06-02 21:48:24
bb8fbb237b7498bf0nB42ti5E1dT,初级运维工程师,南京万迅,0-20人,计算机软件,本科,,"网络运维, 系统运维, Java, Python/Shell, 计算机相关专业, 通信相关专业, 电子/电气/自动化相关专业, 大数据运维经验",150-200元/天,南京,,2026-06-02 21:48:24
f2ae8c31a87724ba0nV73N66GVdV,ERP系统运维专员,清普生物,20-99人,生物/制药,本科,3-5年,,8-12K,南京,,2026-06-02 21:48:24
62b703098aa18bcd1HF50927FVFY,信息系统运维工程师,扬子信息,100-499人,运营商/增值服务,本科,1-3年,"Java, MySQL/Oracle",6-8K,南京,,2026-06-02 21:48:24
e7a6e9744e7d3b5a1H190ti9FFRT,软件运维工程师,中盈优创,1000-9999人,计算机软件,本科,5-10年,"网络运维, 实施交付运维, 系统运维",12-20K·14薪,南京,,2026-06-02 21:48:24
1fe9536d123fd6b00nB-09-6FlpV,数字化系统开发与运维专员,南京丸仁,100-499人,原材料及加工/模具,大专,经验不限,,6-8K,南京,,2026-06-02 21:48:24
9026c920419150ca0nB-3t-7GFpR,运维工程师（华北）,南京君融科技有限公司,100-499人,通信/网络设备,本科,5-10年,"实施交付运维, 计算机相关专业, 通信相关专业, 电子/电气/自动化相关专业, 运维经验",11-15K,南京,,2026-06-02 21:48:24
3016f56ef3b68dbc0nB-2di_FFVR,驻场运维工程师,奥工科技,20-99人,计算机服务,本科,1-3年,,10-15K,南京,,2026-06-02 21:48:24
03801aed7a6766b60nB529-9EFVV,华为云运维工程师,微耐特,0-20人,计算机软件,大专,1-3年,,7-9K,南京,,2026-06-02 21:48:24
e1a1820008d023040nZ80t-1GVFR,交付运维工程师（双休+五险一金）,江苏中石电子科技,20-99人,计算机软件,本科,5-10年,"Nginx, 脚本, 通信相关专业, Redis, Python/Shell, 计算机相关专业, 网络安全相关经验, 运维经验, 实施交付运维, Docker, MySQL/Oracle, 系统运维, 运维开发经验, 中间件, 实施交付",10-15K·13薪,南京,,2026-06-02 21:48:24
65c8e4b24a9a595e0nB439W6GVZR,IT运维工程师（甲方制造业）,南京中拓科技有限公司,100-499人,专用设备,本科,3-5年,"计算机相关专业, 硬件运维, 企业网络维护经验, 熟悉门禁系统, 企业网络故障排查, 服务器硬件",6-9K·13薪,南京,,2026-06-02 21:48:24
c3dd42e911830e881Hx70tS_EFtV,大数据运维工程师,溧水区军勋建材店...,0-20人,交通/运输,大专,1-3年,"网络运维, Nginx, MySQL/Oracle, 系统运维, 运维开发经验, 计算机相关专业, 网络安全相关经验, Kubernetes",10-11K,南京,,2026-06-02 21:48:45
e3cf63c06c160bce1H1439y-EFFS,云服务运维工程师,华为,10000人以上,计算机软件,本科,1-3年,"系统运维, 运维开发/DevOps, Redis, MySQL/Oracle, Docker, Python/Shell, 计算机相关专业, 通信相关专业, 电子/电气/自动化相关专业, 运维经验, 运维开发经验",10-15K,南京,,2026-06-02 21:48:45
d8ac05fa2830e27c0ndy0tu0EFpV,oa系统运维（熟悉泛微）,金财问道,0-20人,企业服务,本科,3-5年,"系统运维, 泛微",15-19K,南京,,2026-06-02 21:48:45
a97b0aa17b7c71131Hdy09u5FVRX,高级运维工程师,凝思软件,500-999人,计算机软件,大专,1-3年,"桌面运维, 系统运维, 计算机相关专业, 运维开发经验, 运维经验, Linux, 运维系统, K8",9-14K,南京,,2026-06-02 21:48:45
6ba11702c0899e180nB52tW5EVVR,运维工程师（水电1-6/8）,南京迈特望,1000-9999人,计算机软件,本科,1-3年,"系统运维, MySQL/Oracle",7-8K,南京,,2026-06-02 21:48:45
fc230fd268e7b1e10nB-29u6F1JV,IT运维工程师,上海派森诺,100-499人,医疗服务,本科,3-5年,,10-15K,南京,,2026-06-02 21:48:45
0a4ab6c9307e12e10nZy3dS8EFRR,网络运维工程师,南京集示科技有限公司,0-20人,信息安全,本科,3-5年,,15-20K·14薪,南京,,2026-06-02 21:48:45
62bf860467a7447d03J-2dS9FlRS,初级IT运维工程师,中国科学院工业人...,100-499人,政府/公共事业,硕士,经验不限,"网络运维, 通信相关专业, 系统运维, 计算机相关专业, 运维经验, IDC机房运维",15-25K·15薪,南京,,2026-06-02 21:48:45
608df886595bc6040nB53du1EVBR,运维工程师,江苏瑞德,100-499人,计算机软件,大专,3-5年,"网络运维, 系统运维, 实施交付运维, MySQL/Oracle, 计算机相关专业, 通信相关专业, 电子/电气/自动化相关专业, 运维经验",6-8K,南京,,2026-06-02 21:48:45
537dae57b48caf321Hxz39q4FFpT,高级运维工程师（运维经理）,安芯物联,0-20人,信息安全,本科,10年以上,"网络运维, Ccie, MySQL/Oracle, Docker, 大数据运维经验, Hcie, 系统运维, h3cie, Python/Shell, 网络安全相关经验, 运维经验, IDC机房运维",11-18K,南京,,2026-06-02 21:48:45
2911643e61bd21440nVz2tu_EFBX,电网运维工程师（双休+五险一金）,江行智能,100-499人,互联网,本科,1-3年,"通信相关专业, 系统运维, SQL语言, 计算机相关专业, 熟练Linux操作系统, 电子/电气/自动化相关专业, 运维经验, 负荷管理系统",8-10K,南京,,2026-06-02 21:48:45
4eb4b7d33f5a8e090nR42d27F1tQ,运维服务工程师,南京云高融智科技,0-20人,互联网,本科,3-5年,,11-18K,南京,,2026-06-02 21:48:45
9855f94f3beb702c03Ny3du-EFVY,运维交付工程师,HyperAI,20-99人,计算机软件,本科,5-10年,,15-20K·13薪,南京,,2026-06-02 21:48:45
ec9268c09b0476760nB73N21FlpR,运维专家 (MJ000670),天马集团,1000-9999人,电子商务,本科,经验不限,,18-23K,南京,,2026-06-02 21:48:45
dd2511d5b685eb370nd83966EVJV,运维工程师,南京拓华商服科技,20-99人,计算机软件,大专,3-5年,,7-9K,南京,,2026-06-02 21:48:45
473ac5b21537d8e403F-39S9FVY~,Linux运维工程师,苏弘科技,100-499人,游戏,大专,经验不限,"Linux, Windows, 系统运维",4-8K,南京,,2026-06-02 21:49:05
6ee989ffb9760cf61Hd52d-5ElVS,运维工程师,华为技术有限公司,10000人以上,计算机软件,本科,经验不限,,14-22K·14薪,南京,,2026-06-02 21:49:05
7a1c77f3b7079e450nZ80t20GFJX,驻场运维工程师（双休五险一金）,青麦智能,20-99人,智能硬件,本科,1-3年,,5-6K,南京,,2026-06-02 21:49:05
ee5d782ada6dfe860nV72di5F1VW,运维工程师,智慧航空,20-99人,计算机软件,本科,3-5年,,6-9K,南京,,2026-06-02 21:49:05
f2c1089f14754fa11HZ73d-4ElFV,系统运维工程师（双休+上市公司+六险一金）,飞翰,100-499人,互联网,本科,3-5年,"系统运维, Redis, Docker, Python/Shell, 中间件, Tomcat, Zookeeper",12-15K·13薪,南京,,2026-06-02 21:49:05
f5041b8eec50f2710nd_29i9EFtZ,运维工程师,培慕,20-99人,咨询,本科,3-5年,"网络运维, 系统运维, 运维开发/DevOps, 实施交付运维, 运维开发经验, 运维经验, 网络安全相关经验, 信创项目",11-20K,南京,,2026-06-02 21:49:05
0a28149ef92755550nR82t64E1VR,运维工程师 可远程居家办公,南京深然科技有限公司,0-20人,计算机服务,本科,3-5年,"网络运维, 系统运维, 实施交付运维, 计算机相关专业, 通信相关专业, 运维经验, 大数据运维经验, 网络安全相关经验",5-6K,南京,,2026-06-02 21:49:05
e1d5010cac775a0e031z0ty_FFdR,运维工程师--中国移动,奇易米,20-99人,计算机软件,大专,3-5年,"网络运维, 系统运维, 运维开发/DevOps, Python/Shell, Golang, 运维经验, 运维开发经验, 大数据运维经验, 中国移动, 联通, 电信",5-10K,南京,,2026-06-02 21:49:05
1183fdc027fa6d710nB-2NW-GVRX,IT运维人员（ERP+MES系统）,苏服云,20-99人,计算机硬件,本科,3-5年,"系统运维, 实施交付运维, 运维开发/DevOps, MySQL/Oracle, Java, 计算机相关专业, 电子/电气/自动化相关专业, 运维经验, 运维开发经验",9-14K·16薪,南京,,2026-06-02 21:49:05
ddfce0c66a6ed8000nB_3dS0F1FR,新能源运维工程师（27届）,江苏极拓奥克能源科技,20-99人,光伏,本科,,,100-200元/天,南京,,2026-06-02 21:49:05
ff6f34037067b26c0nZz2ty-EVNY,ERP 系统运维与 AI 大数据应用工程师,江苏世泰新创科学仪器,500-999人,医疗器械,本科,3-5年,"系统运维, IDC机房运维, 运维开发/DevOps, MySQL/Oracle, Docker, 计算机相关专业, 运维经验, 运维开发经验, 网络安全相关经验, 大数据运维经验, AI",12-17K,南京,,2026-06-02 21:49:05
d90beaa84c8f163e1HB_2Ni9EVdR,高级it运维工程师,云远通信,0-20人,通信/网络设备,大专,3-5年,"网络运维, 系统运维, MySQL/Oracle, Docker, Kubernetes, 计算机相关专业, 运维经验",8-12K,南京,,2026-06-02 21:49:05
3a7314802f69f5d81XNy09q9GFVS,运维工程师,江苏开博,100-499人,计算机服务,大专,3-5年,运维开发/DevOps,13-18K,南京,,2026-06-02 21:49:05
c96d5ef858feac6d03N-39u9GFtU,k8s运维工程师,奇瑞信息公司,10000人以上,信息安全,本科,5-10年,"Docker, Kubernetes",15-16K·15薪,南京,,2026-06-02 21:49:05
eee27871aa844ccc0nV53NW8EVBS,高级it运维工程师,江苏盛锦合生物科技,500-999人,宠物服务,本科,5-10年,"系统运维, 桌面运维, 计算机相关专业",10-15K·13薪,南京,,2026-06-02 21:49:05
553722d265a75bc703d43NW9F1RX,系统运维工程师,粒聚科技,20-99人,计算机软件,本科,3-5年,"实施交付运维, 系统运维, Nginx, Redis, Python/Shell, MySQL/Oracle, Docker, 计算机相关专业, 电子/电气/自动化相关专业, 运维经验, 大数据运维经验, 工业软件-ERP MES, 工业物联网",8-13K·13薪,南京,,2026-06-02 21:49:25
66c346102275135303J629-6FFBT,运维开发工程师（中间件）,金恒科技,500-999人,计算机软件,本科,3-5年,"系统运维, 运维开发/DevOps, 实施交付运维, Python/Shell, Docker, Kubernetes, Nginx, Redis, 运维开发经验",12-24K,南京,,2026-06-02 21:49:25
a5267772d9e2787303F83NW9E1JR,运维工程师,广州唐帛,100-499人,电子商务,本科,5-10年,,12-18K,南京,,2026-06-02 21:49:25
8978df3ce0efc4800nB62N28GFVS,信息运维工程师,纽邦,100-499人,进出口贸易,本科,3-5年,"Java, 通信相关专业, 系统运维, 计算机相关专业, 用友",12-20K·13薪,南京,,2026-06-02 21:49:25
df54582ac5b0a4d40nd62925F1VY,运维工程师,江苏骏腾电力工程,0-20人,机电工程,初中及以下,5-10年,"10kV线路运维, 高压电工证, 运维经验",7-8K,南京,,2026-06-02 21:49:25
df891ecce51c09c20nZ739u8EFRW,业务运维,电科网安,1000-9999人,信息安全,本科,3-5年,"通信相关专业, 计算机相关专业, 网络安全相关经验, 运维经验",8-10K,南京,,2026-06-02 21:49:25
3d3a72ea373248bf0nd82Nq5GVVW,it运维工程师,南京鹏力科技集团,1000-9999人,专用设备,本科,1-3年,,7-9K·13薪,南京,,2026-06-02 21:49:25
89303faaf028bee90nB-09S7GVpW,运维工程师,中商集团,1000-9999人,其他行业,本科,经验不限,,6-8K·13薪,南京,,2026-06-02 21:49:25
100db4fe65aeced31nd729W6GFtU,保密运维系统管理及网络管理员,国信智科,100-499人,互联网,大专,1-3年,"系统运维, 安全运维, Windows, 网络协议, 网络交换技术, 网络设备, 计算机软件, 网络安全",5-7K,南京,,2026-06-02 21:49:25
7a5ce40d322806f20nV93du4EFNY,it运维工程师,南京福碧源环境技术,100-499人,自动化设备,本科,3-5年,,10-15K,南京,,2026-06-02 21:49:25
6bc5043ca47d79b803Fy29W6GVNQ,软件运维工程师,晨晟智控,20-99人,计算机软件,本科,1-3年,,5-7K,南京,,2026-06-02 21:49:25
63ec2f8ccf6132b203143Nu-EFpY,OA开发运维工程师（泛微OA）,久吾高科,100-499人,其他行业,本科,1-3年,泛微OA,10-14K·14薪,南京,,2026-06-02 21:49:25
de6fb6f8fcbe92211Hx_3Nm0FFRX,运维工程师,江苏长天智远交通科技,100-499人,计算机服务,大专,1年以内,系统运维,6-9K,南京,,2026-06-02 21:49:25
5b2e4f3a019b686e03J53tq9F1RR,运维工程师,罕华,20-99人,仪器仪表,本科,1-3年,"Java, 实施交付运维, 通信相关专业, MySQL/Oracle, Docker, 系统运维, 运维开发经验, Redis, Python/Shell, 计算机相关专业, 运维经验",6-9K,南京,,2026-06-02 21:49:25
d597d37ec5d0c88d0nd-3929F1BR,运维工程师,广州美保科技,100-499人,互联网金融,本科,5-10年,,12-22K·14薪,南京,,2026-06-02 21:49:25
33cf9345358e9e5e0nB43Ni7F1ZW,系统运维工程师,云恒信息,20-99人,互联网,本科,3-5年,"Java, Docker, 系统运维, 运维开发/DevOps",6-9K,南京,,2026-06-02 21:49:45
b5531788f376ee8b1nZ-0929GFFX,交付运维工程师,Wishare,100-499人,互联网,本科,1-3年,"系统运维, Linux, SQL, Oracle, SQL Server, MySQL",8-11K·13薪,南京,,2026-06-02 21:49:45
7ae228b30d993dcf0nR92NW_FFZY,服务器运维工程师,PaperPass,20-99人,互联网,大专,经验不限,"通信相关专业, 系统运维, 计算机相关专业, IDC机房运维",8-12K,南京,,2026-06-02 21:49:45
171470bb39c4b99003F50tq4GFdY,运维交付工程师,中科紫东红途,20-99人,人工智能,本科,1-3年,"系统运维, 实施交付运维, Python/Shell, Docker, Kubernetes, 计算机相关专业, 电子/电气/自动化相关专业, 通信相关专业, 运维经验, 运维开发经验",9-14K·14薪,南京,,2026-06-02 21:49:45
c515ff496f258ca41nd43ty4EVtW,电气运维工程师,南瑞水电公司,500-999人,电力/热力/燃气/水利,本科,1-3年,"Linux, 通讯, PLC",8-11K,南京,,2026-06-02 21:49:45
65a11873b872e4561nZz2tu-EVBR,现场工程师,南京维捷,0-20人,机械设备/机电/重工,中专/中技,经验不限,"安全运维, 机房运维, 系统运维, 自动化运维",6-8K,南京,,2026-06-02 21:49:45
35b8b9abf2a3e36f03R83Ny4EFJW,运维工程师,华为云,10000人以上,计算机服务,学历不限,经验不限,"桌面运维, 网络运维, 系统运维",15-25K,南京,,2026-06-02 21:49:45
6b225895308e8c4e0nd_29S9FVVZ,网络运维工程师,嘉隆电气,100-499人,电力/热力/燃气/水利,本科,5-10年,"桌面运维, 网络运维, IDC机房运维, Java, MySQL/Oracle, 计算机相关专业, 运维经验, 网络安全相关经验, 打印机/复印机维修经验",9-12K,南京,,2026-06-02 21:49:45
db7f5fadcdf5e33d0ndz2ty7E1NQ,大数据运维工程师-国.企社招,北京某大型运营商/增值服务公司,1000-9999人,运营商/增值服务,本科,5-10年,"DBA, Docker, Python/Shell, 大数据运维经验, Hadoop, 集群",20-30K·13薪,南京,,2026-06-02 21:49:45
101917367dc0782b3nJ62N67F1o~,运维工程师,新域联,0-20人,计算机硬件,本科,3-5年,"网络运维, 运维, 系统运维, 网络安全相关经验, IDC机房运维",6-8K,南京,,2026-06-02 21:49:45
113aa75e4fb6ae490nd-3di4GFRV,储能运维工程师,上海橡通,20-99人,化工,学历不限,3-5年,高压电工证,7-8K,南京,,2026-06-02 21:49:45
79051062170aedc70nV50tW6GFRY,实施工程师（HIS系统运维方向）,杭州晓晨软件有限公司,20-99人,医疗健康,本科,3-5年,,6-8K,南京,,2026-06-02 21:49:45
8d0adf91564d573a0nB_2NW_GVdU,高级交付运维工程师,艾联科电子,20-99人,大数据,大专,5-10年,"Java, 实施交付运维, MySQL/Oracle, 系统运维, 运维开发/DevOps, Python/Shell, 网络安全相关经验, 运维经验, Kubernetes",8000-12000元/月,南京,,2026-06-02 21:49:45
1f27304b355968df03Ny2Ni9ElVW,安防系统运维工程师,南京弗利威尔信息技术,20-99人,机电工程,大专,3-5年,"门禁系统, 周界报警系统, 通信相关专业, 网络系统, 安全防范系统, 入侵报警系统, 电子/电气/自动化相关专业",6-8K,南京,,2026-06-02 21:49:45
25e36139ab09782f0nV_3N68F1BV,运维工程师,梓如商旅集团,100-499人,企业服务,本科,5-10年,,12-24K,南京,,2026-06-02 21:49:45
76a60c7d879dd8c70nV70tu6FFNV,it运维工程师,南京瑞水润安科技,0-20人,互联网,本科,1-3年,,6-10K,南京,,2026-06-02 21:50:07
b45e5c75447486380nd83t61EVBV,运维工程师,融云,100-499人,互联网,本科,3-5年,,15-25K·13薪,南京,,2026-06-02 21:50:07
5a82ce6b65b4e2cc1nB90t2-E1RW,大数据系统运维工程师,南京申友生物,100-499人,生物/制药,本科,1-3年,"系统运维, Linux, 服务器配置, 容器技术, 网络协议, 分布式技术, 虚拟机技术, 负载均衡技术",6-11K·14薪,南京,,2026-06-02 21:50:07
af038d2114e687461X17096_F1BQ,充电桩运维工程师,江苏旭达新能源,20-99人,新能源,高中,1年以内,"实施交付运维, 系统运维, 电子/电气/自动化相关专业",5-7K,南京,,2026-06-02 21:50:07
b33363f1a456a0121XZ639m9E1FS,实施工程师,中微京创科技,20-99人,企业服务,大专,经验不限,系统运维,7-12K,南京,,2026-06-02 21:50:07
e0e863615719316b0nB42Ni6EVBU,运维工程师,巨楷科技,20-99人,机电工程,大专,1年以内,电子/电气/自动化相关专业,5-6K,南京,,2026-06-02 21:50:07
93dd041749dd55540nZz29W1EFFX,实验室设施设备运维工程师,药石科技,500-999人,化工,大专,3-5年,"电气运维, 公用系统, 实验室设备运维",7-9K,南京,,2026-06-02 21:50:07
2683f05768ebd1e41n1-2NS6F1dS,安全运维工程师,北京知道创宇,1000-9999人,信息安全,本科,3-5年,"网络运维, 实施交付运维, 安全服务, 网络安全相关经验, 安全运维, 驻场",9-13K,南京,,2026-06-02 21:50:07
417e9350b2424d9e1HV939m7EFNY,安防运维工程师,金智科技,1000-9999人,电力/热力/燃气/水利,中专/中技,1-3年,"实施交付运维, 系统运维, 监控安防",5-7K,南京,,2026-06-02 21:50:07
c233daeaaf410aec1Xx_2N6_F1pU,高级运维工程师,小蓝豚网络,0-20人,休闲/娱乐,本科,3-5年,"网络运维, 系统运维",8-13K·13薪,南京,,2026-06-02 21:50:07
1bdc1f25e5e8434e1Xx-29-7GFZR,测试运维工程师,南京汇与,0-20人,计算机软件,大专,,网络运维,150-200元/天,南京,,2026-06-02 21:50:07
22720db2d7b864290nd52tW-F1NZ,医疗软件实施运维工程师,南京东沐阳软件服务,0-20人,计算机软件,本科,,,150-200元/天,南京,,2026-06-02 21:50:07
8b80ea3ac48064581XJz29y6FlpZ,运维工程师,税友集团,1000-9999人,互联网,本科,1年以内,"通信相关专业, MySQL/Oracle, 大数据运维经验, 系统运维, 计算机相关专业, 运维经验",5-7K·14薪,南京,,2026-06-02 21:50:07
ce3a3f7efa7ad6120nB609u6FVtV,运维工程师,南京诺飞尔信息科技,100-499人,互联网,本科,3-5年,,10-15K,南京,,2026-06-02 21:50:07
0595cc2f34403ae80nB43Nu6ElZR,驻场运维工程师（实习）,天技,20-99人,通信/网络设备,中专/中技,,"桌面运维, 网络运维, 系统运维",100-150元/天,南京,,2026-06-02 21:50:07
7d8b35b7eb92a37203B_2dm8EVZQ,驻场智能化运维工程师,江苏锐泽思通信,20-99人,工程施工,大专,3-5年,"运维服务, 实施交付运维, 会议系统, 智能化系统, 电子/电气/自动化相关专业",5-7K,南京,,2026-06-02 21:50:30
efe3ef72a5ad55831HN53tq-FFpS,运维工程师,温州瓯江口产业集...,20-99人,批发/零售,大专,1-3年,"网络运维, 实施交付运维, 系统运维, 桌面运维",7-9K,南京,,2026-06-02 21:50:30
bbd3e8c0fe0eef0603d509q4FFtX,驻场运维工程师（省级政府部门）,上海汉邦京泰数码,100-499人,计算机软件,本科,1-3年,"系统运维, 实施交付运维, Java, MySQL/Oracle, 计算机相关专业, 运维经验, 网络安全相关经验, 大数据运维经验",8-11K,南京,,2026-06-02 21:50:30
c03881957cb02e640XV82t21GVE~,运维工程师,南京傲天翔,0-20人,石油/石化,大专,在校/应届,"IT技术支持, 硬件, 系统运维, 实施工程师",4-6K,南京,,2026-06-02 21:50:30
9a7f6b88467a55b13nJ629W5ElM~,弱电运维工程师,江苏铁安通信,20-99人,通信/网络设备,学历不限,5-10年,"运维工程师, 系统运维, 网络运维",8-10K,南京,,2026-06-02 21:50:30
6f42201faac3ded71nxy3tW6F1dS,政府单位运维工程师,舜元科技,20-99人,计算机软件,本科,1-3年,"SQL, 服务器配置, Windows, Linux, Oracle, MySQL, 系统运维, 数据库运维",6-9K,南京,,2026-06-02 21:50:30
0f58276544b576410nR_29m9F1ZV,海外高薪IT运维工程师(驻沙特),新疆创先飞信网络科技,0-20人,通信/网络设备,本科,经验不限,"网络运维, MySQL/Oracle, 计算机相关专业, 电子/电气/自动化相关专业",7-10K,南京,,2026-06-02 21:50:30
a5e7a2d9034a5b9b0nZy2du0FFJZ,sre运维工程师（阿里专有云方向）,南瑞信通,1000-9999人,计算机软件,本科,3-5年,阿里专有云,15-30K,南京,,2026-06-02 21:50:30
dae6cc3902a85d1b0nd809q1E1VR,idc运维经理,北京某大型房屋建筑工程央企背景公司,10000人以上,房屋建筑工程,本科,5-10年,IDC机房运维,25-30K,南京,,2026-06-02 21:50:30
4b23d898f3814e651HNy3d61GVJZ,技术运维工程师,普世科技,20-99人,计算机软件,本科,在校/应届,"数据安全, 实施交付运维, MySQL/Oracle, shell, 系统运维, 软件运维, 桌面运维, 计算机相关专业, 网络安全相关经验, 运维经验, 数据跨网传输",5-6K·13薪,南京,,2026-06-02 21:50:30
e375e5f8453abd510nZ93t-7EFNX,水处理运维工程师,绿资环境,0-20人,环保,中专/中技,1-3年,,4-9K,南京,,2026-06-02 21:50:30
547ec5cfcc8053411HF439W4FVZV,资深运维工程师,中江数建,100-499人,人工智能,本科,5-10年,"Python/Shell, Ansible/Salt/Puppet, Kubernetes",18-35K,南京,,2026-06-02 21:50:30
5395d697f9318c0f1XN83tq1EFY~,应用运维工程师,明源云,1000-9999人,计算机软件,本科,1-3年,"数据库, 运维, SQLServer",7-12K,南京,,2026-06-02 21:50:30
385cdcb9577955dc03d509-_GFZQ,阿里云运维工程师,伊克罗德,20-99人,计算机软件,本科,3-5年,"网络运维, Nginx, 实施交付运维, MySQL/Oracle, 系统运维, Python/Shell, 计算机相关专业, 网络安全相关经验, 运维经验, Kubernetes",10-14K,南京,,2026-06-02 21:50:30
f378361b63f117eb0nVy3Nu4E1BS,运维工程师,齐拓科技,20-99人,计算机软件,本科,3-5年,"系统运维, 计算机相关专业, 电子/电气/自动化相关专业",7-8K·13薪,南京,,2026-06-02 21:50:30
6bfd556ef6a1988f1nZ53N-6FVpZ,运维工程师,上海格尔软件,500-999人,信息安全,本科,1-3年,"系统运维, Linux, 安全运维",6-9K·13薪,南京,,2026-06-02 21:50:51
c681c6c189d673441nF509u6FVBZ,技术支持工程师,南京理工科技,100-499人,互联网,本科,1-3年,"系统运维, 自动化运维, 应用运维, SQL Server, MySQL, PS  CAD",7-12K,南京,,2026-06-02 21:50:51
a027524df9230fa003B-2Nu1EFtV,运维工程师,南京复翼,100-499人,计算机软件,本科,经验不限,"Java, VMware, Redhat, Tomcat, 实施交付运维, MySQL/Oracle, Linux, 系统运维, 计算机软件, 计算机相关专业, Oracle, SQL",6-8K,南京,,2026-06-02 21:50:51
fa2a804fd52f445103Vy2tq1FFZT,测试运维工程师,予途,0-20人,计算机软件,大专,,,150-200元/天,南京,,2026-06-02 21:50:51
a3353431710ab2e20nZ-3di1GVBV,软件实施运维工程师,南京微小宝,20-99人,计算机软件,本科,经验不限,"Nginx, 实施交付运维, MySQL/Oracle, 实施, 运维, 系统运维, Redis, Python/Shell, 计算机相关专业",5-8K,南京,,2026-06-02 21:50:51
b94a499769ed6ba71HV63920FFo~,运维工程师,助企赢,20-99人,计算机软件,中专/中技,在校/应届,系统运维,6-9K,南京,,2026-06-02 21:50:51
de7696bcc294d9d203N6092_EFtR,运维工程师,直真科技,1000-9999人,计算机软件,本科,1-3年,"Nginx, 实施交付运维, Elasticsearch, Docker, 系统运维, 运维开发/DevOps, Redis, IDC机房运维",8-12K·13薪,南京,,2026-06-02 21:50:51
062bb9655705e55903d72Ny9FlJU,运维工程师,南京世和,1000-9999人,其他行业,学历不限,经验不限,"桌面运维, 网络运维, 系统运维, IDC机房运维, 运维开发/DevOps",5-6K,南京,,2026-06-02 21:50:51
cbe5740ddb45bd5e03Jz09-6GVVV,运维工程师,多特科技,0-20人,计算机软件,本科,在校/应届,,6-7K,南京,,2026-06-02 21:50:51
30e2c6492514b3870nd72967GVdW,工业机器人算法固本运维工程师,苏州汇川技术有限公司,1000-9999人,仪器仪表/工业自动化,本科,1-3年,,10-15K·15薪,南京,,2026-06-02 21:50:51
ba2c3707cc9c2b400nZ63N-5ElRV,运维工程师,德睿康,20-99人,医疗器械,大专,经验不限,"桌面运维, 系统运维, 实施交付运维, MySQL/Oracle",4-6K,南京,,2026-06-02 21:50:51
5a0d6ea37e62f82f1H1_3tS_FFpX,现场运维工程师,中通服软件,500-999人,通信/网络设备,本科,1-3年,"计算机相关专业, 通信相关专业, 运维经验, 运维开发经验",10-15K·13薪,南京,,2026-06-02 21:50:51
b6caa85c26b986fb0nB_0t-5EFBW,应用支持工程师（传奇生物）,微创网络,10000人以上,计算机软件,大专,3-5年,"系统运维, 运维开发/DevOps, Java, Python/Shell, 大数据运维经验",15-21K,南京,,2026-06-02 21:50:51
775ca4fcec2de6dd0nZ_39u1FFJZ,运维工程师（汽车/主机厂/汽车经销商）,英思博锐,20-99人,计算机软件,大专,3-5年,运维经验,6-8K,南京,,2026-06-02 21:50:51
c014a20d431783c90nZ53tu5E1ZX,系统运维专员,福懋控股集团,100-499人,保险,本科,1年以内,"桌面运维, 系统运维, DBA, Python/Shell, Redis, MySQL/Oracle",5-8K,南京,,2026-06-02 21:50:51
d5194adb21337b450nd60tu8EFVV,大数据运维工程师,南京瑞云恒通智能...,20-99人,计算机软件,本科,1-3年,"通信相关专业, 大数据运维经验, Hadoop, 运维开发经验, 计算机相关专业, 电子/电气/自动化相关专业",9-14K·13薪,南京,,2026-06-02 21:55:00
3f546f8ff29d6c6a0nZ709m1ElZQ,【Yto-IT运维工程师】可免费提供食宿,圆通速递,10000人以上,快递,本科,3-5年,,7-8K,南京,,2026-06-02 21:55:21
424f634f4252f2c50nV60ty4FFVQ,服务器运维工程师,南京易桥,20-99人,信息安全,大专,3-5年,"Linux, VM, 计算机相关专业, 电网经验",8-10K·13薪,南京,,2026-06-02 21:55:21
e5a3a320568e10630nB_2dy5FVJR,dba数据库运维工程师,知达客,100-499人,计算机软件,大专,3-5年,"DBA, MySQL/Oracle, MySQL数据库体系, 存储引擎的功能, 数据库的性能优化, SQL调优技术, 数据库运维工程师",7-8K,南京,,2026-06-02 21:55:41
9d875436fdf48bb20nB429i_FlRY,运维工程师助理,南京海阜盛,20-99人,进出口贸易,大专,经验不限,"设备运维, 现场运维",5-7K,南京,,2026-06-02 21:55:41
30b651d95aefcb750nB_0t-9FFNR,ai运维工程师,网谱集团,100-499人,计算机软件,大专,3-5年,"实施交付运维, Python/Shell, Docker, ai",10-13K,南京,,2026-06-02 21:55:41
a882570ade3f6eb51XF_0929F1FX,物联网运维工程师,创时空,0-20人,计算机软件,学历不限,1-3年,"网络运维, Java, 系统运维, IDC机房运维",6-9K,南京,,2026-06-02 21:55:41
71a9ea92765533ff1Hx-29q-F1pQ,运维工程师,瀚聚辉业,100-499人,互联网,大专,3-5年,"实施交付运维, 系统运维",7-8K,南京,,2026-06-02 21:56:04
88a396951574c2271nd639u6GFZZ,运维工程师,先安科技,20-99人,信息安全,大专,3-5年,"负载均衡技术, 网络设备, 车联网",7-12K·13薪,南京,,2026-06-02 21:56:04
efe14bd315d792740ndy39q7EVpW,运维工程师（南京驻场）,中电科安全,20-99人,计算机软件,本科,1年以内,"网络运维, Java, 运维开发/DevOps, Python/Shell, 计算机相关专业, 网络安全相关经验, 运维经验, 实施交付运维, Ansible/Salt/Puppet, MySQL/Oracle, Docker, Linux, 大数据运维经验, 系统运维, 运维开发经验",5-6K,南京,,2026-06-02 21:56:25
a0aa07ce2c7c1b3603V_39u5FFVS,运维工程师-南京,国瑞能源,20-99人,智能硬件,本科,1-3年,"实施交付运维, 系统运维, 计算机相关专业, 运维经验",7-10K·13薪,南京,,2026-06-02 21:56:25
0103b53e680cb5cf0nB43d-5FlZR,运维,博晟宇,100-499人,计算机软件,本科,3-5年,,12-14K,南京,,2026-06-02 21:56:25
fbfc76efcecbbaa903B709m7GFdU,it运维工程师,卡秋,20-99人,医疗器械,大专,1-3年,"网络运维, 金蝶, 桌面运维, 打印机/复印机维修经验",6-8K,南京,,2026-06-02 21:56:25
6c8a9ec8c4a6627f1nJ939m4GFBZ,运维工程师,进唯智能,20-99人,计算机软件,大专,1-3年,"系统运维, 运维工程师",5-10K,南京,,2026-06-02 21:56:46
98c9c7e664a92a800nB-29i9FVFW,运维工程师,海致星图,500-999人,计算机软件,本科,1-3年,,10-12K,南京,,2026-06-02 21:56:46
96ee8e5329cf753f03J42di_F1FW,运维工程师,南京通天下科技,20-99人,互联网,本科,经验不限,,8-13K,南京,,2026-06-02 21:56:46
8f88a4568cff3d910nV82d60EVJX,实施/运维工程师,新智合电力,100-499人,计算机软件,本科,3-5年,"通信相关专业, 系统运维, 计算机相关专业, 电子/电气/自动化相关专业, 运维经验",11-20K,南京,,2026-06-02 21:56:46
54d0025591f99c5b0nd629u5F1pW,高级驻场运维工程师,南京天瑞东诚,20-99人,计算机硬件,本科,5-10年,"网络运维, 通信相关专业, 系统运维, 计算机相关专业, 网络安全相关经验, 运维经验, IDC机房运维",15-20K,南京,,2026-06-02 21:57:08
f0c650b1a12634340nB40tW7F1FY,运维工程师,锋云聚,20-99人,通信/网络设备,大专,5-10年,"实施交付运维, 网络运维, 计算机相关专业, 运维经验, 移动云华为云阿里云",9-11K,南京,,2026-06-02 21:57:08
dc40c7441af9fe631nx-2tS8EFNW,系统运维管培生(J12947),雨润控股,10000人以上,房地产开发经营,本科,在校/应届,系统运维,6-8K,南京,,2026-06-02 21:57:27
bd1a8aca8ed6d88c0nB82di8GVNZ,云平台运维工程师（C端/电商行业优先）,Cupshe,500-999人,电子商务,本科,1-3年,"阿里云, 电商行业优先, C端项目经验, Docker, 运维开发/DevOps, 运维开发经验, 计算机相关专业, 运维经验, AWS, Kubernetes",8-13K,南京,,2026-06-02 21:57:50
d223c661877ccb1503Z90tS_EVBS,大数据运维工程师,数溪科技,20-99人,大数据,本科,5-10年,"网络运维, Java, MySQL/Oracle, 系统运维, Python/Shell, 计算机相关专业",12-20K,南京,,2026-06-02 21:57:50
20ff513e5888cb811X1z3d2_FFFQ,数据库运维工程师,摩天轮,0-20人,其他专业服务,本科,5-10年,"系统运维, DBA, MySQL/Oracle, Redis, 计算机相关专业, 运维开发经验, 大数据运维经验",13-16K,南京,,2026-06-02 21:58:11
b026d4ab6143ad3803x639S6ElZR,运维工程师,安徽博思锐信息科技,20-99人,计算机服务,大专,经验不限,,4-7K,南京,,2026-06-02 21:58:11
49e6e13a35cf7a390nZ93NS1GFNY,运维工程师,审元科技,20-99人,计算机软件,本科,3-5年,,10-14K,南京,,2026-06-02 21:58:11
4e9e0dce607df2510nV-2Ni5EFtY,idc运维工程师,深圳本贸,100-499人,机电工程,大专,3-5年,,7-8K,南京,,2026-06-02 22:03:42
eab6c10a21b63f340nB73tS6F1NR,桌面运维工程师（有午餐）,捷尔讯,100-499人,计算机服务,大专,1-3年,桌面运维,5-6K,南京,,2026-06-02 22:04:02
9f6e225d2b18dda90nd70t-0FVZW,运维工程师,郑州赛楠医疗器械,0-20人,计算机软件,大专,1-3年,"网络运维, 系统运维, 实施交付运维, 计算机相关专业, 运维经验, 网络安全相关经验",11-14K·13薪,南京,,2026-06-02 22:04:02
3e4887686d987e4f0nB70tW9E1pS,医疗软件运维工程师,南京品德网络信息技术,20-99人,计算机软件,大专,3-5年,"实施交付运维, Nginx, Docker, 运维经验",7-9K,南京,,2026-06-02 22:04:02
385f14a06d23bbd80ndy2dS7FFVS,技术工程师,南京众泰机器人科技,0-20人,电子/硬件开发,本科,3-5年,"实施交付运维, 大数据运维经验, 系统运维, 运维开发经验, Redis, Python/Shell, 计算机相关专业, 电子/电气/自动化相关专业, 运维经验",6-11K,南京,,2026-06-02 22:04:22
f93166997d4872920nB-3tm6GFZW,devops运维工程师,南京派光,100-499人,信息安全,本科,5-10年,"网络运维, 系统运维, 运维开发/DevOps, Python/Shell, Nginx, Redis, MySQL/Oracle, Docker, 计算机相关专业, 运维开发经验, 网络安全相关经验",12-20K,南京,,2026-06-02 22:04:22
92217149855176980ndz0ti_F1JY,运维工程师,中科天玑,100-499人,互联网,大专,1-3年,,12-16K,南京,,2026-06-02 22:04:22
5611e9166746269403F82t21EVNW,NC运维服务工程师,阔友信息,20-99人,计算机软件,大专,1-3年,"网络运维, 实施交付运维, 大数据运维经验, 系统运维, 计算机相关专业, 运维经验",10-15K,南京,,2026-06-02 22:04:22
72743a2e35283eba0nB82ti8F1JX,初级运维工程师,南京讯思雅,20-99人,计算机软件,本科,1年以内,"运维开发/DevOps, Python/Shell, 计算机相关专业, 运维经验, 运维开发经验, 大数据运维经验, 大模型, Linux 系统",6-8K,南京,,2026-06-02 22:04:43
fd533fe835ea5c56031929y-EFFQ,机器人运维工程师,江苏智榕信息科技,0-20人,人工智能,大专,1-3年,"网络运维, 通信相关专业, 实施交付运维, 系统运维, 运维开发经验, 计算机相关专业, 电子/电气/自动化相关专业, 运维经验",6-9K,南京,,2026-06-02 22:05:05
c5c056e0f53117990ndz3dy_ElFZ,运维工程师,如昼科技,20-99人,计算机软件,本科,3-5年,,7-9K,南京,,2026-06-02 22:05:27
bb54e3b726e02afe0nV739W_GFtT,智能化运维工程师,南京斯拉达信息智...,0-20人,机电工程,大专,经验不限,,4-6K·13薪,南京,,2026-06-02 22:05:27
ecc4302f4a793f7803142t-8FltX,呼叫中心系统运维工程师,江苏速达通,0-20人,通信/网络设备,本科,1-3年,,4-6K,南京,,2026-06-02 22:05:27
8a57d9d188ba63b10nB42dW9FFpY,技术运维工程师（AI项目实施）,江苏擎天工业互联网,100-499人,互联网,本科,5-10年,"DBA, 实施交付运维, 系统运维, 运维开发/DevOps",8-12K,南京,,2026-06-02 22:05:27
793ac76255ebb0aa0ndy2dm_FlVT,运维工程师,易思博酷客科技,100-499人,计算机软件,大专,经验不限,"DBA, 实施交付运维, 通信相关专业, MySQL/Oracle, 大数据运维经验, 系统运维, 运维开发/DevOps, 运维开发经验, 计算机相关专业, 运维经验",5-8K,南京,,2026-06-02 22:05:48
f85c29f07e84647f0nB42d--GVdZ,咖啡机器人运维工程师,菲柯机器人,20-99人,自动化设备,大专,1-3年,,7-10K,南京,,2026-06-02 22:05:48
43762077d8e9f0401XBy3dm_E1NX,实施运维工程师,信讯通,0-20人,计算机软件,大专,1-3年,"桌面运维, 系统运维, 网络运维",6-9K·13薪,南京,,2026-06-02 22:05:48
127cc5aa5f280b221HB52t20ElBU,运维工程师,上海民航华东凯亚...,100-499人,通信/网络设备,本科,1-3年,"系统运维, 计算机相关专业, 运维经验, 网络安全相关经验",7-8K·13薪,南京,,2026-06-02 22:05:48
ecdf51d73030a81b0ndy29m1GFBT,运维工程师,华苏科技,1000-9999人,互联网,本科,3-5年,,10-12K,南京,,2026-06-02 22:06:08
be6639a1461bd5390nB82dy5EldS,电网数据运维工程师,北京丝路来华科技开发,100-499人,计算机服务,本科,经验不限,,3-5K,南京,,2026-06-02 22:06:08
9e4fbab5e1af12770XN_29-7GVQ~,ERP运维工程师,先声药业,1000-9999人,医疗健康,本科,经验不限,"实施交付运维, IT技术支持, 大数据运维经验, 运维工程师, 运维开发经验, 计算机软件, 计算机相关专业, Oracle, 项目实施, SQL, 管理系统",10-15K,南京,,2026-06-02 22:06:29
024df85f35cef41003Ry2d2_F1pV,高级运维工程师,国电南瑞,100-499人,计算机软件,本科,3-5年,"Linux, 系统运维, 自动化运维, 调度自动化系统",10-11K,南京,,2026-06-02 22:06:29
0221c33531e1043103B53tm0EVRT,运维工程 师,南京易信同控制设...,20-99人,电子/硬件开发,本科,3-5年,"Redis, MySQL/Oracle, 计算机相关专业, 电子/电气/自动化相关专业, 运维经验, 运维开发经验, 通信相关专业",13-26K,南京,,2026-06-02 22:06:29
1256751fe47405c403Z-2dW4ElZW,远程运维工程师,霞智科技,100-499人,人工智能,大专,1-3年,"网络运维, 实施交付运维, 系统运维, 计算机相关专业, 电子/电气/自动化相关专业, 运维经验",6-9K,南京,,2026-06-02 22:11:38
178d4229533c4ad4031709W_FlNS,系统运维工程师,小西科技集团,100-499人,互联网,本科,5-10年,"DBA, 系统运维, K8S, vsphere  、Pve、Kvm, mongoDB",17-25K·14薪,南京,,2026-06-02 22:11:58
2942da8cb09e07960nZ93t29E1NT,运维工程师—跨境物流—14薪,深圳讯流国际物流,100-499人,跨境物流,本科,5-10年,,13-18K·14薪,南京,,2026-06-02 22:12:19
bc34bf6d200193580nd529q-E1VY,运维工程师（DevOps/云原生）,蔚蓝智能科技,100-499人,人工智能,本科,1-3年,"Docker, 系统运维, sre, 运维开发/DevOps, 运维开发经验, GPU集群, Python/Shell, 运维经验, Kubernetes",10-15K,南京,,2026-06-02 22:12:19
36baa28d05fe72db0nB409u_FVpX,软件运维工程师,银嘉集团,100-499人,进出口贸易,本科,5-10年,"sap, 系统运维, 旺店通, 运维开发/DevOps, 计算机相关专业",10-15K,南京,,2026-06-02 22:12:19
def562cd36f1ee570nZ43dW1FVJQ,高级运维工程师,开为网络科技有限公司,100-499人,互联网,本科,5-10年,,15-25K,南京,,2026-06-02 22:13:02
dc7517b27cf8dd560nB_2tq7E1RZ,运维工程师,理灿云,0-20人,计算机软件,学历不限,1-3年,"桌面运维, 计算机相关专业, 运维经验, 打印机/复印机维修经验",4-8K,南京,,2026-06-02 22:13:23
d3b3dab74c7f06d903N53968FFBR,运维工程师,维泰铭,100-499人,计算机服务,本科,3-5年,,6-9K,南京,,2026-06-02 22:13:23
4cfd042034e9bd9103x-3ty0FVtS,运维工程师-驻场电网,力德恒业,100-499人,移动互联网,本科,3-5年,"Nginx, MySQL/Oracle, Docker, 系统运维, 运维开发/DevOps, Redis, 计算机相关专业, 电子/电气/自动化相关专业, 运维经验",7-9K·13薪,南京,,2026-06-02 22:13:44
c666018150c836431Hd80tu4FFZU,IT运维工程师（项目驻场）,南京柏华信息科技,0-20人,通信/网络设备,大专,1-3年,"网络运维, 系统运维, 实施交付运维",6-9K,南京,,2026-06-02 22:13:44
286493874685fad91XV_3tu_FFFX,IT运维工程师,万里行,20-99人,移动互联网,大专,1-3年,"网络运维, 网络, 系统运维, 机房运维, 桌面运维, 打印机/复印机维修经验",5-10K,南京,,2026-06-02 22:14:05
05723cb7e0ca21c703R83du0ElBR,高级网络运维工程师,聚宁通信,0-20人,通信/网络设备,大专,经验不限,"桌面运维, 网络运维, 系统运维, IDC机房运维, 实施交付运维",6-10K,南京,,2026-06-02 22:14:27
076f382d095caf8a1n163d67EVFU,运维工程师,华天科技-南京,10000人以上,半导体/芯片,本科,经验不限,"系统运维, 软件运维, 芯片封测, 技术支持",6-8K·13薪,南京,,2026-06-02 22:14:27
daa3bb94c9a4aeb303Bz0tu4FVpV,系统备份工程师,南京诚恩,0-20人,计算机硬件,大专,3-5年,"系统运维, MySQL/Oracle, 计算机相关专业, 南京",7-8K,南京,,2026-06-02 22:14:27
726a568e754d8d9e03193tu_EVZY,运维工程师,江苏多普勒信息科技,0-20人,计算机/通信/其他电子设备,本科,1-3年,,4-6K,南京,,2026-06-02 22:14:48
213c244f81e0328e0nRz3dm0FVNU,阿里云平台运维实施工程师,新至数碳,100-499人,计算机软件,本科,3-5年,"Linux系统, 阿里专有云平台, 计算机相关专业",11-15K,南京,,2026-06-02 22:14:48
14ef9991ddf3f0dd0ndy09i8E1VW,运维工程师,鱼跃医疗,10000人以上,医疗健康,本科,3-5年,,20-25K·14薪,南京,,2026-06-02 22:14:48
042d0ee875db0ff20nB82Ny9E1FS,高级系统运维工程师,江苏快好多科技,100-499人,互联网,本科,5-10年,"DevOps, K8s, 容器",15-25K,南京,,2026-06-02 22:20:16
49306a5b5ac90ba30nd42t-1FFBX,实施运维工程师（南京）,南京君融科技有限公司,100-499人,通信/网络设备,本科,3-5年,,9-14K,南京,,2026-06-02 22:20:39
d85d95facc007dfe1H1-2dq1EFBV,运维工程师,南京市玄武区颐之...,20-99人,非营利组织,大专,1年以内,系统运维,3000-4000元/月,南京,,2026-06-02 22:21:00
858c10a086bca4190nB53dy1EVdW,运维实施工程师,北斗银河,100-499人,电力/热力/燃气/水利,本科,1-3年,"实施交付运维, 电子/电气/自动化相关专业, 硬件, 设备调试, 系统安装",8-10K,南京,,2026-06-02 22:21:00
64026c6db2bfdee50nZ-29W-FVVT,系统开发运维工程师,一出科技,100-499人,企业服务,本科,1年以内,"Java, 不接受居家办公, 团队管理经验, MySQL, PHP, Spring",8-10K,南京,,2026-06-02 22:21:21
6ef5ad91e761a83503V82N64F1NZ,运维工程师,南京迈赛际科技,0-20人,运营商/增值服务,本科,经验不限,"网络运维, 计算机相关专业, 通信相关专业, 运维经验, 测试工程师 VOS 国际, 英文较好",6-11K·13薪,南京,,2026-06-02 22:21:21
3302b490e69cf9e20nd42t-6FlJQ,项目实施运维工程师,同创有云,20-99人,计算机软件,本科,3-5年,"网络运维, 服务器, 交换机",10-15K,南京,,2026-06-02 22:22:23
788354e1acfe824a03Jy3Ni7EFU~,机房运维工程师,江苏图格,20-99人,互联网,学历不限,1-3年,"运维, 系统运维, IDC",3-5K,南京,,2026-06-02 22:22:45
bd29863ae11f16cd03B43d25F1A~,弱电工程师,汇九川,20-99人,移动互联网,中专/中技,3-5年,"实施交付运维, 运维, 系统运维",5-8K,南京,,2026-06-02 22:23:05
e1284ec70d7896f90nd-2ti4F1tY,运维工程师,新数讯科技,0-20人,检测/认证/知识产权,大专,,"IDC机房运维, 实施交付运维, 电子/电气/自动化相关专业, 运维经验",150-200元/天,南京,,2026-06-02 22:23:05
b8e10a58bce35d370ndz0965FVFQ,仓储系统开发与运维技术员,中兴通讯,10000人以上,互联网,本科,1-3年,,8-12K·13薪,南京,,2026-06-02 22:27:58
d0fb70ff03085e4e0nR72960GFtY,IT运维工程师,鼎泰药物,500-999人,生物/制药,本科,5-10年,,8-12K·13薪,南京,,2026-06-02 22:28:40
dad435307e63d0591XVz3ty0F1BR,运维工程师,鹏能,20-99人,电力/热力/燃气/水利,本科,1-3年,"SQL, Linux, 系统运维, 安全运维, 集群运维, 自动化运维",5-10K·13薪,南京,,2026-06-02 22:30:28
777288353fe24f8d0nB-29-4GVdQ,实施运维工程师,江苏中石电子科技,20-99人,计算机软件,本科,5-10年,"网络运维, 实施交付运维, Docker, Java, Python/Shell, 计算机相关专业, 运维经验",10-15K·13薪,南京,,2026-06-02 22:35:19
14097d13af29b1ef0nB-0t65FFtV,灾备系统运维人员（南京鼓楼）,方天科技股份有限公司,500-999人,计算机软件,本科,3-5年,"系统运维, IDC机房运维, 运维开发/DevOps, DBA, 实施交付运维, Java, MySQL/Oracle, Docker, Redis, 计算机相关专业, 运维经验, 运维开发经验, 网络安全相关经验, 灾备",10-13K,南京,,2026-06-02 22:35:40
5b860c78087c2c480nV93tq9F1tZ,数据中心运维工程师,某大型航空公司,100-499人,铁路/船舶/航空/航天制造,本科,5-10年,"桌面运维, 网络运维, 系统运维, 运维经验, 网络安全相关经验, 云平台/虚拟化管理, 数据库部署调优, 服务器与存储运维, 网络架构维护",20-30K,南京,,2026-06-02 22:36:00
dd9421cb20ee47080nB53d-9GFBS,阿里云运维工程师,伊克罗德,20-99人,计算机软件,本科,3-5年,"网络运维, Nginx, 实施交付运维, MySQL/Oracle, 系统运维, Python/Shell, 计算机相关专业, 网络安全相关经验, 运维经验, Kubernetes",10-14K,南京,,2026-06-02 22:37:02
d6d096e04667d4b40ndy0926FVRX,EMS系统交付工程师,苏州钧灏电力有限公司,20-99人,储能,本科,1-3年,"电力系统交付, EMS系统, 微电网",8-10K·13薪,南京,,2026-06-02 22:37:24
6037d2351a0b76ab0nB_3N64ElVZ,武汉应用系统运维工程师（有夜班）,亿达信息,1000-9999人,计算机软件,大专,1-3年,"MES, 汽车",6-7K,武汉,,2026-06-02 22:44:53
9cc8d34188b1ab4b0nB50t21E1dV,系统运维（现场一轮面试）,法本,10000人以上,计算机软件,本科,5-10年,"网络运维, Java, 防火墙, 系统运维, HCIE, 桌面运维, H3CIE, 网络安全相关经验, 网络安全, IDC机房运维",9-11K,武汉,,2026-06-02 22:44:53
c0445f39765d5ea81Hd809S0EFpV,运维工程师（湖北）,鹏能,20-99人,电力/热力/燃气/水利,本科,1-3年,"系统运维, 实施交付运维, 计算机相关专业, 电子/电气/自动化相关专业, 运维经验",6-11K·13薪,武汉,,2026-06-02 22:44:53
d2e1574d43b9b3c60nV_3Ny8GVNR,系统维护工程师,智信能科,1000-9999人,风电,本科,3-5年,,10-15K,武汉,,2026-06-02 22:44:53
39b0e67796e0d9bf0ndy09y1EVZS,高级系统运维工程师（无需坐班）,在华国际,20-99人,计算机软件,大专,5-10年,,3000-6000元/月,武汉,,2026-06-02 22:44:53
cf7b9f223e8618e80nB43Nq1EFNW,中级系统运维工程师,上海启宇科技有限公司,20-99人,人力资源服务,本科,3-5年,"桌面运维, 网络运维, 系统运维, IDC机房运维, 运维开发/DevOps, Java, Elasticsearch, MySQL/Oracle, Python/Shell, Golang, 计算机相关专业, 通信相关专业, 电子/电气/自动化相关专业, 运维经验, 运维开发经验",11-17K,武汉,,2026-06-02 22:44:53
015b4388c71396630nVz0tm7GFZW,储能电站运维工程师站长,湖北宇能通,0-20人,动力电池,学历不限,3-5年,"实施交付运维, 系统运维, 运维开发/DevOps, 运维开发经验, 电子/电气/自动化相关专业, 运维经验, IDC机房运维",10-15K,武汉,,2026-06-02 22:44:53
cb802d6d4bceba630nB52Nm-GVtV,H89699岗系统运维-K8S+AI大模型、笔试-面试,武汉佰钧成技术,1000-9999人,计算机软件,本科,5-10年,"Python/Shell, Zabbix/Prometheus, Docker, Kubernetes, 计算机相关专业, 运维开发经验, 技术管理经验, 私有化部署, 项目交付, 售后技术支持, 大模型部署、AI芯片",17-19K,武汉,,2026-06-02 22:44:53
c052d8e4c77cc3590nZ52du4FlJZ,BOM系统运维工程师,武汉江夏楚能汽车...,500-999人,汽车研发/制造,本科,3-5年,,10-15K,武汉,,2026-06-02 22:45:15
cf1d2a380c803b5d0nR63t2-EVVQ,系统运维工程师,PPIO,100-499人,云计算,本科,3-5年,,12-15K·15薪,武汉,,2026-06-02 22:45:15
37f14298dc1a3f381HJy3Ni-FFVX,系统运维工程师,武汉惠铖,20-99人,其他行业,大专,3-5年,计算机/网络系统工程师,4-5K,武汉,,2026-06-02 22:45:15
f882d871ee3dff710nV63ti6E1pR,中级系统运维工程师,武汉睿臻科技有限公司,0-20人,计算机软件,本科,1-3年,"Java, MySQL/Oracle, 运维开发经验, 运维开发/DevOps, Redis, Python/Shell, 网络安全相关经验, 运维经验",9-10K,武汉,,2026-06-02 22:45:15
1ba3d6cf7f3bad850nB52924EldW,高级SAP运维工程师（SD/MM）,eSUN易生,500-999人,石油/石化,本科,10年以上,,12-20K·13薪,武汉,,2026-06-02 22:45:15
89b9d0e3fd6c93a21XB72NW7EVdV,运维工程师（线损治理）,武汉亿达力,20-99人,计算机服务,大专,1-3年,"系统运维, 计算机相关专业, 运维经验",8-11K,武汉,,2026-06-02 22:45:15
87b9396675e6dd371Xx42921GFdR,系统运维工程师,获得场景视频,100-499人,互联网,大专,5-10年,"网络运维, 系统运维, DBA, Python/Shell, Ansible/Salt/Puppet, Nginx, 计算机相关专业, 运维经验, 运维开发经验",15-30K·13薪,武汉,,2026-06-02 22:45:15
bf333259c841dd760nB62NW7F1BQ,餐厨处理系统运维工程师(驻场武汉大学),成都中诚永达机电设备,0-20人,电气机械/器材,大专,经验不限,,5-6K,武汉,,2026-06-02 22:45:15
e50a2efc9ef7a3be0nV-39i5GVRS,云平台运维工程师,武汉电动汽车技术,20-99人,企业服务,本科,3-5年,"Docker, MySQL/Oracle, 系统运维, 有阿里云经验, Redis, 计算机相关专业",11-14K·13薪,武汉,,2026-06-02 22:45:15
7d61c77f38deeb680nB-2dq9GVRR,金蝶运维工程师/双休,湖北民本集团有限公司,500-999人,建筑材料,本科,5-10年,"系统运维, 实施交付运维, 金蝶云星空, 制造业经验, 金蝶",8-12K·13薪,武汉,,2026-06-02 22:45:15
0e5be453d461daa10nd43N64FFNQ,运维实施工程师,北京科信安技术,20-99人,计算机软件,本科,3-5年,,8-13K,武汉,,2026-06-02 22:45:15
fca65d3c9e1dd3810nZ_3tu1GVBR,MES系统运维工程师,小米,10000人以上,互联网,本科,5-10年,"Docker, MySQL/Oracle, Linux, k8s集群, 自动化运维CI/CD, Python/Shell, IDC机房运维, Kubernetes",15-25K·15薪,武汉,,2026-06-02 22:45:15
3f937a28e4dc130803J8096-EFJZ,系统运维工程师,法罗适,100-499人,医疗健康,本科,1-3年,,7-9K,武汉,,2026-06-02 22:45:15
db004889f26e057203192tW0EVBR,运维工程师（通信传输系统）,中贝通信,1000-9999人,通信/网络设备,大专,3-5年,"网络运维, SDH传输, 通信相关专业, 通信, 水利水电工程, 计算机相关专业, IDC机房运维",8-12K·13薪,武汉,,2026-06-02 22:45:37
e8abc54ed6b9ecfc0nB439-5F1dR,兼职运维工程师,厦门星鹭启元机器...,20-99人,专用设备,大专,1年以内,"系统运维, 实施交付运维, 通信相关专业, 电子/电气/自动化相关专业, 运维经验",35-50元/时,武汉,,2026-06-02 22:45:37
84b269e87621d9c21nZ83Nq9EVBW,远程运维工程师,客如云,1000-9999人,互联网,大专,1-3年,"系统运维, Windows, 网络协议, 计算机软件",6-10K,武汉,,2026-06-02 22:45:37
977b64c1fefac9570nd90tu0FVBT,应用运维工程师-云事业部,楚天云,100-499人,互联网,本科,3-5年,,15-22K,武汉,,2026-06-02 22:45:37
93bf8ce40fc1a0ee1XR93dq9GVo~,Linux运维工程师,创信博达,20-99人,计算机软件,本科,1-3年,"Linux, MySQL, 系统运维",6-10K,武汉,,2026-06-02 22:45:37
bde1e64897ffe90c0nB-2t6_GVRX,软件运维工程师,武汉三寰科技有限公司,20-99人,计算机服务,大专,1-3年,,6-8K·13薪,武汉,,2026-06-02 22:45:37
1667576c2162a4801HN_29m1FVZY,高级系统运维工程师,汇智坤元,100-499人,计算机软件,本科,5-10年,系统运维,10-12K·13薪,武汉,,2026-06-02 22:45:37
58e532ef2269395c0nB-2dm0EFZR,联友（东风）-运维工程师,人瑞网络科技,10000人以上,计算机硬件,大专,1-3年,,6-7K,武汉,,2026-06-02 22:45:37
13008445c02e851e0nV70ti0FldU,系统运维工程师,武汉万物观复信息,0-20人,计算机软件,本科,3-5年,,7-12K,武汉,,2026-06-02 22:45:37
97c8dbf18248c6400nB509S0ElpT,运维开发工程师 (MJ000646),魔视智能,100-499人,智能硬件,本科,3-5年,,15-30K,武汉,,2026-06-02 22:45:37
1d9be9d849aad9ac0nB82tu1GVNZ,AI 算力系统运维工程师,武汉有树,20-99人,云计算,本科,5-10年,,15-21K,武汉,,2026-06-02 22:45:37
9d11088313585cf80nV_3d6-FVBT,运维工程师-武汉,北京新方,100-499人,运营商/增值服务,大专,3-5年,"系统运维, 实施交付运维, MySQL/Oracle, 计算机相关专业, 通信相关专业, 运维经验, 呼叫中心, 项目经理",10-15K,武汉,,2026-06-02 22:45:37
b9734ed6d956c8960ndy2Ni9FlpW,系统工程师（OS/云平台集成与运维）-武汉,中科曙光,1000-9999人,互联网,本科,3-5年,,30-60K,武汉,,2026-06-02 22:45:37
dcb5c75e419e95a00ndy2t64GVBZ,运维工程师,武汉鑫刚强起重设备,20-99人,通用设备,中专/中技,1-3年,,7-8K,武汉,,2026-06-02 22:45:37
697d3b1a0d04374d03x-2dS_FlNV,IT系统/网络工程师,东风卓联数智科技公司,20-99人,计算机软件,本科,3-5年,,8-12K,武汉,,2026-06-02 22:45:37
dabcb7293f65e4071XNz0t-8EVtS,运维工程师,天天讯通,20-99人,计算机软件,本科,经验不限,"MySQL/Oracle, 系统运维",10-15K·13薪,武汉,,2026-06-02 22:45:59
24986c14bc39ea1d0nB52tm0FFRX,电气运维工程师,蓝汇家政,20-99人,家政服务,学历不限,1年以内,"系统运维, 电子/电气/自动化相关专业, 打印机/复印机维修经验",25-50元/时,武汉,,2026-06-02 22:45:59
00cf9f2be450d0b80nB_0t20GFFU,运维工程师（电力 武汉）,联合永道,1000-9999人,计算机软件,本科,3-5年,"计算机相关专业, 通信相关专业",8-10K,武汉,,2026-06-02 22:45:59
781896169236701103B73ty5EFJW,系统运维管理,数字认证,1000-9999人,计算机软件,本科,5-10年,运维管理,23-28K,武汉,,2026-06-02 22:45:59
8fdccaa2a70e19fd0nd83dq9F1RT,应用运维工程师,泰康之家,20-99人,其他行业,本科,3-5年,,11-13K,武汉,,2026-06-02 22:45:59
d5e56e09a82873330nZy2Ni-FldW,实习生（网络运维、系统维护）,华力控股(香港),1000-9999人,餐饮,本科,,,100-150元/天,武汉,,2026-06-02 22:45:59
518c68c12db3614a1XZ429W7F1VU,系统运维工程师,微诚科技,20-99人,计算机软件,本科,经验不限,"Shell, 软件系统运维, 客户运维, Linux, 服务器配置, Windows, Oracle, SQL",3-6K,武汉,,2026-06-02 22:45:59
3a7bd06d3d93ad290nd739y0EFFT,数据中心运维工程师,中曙能环境,20-99人,机电工程,大专,1-3年,系统运维,7-8K,武汉,,2026-06-02 22:45:59
88cbf76dcbb7b1d11XB429m4FFFY,高级运维工程师,长江期货,100-499人,证券/期货,本科,经验不限,系统运维,10-15K·15薪,武汉,,2026-06-02 22:45:59
3104be175f0609e803140928FVJY,交付运维工程师,SenseTime,1000-9999人,计算机软件,本科,3-5年,"系统运维, 售后管理, 运维开发经验, 计算机相关专业, 运维经验",13-22K,武汉,,2026-06-02 22:45:59
b8de9bb097c92cc60nZ82dq9GVZW,网络运维工程师,锐动慧科技,20-99人,机电工程,大专,3-5年,,4-7K,武汉,,2026-06-02 22:45:59
9004c969023d86300nB62NS4EVNR,信息系统运维工程师（制造业）,金杯电工,1000-9999人,电气机械/器材,本科,3-5年,,5-9K,武汉,,2026-06-02 22:45:59
0a8c3bee97434e971XJ82ty_ElJV,it运维工程师,长飞光纤,1000-9999人,电子商务,大专,3-5年,"MySQL/Oracle, 系统运维, 运维开发经验, 运维开发/DevOps",10-13K,武汉,,2026-06-02 22:45:59
e81b1d8c7bd2b13c0nd42t--F1dW,IT运维工程师,万向,100-499人,金属制品,本科,经验不限,"网络运维, 系统运维",6-8K,武汉,,2026-06-02 22:45:59
d6232efbdd616ad70nd90tu9E1VV,运维工程师,深圳瑞莱保核能技...,100-499人,其他新能源,本科,1-3年,"网络运维, 计算机相关专业",6-7K·13薪,武汉,,2026-06-02 22:45:59
8af5282f3d134e890nd73tS9EldT,系统运维实习生,中微知著,100-499人,检测/认证/知识产权,本科,,,120-150元/天,武汉,,2026-06-02 22:46:21
5fb3d108da73d32503x_09S-GVFQ,运维工程师（湖北武汉）,天辉科技,100-499人,计算机服务,本科,1-3年,"IDC机房运维, 系统运维, 计算机相关专业, 网络安全相关经验",7-11K,武汉,,2026-06-02 22:46:21
825547396bac4e7403Jy2Ny4EVRV,系统运维工程师,北京某大型建筑设计上市公司,10000人以上,建筑设计,本科,3-5年,"系统运维, Docker, Kubernetes, 计算机相关专业",20-25K·16薪,武汉,,2026-06-02 22:46:21
4b6fd133d25e688f0nB63tW8FFBY,（双休+五险一金）电网运维工程师,江行智能,100-499人,互联网,本科,1-3年,"电子/电气/自动化相关专业, 运维经验, 计算机相关专业, 电力行业工作经验, Linux操作系统",8-11K,武汉,,2026-06-02 22:46:21
d07513ef416751440nB82tm5FVNX,应用运维工程师,深圳易宝软件有限公司,1000-9999人,计算机软件,本科,1-3年,"系统运维, Python/Shell, Java, Golang, 计算机相关专业, 运维经验",12-13K,武汉,,2026-06-02 22:46:21
b5b603ab18a054d00nB82dW7ElNQ,运维工程师,上海鸿翼,100-499人,计算机软件,大专,5-10年,"系统运维, 实施交付运维, 计算机相关专业, 运维经验",10-12K,武汉,,2026-06-02 22:46:21
cee2f9d463051ff61XNy39y6GVtS,呼叫中心运维工程师,北京平治东方,100-499人,计算机软件,大专,3-5年,"系统运维, 实施交付运维, 通信相关专业, 运维经验, 网络安全相关经验",6-9K,武汉,,2026-06-02 22:46:21
c05c049d857200c80nZ73di8EVRV,运维工程师（大厂外包）,某大型计算机软件公司,10000人以上,计算机软件,本科,3-5年,,15-25K,武汉,,2026-06-02 22:46:21
d3bdb73a1390fec903163Nm6FFpR,电子洁净强电运维工程师,华康洁净,1000-9999人,机电工程,大专,5-10年,,15-25K,武汉,,2026-06-02 22:46:21
2535a576800ae89303d509S_GFVT,系统运维工程师,武汉雷特科技,20-99人,计算机软件,大专,,,80-100元/天,武汉,,2026-06-02 22:46:21
b41468a876d7bde303N42NW8EFBT,系统运维实习生,乐活智享,0-20人,其他专业服务,大专,,"Java, Nginx, 通信相关专业, 系统运维, 运维开发/DevOps, 运维开发经验, Redis, Python/Shell, 计算机相关专业, 运维经验, Kubernetes",120-140元/天,武汉,,2026-06-02 22:46:21
104ff6d5748e1ebe1XR-0ty5ElZZ,系统运维工程,新开普,1000-9999人,计算机软件,大专,1-3年,"SQL, Windows, Linux, Oracle, Access",5-8K·13薪,武汉,,2026-06-02 22:46:21
3560aa59cf8c11e11nJ909-6EVdZ,系统运维工程师,武汉二线,500-999人,机械设备/机电/重工,本科,经验不限,"系统运维, SQL, MySQL",6-9K·13薪,武汉,,2026-06-02 22:46:21
3573554270d6d24f1n1_3tW7GVJU,运维工程师,昆联数码,100-499人,计算机软件,中专/中技,1-3年,"桌面运维, 系统运维",7-8K,武汉,,2026-06-02 22:46:21
51c8a7fb736683ea1Xdz09S6E1VX,系统运维工程师,杰瑞兆新,100-499人,电子/半导体/集成电路,本科,经验不限,系统运维,6-10K·14薪,武汉,,2026-06-02 22:46:21
cebcf78e13a6d61e1nFy3dW-GVdY,运维工程师,创慧,20-99人,计算机软件,本科,1-3年,"桌面运维, 安全运维, 应用运维",6-9K,武汉,,2026-06-02 22:46:42
65618b1be5b7ae790nd92929F1BW,运维工程师,智网伟业,20-99人,计算机软件,大专,3-5年,"网络运维, 系统运维, 计算机相关专业, 运维经验",5-7K,武汉,,2026-06-02 22:46:42
9faa9ec7c490d0fe1XJ73d-6FlVV,微软系统运维工程师,天云科技,1000-9999人,互联网,本科,1年以内,"运维开发经验, 桌面运维, 计算机相关专业, 运维经验",6-10K,武汉,,2026-06-02 22:46:42
0bfc650187ebe7b80nZ_3N-8GVRS,运维实施工程师,国电南瑞,100-499人,计算机软件,本科,1-3年,"实施交付运维, 通信相关专业, MySQL/Oracle, 系统运维, 运维开发经验, 计算机相关专业, 运维经验",6-11K,武汉,,2026-06-02 22:46:42
d5ce04b1ce80dd310nB_0t-4FVFQ,运维工程师（应届生）,Jason捷先数码,100-499人,仪器仪表,本科,经验不限,系统运维,5-7K,武汉,,2026-06-02 22:46:42
c94cd3a77847d66d1XJ829i_EFNV,系统运维工程师,华瑞测,20-99人,计算机软件,本科,1-3年,"MySQL/Oracle, 系统运维, 计算机相关专业",5-6K,武汉,,2026-06-02 22:46:42
c10bae693682fb241Xdy29W4GVJV,系统集成运维工程师,众讯驿,0-20人,通信/网络设备,学历不限,经验不限,"系统运维, 实施交付运维, 通信相关专业, 运维经验",4-6K,武汉,,2026-06-02 22:46:42
bc6d86791423151203d73d65F1FV,运维工程师,数字智能,20-99人,企业服务,学历不限,经验不限,"网络运维, 系统运维, 桌面运维",300-400元/天,武汉,,2026-06-02 22:46:42
9567ee5b20c23cad1HR43ty8ElVU,运维工程师,武汉鑫宏晟,0-20人,互联网,学历不限,1-3年,"桌面运维, 网络运维, 系统运维",4-6K,武汉,,2026-06-02 22:46:42
11dd802af01cca590nd_2t-0FVdW,中高级运维工程师,中焙食品,500-999人,食品/饮料/烟酒,本科,5-10年,,12-18K,武汉,,2026-06-02 22:46:42
a2cdb53893dbe2e50nV93ty9ElZX,运维工程师,税友集团,1000-9999人,互联网,本科,经验不限,"系统运维, MySQL/Oracle, 计算机相关专业",5-7K·14薪,武汉,,2026-06-02 22:46:42
9099ba1d7baad94d1nV60t-8FlRW,安全运维工程师,武汉非尼克斯,20-99人,信息安全,本科,3-5年,"运维, 安全运维, 网络安全",8-12K,武汉,,2026-06-02 22:46:42
aec074362cda42a50nd629u-F1FS,运维工程师（医疗软件）,上海壹杰医疗科技,20-99人,医疗健康,本科,3-5年,"医疗软件, 系统运维, 运维经验",6-10K,武汉,,2026-06-02 22:46:42
6cc3eb80d3129e800nB52ty6FFtY,运维工程师,讯发科技,20-99人,通信/网络设备,大专,1-3年,"网络运维, 通信相关专业, MySQL/Oracle, Docker, 系统运维, 计算机相关专业, 运维经验, IDC机房运维",7-8K,武汉,,2026-06-02 22:46:42
fe2d17f7666da6050nR72d--GFFR,运维工程师,慧铁科技股份,20-99人,人工智能,本科,3-5年,,8-11K,武汉,,2026-06-02 22:46:42
0839504c564feba203J_3Nq1EFdW,多媒体运维工程师,武汉网盒,20-99人,通信/网络设备,大专,3-5年,"系统运维, 计算机相关专业",7-11K,武汉,,2026-06-02 22:47:03
db7ea26a5a5bad4a1nN43Nq0FFVS,驻场运维工程师,海星信力德,20-99人,计算机软件,大专,5-10年,"安全运维, 系统运维, CCNP证书, 网络交换技术",7-10K,武汉,,2026-06-02 22:47:03
03e683f218756bb10nZ83N21FFZT,视频会议驻场运维工程师（孝感）双休,凌云信通,20-99人,通信/网络设备,本科,1-3年,"网络运维, 实施交付运维, 计算机相关专业, 运维经验",5-7K,武汉,,2026-06-02 22:47:03
15a72be55c5951a70ndy3d-4FVZY,云平台运维工程师,西藏雅江计算科学技术,20-99人,互联网,本科,1-3年,"通信相关专业, 计算机相关专业, 运维经验, 算力运维 OpenStack",15-19K,武汉,,2026-06-02 22:47:03
ff4a6f2250bcfe451nx72Ny8GVBZ,系统交付运维工程师,武汉国响,20-99人,计算机软件,本科,1-3年,"服务器配置, 容器技术, 网络协议, 分布式技术, Tomcat, Docker, K8S, DevOps",7-10K·13薪,武汉,,2026-06-02 22:47:03
467c35e11b7e814e0nV83Ni8FFJS,系统运维工程师,希望组,100-499人,医疗健康,本科,1-3年,"Ansible/Salt/Puppet, MySQL/Oracle, Docker, 系统运维, Python/Shell, IDC机房运维, Kubernetes",5-7K,武汉,,2026-06-02 22:47:03
e8a5a6ab2e9648860nB_2t-9GFRQ,高级sre运维工程师,金山办公软件,1000-9999人,互联网,本科,5-10年,"系统运维, 运维开发/DevOps, Python/Shell, Golang, 计算机相关专业, 运维经验, 运维开发经验",25-50K·15薪,武汉,,2026-06-02 22:47:03
5a5d71769d7911700ndz3dy0ElVT,A股上市-美年健康-运维工程师实习生-27届,美年大健康,1000-9999人,医疗健康,本科,经验不限,,1-2K,武汉,,2026-06-02 22:47:03
1a34ab2e8bd736881nB909u7F1NR,系统运维工程师,融嘉合创,100-499人,计算机软件,本科,3-5年,"SQL, CSS, 服务器配置, 网络协议, Oracle, MySQL, DB2",9-11K,武汉,,2026-06-02 22:47:03
a8a3d98a312bc0480nB439q7FltU,高级运维工程师 / SRE Engineer,道致科技,100-499人,互联网,大专,3-5年,"Java, DBA, python, Docker, ELK, 系统运维, SRE, Redis, bash, 阿里云核心产品, Kubernetes",19-27K,武汉,,2026-06-02 22:47:03
fc2743af8d8483fa03B8096-GVFT,系统运维工程师,南京伊瑞水情水调...,0-20人,互联网,本科,1-3年,"Nginx, 网络运维, 通信相关专业, MySQL/Oracle, 系统运维, Redis, 桌面运维, 电子/电气/自动化相关专业",5-7K,武汉,,2026-06-02 22:47:03
2fe7249aab7f2b6b1HRy09i_E1pS,软件运维工程师,武汉市创景科技,20-99人,计算机硬件,大专,1-3年,"网络运维, 实施交付运维, MySQL/Oracle, 系统运维, linux, 运维开发/DevOps",6-8K·13薪,武汉,,2026-06-02 22:47:03
98a2a67f5dac97981Hd-2dm1FltQ,运维工程师,北京尖峰,20-99人,计算机软件,本科,经验不限,"MySQL/Oracle, 运维开发/DevOps",9-13K,武汉,,2026-06-02 22:47:03
e2915fe1ac4a87e71HZ-2dm7EVtY,初级运维工程师,韦拿,0-20人,互联网,大专,1-3年,系统运维,7-9K,武汉,,2026-06-02 22:47:03
0723f8efd25061320nRy09m7FVtS,运维工程师,海洋无限,500-999人,广告营销,本科,5-10年,,15-25K,武汉,,2026-06-02 22:47:03
0c8a88d99b7249f70nB-2dy1F1pT,运维工程师,中交信捷,20-99人,交通/运输,本科,1-3年,,8-10K,武汉,,2026-06-02 22:47:24
fe1187fcf649d33103183t21FFZX,运维工程师 随州,意恒,20-99人,通信/网络设备,大专,1-3年,"网络运维, 实施交付运维, 系统运维, 运维开发/DevOps, 计算机相关专业, 电子/电气/自动化相关专业, 网络安全相关经验, 运维经验, IDC机房运维",5-6K,武汉,,2026-06-02 22:47:24
44d26f6ab24911bd33F43Nq5F1Y~,系统运维工程师,中慧康盛,20-99人,通信/网络设备,大专,经验不限,"Nginx, Tomcat, Centos, Redhat, Weblogic, JBoss",4-6K,武汉,,2026-06-02 22:47:24
440c0c72cba4177c03d-29y0FFVT,运维工程师（OA方向）,武汉览山,100-499人,互联网,本科,1-3年,,6-10K,武汉,,2026-06-02 22:47:24
4b0334b0970198c403J62t67FlpX,运维工程师,同为股份,1000-9999人,通信/网络设备,本科,3-5年,"运维开发/DevOps, 计算机相关专业, 运维经验",12-20K·16薪,武汉,,2026-06-02 22:47:24
f3bd6a8c4f8c2e601Xxy3tq4GFRY,运维工程师,鼎之信,20-99人,通信/网络设备,大专,1-3年,"网络运维, 系统运维, 桌面运维",4-6K·13薪,武汉,,2026-06-02 22:47:24
1e30b48131c45e2d1nF_29-4FFVY,系统运维实习生,华润置地(武汉)...,10000人以上,房地产开发经营,本科,,财务系统管理,100-110元/天,武汉,,2026-06-02 22:47:24
68348921f4b538110nB529i9ElFV,云平台运维工程师,湖北楚禹水务科技,100-499人,信息安全,本科,3-5年,"网络运维, IDC机房运维, 计算机相关专业, 网络安全相关经验, 具备企业私有云运营管理经验优先",10-15K,武汉,,2026-06-02 22:47:24
5da61798309cc48f0nB-2NW5GFBW,云计算解决方案支持工程师（火山云驻场）,完美网络,20-99人,互联网,大专,3-5年,"网络运维, 实施交付运维, 大数据运维经验, 系统运维, 运维开发经验, 计算机相关专业, 运维经验",10-15K,武汉,,2026-06-02 22:47:24
37259dc4d0a98d0a0nZ82tq7EFRZ,设备运维工程师,武汉维特斯数字能...,0-20人,人工智能,大专,3-5年,"Java, 网络运维, 通信相关专业, Redis, Python/Shell, 网络安全相关经验, 电子/电气/自动化相关专业, 实施交付运维, MySQL/Oracle, 大数据运维经验, 系统运维, 运维开发经验, IDC机房运维",6-10K,武汉,,2026-06-02 22:47:24
66d83b729d6925a90XZ-3d6-FFY~,系统运维工程师,武汉硅司科技有限...,0-20人,移动互联网,本科,3-5年,"运维工程师, 安全运维, IT技术支持, SQL, 服务器配置, 容器技术, 网络安全, 电子商务",8-12K,武汉,,2026-06-02 22:47:24
6bd71410b9e566900nB50ti9FVJU,网络运维工程师,零日信安,0-20人,信息安全,大专,,"网络运维, 系统运维, 计算机相关专业, 运维经验",120-150元/天,武汉,,2026-06-02 22:47:24
52ffcd2858cac3be1nV439m8EFtY,信息系统建设运维,国创科技公司,20-99人,进出口贸易,本科,1-3年,"系统运维, 运维开发",5-10K,武汉,,2026-06-02 22:47:24
ecaab2c0e7f3d0671HN60tW-F1dV,运维/实施工程师,亿捷通,20-99人,计算机软件,本科,1-3年,"实施交付运维, 系统运维, IDC机房运维",3-8K,武汉,,2026-06-02 22:47:24
0c5705cbf0045e561nZ7292_EVpW,驻场运维工程师,信创智合,20-99人,信息安全,大专,1-3年,"系统运维, 桌面运维, 网络设备, 硬件, 机房运维, 虚拟化运维, KVM, VMware",5-9K,武汉,,2026-06-02 22:47:24
d5ed0d07e73455351nV53d21F1ZS,环保运维工程师,飞鸣科学,0-20人,仪器仪表/工业自动化,本科,1-3年,"传感器系统, 仪器系统, 实施交付运维, 运维, 系统运维, 运维经验, 环境监测仪表",6-9K,武汉,,2026-06-02 22:47:43
2e819078cb0aa6df1HB50925GFpX,运维工程师（手游）,心悦互娱,20-99人,游戏,大专,3-5年,"网络运维, 系统运维, 运维开发/DevOps, Python/Shell, MySQL/Oracle, Golang, 运维经验, 运维开发经验",5-8K,武汉,,2026-06-02 22:47:43
553813ffa32e3f4e0nZy29W7F1dS,系统运维,湖北云笈生物科技有限公司,0-20人,电子商务,大专,1-3年,,3-6K,武汉,,2026-06-02 22:47:43
91585085a1cbd1340nV72Ni5FFdS,it运维工程师,瑞立科德斯,100-499人,汽车零部件,本科,1-3年,,5-7K,武汉,,2026-06-02 22:47:43
f4a54da8f00201b803B_0tq5GFVR,运维售后工程师,武汉博胤科技有限公司,0-20人,互联网,大专,1-3年,"网络运维, 实施交付运维, 通信相关专业, 系统运维, 桌面运维, 计算机相关专业, 运维经验, IDC机房运维",6-8K,武汉,,2026-06-02 22:47:43
a7e6b16ef0aa4aa50nd-3Nu_GVBS,售后运维工程师,武汉长江通信智联,100-499人,互联网,本科,1-3年,"网络运维, MySQL/Oracle, 计算机相关专业, 通信相关专业",7-8K·15薪,武汉,,2026-06-02 22:47:43
1f81c316a1ad848203Fz09u5EFVS,应用运维工程师,探云科技,20-99人,互联网,本科,1-3年,,6-10K,武汉,,2026-06-02 22:47:43
cc52a7a8856b00ef03V42N60FVJR,运维实施工程师,湖北光舜科技,20-99人,计算机服务,大专,3-5年,,5-6K·13薪,武汉,,2026-06-02 22:47:43
a98ed47daafd10920nd729W6GFtW,应用运维工程师,招商证券,10000人以上,互联网金融,本科,3-5年,"系统运维, Python/Shell, Kubernetes, Docker, 计算机相关专业",16-23K,武汉,,2026-06-02 22:47:43
6444dc31b45e81e403Zy3N68F1dQ,系统工程师（BOM 管理及运维方向）,航达康,20-99人,电子/硬件开发,本科,3-5年,"计算机/网络系统工程师, 计算机相关专业, 通信/工程相关专业",8-10K,武汉,,2026-06-02 22:47:43
8053d39e2f1b69ca0nV52d65GVBT,运维工程师,万联星河,20-99人,计算机软件,本科,5-10年,,7-12K,武汉,,2026-06-02 22:47:43
4cf749cfffb285cc0nB73tq1EFJX,运维工程师（OA方向）,世舶科技,100-499人,互联网,本科,1-3年,,6-10K,武汉,,2026-06-02 22:47:43
3b904c3fb0518da00nR73Ny1GVpT,桌面运维工程师,华特信息,100-499人,计算机服务,大专,1-3年,"桌面运维, 系统运维, 计算机相关专业, 运维经验, 打印机/复印机维修经验",4-6K,武汉,,2026-06-02 22:47:43
9c075e64cfad02ab0nZ50tq0E1RX,系统售后工程师(J10412),凯乐士,500-999人,计算机服务,本科,3-5年,"实施交付运维, 系统运维, 运维开发/DevOps, Java, Redis, MySQL/Oracle, 计算机相关专业, 运维经验, 运维开发经验, 网络协议（HTTP）, Spring Boot, Maven/Gradle",8-13K,武汉,,2026-06-02 22:47:43
fd020956481c2d700ndz3ty6GFFX,虚拟化运维工程师,北京能科瑞元有限公司,1000-9999人,互联网,大专,5-10年,"系统运维, Kubernetes, Docker, 运维经验, VMware, vSphere",10-12K,武汉,,2026-06-02 22:47:43
2b3ab1025e28100b0nB62dS5FVFU,运维工程师,容联七陌,500-999人,移动互联网,大专,3-5年,,10-15K,武汉,,2026-06-02 22:48:03
6e8bf86db764a3791Hx82dq9FFFT,devops运维工程师,得力智能,20-99人,互联网,本科,1-3年,"Nginx, 系统运维, 运维开发/DevOps, Python/Shell, 运维经验, Kubernetes",7-9K,武汉,,2026-06-02 22:48:03
a3ef110543a24eae1Hx829S1E1dR,SRE 工程师,测度未来,20-99人,电力/热力/燃气/水利,本科,3-5年,"Golang, Java, 通信相关专业, 系统运维, 信息技术, Python/Shell, 计算机相关专业, 电子工程, 运维经验",8-12K,武汉,,2026-06-02 22:48:03
d44d11c92e134dba0nVz2Nq4E1RT,运维工程师,云南沁川环境科技...,0-20人,环保,本科,3-5年,,5-8K,武汉,,2026-06-02 22:48:03
b0f3638f548b714c1HJ6292-F1FR,高级运维工程师,高颐科技,20-99人,互联网,本科,5-10年,"系统运维, 运维开发/DevOps, Ansible/Salt/Puppet, Kubernetes, 计算机相关专业, 运维开发经验, Zabbix, Prometheus",8-12K,武汉,,2026-06-02 22:48:03
8c8ed7ff93df14231HR839m_GFRT,产品运维工程师,北京国能日新,500-999人,计算机软件,本科,1-3年,"实施交付运维, MySQL/Oracle, 系统运维, EMS, Python/Shell, 计算机相关专业, 功率控制, 电子/电气/自动化相关专业, 运维经验, AGC",7-9K·13薪,武汉,,2026-06-02 22:48:03
6b4e0404f657361e03V82tS8GVZU,运维工程师,武汉凤凰绿色贸易,20-99人,化工,本科,1-3年,"网络运维, 系统运维, 桌面运维",5-7K,武汉,,2026-06-02 22:48:03
31d7f262aa04598c03Ny3924FVVY,系统运维岗（武汉）,天正信息,100-499人,计算机软件,本科,经验不限,,4-6K,武汉,,2026-06-02 22:48:03
337f2043090cbe110nd43t24GFpZ,运维工程师,湖北华大江声科技,100-499人,半导体/芯片,本科,1-3年,"实施交付运维, 系统运维, Python/Shell, Elasticsearch, Docker, 计算机相关专业, 运维经验, 电子/电气/自动化相关专业, 智能硬件, linux, 人工智能, 人形机器人, 四足机器狗",7-8K,武汉,,2026-06-02 22:48:03
4e6b5403a71fc3c00nZ-0921GFJZ,AI 运维工程师,武汉文晞,0-20人,其他金融业,硕士,1-3年,"网络运维, 系统运维",6-8K,武汉,,2026-06-02 22:48:03
9773be8aa063b2861H180tS_E1pW,云数据库运维工程师,CloudBU,10000人以上,互联网,本科,1-3年,"网络运维, 系统运维, 运维开发/DevOps, DBA, Java, Python/Shell, MySQL/Oracle, 计算机相关专业",15-30K·14薪,武汉,,2026-06-02 22:48:03
5a42c41f5dbd33c503V42dm8FVVU,运维工程师,沃丰科技,500-999人,互联网,本科,5-10年,"Redis, Elasticsearch, Nginx, Python/Shell, K8S, 服务器运维, Helm Charts",11-18K,武汉,,2026-06-02 22:48:03
b89cde567d1992f41nN62N20FlJX,运行工程师,中凯达,1000-9999人,企业服务,大专,经验不限,"系统运维, 气化",6-8K,武汉,,2026-06-02 22:48:03
def1a01ec13cbf2e1n1-3NW4EFFZ,MES系统实施工程师,楚能新能源,1000-9999人,动力电池,本科,1-3年,数据库运维,12-20K,武汉,,2026-06-02 22:48:03
55c1f9f68ad2b0a21XF83d-1FFZT,运维工程师,武房网,20-99人,互联网,本科,3-5年,"IDC机房运维, 网络运维, Java, Docker, Ansible/Salt/Puppet, 计算机相关专业, 通信相关专业, 运维经验",7-10K,武汉,,2026-06-02 22:48:03
521b98d198470ea81nFy39W5F1dR,系统运维工程师,钧维电子,20-99人,计算机服务,大专,3-5年,"Nginx, Linux, 系统运维, Weblogic, 服务器配置, Oracle",6-10K·13薪,武汉,,2026-06-02 22:53:35
3913e7c5d8beacca0nB60t29GFVS,运维交付工程师,武汉飞越,20-99人,通信/网络设备,本科,10年以上,"实施交付运维, 通信相关专业, 运维开发经验, 项目交付经验, 计算机相关专业, 运维经验",8-10K·13薪,武汉,,2026-06-02 22:53:35
0260d908153d8aae0ndy3di7FlFS,运维工程师,儒松科技,20-99人,计算机软件,大专,1-3年,,6-10K·13薪,武汉,,2026-06-02 22:53:35
7a74e93366701a240nB_3dW-EFVS,运维工程师/信息技术,康世佑美,20-99人,批发/零售,本科,3-5年,,7-8K·13薪,武汉,,2026-06-02 22:53:35
bb39115a85a2e9c50nB43NS1GFpW,网络运维工程师-武汉,电科思立,20-99人,计算机服务,本科,经验不限,"网络运维, 系统运维",6-10K,武汉,,2026-06-02 22:53:56
e49c9ee23075565c0nZ93tW-FFJS,运维工程师,武汉依迅北斗,100-499人,智能硬件,本科,3-5年,,9-13K,武汉,,2026-06-02 22:53:56
f2dca1a5114f8cf10nB509u7GVpV,运维工程师,加盈机械,20-99人,电气机械/器材,本科,经验不限,"IDC机房运维, 系统运维, 实施交付运维, 大数据运维经验, 运维开发经验, 电子/电气/自动化相关专业, 通信相关专业, 运维经验, 机电一体化, 机器人, 机械工程, 大数据, 物联网",10-15K,武汉,,2026-06-02 22:53:56
edbed53d6cf1b4e103By0ty1ElNZ,高级运维工程师,湖北数字文旅,100-499人,酒店/民宿,本科,3-5年,,10-15K·14薪,武汉,,2026-06-02 22:53:56
09f941dcfc877ac603J929-8EVdU,系统运维工程师（多媒体与音视频系统方向）,知会数字,20-99人,计算机服务,本科,1-3年,"网络运维, 通信相关专业, 网络系统, 桌面运维, 会议系统, 计算机相关专业, 电子/电气/自动化相关专业, 运维经验, 系统运维, 多媒体音视频, 打印机/复印机维修经验, IDC机房运维, 音响系统",5-10K·13薪,武汉,,2026-06-02 22:53:56
1bafd480e303d54e0nd-2tu4FVFX,软件实施运维工程师,力德恒业,100-499人,移动互联网,本科,3-5年,"电网, 项目实施, 电力",7-10K,武汉,,2026-06-02 22:53:56
deeb63d2d61446770nV-2tu-FVNZ,办公运维工程师,武汉易晨创想,20-99人,计算机软件,大专,1-3年,,5-7K,武汉,,2026-06-02 22:54:17
d2dcff829742f88e03F-0t2_FFJX,私有云运维工程师,腾讯云,10000人以上,互联网,本科,经验不限,"DBA, 系统运维, 稳定性, SRE, Python/Shell, 私有云, 运维经验, Kubernetes",15-30K·14薪,武汉,,2026-06-02 22:54:17
af341c19ec464d3c03d43dq7GVVZ,k8s运维工程师,武汉码构信息技术,0-20人,计算机软件,本科,3-5年,"网络运维, Java, Docker, 系统运维, 运维开发/DevOps, Python/Shell, 计算机相关专业, Kubernetes",9-13K,武汉,,2026-06-02 22:54:17
c5eb79126e0d400b1Xx53dS8ElZS,运维工程师,迪赛威,20-99人,计算机软件,本科,1-3年,"驻场运维, 实施交付运维, 系统运维, 运维开发/DevOps, 国内院校优先, 计算机相关专业, 运维经验",8-13K·13薪,武汉,,2026-06-02 22:54:17
41ba705a3af17df61HN83NS8F1BS,武汉驻场工程师,美煌信息,100-499人,计算机服务,高中,3-5年,系统运维,7-10K,武汉,,2026-06-02 22:54:17
c733fc9a13c7d21d0nZ609i5EVRY,运维测试工程师,沃思泉链,0-20人,食品/饮料/烟酒,大专,1-3年,,6-10K,武汉,,2026-06-02 22:54:17
f25bb1199e6bb1ba1HB609W8GFVZ,运维工程师-武汉地区,云钛科技,20-99人,计算机软件,大专,经验不限,"MySQL/Oracle, 系统运维, 桌面运维, 计算机相关专业, 运维经验",3-5K,武汉,,2026-06-02 22:54:17
1b246d7e471626ed0ndy0tm7FldU,高级运维安全工程师,中至数据集团,100-499人,计算机软件,本科,3-5年,"网络运维, 实施交付运维, 系统运维, 运维开发/DevOps, 运维开发经验, 计算机相关专业, 网络安全相关经验, 运维经验",15-25K,武汉,,2026-06-02 22:54:17
472af5feb3107c700nd_2966EVBV,IDC基础设施运维高级工程师,烽火通信,10000人以上,通信/网络设备,本科,1-3年,"网络运维, 系统运维, IDC机房运维, 运维开发/DevOps, DBA, Java, Python/Shell, Golang, Ansible/Salt/Puppet, Redis",15-16K,武汉,,2026-06-02 22:54:17
6d40d4719a37218b0nZ_3d25GFFQ,实施运维工程师,渤海新能电力,100-499人,电力/热力/燃气/水利,本科,经验不限,,6-8K,武汉,,2026-06-02 22:54:38
d83212714c7c9ad00ndz0ti-F1tQ,运维工程师,雷神网络,500-999人,互联网,本科,5-10年,,35-50K·15薪,武汉,,2026-06-02 22:54:38
898072b1f9754ff50nd82ti-EVpT,运维工程师,得逸信息,1000-9999人,计算机软件,本科,3-5年,系统运维,8-9K,武汉,,2026-06-02 22:54:38
c0ac61fbfba787550nZ73tm5EVdT,【腾娱】平台运维工程师,腾讯,10000人以上,互联网,本科,1-3年,,11-18K·14薪,武汉,,2026-06-02 22:54:38
0d11cfede94f3cb8031z29i7E1FU,系统运维工程师,轻购云科技,100-499人,智能硬件,大专,1-3年,,4-7K,武汉,,2026-06-02 22:54:38
29c000db366984bf03x939y7GVVX,高级运维工程师,壹品慧,10000人以上,互联网,本科,5-10年,"Golang, 通信相关专业, Docker, 计算机相关专业, 电子/电气/自动化相关专业, 网络安全相关经验, 运维经验",15-25K·13薪,武汉,,2026-06-02 22:54:59
3db5a0e7df498d4a0nB639W-GFJU,机器人运维工程师（可实习）,武汉晴山科技有限公司,20-99人,智能硬件/消费电子,大专,1-3年,"网络运维, 系统运维, 运维开发经验, 桌面运维, 计算机相关专业, 电子/电气/自动化相关专业, 运维经验",4-6K,武汉,,2026-06-02 22:54:59
405dbaef20b401a81Hx909-4EVZQ,运维工程师,博诚数科,20-99人,计算机软件,本科,5-10年,"系统运维, 实施交付运维",8-9K,武汉,,2026-06-02 22:54:59
07637211728b667c0nR93969GVVV,电商运维工程师,名鑫技术,100-499人,互联网,本科,3-5年,,9-14K,武汉,,2026-06-02 22:54:59
5dabe73bd80fc56f0nB-3N67GVtX,机房运维工程师-上二休二,武汉壹仟科技有限公司,100-499人,通信/网络设备,本科,3-5年,,4-5K,武汉,,2026-06-02 22:54:59
dd978065624cbf4d1Xd_2NW9ElpQ,运维实施工程师,武汉联影智融,1000-9999人,医疗器械,本科,1-3年,"通信相关专业, 服务器配置, Python/Shell, 计算机相关专业, Windows, 网络协议, 运维经验, SQL, Shell, 实施交付运维, Docker, Linux, 容器技术, Python",10-15K,武汉,,2026-06-02 22:55:21
25817d0889e289b4031y09i_E1tV,java运维开发工程师（武汉）,汉得信息,10000人以上,计算机软件,本科,1-3年,,8-12K,武汉,,2026-06-02 22:55:21
478815a09916b9ba0nZy2di9FVtT,高级运维工程师,缔零科技,20-99人,人工智能,本科,3-5年,"网络运维, 实施交付运维, MySQL/Oracle, 系统运维, 运维开发/DevOps, 运维开发经验, Python/Shell, 计算机相关专业, 运维经验",15-30K·13薪,武汉,,2026-06-02 22:55:21
53cea5d9333b5f9003Z_39q5F1tU,运维工程师/双休/六险一金,武汉科信云图,20-99人,计算机软件,本科,经验不限,"大数据运维经验, 系统运维, 运维开发/DevOps, 运维开发经验, 运维经验",5-8K,武汉,,2026-06-02 22:55:21
d61fa20c02dc90100nR529i4EFpR,运维工程师,九派新闻,100-499人,新闻/出版,本科,5-10年,"网络运维, MySQL/Oracle, 系统运维, 计算机相关专业",12-15K·14薪,武汉,,2026-06-02 22:55:44
ee43cdaba934b8431XB_2d2_FFBU,光伏电站运维工程师,武汉恺日科技,20-99人,电力/热力/燃气/水利,大专,1-3年,"系统运维, 电子/电气/自动化相关专业, 运维经验, 光伏 电网",10-15K,武汉,,2026-06-02 22:55:44
02d2deafb433f26d0nV-09i9ElNR,运维工程师助理,恢弘科技,100-499人,电气机械/器材,本科,1-3年,,6-8K,武汉,,2026-06-02 22:55:44
fddfd979ecbff21e1HJ82Ny_EFo~,高级运维工程师,北京九恒星,500-999人,计算机软件,本科,5-10年,"软件运维, 数据库, 运维沟通",7-12K,武汉,,2026-06-02 22:56:05
d22b739042d5c7a61XBz2d-8ElBS,运维工程师（驻场工程师）,吧哒科技,100-499人,计算机服务,本科,1-3年,"网络运维, 系统运维, 计算机相关专业, 运维经验, IDC机房运维",7-10K,武汉,,2026-06-02 22:56:05
997b2e1ddc14db391Xx-2Ny_GVpZ,运维工程师,浙江应杰科技,100-499人,自动化设备,大专,1-3年,"网络运维, Java, C++, 系统运维, 运维开发经验, 桌面运维",7-10K,武汉,,2026-06-02 22:56:05
2dad35048d9c9aec0ndy3Nq4EFRS,高级大模型实施运维工程师,北京一村一品技术服务,20-99人,计算机软件,本科,3-5年,,10-12K,武汉,,2026-06-02 22:56:05
e39c5563968e70081Hx72dS4GFNY,vos运维工程师,快讯通,20-99人,通信/网络设备,大专,1-3年,"网络运维, 通信相关专业, 语音线路, 系统运维, 运维开发经验, 呼叫中心, vos, 运维经验",8-13K,武汉,,2026-06-02 22:56:25
33e7f4afb7ba420d0nVz3du9E1NR,初级运维工程师,武汉魁鳌信息技术,20-99人,互联网,大专,,"网络运维, 系统运维, IDC机房运维, 运维开发/DevOps, 实施交付运维, Python/Shell, Nginx, Redis, Elasticsearch, MySQL/Oracle, 计算机相关专业, 通信相关专业, 运维经验, 运维开发经验",140-150元/天,武汉,,2026-06-02 22:56:25
fcce499354303e8d1HBy2967GVY~,运维工程师,瑞天科技,20-99人,通信/网络设备,大专,1-3年,"系统运维, 系统管理员",5-9K,武汉,,2026-06-02 22:56:25
86c4fcbf5f9dd9860nB72968FlJY,运维工程师,开鸿,100-499人,互联网,本科,3-5年,"实施交付运维, MySQL/Oracle, Linux, shell, 系统运维, k8s",8-10K,武汉,,2026-06-02 22:56:25
eacbff11ab2b553e0nR43dm0FlFY,运维工程师,创想外码科技,100-499人,计算机软件,本科,3-5年,电力运维,6-8K,武汉,,2026-06-02 22:56:25
b2c6213c265f59790nB409--GVZV,软件集成工程师,云兆智联,20-99人,物联网,本科,1-3年,"系统运维, Python/Shell, 计算机相关专业",8-13K,武汉,,2026-06-02 22:56:25
1091b1746b0e568103Z73dW1FlZS,高级实施运维工程师,武汉鼎安华中,0-20人,计算机软件,本科,3-5年,实施交付运维,10-15K,武汉,,2026-06-02 22:56:25
5ac39aaa0254b3580nB5296-FlJV,中级系统运维工程师,新龙嘉盛,20-99人,计算机软件,本科,3-5年,,8-9K,武汉,,2026-06-02 23:00:34
0873e51f818a98890nB_29W8EVJQ,网络运维工程师,武汉源启科技,100-499人,计算机软件,本科,在校/应届,,7-12K,武汉,,2026-06-02 23:00:34
e6fd1f7fb46577231H1y39y1GVpV,游戏运维工程师,积萃科技,20-99人,游戏,大专,3-5年,"MySQL/Oracle, 系统运维, 计算机相关专业, 运维经验",11-15K,武汉,,2026-06-02 23:00:34
edd51d11ff14ced70ndy3dm5E1NU,运维工程师,海微科技,1000-9999人,汽车零部件,大专,3-5年,,8-12K,武汉,,2026-06-02 23:00:54
3371c28a593c52510nB52N-_ElBT,运维工程师,飞托克,1000-9999人,仪器仪表,本科,1-3年,"桌面运维, IDC机房运维, 计算机相关专业",7-10K,武汉,,2026-06-02 23:00:54
79c42fc93151e5b40nB60tm-GVtW,it运维工程师,大金空调,10000人以上,家用电器,本科,3-5年,"桌面运维, 网络运维, 系统运维, IDC机房运维, 计算机相关专业",7-9K·14薪,武汉,,2026-06-02 23:01:16
178687401104e6cf1nJ_3N26ElZR,服务工程师,广缘家电服务,0-20人,其他专业服务,中专/中技,经验不限,"系统运维, 安全运维, 自动化运维",7-12K,武汉,,2026-06-02 23:01:16
01cdb176c2f0ea2b0nVz2tm0ElZW,桌面运维工程师,武汉众娱伙伴,100-499人,游戏,本科,1-3年,"网络运维, 桌面运维, 计算机相关专业",7-8K,武汉,,2026-06-02 23:01:38
80d6b8402993bb980nd-09y6FlVQ,系统开发&运维工程师,凯乐仕,500-999人,物流/仓储,大专,3-5年,"Java, MySQL, 计算机相关专业, 售后、运维、开发",6-11K,武汉,,2026-06-02 23:01:38
4948f62479c7c5c21XN92di8EVNU,系统运维工程师,万鹏机电,100-499人,工程施工,大专,1-3年,计算机/网络系统工程师,5-7K,武汉,,2026-06-02 23:01:58
326de9bb251f32781X163ti9FVVW,运维服务工程师,启明科技,0-20人,其他专业服务,大专,3-5年,"空调运维, 实施交付运维, 系统运维, ups运维, 电子/电气/自动化相关专业, 运维经验, IDC机房运维",8-9K,武汉,,2026-06-02 23:01:58
c11264fae5fa7e600nR529S0GFRZ,电力系统运维工程师,鑫诚鼎泰,20-99人,其他生活服务,大专,1-3年,"市公司运维, 电力系统运维, 同源, 营销专线治理, 台区治理, 线损",5-7K,武汉,,2026-06-02 23:01:58
0cd3c3bbc308ea4603d83dm8GVFR,‌人工智能机器人运维工程师,武汉信息工程职业学校,1000-9999人,学校/学历教育,本科,3-5年,"通信相关专业, 系统运维, 计算机相关专业, 电子/电气/自动化相关专业, 运维经验",8-13K,武汉,,2026-06-02 23:02:41
caf1948cad6ac5210nB_2tq8ElFU,报表运维工程师,上海光启新程科技,20-99人,计算机软件,本科,3-5年,,7-8K,武汉,,2026-06-02 23:02:41
955b69b09f0b22930nd63t-1F1ZQ,运维工程师,北京乐恒科技,100-499人,互联网,本科,1-3年,,8-10K,武汉,,2026-06-02 23:03:02
764738f724c30aff0nVy3ty4F1JV,运维工程师,芯极客,100-499人,计算机软件,本科,5-10年,"网络运维, WMware, IDC机房运维",17-23K·13薪,武汉,,2026-06-02 23:03:02
b2c40964c3fb71291HFz2dq0FFtT,网络运维工程师,武汉德发,100-499人,智能硬件,本科,经验不限,"网络运维, HCIP证书, 计算机相关专业, 网络安全相关经验, 运维经验, IDC机房运维",5-7K,武汉,,2026-06-02 23:03:02
92350b3a2ac477130nR93tW9EFRX,安全运维工程师,中交信科集团,500-999人,计算机软件,本科,5-10年,"网络运维, 系统运维, IDC机房运维, 运维开发/DevOps, 实施交付运维, Python/Shell, Ansible/Salt/Puppet, Nginx, Docker, Kubernetes, 计算机相关专业, 运维经验, 运维开发经验, 网络安全相关经验, 大数据运维经验",11-15K,武汉,,2026-06-02 23:03:22
ac32f0b3f29514ba0nB50tS6FlFR,系统运维,理想科技,20-99人,计算机软件,本科,3-5年,,9-10K,武汉,,2026-06-02 23:08:51
dd99bee79035377e1XR_3dS4Fls~,运维工程师,网盾科技,20-99人,通信/网络设备,大专,经验不限,"Nginx, 网络运维, IT支持, MySQL/Oracle, Linux, 系统运维, 机房运维, 运维开发经验, Redis, 网络安全相关经验, IDC机房运维",4-8K,武汉,,2026-06-02 23:09:12
1081f77ee813e54a0nB62ti-E1NU,虚拟化运维工程师,大连创升科技有限公司,500-999人,计算机软件,大专,3-5年,"精通vSphere, 网络运维, VMware, 系统运维, 精通ESXi, Python/Shell, 运维经验, 精通vCenter",10-11K,武汉,,2026-06-02 23:10:34
a772878884e4758a0nB73N69FFZZ,运维工程师,杭州元维智芯技术,20-99人,互联网,本科,1-3年,,10-11K·13薪,武汉,,2026-06-02 23:10:34
78b728d7f54a19b40nB-3Nm9EltU,大数据平台运维工程师 (MJ000160),多比特,1000-9999人,游戏,本科,3-5年,"Java, 计算机相关专业, 运维经验, 大数据运维经验",16-30K·15薪,武汉,,2026-06-02 23:10:34
82d568e56ffa86d903J-3ti-GFJX,运维工程师,华然技术,20-99人,人工智能,本科,5-10年,运维经验,15-18K·14薪,武汉,,2026-06-02 23:11:37
540e335ae48ec22503Z83d25FVtX,运维工程师,武汉大海,100-499人,企业服务,本科,3-5年,"实施交付运维, 系统运维, 计算机相关专业, 运维经验",5-10K,武汉,,2026-06-02 23:11:58
5dd3e7bcff0442520nB-3N66E1RQ,应用系统运维服务,法本,10000人以上,计算机软件,大专,1-3年,"系统运维, 融资租赁、催收运维",6-7K,武汉,,2026-06-02 23:16:08
4c8072a529cd664703x609S0EFVQ,实施运维工程师（电网）,武汉电动汽车技术,20-99人,企业服务,本科,3-5年,"实施交付运维, 系统运维",8-11K,武汉,,2026-06-02 23:16:28
e2fd4748fb293f7b0nB-3dW7EVRX,IT 运维工程师,精臣,1000-9999人,智能硬件/消费电子,本科,3-5年,"网络运维, 系统运维, 桌面运维",6-11K,武汉,,2026-06-02 23:16:28
4e15ba748527e6bb1HB72N-4FFdX,运维工程师,地大信息,100-499人,计算机软件,大专,5-10年,"软件运维, 计算机相关专业, 安全运维",7-10K,武汉,,2026-06-02 23:16:28
7f8703c27e8afec103V42dy0ElNY,运维工程师,云林科技,20-99人,计算机软件,本科,3-5年,,30-50元/时,武汉,,2026-06-02 23:16:50
aa49708174f3432f1nx-3ty0GFpW,系统运维工程师（高级）,鼎智云链,20-99人,互联网,本科,10年以上,"负载均衡技术, 服务器配置, MySQL, Redis, 系统运维, 数据库运维, Nginx, Linux",12-17K,武汉,,2026-06-02 23:17:12
34f9119c66ae8c791H1929q9ElNS,腾讯云智运维工程师（武汉）,腾讯,10000人以上,互联网,本科,5-10年,系统运维,12-22K·14薪,武汉,,2026-06-02 23:17:12
a1be67423dea259e0nB52tS7F1pS,运维工程师（武汉）,保旺达软件,100-499人,信息安全,本科,3-5年,"系统运维, 实施交付运维, Redis, Nginx, MySQL/Oracle, 运维经验, 审计/分析系统, 日志审计, 数据安全",8-12K,武汉,,2026-06-02 23:17:12
be0fcb0c008f641003x_39y0F1NS,运维工程师,武汉嘉利锦,100-499人,计算机软件,大专,1年以内,"桌面运维, IDC机房运维, Java, 计算机相关专业, 通信相关专业",6-8K·13薪,武汉,,2026-06-02 23:17:12
9cec6ae8e1018e6d1nJ729y0GVVT,网络运维工程师,厚为,0-20人,通信/网络设备,本科,5-10年,"安全运维, Linux, Windows, 系统运维, Shell, SQL, 网络协议, 网络工程师证",7-9K,武汉,,2026-06-02 23:17:33
c46ec4697899450b03N53NS_GFtZ,运维工程师,微创新,20-99人,计算机软件,大专,经验不限,,100-200元/天,武汉,,2026-06-02 23:17:33
0a34471cb64eb7850nB43964EFtV,网络运维工程师,京邦达贸易有限公司,10000人以上,互联网,本科,3-5年,,11-18K·16薪,武汉,,2026-06-02 23:17:54
ae621aabd891e3980nB60tm4FFVZ,软件运维工程师,群展,20-99人,计算机服务,大专,1-3年,,5-6K,武汉,,2026-06-02 23:17:54
884ed286e6e124df03d43N6_E1BV,运维工程师,理工光科,100-499人,通信/网络设备,本科,3-5年,"Nginx, Java, 实施交付运维, 通信相关专业, Docker, 运维开发经验, Python/Shell, 计算机相关专业, 运维经验",6-10K·13薪,武汉,,2026-06-02 23:17:54
1ed475908e6338020nB70ti1FFpR,中级应用运维工程师,维恩贝特,1000-9999人,计算机软件,本科,3-5年,"系统运维, 运维开发/DevOps, DBA, MySQL/Oracle, Java, Docker, 运维经验",8-11K,武汉,,2026-06-02 23:18:16
50c51773a689e78c03V82d-_FVVZ,驻场数据处理及运维工程师,同海科技,100-499人,计算机软件,本科,3-5年,"实施交付运维, 大数据运维经验, 系统运维, 运维开发/DevOps, 计算机相关专业",6-11K·13薪,武汉,,2026-06-02 23:19:18
c47aee457ae80f5e1HVz3dW8E1tX,网络运维工程师-武汉,电科思立,20-99人,计算机服务,本科,经验不限,"网络运维, 系统运维",6-10K,武汉,,2026-06-02 23:24:08
b9d15af1e47cc76f03F529W1EFNV,CRM系统运维实施工程师,CET中电技术,1000-9999人,电力/热力/燃气/水利,本科,1-3年,"实施交付运维, 计算机相关专业, 电子/电气/自动化相关专业",7-10K·13薪,武汉,,2026-06-02 23:24:48
0f87061c286b6b0d03dz3d67ElVT,系统运维,世纪创博,0-20人,计算机服务,本科,1-3年,系统运维,6-8K,武汉,,2026-06-02 23:24:48
8f45c396b3c18a3b03Jy0t60EFdX,实施运维工程师,上海润达,1000-9999人,医疗健康,本科,5-10年,,12-20K·13薪,武汉,,2026-06-02 23:25:08
96ca89850aa1d5890nV839W6F1FY,运维工程师,腾讯,10000人以上,互联网,本科,3-5年,,12-20K·13薪,武汉,,2026-06-02 23:25:08
b954af10e31c3c6d1Xx92dy9GFdU,网络运维工程师,兴博安信息技术,0-20人,信息安全,大专,1-3年,"桌面运维, 网络运维, 系统运维",7-8K,武汉,,2026-06-02 23:25:08
8fd0df92b72e35b00nB709y-EFFU,运维工程师,讯方技术股份,1000-9999人,计算机软件,大专,1-3年,"系统运维, MySQL/Oracle, 运维开发经验",6-7K,武汉,,2026-06-02 23:25:08
3490cd709454c2ff1H1829-8EVU~,运维工程师,武汉贝塞尔,20-99人,计算机硬件,本科,1-3年,系统运维,15-30K,武汉,,2026-06-02 23:25:29
f6cf21a0824abc391HN62Ny9F1VR,运维工程师,蓝海华业,100-499人,智能硬件,学历不限,1-3年,"网络运维, 系统运维",6-8K,武汉,,2026-06-02 23:25:29
e5d00756a9d5b9351HRy3ti6F1BS,武汉市环保在线监测运维工程师,盛世瑞创环保,20-99人,环保,硕士,3-5年,运维经验,6-10K,武汉,,2026-06-02 23:25:51
c27170daa238cbc203B-2N2_FFVX,it网络运维工程师,湖北京邦达供应链科技,1000-9999人,快递,本科,3-5年,"桌面运维, 网络运维, 计算机相关专业, 运维经验, 运维开发经验, 网络安全相关经验",9-14K·16薪,武汉,,2026-06-02 23:25:51
301b02e3708afc450nd509u-GVtR,ERP 运维工程师,国药新创科技发展,100-499人,计算机软件,本科,3-5年,,8-13K,武汉,,2026-06-02 23:26:11
a0e63850f9ee9b7f0nd62di6GVtS,运维工程师-武汉,叮当快药,1000-9999人,医疗健康,本科,经验不限,,10-15K,武汉,,2026-06-02 23:31:02
a145228d9ef462b30nB70t61EVpQ,系统运维工程师,珞安科技,100-499人,计算机软件,本科,1-3年,"虚拟化, 系统运维, 运维开发/DevOps, 运维开发经验, 计算机相关专业, 运维经验",7-9K,武汉,,2026-06-02 23:31:23
dc575352fc74a6af031y2NW0FFdY,运维工程师,莫央教育网络科技...,100-499人,培训/辅导机构,本科,1-3年,Java,35-40K,武汉,,2026-06-02 23:31:44
924ad18a348eeb5b0nB439m_FVdY,数据运维工程师,映易传媒,100-499人,广告/公关/会展,本科,1-3年,,10-15K,武汉,,2026-06-02 23:32:04
2b060753526f77741Hx50ty4GFBY,运维工程师（武汉）,煤航研究院,1000-9999人,计算机软件,本科,3-5年,"系统运维, 网络运维, Nginx, Docker, Redis, 计算机相关专业, 运维经验, 地理信息相关专业",5-7K,武汉,,2026-06-02 23:32:25
6c4f6b3eaf30ad530nB-0t6_EVVW,运维工程师,武汉凌动智硕,20-99人,计算机软件,本科,3-5年,"熟练掌握RDS, 云监控, 熟悉计算与网络, Kafka, 精通阿里云ECS或AWS云",10-15K,武汉,,2026-06-02 23:32:47
30ee6e19a5d969731Hdz2921ElBY,网络运维工程师,武汉飞信云,20-99人,运营商/增值服务,大专,3-5年,"网络运维, 系统运维, IDC机房运维, Java, Python/Shell, 计算机相关专业, 运维经验, 大数据运维经验, Linux, 机房搭建，数据中心网络规划",6-10K·15薪,武汉,,2026-06-02 23:33:29
f6291c6a5d31f1d91HVz2d24EVVZ,高级运维工程师,武汉今夜到家健康科技,100-499人,美容,学历不限,经验不限,"网络运维, 系统运维",5-10K,武汉,,2026-06-02 23:33:50
8235b1958539ee5f0nB42tW-GFtV,SCRM系统运维工程师,中食优选,100-499人,医疗健康,学历不限,1-3年,,7-10K,武汉,,2026-06-02 23:38:58
b0d931bf9a111acd1nJy0tW_GFJW,运维工程师（急聘+双休）,有方网络科技公司,100-499人,移动互联网,大专,经验不限,"系统运维, 数据库运维, Windows, Shell, 大数据运维, 网络交换技术, Nagios, SQL Server",5-10K·15薪,武汉,,2026-06-02 23:40:45
e487f27f2b627c871Xd_3Nm8GFs~,运维工程师,艾柏思,0-20人,计算机软件,大专,3-5年,"运维, 系统运维, 网络",8-13K,武汉,,2026-06-02 23:40:45
c9f9dc1776ed214903143N65ElBY,现场运维工程师,华云智慧,20-99人,电力/热力/燃气/水利,本科,3-5年,"燃煤电厂等项目经验, 热能工程, 设备运行维护",5-9K,武汉,,2026-06-02 23:41:49
4f8c42fb4375239e1Hd42Nq9F1NZ,网络运维工程师,大润发,10000人以上,进出口贸易,本科,3-5年,"桌面运维, 网络运维, IDC机房运维, 运维经验",7-10K·13薪,武汉,,2026-06-02 23:41:49
7a284e71bce152d90nd-2tm5E1tY,运维工程师,连邦云创科技有限公司,20-99人,计算机软件,本科,1-3年,"实施交付运维, 大数据运维经验, 系统运维, 运维开发/DevOps, 运维开发经验, 计算机相关专业, 运维经验",6-8K,武汉,,2026-06-02 23:42:12
ce5c3347f2fce4ad1H162NS9GFBS,云平台运维工程师,云通智慧城市,20-99人,互联网,本科,3-5年,"系统运维, Python/Shell, MySQL/Oracle, Redis",6-8K,武汉,,2026-06-02 23:48:46
95447c47e1d30d460nR43dS0FFZY,VOS运维工程师,楚志云科技,0-20人,运营商/增值服务,大专,1-3年,"网络运维, 系统运维, IDC机房运维, 计算机相关专业, 通信相关专业, 运维经验",5-8K,武汉,,2026-06-02 23:49:06
82176c697077cb6d0ndz29i7FFtX,中间件运维工程师,纬致科技北京,10000人以上,计算机软件,大专,5-10年,"系统运维, 运维开发/DevOps, Python/Shell, Redis, Nginx, 运维经验, 运维开发经验, 公有云, 私有云",10-12K,武汉,,2026-06-03 00:02:28
5f236744c8c9ec020nR909S4GFdV,运维开发工程师,岚图汽车,1000-9999人,新能源汽车,本科,5-10年,,20-40K,武汉,,2026-06-03 00:03:56
141ed1d64e9cc3b00ndz3tS7FVtT,运维工程师,国安信息科技,100-499人,计算机软件,本科,1-3年,"系统运维, Docker",8-9K,武汉,,2026-06-03 00:04:38
940e1aa8cbaccf520nZ_29W6ElNY,运维工程师,微创新,20-99人,计算机软件,本科,在校/应届,,3-4K,武汉,,2026-06-03 00:11:33
121534e622087c510nd50921FlFQ,运维工程师,拓课云,100-499人,计算机软件,本科,3-5年,"Java, DBA, Docker, 运维开发经验, Python/Shell, 计算机相关专业, 运维经验",20-30K,武汉,,2026-06-03 00:12:17
4f8c76ca57c40c9e0nB-0t27E1RS,运维工程师,菁英荟智,20-99人,计算机软件,本科,3-5年,,3-4K,武汉,,2026-06-03 00:21:18
454fd08c769cc7500ndy3N--F1BQ,运维工程师,中至数据集团,100-499人,计算机软件,本科,1-3年,"MySQL/Oracle, 系统运维, Redis, Python/Shell, 计算机相关专业",12-20K,武汉,,2026-06-03 00:26:33
987d86bebc6a2b1c0nRz29S8FFRU,运维工程师,信和机电,100-499人,通用设备,大专,3-5年,,7-8K,武汉,,2026-06-03 00:27:16
163c16b8b9d7ffd30ndy2NS7EFJR,人力资源信息化系统运维顾问（26年应届生）,新略信息,20-99人,计算机软件,本科,在校/应届,"ERP, Oracle EBS/Fusion, 软件实施经验, 英语, 人力系统, oracle hcm, 人力资源信息化系统",6-8K,武汉,,2026-06-03 00:27:58
ea7382823bbbee4f1HFz29q-FFdW,运维工程师,智航互通,20-99人,计算机软件,大专,5-10年,"网络运维, 系统运维, IDC机房运维",25-35元/时,武汉,,2026-06-03 00:28:19
8f5e19c788652e5d0nd_2tq5F1BQ,运维工程师,云网数算,0-20人,人工智能,大专,1-3年,"实施交付运维, Python/Shell, Docker, Kubernetes, 计算机相关专业, 运维经验, 运维开发经验, 网络安全相关经验",8-13K,武汉,,2026-06-03 00:28:39
6435e3cddbca8c681HB72961GVBW,运维技术支持工程师,融捷科技,100-499人,计算机软件,本科,5-10年,"计算机相关专业, 运维经验, 运维开发经验, 英语流利",12-15K·13薪,武汉,,2026-06-03 00:35:37
3a6d374496a3b5b40nB_0968EFVX,测试运维工程师,凌智皓越,20-99人,大数据,学历不限,经验不限,,6-9K,武汉,,2026-06-03 00:40:49
1d37c6a42f784f080nB50t29FldV,运维工程师（第三方）,华测导航,1000-9999人,电子/硬件开发,本科,3-5年,,15-25K,武汉,,2026-06-03 00:41:10
27dd1f69a2048b0903182t-1FltY,运维工程师,武汉风鹏云上智能科技,20-99人,计算机软件,大专,3-5年,"网络运维, 系统运维, 实施交付运维, 计算机相关专业, 通信相关专业, 运维经验, 网络安全相关经验",7-10K,武汉,,2026-06-03 00:41:32
ff4e5a3d017073381XN-0tS_EFZV,系统运维工程师,杰然技术,20-99人,通信/网络设备,本科,1-3年,"实施交付运维, 国家电网, 系统运维",6-9K,武汉,,2026-06-03 00:41:32
5818de40a73b5d121HB70ti8EVBR,系统运维工程师,财新数据科技有限公司,100-499人,计算机软件,大专,1-3年,"系统运维, 桌面运维, 网络运维, Redis, MySQL/Oracle",5-9K,武汉,,2026-06-03 00:41:32
435cfef306d054ae1nx-3t-9GFRW,系统运维工程师（中级）,鼎智云链,20-99人,互联网,本科,5-10年,"负载均衡技术, 服务器配置, MySQL, Redis, 系统运维, Linux, 数据库运维, Nginx",7-12K,武汉,,2026-06-03 00:41:32
08e38470532c10ba0nB82924EVRS,运维工程师,中交信捷,20-99人,交通/运输,本科,1-3年,,8-10K,武汉,,2026-06-03 00:41:54
32f69c01c918867203B409m8GVRR,软件运维实施工程师,艾凯普,20-99人,计算机硬件,本科,5-10年,"实施交付运维, 需求调研, 计算机相关专业",6-10K,武汉,,2026-06-03 00:42:15
b7a4336456e9a8471nx-2tq0E1VS,运维工程师（急聘+双休）,行思合众,20-99人,互联网,大专,1年以内,"系统运维, 安全运维",5-9K·13薪,武汉,,2026-06-03 00:42:15
9610b9b67e1fc4490nB60t26FldZ,sre运维工程师,光昱智能,100-499人,其他行业,本科,3-5年,,10-15K,武汉,,2026-06-03 00:42:15
b1e7b6ce54d353c903B_3NS9FlNS,运维工程师,鑫瑞休闲娱乐,0-20人,休闲/娱乐,学历不限,经验不限,Java,20-30K,武汉,,2026-06-03 00:42:37
d17846049d8204db3nN_2tW9Elo~,系统运维工程师,华起物联,20-99人,计算机软件,本科,3-5年,"运维, 运维工程师, 安全运维, 运维监控, 自动化运维",7-12K,武汉,,2026-06-03 00:42:37
86981f671bc9ca8b031z3Ni5FFFX,测试运维工程师,易智航,20-99人,计算机软件,本科,3-5年,,7-12K·13薪,武汉,,2026-06-03 00:42:57
762d9734a64edefe1Hd6096_FlFS,系统运维,诚珂润,20-99人,工程施工,本科,1-3年,"系统运维, 电网相关行业经验",4-6K,武汉,,2026-06-03 00:43:19
971423bb7057b69a0H1_3d61GFE~,高级运维工程师,武汉侏罗纪,100-499人,计算机软件,本科,5-10年,"运维工程师, 系统运维, 网络运维, 安全运维, 机房运维",10-15K·13薪,武汉,,2026-06-03 00:43:19
e2421634f9df0c8d1HNy3969FldX,运维工程师,武汉明炀大数据,20-99人,计算机软件,本科,3-5年,"实施交付运维, Python/Shell",7-9K,武汉,,2026-06-03 00:43:39
87150aa7ff2e9c8d1HF43dm9E1FW,it运维支持工程师,大鱼创想,20-99人,互联网,大专,1-3年,"网络运维, 桌面运维, 系统运维",150-200元/时,武汉,,2026-06-03 00:43:39
32d1842a2f9e22d91HV_0tS-EFJU,运维工程师,科友医疗,20-99人,计算机服务,大专,1-3年,"系统运维, K8S多平台多操作系统",7-10K,武汉,,2026-06-03 00:43:39
ced103eee0c0011e03J83t6_E1JZ,初级网络运维工程师,昌盛通,100-499人,互联网,本科,经验不限,,5-10K,武汉,,2026-06-03 00:43:39
8e9125b99e37e8461HZz09i9ElZU,运维工程师,海昌信息,20-99人,计算机软件,本科,1-3年,"系统运维, 桌面运维, 网络运维, IDC机房运维",5-6K·13薪,武汉,,2026-06-03 00:43:39
f5a844786da8ed5f03Z529-4EVBY,云平台运维工程师,敬思亭,20-99人,计算机软件,本科,3-5年,"Python/Shell, 计算机相关专业, 运维开发经验, 大数据运维经验, 阿里云数据中台, MaxCompute, DataWorks, Flink, Hologres",8-10K·13薪,武汉,,2026-06-03 00:43:39
7dc9f4460865c0411n193N68GFVV,高级系统运维工程师,光谷技术,100-499人,通信/网络设备,本科,3-5年,"网络运维, 机房运维, 虚拟化运维, 桌面运维, 计算机相关专业, Windows, 网络安全相关经验, 运维经验, 存储运维, 实施交付运维, Linux, 系统运维, 集群运维, 安全运维",9-12K·13薪,武汉,,2026-06-03 00:47:48
f9cb63823c168f9e1Hd539m5GFFT,系统运维工程师-OA协同方向,小米科技,10000人以上,互联网,本科,5-10年,"OA, BPM",12-20K,武汉,,2026-06-03 00:47:48
38206d73cdfef98d1HF-3N-_GFBT,运维工程师（用采运维）,武汉亿达力,20-99人,计算机服务,学历不限,1-3年,"系统运维, 用电采集, 计算机相关专业, 运维经验",3-8K,武汉,,2026-06-03 00:48:09
ff84e22ade4e3c6f0nB_3dm5FlpU,汽车工厂管理系统运维（mes六险一金）,亿达信息,1000-9999人,计算机软件,大专,3-5年,"系统运维, IDC机房运维, MySQL/Oracle, 汽车, 工厂, 制造业",6-7K,武汉,,2026-06-03 00:48:09
5f3f304aeb3b43d00ndy2tq-E1ZT,IT运维工程师（制造业+双休）,海微科技,1000-9999人,汽车零部件,大专,3-5年,"网络运维, Nginx, 运维管理经验, 系统运维, 运维开发/DevOps, 运维开发经验, 桌面运维, Redis, Python/Shell, 运维经验",8-13K,武汉,,2026-06-03 00:48:09
e63686db98096ef50nZy09-9FFpW,软件运维工程师（湖北）,湖北大数元科技,100-499人,计算机服务,大专,3-5年,,5-6K·13薪,武汉,,2026-06-03 00:48:09
43bf8d0fed6e10750nVy3dW-EFRZ,运维工程师,武汉市盈丰精电科...,100-499人,企业服务,大专,5-10年,,6-8K,武汉,,2026-06-03 00:48:30
e2527745839a489c0nVy3di1EVpX,软件运维工程师,融汇信息,20-99人,计算机软件,本科,1-3年,,6-11K,武汉,,2026-06-03 00:48:30
e5a9abd296a360830nZy3Ny_FldR,大数据运维工程师,智现未来,100-499人,互联网,本科,3-5年,,10-15K·14薪,武汉,,2026-06-03 00:49:33
da200fd500a3312d0nR809-1EltW,桌面运维工程师（有社保不加班）,融智博金融港分公司,1000-9999人,银行,大专,3-5年,,5-6K,武汉,,2026-06-03 00:49:53
52175c157b8090dc03V50ty5FVVS,运维工程师,光谷金信,100-499人,互联网,本科,5-10年,"Nginx, Ansible/Salt/Puppet, MySQL/Oracle, 系统运维, 运维开发/DevOps, 运维开发经验, Python/Shell, 运维经验, Kubernetes",12-20K·13薪,武汉,,2026-06-03 00:50:34
5474714485ed3aab0nd-09W6FlRY,XMC-SA工程师,武汉新芯,1000-9999人,半导体/芯片,本科,5-10年,"系统运维, IDC机房运维, 网络运维",11-20K·15薪,武汉,,2026-06-03 00:50:34
8ae39a79248496fd0nZ_3Nm0GFZY,大区运维系统工程师(J13208),星星充电,1000-9999人,其他新能源,大专,3-5年,"电子/电气/自动化相关专业, 业务智能工具运用熟练, 汽车充电桩运维经验, 数据分析经验, 熟练阅读电路图, 精通电气动手操作技能",6-9K,武汉,,2026-06-03 00:56:05
08023d645d7295c80nB43Ni_GVVX,应用系统运维-武汉,法本,10000人以上,计算机软件,大专,1-3年,"系统运维, 软件运维, 飞书, OA, SQL SERVER/MYSQL, ORACLE",6-7K,武汉,,2026-06-03 00:56:05
026579416d1f131e0nB_2Ny1FltR,PHP后端开发｜专职系统运维工程师,武汉易优博科技有限公司,0-20人,企业服务,大专,3-5年,"PHP, Laravel/Yii/ThinkPHP, MySQL/Redis/MongoDB, 计算机相关专业, PHP开发经验, 服务端开发经验, 架构设计经验, 团队管理经验",9-12K,武汉,,2026-06-03 00:56:47
1b014ca5f3ca98960nB82925FVpX,运维工程师-武汉,科大讯飞股份有限公司,10000人以上,互联网,本科,3-5年,,10-11K,武汉,,2026-06-03 00:56:47
56597ecbae57c10a1Xx72dq8ElJT,中级运维工程师,国药器械,10000人以上,医疗健康,本科,3-5年,"系统运维, 运维开发/DevOps, 实施交付运维, Java, Nginx, MySQL/Oracle, 计算机相关专业, 运维经验, 运维开发经验",9-12K,武汉,,2026-06-03 00:57:29
8bd317ae92f273c20nR93N67E1NV,实施运维运营工程师,北京科信安技术,20-99人,计算机软件,本科,3-5年,,9-14K,武汉,,2026-06-03 00:57:50
40a6bef60fe1222003x93Ni4FFFX,运维工程师（有社保不加班）,融智博金融港分公司,1000-9999人,银行,学历不限,3-5年,"网络运维, 系统运维, 桌面运维, 计算机相关专业",5-6K,武汉,,2026-06-03 00:58:31
af2db059522d5d6a1XB63Nm0ElBW,应用系统工程师（andon）,吉利控股集团,10000人以上,汽车研发/制造,本科,3-5年,实施交付运维,12-17K,武汉,,2026-06-03 00:58:31
b4aaff5fbde209700nd60tS5EVtZ,运维工程师（云计算方向）,青云,500-999人,企业服务,本科,在校/应届,,6-11K,武汉,,2026-06-03 00:58:31
5c84289699faa1a21nV92N27FFtX,运维工程师,武汉鑫宏晟,0-20人,互联网,学历不限,1-3年,"机房运维, 系统运维, 桌面运维",4-6K,武汉,,2026-06-03 00:58:31
3a0440818ac95fc20nZ609-_E1dW,SRE运维工程师,九州通物流,1000-9999人,物流/仓储,大专,5-10年,"系统运维, Python/Shell, Nginx, Redis, Elasticsearch, Kubernetes, 运维开发经验, 运维专家, 能通宵发版, 包三餐, 有调休, 团队氛围好",15-20K,武汉,,2026-06-03 00:58:53
e36657d93f3422a50ndz29W_FVRV,运维工程师,旗云岱嘉,100-499人,计算机软件,大专,1-3年,,4-8K,武汉,,2026-06-03 00:58:53
f5b8a534fe07441b1X1-2Nq4FVpY,运维工程师,湖北凯纳特,20-99人,通信/网络设备,大专,经验不限,"网络运维, 系统运维, 桌面运维",4-6K,武汉,,2026-06-03 00:59:14
c99e0b5cdb0d854b1XJ939i5E1FV,存储运维工程师,XSKY星辰天合,100-499人,计算机服务,本科,3-5年,"Python/Shell, Docker, Kubernetes, 计算机相关专业, 运维开发经验, ceph",20-30K·13薪,武汉,,2026-06-03 00:59:14
2ac9495b7543c82a0nB82tm_EFFZ,污水设备运维工程师,鑫捷隆,0-20人,环保,本科,1-3年,,5-8K,武汉,,2026-06-03 01:06:35
661f5125c7cc1c0003N83d-4FlBU,运维实施工程师,武汉联影智融,1000-9999人,医疗器械,本科,1-3年,"网络运维, 系统运维, 实施交付运维, Python/Shell, MySQL/Oracle, 计算机相关专业",10-15K,武汉,,2026-06-03 01:06:35
fff24ad0d4acf9fc1HB72N--GVdU,运维工程师,地大信息,100-499人,计算机软件,大专,5-10年,"桌面运维, 网络运维, 系统运维, IDC机房运维, 计算机相关专业, 运维经验, 大数据运维经验",7-10K,武汉,,2026-06-03 01:28:24
e800e474df465d010nB63925FFdS,应用系统运维,万科祥盈,10000人以上,人力资源服务,大专,1-3年,"系统运维, MySQL/Oracle, 运维经验",7-8K,武汉,,2026-06-03 01:42:01
68505020992a9ef50nB5292-FVNS,高级SAP运维工程师（PP）,eSUN易生,500-999人,石油/石化,本科,10年以上,,12-20K·13薪,武汉,,2026-06-03 01:42:43
6ab1686a4f658d250nB509u9EFVX,应用系统运维,人瑞网络科技,10000人以上,计算机硬件,本科,3-5年,"汽车, 金融",6-7K,武汉,,2026-06-03 01:43:04
450a561c1471191403J43dW-F1BY,运维工程师,武汉志耀腾达电力工程,20-99人,电力/热力/燃气/水利,中专/中技,1-3年,实施交付运维,5-6K,武汉,,2026-06-03 01:52:29
9fff38e2df7a6b0c0nV-2Ni_EFRU,系统运维负责人,泰康之家,20-99人,其他行业,硕士,5-10年,"系统运维, 应用运维, SRE, 自动化运维, 运维监控, 运维开发",25-35K·15薪,武汉,,2026-06-03 01:52:29
5115e92aff27bde90nd43N67GFZZ,云平台运维工程师,岚图汽车,1000-9999人,新能源汽车,本科,5-10年,"网络运维, 系统运维, 运维开发/DevOps",20-40K,武汉,,2026-06-03 01:52:52
811c5cbe0f71fdbb03Rz2Nm6FVRZ,idc运维工程师,武汉世捷通,20-99人,大数据,本科,1-3年,"网络运维, 通信相关专业, 计算机相关专业, IDC机房运维",5-7K,武汉,,2026-06-03 01:53:33
f0a79dc3204435de03x93N28EFRV,平台运维工程师,金山云,1000-9999人,互联网,本科,3-5年,,15-25K,武汉,,2026-06-03 02:07:01
d8d7c251cc6f01e70nd93Nu_FVZR,运维工程师,中至数据集团,100-499人,计算机软件,本科,3-5年,"MySQL/Oracle, 系统运维, Redis, Python/Shell, 计算机相关专业",15-25K,武汉,,2026-06-03 02:07:21
fa8fa751dccb41bd0XN92Nm8ElY~,运维工程师,京东物流-华中区域,10000人以上,快递,本科,3-5年,"Golang, 网络运维, 通信相关专业, 运维开发/DevOps, 自动化运维, Python/Shell, 计算机相关专业, 网络安全相关经验, 网络协议, 运维经验, 运维监控, Shell, Ansible/Salt/Puppet, 运维开发经验, 网络设备, 安全运维, Python",8-13K·18薪,武汉,,2026-06-03 02:09:06
87375f11d2836fd40nB_3Nu6ElRQ,云事业部-应用运维工程师(J10168),楚天云,100-499人,互联网,本科,3-5年,,15-22K,武汉,,2026-06-03 02:15:16
86eee6986797ea1e0nB82dq1EVFY,系统实施运维工程师,苏州麦格达斯一分公司,100-499人,服装/纺织,本科,3-5年,"网络运维, 实施交付运维, MySQL/Oracle, 系统运维, 桌面运维, 计算机相关专业, 网络安全相关经验, 运维经验, IDC机房运维",9-12K,苏州,,2026-06-03 02:40:07
7bf53292b5eadcb80nB-29W6FFtT,资深系统运维工程师,牧星机器人,100-499人,装卸搬运和仓储业,本科,5-10年,"系统运维, 实施交付运维, 运维开发经验, 运维经验, 团队管理经验",20-25K,苏州,,2026-06-03 02:40:07
9d61b29a5035f1b30nB43dS_EVBV,桌面运维工程师(J63657),星空计划汽车,100-499人,新能源汽车,本科,3-5年,,10-15K·15薪,苏州,,2026-06-03 02:40:07
e9cdf9bd75e944590nB62d29GVJV,InoPur运维工程师【大厂+双休】,深圳某大型工业自动化设备上市公司,10000人以上,自动化设备,学历不限,经验不限,,15-25K,苏州,,2026-06-03 02:40:07
38809137b770e81b0nB709u7EVJQ,软件工程师/网络工程师/技术支持/系统运维,欧瑞隆电力工程,20-99人,机械设备/机电/重工,大专,1-3年,"系统运维, 运维开发/DevOps, 计算机相关专业, 运维经验",7-10K,苏州,,2026-06-03 02:40:07
9ab5f8456e43ba500nB-29m8ElNX,终端运维工程师,江苏天创科技,100-499人,信息安全,本科,3-5年,"桌面运维, 网络运维, 系统运维, IDC机房运维, 实施交付运维, 计算机相关专业, 运维经验, 网络安全相关经验, 大数据运维经验, 打印机/复印机维修经验",5-9K,苏州,,2026-06-03 02:40:07
c9d9ee285b25f0e60nB62tS7GVZW,驻场运维工程师,南洋万邦,500-999人,计算机软件,本科,1-3年,"实施交付运维, 通信相关专业, 计算机相关专业, 运维经验",8-10K,苏州,,2026-06-03 02:40:07
f9b7ea7c451bd2960nB60ti6F1pV,运维工程师(004138),江苏正力新能电池技术,1000-9999人,动力电池,本科,3-5年,,10-15K·14薪,苏州,,2026-06-03 02:40:07
8ad548ae308207bc0nV83du0ElVV,初级运维开发工程师,苏州福得机器人,20-99人,人工智能,本科,1-3年,,10-15K,苏州,,2026-06-03 02:40:28
c60c7666f9d6d3a80nB-3Nq-ElFZ,系统实施工程师,上海凌恒工业自动化,100-499人,仪器仪表/工业自动化,大专,1-3年,"ERP, OA, SCM, CRM",8-12K,苏州,,2026-06-03 02:40:28
663450233d11fe8c0nd43Ni0ElJU,IT运维主管工程师,秩益科技,20-99人,计算机软件,本科,3-5年,,21-24K·13薪,苏州,,2026-06-03 02:40:28
8b3f3368ac6ee9660nB_29-5FFRY,erp运维工程师,智慧谷激光智能装备,100-499人,专用设备,本科,3-5年,"系统运维, 计算机相关专业, 运维经验",10-12K,苏州,,2026-06-03 02:40:28
e33dc6418ec92e160ndy3NW4FVZU,运维工程师,裕太微,100-499人,半导体/芯片,本科,3-5年,,10-15K·15薪,苏州,,2026-06-03 02:40:28
db8d00a46fef95a21XJ_2964F1JU,系统运维工程师,某大数据公司,20-99人,大数据,本科,3-5年,"网络运维, 系统运维, 运维开发/DevOps, Python/Shell, Ansible/Salt/Puppet, 运维经验, 运维开发经验, 网络安全相关经验, 系统运维工程师",18-25K,苏州,,2026-06-03 02:40:28
96363bc439c6b6750nR82961EVtU,IT运维工程师,昆山金富宝电路板器材,100-499人,通信/网络设备,本科,5-10年,计算机相关专业,7-10K·15薪,苏州,,2026-06-03 02:40:28
205da2fcbe93a15a0nRz3dq4F1tQ,运维助理工程师,博理科技,100-499人,化工,本科,经验不限,,5-7K,苏州,,2026-06-03 02:40:28
ef191714385da1691XFy3dy7F1VR,运维工程师,江苏国衡,100-499人,医疗服务,大专,3-5年,Orcale,6-9K,苏州,,2026-06-03 02:40:28
5561585051604d170ndz2Ny8GFNR,全栈开发工程师,壹蓉科技,0-20人,计算机软件,本科,在校/应届,,7-12K,苏州,,2026-06-03 02:40:28
e42812643f1862cc03V82dW8F1RW,桌面运维工程师（苏州）,震裕科技,1000-9999人,仪器仪表/工业自动化,本科,3-5年,"桌面运维, 网络运维, 系统运维, IDC机房运维, 运维开发/DevOps, 计算机相关专业, 通信相关专业, 运维经验, 运维开发经验, 网络安全相关经验",7-11K·13薪,苏州,,2026-06-03 02:40:28
a6e594b1f78bebd10nB829u7EFpU,桌面运维工程师,外企德科,10000人以上,互联网金融,本科,经验不限,,6-10K,苏州,,2026-06-03 02:40:28
a7cf4b4b1277555b0nB73d66GVVS,网络与系统工程师（工作地：苏州）,深圳欣瑞热科,100-499人,智能硬件/消费电子,本科,3-5年,"网络运维, 工业自动化网络, 运维开发/DevOps, 桌面运维, Python/Shell, 计算机相关专业, 网络安全相关经验, 电子/电气/自动化相关专业, 运维经验, 从0到1工厂网络搭建, AWS/Azure, Cisco/Huawei 设备, 系统运维, 运维开发经验, IDC机房运维, SD-WAN",10-15K,苏州,,2026-06-03 02:40:28
035e79cd8418d85a0nZ929S6F1tV,运维工程师,中软国际,10000人以上,计算机软件,大专,1-3年,"网络运维, 系统运维, 桌面运维",5-7K,苏州,,2026-06-03 02:40:50
202050926fede5bc0nR90tW9EldT,售后运维工程师,时代天源科技有限公司,500-999人,储能,大专,1-3年,,9-12K·15薪,苏州,,2026-06-03 02:40:50
872d6e3415b9a60f0nB-2Ni1EFZX,mes运维-急招稳定-单休_sh1hb,版石控股集团有限公司,100-499人,互联网,大专,1-3年,"Java, 系统运维, MES, 运维经验",8-9K,苏州,,2026-06-03 02:40:50
4b793d9a183591d50nB829q-FlFV,运维工程师,RENOGY如果新能源,500-999人,光伏,本科,5-10年,,15-25K,苏州,,2026-06-03 02:40:50
7996d6feb2c9a3ee0nB_3tu5GVRU,IT运维高级工程师,威翰德科技,20-99人,计算机服务,大专,1-3年,,6-9K,苏州,,2026-06-03 02:40:50
3f3cdc69a9c9b0560nB52t66ElNY,运维工程师(J10170),苏州杰锐思,500-999人,自动化设备,本科,1-3年,"桌面运维, 系统运维, 运维开发/DevOps, 网络运维, 计算机相关专业, 网络安全相关经验, 运维经验",10-13K,苏州,,2026-06-03 02:40:50
2833265cfb42fa5f0nB4092_FFpR,IT运维工程师/主管（ERP方向，公司首位IT）,长山生态农业旅游开发,20-99人,生活服务(O2O),本科,1-3年,,7-9K,苏州,,2026-06-03 02:40:50
890ae009085837ae0nB_3t-6ElRZ,运维工程师,铁腾科技,20-99人,通信/网络设备,大专,经验不限,"IDC机房运维, 计算机相关专业, 运维经验, 服务器",6-9K,苏州,,2026-06-03 02:40:50
f073db3049fb577c0nB42Nu_F1pZ,初级运维工程师,京奥精密,0-20人,金属制品,大专,在校/应届,,3-4K,苏州,,2026-06-03 02:40:50
aca8e06ec7fd6ceb0nB429u5EVpV,运维工程师,苏州无界妙控科技,500-999人,其他制造业,大专,3-5年,"云上运维, DBA, MySQL/Oracle, Docker, 阿里云/AWS生态, 系统运维, 运维开发/DevOps, Python/Shell, 运维经验, Kubernetes",15-20K·15薪,苏州,,2026-06-03 02:40:50
3beac5f2b8439ba90nd-2d27EFpW,ERP运维工程师,江苏永泰建造,1000-9999人,工程施工,大专,3-5年,,8-12K,苏州,,2026-06-03 02:40:50
faf03e73f951fd0d0nB82tm6E1NT,IT运维工程师,苏州奥特美,20-99人,电子/硬件开发,大专,3-5年,"网络运维, 系统运维",5-8K·13薪,苏州,,2026-06-03 02:40:50
c105aeebdbcc157f0nd-0tu7EFtS,IT基础架构运维工程师,顺丰科技,1000-9999人,互联网,本科,3-5年,,11-20K,苏州,,2026-06-03 02:40:50
d5f6c292db2864621HB83dq6EVRZ,运维工程师（苏州）,鹏能,20-99人,电力/热力/燃气/水利,本科,3-5年,"实施交付运维, 系统运维",8-13K·13薪,苏州,,2026-06-03 02:40:50
2499b6f929adcbc30nB42t27GVBW,运维工程师,锦庭泛睿,0-20人,咨询,大专,1-3年,,60-80元/时,苏州,,2026-06-03 02:40:50
f971eafd967b95df0ndz3tq0GVtZ,高级it系统工程师,睿创微纳,1000-9999人,计算机软件,本科,3-5年,"通信/工程相关专业, 系统建设/运维经验, Linux运维经验, 计算机相关专业, 计算机/网络系统工程师",12-20K·14薪,苏州,,2026-06-03 02:41:12
ec376cdf0d8989570nZ_3dy_F1dU,IT运维经理,东融科技集团有限公司,1000-9999人,其他金融业,本科,5-10年,,10-15K·13薪,苏州,,2026-06-03 02:41:12
9918b0f90f73574a0nB62di8GVNU,k8s运维工程师,中达电子,10000人以上,电子商务,本科,3-5年,"Docker, 计算机相关专业, K8s, Linux 运维",12-16K·16薪,苏州,,2026-06-03 02:41:12
be5a606f1e2d50681H150ti8FVNY,系统运维,苏州小猫驾到网络...,20-99人,食品/饮料/烟酒,本科,经验不限,计算机相关专业,4-5K,苏州,,2026-06-03 02:41:12
51171143d6a870610nB52tm1FlFU,AI算法工程师,苏州某大型半导体上市公司,1000-9999人,半导体/芯片,本科,3-5年,,20-30K·15薪,苏州,,2026-06-03 02:41:12
415ca855ec1f5a6d0nB-096-GFtT,系统开发运维主任工程师(J10847),东山精密,10000人以上,金属制品,本科,5-10年,,20-30K,苏州,,2026-06-03 02:41:12
783077df2e4597ad0nB_3Ny8FlNR,高级it工程师,世航智能,100-499人,人工智能,本科,3-5年,,15-20K,苏州,,2026-06-03 02:41:12
438d18118d74dd470nB43Nq5EVNW,应用运维工程师,江苏吴江中国东方...,1000-9999人,其他行业,本科,3-5年,,11-20K,苏州,,2026-06-03 02:41:12
7b46e49ce3d564d41HZz3t68FVJS,数据开发工程师,天鹏电源,1000-9999人,智能硬件,本科,1-3年,"大数据开发经验, 数仓建设经验",10-15K·14薪,苏州,,2026-06-03 02:41:12
eb576e10873f79160nB-39q4FVtS,GIS项目运维工程师,云遥星图,0-20人,计算机软件,本科,经验不限,,5-8K,苏州,,2026-06-03 02:41:12
25b516105d2b815e0nZ73t6-EVdS,网络运维工程师,艾利特机器人,100-499人,通用设备,本科,5-10年,"网络运维, 通信相关专业, 系统运维, 桌面运维, 计算机相关专业, Python/Shell",12-18K,苏州,,2026-06-03 02:41:12
3ed8ea0fc6e7f1440nB629u1EFNV,泛微运维工程师,沐晨云启,20-99人,互联网,本科,1-3年,"系统运维, 实施交付运维, MySQL/Oracle, Docker, 计算机相关专业, 运维经验",6-9K,苏州,,2026-06-03 02:41:12
62d99ae424e687740nB43Ny6GVRY,帆软报表与数据运维工程师,南京拓华商服科技,20-99人,计算机软件,大专,3-5年,"要求数据开发经验, 数据平台开发经验, 数据仓库开发经验, SQL, Shell, BI报表开发经验, ETL开发经验, 数据治理经验, 非外包类, MySQL/SQL Server, PostgreSQL, DB2, Oracle",9-11K,苏州,,2026-06-03 02:41:12
aa632394359214100nB639m5EFtV,网络安全运维工程师,绵阳奇安信,100-499人,计算机服务,本科,3-5年,,10-11K,苏州,,2026-06-03 02:41:12
e46c40a55d61134d0nd40tW_EFRR,昆山数据中心暖通工程师（运维）,京东科技集团,1000-9999人,互联网,本科,5-10年,,18-35K·20薪,苏州,,2026-06-03 02:41:34
e8f8817050c79d4b0nB62Nm7FVZW,基础设施运维工程师,苏州某大型半导体上市公司,1000-9999人,半导体/芯片,本科,经验不限,"运维经验, 服务器运维",21-23K,苏州,,2026-06-03 02:41:34
cfccdf7951cdba3e0nB_2t6_E1BS,信息化实施工程师,苏州汉骅半导体,20-99人,半导体/芯片,本科,3-5年,,10-15K,苏州,,2026-06-03 02:41:34
b15b0b1a4e9f848f0nd83N27FlBX,MES系统开发工程师,英维克,1000-9999人,其他行业,本科,5-10年,"Java, C++, MES",14-20K·13薪,苏州,,2026-06-03 02:41:34
4b57fa3d210adcaf0nB-3dy4GFBV,IT运维工程师,培风图南,100-499人,半导体/芯片,本科,5-10年,,15-20K,苏州,,2026-06-03 02:41:34
591daaf7cbaa23900nB43tq8F1BR,AGV 运维工程师,苏州鑫科时代,0-20人,自动化设备,本科,1-3年,"Nginx, 实施交付运维, MySQL/Oracle, Python/Shell, 计算机相关专业, 电子/电气/自动化相关专业, 运维经验",7-8K,苏州,,2026-06-03 02:41:34
80f9f852fa46fef70nR62di7FFVR,mes运维工程师,云游四方,0-20人,互联网,大专,经验不限,"桌面运维, 系统运维, 实施交付运维, MySQL/Oracle, 计算机相关专业",5-7K,苏州,,2026-06-03 02:41:34
599aee1ddb65527903By2d-_GVNR,服务器运维工程师--服务器售后，服务器硬件,北京中科仙络,500-999人,互联网,大专,1-3年,"系统运维, 综合布线, idc, 上下架, IDC机房运维, 服务器售后, 数据中心",5-6K,苏州,,2026-06-03 02:41:34
3883714aaa2c246c0nB82d2-GVBV,中台工程师,追觅科技,1000-9999人,家用电器,本科,3-5年,,30-50K,苏州,,2026-06-03 02:41:34
8e41015e8745186b031829y6FVdV,运维开发工程师（Java/go/Python/公有云）,瞬联科技,1000-9999人,计算机软件,本科,5-10年,"Golang, Kubernetes, Python/Shell, 计算机相关专业, 通信/工程相关专业, 运维开发经验, CCNA/CCNP, 阿里云, 亚马逊云, 公有云, AWS, Python",14-17K,苏州,,2026-06-03 02:41:34
3b11d2e9e200ef4603192Ni5GFNT,系统集成工程师,天翼交通科技,100-499人,计算机软件,本科,经验不限,,20-35K·14薪,苏州,,2026-06-03 02:41:34
e48f36fd7d796e050nd52N27GFdV,物流系统工程师,坦博尔,1000-9999人,服装/纺织,本科,3-5年,,9-14K,苏州,,2026-06-03 02:41:34
79d57db94505285e0nV62Nq9FFtQ,运维工程师,恒利创优,100-499人,通信/网络设备,大专,1-3年,,6-10K,苏州,,2026-06-03 02:41:34
7214bb0b6b57b5010nZ90t65FlJU,oa运维工程师,追觅锋行,1000-9999人,智能硬件/消费电子,本科,3-5年,,12-22K·15薪,苏州,,2026-06-03 02:41:34
160555a251af56f70nd_39S1GFBX,运维工程师,华高世纪,100-499人,通信/网络设备,大专,经验不限,,5-7K,苏州,,2026-06-03 02:41:34
3308921229f6eefd0ndz3d-0ElRT,系统实施工程师,某企业服务公司,20-99人,企业服务,本科,3-5年,,20-21K,苏州,,2026-06-03 02:41:54
ae47c4913663174703J-3tS9GFZU,桌面技术工程师,江苏昆联,20-99人,计算机软件,大专,5-10年,"硬件设备, 五年经验, 操作系统, 桌面运维, 重装苹果系统, 计算机相关专业, 打印机/复印机维修经验",7-8K,苏州,,2026-06-03 02:41:54
8acef57ad57ef9fa1HF4296_FFRQ,运维工程师,新华三技术有限公司,10000人以上,计算机软件,本科,1-3年,实施交付运维,15-25K·14薪,苏州,,2026-06-03 02:41:54
6d4c5c0a926f256c0nB_0t26FFFW,Java高级工程师,箱云科技,0-20人,物联网,本科,3-5年,,15-20K,苏州,,2026-06-03 02:41:54
317b8dae52ce9b780nd52Ni_FFFU,虚拟化工程师,江苏白墨,20-99人,智能硬件,大专,3-5年,,8-13K,苏州,,2026-06-03 02:41:54
e84ba53fcbf54a320nB739S-GFJZ,网络工程师,苏州云谷,0-20人,通信/网络设备,本科,3-5年,"CCNP/HCIP等, 不需要出差, 有网络工程师经验, Zabbix/Prometheus, CCNA/HCIA等, 系统集成商, 熟悉Linux等操作系统, 计算机相关专业, 3到5年网络工程师经验, 大型网络运维",9-10K,苏州,,2026-06-03 02:41:54
9bb8b65dfbbf9d7e0ndy0tm4FVZT,运维工程师,数慧致科,0-20人,通信/网络设备,本科,3-5年,"网络运维, 通信相关专业, Docker, 计算机相关专业, 网络安全相关经验, 运维经验, IDC机房运维",10-12K·13薪,苏州,,2026-06-03 02:41:54
397709076ef6f2a20nV72Ny7GVtT,erp运维工程师,科森医疗器械,500-999人,医疗器械,大专,3-5年,"运维开发/DevOps, 实施交付运维, 系统运维, MySQL/Oracle, 计算机相关专业, 运维开发经验",13-18K,苏州,,2026-06-03 02:41:54
8a763de06d98c16e0nZ429m5GVFU,电气工程师,苏州某大型半导体/芯片上市公司,1000-9999人,半导体/芯片,本科,3-5年,,20-23K,苏州,,2026-06-03 02:41:54
ac147ae5c469794a0nB829m_E1RZ,电力运维工程师,Huawei,10000人以上,通信/网络设备,本科,3-5年,,11-16K,苏州,,2026-06-03 02:41:54
9c31619ee28e104d0nRz39S7F1FQ,AI算法工程师,苏州创造环保科技,100-499人,仪器仪表,本科,1-3年,,13-18K·13薪,苏州,,2026-06-03 02:41:54
7568cceaf27da1b60nZ-3Nq0FVpR,驻场运维工程师,世纪信安科技,20-99人,信息安全,大专,1-3年,"网络运维, 实施交付运维, 通信相关专业, 系统运维, 运维开发经验, 桌面运维, 计算机相关专业, 网络安全相关经验, 运维经验, IDC机房运维",5-7K,苏州,,2026-06-03 02:41:54
61197366a2bf78160nB829S1ElJU,人事系统高级工程师,苏州联讯仪器,1000-9999人,半导体/芯片,本科,5-10年,计算机/网络系统工程师,10-15K·13薪,苏州,,2026-06-03 02:41:54
03701441b9d301690nB53d6-E1RT,运维工程师,汇聚达创,100-499人,智能硬件/消费电子,本科,3-5年,"网络运维, Python/Shell, 计算机相关专业, 运维开发经验, 服务器运维",15-20K·14薪,苏州,,2026-06-03 02:41:54
6cee748da7ce0f2b0ndz2tu-GFBS,桌面运维,智维数安,100-499人,计算机软件,本科,5-10年,"桌面运维, 运维经验",6-8K,苏州,,2026-06-03 02:41:54
180bd589ee330b7a1XFz3ti9EFVZ,自动驾驶测试工程师,苏州广目科技,20-99人,智能硬件,本科,5-10年,"机器人, 无人车, linux, 测试",6-8K·14薪,苏州,,2026-06-03 02:42:15
c3848b8da77b40ee0nZ53dy9EFFR,ERP开发工程师（鼎捷T100）,LINKHOU,500-999人,专用设备,大专,5-10年,,15-22K·14薪,苏州,,2026-06-03 02:42:15
b08b0f32327d7df00nV629-4FVZT,副总/总工程师(轨道交通车载运维事业部),华云视创,20-99人,人工智能,大专,5-10年,,20-30K·13薪,苏州,,2026-06-03 02:42:15
2b8ee64928088b190nZ42t26FltY,软件工程师,亨通集团有限公司,1000-9999人,通信/网络设备,本科,5-10年,,10-15K,苏州,,2026-06-03 02:42:15
a5f3398ae0fc4c9b0nd-29u6E1tY,软件开发工程师,景昱医疗,100-499人,医疗器械,本科,5-10年,"Java, 团队管理经验, 微服务经验, 医疗行业, SpringCloud, MySQL, Spring",20-35K·14薪,苏州,,2026-06-03 02:42:15
4fe055d9dbbd65e40nZ93Ni_EFNS,JAVA开发工程师,爱丽家居,1000-9999人,橡胶/塑料制品,本科,5-10年,,14-17K·13薪,苏州,,2026-06-03 02:42:15
f5102774b7c446d30nB82t27GFNR,IT工程师（helpdesk）,名气家,500-999人,互联网,本科,3-5年,"桌面运维, 计算机相关专业",6-9K·13薪,苏州,,2026-06-03 02:42:15
d651bd4a724bd3e80nB52tu0F1tZ,前端开发工程师,石头科技,1000-9999人,智能硬件,本科,1-3年,"CSS, JavaScript, HTML5",15-25K·16薪,苏州,,2026-06-03 02:42:15
e3e6e14e024fd7610nZ82Nu-F1BQ,java运维工程师,浙江艾飞科有限公司,20-99人,电子/硬件开发,大专,3-5年,,8-12K,苏州,,2026-06-03 02:42:15
4db1e7bd1cdee8680nV-39m6F1pQ,运维/DevOps工程师,苏州灵境影音技术,0-20人,计算机软件,本科,5-10年,"Golang, Nginx, Ansible/Salt/Puppet, 运维开发/DevOps, Redis, Python/Shell",20-30K,苏州,,2026-06-03 02:42:15
360df4da206ddeef0ndy29u7EFRY,java开发工程师,某大型上市公司,1000-9999人,储能,本科,1-3年,,40-60K·15薪,苏州,,2026-06-03 02:42:15
b0250b6f318e03b703J73ti4FlpX,测试工程师,云坤信息,20-99人,计算机服务,本科,5-10年,,10-15K,苏州,,2026-06-03 02:42:15
d9a8a37e0f4faa810nZ73d69EVVR,系统架构工程师,苏州珂玛,500-999人,原材料及加工/模具,本科,5-10年,,12-18K,苏州,,2026-06-03 02:42:15
2a60020eb0f25d8903x929-_FlJZ,软件系统工程师（医疗）,飞利浦,1000-9999人,医疗健康,硕士,10年以上,"软件, C++, Python",22-35K,苏州,,2026-06-03 02:42:15
3ec9acf9d9e62dca0nB429-9GFtQ,数据库运维工程师（DBA）(J10433),天孚,1000-9999人,通信/网络设备,本科,3-5年,,15-25K,苏州,,2026-06-03 02:42:15
0f445a5faf1a7a8a03xz29q-EVFW,智能化实施工程师,苏州志汇技术有限公司,0-20人,人工智能,本科,3-5年,"通讯工程, 能看懂机械图纸, 传感器",13-25K,苏州,,2026-06-03 02:42:37
2d8c93b167b7762603Ry3d24ElFR,软件运维工程师,魔元术,20-99人,计算机软件,大专,1-3年,"实施交付运维, MySQL/Oracle, POS系统, 运维开发经验, 零售行业软件, 计算机相关专业, 运维经验",5-8K,苏州,,2026-06-03 02:42:37
fb67ad571add770b03162N69GVtX,光伏运维工程师,中嵘新能,20-99人,光伏,本科,3-5年,"工商业光伏运维, 要求光伏/风电运维经验, 工商业光伏运维经验, 光伏运维经验",7-10K·13薪,苏州,,2026-06-03 02:42:37
b346611516890a1903x_0968EVVZ,运维工程师,中地行信息技术,100-499人,人工智能,本科,3-5年,"网络运维, Nginx, 实施交付运维, MySQL/Oracle, 系统运维, Python/Shell, 计算机相关专业, 网络安全相关经验",11-15K·14薪,苏州,,2026-06-03 02:42:37
00d8ed759c8c2f7f0nB82tq9FVJS,系统管理高级工程师(J11095),迈为,1000-9999人,自动化设备,本科,5-10年,"AD域, SCCM, SharePoint, Exchange, Active Directory",18-25K·14薪,苏州,,2026-06-03 02:42:37
b98a00abce5db1450nd42tq7F1FU,厂区运维 自动化电气工程师,德邦昆山材料有限公司,100-499人,新材料,本科,5-10年,"Windows, PLC工程师",10-15K,苏州,,2026-06-03 02:42:37
d0c8eda720e005e60nV52d2_FVVY,全栈开发工程师,苏州纤意融飞,0-20人,其他制造业,本科,3-5年,,15-25K,苏州,,2026-06-03 02:42:37
b254234f6c29917b0nB-3d6-F1ZZ,电厂网络运维工程师,郑州龙华机电,500-999人,电力/热力/燃气/水利,大专,经验不限,,4-7K,苏州,,2026-06-03 02:42:37
d902cfe367f7893603x43t-8FlJS,java开发工程师,陕西海饼干科技,20-99人,计算机软件,本科,1-3年,"Java, Spring, SpringCloud, MyBatis, Hibernate, Kafka, MySQL, Redis, Oracle, 架构设计经验, 分布式经验, 微服务经验, 不接受居家办公",14-28K·14薪,苏州,,2026-06-03 02:42:37
a04a2ceaf6b323b30nB_29m_FVRR,高级前端研发工程师,苏州吾域科技有限公司,20-99人,计算机软件,本科,5-10年,"HTML5, CSS, JavaScript, React, Vue",17-25K,苏州,,2026-06-03 02:42:37
f1c558512a66cb520nB-0966GVVU,it工程师,杭州赛瑞克生物制造,20-99人,化工,本科,1-3年,,8-12K,苏州,,2026-06-03 02:42:37
fa1be68d7ed0a4bb03F42tq-FVtT,地铁通信运维工程师,长合信息,20-99人,通信/网络设备,本科,1-3年,"室分设计, 无线通信",5-6K,苏州,,2026-06-03 02:42:37
d7b35ab973c8a2190ndy2tS7FFVR,高级网络与云平台运维工程师(001763),同元软控,500-999人,计算机软件,本科,5-10年,"网络运维, Docker, Kubernetes, 网络安全相关经验, 运维经验, 大数据运维经验, 防火墙, VPN, 路由交换, 云平台, 虚拟化",15-25K·14薪,苏州,,2026-06-03 02:42:37
b7431c465556dd851HB43d28GFFT,产品工程师,众信方智,20-99人,人工智能,本科,3-5年,"售前技术支持经验, 视频方案, 计算机/通信相关专业, 煤矿, 项目实施, 可适应出差",6-11K,苏州,,2026-06-03 02:42:37
a58adc5a2b970d2d0nd839--EFBZ,AI Agent平台后端工程师【北京/苏州/上海】,Momenta,1000-9999人,互联网,本科,3-5年,,40-60K,苏州,,2026-06-03 02:42:37
89897bdf0a1aff160nB50t24ElVY,mes运维工程师,智域数科信息技术(郑州)有限公司,20-99人,计算机软件,本科,1-3年,"计算机相关专业, 运维经验, SQL server",6-11K·13薪,苏州,,2026-06-03 02:42:58
bcb8bf97030fb5100nd73dm8E1JT,开发工程师(PLM系统方向/Windchill),某知名汽车零部件上市公司,1000-9999人,汽车零部件,本科,3-5年,,20-25K,苏州,,2026-06-03 02:42:58
a9ee0ba8e61817300nB_2NW0EVtW,需求分析工程师,协同创芯,0-20人,计算机软件,本科,经验不限,计算机/软件工程相关专业,6-7K,苏州,,2026-06-03 02:42:58
693f299cd5b307970ndy3Nu7GFpS,给排水工程师,宁德时代新能源科...,10000人以上,汽车研发/制造,本科,3-5年,,10-15K·16薪,苏州,,2026-06-03 02:42:58
240233369bf4db670ndy09q1ElRY,亚太系统工程师（英语沟通）,深圳漫奢生物科技,20-99人,进出口贸易,本科,1-3年,"计算机/网络系统工程师, Python/Shell, Linux运维经验, 英文可沟通",22-25K,苏州,,2026-06-03 02:42:58
595e6cb58da4e63c0ndy0t-_F1RR,嵌入式软件工程师,融海微机器人,0-20人,专用设备,本科,1-3年,"C, C++, 计算机相关专业, 通信相关专业, 电气电气/自动化相关专业",16-24K,苏州,,2026-06-03 02:42:58
1a715a3dfd7092300nR_2Nq1F1NU,IOT系统测试高级工程师,欧普照明,1000-9999人,生活服务(O2O),本科,5-10年,,13-25K,苏州,,2026-06-03 02:42:58
c047f694781f6dae0nZ82di6EVRZ,全栈工程师,凌旭科技,100-499人,计算机软件,本科,5-10年,,10-14K,苏州,,2026-06-03 02:42:58
f8e11956f6bb9e270nB63tS7ElNQ,云计算运维开发工程师（GCP/AI大模型）,深圳万得云,20-99人,计算机软件,本科,1-3年,"Docker, Zabbix/Prometheus, MySQL, Python/Shell, Kubernetes",8-12K·13薪,苏州,,2026-06-03 02:42:58
b4494ce6f7da00ef0nV_39S1EVNT,高级php工程师,苏州禧致科技有限公司,20-99人,智能硬件,本科,5-10年,"Laravel/Yii/ThinkPHP, 电商平台开发, 海外独立站开发, PHP开发经验, PHP, MySQL/Redis/MongoDB, 架构设计经验, 英语读写能力良好",10-15K,苏州,,2026-06-03 02:42:58
97ace9005869026a0nd93NW_GVRR,全栈工程师,伏瓦科技,0-20人,计算机服务,本科,3-5年,,12-16K·13薪,苏州,,2026-06-03 02:42:58
52808f77b6ff1f040nd42dq6FlZS,电气高级工程师,德巴智能,100-499人,专用设备,本科,10年以上,"自动化技术, CAD",25-45K·14薪,苏州,,2026-06-03 02:42:58
22c0cd89542d50860nd-3920GFtW,中级java开发工程师,上海华泰,100-499人,计算机软件,本科,1-3年,"Java, 其他, Spring, SpringCloud, MySQL, Oracle",11-17K·14薪,苏州,,2026-06-03 02:42:58
13791ea6a0d97c920nZ72dq6FVdX,运维/DevOps工程师,上海灵境声学技术,0-20人,计算机软件,本科,3-5年,"Golang, 通信/工程相关专业, Java, Ansible/Salt/Puppet, Zabbix/Prometheus, 运维开发经验, Python/Shell, 计算机相关专业",20-30K,苏州,,2026-06-03 02:42:58
81a920272d88417c0nB52tu0EVJX,软件工程师,普汉智能科技(苏...,0-20人,计算机服务,本科,1-3年,"C#, C++, C#开发经验, .NET开发经验, 计算机相关专业",10-12K·13薪,苏州,,2026-06-03 02:42:58
8b323da5b86d0c550nd-3929FFdZ,体系工程师,苏磁智能科技有限公司,100-499人,专用设备,本科,5-10年,,11-18K·13薪,苏州,,2026-06-03 02:43:20
1999ce4e143657c7031y3t6_EVBQ,电气工程师,忱芯科技,100-499人,电子/硬件开发,本科,5-10年,35kv,20-35K·13薪,苏州,,2026-06-03 02:43:20
41503c07324a8b6203J73dW-GFtU,软件工程师,晶洲装备,100-499人,自动化设备,本科,5-10年,"C#, C#开发经验, MES",12-20K,苏州,,2026-06-03 02:43:20
b33ebd4edb552b681XFy3Ny0GVRR,运维工程师,众传科技,20-99人,通信/网络设备,大专,1-3年,"网络运维, HCIP, IDC, 数据中心",5-8K·13薪,苏州,,2026-06-03 02:43:20
8cade39789f8b1060nRy2dm-FFBU,Java开发工程师,世纪飞越,20-99人,互联网,本科,1-3年,"Java, Spring, SpringCloud, MyBatis, MySQL, 不接受居家办公",8-10K,苏州,,2026-06-03 02:43:20
ba38c61184c3279d0nZ-2Nm4FFVT,桌面运维实习生,鑫鸿溢网络科技,0-20人,企业服务,大专,在校/应届,"网络运维, 实施交付运维, 桌面运维, 计算机相关专业, 网络安全相关经验, 运维经验",3-5K,苏州,,2026-06-03 02:43:20
95f936547a70715003Ny3dS4GFVY,IT系统开发工程师,灵动创佳(昆山),100-499人,计算机硬件,本科,1-3年,"PHP开发经验, PHP, 大数据项目开发经验",10-15K·15薪,苏州,,2026-06-03 02:43:20
d660559cd03aad6c0nB_3d67EVtS,mes运维工程师,苏州汇编,20-99人,计算机软件,本科,经验不限,"系统运维, 运维经验, MES",6-10K,苏州,,2026-06-03 02:43:20
8204fc157a8ff6b30nB72di_ElZQ,ai开发工程师,福星医养,1000-9999人,医疗服务,本科,3-5年,,18-25K·13薪,苏州,,2026-06-03 02:43:20
3b3010454d6079480nB82929EFZQ,IoT云平台开发工程师,浙江余姚某大型园林机械上市公司,1000-9999人,专用设备,本科,5-10年,,30-50K·15薪,苏州,,2026-06-03 02:43:20
9091f734e0ba31160nB43N-5FlRV,mes工程师,黑盾股份,500-999人,通用设备,本科,3-5年,"运维开发经验, MES, 鼎捷, 计算机相关专业",10-13K·13薪,苏州,,2026-06-03 02:43:20
42f52459b9faddf20315096_ElNZ,立体库运维工程师,合益宏昌,20-99人,通用设备,大专,1-3年,,6-7K,苏州,,2026-06-03 02:43:20
cf009e9b429e4c100nB60tS8FVdX,后端工程师,米谷,20-99人,仪器仪表,本科,3-5年,"Java, 物联网经验, 不接受居家办公, C, SpringCloud, MySQL, SQL Server, Spring",15-18K·14薪,苏州,,2026-06-03 02:43:20
23b5612aad12f7f70nB63tS6FVNQ,储能系统工程师-软件,某知名企业,10000人以上,互联网,本科,3-5年,,30-60K,苏州,,2026-06-03 02:43:20
e2d4021d9d762e2e0nB63dm5FFpW,驻场运维网络工程师,苏州芮嘉信息科技,0-20人,通信/网络设备,本科,1-3年,"CCNP/HCIP等, 不需要出差, 通信相关专业, 有网络工程师经验, 数据中心运维, 1到3年网络工程师经验, 系统集成商, 计算机相关专业, 大型网络运维",6-7K,苏州,,2026-06-03 02:43:20
b6a77dff1d8c1f500nB5092_E1BZ,运维工程师（苏州）,东新慧科,100-499人,互联网,大专,3-5年,,6-7K,苏州,,2026-06-03 02:47:28
934c33efc87b41580nV52t24F1ZX,系统运维工程师,苏州国发数金科技,500-999人,互联网金融,本科,5-10年,计算机/网络系统工程师,13-20K,苏州,,2026-06-03 02:47:48
f8fd58c9cdee83dc1n193Ni9F1NX,运维工程师,金梓树,20-99人,计算机软件,大专,1-3年,"网络运维, 系统运维, 桌面运维, 安全运维, 应用运维",5-7K,苏州,,2026-06-03 02:47:48
f77b502ff57f21f30nB43di4EFVX,运维工程师,顺造,500-999人,家用电器,本科,3-5年,,10-15K·13薪,苏州,,2026-06-03 02:48:09
c25aecfb34c7a9800nRz0tq8F1NQ,系统集成工程师,某通用设备公司,20-99人,通用设备,本科,经验不限,,25-50K,苏州,,2026-06-03 02:48:09
360d17241f1e3aa40nB52dW5FVFS,软件实施运维工程师,苏州鲲航信息科技,0-20人,计算机软件,大专,1-3年,,4-5K,苏州,,2026-06-03 02:48:29
1cbd3abf459b4cb20ndz3N26FFtS,数据平台运维工程师,汇川技术,10000人以上,自动化设备,本科,5-10年,,20-30K·15薪,苏州,,2026-06-03 02:48:29
b39fb5c6f6f71d810nZy2N6_GVtS,SRE运维工程师,大健云仓科技,1000-9999人,电子商务,本科,5-10年,"系统运维, Java, Golang, Python/Shell, 计算机相关专业, 通信相关专业, 运维经验, SRE",14-28K,苏州,,2026-06-03 02:48:49
59e285bb19395fed0nZy3dy-FlZX,it工程师,好博医疗,500-999人,医疗器械,本科,3-5年,,8-13K,苏州,,2026-06-03 02:48:49
67541cf4c0c5b38b0nd63t6_F1RY,运维总监【跨国制造集团*稳定异地招聘】,某大型知名其他行业公司,10000人以上,其他行业,本科,10年以上,"运维, 系统运维, 安全运维, IT技术支持, 网络运维, IT运维规划",35-40K,苏州,,2026-06-03 02:49:09
fdfebfe70097ed7f03163di0FldZ,高级后端工程师,峰学蔚来,100-499人,咨询,本科,5-10年,"分布式经验, Django, MySQL, Python",11-16K,苏州,,2026-06-03 02:49:31
14392ea64d0664630nB63Nq6EVZS,AI应用项目技术支持工程师,今立方,0-20人,计算机软件,本科,1-3年,,8-13K·13薪,苏州,,2026-06-03 02:49:31
7110c1eba80a75f40nB739S-FlNX,大数据开发工程师,苏州汇编,20-99人,计算机软件,本科,3-5年,"要求数据开发经验, 数据平台开发经验, 数据仓库开发经验, Java, SQL, Spark, MySQL/SQL Server, Doris/Druid, BI报表开发经验, ETL开发经验, 实时数仓开发经验, 数据建模经验, 制造业行业经验",12-22K,苏州,,2026-06-03 02:49:31
0cf0b633cdd591880nB_09-7ElJT,Java后端开发工程师,埃林哲,100-499人,计算机软件,本科,在校/应届,"SpringBoot, Spring, SpringMVC, Oracle",8-10K,苏州,,2026-06-03 02:49:31
53911a0b57fabc940nB-2ty-E1FU,Java后端开发工程师,金记食品,500-999人,食品/饮料/烟酒,本科,1-3年,,12-15K·13薪,苏州,,2026-06-03 02:49:52
b3c74a783966de8e0nV40tS9F1FW,运维工程师,士电科技,0-20人,光伏,大专,3-5年,"光伏电站, 储能电站, 高低压电工证, 运维经验, 充换电站运维",6-11K·13薪,苏州,,2026-06-03 02:49:52
e77e8fd9868120881nx-2dW-E1JV,高级系统开发工程师,采星科技,0-20人,智能硬件,本科,3-5年,"Java, 云平台系统",15-25K·14薪,苏州,,2026-06-03 02:50:12
00d35664124ccce60nd62du1F1BT,服务器维护工程师,思朋信息,20-99人,计算机硬件,大专,1-3年,,6-10K,苏州,,2026-06-03 02:50:12
f9670d1babe56b4b0nV73NW5FVFV,全栈开发工程师,度依特,0-20人,计算机软件,本科,10年以上,"Java, Spring/Spring Boot, 后端开发经验, Vue, MyBatis, 全栈侧重前端, MySQL/Redis/MongoDB, 计算机相关专业, React, 前端开发经验, 全栈项目经验",10-15K,苏州,,2026-06-03 02:50:12
4ca11fd9452bb8730nB53N25F1pQ,感知软件工程师,魔法原子,100-499人,人工智能,本科,3-5年,,20-40K·15薪,苏州,,2026-06-03 02:50:32
ab803c6192dc60ea0nB639m8GFVQ,Java开发工程师,华瓴科技,100-499人,计算机软件,本科,5-10年,,15-25K,苏州,,2026-06-03 02:50:32
f32e3d06160960f90nZ53ti5ElZX,Java开发工程师,宏诚创新,100-499人,计算机软件,本科,3-5年,,9-14K,苏州,,2026-06-03 02:50:32
34c9ad8a19e9ab4f0nV43964FlJR,车联网运维工程师,新大洲本田摩托(...,1000-9999人,汽车研发/制造,本科,3-5年,,15-20K·14薪,苏州,,2026-06-03 02:55:22
1071b3cf4fe95a5a0nB-2d-1FVVQ,桌面运维工程师,嘉驰英才,1000-9999人,人力资源服务,大专,3-5年,"桌面运维, 一卡通系统, 资产管理",6-8K,苏州,,2026-06-03 02:55:22
0e576ca539f41bc5031839S9FVJZ,常熟IDC运维工程师,共启网络,20-99人,互联网,大专,1-3年,IDC机房运维,6-8K,苏州,,2026-06-03 02:55:43
44d8519aaad668b30nB-3920GVtS,云平台运维工程师-复试现场（提供两餐）,上海舟恩信息,100-499人,计算机软件,本科,3-5年,"系统运维, 运维开发/DevOps, Nginx, Elasticsearch, Kubernetes, Ansible/Salt/Puppet, Java, 计算机相关专业, 通信相关专业, 运维开发经验, 云平台, Linux系统运维, CAN、TCP、MQTT协议",11-16K,苏州,,2026-06-03 02:56:04
e0d440b1c68d990c1XR50t-4E1VT,运维工程师,中惠盈科技,20-99人,互联网,本科,1-3年,"Linux, 系统运维, 虚拟化运维, 存储运维, 机房运维",9-14K·13薪,苏州,,2026-06-03 02:56:24
3568c4cef0d820a20nB429m-FFpV,MES系统运行维护工程师,博沃创新,100-499人,汽车研发/制造,本科,5-10年,"Java, MySQL/Oracle, 系统运维, 运维开发经验, MES, Python/Shell, 数据库, 运维经验",10-15K·13薪,苏州,,2026-06-03 02:56:24
533a4c3e3452113a03xz3NS6GVpS,全栈工程师,苏州拓达,0-20人,计算机服务,本科,5-10年,"全栈无侧重, Java, Python, MySQL/Redis/MongoDB, 无人机飞控, 大疆无人机, 宇树机器人, YOLO  识别算法, 低空巡查",10-15K,苏州,,2026-06-03 02:56:46
086d1ad4ef0428b40nd93Nu8E1VZ,it工程师,苏州襄行电器,100-499人,家用电器,本科,3-5年,"企业内部IT技术支持, ERP/OA/CRM支持经验, ERP上线, IT资产管理",9-13K,苏州,,2026-06-03 02:56:46
6292967791a07f920nd82t66F1dV,it运维工程师,上海富隆捷氢能科技,100-499人,专用设备,本科,3-5年,"网络运维, 系统运维, IDC机房运维, 桌面运维, 运维开发/DevOps, Java, MySQL/Oracle, 计算机相关专业, 运维经验, 运维开发经验",5-8K·13薪,苏州,,2026-06-03 02:56:46
de8deeb517d271670nVz2Nq8F1tT,系统开发运维工程师,华之杰,1000-9999人,智能硬件/消费电子,本科,1-3年,,5-7K,苏州,,2026-06-03 02:57:07
20f388ce1a3c44520nZ739i7GVJT,MES系统工程师/专家 (MJ000081),武汉星钥半导体,100-499人,半导体/芯片,本科,10年以上,,25-50K·14薪,苏州,,2026-06-03 02:57:29
1aab713c13aa52e10nB62d-9GVRV,运维工程师（OA）,安佑集团,1000-9999人,农/林/牧/渔,本科,1-3年,"系统运维, 计算机相关专业, 运维开发经验, 泛微",5-7K,苏州,,2026-06-03 02:57:50
0b56af3f0474c9920nB739S6F1VR,化工工艺工程师,苏州中迈新能源科技,20-99人,环保,本科,3-5年,"能源/化工/环保经验, 化工设备经验, 环保设备经验, 化学工艺, AutoCAD, 现场工程师（ME）经验, 需要出差, 工艺工程师 设备工程师 三维建模工程师",8-10K,苏州,,2026-06-03 02:57:50
3c69f845fedbf0c70nV82ti9F1pV,服务器系统运维工程师,软件评测,1000-9999人,计算机软件,本科,1-3年,"系统运维, 计算机相关专业",8-10K,苏州,,2026-06-03 03:01:57
9ffc29b52749509e0nZ83tq5FVNY,系统运维工程师,某大型工业自动化设备上市公司,10000人以上,自动化设备,大专,经验不限,,15-25K,苏州,,2026-06-03 03:01:57
6074ded9005f3eb10nd_0ti4GFVU,机房服务器运维工程师--昆山,联想云领,1000-9999人,计算机硬件,大专,1-3年,"IDC机房运维, 计算机相关专业, 服务器硬件",6-7K,苏州,,2026-06-03 03:01:57
78cbfeffc273d9d81Hx63dy_FVJY,运维工程师,金奇峰,0-20人,其他新能源,大专,经验不限,1-3年经验,5-10K,苏州,,2026-06-03 03:01:57
e0212a255e91568f0nB_0tS7EFpQ,mes系统运维工程师,杭数人才,100-499人,计算机软件,大专,1-3年,,6-7K,苏州,,2026-06-03 03:01:57
943a776de5a1187f0nB82tS5FVNR,运维工程师,苏州智能交通,100-499人,计算机软件,本科,3-5年,"系统运维, 网络运维, 实施交付运维, 计算机相关专业, 运维经验",11-20K·13薪,苏州,,2026-06-03 03:01:57
7eba15f7ea3b8ffa0nB52t68F1JW,数据中心暖通运维工程师,本物科技,500-999人,其他专业服务,大专,3-5年,"接受无暖通工程经验, 不需要长期出差/驻场, 数据中心, 暖通, 空调, 运维",11-13K,苏州,,2026-06-03 03:01:57
66a5f8f97500f7fa03Ny3dW4FltS,运维工程师（昆山）,匠人智慧,20-99人,计算机软件,大专,3-5年,"讲解, 运维, 平台",5-7K·13薪,苏州,,2026-06-03 03:01:57
7bf3d1c5bfb7419c031z39-6GVdV,DBA数据库运维工程师（JZSZ）,华通科技,500-999人,计算机软件,大专,3-5年,,12-20K,苏州,,2026-06-03 03:01:57
ca22637e56112a4d0nd90tm9E1RX,电气运维工程师,某大型互联网公司,500-999人,互联网,本科,3-5年,"数据中心, 高低压配电系统, UPS/HVDC, 柴油发电机",20-25K·13薪,苏州,,2026-06-03 03:01:57
e76bcdaaa525a1d20nd-29-_F1RS,暖通运维工程师（昆山）,仲量联行,10000人以上,咨询,大专,5-10年,"有暖通工程经验, AutoCAD, 不需要长期出差/驻场, 暖通工程运维经验, 制冷工程经验, 节能工程经验, 空调工程经验, 3-5年暖通工程经验, 园区暖通运维",12-14K,苏州,,2026-06-03 03:01:57
2f0086c47291e58d03x_3t2_FFBS,虚拟电厂智能运维中心负责人,仲乐电力,20-99人,房屋建筑工程,本科,5-10年,"能源/化工/环保, 虚拟电厂, 电力交易",15-16K,苏州,,2026-06-03 03:01:57
ba0d1ddac55459c40nZ90tq_GVJW,运维环保工程师,新能环境,100-499人,环保,中专/中技,经验不限,有环保工程师经验,7-9K,苏州,,2026-06-03 03:02:18
4c52c76428605bb00nB_3du5FFVU,服务器运维工程师（苏州-昆山）,亚康万玮,1000-9999人,互联网,大专,3-5年,,6-8K,苏州,,2026-06-03 03:02:18
07028e056610e9d50ndy3dS9EFdZ,Saas系统运维技术员,淮岸萃商贸,0-20人,食品/饮料/烟酒,本科,1-3年,,25-50元/时,苏州,,2026-06-03 03:02:18
6b1b8caab78ec1ec0nB-2ty9GVVQ,系统运维工程师（乙方经验）,牧星机器人,100-499人,装卸搬运和仓储业,本科,3-5年,"系统运维, 运维开发/DevOps, 中间件, Linux, 监控运维",12-15K,苏州,,2026-06-03 03:02:18
e9574655dc32ab670nd82Ny_E1pS,数据安全工程师,科沃斯机器人有限公司,1000-9999人,其他行业,本科,经验不限,,18-22K·14薪,苏州,,2026-06-03 03:02:18
669e49702c6ea54a1Hd62d-5FlVV,全栈开发工程师,江苏苏奥体育科技...,20-99人,文化艺术/娱乐,本科,5-10年,"全栈无侧重, 全栈项目经验",8-10K,苏州,,2026-06-03 03:02:18
3e41c94e9c76e2130nB429u7FFNX,体系工程师,苏州天准科技,1000-9999人,仪器仪表/工业自动化,本科,经验不限,"计算机相关专业, 大数据处理经验, AI运维, AI框架, 云平台",12-17K,苏州,,2026-06-03 03:02:18
7bcd811c552aff461Hd42t27GVZR,MI开发工程师,悦谱,20-99人,计算机软件,本科,3-5年,"Java, C++",10-15K·13薪,苏州,,2026-06-03 03:02:18
ae4fad8580ba1a550nB439-0EVtY,java软件开发工程师,华夏视科,100-499人,计算机软件,本科,3-5年,"Java, Spring, SpringCloud, MyBatis, MySQL, Oracle, Redis, MongoDB, 微服务经验, Java+AI项目开发经验, 网盘系统开发, 电商后台系统开发",12-15K,苏州,,2026-06-03 03:02:18
d2c839b10b1ee6580nB82dW0GFBS,上位机工程师,江苏某大型人力资源服务公司,1000-9999人,人力资源服务,本科,1-3年,"C#, Python, C/C++, 电子电气/自动化相关专业, 自动化开发经验, 计算机相关专业, 嵌入式开发经验, 对接MES系统, MES系统对接, PLC设备通讯调试, 跟进BOM流程, 锂电设备产线软件",16-30K,苏州,,2026-06-03 03:02:18
04414362ea259e8a1HR60tm4E1VX,go开发工程师,苏州循迹科技有限公司,0-20人,计算机软件,本科,5-10年,"Golang, Gin, MySQL, Docker, Kubernetes, 计算机相关专业, Golang服务端开发经验, 中大型项目开发经验, 系统架构设计经验",20-25K·13薪,苏州,,2026-06-03 03:02:38
c45eb151d756379e03Zy3du7EFNR,运维工程师,耀瑞信息,0-20人,机电工程,大专,1-3年,"有网络工程师经验, 1到3年网络工程师经验, 计算机相关专业, 系统集成商, 不需要出差, 视频会议",6-8K·13薪,苏州,,2026-06-03 03:02:38
51854df7b7d903b71XJ63d6-GVBR,高级C#软件工程师,艾吉威,100-499人,仪器仪表/工业自动化,本科,5-10年,"C#, C++, MySQL, C#开发经验, .NET开发经验",13-18K,苏州,,2026-06-03 03:02:38
0e206f3a2dd983460nB729y1F1dS,运维工程师,瑞凡等离子技术,20-99人,其他制造业,大专,1-3年,"计算机相关专业, 通信相关专业",8-10K·13薪,苏州,,2026-06-03 03:02:38
1a491b85b2aa21930nB_0t2_E1dS,应用系统工程师,上海合纽信息科技,0-20人,互联网,本科,3-5年,,10-12K,苏州,,2026-06-03 03:02:38
80d24d0766ef13290nB82d2_GVdZ,it运维工程师,窗前明净,20-99人,智能硬件/消费电子,本科,5-10年,"网络运维, 系统运维, 计算机相关专业, 通信相关专业, 运维经验, 运维开发经验, 大数据运维经验",15-25K·15薪,苏州,,2026-06-03 03:02:38
f713228881f0c07b0nB_0929GVRQ,IT桌面运维工程师,苏州英格玛集团,500-999人,人力资源服务,大专,经验不限,"桌面运维, IT运维, 运维经验",11-14K,苏州,,2026-06-03 03:02:38
b5dbdfa1aa281b8d0nB_09S_F1ZS,系统运维实习生,江苏中巨浩数信息...,0-20人,计算机服务,本科,,,150-200元/天,苏州,,2026-06-03 03:02:38
d1deef9a44b251080nB52d-5ElFV,云计算运维工程师,苏州九点半科技,20-99人,人工智能,本科,3-5年,"IoT, 云架构",15-25K·13薪,苏州,,2026-06-03 03:02:58
7adb2673fef915e31HR-2Ni1EVJW,暖通工程师,某大型通信公司,100-499人,通信/网络设备,学历不限,经验不限,"IDC机房运维, 暖通运维",20-23K·15薪,苏州,,2026-06-03 03:02:58
c86e04f328ba2f840nB_2d68FlJR,软件开发工程师,苏州冕锐电子科技,20-99人,电子/硬件开发,本科,3-5年,"Java, Python, 其他, Spring, SpringCloud, 其他, MySQL, Oracle, PostgreSQL",11-16K·13薪,苏州,,2026-06-03 03:02:58
6fc18de60da251c90nB63ty9EVdR,IoT云平台开发工程师,某大型机械设备/机电/重工公司,1000-9999人,机械设备/机电/重工,本科,3-5年,"Java, 计算机相关专业, 后端开发经验, lOT, 后端开发, 云平台",20-35K·14薪,苏州,,2026-06-03 03:02:58
6b8f84ac631e8ef50nB_09q4EFpV,Java后端开发工程师,埃林哲,100-499人,计算机软件,本科,在校/应届,,8-10K,苏州,,2026-06-03 03:02:58
db8edc170bb1815203F73tW0GVpX,运维工程师（苏州）,协达科技,20-99人,计算机软件,大专,1-3年,,6-9K,苏州,,2026-06-03 03:02:58
4d377dffee656be80nB-3N61GFFQ,产线运维工程师,弧聚科技,100-499人,互联网,大专,1-3年,"系统运维, IDC机房运维, 计算机相关专业, 通信相关专业, 电子/电气/自动化相关专业, 运维经验, 汽车, MES, LES, QIS",6-7K,苏州,,2026-06-03 03:02:58
75b4e562930ae1e30nd62dy0FlJU,CamStar运维工程师,上海君兴,20-99人,企业服务,大专,3-5年,,15-16K,苏州,,2026-06-03 03:02:58
c39cadcbab60be480nR40966EVpT,运维测试工程师,德崇智捷,20-99人,专利/商标/知识产权,本科,1-3年,,10-12K·13薪,苏州,,2026-06-03 03:02:58
f65e0acab2d0a6850nB72d-9EVdV,IT运维工程师,钧舵机器人,100-499人,仪器仪表/工业自动化,本科,5-10年,,13-18K,苏州,,2026-06-03 03:02:58
dd67a723ede4580d0nB72dS8F1JW,IOT工程师,昆山联滔电子有限公司,10000人以上,电子/半导体/集成电路,本科,3-5年,,13-19K,苏州,,2026-06-03 03:02:58
199f330078bc0a8c1HN80967FVVT,java开发工程师,华为技术有限公司,10000人以上,计算机软件,本科,1-3年,"Java, 不接受居家办公, 分布式经验, 微服务经验, SpringCloud, MySQL, MongoDB, Spring, Oracle, ERP开发经验",15-30K·15薪,苏州,,2026-06-03 03:03:18
4b129cc6bfb21e780ndy3du7GFpR,服务器维保驻场工程师,志鑫信息技术,100-499人,计算机服务,大专,1-3年,"系统运维, 运维经验",7-8K,苏州,,2026-06-03 03:03:18
be899adebdf068b40nB_2dm-EFRY,在线监测运维工程师,苏州朗仪达环境科技,0-20人,环保,高中,经验不限,,4-6K,苏州,,2026-06-03 03:03:18
0cba45366eb268710nB-3t-7EltZ,测试运维工程师,世航智能,100-499人,人工智能,本科,3-5年,,15-30K·13薪,苏州,,2026-06-03 03:03:18
f1ba3b1492792ca10nd_29y-EVFU,ERP运维工程师,锦祥纺织科技,500-999人,服装/纺织,本科,3-5年,系统运维,12-20K,苏州,,2026-06-03 03:03:18
b2ac49ee077445cf0nd83928FlFS,网络运维工程师,江苏天创科技,100-499人,信息安全,大专,1-3年,"有网络工程师经验, 系统集成商, 不需要出差, 1到3年网络工程师经验, 计算机相关专业, 大型网络运维, 大型网络实施, CCNP/HCIP等",5-7K,苏州,,2026-06-03 03:03:18
1d96ebc2d2b99f120ndz3ti7FFVY,运维工程师,南京新希望电力科技,20-99人,电力/热力/燃气/水利,大专,经验不限,"实施交付运维, 电子/电气/自动化相关专业, 运维经验",5-8K,苏州,,2026-06-03 03:03:39
4d438aca3f46d0730nB82dy-EVtS,IT运维工程师(J64489),芮毅科技,1000-9999人,其他制造业,本科,1-3年,,15-30K,苏州,,2026-06-03 03:03:39
3780ea2c1994b20c1XNz29u5ElZR,高级运维实施工程师,苏州永嘉,20-99人,计算机硬件,本科,3-5年,"虚拟机技术, 网络交换技术, 服务器配置, 分布式技术, 网络协议, SQL",9-14K·13薪,苏州,,2026-06-03 03:03:39
537800e1e0ac55dc0nZ-3dy_GFZX,软件开发工程师,迈科网络,100-499人,计算机软件,本科,3-5年,,12-20K,苏州,,2026-06-03 03:03:39
460486596a9a69ad0nZ40tW9EFVU,换电站电气工程师,博众精工,1000-9999人,自动化设备,本科,10年以上,PLC工程师,11-20K·13薪,苏州,,2026-06-03 03:03:39
559539a42f3a77810nV92Nq8FlVY,高级c#工程师,上海上净净化设备,20-99人,医疗器械,本科,3-5年,"C#, C#开发经验, 上机位",12-18K,苏州,,2026-06-03 03:03:39
6670f5748e83f0730nB_29-5E1tX,IT运维工程师,优尔,500-999人,生活服务(O2O),本科,1年以内,,5-7K,苏州,,2026-06-03 03:03:39
28de27d30bd355620ndy3NS-GFNQ,IT系统工程师/15-20K,成都橡木爱火焰商...,20-99人,互联网,本科,3-5年,"电子/硬件系统工程师, 制造业, MES, SAP",15-20K·14薪,苏州,,2026-06-03 03:03:39
27d2ec35ac98bc6f0nZy3dy-GFZU,暖通工程师,北京某大型互联网上市公司,1000-9999人,互联网,大专,3-5年,"空调工, 精密空调, 数据中心",20-21K,苏州,,2026-06-03 03:03:39
fb21fd8fdcac98c60nZ43dq6FFNZ,linux高级开发工程师,某大型家庭服务机器人上市公司,1000-9999人,其他行业,本科,5-10年,"C++, C, RTOS, linux系统开发, linux",28-40K·15薪,苏州,,2026-06-03 03:04:00
83454069b29302460nB829u1FVFQ,数据中心运维管培生（华东）,博浩数据,500-999人,互联网,本科,在校/应届,"IDC机房运维, 计算机相关专业, 电子/电气/自动化相关专业, 通信相关专业",6-7K·13薪,苏州,,2026-06-03 03:04:00
cb17f174ac15eda003xz3t-9EFNR,IT基础设施工程师,某中型铁路/船舶/航空/航天制造公司,500-999人,铁路/船舶/航空/航天制造,本科,5-10年,,25-35K,苏州,,2026-06-03 03:04:00
a88935706cb7f9250nB43Ny-FlRS,RPA系统工程师（影刀）,引元星河,100-499人,企业服务,大专,1-3年,,9-13K·15薪,苏州,,2026-06-03 03:04:00
986bc80918f113430nZz0t25GFtU,初级/中级桌面运维工程师,宏意星,100-499人,计算机服务,大专,1-3年,"桌面运维, 计算机相关专业, 通信相关专业, 英语可沟通",6-8K,苏州,,2026-06-03 03:04:00
cd805b257e8db5e11Xd52N25FFpS,运维工程师,苏州同阳,0-20人,环保,大专,1-3年,环保 监测 运维,6-10K·13薪,苏州,,2026-06-03 03:04:00
86feed38f9b2475b0nd83ti4FlpR,系统工程师（马桶清洁机器人方向）,灵巧科技,20-99人,智能硬件/消费电子,本科,1-3年,"电子/硬件系统工程师, ROS2系统, Linux系统, C++, Python, Docker容器化技术",25-40K·13薪,苏州,,2026-06-03 03:04:21
5599712ff5f6f5bb0nB709-8GFVS,高级运维开发工程师/运维开发经理,固德威,1000-9999人,储能,本科,10年以上,"Jenkins, Nginx, Kubernetes, 运维开发经验, 计算机相关专业, 大数据运维经验, 技术管理经验, 阿里云, 开源项目",20-30K·14薪,苏州,,2026-06-03 03:04:21
b721f942371c2af80nZy3tu0F1FS,水质在线监测运维工程师,凯超环保,20-99人,环保,大专,1-3年,"系统运维, IDC机房运维, 电子/电气/自动化相关专业, 运维经验",6-8K,苏州,,2026-06-03 03:04:42
e052efb00cccf33e0nB_2du_E1NU,全栈工程师,腾飞科技,500-999人,服装/纺织,本科,1-3年,,9-14K,苏州,,2026-06-03 03:04:42
06f50913e32d3c260nd-3t2_GFNR,暖通运维工程师,菱感能源,20-99人,电力/热力/燃气/水利,大专,3-5年,"暖通运维, 冷却塔, 设备运维, 暖通设备故障诊断, 综合体暖通系统",6-8K,苏州,,2026-06-03 03:04:42
185624e3811655f40nZ-3N-9EVNU,上位机软件工程师,宝宬冶金,20-99人,专用设备,本科,3-5年,"C#, Java, C++, C#开发经验, ASP.NET, .NET开发经验, 计算机相关专业, 系统架构设计经验, Python",6-10K,苏州,,2026-06-03 03:04:42
85faecfcba5e6c500nZ_3tu5F1RT,ai软件工程师,玛西,0-20人,学术/科研,本科,3-5年,,7-8K,苏州,,2026-06-03 03:04:42
e1d2aa6f8498281203B539W9F1BW,系统工程师（智能工厂）,大金机电,1000-9999人,专用设备,本科,5-10年,"计算机/网络系统工程师, 系统建设/运维经验, 信息系统项目管理师",12-18K·14薪,苏州,,2026-06-03 03:04:42
4e59366bb108e0cb0nV42dy4ElZZ,后端开发工程师,朗润医疗,100-499人,医疗健康,本科,3-5年,,11-20K·13薪,苏州,,2026-06-03 03:04:42
9efa1716a3f2a2740nB50t-6EFFW,弱电工程师-太仓,世纪互联,1000-9999人,互联网,大专,3-5年,"动环, BA, BMS, 共济",10-15K·13薪,苏州,,2026-06-03 03:05:03
cc9eb46f49b5983c0nB60tW5GVBQ,IoT云平台开发工程师,大叶股份,1000-9999人,专用设备,本科,5-10年,,15-30K,苏州,,2026-06-03 03:05:03
d17eb5596e32f7250nB-2t-0FFZR,php全栈工程师,企二哥,20-99人,企业服务,本科,1-3年,"五险一金, PHP, 双休",9-14K,苏州,,2026-06-03 03:05:03
7637b8b5294b799d0nZ-3Nu5FVNZ,运维工程师,影研科技,1000-9999人,计算机软件,本科,1-3年,,5-7K,苏州,,2026-06-03 03:05:03
220c89c02401ed810ndz09m4FVNX,软件工程师c#方向,玖物智能,100-499人,自动化设备,本科,3-5年,,13-18K,苏州,,2026-06-03 03:05:03
adcc032ea440f76c0nd_2dq_FVJQ,高级全栈开发工程师,光启未来,0-20人,人工智能,本科,1-3年,可兼职,12-20K,苏州,,2026-06-03 03:05:03
532b862b6e22f3190nR-3dm_FFNT,上位机开发工程师,江苏中和数字能源,100-499人,储能,本科,3-5年,"C#, Java, MySQL, C#开发经验, 中大型项目开发经验",10-15K,苏州,,2026-06-03 03:05:03
42116cb1865a47a70nZ_2ty8FVdZ,软件工程师,医图生科,20-99人,生物/制药,本科,1-3年,"C++, Scrapy, PostgreSQL, Pandas, MySQL, Linux开发/部署经验, Numpy, Python",15-25K,苏州,,2026-06-03 03:05:03
e56f218db8d621b60nZ93tS8F1VQ,云服务器运维工程师,海睿科技,20-99人,计算机服务,本科,3-5年,,8-13K,苏州,,2026-06-03 03:09:12
104d42a9d53372620nB_3d-1FFFZ,暖通运维技术员,菱感能源,20-99人,电力/热力/燃气/水利,大专,3-5年,,6-9K,苏州,,2026-06-03 03:11:37
fb5dbb0872f806ec0nB-29u4GFBU,高级运维工程师（AI云原生方向）,香港某中型电子商务公司,100-499人,电子商务,本科,3-5年,,30-40K·14薪,苏州,,2026-06-03 03:11:59
f1612908b2821fda0nZz0t66EFRR,机器视觉工程师,鉴泉,20-99人,自动化设备,本科,1-3年,机器视觉 康耐视 VisionPro,8-13K·13薪,苏州,,2026-06-03 03:12:21
d427f8b6d0d4ea2503x409y4EVpW,高级系统集成工程师,加乘科技,20-99人,智能硬件,大专,10年以上,,9-11K·14薪,苏州,,2026-06-03 03:24:13
58a87d230840543f03170t60F1dX,运维实施工程师,智数信息科技,20-99人,计算机软件,本科,3-5年,"Java, Nginx, DBA, 通信相关专业, 运维开发/DevOps, Redis, 计算机相关专业, 网络安全相关经验, 运维经验, 实施交付运维, MySQL/Oracle, Docker, 系统运维, 运维开发经验",8-13K,苏州,,2026-06-03 03:25:15
58950b8702540c2e1HFy0tq0GVFZ,桌面硬件运维(DeskHelp)工程师,科逸安川,20-99人,医疗器械,中专/中技,经验不限,"硬件工程师, 运维, 桌面运维",3-5K,苏州,,2026-06-03 03:26:16
e00ead79f275d9b803V72t27GVtT,中高级运维工程师,华祥数字科技,1000-9999人,互联网,本科,5-10年,"大数据运维经验, 系统运维, Python/Shell, 运维经验",15-23K,苏州,,2026-06-03 03:33:09
92a179a58b94ff5a0nd629m0F1JQ,中级运维工程师  智慧停车,某计算机软件公司,20-99人,计算机软件,本科,3-5年,"DBA, Ansible/Salt/Puppet, MySQL/Oracle, 大数据运维经验, 系统运维, Python/Shell, 计算机相关专业, 网络安全相关经验, 运维经验",15-30K·14薪,苏州,,2026-06-03 03:33:30
f2330864e048b0a20ndy2du4FVFQ,基础设施工程师,九算迅维,20-99人,计算机硬件,大专,3-5年,,15-18K·14薪,苏州,,2026-06-03 03:33:51
9720b883ee65a5a80nV83d6_FlJU,运维工程师,算力科技,0-20人,计算机服务,本科,经验不限,"大数据运维经验, 计算机相关专业, 运维经验",15-30K,苏州,,2026-06-03 03:34:32
92e918cf2ee7026a03152t-6E1NV,售后运维工程师,苏州云格致智能科技,20-99人,计算机软件,本科,1-3年,实施交付运维,5-8K,苏州,,2026-06-03 03:35:14
336bc114fbd905430nV92Ni5FlFW,ERP系统与报表工程师,拓丰健康,100-499人,食品/饮料/烟酒,本科,1-3年,,8-12K,苏州,,2026-06-03 03:35:14
0e57cc68c4885ca71Hxy3dS-FlBT,运维工程师,艾瑞维克,100-499人,通信/网络设备,学历不限,1-3年,"电气，暖通, 运维经验, IDC机房运维",6-8K,苏州,,2026-06-03 03:41:27
ae84893a01f0fc3303173968FlJU,运维工程师 -游戏研发/发行运维自动化方向,优酷土豆,1000-9999人,互联网,本科,3-5年,游戏行业,15-30K·14薪,苏州,,2026-06-03 03:42:08
fb4ef56684194b880nB_2ty4EVBV,IT中/高级工程师（乙方系统集成公司）常州,思朴锐华,20-99人,计算机服务,本科,3-5年,,9-13K,苏州,,2026-06-03 03:43:10
5627ebb9ba314c9203163N65FFJV,算法工程师,上海碧巢智联设施管理,20-99人,物业管理,硕士,3-5年,"机器学习, 深度学习, 大模型算法, 自然语言处理算法, 多模态算法, 算法工程化经验, 强化学习, 模型加速/性能优化, Python, SQL",35-50K,苏州,,2026-06-03 03:43:10
f89e47f9c8e7dc200ndy3tq0GVJQ,小程序运维工程师（兼职）,苏州法博尔医疗科技,20-99人,医疗器械,大专,3-5年,"系统运维, DBA, Python/Shell, Nginx, MySQL/Oracle, 计算机相关专业, 运维经验, 运维开发经验, 网络安全相关经验, 小程序运维 苏州本地户口",90-120元/时,苏州,,2026-06-03 03:55:39
81742184c1df85450nB-0tS0FldR,IT运维工程师,特锐光线,0-20人,光伏,本科,1年以内,,6-10K,苏州,,2026-06-03 03:55:39
78b51ff97687179e0nB709q5GVNS,运维工程师,法特迪,100-499人,半导体/芯片,本科,1-3年,"网络运维, 系统运维, 运维开发/DevOps, 计算机相关专业, 通信相关专业, 运维经验, 运维开发经验, 网络安全相关经验",7-10K·13薪,苏州,,2026-06-03 03:56:02
822693075db7eade0nB82dq8E1FU,设备工程师,昆山沪光汽车电器,1000-9999人,汽车零部件,本科,5-10年,PLC工程师,12-22K,苏州,,2026-06-03 03:56:44
1d1c197d26cb11051H173Ni1ElFZ,运维工程师,苏州恒亦达信息,20-99人,计算机软件,本科,1-3年,"MySQL/Oracle, 系统运维",8-12K,苏州,,2026-06-03 04:03:15
3dc1edf434f5e9b803V83d6-FlZS,运维工程师,苏州世必得,0-20人,互联网,大专,1-3年,"网络运维, 实施交付运维, 系统运维",5-8K·13薪,苏州,,2026-06-03 04:03:35
669372093a6fcdcf0nB_3Nu6FFVU,研发工程师（Python）,苏州寻息电子,500-999人,通信/网络设备,本科,3-5年,,12-17K,苏州,,2026-06-03 04:03:55
4e0c020d35176cde0nR40t21EVpV,php开发工程师,急速国际,100-499人,跨境物流,本科,3-5年,"PHP开发经验, PHP",9-13K,苏州,,2026-06-03 04:04:35
3a2821e17d8c3be103x42d--FltQ,MES系统高级工程师,维信诺科技股份有...,10000人以上,其他行业,本科,5-10年,,18-28K·14薪,苏州,,2026-06-03 04:04:55
c4bc4b3530c7ba1703J63ty7FFRQ,高级运维开发工程师(CICD),艾博机器人,100-499人,智能硬件/消费电子,本科,3-5年,"Python/Shell, Jenkins, Docker, Kubernetes, CICD",15-30K·15薪,苏州,,2026-06-03 04:04:55
51899a0f7e447e4a0nV72924FVVY,匿名公司招聘自动化工程师,苏州某中型半导体/芯片公司,100-499人,半导体/芯片,本科,3-5年,,20-40K,苏州,,2026-06-03 04:04:55
f1921a8f6fa296bb0nV60tm_EldZ,高级研发工程师/系统架构师,南京迅彩信息科技,0-20人,计算机软件,本科,5-10年,"Java, Spring, MySQL, Oracle",15-22K,苏州,,2026-06-03 04:05:15
a8eaa5eca009b3c00nB50ty7ElFQ,资深测试开发工程师,SparkX邑炎科技,100-499人,广告营销,本科,3-5年,"自动化测试经验, Java, C++, 测试工作经验, 自动化测试, 性能测试, 功能测试, 计算机相关专业, 掌握软件测试理论和流程, 软件开发经验, Python",15-25K,苏州,,2026-06-03 04:12:34
3820661502b8531e0nR50tS0GFFV,高级python开发工程师,峰学蔚来,100-499人,咨询,本科,5-10年,,11-16K,苏州,,2026-06-03 04:17:23
a4eef011049fbf5c0nV_2NW1FVBS,机器人软件系统后端开发工程师（Go语言）,晶动之星,0-20人,人工智能,本科,3-5年,"Golang, MySQL, Docker, Gin, 计算机相关专业, Golang服务端开发经验, PostgreSQL, BS架构, RESTful API, Beego, Redis",12-17K,苏州,,2026-06-03 04:19:45
0315477c8dacd51f0ndz0ti-FVpR,高级java研发工程师,库迪咖啡,1000-9999人,食品/饮料/烟酒,本科,经验不限,,15-25K,苏州,,2026-06-03 04:26:02
94527b0159406ede0nd_2929EVtW,java开发工程师,北京某大型人力资源服务公司,1000-9999人,人力资源服务,本科,经验不限,,15-30K·15薪,苏州,,2026-06-03 04:27:04
2b0b96906a2a1a0a1Xxy39u6GFJV,运维工程师（太一）,江苏国衡,100-499人,医疗服务,大专,经验不限,Oracle,5-8K,苏州,,2026-06-03 04:31:33
79e5913c2618e6a903xy2Nm5F1BY,芯片测试工程师,苏州猎奇智能设备,500-999人,自动化设备,本科,3-5年,,12-23K,苏州,,2026-06-03 04:33:37
8af588682d7576a303V-0tm_GVBQ,软件工程师,明阳科技,100-499人,汽车零部件,本科,3-5年,"系统运维, 计算机相关专业, 电子/电气/自动化相关专业, 运维经验",10-15K,苏州,,2026-06-03 04:54:31
e52db857dd56921b0nB-3t69FFNR,庶务采购系统运维管理师,仁宝集团,10000人以上,电子/半导体/集成电路,本科,1年以内,,6-7K,苏州,,2026-06-03 05:01:30
a30a037f9569ee570nd-09u_F1tX,MES系统开发工程师,中应星,20-99人,人工智能,大专,1-3年,,7-12K,苏州,,2026-06-03 05:01:30
2d516c8eafea7ea20nB_29m5FVpW,汽车生产线运维工程师,弧聚科技,100-499人,互联网,大专,3-5年,"桌面运维, 系统运维, MES, LES, QIS",6-7K,苏州,,2026-06-03 05:07:39
3888a9467b5bbfb20nd509q_EVBS,系统运维工程师,上海枢瀚信息科技,0-20人,计算机软件,大专,5-10年,,10-15K,苏州,,2026-06-03 05:15:41
4f8e768e6f18f60d0nB_29S0E1ZU,it系统运维工程师,苏映视,100-499人,自动化设备,本科,3-5年,,10-15K·13薪,苏州,,2026-06-03 05:15:41
5f7a21131597d83b0nB40tW_F1dZ,无人驾驶运维工程师,轩逸,1000-9999人,人力资源服务,大专,1-3年,,11-13K,苏州,,2026-06-03 05:15:41
a3e79b0c5db90ec30nd-3Nm0EVpY,系统运维工程师,优护优家,100-499人,进出口贸易,大专,1-3年,"MySQL/Oracle, 系统运维, 运维开发经验, 运维经验",8-10K·13薪,苏州,,2026-06-03 05:15:41
7023cde7d61be9620nB42ti_E1VX,AI 系统部署运维工程师,苏州睿首智能科技,0-20人,互联网,学历不限,1-3年,,8-13K,苏州,,2026-06-03 05:15:41
f4b0141ab12c9bdf0nB_39u5EFtU,兼职运维工程师,厦门星鹭启元机器...,20-99人,专用设备,大专,1年以内,"系统运维, 实施交付运维, 计算机相关专业, 通信相关专业, 电子/电气/自动化相关专业, 运维经验",25-30元/时,苏州,,2026-06-03 05:15:41
40d83cf806c1ea000nB-2Ni9F1VW,吴中急招！系统运维-MES系统-单休_sh1hb,版石软件(上海),100-499人,互联网,大专,3-5年,"网络运维, 系统运维, Java, Python/Shell, Golang, 计算机相关专业, 通信相关专业, 运维经验, 网络安全相关经验",8-9K,苏州,,2026-06-03 05:15:41
d2072e8d8d9c099a0317392-FltQ,微软系统运维工程师,同程旅行,1000-9999人,互联网,大专,5-10年,,20-28K·15薪,苏州,,2026-06-03 05:15:41
70b2d6db7645d23a0nRz3tW6FlBY,系统运维工程师,LINKWIN励元,100-499人,计算机软件,大专,经验不限,,8-10K·13薪,苏州,,2026-06-03 05:15:41
4e7382d1ba445dfb0nB_2d2_EFVT,运维工程师,苏州清源忆丰,20-99人,人工智能,大专,1-3年,,5-7K,苏州,,2026-06-03 05:16:02
d6176f18a39185080nB-3Nq4FFFQ,系统运维经理（苏州）,鼎格工业软件,20-99人,计算机服务,本科,3-5年,"Linux, 系统运维, 运维开发经验, 计算机相关专业",12-18K·14薪,苏州,,2026-06-03 05:16:02
3469a63cec2089470nRy2d6_FltQ,运维工程师-数政安全公司,大数据,500-999人,大数据,本科,3-5年,,10-15K,苏州,,2026-06-03 05:16:02
568bda1ea650710a0nR50t27EVBU,IDC电气工程师（运维）,中金数据,100-499人,计算机服务,大专,1年以内,,12-20K,苏州,,2026-06-03 05:16:23
7b29de11f44183740nB-2Nq-E1FQ,IT桌面运维工程师,江苏亚东朗升国际物流,500-999人,跨境物流,本科,1-3年,,8-10K·13薪,苏州,,2026-06-03 05:16:23
0046e984db2b32b00nB52967F1pT,应用系统运维工程师,普华恒信,100-499人,企业服务,本科,3-5年,"系统运维, 运维经验",5-7K,苏州,,2026-06-03 05:16:44
1f7121fe463920290nB-3tW5EVpW,硬件工程师,欧圣,1000-9999人,电气机械/器材,本科,5-10年,,10-15K,苏州,,2026-06-03 05:16:44
7c4191f022868c020nB60929FVtQ,应届生-运维工程师-苏州,亚信科技,10000人以上,计算机软件,本科,在校/应届,校招,面议,苏州,,2026-06-03 05:17:06
b935723fe8112c550nV63tW0FlpT,运维工程师/SRE工程师,苏州咖乐美科技,1000-9999人,电气机械/器材,本科,5-10年,"阿里云, SRE（多云 & 中间件）, 云原生运维",25-35K,苏州,,2026-06-03 05:17:06
3db134ec32c23a810nB63di1FFVS,机房设备运维资深工程师,昆山欧桓,20-99人,土木工程,大专,3-5年,,15-20K,苏州,,2026-06-03 05:17:06
83e52a12c40c3f3c03N72ty_E1RR,弱电工程师,卓越物业,10000人以上,企业服务,本科,5-10年,,15-20K·14薪,苏州,,2026-06-03 05:17:06
a723cbcad79af8ee0nB-292_GVRZ,网络安全运维,河南拾年信息科技,100-499人,信息安全,大专,5-10年,,7-9K,苏州,,2026-06-03 05:17:27
a415f871ac6865040nR929q6F1pT,资深系统开发工程师,科沃斯机器人有限公司,1000-9999人,其他行业,本科,经验不限,"RTOS, C++, 机器人, C, 嵌入式/单片机开发经验, 性能优化, 稳定性评估, 内核崩溃, 系统性能分析",30-40K·15薪,苏州,,2026-06-03 05:17:27
c2fcca3dc4e2f15d03B93ti6ElJU,高级系统集成工程师,追觅科技,1000-9999人,家用电器,本科,3-5年,pipeline,15-30K·15薪,苏州,,2026-06-03 05:17:48
b940c738eec2fb660nB529S1GFtQ,java软件工程师,瑞贝斯智能,0-20人,智能硬件,本科,1-3年,,7-8K,苏州,,2026-06-03 05:18:10
dcc413eb7dafbf1b03xz2tu6GVJZ,中级全栈工程师,隆源,100-499人,电力/热力/燃气/水利,本科,5-10年,"全栈无侧重, CSS, Vue, HTML, Java, Python, Spring/Spring Boot, 全栈项目经验",13-17K,苏州,,2026-06-03 05:18:10
4a32dd3e242908980ndy3ty1E1dU,运维工程师,华弘数库,100-499人,智能硬件/消费电子,学历不限,3-5年,,6-8K,苏州,,2026-06-03 05:18:10
6a2dd04db594db240nZy2dS0EFRX,系统高级工程师,盛弘电气,1000-9999人,智能硬件,本科,3-5年,"plm, sap, mes",15-25K·13薪,苏州,,2026-06-03 05:18:10
2558638d566f24740nB-2tu9E1pR,软件工程师,万集科技,1000-9999人,智能硬件,本科,1-3年,,20-30K,苏州,,2026-06-03 05:18:31
2327744b71f568ec03J739u8F1JU,java开发工程师,西安英沃诺克信息技术,100-499人,计算机软件,本科,1-3年,"Java, Spring, MyBatis, MySQL",15-26K·14薪,苏州,,2026-06-03 05:18:31
df0dd9d14b3eb0f903N93t-5FlJU,机电工程师,苏州金螳螂,10000人以上,房屋建筑工程,本科,10年以上,,15-20K,苏州,,2026-06-03 05:18:31
acf21525aa1a45580nB53NW1E1dT,AI工程师,旭创科技,1000-9999人,半导体/芯片,本科,3-5年,,15-25K·15薪,苏州,,2026-06-03 05:18:31
bc76d09756456bed1XF_0929ElFR,Oracle运维工程师,某计算机软件公司,20-99人,计算机软件,本科,3-5年,DBA,15-25K,苏州,,2026-06-03 05:18:31
da1df690f6f2bc680nB72tW1FVtR,基础架构高级工程师,汤元科技,20-99人,人工智能,本科,5-10年,"桌面运维, 网络运维, 系统运维, IDC机房运维, 运维开发/DevOps, Python/Shell, Ansible/Salt/Puppet, Docker, Kubernetes, 计算机相关专业, 运维经验, 运维开发经验, 网络安全相关经验, 大数据运维经验",20-35K·14薪,苏州,,2026-06-03 05:25:07
86c71fa9111161830nB40tW1ElJW,网络工程师,苏州维信电子有限公司,10000人以上,企业服务,本科,3-5年,"有网络工程师经验, 甲方企业, 不需要出差, 3到5年网络工程师经验, 网络架构设计, 大型网络实施, 大型网络运维, CCNA/HCIA等",7-12K·14薪,苏州,,2026-06-03 05:25:07
9815c77a715cd7870nR529W4FldQ,高级软件测试工程师,法可赛汽车配件有...,1000-9999人,汽车零部件,本科,5-10年,"C++, 掌握软件测试理论和流程, Jira",15-30K,苏州,,2026-06-03 05:25:28
1ce68bf0fe09a9d90nRz2Nq5F1RT,智慧园区软件工程师,安极能,20-99人,运营商/增值服务,本科,5-10年,,18-22K,苏州,,2026-06-03 06:08:36
f36e1da734601f150nB40968FFdV,苏州高级后端开发工程师,某知名智能硬件上市公司,1000-9999人,智能硬件/消费电子,本科,5-10年,Golang,50-80K·14薪,苏州,,2026-06-03 06:11:05
556fbcd5be98a5710nB73ty6EFZY,云平台开发工程师,大叶股份,1000-9999人,专用设备,本科,5-10年,"Java, PHP, Spring/Spring Boot, Golang, 计算机相关专业, 云平台, lOT",25-35K·14薪,苏州,,2026-06-03 06:11:05
268607bc4e5939ab0nB-3ty0F1ZS,后端开发工程师,睿创微纳,500-999人,电子/硬件开发,本科,3-5年,"Java, Golang, Python, MyBatis, MySQL, Redis, MongoDB, 不接受居家办公, 直播, 微服务",15-25K,苏州,,2026-06-03 06:11:05
a91a2b2968648af10nB_0tS_FFpS,驻场运维工程师,南京轻云信息科技,0-20人,计算机服务,大专,1-3年,,6-10K,无锡,,2026-06-03 06:25:34
2b671a31054693190nB-29W8E1dU,现场运维工程师,比孚信息科技,100-499人,计算机软件,中专/中技,5-10年,,8-13K,无锡,,2026-06-03 06:25:34
6146f2eae6f9a5770nB_0t-6EVVS,自动化运维工程师,欣云昌电气,0-20人,电力/热力/燃气/水利,大专,1-3年,,6-8K·13薪,无锡,,2026-06-03 06:25:34
dc354f0c4c38cb071Xx82ti8E1dW,系统运维,人华警用装备,20-99人,专用设备,本科,3-5年,"系统运维, 实施交付运维, 网络运维, 计算机相关专业, 运维经验, 通信相关专业, 党员、复转军人优先",7-9K,无锡,,2026-06-03 06:25:34
911b5ca984cd58e41Hdy3N21EVNU,设备运维工程师,远景动力,1000-9999人,汽车零部件,高中,3-5年,运维经验,10-15K·13薪,无锡,,2026-06-03 06:25:34
08054d9a75b9b04c0nR-3Ny0FVpU,部署运维工程师(A127411),中科创达,10000人以上,计算机软件,本科,5-10年,"网络运维, 系统运维, IDC机房运维, 实施交付运维, Docker, Kubernetes, MySQL/Oracle, 运维经验, 网络安全相关经验, 虚拟化, 监控, 防火墙",10-15K,无锡,,2026-06-03 06:25:34
1d540a63ac7b313c0nd82t-8FlVY,it运维主管,康龙化成,10000人以上,医疗健康,本科,5-10年,,10-15K,无锡,,2026-06-03 06:25:34
5a0307d11bf80e670nB729S_ElRX,现场运维工程师（工作地上海）,无锡福佳半导体科技,100-499人,智能硬件,大专,3-5年,,10-15K,无锡,,2026-06-03 06:25:56
6cb4a980b0931ae40ndz3d-0ElFQ,MES运维【远景】,人瑞网络科技,10000人以上,计算机硬件,大专,3-5年,"系统运维, Apriso, MES, MOM, 运维经验",8-13K,无锡,,2026-06-03 06:25:56
3e64bd31b71096271XV60tS_FlFZ,系统运维工程师,新华三技术有限公司,10000人以上,计算机软件,大专,1-3年,"Python, 容器技术, 虚拟机技术, 分布式技术, Linux, 系统运维, Docker, KVM",8-10K,无锡,,2026-06-03 06:25:56
a1b9bc6516626c271XZ_09W-EFJX,Linux内核研发工程师,吉恒科技,20-99人,计算机软件,本科,5-10年,"Python, Shell, Socket技术, 多线程, Linux, 驱动开发, 内核",23-30K·13薪,无锡,,2026-06-03 06:25:56
e3a13c4b2831ebb70HJ909q8FFI~,运维工程师,东方宏泰,0-20人,互联网,学历不限,1-3年,运维工程师,10-11K,无锡,,2026-06-03 06:25:56
243ae447134290f603N42N65GFtX,立库运维工程师-软件,小天鹅电器有限公司,1000-9999人,家用电器,大专,3-5年,"Java, 大数据运维经验, 系统运维",8-11K,无锡,,2026-06-03 06:25:56
e4ad577ed6eb9b011nRy3Ny7FlZW,运维工程师,元首嘉华餐饮设备,0-20人,原材料及加工/模具,本科,1-3年,运维工程师,10-11K,无锡,,2026-06-03 06:25:56
56c00ebee63c9b751n1y3Ny9EVJU,设备运维工程师,长仪集团,500-999人,仪器仪表/工业自动化,本科,5-10年,"系统运维, 安全运维",10-15K,无锡,,2026-06-03 06:25:56
f2dcc51e29b2a9da1HN92dW4GVRV,运维工程师,江苏巨灵,0-20人,计算机硬件,大专,1-3年,桌面运维,6-8K,无锡,,2026-06-03 06:25:56
5da789f058725ed70nB-3N24FVFZ,运维开发工程师,Softtek,1000-9999人,计算机软件,本科,3-5年,,9-11K,无锡,,2026-06-03 06:25:56
32b193dbb1269bfe0nR83NW_E1FR,运维交付工程师,江苏锐敏信息科技,0-20人,信息安全,大专,1-3年,,8-12K,无锡,,2026-06-03 06:25:56
07bec59b57ce7feb03x63NW0EFZR,IT运维工程师,亿速信息,20-99人,计算机服务,高中,3-5年,"桌面运维, 网络运维, 系统运维, 实施交付运维, 计算机相关专业, 运维经验, 打印机/复印机维修经验, 智能化施工, 信息化施工",5-7K·13薪,无锡,,2026-06-03 06:25:56
d7a75c10a0becda50nR72tu4EFBZ,驻场运维工程师,乐悠悠,0-20人,自动化设备,大专,经验不限,"实施交付运维, 有人带, 兼职, 可日结, 电子/电气/自动化相关专业",1200-1800元/周,无锡,,2026-06-03 06:25:56
0028533c23e1b64c0nd62N28E1dT,sap运维工程师,某大型生物上市公司,100-499人,生物/制药,本科,5-10年,,25-28K,无锡,,2026-06-03 06:26:16
d211fa05b380a80a0nd_3tW8GFBV,驻场it运维工程师,麦芒电子科技,20-99人,通信/网络设备,本科,3-5年,,7-8K,无锡,,2026-06-03 06:26:16
63a5aae76952ac7833N62Nq_EVQ~,系统运维工程师,南泰家纺,1000-9999人,服装/纺织,大专,经验不限,"系统运维, 机房运维, 系统管理员, 网络运维",4-7K,无锡,,2026-06-03 06:26:16
efbbc2205f150ce90nB439u7EltZ,mes工程师,上海意优智控科技,100-499人,计算机/通信/其他电子设备,大专,3-5年,"网络运维, 系统运维, 运维开发/DevOps, Java, 计算机相关专业, 运维开发经验, 网络安全相关经验, 大数据运维经验",8-13K·13薪,无锡,,2026-06-03 06:26:16
01c337cb313403120ndz29-_GFFZ,MES开发工程师,某中型消费电子公司,100-499人,消费电子,学历不限,3-5年,"C#, C#开发经验",20-30K,无锡,,2026-06-03 06:26:16
5ff909fdb91f79e61nV_29q_FlpR,运维工程师,中威科技,0-20人,通信/网络设备,大专,3-5年,"网络运维, 系统管理员, IT技术支持, 运维, 系统运维, 桌面运维, 网络安全相关经验, 安全运维, 打印机/复印机维修经验, 运维经验, IDC机房运维",6-8K,无锡,,2026-06-03 06:26:16
0c46352e50c7f1a21Hd83N-1FFNU,运维工程师,无锡市超易达电子...,0-20人,企业服务,中专/中技,1-3年,"系统运维, 运维经验",5-6K,无锡,,2026-06-03 06:26:16
7f6c208d662debe81HBy09q8GFc~,LX-P004 系统运维工程师,朗新金关,1000-9999人,计算机软件,本科,3-5年,系统运维,6-8K,无锡,,2026-06-03 06:26:16
f3b247b05b2d4e151Hd62NW7GVRY,系统运维专员,三体,20-99人,通信/网络设备,本科,经验不限,"系统运维, 运维开发/DevOps, 实施交付运维, MySQL/Oracle, Java, 大数据运维经验, 运维经验, 运维开发经验",5-8K,无锡,,2026-06-03 06:26:16
5d4ab220aa884ac31Hd43tW_GVRQ,运维工程师（无锡）,卡易智慧医疗,100-499人,医疗健康,本科,经验不限,ORACLE,7-12K,无锡,,2026-06-03 06:26:16
a9a3cac5ac37324b0nB_29m7FFtR,SAP实施运维工程师,某中型医疗服务公司,100-499人,医疗服务,本科,5-10年,,30-35K,无锡,,2026-06-03 06:26:16
7d15f60b3d22425d1XN40ti_FFBY,集控运维工程师,河北力垚科技有限公司,100-499人,新能源,大专,1-3年,"通信相关专业, 电子/电气/自动化相关专业, 运维经验",8-12K·14薪,无锡,,2026-06-03 06:26:16
f1b2a28e4aaa2d620nR82N25E1tX,驻点运维工程师（无锡）,智瞻科技,100-499人,计算机软件,本科,1-3年,"计算机相关专业, 电子/电气/自动化相关专业, 通信相关专业",6-8K,无锡,,2026-06-03 06:26:16
1db5b0c83796cda303d-2du0EVFR,IT运维&测试,StorageX,20-99人,电子/硬件开发,本科,5-10年,"网络运维, Docker, MySQL/Oracle, LINUX, 功能测试",8-10K·14薪,无锡,,2026-06-03 06:26:16
7dcfced54c09045d0nZy29q9FVVR,产品运维专员,康明斯天远北京分公司,20-99人,互联网,本科,3-5年,"tbox, can总线, 汽车电子",18-20K,无锡,,2026-06-03 06:26:16
bd9fb48a80e58af903d73Nu9FVNY,运维工程师,江苏维姆信息技术,0-20人,信息安全,学历不限,经验不限,"网络运维, 通信相关专业, 大数据运维经验, 计算机相关专业, 网络安全相关经验, 运维经验",5-10K·13薪,无锡,,2026-06-03 06:26:37
10143ab129db9b6903172929F1ZR,运维工程师，驻场运维,南京鹏琨信息科技,0-20人,互联网,大专,1-3年,"网络运维, 通信相关专业, HCIP, 系统运维, 桌面运维, TCP/IP, 计算机相关专业, 网络安全相关经验, 运维经验, 打印机/复印机维修经验, IDC机房运维",5-6K,无锡,,2026-06-03 06:26:37
7c24cda178e1128103N_3tW5GVpT,运维工程师助理,中元盛辉,20-99人,光伏,大专,1-3年,,5-8K,无锡,,2026-06-03 06:26:37
bcd3b361b6b9a7fd0nV52Nu-FlZZ,IT运维,铃派,100-499人,原材料及加工/模具,本科,1-3年,,6-8K,无锡,,2026-06-03 06:26:37
84397a9e0474561e03N63N24F1dZ,云平台运维工程师(J10905),麦田能源股份有限公司,1000-9999人,光伏,本科,3-5年,"DBA, 运维开发/DevOps, Ansible/Salt/Puppet, Python/Shell, 运维开发经验, 大数据运维经验, 阿里云, Prometheus, ELK Stack, Grafana, 物联网",11-16K·13薪,无锡,,2026-06-03 06:26:37
8ccf313fd6a794901Xd929q5E1dY,IT驻场运维工程师,江苏睿诺,20-99人,通信/网络设备,大专,1-3年,"桌面运维, 系统运维, 计算机相关专业, 运维经验, 多媒体运维, 会议系统运维",4-6K·13薪,无锡,,2026-06-03 06:26:37
88cb513f4ca37b631Xx-0ty8ElFZ,运维工程师,江苏迈琨信息科技,500-999人,计算机硬件,学历不限,1年以内,"桌面运维, 网络运维, 系统运维",4-5K,无锡,,2026-06-03 06:26:37
259ed838cb6c02a70nB-39q6FlNT,电网行业运维工程师（双休+五险一金）,江行智能,100-499人,互联网,本科,1-3年,"电子/电气/自动化相关专业, 运维经验, 计算机相关专业, 通信相关专业, 电网行业, SQL语言, Linux",8-11K,无锡,,2026-06-03 06:26:37
e731ea26c204c9c51X1z2tW9FltQ,桌面运维工程师,维谛技术,20-99人,通信/网络设备,大专,1-3年,"桌面运维, 计算机专业",4-6K·13薪,无锡,,2026-06-03 06:26:37
30dd64c879c1f4ca0nV_0t61EFVZ,运维工程师（防伪系统）,无锡市天王包装容器,100-499人,机械设备/机电/重工,大专,1-3年,,5-7K,无锡,,2026-06-03 06:26:37
88bb9d9b2a23f0dd03V73dS7FFVS,运维工程师,上海睿埃信息科技,100-499人,大数据,大专,3-5年,"计算机相关专业, 运维经验, 网络安全相关经验, 系统运维",9-10K,无锡,,2026-06-03 06:26:37
29992b5d9be5c04b1X162Nu6FlBZ,充电桩运维工程师,星星充电,1000-9999人,其他新能源,大专,1-3年,实施交付运维,7-10K,无锡,,2026-06-03 06:26:37
be2d9ed00ce437e20nd439W6E1tR,平台运维工程师,力合科技,500-999人,仪器仪表,本科,1-3年,,6-7K·14薪,无锡,,2026-06-03 06:26:37
cf83ac35e59928341n143Ny-F1BZ,初级运维工程师,正点紫砂科技,100-499人,广告营销,学历不限,经验不限,"数据库运维, 安全运维, 系统运维, 大数据运维, 应用运维, 自动化运维, 存储运维, 机房运维",6-7K,无锡,,2026-06-03 06:26:37
9af4bc47d78cbef01HF80ti4FVZS,MCS运维工程师,北京爱思开希恩希系统,100-499人,通信/网络设备,大专,3-5年,"系统运维, Java, 运维经验, .net, Linux, MCS运维",10-15K·13薪,无锡,,2026-06-03 06:26:37
0c6dd496a996a3b60nVz3924FFtQ,软件工程师,港港口集团股份有...,100-499人,进出口贸易,本科,在校/应届,,10-11K,无锡,,2026-06-03 06:26:57
090b79e6ea115ae11Xd-2N25F1tR,运维工程师,万帮新能源,1000-9999人,互联网,大专,1-3年,"安全运维, 大数据运维, 充电桩",8-11K,无锡,,2026-06-03 06:26:57
7ae4af21375786161Xxy2Nu7GVZY,运维工程师,无锡锐源通,20-99人,电子/半导体/集成电路,本科,经验不限,系统运维,7-9K·13薪,无锡,,2026-06-03 06:26:57
c29edf7552b2e20e1Hx53tu8FFdW,项目运维专员,中邮建,10000人以上,通信/网络设备,本科,,"实施交付运维, 通信相关专业, 计算机相关专业, 电子/电气/自动化相关专业",130-140元/天,无锡,,2026-06-03 06:26:57
8da56995e7a95c9903B809q8GVdR,it运维工程师,圆通速递,10000人以上,快递,本科,经验不限,,7-9K,无锡,,2026-06-03 06:26:57
83070acf8230a60c0nV709u-F1VS,数字化IT工程师-薪资面议,远景能源,1000-9999人,风电,本科,5-10年,,2-3K,无锡,,2026-06-03 06:26:57
2f31df701fe116eb0nR_2Nm7GFpT,发行运维工程师,三九互娱,100-499人,游戏,大专,经验不限,"系统运维, Python/Shell, 计算机相关专业",7-10K·13薪,无锡,,2026-06-03 06:26:57
3fbd48972846e7ef0Hd53dS1EVY~,IT运维工程师,中建材,100-499人,其他专业服务,本科,1-3年,"运维工程师, 网络协议, MVC开发, IT服务, Oracle, SQL Server, Java",9-12K,无锡,,2026-06-03 06:26:57
0a149fe2e83f6db01nB90tm1ElBQ,技术支持工程师（宜兴）(J13366),浙江大华,10000人以上,互联网,大专,1-3年,"Unix, Linux, 系统运维, MySQL, Access, Windows, Oracle",6-8K·13薪,无锡,,2026-06-03 06:26:57
b394bb18a2e36def03150tu0FVdT,助理电气工程师,无锡中鼎智能科技,500-999人,自动化设备,本科,经验不限,PLC工程师,8-12K·13薪,无锡,,2026-06-03 06:26:57
3ffca1be0b48fa8b0nd83dy1ElZQ,IT工程师-硬件,无锡伟测,500-999人,半导体/芯片,本科,1-3年,,6-8K·13薪,无锡,,2026-06-03 06:26:57
4e1f7507a0d57f231HF-3N2-EVFT,运维工程师,量盾科技,20-99人,计算机软件,大专,3-5年,"系统运维, Nginx, Elasticsearch, MySQL/Oracle, 计算机相关专业, 运维经验",5-10K,无锡,,2026-06-03 06:26:57
1a4ebab34ffe6d4b0nVz2Nu0FFNS,运维工程师,市政设施基础建设,20-99人,工程施工,本科,1-3年,"系统运维, 实施交付运维, Python/Shell, MySQL/Oracle, 计算机相关专业, 运维经验",7-11K,无锡,,2026-06-03 06:26:57
70684a7edf91b3550nZ72d6_FVNY,it运维专员,京济通信,100-499人,铁路/船舶/航空/航天制造,本科,3-5年,,6-8K,无锡,,2026-06-03 06:26:57
27887400cee8db2f0nd_3dS5FVFZ,网络工程师,江丰同芯,100-499人,仪器仪表/工业自动化,本科,3-5年,"有网络工程师经验, 甲方企业, 3到5年网络工程师经验, 计算机相关专业, 数据中心运维",7-8K,无锡,,2026-06-03 06:26:57
8837896aa145d6740nd83N6-EFZT,电气自动化工程师,瑟壳数字,20-99人,人工智能,本科,5-10年,PLC工程师,11-20K·13薪,无锡,,2026-06-03 06:27:18
6bbdbe7ceb2c0bbb0nZ739y6E1RT,江阴运维工程师,易服信息,0-20人,计算机服务,大专,1-3年,"网络运维, 系统运维, IDC机房运维, 计算机相关专业, 运维经验, 网络安全相关经验, Linux, 系统运维, 机房运维, 服务器配置, 虚拟机技术, 桌面运维, Windows",4-8K·13薪,无锡,,2026-06-03 06:27:18
1e68b82da038737e0nB40920E1tY,运维工程师,南京济拓,100-499人,计算机软件,本科,1-3年,,6-9K,无锡,,2026-06-03 06:27:18
ce5650fb79ec932a0nV-3N6-ElpU,运维专员,金振,20-99人,专用设备,大专,1-3年,系统运维,5-6K·13薪,无锡,,2026-06-03 06:27:18
0dcb14f73235be8303193dm4FFBW,运维工程师,碳一新能源,1000-9999人,其他新能源,本科,3-5年,,8-13K,无锡,,2026-06-03 06:27:18
50ec8213b04850b31HJz09m6EFpQ,桌面运维工程师,广信云图,0-20人,通信/网络设备,大专,1-3年,"桌面运维, Python/Shell, 计算机相关专业, 运维经验, 运维开发经验",6-8K,无锡,,2026-06-03 06:27:18
45cd856487af00a91HR43N6_FlJX,it运维工程师,德江科技无锡有限公司,0-20人,计算机服务,大专,1-3年,"桌面运维, 系统运维, 运维经验",5-10K,无锡,,2026-06-03 06:27:18
a85565bfbe3599671nZ63dW6E1NW,运维工程师,无锡鑫沃,0-20人,计算机服务,学历不限,经验不限,办公设备维修维护,3-8K,无锡,,2026-06-03 06:27:18
f08d8799282899531Xd50tS9EVdR,智慧生产系统工程师(MES),中铁建(无锡),20-99人,工程施工,本科,5-10年,"Python, SQL, 系统运维",15-18K·14薪,无锡,,2026-06-03 06:27:18
1cf8f322d90df2fa0nR729W0FFpQ,运维工程师,太初,100-499人,人工智能,本科,3-5年,"桌面运维, 网络运维, 系统运维, IDC机房运维, 运维开发/DevOps",8-12K,无锡,,2026-06-03 06:27:18
9c68b0d00c9466b00nZy3Nm-GFFR,运维主管,苏州天一信德,100-499人,环保,大专,3-5年,,6-8K,无锡,,2026-06-03 06:27:18
a27b75cab39ce2ac03R42NW7GVRV,电气（AGV）运维工程师,无锡刘潭服装有限公司,500-999人,服装/纺织,大专,1-3年,"实施交付运维, Java, MySQL/Oracle, 计算机相关专业, 运维经验",5-6K,无锡,,2026-06-03 06:27:18
9596933ea49345381Xdy3Nq5EldT,资深技术支持工程师,微软中国,10000人以上,计算机软件,本科,3-5年,"系统运维, Python, SQL, Java, MySQL, PostgreSQL",20-35K·13薪,无锡,,2026-06-03 06:27:18
278ad61763a6dc8f1HR839W6GVRV,桌面运维工程师,天助畅运,100-499人,医疗健康,大专,3-5年,"桌面运维, 系统运维",5-8K,无锡,,2026-06-03 06:27:18
45071f39772417800nV90tS5FVZT,机械制造工程师（ME）,人本集团有限公司,10000人以上,通用设备,本科,在校/应届,,6-8K,无锡,,2026-06-03 06:27:18
64e8ac2f22af8e3c1XR539i_EVQ~,运维工程师,用友无锡营销服务中心,0-20人,计算机软件,大专,在校/应届,"财务专业, 实施交付运维, MySQL/Oracle, 系统运维, 运维开发经验, 计算机相关专业, ERP系统运维, 网络安全相关经验, 数据库, 运维经验",3-4K,无锡,,2026-06-03 06:27:39
b6ff0530cbeada6a0nV53tq7FlJR,IT工程师,江阴市瑞华机械制造,100-499人,通用设备,本科,1-3年,,7-10K,无锡,,2026-06-03 06:27:39
a70d44010f4a74051XBy2N-6GFJU,高级运维工程师,朗亦科技,100-499人,通信/网络设备,本科,5-10年,CCIE,12-15K,无锡,,2026-06-03 06:27:39
f1bfaa19edb742b30nB_3dq5FlBW,运维工程师,圣唯思,100-499人,计算机软件,本科,1-3年,,5-6K,无锡,,2026-06-03 06:27:39
83780e42effc4a1b03J509W8FVpU,运维工程师,纳新科技,20-99人,互联网,本科,3-5年,,6-11K,无锡,,2026-06-03 06:27:39
e3dd2a33c86566ce1XJ53N27FFtS,系统支持顾问,软科动力,20-99人,计算机软件,本科,1-3年,"实施交付运维, 系统运维, 软件测试",8-12K·14薪,无锡,,2026-06-03 06:27:39
d5a82ce1792cbc571Hd63d6_ElFY,电力运维工程师,业臣电力,20-99人,电力/热力/燃气/水利,大专,1-3年,"实施交付运维, 电子/电气/自动化相关专业",5-8K,无锡,,2026-06-03 06:27:39
cd224ac19127fa9b0nZ63Nu4FFFX,软件实施工程师（自动化立库WMS/WCS）,承亿智能科技,100-499人,专用设备,大专,1-3年,"WMS, 软件实施经验",6-11K,无锡,,2026-06-03 06:27:39
a3d6fe0bc6ef6ca30nB-3tW6FVVS,芯片研发IT运维工程师,江阴新际科技,20-99人,电子/半导体/集成电路,本科,3-5年,"通信相关专业, eda运维, 运维开发经验, 芯片, 桌面运维, Python/Shell, 计算机相关专业, 运维经验",12-14K,无锡,,2026-06-03 06:27:39
5019bedb90bc7d9a1nx43Ny4F1BQ,IT运维工程师,苏州蓝诺,20-99人,计算机服务,大专,1-3年,"Windows, 桌面运维, 网络运维, 网络工程师证, CCNP证书, CCNA证书",4-6K,无锡,,2026-06-03 06:27:39
1d04f48f7150a8c80nd929u9FVtS,sap运维工程师,盛合晶微,1000-9999人,半导体/芯片,本科,1-3年,,5-10K·14薪,无锡,,2026-06-03 06:27:39
48622788740a87d11nx50tq6FVJT,IT运维工程师（江阴）,江苏惠仁,20-99人,智能硬件,大专,1-3年,网络交换技术,5-10K,无锡,,2026-06-03 06:27:39
53e6308af97cbb6303Zy0t29ElVX,电力运维工程师,湖通电力,20-99人,其他行业,大专,5-10年,"电子/电气/自动化相关专业, 运维经验",8-12K,无锡,,2026-06-03 06:27:39
a20bd64f105567d003d-3dm9FlVQ,运维工程师,上海斯勘隆科技,20-99人,计算机软件,本科,3-5年,"实施交付运维, MySQL/Oracle, 系统运维, 运维开发经验, 计算机相关专业, 运维经验",8-10K,无锡,,2026-06-03 06:27:39
f7de239916f7c0790nV52Ny_E1BV,中级java开发工程师,金数云,0-20人,互联网,本科,5-10年,"Java, PostgreSQL, SpringCloud, MySQL, Spring",11-20K,无锡,,2026-06-03 06:27:39
78f64e8c5c071ec61Hd73dm7FlJW,运维工程师,金辰图像,20-99人,信息安全,大专,1-3年,网络运维,5-9K,无锡,,2026-06-03 06:27:59
31c3f20605f51d241HV43di1EVNR,运维工程师,宜兴市长和电子科技,20-99人,电子/半导体/集成电路,高中,经验不限,"系统运维, 电子/电气/自动化相关专业",5-6K,无锡,,2026-06-03 06:27:59
a20e635aec24ee8c03J40t26FlBV,运维开发工程师,江苏满鼎科技,20-99人,计算机软件,本科,5-10年,"Docker, 运维开发经验, Kubernetes",7-12K,无锡,,2026-06-03 06:27:59
f1ef633a7e7e91ff0nd_2dm0GFRW,软件实施工程师,龙坤,20-99人,计算机软件,本科,3-5年,"绿色工厂, 软件实施经验, 能碳, BMS/EMS, 可适应出差, 零碳",7-9K,无锡,,2026-06-03 06:27:59
a658daa42010e09e1H163Nu4FFJY,软硬件运维工程师,梁溪区朗诚科讯电...,0-20人,计算机服务,中专/中技,1年以内,"网络运维, 桌面运维, 计算机相关专业, 运维经验, 打印机/复印机维修经验",4-6K,无锡,,2026-06-03 06:27:59
7dbac514bb9852181Xxy3925F1JW,运维工程师,滨湖区萤云软件室,0-20人,互联网,本科,3-5年,"桌面运维, 网络运维, 系统运维",10-11K,无锡,,2026-06-03 06:27:59
e5d5b60b745598ba1Hd73dq4E1BV,运维工程师,鼋博群智能,20-99人,计算机服务,本科,3-5年,系统运维,9-14K·13薪,无锡,,2026-06-03 06:27:59
7c408d6f1c3a140003152ti8FVtV,运维工程师,西安鸿洲网络信息科技,20-99人,机电工程,大专,1-3年,安防，弱电技术人员,5-6K,无锡,,2026-06-03 06:27:59
3ac7443a528aaa771XR43tW8EVFZ,运维工程师,普方达,20-99人,环保,中专/中技,3-5年,"实施交付运维, 全职兼职均可, 水质在线监测仪表设备, 系统运维, 应用运维",4-9K·13薪,无锡,,2026-06-03 06:27:59
bc8361f886727f0c03B72tW6ElRX,实施工程师,江苏冰谷数字科技,20-99人,广告/公关/会展,本科,3-5年,,6-9K,无锡,,2026-06-03 06:27:59
553a375e699ac7bb031y092_ElZR,运维工程师（实习生岗位）,怡信天成,20-99人,智能硬件,大专,,"网络运维, 桌面运维, 系统运维, IDC机房运维, 计算机相关专业, 运维经验, 网络安全相关经验",140-150元/天,无锡,,2026-06-03 06:27:59
6996d37bc1cdb45803x82t-0FFRU,在线监测运维工程师,璟瑞环保,0-20人,仪器仪表,大专,1-3年,,6-10K,无锡,,2026-06-03 06:27:59
d50d861333347f250nZ50920F1JZ,IT桌面支持工程师(J10634),信捷电气,1000-9999人,其他行业,本科,1-3年,"桌面运维, 网络运维, 系统运维, Python/Shell, Java, 计算机相关专业, 通信相关专业, 运维经验, 网络安全相关经验, 打印机/复印机维修经验, 终端桌面支持, 安防设备运维",6-9K·13薪,无锡,,2026-06-03 06:27:59
eed42be68d22d7f90nd-3ty5GVdZ,Java+Vue全栈开发工程师,芯朋微,100-499人,半导体/芯片,本科,3-5年,,15-25K,无锡,,2026-06-03 06:27:59
2a192f24f52987341nJ_0929FVpS,软件运维工程师,和赢汇通,0-20人,通信/网络设备,大专,1-3年,"系统运维, Linux, SQL, Java, Windows, Oracle, SQL Server",6-10K,无锡,,2026-06-03 06:27:59
7261122a381002b00nd52tu6FFJU,算法工程师(J23029),金风科技,1000-9999人,风电,本科,1-3年,,15-25K,无锡,,2026-06-03 06:28:21
7a65c97be21f035a1HV63dm7FlZQ,在线运维工程师,无锡中天固废,100-499人,环保,大专,1-3年,"系统运维, 实施交付运维, 电子/电气/自动化相关专业, 运维经验, 运维, 在线设备",6-10K,无锡,,2026-06-03 06:28:21
9a22096d7f6c9d440nB72tS7EFdW,运维专员,无锡埃斯鲁科技,20-99人,金属制品,大专,1-3年,"网络运维, 系统运维, 计算机相关专业, 运维经验, 打印机/复印机维修经验",4-7K,无锡,,2026-06-03 06:28:21
80583c36fca8317f0nV609m9FlBW,ERP实施运维工程师,逐日信息,20-99人,进出口贸易,本科,1-3年,,12-15K,无锡,,2026-06-03 06:28:21
3462909e8ab7952e1H1929m7FFVY,设备高级工程师（电芯）,某大型新能源公司,1000-9999人,新能源,本科,5-10年,"锂电池, 电芯, 电极段, 装配段, 化成段, 锂电, 动力电池",25-35K·15薪,无锡,,2026-06-03 06:28:21
befa9c43f452416c1HNy2t27E1BT,golang研发后端开发工程师,云天网络安全,20-99人,信息安全,本科,1-3年,"Golang, Golang服务端开发经验, 计算机相关专业",5-8K,无锡,,2026-06-03 06:28:21
0e2b344076dd4fca0nB509W6EVVU,智能体开发工程师,卓创资讯,1000-9999人,互联网,本科,1-3年,Coze,15-30K·13薪,无锡,,2026-06-03 06:28:21
85b605be7912e8720nZy3dW1FVpT,运维工程师,江阴暨阳软件服务,0-20人,计算机软件,大专,经验不限,,3-4K,无锡,,2026-06-03 06:28:21
69afa9b98f07e3670nB53t25ElRX,it桌面运维工程师,驭驱科技,20-99人,汽车零部件,大专,3-5年,,4-5K·14薪,无锡,,2026-06-03 06:28:21
89dfc899dc52a7f41nx429i4GVdU,IT工程师,华新精科,1000-9999人,汽车零部件,本科,1-3年,"企业内部IT技术支持, Java, 网络运维, ERP/OA/CRM支持经验, Linux, 网络交换技术, 服务器配置, 虚拟机技术, 桌面运维, SQL",7-10K·13薪,无锡,,2026-06-03 06:28:21
11e33538787635aa0nZ83t6_FldW,技术工程师,无锡迅智杰数据科技,0-20人,互联网,本科,1-3年,,8-13K,无锡,,2026-06-03 06:28:21
1114608f744a12461HJ6392_FVFV,初级运维工程师,无锡开悟,20-99人,计算机服务,本科,经验不限,"实施交付运维, IDC机房运维",4-7K,无锡,,2026-06-03 06:28:21
17aeaa6f1ad178d60nV52NS1EFVZ,运维工程师,研嘉科技,20-99人,工程施工,大专,5-10年,"Nginx, 网络运维, 安装调试，施工, 通信相关专业, 工程管理, Redis, 计算机相关专业, 电子/电气/自动化相关专业, 网络安全相关经验, 运维经验, 项目经理, 实施交付运维, Ansible/Salt/Puppet, Elasticsearch, Docker, 技术服务, 系统运维, IDC机房运维",4-8K,无锡,,2026-06-03 06:28:21
9eaddfd1051eb5f433R90tu8EVA~,实施运维工程师,南方中金,1000-9999人,企业服务,本科,1-3年,运维工程师,7-9K,无锡,,2026-06-03 06:28:21
5246cabc1c89d0971HRz39q6GFVQ,it工程师,湖畔光芯,100-499人,半导体/芯片,本科,5-10年,"企业内部IT技术支持, 新厂网络建设, 弱电项目建设",10-15K·14薪,无锡,,2026-06-03 06:28:21
796bdc5697a900901nZ83t29E1BY,软件实施运维工程师,慕沁智能,20-99人,计算机软件,大专,1-3年,"系统运维, Windows, SQL, Java, 服务器配置, Nginx, 网络设备, Linux",6-7K,无锡,,2026-06-03 06:28:43
d9ab938a6615162a0nB73dS9FFJS,电力硬件工程师,江苏蓝创,100-499人,大数据,硕士,5-10年,,15-25K,无锡,,2026-06-03 06:28:43
162f18b2a6d26d8c03xz29q9FFRT,it技术支持工程师,逸航汽车,100-499人,通用设备,本科,1-3年,,6-8K·13薪,无锡,,2026-06-03 06:28:43
77b97b8c084714651n140921FVJR,运维工程师,络思物联,0-20人,计算机软件,本科,1-3年,"Nginx, Tomcat, Linux, Docker, 全职兼职均可, 系统运维, K8S, MySQL",10-11K,无锡,,2026-06-03 06:28:43
5865670e281b34151HV-3Nq9FFNW,资深运维工程师,馥晚科技,20-99人,计算机服务,本科,5-10年,"计算机相关专业, 网络安全相关经验, 英文可沟通, 信息系统项目管理师, CCNA/CCNP, HCIE, 英美留学生, 澳加留学生, 欧洲留学生",15-20K·13薪,无锡,,2026-06-03 06:28:43
a8c8e5f10e7f54a73nV80920EVY~,光伏电站运维工程师,因特阁瑞,0-20人,光伏,大专,3-5年,"运维工程师, 系统运维, 计算机软件, 运维监控, 分布式技术",6-8K·13薪,无锡,,2026-06-03 06:28:43
2c257d768e0a2d3b03Z70ty9FFRQ,运维工程师,跨越,0-20人,交通/运输,本科,1-3年,,4-6K,无锡,,2026-06-03 06:28:43
b399410ecfe55da31Xd53ty8FlVX,运维工程师,无锡惠之,20-99人,建筑材料,学历不限,经验不限,系统运维,6-7K,无锡,,2026-06-03 06:28:43
04686d17ec68aa161XJ909-5FlRT,软件实施运维工程师,无锡黑物信息科技,0-20人,计算机服务,本科,3-5年,"网络运维, 系统运维, 实施交付运维, Java, Python/Shell, Nginx, Redis, MySQL/Oracle, 计算机相关专业, 通信相关专业, 电子/电气/自动化相关专业, 运维经验, 运维开发经验, MES系统部署经验, 国产化软件的部署实施经验, 丰富的项目管理及实施经验, SCADA",6-11K,无锡,,2026-06-03 06:28:43
487fe4d9bc432d693nNy3dW5E1M~,电力运维工程师,高雷德,100-499人,大数据,大专,经验不限,"通信相关专业, 自动化运维, 计算机相关专业, 电力设备维护, 电子/电气/自动化相关专业",5-7K,无锡,,2026-06-03 06:28:43
a1c59e6e0967699203d83Nm4FlVV,Liquid Delivery System-现场维保工程师,季安碧斯,20-99人,其他制造业,高中,经验不限,系统运维,5-6K,无锡,,2026-06-03 06:28:43
1941da7b1aed3c0033Zz2d-7EVs~,实施/运维工程师,感图,100-499人,计算机软件,本科,在校/应届,"运维工程师, 测试工程师, 实施工程师",3-5K,无锡,,2026-06-03 06:28:43
54a3e3d950ca91930nB63NW8ElBW,光伏运维工程师--江苏无锡（宜兴或江阴）,江苏元景达新能源,100-499人,光伏,大专,1-3年,"户用光伏运维经验, 风电运维, 要求光伏/风电运维经验, 光伏运维经验, 户用光伏运维",5-10K,无锡,,2026-06-03 06:28:43
dc63583c2efa50aa1nBy2tu-GVVX,运维工程师,江苏明程信息技术...,20-99人,计算机服务,大专,经验不限,"机房运维, 系统运维, 安全运维, 应用运维, 存储运维, 数据库运维, 虚拟化运维",4-7K,无锡,,2026-06-03 06:28:43
9b9f3956337e8c371n1y0ty6F1VV,驻点工程师,环境云,100-499人,计算机软件,大专,1-3年,"通信相关专业, 计算机相关专业, 实施交付运维, 运维工程师",5-7K,无锡,,2026-06-03 06:28:43
a032d642010f79be03Z50ty9F1RY,运维,苏胜,20-99人,机械设备/机电/重工,大专,1-3年,,5-6K,无锡,,2026-06-03 06:33:12
eb1c9283508203820nd709i1F1dZ,服务器运维专员,熊猫出行,20-99人,互联网,本科,1-3年,,7-8K,无锡,,2026-06-03 06:33:12
1e1d0f8e4be2e2e403V80tS6F1dW,k8s实施运维工程师,泰坦智慧,20-99人,人工智能,本科,3-5年,"Docker, 运维开发/DevOps, CICD, jenkins, 计算机相关专业, Kubernetes",10-14K,无锡,,2026-06-03 06:33:34
27f896f3c8c5ae540nZ93N-5GFBZ,oa系统运维,无锡者天生物科技,20-99人,食品/饮料/烟酒,大专,1-3年,,6-10K,无锡,,2026-06-03 06:33:34
92e47efe8cd0109c0nZy29S8FlBX,网络工程师,雅迪集团,1000-9999人,汽车研发/制造,本科,3-5年,"有网络工程师经验, 甲方企业, 不需要出差, 3到5年网络工程师经验, CCNP/HCIP等, 大型网络实施, 大型网络运维, 网络架构设计",12-18K,无锡,,2026-06-03 06:33:55
3d2f3a5d9d4a485903x_0tu7EFdX,软件运维工程师,医博士,20-99人,计算机软件,大专,3-5年,,6-8K,无锡,,2026-06-03 06:33:55
0cd7defcc48e6c580nd63dW0E1VW,运维工程师,朗新科技,1000-9999人,计算机软件,本科,3-5年,,10-15K,无锡,,2026-06-03 06:33:55
134fa7d2ca5c81f903N80tu5F1NV,运维专家,晟能科技,100-499人,其他新能源,本科,5-10年,"Docker, k8s, 监控, 运维",15-23K,无锡,,2026-06-03 06:34:16
582a72a18f377d9a0nZ82961GVtY,过程质量工程师,某大型风电公司,1000-9999人,风电,本科,3-5年,"能源/环保/化工经验, 六西格玛证, 需要出差, QC七大手法, PQE经验（制程）, 有质量管理经验, 8D报告经验",25-35K·14薪,无锡,,2026-06-03 06:34:16
58870b1f7ac1307c03d83tS8FldR,运维开发工程师,神工坊,0-20人,互联网,本科,经验不限,"Java, Docker, Linux, Zabbix/Prometheus, Python/Shell",9-14K,无锡,,2026-06-03 06:34:37
4c1c612bee7c808c0nV-2925FFRS,运维工程师,无锡逸峰凝天科技,0-20人,计算机软件,大专,,,70-120元/天,无锡,,2026-06-03 06:35:17
951aa4f2b3617cc10nd539m0GVtS,光伏运维工程师,江苏晟晖能源科技,0-20人,光伏,大专,3-5年,"工商业光伏运维, 要求光伏/风电运维经验, 工商业光伏运维经验, 光伏运维经验",6-9K,无锡,,2026-06-03 06:35:39
df5ac14462d22a270nd43tq4EVdW,网络运维工程师（双休 房补 五险一金）,晟烽,20-99人,计算机软件,大专,1年以内,,7-8K,无锡,,2026-06-03 06:40:07
e6923309be3d36270nd82t-_GVBR,高级IDC数据中心设施运维工程师,诚云科技,500-999人,互联网,本科,3-5年,"电气弱电暖通, IDC, 运维经验, IDC机房运维, 数据中心",15-25K·15薪,无锡,,2026-06-03 06:40:51
170e745e0671638e0nB509W0E1JZ,电气实施工程师,尚航科技,100-499人,大数据,本科,5-10年,,20-30K,无锡,,2026-06-03 06:41:34
e72a1b995ba14c860nZ-3dm4FlJV,网络工程师,紫光同芯微电子,1000-9999人,半导体/芯片,本科,1-3年,,10-12K·14薪,无锡,,2026-06-03 06:41:34
4028ddcf88fa4f670nZ82tq5GVBT,基础设施运维工程师—机器人&数据链路方向,原力灵机,100-499人,人工智能,本科,3-5年,,10-15K·14薪,无锡,,2026-06-03 06:41:56
890b3239aed05b5d0nd70t24FVJT,高级前端开发工程师(react),上海驰牛,20-99人,计算机软件,本科,10年以上,"Java, 不接受居家办公, Vue, React, 前端开发经验",15-17K,无锡,,2026-06-03 06:42:37
3c6af424f4b507300nV73ty9FlpW,电气工程师|百度IDC基础设施运维|发展好,力云科技,100-499人,通信/网络设备,大专,5-10年,"列头柜, UPS, 运维经验, 柴油发电机组, IDC机房运维, 中低压柜, 数据中心",10-13K,无锡,,2026-06-03 06:47:47
a0d77f67784081670nR_2N60FVtU,数据运维工程师,云域网,20-99人,计算机软件,大专,3-5年,DBA,10-15K,无锡,,2026-06-03 06:48:28
a9ac93dd34c7609d0nB_2di1FVRU,机械设计工程师,悠派,500-999人,互联网,本科,1-3年,,10-15K·13薪,无锡,,2026-06-03 06:49:10
707850c8edac44da1HBz2965FlA~,运维工程师,无锡祥路,20-99人,通信/网络设备,高中,1-3年,"系统运维, 网络, 运维",5-8K,无锡,,2026-06-03 06:49:10
268a549398d2dd400nB73Nq0F1JT,mes工程师,宏源印刷,100-499人,印刷/包装/造纸,大专,3-5年,,9-14K,无锡,,2026-06-03 06:49:32
5d5f428d877748d60nd-3dy8E1NQ,后端开发工程师,无锡某中型半导体上市公司,100-499人,半导体/芯片,本科,3-5年,"Java, 后端开发经验, 全栈项目经验",15-25K,无锡,,2026-06-03 06:49:53
19f3b9a47f7abd190XJz3d-1E1E~,运维工程师,天御,20-99人,工程施工,大专,1-3年,"安全运维, 运维监控, 机房运维, 网络设备, 运维工程师",5-8K,无锡,,2026-06-03 06:49:53
b9c5a093ed9805ab0nZ90tW6FVtT,后端开发工程师,无锡新创力工业设备,100-499人,自动化设备,本科,3-5年,,10-15K,无锡,,2026-06-03 06:50:13
2d00a4dcaa81fec70ndz29u0FFVR,软件运维工程师(J10644),开普云,500-999人,人工智能,本科,3-5年,"运维开发经验, Python/Shell, 运维经验",8-13K,无锡,,2026-06-03 06:56:01
da8d2b29bf32f78e0nB70tS_EVdU,CDN系统开发工程师,云工场科技,100-499人,计算机软件,本科,1-3年,"Golang, C++, 分布式经验, 微服务经验, 数据库开发经验, Boost, MySQL, Redis, STL, 架构设计经验, Linux开发/部署经验",7-10K,无锡,,2026-06-03 06:58:31
099ce2c7884830871HJ82ty1ElFT,IT倒班工程师—宜兴,getech,100-499人,互联网,本科,1年以内,"企业内部IT技术支持, Java, IT技术支持经验, MySQL/Oracle, 计算机/通信相关专业",7-10K,无锡,,2026-06-03 06:58:52
c4df3593d7d7e41a0nR73t67E1ZZ,软件实施工程师,宏盛换热,500-999人,机械设备/机电/重工,本科,3-5年,,7-12K,无锡,,2026-06-03 07:05:07
0a28299e17e3ae270nR-3ty_F1pU,技术支持工程师,海辰/微软,0-20人,计算机软件,大专,1-3年,"IT技术支持经验, 计算机/通信相关专业, 售后支持/客户响应经验",5-10K,无锡,,2026-06-03 07:05:29
72a3ad5ba06167ca0nZy2dW1FVBW,售后服务工程师 （分选机）,长川科技,1000-9999人,半导体/芯片,本科,3-5年,,10-15K·14薪,无锡,,2026-06-03 07:05:50
31b916561f53ae1403N63tS7EVVZ,软件应用研发工程师,通用股份,1000-9999人,汽车研发/制造,本科,5-10年,"Golang, MES开发经验, Java, C++, 团队管理经验, C, SpringCloud, Redis, Spring, 有前端经验/技能, MySQL, MyBatis, MongoDB, Oracle, Python",15-18K,无锡,,2026-06-03 07:06:11
20caf77a1e2db2070nB-29S7FlFX,运维专员,南京市两亩地科技,0-20人,互联网,学历不限,经验不限,,20-25元/时,无锡,,2026-06-03 07:10:20
be136fc7b6506a610nB_3tm8E1RV,简道云实施工程师｜高提成+稳福利+每年晋升,摇火科技,20-99人,企业服务,本科,1-3年,,6-9K,无锡,,2026-06-03 07:10:42
4bfa9e3e934929b70nd-2Ny5GVVZ,运维工程师,保诺(江苏)智能环境,0-20人,环保,本科,经验不限,系统运维,4-6K,无锡,,2026-06-03 07:12:09
3b1ac5382719842b03xz09W9E1NU,运维工程师,鸿利智能,20-99人,计算机软件,大专,1-3年,,4-7K,无锡,,2026-06-03 07:12:29
ff9d258eacbd0d840nB_3dq6FlRY,实施工程师,圣唯思,100-499人,计算机软件,本科,3-5年,,5-6K,无锡,,2026-06-03 07:12:29
d675d042233e11af0nd_3t28ElFV,光伏运维工程师（必须有经验）,储新未来,20-99人,电力/热力/燃气/水利,中专/中技,1-3年,"户用光伏运维经验, 要求光伏/风电运维经验, 光伏运维经验, 集中式光伏运维, 工商业光伏运维, 户用光伏运维, 工商业光伏运维经验, 集中式光伏运维经验",7-8K,无锡,,2026-06-03 07:13:12
626c2b20836358650nB60tW9E1dY,后端工程师（架构方向）,无锡滨湖前沿技术...,0-20人,政府/公共事业,本科,3-5年,,14-26K,无锡,,2026-06-03 07:13:12
31b7b7e78d574fa303Jy3di-GVNS,java高级开发工程师,无锡艾科桑软件,0-20人,计算机软件,本科,5-10年,"Java, Spring, SpringCloud, Elasticsearch, JVM, MySQL, Redis, 团队管理经验, 架构设计经验, 分布式经验, 微服务经验, 不接受居家办公",16-20K,无锡,,2026-06-03 07:20:07
ab00a29df3f147620ndz39u6FFZX,运维专员,无锡华云创智机器人,20-99人,电气机械/器材,大专,1-3年,,4-9K·13薪,无锡,,2026-06-03 07:20:28
87ab90bca81ad72703N72tW0ElpZ,运维支撑工程师,联宇创新-武汉分公司,20-99人,计算机软件,大专,1-3年,"MySQL/Oracle, 系统运维",5-8K·13薪,无锡,,2026-06-03 07:20:49
120e471db4cc8f9803152dm6F1dZ,运维开发工程师,达邦管理有限公司,1000-9999人,广告/公关/会展,本科,5-10年,"Golang, Java, 英文读写能力良好, 公有云运维经验, python, 运维开发经验, CI/CD, Python/Shell, 计算机相关专业, AWS, Kubernetes",20-30K,无锡,,2026-06-03 07:20:49
e571d245b071d5cd33R53tW6F1U~,运维工程师,博创科技,20-99人,计算机服务,大专,1-3年,"运维工程师, 网络交换技术, 运维通信资格证书, 服务器配置",5-8K,无锡,,2026-06-03 07:21:53
d981dda2d04e14730nZ83t69EFVR,网络IT工程师,数字盛世云图,100-499人,计算机服务,本科,5-10年,,5-10K,无锡,,2026-06-03 07:27:43
d1f0e8d4056e709a0ndy0966FVNY,it工程师,通威拜欧玛,20-99人,农/林/牧/渔,本科,1-3年,"企业内部IT技术支持, IT资产管理, MySQL/Oracle, 计算机/通信相关专业, IT技术支持经验, 打印机/复印机维修经验, 弱电系统",8-12K·14薪,无锡,,2026-06-03 07:28:03
be402975cafb84d00nd43dS4FFRX,软件运维工程师,江苏维途纪元科技,20-99人,机电工程,大专,3-5年,"网络运维, IDC机房运维, 运维开发/DevOps",8-9K,无锡,,2026-06-03 07:29:07
00665aca29c068cf0nd80tW5F1pX,数据工程师,上海旋杰智能科技,0-20人,人工智能,本科,经验不限,,7-12K,无锡,,2026-06-03 07:37:05
151885bc5c679af70nB43N67E1dR,AI服务器运维工程师/运维主管（GPU服务器）,深圳市星瀚智算科技,20-99人,人工智能,大专,1-3年,,7-12K·14薪,无锡,,2026-06-03 07:41:34
a65a5a00dcb84fea0nV_2t27GVRY,运维专员,天津三快信息技术...,10000人以上,电子商务,学历不限,经验不限,系统运维,6-10K,无锡,,2026-06-03 07:41:34
faaa5792b4c8f0de1XF939W9FVNQ,linux运维工程师,无锡晓羊,20-99人,计算机软件,学历不限,1-3年,"网络运维, 系统运维, 运维开发/DevOps, Docker, Kubernetes, Nginx",8-10K·13薪,无锡,,2026-06-03 07:41:34
ec8c6454bb1bd1200nB-3dm1GVFR,钉钉运维工程师,江苏鼎轩软件,100-499人,计算机软件,大专,1-3年,,7-9K,无锡,,2026-06-03 07:41:54
b3114992578fb3d50nZ609y_EltY,IT运维工程师,智能自控,500-999人,电气机械/器材,本科,5-10年,,12-18K,无锡,,2026-06-03 07:41:54
105c093d755c04f10nB_09y8EFRS,运维工程师,燧弘华创,100-499人,人工智能,大专,1-3年,,5-8K,无锡,,2026-06-03 07:41:54
e04ceac662816f7403V709W6EVZR,PLM系统运维工程师(W0085),ATW,1000-9999人,自动化设备,本科,3-5年,"系统运维, PLM",12-20K·14薪,无锡,,2026-06-03 07:41:54
f7dd3837d975e1d40nd-39q8FlJY,运维工程师,品致环保,20-99人,环保,学历不限,经验不限,,8-12K·14薪,无锡,,2026-06-03 07:41:54
4664cb9f953f85040nVz2t2-FVBU,运维工程师（无锡）,赛思软件,100-499人,计算机软件,本科,1-3年,"实施交付运维, MySQL/Oracle, 大数据运维经验, 运维开发经验, 计算机相关专业, 运维经验",6-8K,无锡,,2026-06-03 07:41:54
8b3b2756d93e22491nV72967F1tY,运维工程师,江苏中硕信息科技...,20-99人,信息安全,高中,1-3年,"网络运维, 安全运维, 系统运维, 运维监控, 自动化运维, IT技术支持, 网络安全, 弱电系统",5-10K,无锡,,2026-06-03 07:41:54
4e318a961de131981H1-39W-F1dV,应用系统运维工程师,无锡崧山铭科技,0-20人,计算机软件,大专,经验不限,"系统运维, 实施交付运维, MySQL/Oracle, 计算机相关专业, 运维经验",4-5K,无锡,,2026-06-03 07:42:15
bb07162e343bb03803B53tq6F1ZY,运维工程师,感图网络科技,100-499人,计算机软件,大专,1-3年,,6-10K,无锡,,2026-06-03 07:42:15
4c01b499a142a8481XRz3dy-EFpZ,系统运维工程师,上海源石数据,1000-9999人,互联网,大专,1-3年,"负载均衡技术, 安全运维, Ansible, Jenkins",8-12K,无锡,,2026-06-03 07:42:15
48d30fae948e4b220nR-3di5FFFR,oa驻场实施运维工程师,泛微网络,1000-9999人,计算机软件,大专,1-3年,"系统运维, Java, 计算机相关专业",5-7K,无锡,,2026-06-03 07:42:15
028f34778bfca15d1XR60969FVFQ,驻场运维工程师,江苏曙光,20-99人,计算机服务,大专,3-5年,"系统运维, 安全运维, 桌面运维, Windows",7-9K·13薪,无锡,,2026-06-03 07:42:15
aea25ca7e9f91d7e0nB_3dW1EFZX,机器人运维工程师（AGV/AMR）,博世中国 / 集团,10000人以上,智能硬件,本科,3-5年,,12-18K·15薪,无锡,,2026-06-03 07:42:15
995832eb2d2f83a90ndy3tS5EFJV,运维专员,尚光能源科技有限公司,0-20人,电力/热力/燃气/水利,中专/中技,1-3年,,6-7K,无锡,,2026-06-03 07:42:15
01389b22683af20d1HZ40t64FFVZ,驻场IT运维工程师,苏州立木信,0-20人,计算机软件,大专,经验不限,"网络运维, 系统运维, 桌面运维",5-6K,无锡,,2026-06-03 07:42:15
97772007b3b6496b1HB42tq4GFRQ,运维工程师,利亚德,1000-9999人,智能硬件,中专/中技,经验不限,,6-7K,无锡,,2026-06-03 07:42:35
bbd05f67ec204a9a03N93Ny4E1FW,物业弱电系统与IT运维工程师,无锡威尔古德酒店管理,100-499人,酒店/民宿,中专/中技,1-3年,,5-6K,无锡,,2026-06-03 07:42:35
e3f1d8742d6e74f403Ry0tm9ElVR,运维工程师（物业工程方向）,融联智慧城市,20-99人,机电工程,本科,5-10年,"网络运维, IDC机房运维, DBA, 电子/电气/自动化相关专业, 运维经验, 运维开发经验, 网络安全相关经验",7-9K,无锡,,2026-06-03 07:42:35
9a2f8df32e929f6703d90ty7F1RZ,技术支持工程师（售前售后）,世控海洋,20-99人,铁路/船舶/航空/航天制造,本科,5-10年,"CISSP/CISP, 售前, 售后, 网络安全, 网络/通信设备",10-15K,无锡,,2026-06-03 07:42:35
07d41d0f6fe505520nV43t69GFtY,安全运维工程师,中检天帷,100-499人,信息安全,本科,5-10年,,9-14K,无锡,,2026-06-03 07:42:35
728467973b988efb1HV50961GVVQ,集控系统运维,江苏言和电力,100-499人,计算机软件,大专,经验不限,系统运维,4-6K,无锡,,2026-06-03 07:42:35
1340fd4a704962a51Xx40ty6FlVQ,IT运维工程师,神州柏瑞,0-20人,计算机服务,大专,1-3年,"网络运维, 系统运维, 桌面运维, Python/Shell",6-8K,无锡,,2026-06-03 07:42:35
ac749965edcb6f191Hx_2dm5FlZU,it技术支持/维护工程师,无锡黑霸网络科技,20-99人,企业服务,中专/中技,1-3年,"网络运维, 网络, 系统运维, 监控, 桌面运维, 计算机相关专业, IT",100-200元/天,无锡,,2026-06-03 07:42:35
569c55c8945c8e110nd53Nm_FVRV,运维工程师,帆软软件,1000-9999人,计算机软件,本科,1-3年,计算机相关专业,11-14K,无锡,,2026-06-03 07:42:57
e6e5eb62906b986d0nRz3d66F1pU,系统工程师（高级专家）,基本粒子,20-99人,计算机软件,本科,5-10年,"计算机/网络系统工程师, Docker/Kubernetes, 计算机相关专业",18-25K,无锡,,2026-06-03 07:42:57
c44ea93a07d606e21XJ52Nq9FFVS,云平台运维工程师,云之康,20-99人,互联网,大专,1-3年,"网络运维, 系统运维, 实施交付运维, 计算机相关专业, 运维经验, 网络安全相关经验",5-7K·13薪,无锡,,2026-06-03 07:42:57
741cd6beab1654df1nZ92dS6EldT,IDC运维工程师,江阴欧维,20-99人,通信/网络设备,大专,经验不限,"服务器配置, Linux, 机房运维, 网络交换技术, Windows, SQLServer, 云计算, IT服务",4-8K,无锡,,2026-06-03 07:42:57
b5d86c1a9316e0860nRz3di8GFNS,立体库运维工程师（无锡）,西门子中国,10000人以上,智能硬件,本科,3-5年,"运维经验, 电子/电气/自动化相关专业, 立体库",11-20K,无锡,,2026-06-03 07:42:57
fe9063ea9593a9ad0XNy2ti0EFE~,网络工程师,江苏天诺,20-99人,通信/网络设备,本科,5-10年,"网络运维, 系统运维, IT技术支持",10-12K,无锡,,2026-06-03 07:42:57
817c9790cc10f4e01XJ-3dW9FVZQ,运维专员,众安数据,0-20人,医疗器械,本科,1-3年,"实施交付运维, 计算机相关专业, 网络安全相关经验, 运维经验",5-8K,无锡,,2026-06-03 07:42:57
22d2094745ab17ac0nV_3tu0F1dR,光伏系统运维技术员（实习 / 全职均可）,无锡探微新能科技,0-20人,光伏,本科,经验不限,,4-6K,无锡,,2026-06-03 07:42:57
d1a4a1309cc052ec1HV93NS1GFZW,服务工程师（海康监控运维）,江苏开拓,100-499人,计算机服务,大专,1-3年,"系统运维, linux",6-9K,无锡,,2026-06-03 07:43:18
8eee944b3994dd610nR43du8GVtS,售后运维工程师,江苏银浦,20-99人,计算机硬件,学历不限,经验不限,"网络运维, 通信相关专业, 计算机相关专业",6-7K·13薪,无锡,,2026-06-03 07:43:18
f1875186dbecf6021HVz2NS1EVJV,环保运维工程师,清源环境,20-99人,环保,高中,经验不限,物化系统，生化系统,5-7K,无锡,,2026-06-03 07:43:18
a63297856b69ee630nRy09u5EVBS,运维工程师,紫荆智康,20-99人,人工智能,本科,3-5年,"Elasticsearch, 容器化, 监控, kubernetes[k8s], 运维经验, Kubernetes",15-25K·14薪,无锡,,2026-06-03 07:43:18
8f0fdbc8d1015ca81Hd62tm0E1tU,Mom信息系统开发工程师,某大型新能源公司,500-999人,新能源,本科,5-10年,"后端开发经验, 信息软件, 系统开发, mom系统",20-40K·15薪,无锡,,2026-06-03 07:43:18
52f2e9b47f15a8ef0nB42dm-EFtS,IT运维（AI方向）,苏民投,20-99人,投资/融资,本科,1-3年,,8-10K,无锡,,2026-06-03 07:43:18
8d63512b4d8929f61XJ73ty-ElRQ,运维工程师,无锡刘潭服装有限公司,500-999人,服装/纺织,大专,1-3年,"网络运维, MySQL/Oracle, 系统运维, 桌面运维, 计算机相关专业, 网络安全相关经验",6-9K,无锡,,2026-06-03 07:43:38
4e589c01eb2918a503x82dS4FVtU,运维工程师,爱迪生信息科技,20-99人,信息安全,本科,5-10年,"Golang, Ansible/Salt/Puppet, MySQL/Oracle, 大数据运维经验, 运维开发经验, 运维开发/DevOps, 计算机相关专业, 网络安全相关经验, 打印机/复印机维修经验, Kubernetes",8-9K,无锡,,2026-06-03 07:43:38
e17c0c01526f546d0nR52926FVNZ,磁控溅射工程师,星辉航天,20-99人,新材料,本科,5-10年,,15-30K,无锡,,2026-06-03 07:43:38
91cfac96b7dd80210nZ93tu7F1tV,AI工程师,上海巅思,20-99人,计算机软件,本科,1-3年,,20-30K,无锡,,2026-06-03 07:43:38
fdf4df17a559f9850nR829u_EVJU,DevOps/运维工程师（阿里云新加坡/K8s）,赛昂新能源,100-499人,新能源汽车,本科,3-5年,,20-35K,无锡,,2026-06-03 07:43:38
11cf3699b45eaa731XB-2ty9EFdV,IT桌面运维工程师,菲麟信息科技,20-99人,计算机服务,本科,经验不限,桌面运维,7-8K·13薪,无锡,,2026-06-03 07:43:38
3723feba26d0e3330nZ42Ny8FFFV,运维管培生,无锡光电宝,100-499人,光伏,本科,经验不限,,5-8K,无锡,,2026-06-03 07:43:38
27436cbef7824e991X180tq-FlNV,运维工程师,艾芙迪,0-20人,环保,大专,1年以内,系统运维,4-8K,无锡,,2026-06-03 07:43:38
ee1ad7db7f8032671Xxy0t-1E1NV,SRE工程师,国富通,20-99人,其他行业,本科,3-5年,"系统运维, 运维开发/DevOps, 计算机相关专业, 通信相关专业, 运维经验",10-15K,无锡,,2026-06-03 07:44:00
cfd94057d8e5d245031_2N60E1VU,运维工程师,云车物联,20-99人,电子商务,本科,1-3年,,5-8K,无锡,,2026-06-03 07:44:00
66bee05a46971a3a0nV83ty1EFdY,光伏运维工程师/电工-江阴,储新未来,20-99人,电力/热力/燃气/水利,大专,1年以内,,7-9K,无锡,,2026-06-03 07:44:00
5ea7eed4e66697820nB43ty-FlpV,研发工程师,无锡康桐信息科技,20-99人,医疗服务,本科,1-3年,"Java, MySQL, SQL Server, Python",10-11K,无锡,,2026-06-03 07:44:00
4b56eb34d8aa14a303x729q7EFtX,网络运维工程师,恒田企业,1000-9999人,服装/纺织,本科,1-3年,"网络运维, 通信相关专业, 桌面运维, 计算机相关专业, 网络安全相关经验, 运维经验, IDC机房运维",5-8K·13薪,无锡,,2026-06-03 07:44:00
4c2ec902b5f15ed01HBy3N2-GVFW,运维工程师,新开普,1000-9999人,计算机软件,大专,3-5年,"系统运维, 计算机相关专业, 通信相关专业, 运维开发经验",6-9K,无锡,,2026-06-03 07:44:00
a6d0c6644b118a210nB729i_F1NQ,云服务工程师(无锡）,中科曙光,1000-9999人,互联网,本科,3-5年,,13-25K,无锡,,2026-06-03 07:44:00
1ecb90eac3c26b5e1nN52ti5ElFW,软件工程师,博力格,20-99人,移动互联网,大专,经验不限,"系统运维, 自动化运维, 应用运维, Linux, Windows, Java, 网络协议, 全职兼职均可",9-14K,无锡,,2026-06-03 07:44:00
528fa43c59193e610nVz3tS0ElpS,oa系统开发工程师,北京昕感科技,100-499人,半导体/芯片,本科,5-10年,"JAVA, Nginx, 系统建设/运维经验, Linux运维经验, Tomcat, 大数据运维经验, Weblogic, 计算机相关专业, NET, 计算机/网络系统工程师",10-15K·13薪,无锡,,2026-06-03 07:44:00
7d2ca80542fb9aeb0nB-0tu_E1BW,无锡支付宝NFC运维专员,南京御能达信息科技,100-499人,互联网,大专,1-3年,"系统运维, 运维经验",4-5K,无锡,,2026-06-03 07:44:22
361299aa775ebab50nB42N2_FFdV,运维工程师,同芯恒通,20-99人,半导体/芯片,本科,经验不限,"网络运维, 系统运维, Linux, 虚拟化",15-20K,无锡,,2026-06-03 07:44:22
d24a927b89d4648c0ndy3t-0FlBZ,运维工程师,骏安检测,20-99人,信息安全,本科,1年以内,"Linux, SQLServer, Windows",6-10K,无锡,,2026-06-03 07:44:22
8541a706ef83778d1nBy0tq8ElBU,网络工程师,新悦网络,0-20人,信息安全,大专,3-5年,"系统运维, 桌面运维, Windows, 网络交换技术, SQL Server, 全职",5-7K,无锡,,2026-06-03 07:44:22
c4faa37e8ba0444e03Z_2tu_E1ZR,对日IT运维工程师（日语流利）,软唐信息科技,0-20人,计算机软件,大专,3-5年,,7-10K,无锡,,2026-06-03 07:44:22
15e6d3032d7035e003V72Ni4ElFV,.NET 工程师,创思感知,0-20人,计算机软件,本科,3-5年,"C#, .NET, .NET开发经验, 计算机相关专业, .NET Core",10-15K,无锡,,2026-06-03 07:44:22
4cc462119d7791010nB709W0FlZZ,网络安全功能开发工程师,伟博科技,100-499人,汽车研发/制造,本科,3-5年,,12-18K,无锡,,2026-06-03 07:44:22
b0bbae02f3263d350nV42NW9GFJX,储能系统方案解决工程师,弘元绿色能源,1000-9999人,光伏,本科,5-10年,,12-20K,无锡,,2026-06-03 07:44:42
c7096b30850dd7dd0nd_2tu4GFdR,项目高级工程师(J10346),毅合捷,500-999人,汽车零部件,本科,5-10年,"WMS, OA, ERP, 计算机相关专业, 软件实施经验, 智能制造",14-18K·13薪,无锡,,2026-06-03 07:44:42
8d262335dcf75df733d_3dS8EFQ~,弱电工程师,博创科技,20-99人,计算机服务,大专,1-3年,"运维工程师, 网络运维, IT技术支持, 网络设备",5-8K,无锡,,2026-06-03 07:44:42
8d36b004fd900c6c1nx43t28EFZY,运维工程师,新亿成,20-99人,互联网,大专,1-3年,系统运维,4-8K,无锡,,2026-06-03 07:44:42
19b403305cd82c8303F509S4E1NZ,电气工程师,江苏富仁,1000-9999人,通用设备,本科,经验不限,,6-10K,无锡,,2026-06-03 07:44:42
de759394fbd844241HB42Nm1EFVZ,设备运维工程师,圆通,1000-9999人,物业管理,大专,3-5年,系统运维,6-8K,无锡,,2026-06-03 07:44:42
d4263cf5eca310000nB53N-4FlpY,AI服务器工程师,天顿数据,100-499人,人工智能,大专,1-3年,,7-12K·14薪,无锡,,2026-06-03 07:44:42
f7e122220b792f3603B92tq6GFVT,技术运维安全工程师/直播推流运维分析师,巨丰投顾无锡分公司,100-499人,证券/期货,本科,3-5年,"网络运维, 实施交付运维, 通信相关专业, 大数据运维经验, 系统运维, 计算机相关专业, 网络安全相关经验, 运维经验",7-12K,无锡,,2026-06-03 07:44:42
9268296f8abc773e1XN93tW1EVFY,IT工程师,无锡闻讯电子有限公司,10000人以上,电子/半导体/集成电路,大专,1-3年,"桌面运维, 网络运维, 系统运维",6-10K,无锡,,2026-06-03 07:44:42
8eab96e18fe1e9bb1HR-29q7E1FW,高级开发工程师,汇智软件,20-99人,计算机软件,本科,5-10年,"Java, C#, 分布式技术, 网络编程, SpringBoot, Spring, SpringMVC, ASP.NET",18-28K·13薪,无锡,,2026-06-03 07:44:42
14e3c3e8b51390130nRz3N24EFZT,软件售后运维工程师,无锡晶澳卫蓝,100-499人,光伏,大专,1-3年,,10-15K,无锡,,2026-06-03 07:50:12
c18a0f04daf2ca2a0nB62t6_EVdV,厂务工程师,盐城润发新能源科技,20-99人,进出口贸易,大专,5-10年,,17-20K,无锡,,2026-06-03 07:51:37
a379df18cee5a5861HV62tS6ElVQ,运维工程师,海存云,0-20人,计算机服务,本科,10年以上,"桌面运维, 网络运维, 系统运维",4-5K,无锡,,2026-06-03 07:52:40
d70d0537aea82f550nB82dy7F1pV,信息工程师,张家港市旭骏机械部件,100-499人,汽车零部件,大专,3-5年,,8-10K,无锡,,2026-06-03 07:58:12
a3ad7ca0b75a6a141HVy2dW6F1RR,服务器工程师,江苏睿诺,20-99人,通信/网络设备,大专,3-5年,"MySQL/Oracle, 系统运维, 计算机相关专业",8-13K·13薪,无锡,,2026-06-03 07:59:16
24b22bb507f5cf460nR-3dq8EFFR,充电桩运维工程师,鹿氏,20-99人,其他新能源,大专,1-3年,"实施交付运维, 计算机相关专业, 电子/电气/自动化相关专业, 运维经验",6-7K,无锡,,2026-06-03 07:59:38
df6e96f82e2a656d0nB529m_GFZR,it工程师,联元达,100-499人,原材料及加工/模具,本科,3-5年,,10-12K·13薪,无锡,,2026-06-03 08:06:54
04a93bb176fbf8370ndz2tS_FVFT,mes系统开发工程师,无锡胜光科技有限公司,20-99人,半导体/芯片,本科,5-10年,"C#, C#开发经验, MySQL, .NET开发经验, SQL Server, Oracle, 中大型项目开发经验, 系统架构设计经验",11-18K·13薪,无锡,,2026-06-03 08:07:59
d12ab8e8205fcdf41Hd43N69E1JV,运维工程师,恒润传动,100-499人,机械设备/机电/重工,本科,经验不限,,6-9K,无锡,,2026-06-03 08:08:19
2f8553cdb009eac603B82tW9FldU,实习生（运维工程师）,龙思云,20-99人,计算机服务,大专,,"IDC机房运维, 计算机相关专业, 网络安全相关经验, 运维经验",160-200元/天,无锡,,2026-06-03 08:14:15
015e6060509ef0980nB739u8FVdW,人工智能实施工程师（军工行业）,中船奥蓝托,100-499人,计算机软件,本科,3-5年,,9-12K·13薪,无锡,,2026-06-03 08:14:15
2d070a6caa8633590nB62Nq8EVNR,软件实施工程师（OA）,恒田企业,1000-9999人,服装/纺织,大专,1-3年,"OA, 计算机相关专业, 软件实施经验",10-14K,无锡,,2026-06-03 08:16:25
582ad1088af7418b03Jy0t--FVVQ,软件工程师,无锡蠡湖新质节能科技,1000-9999人,金属制品,本科,5-10年,"PLM, OA, ERP, MES, SRM",15-20K,无锡,,2026-06-03 08:16:25
3d42d12684fa81720nB73Nm-GVNV,运维工程师（声境）,软件评测,1000-9999人,计算机软件,本科,1-3年,系统运维,10-12K,重庆,,2026-06-03 10:14:10
794424122d4b5d830nd80tq-GVpQ,运维工程师（国网项目）,力德恒业,100-499人,移动互联网,本科,3-5年,,7-9K,重庆,,2026-06-03 10:14:10
9155d9ebe84ec0e60nB40t21F1JX,运维工程师SRE,润和软件,10000人以上,互联网,本科,3-5年,"运维开发/DevOps, Docker, 运维开发经验, 运维经验, SRE\K8S",9-13K,重庆,,2026-06-03 10:14:10
f3e8b68cabc74b7c0nB82du1GFBV,驻场运维工程师-重庆(J10848),电科网安,1000-9999人,信息安全,本科,1-3年,,6-9K·13薪,重庆,,2026-06-03 10:14:10
74bfcd2e7ad467cd0nB63dW4E1NY,运维工程师,朗新科技,1000-9999人,计算机软件,大专,3-5年,"系统运维, Nginx, Redis, MySQL/Oracle, Python/Shell, Docker, 计算机相关专业, 通信相关专业, 运维经验, linux, K8S, Zabbix, MongoDB",8-11K·14薪,重庆,,2026-06-03 10:14:10
d3b2265f7311e7f50nB62tu9FVBW,系统运维工程师,重庆格网科技,100-499人,计算机服务,本科,1-3年,"系统运维, Java, MySQL/Oracle, 计算机相关专业, 通信相关专业, 电子/电气/自动化相关专业, 运维开发经验, Spring等开源框架, Linux 操作系统, 文档编写能力",5-8K·15薪,重庆,,2026-06-03 10:14:10
12e1a4eab886baf7031_0t27FlZV,营销系统运维工程师,鑫源汽车有限公司,1000-9999人,汽车研发/制造,本科,3-5年,,7-12K·13薪,重庆,,2026-06-03 10:14:10
464e84d14f669668031-2921FlZX,linux运维工程师,小糖包科技,0-20人,互联网,本科,1-3年,"Java, MySQL, 运维开发经验",6-11K,重庆,,2026-06-03 10:14:10
a46b155c447783e903Rz39-0GFFQ,oa系统运维工程师,四川博全科技有限公司,20-99人,计算机软件,本科,1年以内,"系统运维, 网络运维, 计算机相关专业, 通信相关专业, 运维经验",5-10K,重庆,,2026-06-03 10:14:10
ef7e2f0a335340860nB82tS-ElBV,系统集成工程师,重庆风动数科智能技术,20-99人,人工智能,学历不限,经验不限,,8-10K,重庆,,2026-06-03 10:14:10
187b78ba173fd4880nV429i1EFZT,大模型实施运维工程师-体验与服务,字节跳动,10000人以上,互联网,本科,1-3年,"实施交付运维, 网络运维, 系统运维, Docker, Kubernetes, 计算机相关专业, 通信相关专业, 运维经验, 网络安全相关经验, 大数据运维经验, k8s",9-14K·13薪,重庆,,2026-06-03 10:14:10
d6a7ad274ae7cdde0nB83926EVtW,运维工程师,梓笙园心理研究院,100-499人,医疗服务,大专,1-3年,,5-7K,重庆,,2026-06-03 10:14:10
4dad8643565066c80nB83927GFdW,devops开发运维工程师,恒速科技,20-99人,互联网,大专,3-5年,,11-20K,重庆,,2026-06-03 10:14:31
15b14296da4be9b20nV939m1F1BZ,系统运维,腾讯,10000人以上,互联网,本科,3-5年,"系统运维, Python/Shell, 计算机相关专业, 大数据运维经验, AI, 大数据",10-14K,重庆,,2026-06-03 10:14:31
998e7a8754089a6f0nZ82Nq_F1tT,VTE系统运维工程师,普门科技,1000-9999人,医疗器械,本科,3-5年,"医疗系统, 运维, 对外客户服务, VTE",12-18K,重庆,,2026-06-03 10:14:31
669d78a9e5d67b991nBz3t65EFJW,运维工程师,泰盈科技集团,10000人以上,互联网,本科,1-3年,"系统运维, 服务器配置, 桌面运维, Windows, 安全运维, 大数据运维, 应用运维",5-6K,重庆,,2026-06-03 10:14:31
ceab310fd4aa6eb403R63di0FFFR,助理工程师,BOE,10000人以上,计算机软件,大专,经验不限,"大数据运维经验, 系统运维, 计算机相关专业, 电子/电气/自动化相关专业",5-6K,重庆,,2026-06-03 10:14:31
847bbd131cd4694203d72t--GFNR,北碚片区安防运维工程师,厚盾安全,20-99人,信息安全,大专,5-10年,"实施交付运维, 计算机相关专业, 通信相关专业, 电子/电气/自动化相关专业, 运维经验, 沟通及表达能力强",7-8K,重庆,,2026-06-03 10:14:31
31aea61ad05e70c40nZz29u9FVtY,资深运维工程师,重庆市九零玖玖信...,20-99人,互联网,本科,3-5年,"Nginx, MySQL/Oracle, Docker, 系统运维, 运维开发经验, 运维经验, Kubernetes",12-15K,重庆,,2026-06-03 10:14:31
874369e0ff07db0d0nB_2dm8E1FQ,CIM工程师,重庆某中型碳化硅半导体器件公司,100-499人,半导体/芯片,硕士,经验不限,,20-21K,重庆,,2026-06-03 10:14:31
e94bb06e366e1d9d0nRy2tm4FFNZ,运维实施工程师（OA）,英之豪,20-99人,计算机软件,大专,1-3年,,6-9K,重庆,,2026-06-03 10:14:31
003b5ce9569cd02f0nB73Ny1EFdQ,SRE运维工程师 (Kubernetes/私有云方向),北京印行,100-499人,互联网,本科,5-10年,,15-25K,重庆,,2026-06-03 10:14:31
7de974af4e72e2ca0nB-3ti_GFtQ,资深云原生运维工程师（车联网）,软通动力,10000人以上,计算机软件,大专,5-10年,"Java, 智能驾驶, 运维开发/DevOps, 车联网, Python/Shell, 云计算",8-10K,重庆,,2026-06-03 10:14:31
b27cae0b064a13140nd40ty4FldW,IDC运维工程师*重庆,亚康万玮,1000-9999人,互联网,大专,1年以内,"IDC机房运维, 数据中心",5-6K,重庆,,2026-06-03 10:14:31
ccefff7518e1d6941nR83ti5FVNS,运维工程师（集成交付部）,重庆电信系统集成,100-499人,计算机服务,本科,3-5年,"运维, 运维工程师, 网络运维, 安全运维, 运维监控, 系统运维",10-15K,重庆,,2026-06-03 10:14:31
8e6bca74b324e61403R82929E1pU,运维工程师（大足）,匠人智慧,20-99人,计算机软件,大专,1-3年,"讲解, 运维, 平台",4-6K·13薪,重庆,,2026-06-03 10:14:52
953c8e36d872cc571nJ73N-4GFNV,系统运维工程师,重庆乾兴信息,20-99人,通信/网络设备,大专,1-3年,"运维通信资格证书, CCNA证书, 系统运维",3-8K,重庆,,2026-06-03 10:14:52
5e2e3d4c6addcad90nR609-6EFZW,运维工程师,赛力斯汽车,1000-9999人,汽车研发/制造,本科,5-10年,"Docker, 系统运维, 运维经验, Kubernetes",12-24K·23薪,重庆,,2026-06-03 10:14:52
2318cb274f1fd8a303B-3Ni6FVdU,运维工程师,南京智益阁网络技术,100-499人,互联网,大专,在校/应届,,5-9K,重庆,,2026-06-03 10:14:52
395e894e144a5a370nB42tW4FVVQ,智能体运维工程师,佰聆数据,1000-9999人,互联网,本科,1-3年,"系统运维, Python/Shell, 计算机相关专业, AI 智能体, 大模型, 人工智能部署, 搭建 openclaw, 实施",5-7K,重庆,,2026-06-03 10:14:52
62263060481efea50nB_2t28FFZR,IT 系统开发工程师,重庆寰宇互通,100-499人,汽车经销商,大专,3-5年,,8-13K,重庆,,2026-06-03 10:14:52
bcd7709798106135031_2tu9E1BY,驻场运维工程师,青蓝融智,20-99人,计算机软件,学历不限,1-3年,,6-11K,重庆,,2026-06-03 10:14:52
2c75eaaac9588fdd03J52tu_EVBS,物流系统运维,知向云,20-99人,互联网,本科,3-5年,,8-13K,重庆,,2026-06-03 10:14:52
bf96c5aa3df95fdd0nVz29i0FVJS,运维工程师,奥瑞德,1000-9999人,电子/半导体/集成电路,大专,3-5年,,7-9K,重庆,,2026-06-03 10:14:52
fa5c5f81cab5ca380nV92d-8FlVR,java工程师,重庆宏医医药有限公司,20-99人,医疗健康,本科,5-10年,,8-12K,重庆,,2026-06-03 10:14:52
961e7ecbc33affca1HZ83dq1FFJW,中高级运维工程师,视洞科技,100-499人,互联网,本科,5-10年,"Docker, 系统运维, Kubernetes",10-15K,重庆,,2026-06-03 10:14:52
2c3cf0d981ecb42d0nRz2Nm8FVJR,软件交付运维工程师,中盈优创,1000-9999人,计算机软件,本科,1-3年,,10-14K·14薪,重庆,,2026-06-03 10:14:52
8cb68856202857790nd639y-E1pW,驻场运维,中讯通康信息科技无锡,20-99人,医疗健康,大专,经验不限,,20-25元/时,重庆,,2026-06-03 10:14:52
07a09b256a3785690nd73dq4GFJR,ERP系统工程师 (MJ000019),重庆张雪机车工业,1000-9999人,摩托车/自行车制造,本科,3-5年,,10-15K,重庆,,2026-06-03 10:14:52
ae3d305658c3fc030XV_3Nu0E1Q~,系统运维工程师,百计信用,0-20人,企业服务,大专,3-5年,"运维工程师, 系统运维, 运维监控, IT技术支持",8-12K,重庆,,2026-06-03 10:14:52
817a0ad3ec5a4b2003F52tW-FFpQ,运维工程师,重庆鑫嘉山家政服务,0-20人,培训/辅导机构,中专/中技,1-3年,,8-12K,重庆,,2026-06-03 10:15:13
b5166ff4fa7378d70nRz2NW9EldQ,驻场it运维工程师,重庆知行壹科技,0-20人,计算机软件,本科,3-5年,"网络运维, Nginx, MySQL/Oracle, Docker, 系统运维, Python/Shell, 计算机相关专业, 网络安全相关经验, IDC机房运维",11-14K·14薪,重庆,,2026-06-03 10:15:13
7a0ffe1414a391170nVy2ti9E1ZY,运维工程师,敦雅,0-20人,进出口贸易,本科,在校/应届,"网络运维, Java, Python/Shell, 计算机相关专业, 电子/电气/自动化相关专业, 运维经验, 大数据运维经验, 打印机/复印机维修经验, 愿意学习 市场营销推广及运营 吃苦耐优选",2-3K,重庆,,2026-06-03 10:15:13
b1afb3f43b60138e0nB_2Nm0GFtS,mes开发工程师（MES系统+短期合作半年）,云智汇,100-499人,计算机软件,大专,3-5年,"C#, C#开发经验, ASP.NET, .NET开发经验, MES",11-15K,重庆,,2026-06-03 10:15:13
64061ab5e7c6c46c0nB43N-9FFNV,帆软报表与数据运维工程师,南京拓华商服科技,20-99人,计算机软件,大专,3-5年,"非外包类, 要求数据开发经验, 数据平台开发经验, 数据仓库开发经验, BI报表开发经验, ETL开发经验, 数据治理经验, SQL, Shell, MySQL/SQL+Server, PostgreSQL, DB2, Oracle, MySQL/SQL Server, FDL",9-11K,重庆,,2026-06-03 10:15:13
effda7118328e9b90nB40tW0GFVT,供电系统--智能运维现场调试工程师-G企,重庆某中型铁路/船舶/航空/航天制造公司,100-499人,铁路/船舶/航空/航天制造,本科,5-10年,"电子/硬件系统工程师, 城轨, 铁路, 轨道交通, 供电智能运维, 供电系统",20-21K,重庆,,2026-06-03 10:15:13
1f1bf659250749bf0nB-29S4F1RR,网络运维工程师,芯大通,100-499人,半导体/芯片,本科,3-5年,,15-25K,重庆,,2026-06-03 10:15:13
0c992a4b7877de5f0nV_3NS4FFdV,智能制造运维工程师,重庆高金,1000-9999人,其他制造业,本科,3-5年,"Java, 计算机相关专业, 通信相关专业, 电子/电气/自动化相关专业, 运维经验, 运维开发经验, 生产运营系统, 智能制造系统",8-12K,重庆,,2026-06-03 10:15:13
92dfce88a05907b31Hd82NW7FlNR,驻场运维工程师,为众科技,20-99人,计算机硬件,本科,1-3年,"桌面运维, 网络运维, 系统运维",7-8K,重庆,,2026-06-03 10:15:13
0e0824d71c78b5fe031609W1FVBQ,系统运维实习生,每刻,500-999人,企业服务,本科,,,150-160元/天,重庆,,2026-06-03 10:15:13
789b047a64808c8f03J63N26GVJT,综合能源运维工程师,碳安能源,20-99人,光伏,本科,5-10年,,10-15K,重庆,,2026-06-03 10:15:13
1da2e304b35ae21d1nF-29S9FVBV,业务运维工程师,中移物联网,1000-9999人,互联网,本科,1-3年,"系统运维, 安全运维",7-8K·15薪,重庆,,2026-06-03 10:15:13
68eaaf034d5e072f1n1z3du5E1BY,网络安全/运维工程师,重庆晓维网络,20-99人,通信/网络设备,大专,1-3年,"Linux, 网络交换技术, Socket技术, 网络工程师证, Windows, 安全运维",6-10K,重庆,,2026-06-03 10:15:13
838374fbe7f1c2e10nB42dm4E1pT,运维工程师,四班科技,20-99人,计算机软件,学历不限,经验不限,,5-10K,重庆,,2026-06-03 10:15:13
041526662aa04ed60nZ-2ty1FVVR,运维工程师,重庆新枢科技有限公司,100-499人,计算机服务,本科,5-10年,"运维开发/DevOps, Golang, Docker, Kubernetes, 计算机相关专业, 运维开发经验, 网络安全相关经验",15-30K·13薪,重庆,,2026-06-03 10:15:13
1a7f0f1945858a1e03B_3t2_ElZZ,驻地运维工程师-重庆,湖南大唐先一,500-999人,计算机软件,本科,3-5年,"系统运维, Java, 计算机相关专业, 电子/电气/自动化相关专业, 运维经验, 运维开发经验",7-12K,重庆,,2026-06-03 10:15:34
a36bd5adc66cafc203N43dS1F1tR,运维工程师,庐江彤科信息科技,20-99人,计算机软件,学历不限,经验不限,,10-12K,重庆,,2026-06-03 10:15:34
3484a5f226f1e5e91XB63ty8FVFW,网络运维工程师,重庆赛海科技有限公司,20-99人,计算机软件,大专,1-3年,"桌面运维, 网络运维, 系统运维, Python/Shell, Ansible/Salt/Puppet, MySQL/Oracle, 计算机相关专业, 运维经验, 网络安全相关经验",5-10K,重庆,,2026-06-03 10:15:34
9e4688e1bb07fa220nd43Nq1F1JT,交付运维工程师（重庆梁平）,成都纵横,500-999人,铁路/船舶/航空/航天制造,大专,3-5年,,5-10K·13薪,重庆,,2026-06-03 10:15:34
9370702c41fe4da70nR93dm5FldT,皖鄂渝风电运维工程师,上海峙雄,1000-9999人,风电,大专,1-3年,,6-9K,重庆,,2026-06-03 10:15:34
37b90a5877856fc80nB629m_GVVQ,售后运维开发工程师,聚龄供应链,100-499人,计算机软件,本科,5-10年,"运维开发经验, 计算机相关专业, 售后, 数据库, 物流, WMS, Linux",9-14K,重庆,,2026-06-03 10:15:34
5edda9b589a2df2e0nB82Nm8EVtU,运维开发工程师,发喜空间设计,0-20人,装修装饰,大专,1-3年,"Java, Nginx, MySQL, 运维开发经验, Python/Shell, 计算机相关专业, claude codex",5-8K,重庆,,2026-06-03 10:15:34
29d395500a3a39301HV539m0E1NT,车联网技术运维工程师,鑫源集团,1000-9999人,汽车研发/制造,本科,3-5年,"车联网平台运维, 技术运维, 大数据运维",8-13K·13薪,重庆,,2026-06-03 10:15:34
9d61e81aabc009270nB42NW5EFtY,运维工程师,重庆鹏翔程瑞科技,20-99人,人工智能,大专,3-5年,"Nginx, Shell, Tomcat, Linux, Docker, 系统运维, 安全运维, SQL",6-8K,重庆,,2026-06-03 10:15:34
5eff2d94c71d050c0nd-2NW7GVJV,售后工程师,远臻科技,20-99人,计算机软件,大专,3-5年,,6-8K,重庆,,2026-06-03 10:15:34
25dff0c89055eaf503d729i7EVdX,IT运维工程师（南川校区运维）,鸿芯智联,20-99人,计算机软件,本科,3-5年,,7-9K·13薪,重庆,,2026-06-03 10:15:34
e8259879f72580550ndz09m4ElpW,运维工程师（驻场）,奇梦达科技,20-99人,智能硬件,本科,1-3年,,4-6K,重庆,,2026-06-03 10:15:34
a739a5284564843903B93di6EFZQ,运维工程师,重庆实新洋贸易,100-499人,日化,学历不限,经验不限,,8-12K·13薪,重庆,,2026-06-03 10:15:34
c6d92ae8f6423e761XB62t26FlpX,数据中心运维工程师,数聚汇通,20-99人,计算机硬件,本科,3-5年,"网络运维, IDC机房运维, DBA, 运维经验, 网络安全相关经验",6-9K,重庆,,2026-06-03 10:15:34
c5bbc5d518f887a31nZz3tu8E1RX,运维工程师,重庆翱野科技有限公司,0-20人,大数据,学历不限,3-5年,"系统运维, IDC机房运维, 实施交付运维, 通信相关专业, 电子/电气/自动化相关专业, 运维经验, UPS工程师",5-8K,重庆,,2026-06-03 10:15:34
a36905310ddcfe820nV829S_FlZU,硬件运维工程师,陕西华耀泰诺科技,20-99人,通信/网络设备,本科,3-5年,,5-7K,重庆,,2026-06-03 10:15:57
0105cd36bee7ba5f0nR729y6ElBR,运维工程师,岳钧智能,20-99人,计算机软件,本科,3-5年,,8-13K,重庆,,2026-06-03 10:15:57
65c7d2568627c1890ndz39W0EFNU,综合运维工程师（重庆片区）,圣迪科技,100-499人,通信/网络设备,大专,1-3年,"监控设备维保经验, 桌面运维, 计算机相关专业",4-6K,重庆,,2026-06-03 10:15:57
47630cad230b10140nB73d-9GVpX,it运维工程师,瞰瞰科技,100-499人,智能硬件,本科,1-3年,,6-7K,重庆,,2026-06-03 10:15:57
2ea315459111b63a03R439q4EFtR,运维工程师,重庆鼎威建筑安装工程,20-99人,工程施工,大专,,"网络运维, 计算机相关专业",150-200元/天,重庆,,2026-06-03 10:15:57
06c49e333ca832af0nZ_3d-6E1BY,运维工程师,贯云信息,0-20人,计算机软件,大专,1-3年,,5-7K·13薪,重庆,,2026-06-03 10:15:57
aa8175bf89a238dd0nB-2dW6EVVR,运维工程师,重庆天际众智实业,0-20人,建筑工程咨询服务,本科,经验不限,"系统运维, 运维经验",8-9K,重庆,,2026-06-03 10:15:57
1e10f1cef941b6fe1H163ty6GFpQ,运维工程师,兴通云,0-20人,互联网,本科,3-5年,"运维开发经验, 运维经验",8-13K,重庆,,2026-06-03 10:15:57
ecaf0f292c94931b0nB82t60ElZT,运维工程师,重庆腾迎清信息科技,0-20人,互联网,本科,1-3年,,10-11K,重庆,,2026-06-03 10:15:57
c7e6b4bda7788fd01XR_392_GVdY,驻场运维工程师,重庆源畅科技有限公司,20-99人,计算机软件,大专,1-3年,"安全运维, 服务器配置, 系统运维, 应用运维, 桌面运维, 机房运维",4-9K,重庆,,2026-06-03 10:15:57
f54bdffa1faca8a00nB-09u_FFJX,运维工程师,泓晟新能源,20-99人,光伏,大专,3-5年,"高处作业证, 要求光伏/风电运维经验, 光伏运维经验, 高压电工证, 工商业光伏运维, 低压电工证, 工商业光伏运维经验",5-8K,重庆,,2026-06-03 10:15:57
5b8e6c092b22dfc50nZ63d--FVRY,运维工程师,百智智慧,100-499人,计算机软件,本科,3-5年,"IDC机房运维, 网络运维, 系统运维, Python/Shell, 运维经验",8-12K·13薪,重庆,,2026-06-03 10:15:57
6916a46c7ffd3d5e0nB_09W5ElNS,运维工程师,重庆飞跃者电子竞技,0-20人,游戏,大专,1-3年,"网络运维, 系统运维, 桌面运维, 计算机相关专业, 网络安全相关经验, 运维经验, 打印机/复印机维修经验",4-8K,重庆,,2026-06-03 10:15:57
0bfe2b1db88ee3b71HFz2dS6EFJQ,运维工程师,重庆巨盈轩,0-20人,计算机软件,大专,1-3年,,5-8K,重庆,,2026-06-03 10:15:57
4b6a02e5ee23af281Hd52Nq-FldS,运维工程师（应届毕业生可投）,北纬叁拾度,0-20人,电子商务,大专,经验不限,"实施交付运维, 系统运维, 运维开发/DevOps",4-6K,重庆,,2026-06-03 10:15:57
52222108cac422d103Z53du4GFNT,软件运维工程师,商勤,20-99人,计算机软件,大专,3-5年,"MySQL/Oracle, 系统运维, 计算机相关专业, 运维经验",6-8K,重庆,,2026-06-03 10:16:18
0cb304cfd27c10b60nd63dm0EVRT,DBA运维工程师,酷美科技,0-20人,计算机硬件,大专,1-3年,"DBA工作经验, OCM, 熟悉Linux/Unix系统, Oracle, OCP",10-15K,重庆,,2026-06-03 10:16:18
c1a462e9398795771HJy2dm_EVNS,会议运维工程师,重庆飞奇科技,20-99人,机电工程,大专,5-10年,"视频会议, 桌面运维, 计算机相关专业, 会议运维, 宝利通, 运维经验, 打印机/复印机维修经验",6-7K,重庆,,2026-06-03 10:16:18
047582f0b709b2cf0HNy292_E1E~,运维工程师,重庆昊硕科技有限...,0-20人,仪器仪表/工业自动化,中专/中技,3-5年,"自动化运维, 项目实施, 解决方案, 物联网",7-8K,重庆,,2026-06-03 10:16:18
b2f8da52acd15c650nV-09i9E1BS,运维工程师助理,恢弘科技,100-499人,电气机械/器材,本科,1-3年,,6-8K,重庆,,2026-06-03 10:16:18
f8ce2cc6ad8c398003d-2tm6GVFT,运维技术负责人,中康环保,20-99人,环保,本科,5-10年,"废水处理设计经验, 环保, 设备安装调试经验, 工业废水运维, 废气处理设计经验, 成本估算报价经验, 有环保工程师经验, 不需长期出差, 现场施工管理经验, 注册环保工程师证书",8-10K,重庆,,2026-06-03 10:16:18
4828cd6c3d6f6f2603d_2t-8GVdQ,区块链运维工程师,环岳科技,0-20人,计算机软件,本科,3-5年,"系统运维, IDC机房运维, 运维开发/DevOps, Python/Shell, Elasticsearch, Docker, Kubernetes, 计算机相关专业",15-30K,重庆,,2026-06-03 10:16:18
8c5e22069bc3abc903By39u9FVNU,国际IDC运维工程师,思鸿,20-99人,计算机服务,学历不限,5-10年,"有网络工程师经验, 系统集成商, 不需要出差, 3到5年网络工程师经验, 通信相关专业, 计算机相关专业, 网络架构设计, 数据中心运维, 大型网络运维, IDC,BGP",6-10K,重庆,,2026-06-03 10:16:18
90e9df9827b622da0nB62Nu0FVdW,数据开发工程师,重庆堡食空间餐饮管理,1000-9999人,餐饮,本科,3-5年,"非外包类, 要求数据开发经验, 数据平台开发经验, 数据仓库开发经验, 数据库内核开发经验, 其他数据开发经验, 其他, BI报表开发经验, 数学/统计相关专业, 电商/零售行业经验, 实时数仓开发经验, 数据建模经验, Java, Python, SQL, MySQL/SQL+Server",9-14K,重庆,,2026-06-03 10:16:18
4a5c18b423d9f63a0nB82NW7FlBS,急聘开发运维工程师（项目长期稳定）,上海思芮,1000-9999人,计算机软件,本科,3-5年,,8-9K,重庆,,2026-06-03 10:16:18
79f6831bd7189b2203R93ty-FFFS,运维工程师,沙师弟有限责任公司,100-499人,互联网,本科,3-5年,"系统运维, Docker, Python/Shell, 运维经验",8-12K,重庆,,2026-06-03 10:16:18
8fb0dba4ea677ddc0nZ83t69FlFX,云平台运维开发工程师,嘉兰铧裕,100-499人,汽车零部件,本科,1-3年,"计算机相关专业, 低代码使用",5-8K,重庆,,2026-06-03 10:16:18
4dacf38db67f5da30nd93Ny4GVtS,系统部署与运维工程师,重庆成渝里文化科技,0-20人,批发/零售,本科,经验不限,"系统运维, 实施交付运维, Java, Python/Shell, MySQL/Oracle, 运维经验, 大数据运维经验",4-7K,重庆,,2026-06-03 10:16:18
0b73e6bb23496d9c1nZ709S6ElRW,高级运维工程师,千将软件,20-99人,大数据,大专,1-3年,"计算机软件, 系统运维",6-11K,重庆,,2026-06-03 10:16:18
1b87f4d977e555f61n1829-6EVJX,NC运维工程师,重庆和伙人科技,20-99人,计算机软件,本科,1-3年,"数据库运维, Linux, Windows, SQL, Java, 服务器配置, 系统运维",5-9K,重庆,,2026-06-03 10:16:18
bd5a253cdf6809620nB-0tq4F1tY,ai开发工程师,重庆江运,20-99人,旅游/景区,本科,1-3年,,10-11K,重庆,,2026-06-03 10:16:39
6d129ca9507b729d0ndy2NS0GVNS,水质在线监测运维工程师,英城源,0-20人,互联网,中专/中技,1-3年,,5-7K,重庆,,2026-06-03 10:16:39
0594ab541778ef631H182dS4FlFV,运维工程师,重庆边缘云网络技术,20-99人,互联网,大专,经验不限,"系统运维, Python/Shell, IDC机房运维",6-9K,重庆,,2026-06-03 10:16:39
ac621eca250e4c460ndz29i7EFVQ,JAVA开发工程师（工作地点：重庆）,爱讯,20-99人,计算机软件,本科,1-3年,"Java, MySQL, MyBatis, Spring",9-12K,重庆,,2026-06-03 10:16:39
a0bd3b12ed26a0a833F_2Nm5Els~,运维工程师,金燕子,20-99人,互联网,大专,3-5年,"系统运维, 运维工程师, 运维监控, 安全运维, 网络运维, 自动化运维",8-13K,重庆,,2026-06-03 10:16:39
581c05854c5ff9480nB609S0ElFY,数据中心运维工程师,重庆市锦腾衡达科技,20-99人,运营商/增值服务,大专,经验不限,"IDC机房运维, 电子/电气/自动化相关专业, 免费住宿, 员工食堂, 强电弱电",4-6K,重庆,,2026-06-03 10:16:39
8be8b6d1a68081960nB439S-GFRY,运维工程师-重庆涪陵,绿洁环境科技,500-999人,环保,高中,1-3年,,5-6K,重庆,,2026-06-03 10:16:39
ed2938e1444ced7c1HN43dq7GFZY,运维工程师,重庆银兆科技有限公司,0-20人,通信/网络设备,高中,1-3年,,3-4K,重庆,,2026-06-03 10:16:39
5c498ea843ca447f1HZz2dy8GVBV,高级业务运维工程师,阿里云,10000人以上,互联网,本科,3-5年,"系统运维, 运维开发/DevOps, Python/Shell, Golang, Kubernetes, 运维经验, 运维开发经验",15-25K·16薪,重庆,,2026-06-03 10:16:39
6e6bdf805f1919fd0nd_2N27FVJZ,高职院校-项目实施运维经理,师创教育,20-99人,计算机软件,本科,3-5年,"实施交付经验, PMP, 信息系统项目管理师, 职业教育, ERP项目管理经验, 人工智能大数据, 系统集成项目管理工程师, 计算机相关专业, 销售支持/交付管理, 售前支持经验, 大数据项目管理经验",6-11K,重庆,,2026-06-03 10:16:39
7bb908cae8209ab503F-2Nq6E1ZS,驻场运维工程师,重庆安纳特星科技,0-20人,计算机软件,大专,经验不限,"桌面运维, 系统运维, 计算机相关专业, 运维经验",5-8K,重庆,,2026-06-03 10:16:39
d03f6509d4671de90nB-2t-5FFBY,暖通工程师 (MJ004616),海辰储能,1000-9999人,储能,本科,经验不限,,12-18K,重庆,,2026-06-03 10:16:39
b85d4cb1723fcbd71HN40tW6EVRZ,运维工程师-重庆市,梦创双杨,1000-9999人,计算机软件,本科,1-3年,"系统运维, Nginx, Redis, MySQL/Oracle",6-9K,重庆,,2026-06-03 10:16:39
8d2fec11420499e31HZ72ty7FVJQ,大数据运维工程师,长安软件公司,500-999人,汽车研发/制造,本科,3-5年,"大数据平台运维, Hadoop, 运维开发经验, 学习能力, 计算机相关专业, 大数据组件调优",15-25K·13薪,重庆,,2026-06-03 10:16:39
87a694341210716a0nB_2dW1GFdR,CIM工程师（应届生）,重庆某中型半导体/芯片公司,100-499人,半导体/芯片,硕士,1年以内,,20-25K,重庆,,2026-06-03 10:16:39
992c78fc030449e60nZ42t25GVNV,运维工程师,希嘉科技,100-499人,通信/网络设备,大专,1-3年,"桌面运维, 网络运维, 系统运维, 运维经验, 网络安全相关经验, 打印机/复印机维修经验",5-7K,重庆,,2026-06-03 10:16:58
edc9bdd7051c70e31HR539S-E1FW,运维工程师，售后工程师,焓扬电脑有限公司,0-20人,计算机软件,学历不限,经验不限,"桌面运维, 网络运维, 系统运维, 计算机相关专业, 通信相关专业, 网络安全相关经验",3-5K,重庆,,2026-06-03 10:16:58
2d41e0fc86a0fecf1HF52t69FVpY,运维工程师,华惠特检,20-99人,检测/认证/知识产权,大专,1-3年,"系统运维, 网络运维",5-6K,重庆,,2026-06-03 10:16:58
3d002d0046350fc11HVy3960FlFQ,运维工程师,厦门竞新智盛科技,20-99人,计算机服务,大专,3-5年,"网络运维, 系统运维",4-7K,重庆,,2026-06-03 10:16:58
3bf2961029af76d70nRz09W4ElNW,运维工程师,硕河,20-99人,大数据,本科,1-3年,,6-11K,重庆,,2026-06-03 10:16:58
f050be95351244660nVz2tW5GVpY,运维工程师,某大型互联网公司,100-499人,互联网,本科,3-5年,"网络运维, 计算机相关专业, 运维经验",15-25K,重庆,,2026-06-03 10:16:58
ffea8e154b0789751nxy09u6FlNY,驻场运维工程师,信守创科技有限公司,0-20人,计算机服务,大专,经验不限,"网络运维, 网络交换技术, 系统运维, 桌面运维",2-4K,重庆,,2026-06-03 10:16:58
ef32ef0df274d0311XV-2Nm8FFJU,硬件运维工程师,紫光华智电子,20-99人,电子商务,本科,1-3年,系统运维,5-8K,重庆,,2026-06-03 10:16:58
bab2e673132ae3e60ndy0ty6FFpY,运维工程师,铭凯科技,100-499人,通用设备,大专,3-5年,"MySQL/Oracle, 计算机相关专业, 运维经验, 网络安全相关经验, 打印机/复印机维修经验, 电子/电气/自动化相关专业",4-6K,重庆,,2026-06-03 10:16:58
36b9167ff66c9d9d0nd909W4EVZS,Java后端开发工程师（全栈运维方向）,重庆大象无形投资管理,0-20人,投资/融资,本科,5-10年,"Java, MySQL, SQL Server, Spring",10-15K,重庆,,2026-06-03 10:16:58
3866aba9e224433b0nV83d-4EFRV,运维工程师,数创智联,20-99人,计算机软件,本科,3-5年,"系统运维, 双休, 五险一金",5-8K,重庆,,2026-06-03 10:16:58
182ea0cef142b32d0nR-2Ny8ElBV,spd实施工程师,云之栖,20-99人,医疗健康,大专,3-5年,"实施工程师, 软件测试",6-10K,重庆,,2026-06-03 10:16:58
73b23d799a6f40a01XN539S_GVpQ,网站开发工程师,凌创智联,20-99人,电子商务,本科,1-3年,"桌面运维, 网络运维, 系统运维, Java, Python/Shell, Ansible/Salt/Puppet, 计算机相关专业, 运维开发经验, 网络安全相关经验",15-20K,重庆,,2026-06-03 10:16:58
c95b944e7e2024971nB_2dW5FVJW,运维工程师,丰都县汉邦地板经营部,0-20人,咨询,本科,1-3年,系统运维,4-5K,重庆,,2026-06-03 10:16:58
5d4d9594a91995ed0nd-29W9FVpR,运维工程师,林芝市利智科技,0-20人,通信/网络设备,本科,3-5年,"网络运维, 通信相关专业, 系统运维, 桌面运维, 计算机相关专业, 运维经验",7-9K,重庆,,2026-06-03 10:16:58
6bb5eca3e6a0bbd71Xd_2N6-GFpW,技术支持工程师,华兴源创,1000-9999人,自动化设备,大专,1-3年,"系统运维, 售后",5-10K,重庆,,2026-06-03 10:17:19
7f878467bfca78300nVy29u0GFFT,运维工程师,巫溪蓝翔电脑,20-99人,批发/零售,大专,1-3年,"网络运维, 实施交付运维, 系统运维, 桌面运维",4-6K,重庆,,2026-06-03 10:17:19
c26ada9f7eb01c8a0nZy3NW7GVZQ,运维工程师,丰都欣兴通讯,0-20人,通信/网络设备,高中,1年以内,,4-5K,重庆,,2026-06-03 10:17:19
4175818f30161b161H1_2Ny4FFBW,运维工程师,土桥部标,20-99人,计算机软件,大专,3-5年,"网络运维, 系统运维, Kubernetes, Docker, 计算机相关专业, 通信相关专业, 运维经验, 运维开发经验, 大数据运维经验",8-13K,重庆,,2026-06-03 10:17:19
73d782fab53ecce2031-2d-9GFtX,风电运维工程师,重庆优享优富信息科技,0-20人,互联网,本科,1-3年,"风电运维经验, 风电运维, 要求光伏/风电运维经验, 户用光伏运维",11-18K,重庆,,2026-06-03 10:17:19
c55118efa16ae3671nN70t27FlBV,运维工程师,奎悦科技,0-20人,建筑材料,大专,3-5年,系统运维,6-8K,重庆,,2026-06-03 10:17:19
75f4893d065efbdc1XZ62Ny1GVFU,驻场运维工程师,南益建筑,20-99人,智能硬件,大专,1-3年,"桌面运维, 网络运维, 系统运维, MySQL/Oracle, 计算机相关专业, 运维经验, 网络安全相关经验, Java, Linux, 安全运维, 嵌入式技术, SQL",3-6K,重庆,,2026-06-03 10:17:19
c53b2a6c8931f7841nx-3dq_F1pZ,运维工程师,帅志科技,20-99人,移动互联网,大专,3-5年,"Java, 服务器配置, 容器技术, Linux, 负载均衡技术, MySQL, 安全运维, 应用运维",10-15K,重庆,,2026-06-03 10:17:19
e07ad6f1e2aba03d1HF809y5E1NY,驻场it运维工程师,博讯科技,20-99人,计算机软件,大专,1-3年,"网络运维, 通信相关专业, 桌面运维, 计算机相关专业, 运维经验, IDC机房运维",4-7K,重庆,,2026-06-03 10:17:19
3f1414f420c5ac811Hxz2dq_FFRQ,运维工程师,阿伦途灵,0-20人,其他专业服务,本科,3-5年,"桌面运维, 网络运维, 系统运维, IDC机房运维, 实施交付运维, Python/Shell, Docker, 计算机相关专业, 通信相关专业, 电子/电气/自动化相关专业, 网络安全相关经验, 打印机/复印机维修经验",5-7K,重庆,,2026-06-03 10:17:19
29a4952ffe9bf3d33nN92d-_EVE~,运维工程师,重庆雕琢科技,20-99人,信息安全,学历不限,1年以内,"管理系统, 智能硬件, 网络安全, 网络设备, 计算机软件, 硬件, IT服务, 音视频编解码",3-5K,重庆,,2026-06-03 10:17:19
6c2f06d3621e78b90nZ439u-FFVX,运维工程师,九如图科技,20-99人,电子/半导体/集成电路,大专,经验不限,,4-5K,重庆,,2026-06-03 10:17:19
871fc760f4a4052a1nB-09u6GVpU,实施工程师,重庆银江科技,20-99人,计算机软件,学历不限,经验不限,"系统运维, 数据库运维, 应用运维",3-8K,重庆,,2026-06-03 10:17:19
0691ef8d4a4c7ceb1XB-3t-0EFdU,运维工程师,友金智能,0-20人,批发/零售,本科,1-3年,"系统运维, 运维开发/DevOps, 实施交付运维, Java, 计算机相关专业, 运维开发经验, 大数据运维经验",10-11K,重庆,,2026-06-03 10:17:19
39a29eecb8c5b9880nd92NW9GFFW,it 工程师,永丰精气,500-999人,汽车零部件,本科,1-3年,,5-7K,重庆,,2026-06-03 10:17:19
fa08f85542b386ce0nB_0t29E1BW,1-运维工程师2-重庆（技开中心）,北京软通动力云计...,10000人以上,互联网,学历不限,经验不限,"系统运维, IDC机房运维, 网络运维, Nginx, Redis, Docker, Python/Shell, Kubernetes, 运维经验, 通信相关专业, 电子/电气/自动化相关专业, 计算机相关专业, 达梦数据库, 运维与集群部署, 容器化",8-10K,重庆,,2026-06-03 10:21:27
0c73e4d582d76e510nB-2NS0GFNV,【远程办公】运维工程师,波士科技,100-499人,互联网,本科,5-10年,,30-40K,重庆,,2026-06-03 10:21:27
32ffc73b915ecb940nZ52di8FVJV,运维工程师,重庆云芽科技有限公司,0-20人,环保,大专,1-3年,,6-8K,重庆,,2026-06-03 10:21:27
7b5091023e5fc62a03F62tu0GFNW,运维工程师（兼职岗！兼职岗！）,固守远望,100-499人,互联网,本科,1-3年,"Linux, shell, ELK, 负载均衡技术, 服务器配置",4000-6500元/月,重庆,,2026-06-03 10:21:27
20f08782404ada2c03Ry3dq5GFBR,运维工程师,长宽通,100-499人,通信/网络设备,学历不限,经验不限,网络运维,4-6K,重庆,,2026-06-03 10:21:48
8d6df321b5ea16a30nB-3tq9EFNZ,研发安全与发布运维工程师,海特科技,20-99人,计算机软件,大专,3-5年,"系统运维, 桌面运维, 网络运维, 计算机相关专业, 运维经验, 运维开发经验, 网络安全相关经验, 大数据运维经验",8-11K,重庆,,2026-06-03 10:21:48
bf50fff978be2ee80ndy2Nm8FldU,驻场安全运维工程师,蓝网思安,0-20人,信息安全,大专,1-3年,,6-8K,重庆,,2026-06-03 10:21:48
53cf5c724131499e0nB82966ElVR,运维工程师（重庆）,浩鲸科技,10000人以上,通信/网络设备,本科,3-5年,"网络运维, 实施交付运维, Docker, MySQL/Oracle, k8s",10-13K,重庆,,2026-06-03 10:21:48
2240d87758d678510nd409W7GVNX,医疗业务运维工程师,维链通数字技术,20-99人,大数据,本科,5-10年,"网络运维, Nginx, 运维开发/DevOps, Python/Shell, 计算机相关专业, 网络安全相关经验, 运维经验, 实施交付运维, Ansible/Salt/Puppet, MySQL/Oracle, 大数据运维经验, 系统运维, 运维开发经验, Kubernetes",14-18K·14薪,重庆,,2026-06-03 10:21:48
4f03274f1f7d7f2e1HN72Ny5EVdQ,运维工程师（江津）,中国电子云,1000-9999人,信息安全,本科,3-5年,系统运维,9-14K·14薪,重庆,,2026-06-03 10:22:10
8b5b94f79a84ec750nB_2tu1F1tV,cim工程师--应届生,重庆某中型半导体/芯片公司,100-499人,半导体/芯片,本科,经验不限,,15-25K,重庆,,2026-06-03 10:22:10
9f91ebfd7ddbcfca0nB82NS5FldS,驻场维护工程师（医疗软件）,成电医星,500-999人,计算机软件,大专,1-3年,"计算机相关专业, HIS, EMR",4-7K,重庆,,2026-06-03 10:22:10
25bba9708a8098c11HZ-3dW4GVVQ,运维工程师（驻场或外派）,云网科技股份,100-499人,互联网,本科,3-5年,"MySQL/Oracle, Docker, 系统运维, 运维开发/DevOps, IDC机房运维",5-10K,重庆,,2026-06-03 10:22:10
d9486290fc7ab14f03182tq-F1tS,运维工程师,博悦嘉信息科技,20-99人,计算机软件,本科,1-3年,,4-6K,重庆,,2026-06-03 10:22:31
5f1ea6ea79b8c7ae0nB50tq1FVdT,运维工程师,玛恩医疗美容,100-499人,医疗服务,本科,3-5年,"Java, MySQL/Oracle, 大数据运维经验, 运维开发/DevOps, 运维开发经验, Python/Shell, 计算机相关专业, 网络安全相关经验",8-12K,重庆,,2026-06-03 10:22:31
9f927a4f30ef2f4e0nB-3dy_EFNZ,产品部署实施工程师,小易智能技术有限公司,20-99人,人工智能,本科,3-5年,"运维开发/DevOps, 实施交付运维, 系统运维, 网络运维, 桌面运维, Java, MySQL/Oracle, Docker, 计算机相关专业, 通信相关专业, 运维经验, 运维开发经验, 大数据运维经验",9-12K,重庆,,2026-06-03 10:22:31
2e3f6302344883a00nB_3d65GVdR,风电运维工程师,重庆速风工程技术,20-99人,电力/热力/燃气/水利,高中,经验不限,"风电运维, 接受无光伏/风电运维经验, 低压电工证, 登高证",5-7K,重庆,,2026-06-03 10:22:31
a0b33b9eaf75de851XN43dm5GVU~,运维工程师,特恩斯,0-20人,仪器仪表/工业自动化,大专,1年以内,"数据分析, 系统运维, 系统管理员",3-4K,重庆,,2026-06-03 10:22:31
16d5f4aee44c0c000nZ82dm-F1ZY,桌面运维工程师,绿色苹果,100-499人,计算机服务,大专,1-3年,,4-5K,重庆,,2026-06-03 10:22:51
4d30b049778e35370nB_0tW-EFRX,桌面运维工程师,重庆庆兰实业有限公司,1000-9999人,汽车零部件,本科,3-5年,,7-9K·13薪,重庆,,2026-06-03 10:22:51
5fafd576210b27031HBy0tm7EFNZ,运维及虚拟化工程师,梦之想科技,100-499人,信息安全,大专,经验不限,"网络运维, 系统运维, Python/Shell, Elasticsearch, Docker, 计算机相关专业, 运维经验, 运维开发经验",7-12K,重庆,,2026-06-03 10:22:51
e2384b9c402dc819031809q5E1ZY,运维工程师,重庆荣红科技有限公司,20-99人,电子商务,本科,5-10年,,11-14K,重庆,,2026-06-03 10:23:13
43152788a9b074100nd-3Nq8E1FY,医疗器械售后服务工程师,谦雅科技,20-99人,医疗器械,大专,1-3年,,5-6K,重庆,,2026-06-03 10:23:13
3092e33466835c281HBz0ti6F1BW,信息化运维工程师,重庆品坤科技,0-20人,通信/网络设备,学历不限,1-3年,"桌面运维, 网络运维, 系统运维, 计算机相关专业, 运维经验, 打印机/复印机维修经验, 网络运维 校园运维 音视频运维 监控运维, 校园智能化 广播 监控, 电脑运维",3-5K,重庆,,2026-06-03 10:23:33
c8d424cfa3466cb203d_09W1FldX,长安科技-IT基础设施管理工程师(J24024),长安科技,1000-9999人,计算机软件,本科,3-5年,,10-15K,重庆,,2026-06-03 10:23:33
398dc58aeaa0ffe30nR72tm5EVRR,中级运维工程师,岩泉会务,20-99人,其他生活服务,大专,3-5年,"网络运维, Java, 实施交付运维, 大数据运维经验, 系统运维, 运维开发经验, 网络安全相关经验",6-8K,重庆,,2026-06-03 10:23:33
86534cf3ad9d94c90nZ70tq4EVNW,运维工程师,迅耀,20-99人,通信/网络设备,中专/中技,3-5年,"网络运维, 系统运维, 实施交付运维, 计算机相关专业, 运维经验",3-6K,重庆,,2026-06-03 10:23:33
daf000aeb5de42be0nZ_0tu4GVdR,erp工程师,联合光科,100-499人,仪器仪表,大专,1-3年,"系统运维, 运维经验, 运维开发经验",6-9K·14薪,重庆,,2026-06-03 10:23:33
80dad222d153e7b30nV53t25E1pZ,光伏运维工程师/电工-重庆,储新未来,20-99人,电力/热力/燃气/水利,中专/中技,经验不限,"要求光伏/风电运维经验, 光伏运维经验, 工商业光伏运维, 工商业光伏运维经验",7-9K,重庆,,2026-06-03 10:23:33
610405642c3225370nB43t-_ElRW,PA运维工程师,北京元富,100-499人,半导体/芯片,大专,3-5年,工厂维保经验,8-9K,重庆,,2026-06-03 10:23:54
95df452b3394778d1HNy3tu-FltT,运维工程师,重庆联庆环保,20-99人,环保,大专,1-3年,"系统运维, IDC机房运维",4-7K,重庆,,2026-06-03 10:23:54
0f24050c928df4141Hx73ty0FFJS,IT运维工程师,黑晶科技,0-20人,计算机服务,大专,3-5年,"网络运维, 系统运维, 实施交付运维, Nginx, Redis, Kubernetes, 计算机相关专业, 运维经验, 网络安全相关经验",5-10K,重庆,,2026-06-03 10:23:54
8452183de6bd32f91XZ629-_E1tX,系统运维工程师,沙师弟,100-499人,互联网,本科,1-3年,"Java, Python, Shell, 负载均衡技术, 服务器配置, 容器技术, 虚拟机技术, Windows",5-7K,重庆,,2026-06-03 10:23:54
081bcbcd0f7e0c411Hx70t24EFJU,环保运维工程师,华伟环保,0-20人,环保,高中,1-3年,环保工程师,6-10K,重庆,,2026-06-03 10:23:54
c8258ab3e1e33d370nd_0ty1FVpZ,系统工程师（DevOps / AI基础设施）,优路科技,500-999人,互联网,本科,3-5年,,10-15K,重庆,,2026-06-03 10:24:17
ae8d9fe318b6c0030nB63t-1FVVX,AI运维交付工程师,森鑫炬智慧,100-499人,计算机软件,本科,3-5年,,15-30K,重庆,,2026-06-03 10:24:17
3abd14cb297ed07733J_3967GFA~,中高级运维工程师,旅游云公司,20-99人,互联网,大专,3-5年,"Cacti, Zabbix, Ansible, Nagios, Nginx, Tomcat, KVM, Openstack",8-13K,重庆,,2026-06-03 10:24:38
49c85953eac965b50nB_29W7ElBW,Linux运维工程师（含java开发）,上海东尚信息,100-499人,计算机软件,本科,3-5年,"Python/Shell, MySQL, Docker, Kubernetes, Linux运维, JAVA开发",10-13K·13薪,重庆,,2026-06-03 10:29:48
c3ccdab4a28d3a3d0nB_0t2_E1ZT,运维工程师-重庆,鑫垣,20-99人,计算机软件,大专,1-3年,,9-10K,重庆,,2026-06-03 10:29:48
f00113d2ea84ea291XZ62Nq0E1RZ,运维技术工程师,惟新科技,100-499人,通信/网络设备,大专,经验不限,"系统运维, Windows, 网络协议",4-6K,重庆,,2026-06-03 10:30:10
ac8efb791cb3c5420nB529m5FFJQ,技术支持工程师,麒麟信安,500-999人,计算机软件,本科,1-3年,"实施交付运维, 通信相关专业, Linux系统, 计算机相关专业, CentOS",6-10K,重庆,,2026-06-03 10:30:30
32799b1b29affed0031y0ty7FlpZ,资深运维工程师,声境科技,20-99人,互联网,本科,3-5年,,12-22K,重庆,,2026-06-03 10:30:30
cd179ca470ed4eba03183dS6GVZZ,运维工程师(J14043),VisionVera,1000-9999人,通信/网络设备,本科,3-5年,,6-7K,重庆,,2026-06-03 10:30:30
1f83b9ac654893ea1HBz29q6EFVQ,运维工程师（AI）,重庆电信,1000-9999人,互联网,本科,3-5年,"网络运维, 实施交付运维, 运维开发/DevOps, 计算机相关专业, 运维经验, 网络安全相关经验",9-12K,重庆,,2026-06-03 10:30:52
bd6680c8f44baa9d0nV83du1FVNR,运维工程师,盛视科技股份有限公司,500-999人,智能硬件,大专,1-3年,"实施交付运维, 通信相关专业, 计算机相关专业, 电子/电气/自动化相关专业, 运维经验",4-6K,重庆,,2026-06-03 10:30:52
134047381503ca581HNz3du6EFVV,系统运维工程师,重庆隆锦科技有限公司,0-20人,信息安全,大专,3-5年,"网络运维, Java, Nginx, 实施交付运维, 系统运维, Python/Shell, 计算机相关专业, 网络安全相关经验, 运维经验",4-8K·13薪,重庆,,2026-06-03 10:30:52
2c642f320f697eaf1Hx42du-EVtR,IT-NetworkOperation网络运维工程师(Cisco),安永华明会计师事务所,10000人以上,企业服务,本科,5-10年,"网络运维, 系统运维, Python/Shell, CCNP/CCIE, Cisco routers, Citrix负载均衡",10-15K·13薪,重庆,,2026-06-03 10:31:12
df73e766f846b05f1HZ_2d27EVdT,交付运维工程师-安全产品,北京字节跳动,1000-9999人,互联网,本科,3-5年,"网络运维, 系统运维, 实施交付运维, 网络安全相关经验, 运维经验",10-15K·15薪,重庆,,2026-06-03 10:31:33
76000a63f4597b7e0nV429y4FVNW,集团总部-云原生运维主任工程师(J19550),赛力斯,1000-9999人,汽车研发/制造,本科,5-10年,"运维开发/DevOps, 系统运维",17-30K·15薪,重庆,,2026-06-03 10:31:54
5e00952f17aa882803x43N2-F1FQ,IT平台运维工程师,某大型汽车研发/制造公司,1000-9999人,汽车研发/制造,本科,5-10年,,20-40K·14薪,重庆,,2026-06-03 10:31:54
95364359c60019860nZ53t--FFdV,水质在线监测运维工程师,金远实业,0-20人,餐饮,中专/中技,1-3年,,5-7K,重庆,,2026-06-03 10:31:54
c0a775a56ebf80570nB439i_ElBX,大模型运维工程师,国安信息科技,100-499人,计算机软件,本科,3-5年,"系统运维, Python/Shell, MySQL/Oracle, Docker, Kubernetes, Redis, 计算机相关专业, 运维经验, 大模型",10-15K,重庆,,2026-06-03 10:32:15
0b0f1350a4bb1e9d0nB_0967GVtU,运维工程师,重庆惠客淘科技,20-99人,互联网,大专,3-5年,"网络运维, Java, 大数据运维经验, 系统运维, 运维开发/DevOps, 运维开发经验, 桌面运维, 计算机相关专业, 网络安全相关经验, 运维经验",5-8K,重庆,,2026-06-03 10:32:15
cd7c4299d5acf8be0nB53Nm1E1tQ,平台运维工程师,重庆渝胜道科智能科技,1000-9999人,环保,本科,1-3年,"系统运维, 计算机相关专业, 运维经验, 运维开发经验",6-8K,重庆,,2026-06-03 10:32:37
dfe4c55f46bf093803J83d61E1dZ,运维工程师,四通都成,100-499人,通信/网络设备,本科,3-5年,"Golang, 网络运维, 通信相关专业, 运维开发/DevOps, Redis, Python/Shell, 网络安全相关经验, 运维经验, 实施交付运维, MySQL/Oracle, Docker, 大数据运维经验, 系统运维, 运维开发经验, IDC机房运维",8-11K,重庆,,2026-06-03 10:32:57
bd972cf62661abf70ndz3t-6EVdV,运维工程师（重庆·万州区）,积成电子,1000-9999人,电子/硬件开发,大专,1-3年,"系统运维, MySQL/Oracle, 计算机相关专业, 电子/电气/自动化相关专业, 运维经验, Linux操作系统",5-7K·13薪,重庆,,2026-06-03 10:38:02
a933eae35c6068380nR-3ty5ElpS,系统运维工程师,重庆石谷科技有限...,20-99人,信息安全,大专,1-3年,"系统运维, 计算机相关专业, 网络安全相关经验, 运维经验",6-8K,重庆,,2026-06-03 10:38:22
859d2b78039c0cc40nB639-7EldU,虚拟化运维工程师,贝特,100-499人,智能硬件,大专,3-5年,,8-12K,重庆,,2026-06-03 10:38:43
4986d20876b0b0800nZy29y-F1JQ,实习生-运维工程师,一维大成,100-499人,计算机软件,本科,,"系统运维, 实施交付运维, 计算机相关专业",100-110元/天,重庆,,2026-06-03 10:38:43
97912bf61e72b5e803J73924FFBW,运维工程师（人工智能方向）,微银重庆征信,100-499人,其他专业服务,本科,5-10年,"容器, K8S, 运维开发/DevOps, 大模型, 计算机相关专业, 网络安全相关经验, 运维经验, Docker, 系统运维, 运维开发经验, CI/CD, 人工智能, Kubernetes",10-15K,重庆,,2026-06-03 10:38:43
62f7f863aeb6f44d0nRz2N-8GVVQ,IT基础设施工程师(J10016),重庆耐德能源装备...,100-499人,专用设备,本科,3-5年,,8-12K,重庆,,2026-06-03 10:39:05
24d8857dba7b5ea703By3Nq9GVRX,运维工程师,重庆长谷川建筑工程,20-99人,房屋建筑工程,学历不限,经验不限,,8-13K·13薪,重庆,,2026-06-03 10:39:05
56282941e24a28971nxy3di0FltR,运维工程师（智慧交通）,泛亚智防,20-99人,其他专业服务,大专,1-3年,技术运维,5-10K,重庆,,2026-06-03 10:39:05
66c98f2e9b00d7460nd93t68FFdY,linux服务器运维工程师,重庆世方通跨境电商,20-99人,电子商务,本科,1-3年,"网络运维, 系统运维, 运维开发/DevOps, DBA, Python/Shell, Ansible/Salt/Puppet, Nginx, Redis, MySQL/Oracle, 计算机相关专业, 运维经验, 大数据运维经验",3500-4000元/周,重庆,,2026-06-03 10:39:05
296f28182702574f0nR-09q5ElZS,实施运维工程师,中能能源,100-499人,电力/热力/燃气/水利,本科,3-5年,,8-13K,重庆,,2026-06-03 10:39:25
a18ca71a3eac66350nV809m7FldV,运维工程师（实习生）,聚宝充,20-99人,其他新能源,中专/中技,经验不限,"接受小白, 硬件运维, 设备运维, 免费住宿",5-10K,重庆,,2026-06-03 10:39:25
397d82f3521b1fc90nB_3dS7EltQ,运维工程师,中国软件,1000-9999人,计算机软件,本科,1-3年,,4-6K·13薪,重庆,,2026-06-03 10:39:25
a232b1398879e8550nRz0tu7EVZZ,大数据初级运维工程师,中冉数字,500-999人,互联网,大专,1-3年,,4-6K,重庆,,2026-06-03 10:39:25
8ab4dc1621548f200nB_09q8EVZQ,大数据运维工程师,亚信科技,10000人以上,计算机软件,本科,经验不限,,7-9K,重庆,,2026-06-03 10:39:25
70c4ead8c318fa2e0nV83N6-EFFW,运维工程师,音迅科技,20-99人,通信/网络设备,本科,经验不限,"通信相关专业, 计算机相关专业",6-11K,重庆,,2026-06-03 10:39:47
2c7947601e80183a0nR73tS_GVFR,驻场运维工程师,重庆千德科技有限公司,20-99人,计算机软件,大专,3-5年,"通信相关专业, 网络专业, 计算机相关专业, 运维经验",4-7K,重庆,,2026-06-03 10:39:47
f498751fc31454030nB63N28FFdU,系统集成项目实施工程师,旭辰数智科技,20-99人,计算机软件,本科,3-5年,,7-12K,重庆,,2026-06-03 10:39:47
140729a17374827c1XN83dy0GFZW,运维工程师,隆江科技,0-20人,电子/半导体/集成电路,学历不限,1年以内,"网络运维, 系统运维, 计算机相关专业, 通信相关专业, 电子/电气/自动化相关专业",4-6K,重庆,,2026-06-03 10:39:47
8087ae40bd67d4d903R62d21FVdW,ERP系统维护工程师,精思凌,20-99人,机械设备/机电/重工,大专,1-3年,"网络运维, 通信相关专业, 大数据运维经验, 系统运维, 计算机相关专业, 电子/电气/自动化相关专业, 网络安全相关经验, IDC机房运维",7-12K,重庆,,2026-06-03 10:39:47
5c0ab4a8ffaa414b0nB_0tq7EVtV,MES售后运维工程师,重庆蝶变科技有限公司,100-499人,计算机软件,大专,3-5年,"实施交付运维, Java, Python/Shell, Nginx, Redis, MySQL/Oracle, 计算机相关专业, 运维经验, MES、WNS、EAM、IOT",10-13K,重庆,,2026-06-03 10:40:08
79bd192e15ba2e200nZ83d6_GFVV,网络安全运维工程师,悟新科技,0-20人,人工智能,本科,3-5年,"安全运维和保障, 计算机/信息安全相关专业, 安全架构搭建经验, 安全运维经验, 数据安全管理经验, 渗透测试经验, CISM, CISSP/CISP, CISA, ITIL, PMP",5-10K,重庆,,2026-06-03 10:40:27
8a5fa19fc89f0f870nR-2tm8E1FV,运维工程师,星芒科技,0-20人,互联网,本科,10年以上,,5-55元/时,重庆,,2026-06-03 10:40:27
402f3a95275647860nV53d-9GFZR,高级运维工程师—重庆,税友集团,1000-9999人,互联网,大专,3-5年,"网络运维, Java, 实施交付运维, 通信相关专业, MySQL/Oracle, 大数据运维经验, 系统运维, 运维开发经验, 桌面运维, 计算机相关专业, 网络安全相关经验",6-7K·14薪,重庆,,2026-06-03 10:40:27
b948df2cce16e0750nd-2tq_FVJS,运维工程师,数节科技,0-20人,云计算,大专,1-3年,,5-7K,重庆,,2026-06-03 10:45:18
60b4992665faecdf0nB82NS7FVpX,财务系统运维顾问,闪蝶科技,100-499人,互联网,本科,5-10年,"实施交付运维, MySQL/Oracle, 计算机相关专业, 运维经验, 五年以上oracle ebs财务模块实施, 熟悉国家财务有关法律法规政策",7-10K,重庆,,2026-06-03 10:45:39
73c3fec43dccabab03B9096_GVJY,运维工程师,霞悦堂医药科技,20-99人,在线教育,本科,1-3年,,10-11K,重庆,,2026-06-03 10:46:46
f1cdb1358629184b1HV53N-4FVpT,工程运维工程师,原伦生物,20-99人,生物/制药,大专,3-5年,"系统运维, 实施交付运维, 电子/电气/自动化相关专业, 运维经验",7-8K,重庆,,2026-06-03 10:46:46
0b38d99ad3ec3f9303R53Nq8GFNQ,充电桩运维工程师,正恒电气,20-99人,电力/热力/燃气/水利,大专,1-3年,"运维经验, 电子/电气/自动化相关专业",5-8K,重庆,,2026-06-03 10:47:27
e831e014729b911903N_3ti_E1dS,初级运维工程师,金腾飞科技有限公司,0-20人,计算机软件,本科,1-3年,,5-6K,重庆,,2026-06-03 10:47:27
b8bab8260d12a58b0nB-0ty1GVdX,运维工程师,直真科技,1000-9999人,计算机软件,本科,1-3年,"系统运维, 运维开发/DevOps, 实施交付运维, Python/Shell, Redis, MySQL/Oracle, Docker, 计算机相关专业, 运维经验, 运维开发经验",6-8K·13薪,重庆,,2026-06-03 10:48:09
e4e07689452ea3f4031y3dS_FlFQ,高级运维开发工程师,长安汽车,10000人以上,汽车研发/制造,本科,5-10年,"Zabbix/Prometheus, 运维开发经验, 网络安全相关经验, Kubernetes",20-25K·17薪,重庆,,2026-06-03 10:48:09
75605144c29b178b03Nz3t6_ElRR,运维工程师（驻点）,重庆易捷商通科技,20-99人,企业服务,大专,经验不限,"无需出差, 打印机维修, 1-3年相关经验, 有电脑/打印机维修经验",3-6K,重庆,,2026-06-03 10:48:30
c79ed5dc8a1662850nd72968FFdX,信息系统管理员（运维）,重庆摩西,100-499人,电气机械/器材,大专,1-3年,,5-8K,重庆,,2026-06-03 10:52:39
390729c23dadc05e0nB52tS-GFpZ,运维工程师,南京未创信息,0-20人,互联网,本科,1-3年,"通信相关专业, 系统运维, 卫星通信, Python/Shell, 卫星",6-8K,重庆,,2026-06-03 10:52:39
ee2002f572ffc2de0nd83tu0F1BW,分布式光伏电站运维工程师,中能绿电新能源,20-99人,新能源,中专/中技,3-5年,"要求光伏/风电运维经验, 光伏运维经验, 工商业光伏运维, 工商业光伏运维经验",5-10K,重庆,,2026-06-03 10:52:39
fecee08f20978a0e0nB-2ti-GFVS,服务器运维工程师（地点在贵州）,广东维云信息科技,100-499人,计算机服务,大专,1-3年,"服务器硬件拆装, 故障分析, GPU服务器, 运维经验, Linux基本命令熟悉, 服务器故障排查",6-9K,重庆,,2026-06-03 10:53:00
300bdde5fee555780nB_29u1EVBR,无盘系统 网络运维,重庆原代码网络科技,0-20人,计算机软件,大专,1-3年,"网络运维, 系统运维, IDC机房运维, 实施交付运维, 计算机相关专业, 通信相关专业",4-5K,重庆,,2026-06-03 10:53:00
e80dae15f0ef0a0b1nxz2968FFJR,运维工程师,浩鲸科技,10000人以上,通信/网络设备,本科,3-5年,"阿里云, 百炼运维, AI, 大模型",10-14K,重庆,,2026-06-03 10:53:21
a5e6d5b728386b660nZ42Nq4FVFX,实施运维工程师（实习生）,重庆世臻,0-20人,计算机软件,本科,经验不限,,3-5K,重庆,,2026-06-03 10:53:42
2482584636cdfab20nZ73tu_EVVZ,运维工程师,重庆庆润,100-499人,计算机软件,本科,3-5年,,7-10K,重庆,,2026-06-03 10:54:03
cd2d2e4aa44ea5030nZ929y-FVdS,WMS（仓储管理系统）开发工程师,重庆嘉腾,20-99人,自动化设备,本科,3-5年,,10-15K,重庆,,2026-06-03 10:54:24
8e38f026c8aa11291XN739m8E1VR,IT 运维工程师,芯云凌,20-99人,半导体/芯片,本科,3-5年,"网络运维, Java, Nginx, 系统运维, 运维开发/DevOps, Python/Shell",7-10K·14薪,重庆,,2026-06-03 10:54:24
660f81a735b607e10ndy39-8EFZY,运维工程师,重庆尼奥张量科技,20-99人,人工智能,本科,3-5年,"Java, 实施交付运维, Ansible/Salt/Puppet, Docker, 运维开发经验, Python/Shell, 计算机相关专业, 网络安全相关经验, 电子/电气/自动化相关专业, 运维经验, Kubernetes",6-9K,重庆,,2026-06-03 10:54:44
9e501e0fc202491403B43tm-EVFX,呼叫中心系统开发工程师,康桥AI,20-99人,人工智能,学历不限,3-5年,"呼叫中心, FreeSWITCH方向, 熟悉顶顶通",4-7K,重庆,,2026-06-03 10:55:05
6d799784c22125451nZ43t-4EFFV,运维工程师,励颐拓软件,20-99人,计算机软件,本科,3-5年,"Python, Shell, 容器技术, MySQL, PostgreSQL, Docker, CI/CD, Kubernetes",10-15K·13薪,重庆,,2026-06-03 10:55:46
30ff8c19c58934600nB839i9FlZU,运维实施工程师,至臻云,100-499人,计算机服务,本科,3-5年,,5-9K,重庆,,2026-06-03 11:00:54
b661b988b12b00c20nB-3tq9FFRU,运维工程师,联合永道,1000-9999人,计算机软件,大专,3-5年,"系统运维, Python/Shell, 计算机相关专业, 通信相关专业, 运维经验, openstack, 虚拟化, RHCE, 存储",8-10K,重庆,,2026-06-03 11:01:17
896af6e2e8f49a9203152tW9E1JV,电力信息系统实施/运维工程师,重庆百尚科技有限公司,20-99人,计算机软件,本科,1-3年,,6-8K·13薪,重庆,,2026-06-03 11:01:37
d1e6ba44fd6c2edd1HN72N--ElVR,it系统运维工程师,传显科技,20-99人,通信/网络设备,本科,1-3年,"系统运维, MySQL/Oracle, Java, 运维经验, 计算机相关专业, 运维开发经验, Linux",5-10K·13薪,重庆,,2026-06-03 11:01:58
a64a9c4405213c8c1n1-2dy8EVVX,运维工程师,芯云科技,20-99人,计算机软件,大专,1-3年,安全运维,4-8K,重庆,,2026-06-03 11:02:38
419aee303b631eb4031729m4F1RW,驻场运维,重庆厚浪信息,20-99人,通信/网络设备,中专/中技,1-3年,"桌面运维, 网络运维, 系统运维, IDC机房运维, 实施交付运维, 计算机相关专业, 通信相关专业, 运维经验, 大数据运维经验",5-7K,重庆,,2026-06-03 11:03:00
d7e6c23d9ecc6eb8031_3d29GVRZ,鸿蒙系统运维工程师,爱望IoTWANT,0-20人,计算机硬件,本科,3-5年,,10000-20000元/月,重庆,,2026-06-03 11:03:00
3b4e4dbfaa1c8dca0nd-3Nm1E1BU,数字工程师（建筑招投标平台方向）,子民实业,20-99人,工程施工,本科,3-5年,,8-11K,重庆,,2026-06-03 11:03:00
657670581c86aa350nRy2tu9FFpY,气化助理工程师,重庆奕能电子有限公司,100-499人,半导体/芯片,大专,1-3年,,5-6K,重庆,,2026-06-03 11:03:21
e02def56d8f8d3011HZ_29--FlVR,网络运维工程师,诺科信息技术,0-20人,信息安全,本科,3-5年,"网络运维, 系统运维, 国产设备运维经验, 桌面运维",5-6K,重庆,,2026-06-03 11:03:42
1352e8e9a111eb5d1nx52d-5GVdX,机房运维工程师,骄禾科技,0-20人,游戏,大专,1-3年,机房运维,3-5K,重庆,,2026-06-03 11:03:42
bfd4cee020eca6d50nV_39W-GVZS,运维工程师,重庆晟鑫能源科技,0-20人,光伏,本科,1-3年,"实施交付运维, 大数据运维经验, 系统运维, 运维开发经验, 运维经验",8-10K·14薪,重庆,,2026-06-03 11:04:03
be8ea5e40ed8091a0nV_3ti1FFFY,运维工程师（金融法院）,重庆捷旭科技有限公司,100-499人,电子/硬件开发,大专,1-3年,,4-5K,重庆,,2026-06-03 11:04:03
1f9682c406a049800nB839m6EVBT,运维开发工程师助理,江西图登,20-99人,互联网,本科,1-3年,,6-8K,重庆,,2026-06-03 11:08:12
ea2f9836c9d46e0703x63NS9EFpQ,信息化系统运维,群峰科技,20-99人,房地产开发经营,大专,1-3年,,6-8K,重庆,,2026-06-03 11:08:54
69abb68ea69e04fe03B639W1EFVR,运维工程师/接受无经验,杏林,100-499人,计算机软件,本科,1-3年,"网络运维, 系统运维",5-7K,重庆,,2026-06-03 11:08:54
da3aa7beab0dffc71nJ_2ti9FFVZ,系统运维工程师,中移集成,1000-9999人,人工智能,本科,1-3年,"Linux, 虚拟化运维, 大数据运维, Shell, Nginx, Openstack",10-15K·15薪,重庆,,2026-06-03 11:08:54
a8cac8ad75e166030nR63dW8F1VR,机器人运维工程师,竞赛培训,0-20人,培训/辅导机构,大专,经验不限,,5-8K,重庆,,2026-06-03 11:09:37
609370ee985556b103V63927EVpV,运维工程师,厦门聚力优创科技,20-99人,人工智能,学历不限,经验不限,"实施交付运维, 无人驾驶机器人, 计算机相关专业, 清洁机器人, 电子/电气/自动化相关专业, 运维经验, 打印机/复印机维修经验, 物流配送送餐机器人",150-240元/天,重庆,,2026-06-03 11:11:02
f1cf00cc90ee5cc20nB439S7GVRS,高级运维工程师 / SRE Engineer,道致科技,100-499人,互联网,大专,3-5年,"Java, DBA, python, Docker, ELK, 系统运维, SRE, Redis, bash, 阿里云核心产品, Kubernetes",19-27K,重庆,,2026-06-03 11:17:13
c19b770ec82b6fe5031629u-E1BY,平台运维工程师,重庆市国探能源研究院,20-99人,电力/热力/燃气/水利,大专,1-3年,"Java, 系统运维, 计算机相关专业, 运维经验",4-8K,重庆,,2026-06-03 11:18:38
adce2ab546d3a09a1HZ92tu4GFtS,运维工程师,重庆黑仁科技有限公司,0-20人,其他行业,大专,3-5年,"桌面运维, 网络运维, 系统运维, IDC机房运维, 实施交付运维, 计算机相关专业, 通信相关专业, 运维经验, 网络安全相关经验, 打印机/复印机维修经验, 网络信息安全, 智能化物联网系统集成, 网络工程",4-7K·14薪,重庆,,2026-06-03 11:19:20
21fc529faa2818030nB609m_EFJU,java工程师,灿远科技,0-20人,电子商务,本科,经验不限,"不接受居家办公, Java, Spring, Nginx, Netty, MySQL, Redis, 团队管理经验, 物联网经验, 音视频经验, ERP开发经验",4-9K,重庆,,2026-06-03 11:19:42
d51d27a327920e660nB43di9GFBY,运维工程师（平台SRE）,润和软件,10000人以上,互联网,本科,3-5年,"LINUX, K8S",11-15K,重庆,,2026-06-03 11:24:49
d4bbe9c8760c2ef90nB_39W4E1JZ,物联网/运维工程师,望卓科技,20-99人,通信/网络设备,中专/中技,1-3年,,5-8K,重庆,,2026-06-03 11:25:10
f87dcc7c5212fa290nB63dq7F1RZ,产业园区系统运维岗（早九晚六+五险一金）,安裕同,20-99人,运营商/增值服务,本科,1-3年,,4-5K,重庆,,2026-06-03 11:32:08
bebc8e481849569503B83t60GFBQ,项目实施工程师,中联,1000-9999人,计算机软件,本科,,,110-150元/天,重庆,,2026-06-03 11:34:36
4f5b64e5c882960b1Xd-2965Els~,高级运维工程师,千番旅行,100-499人,电子商务,学历不限,5-10年,"运维, 系统运维",8-12K,重庆,,2026-06-03 11:41:34
36c5cb93dac894610nB42dy_GVdZ,系统产品经理（内部办公系统）,重庆堡食空间餐饮管理,1000-9999人,餐饮,本科,3-5年,"C端产品, B端产品, 中后台产品, 用户/功能产品, 电商产品, 社区产品, 区块链产品, ERP产品/软件产品, 钉钉系统, OA系统, 办公系统",7-12K,重庆,,2026-06-03 11:41:55
b0ae0b593d5567a2031629u8FlBV,烟气在线系统运维工程师,江峻环保,0-20人,环保,大专,1-3年,,5-8K,重庆,,2026-06-03 11:46:47
de401bdbefaa60c90nV_39S6F1tQ,软件产品策划（系统运维）,重庆某大型汽车研发/制造公司,1000-9999人,汽车研发/制造,本科,3-5年,,15-25K,重庆,,2026-06-03 11:48:08
9eae0b048ea132980nV-29W9GVRR,网络安全运维工程师,重庆巽云数智科技,20-99人,信息安全,本科,3-5年,"安全运维和保障, 计算机/信息安全相关专业, 渗透测试经验, 攻防对抗经验, CISSP/CISP",5-8K·14薪,重庆,,2026-06-03 11:49:13
5fe9700d3847745003Ny3tS9F1RW,运维工程师,合盛优购,20-99人,新零售,本科,5-10年,,5-6K,重庆,,2026-06-03 11:49:34
4d41be2ba3367a9d0nV_3dm6FlRX,系统架构师（技术战略合伙人）,智汇工程,0-20人,其他新能源,本科,5-10年,"Java, Python, Go, 微服务架构, 容器技术, 分布式技术",20-21K,重庆,,2026-06-03 11:57:53
4fb9ec5244b2dc1b0nRz3t2_F1NY,大模型实施运维工程师-体验与服务,字节跳动,10000人以上,互联网,本科,1-3年,"故障排查, 容器化, 模型部署运维, 大数据, Kubernetes, 大模型运维",10-15K,重庆,,2026-06-03 12:03:05
5b241fb1a454e1200nd73ty1FVFT,实习生运维工程师,凯优新,0-20人,互联网,大专,经验不限,"计算机相关专业, 电子/电气/自动化相关专业, 通信相关专业, 运维经验",3-4K,重庆,,2026-06-03 12:05:31
ebe2a279b3403ae90nV43tW0FFJS,运维实习生,云集景从,0-20人,计算机服务,大专,经验不限,,2-3K·13薪,重庆,,2026-06-03 12:05:31
a828375fcdeefe6d1Hxy3d-0EVtQ,高级云运维工程师,新华三技术有限公司,10000人以上,计算机软件,学历不限,3-5年,"网络运维, Docker, 系统运维, Python/Shell, 计算机相关专业, 网络安全相关经验, 运维经验, IDC机房运维, Kubernetes",10-15K·13薪,重庆,,2026-06-03 12:13:30
0076603c5574c8bc0nB82t24EVpY,无人驾驶系统工程师（矿区方向）,上海优泉,1000-9999人,人力资源服务,大专,1-3年,"汽车硬件产品, 六险一金",11-12K,重庆,,2026-06-03 12:17:59
904f6d05ea3172dd03Ny3dW8ElNX,资深运维工程师,神州新创,0-20人,互联网,大专,5-10年,,10-15K,重庆,,2026-06-03 12:18:40
620a299524cec9491XJz3di4E1JW,项目（运维）工程师,重庆麒敖科技有限公司,20-99人,电子/半导体/集成电路,大专,3-5年,"网络运维, 系统运维, 实施交付运维, Java, MySQL/Oracle, 计算机相关专业, 电子/电气/自动化相关专业, 网络安全相关经验",7-10K,重庆,,2026-06-03 12:19:24
97d7124b26c3aec61HZ83N68EVZW,中高级运维工程师,视洞科技,100-499人,互联网,本科,5-10年,"Docker, 运维开发/DevOps, Python/Shell, Kubernetes",11-17K,重庆,,2026-06-03 12:19:24
dc207237070d078c0ndy39-6GVVZ,运维工程师,重庆佳蓝科技有限公司,20-99人,回收/维修,学历不限,1-3年,,4-8K,重庆,,2026-06-03 12:26:17
2920aabb58f6a3580nB63di-FFBQ,系统运维岗,安裕同,20-99人,运营商/增值服务,本科,1-3年,,4-6K,重庆,,2026-06-03 12:34:34
aa83a1b7da6967870nB-39u7F1RQ,运维工程师,智算力,20-99人,人工智能,大专,3-5年,,7-9K,重庆,,2026-06-03 12:36:00
0dcd07313908b7f71nZ_3NS-FVJY,运维工程师,智享科技,20-99人,智能硬件,大专,3-5年,"IT服务, 网络运维, 硬件, 系统运维, 计算机软件, 网络设备, 打印机/复印机维修经验",4-8K,重庆,,2026-06-03 12:37:22
f35a4f8d9acf4f750nV42Nq4FFJU,运维开发工程师,灵雀云,100-499人,计算机软件,本科,3-5年,"Kubernetes, Docker, 计算机相关专业, 英文读写能力良好, 运维开发经验",12-24K·13薪,重庆,,2026-06-03 12:37:43
fa43458cb1b1471b0nZ42di_EFVR,运维工程师（Linux/网络/PLC数据采集方向）,绿汇科技,0-20人,计算机软件,本科,1-3年,"系统运维, 运维开发/DevOps",200-400元/天,重庆,,2026-06-03 12:42:33
0254f599504574131XJy3N--FlFR,系统运维工程师,重庆满惠,100-499人,计算机软件,大专,1-3年,"网络运维, 系统运维, IDC机房运维, 桌面运维, 计算机相关专业, 通信相关专业, 运维经验",4-6K,重庆,,2026-06-03 12:51:36
7d75908953fa19741XN62di9FlNW,linux运维工程师,安徽省通信产业服...,1000-9999人,互联网,本科,3-5年,"实施交付运维, 运维开发/DevOps, Python/Shell",8-12K,合肥,,2026-06-03 13:00:28
e54647fe8d47fa231nd_0967EFU~,系统运维工程师,异行者,20-99人,计算机服务,学历不限,3-5年,"MySQL, 系统运维, 数据架构",10-20K,合肥,,2026-06-03 13:00:28
53cd6faa8f922db40nV_2d6_GFNU,系统运维工程师,EvoTec,100-499人,机械设备/机电/重工,本科,1-3年,,10-12K,合肥,,2026-06-03 13:00:28
288d64b5883209bf0nd82t--EVdY,系统运维工程师-安徽合肥,一视科技,100-499人,互联网,本科,1-3年,,8-12K·14薪,合肥,,2026-06-03 13:00:28
87689be812dc9f150nB62di0FVJQ,系统运维工程师,非度信息,500-999人,计算机软件,本科,5-10年,,9-12K,合肥,,2026-06-03 13:00:28
66daa98b3c06df551Xx_3dS9FVZX,linux运维工程师,中通服和信科技,500-999人,计算机软件,本科,3-5年,"Ansible/Salt/Puppet, 系统运维, linux, 运维开发/DevOps, 运维开发经验, Python/Shell, 运维经验, rhce, Kubernetes",7-12K·14薪,合肥,,2026-06-03 13:00:28
3791bd61fa3d35f10nB839S0FFJS,运维工程师,科大讯飞股份有限公司,10000人以上,互联网,本科,1-3年,,8-10K,合肥,,2026-06-03 13:00:28
d62ed8a31effd5600nB82d-1EVVV,运维工程师,青由,20-99人,互联网,本科,3-5年,,16-17K,合肥,,2026-06-03 13:00:28
03c1197abc034caf0nB439q8ElRR,实施运维工程师（驻场）,皖通科技,500-999人,计算机软件,本科,3-5年,"网络运维, 实施交付运维, 大数据运维经验, 系统运维, 运维开发经验, 桌面运维, 计算机相关专业, 网络安全相关经验, 运维经验, IDC机房运维",8-12K,合肥,,2026-06-03 13:00:28
ab8ffdb6475c4d190nB83t29FlJY,运维工程师/项目经理,四川人瑞,500-999人,人力资源服务,本科,3-5年,"Kubernetes, 计算机相关专业, 运维经验",10-15K,合肥,,2026-06-03 13:00:49
0bbd1d381e8160b21HV73t-4GVdX,运维交付工程师合肥,国信软件,100-499人,计算机软件,大专,3-5年,"zabbix, 实施交付运维, Promethuos, Linux, 大数据运维经验, Python/Shell, 网络安全相关经验, Kubernetes",7-9K,合肥,,2026-06-03 13:00:49
6bb2d340d6d43d590nB42du4ElBW,系统运维工程师,极兔,10000人以上,快递,大专,1-3年,,5-7K·13薪,合肥,,2026-06-03 13:00:49
76a3818d049b77320nR60tS5GFtX,信息系统运维工程师,安徽合力宇锋智能科技,1000-9999人,自动化设备,本科,5-10年,"MySQL/Oracle, 计算机相关专业, 电子/电气/自动化相关专业, 通信相关专业",10-15K,合肥,,2026-06-03 13:00:49
21f2e22f61554fff1HV62Ni5FVRU,系统运维工程师,安徽智泳,20-99人,通信/网络设备,本科,3-5年,"系统运维, 运维经验, HCIE",8-12K,合肥,,2026-06-03 13:00:49
7ee75d741bd3cdf30nV73dy6FlNZ,健康农产品电商系统运维工程师助理,萃康农业科技,20-99人,农/林/牧/渔,大专,1-3年,"网络运维, 运维经验",6-10K,合肥,,2026-06-03 13:00:49
6395787d887654510nB839q1FlFY,电力桌面运维工程师五险一金双休,长瑞科技,100-499人,电力/热力/燃气/水利,大专,1年以内,,5-6K·13薪,合肥,,2026-06-03 13:00:49
66c29eb9eab5d87b1n1-29W7FFc~,系统运维工程师,立卓智能电网,100-499人,自动化设备,本科,经验不限,系统运维,5-8K,合肥,,2026-06-03 13:00:49
2dd5e9a0d8f2c5b01XN83Nm0FlFS,系统运维工程师,卫宁健康,1000-9999人,医疗健康,本科,经验不限,"系统运维, 实施交付运维, 运维开发/DevOps, Java, Nginx, Redis, 计算机相关专业, 运维开发经验",12-20K·15薪,合肥,,2026-06-03 13:00:49
4ad9bea85278d7070nB_0t65F1JV,网络运维工程师,百得思维,1000-9999人,计算机软件,本科,1-3年,"有网络工程师经验, 甲方企业, 不需要出差, 1到3年网络工程师经验, 3到5年网络工程师经验, 大型网络实施",9-13K,合肥,,2026-06-03 13:00:49
e9c6f62b17612a3e0nB60tu-FFZQ,服务器运维工程师,某大型储能公司,100-499人,储能,本科,5-10年,,20-35K,合肥,,2026-06-03 13:00:49
84ee12c6608acca20nV939-6ElBU,系统运维工程师,陌科智能科技,20-99人,信息安全,本科,1-3年,,5-7K,合肥,,2026-06-03 13:00:49
f60ca0f1763acceb0nB-3d67F1RX,erp运维工程师,华众控股,1000-9999人,汽车零部件,大专,3-5年,"系统运维, 运维经验, 打印机/复印机维修经验, 运维开发经验, ERP, 金蝶",7-9K,合肥,,2026-06-03 13:00:49
4cf46c11aef895840nZz3Nu8FltZ,运维工程师（兼QA）,摩卡软件,500-999人,计算机软件,本科,1-3年,,5-7K,合肥,,2026-06-03 13:00:49
4af792fca340fded0ndz3d6_EVFS,运维工程师——国网项目,力德恒业,100-499人,移动互联网,本科,3-5年,,7-9K,合肥,,2026-06-03 13:01:09
b8e3158e88fbde9e0HN_2d27E1E~,驻场系统运维工程师,筠扬,20-99人,计算机软件,大专,3-5年,"运维工程师, 系统运维",9-14K,合肥,,2026-06-03 13:01:09
e747876d74798c9303x-2Nu4FFVQ,驻场运维工程师（安徽合肥）,中交信捷,20-99人,交通/运输,本科,1-3年,,8-12K,合肥,,2026-06-03 13:01:09
04a2193c45056a7f0nB-39q5E1pU,it运维工程师,亿纬锂能/锂电池,10000人以上,其他新能源,本科,1-3年,,8-12K·14薪,合肥,,2026-06-03 13:01:09
3dcd247a5f0f23ff0nZ-3N68EFRR,系统运维工程师,幺正量子,20-99人,电子/硬件开发,硕士,1-3年,电子/硬件系统工程师,15-25K·14薪,合肥,,2026-06-03 13:01:09
87a56256e4c1b5301nZy09m6E1dS,Linux服务节点运维与技术支持工程师,Pear,20-99人,运营商/增值服务,本科,1-3年,"自动化运维, Linux, Java, 网络协议, 网络交换技术, 网络设备",8-9K,合肥,,2026-06-03 13:01:09
787bb11468dbebf31HZ80t-7EVRX,网络运维工程师（包河）,国睿信息安全科技,20-99人,计算机硬件,大专,经验不限,"Windows, 系统运维, 安全运维, 应用运维, 桌面运维, 机房运维, 网络工程师证",4-6K,合肥,,2026-06-03 13:01:09
9b0ac13c0101ae890nB50t--GVZX,运维工程师（公有云）,光庭,1000-9999人,计算机软件,本科,3-5年,"系统运维, 运维经验, 大数据运维经验, 公有云, linux",9-13K,合肥,,2026-06-03 13:01:09
6340ca4fb8da29d10ndz0tu9GVBX,工业视觉和机器人运维工程师,上海韦岚新能源科技,100-499人,储能,大专,1-3年,运维开发/DevOps,10-15K,合肥,,2026-06-03 13:01:09
f8523c5fc42e37920nB-0ty4FFVY,软件运维工程师（驻场）,中科星图低空云公司,100-499人,云计算,本科,5-10年,,8-13K,合肥,,2026-06-03 13:01:09
e8c5245bf191ad620nB83967EFJT,部署运维工程师,上海端云信息技术,20-99人,计算机软件,本科,3-5年,"Python/Shell, openstack, k8s",9-10K,合肥,,2026-06-03 13:01:09
7b89112a8ae277d00nZ_3dq9GFZW,大数据运维工程师（华为云计算）,安徽网谷智能技术,20-99人,通信/网络设备,大专,5-10年,"大数据运维经验, 通信相关专业, 运维经验, 运维开发经验, 华为大数据, 云计算",8-13K·13薪,合肥,,2026-06-03 13:01:09
341076f0a2e5beb00nd-2ti8FVBY,实施运维工程师(电力行业),北京亿江科技发展,100-499人,计算机软件,大专,1-3年,"网络运维, 实施交付运维, 大数据运维经验, 计算机相关专业, 运维经验",7-10K,合肥,,2026-06-03 13:01:09
0812e9d3970d7f1f0nZz3N-7F1JT,电力运维工程师,宁波晨江电力集团,500-999人,电力/热力/燃气/水利,大专,1-3年,,5-8K,合肥,,2026-06-03 13:01:09
0f5b8e98a933ad4103Ny3di0FVFX,安全运维工程师(J10035),中检天帷,100-499人,信息安全,大专,1-3年,,6-8K,合肥,,2026-06-03 13:01:09
6aa46208e5f33cc40nV709W5E1NS,MES系统开发运维工程师/专家/管理,某大型半导体/芯片公司,1000-9999人,半导体/芯片,本科,5-10年,"计算机/网络系统工程师, 系统建设/运维经验, Linux运维经验, 大数据运维经验, 网络安全相关经验, 计算机相关专业, 系统集成项目管理工程师, MES, CIM, 开发 运维, RTD, 自动化",30-50K·16薪,合肥,,2026-06-03 13:01:30
45d70bcd5fac26381Xd_3N68GFtS,系统运维工程师,设计总院,1000-9999人,交通/运输,本科,1-3年,"Windows, Linux, 虚拟机技术, SQL Server, MySQL, 系统运维, 安全运维, 虚拟化运维",7-10K,合肥,,2026-06-03 13:01:30
a77754f4867500b00nd-2t-6FVFQ,交付运维工程师,中电信数智,1000-9999人,通信/网络设备,本科,3-5年,,10-15K,合肥,,2026-06-03 13:01:30
d0ed6750d088ea3703Zy3t--FVtV,电力运维工程师,安徽国辉电力建设,20-99人,工程施工,大专,3-5年,电力运维、预防性试验、一二次试验,8-12K,合肥,,2026-06-03 13:01:30
d12e215bf931b7060nd829i7FFNT,运维工程师（MES/WMS ）,双杰电气,1000-9999人,电气机械/器材,本科,3-5年,"系统运维, 桌面运维, MES, 计算机相关专业, WMS, 运维经验",8-13K,合肥,,2026-06-03 13:01:30
84a61155b20141940nZ52t69FVtU,弱电运维工程师,ASCENDIT,100-499人,通信/网络设备,大专,1-3年,系统运维,6-9K,合肥,,2026-06-03 13:01:30
a89d06c6fbd68d0203R83Ny7GVFZ,系统运维工程师,汇英科技,20-99人,计算机软件,本科,3-5年,"Nginx, Docker, 系统运维, K8S集群部署经验, Python/Shell, 运维经验, Kubernetes",8-13K·13薪,合肥,,2026-06-03 13:01:30
541bb7b46a0c345c1XR53tS8EFVT,云计算运维工程师,宇宏电子科技有限公司,20-99人,通信/网络设备,大专,1-3年,"Linux, Oracle, MySQL, SQL Server, Windows, 集群运维, 虚拟化运维, 自动化运维",6-10K,合肥,,2026-06-03 13:01:30
a56d542ebb7e14990nd_39q4EVRT,企业数字化系统运维专员(J10006),吾兴新材料,100-499人,建筑材料,本科,1-3年,"系统运维, 运维开发/DevOps, 桌面运维, 计算机相关专业, 北森, 钉钉, 金蝶",6-8K,合肥,,2026-06-03 13:01:30
249efadae95f66630nB62tm-GVVQ,高级信息系统项目管理工程师,惠丰,100-499人,计算机服务,本科,5-10年,"高级信息系统, ERP, CPM, 大数据平台",8-10K,合肥,,2026-06-03 13:01:30
3cdebdc5d567cbfc1X163tm8FFFZ,系统运维 专家,电信数智安徽分公司,100-499人,计算机服务,本科,5-10年,"运维开发/DevOps, Python/Shell, Docker, MySQL/Oracle",15-30K·14薪,合肥,,2026-06-03 13:01:30
e24e758a87eb073403d82Nm6FlBZ,运维工程师,安徽逸豪商业有限公司,100-499人,新零售,本科,1-3年,"桌面运维, 网络运维, 系统运维, Java, 计算机相关专业",6-10K,合肥,,2026-06-03 13:01:30
c908210abacd8d301Hx62Nm9F1JY,大数据运维工程师,太湖艾米,0-20人,计算机软件,大专,经验不限,"网络运维, 系统运维, Java, 计算机相关专业, 网络安全相关经验, 大数据运维经验",15-25K,合肥,,2026-06-03 13:01:30
a743b185de1c227303140tu4GVpX,驻场运维工程师,巨鳐科技,20-99人,计算机软件,大专,经验不限,"网络运维, 系统运维, 运维开发/DevOps, Java, 计算机相关专业, 运维经验, 运维开发经验",10-11K,合肥,,2026-06-03 13:01:30
caa11322806ec2f70nZz3N2-GVVW,技术运维工程师,召洋电子,100-499人,电气机械/器材,大专,3-5年,,7-10K·13薪,合肥,,2026-06-03 13:01:30
4460bbfb32142bdc0nd6292_FFpR,自动化运维工程师,谷创科技,0-20人,智能硬件,大专,1-3年,,6-10K,合肥,,2026-06-03 13:01:52
09c3319d533db8d603B_3di_F1BZ,驻地运维工程师-合肥,湖南大唐先一,500-999人,计算机软件,本科,3-5年,"系统运维, Java, 计算机相关专业, 电子/电气/自动化相关专业, 运维经验, 运维开发经验",7-12K,合肥,,2026-06-03 13:01:52
71664a524c39692103B70925F1BX,充电桩运维工程师,新彦技术,0-20人,新能源,高中,经验不限,"系统运维, 运维经验, 运维开发经验",4-5K,合肥,,2026-06-03 13:01:52
5dfdeb141c98ab560nB43N60FVVV,运维实施工程师,科大智能科技公司,500-999人,汽车零部件,本科,3-5年,,9-11K·13薪,合肥,,2026-06-03 13:01:52
76e6481eae4d12d603F_2Nq4FVdV,运维/技术支持工程师,容知日新,500-999人,智能硬件,本科,,,120-170元/天,合肥,,2026-06-03 13:01:52
3cfcbb19443417591XR72tq6GFNU,运维工程师,新安兴科技,100-499人,计算机硬件,大专,在校/应届,"存储运维, 系统运维, 机房运维, 桌面运维, 安全运维",3-6K,合肥,,2026-06-03 13:01:52
a2b2061fd2fb5dab0nZ-29i4FFpR,实施/运维工程师（合肥）,武汉伏佳安达,20-99人,电力/热力/燃气/水利,本科,1-3年,"网络运维, 实施交付运维, 运维开发经验, 计算机相关专业, 运维经验",6-7K,合肥,,2026-06-03 13:01:52
5042461723a08c280nR93di6GVZX,运维工程师,京东世纪贸易有限公司,10000人以上,互联网,本科,3-5年,,30-60K·16薪,合肥,,2026-06-03 13:01:52
1946fd2a006119470nB53di4EFJZ,短信/语音运维工程师,互普,20-99人,通信/网络设备,大专,5-10年,,6-10K,合肥,,2026-06-03 13:01:52
c0708a1daa8e192a0nB82dy9EVpY,运维工程师,人瑞人才,10000人以上,人力资源服务,本科,5-10年,,15-17K,合肥,,2026-06-03 13:01:52
e396f36b12f3e4d41XN62ti7GFRY,系统运维工程师,新开普,1000-9999人,计算机软件,本科,经验不限,"网络运维, 系统运维, Python/Shell, MySQL/Oracle, Nginx, 计算机相关专业, 通信相关专业, 运维经验, Linux, Windows",5-10K,合肥,,2026-06-03 13:01:52
8fa119eb1b2af21a1nR_3928GVBQ,运维工程师,安徽新力电气设备...,20-99人,电气机械/器材,大专,1-3年,配电房运维,5-10K·13薪,合肥,,2026-06-03 13:01:52
d6bfd032bf4a0a2d0nd-3tq8E1pZ,中级运维工程师,同徽,100-499人,计算机软件,本科,3-5年,"网络运维, Java, Nginx, Docker, 系统运维, 运维开发/DevOps, 运维经验, IDC机房运维, Kubernetes",10-15K,合肥,,2026-06-03 13:01:52
24cbd727258e6dd803N909m5F1NZ,驻点运维工程师,安徽力瀚科技有限公司,100-499人,通信/网络设备,大专,1-3年,"系统运维, 桌面运维, 计算机相关专业",5-6K,合肥,,2026-06-03 13:01:52
fd778c31cc271c661nB-2N-7ElM~,系统运维工程师,国轩高科,10000人以上,汽车研发/制造,本科,3-5年,"系统运维, 机房运维, 系统管理员",6-9K,合肥,,2026-06-03 13:01:52
20eb39ffbd45a6cf03F83t67EVVZ,电力系统实施运维工程师,南瑞电网公司,10000人以上,其他行业,本科,1-3年,,6-11K·13薪,合肥,,2026-06-03 13:02:13
19eaf2d60939b72c1XJ42d28FFNZ,运维工程师,合肥米好智能科技,0-20人,互联网,本科,3-5年,"系统运维, 实施交付运维, 计算机相关专业, 要懂CAD",5-10K,合肥,,2026-06-03 13:02:13
5549204b2b640e7b3nN-0tu4EVE~,系统运维工程师,新中新集团,500-999人,互联网,大专,经验不限,"运维, 运维工程师, 网络运维",4-6K,合肥,,2026-06-03 13:02:13
230fc361efce012a0nFz09u-FFM~,运维工程师,安徽龙讯信息科技,100-499人,计算机软件,本科,3-5年,"网络运维, Java, 运维工程师, 虚拟机技术, 安全运维, 网络安全",9-14K,合肥,,2026-06-03 13:02:13
154f7e6a59a0a84a0nVy2t26E1pQ,高级系统运维工程师,共享智能铸造产业...,1000-9999人,其他制造业,本科,3-5年,"Jenkins, Docker, Kubernetes, 运维开发经验, 网络安全相关经验",10-13K,合肥,,2026-06-03 13:02:13
f5eec3cb11a105510nd509y5FlVY,光伏运维工程师（五险一金）,晁坤新能源,20-99人,光伏,大专,5-10年,"光伏风电运维, 光伏运维, 集中式光伏运维, 分布式光伏运维",7-10K·13薪,合肥,,2026-06-03 13:02:13
cd2b66636915866b1HZ93tS8GFZS,MES运维工程师(J11456),国轩电池科技,500-999人,其他新能源,本科,3-5年,,15-20K,合肥,,2026-06-03 13:02:13
0a91e4ffa48c466c0nB_0tS9EFtX,测试运维工程师,合肥智房科技有限公司,0-20人,计算机软件,本科,3-5年,"自动化测试, 功能测试, 性能测试, Python, Java, JMeter, Postman, MySQL, 计算机相关专业, 测试工作经验, 自动化测试经验, 掌握软件测试理论和流程",10-12K,合肥,,2026-06-03 13:02:13
ba2e593d08f7f2bc0ndy2ti4GVJQ,新一代运维工程师安徽,北京国泰京电,100-499人,电力/热力/燃气/水利,本科,1-3年,,7-10K,合肥,,2026-06-03 13:02:13
e6c6ea9fd82e0c130nB-2tW7FVJS,运维工程师（电网）,北京软通动力云计...,10000人以上,互联网,本科,3-5年,电网,6-8K,合肥,,2026-06-03 13:02:13
168a379affc841bd0nB63t26EVJX,新一代运维工程师安徽,中能能源,100-499人,电力/热力/燃气/水利,本科,1-3年,,7-10K,合肥,,2026-06-03 13:02:13
febda71afa140e7403Fy2tm9FldS,运维工程师,亲友互娱,20-99人,游戏,大专,3-5年,,8-12K,合肥,,2026-06-03 13:02:13
c913e94a9aeb30700nV80961F1I~,Linux运维工程师,泽塔云,20-99人,计算机服务,本科,1-3年,"故障排查, 云平台运维, Linux, 桌面运维, Shell, 云计算, 网络设备, IT服务",4-8K,合肥,,2026-06-03 13:02:13
e2b67cbe066138e403x63Nu-EFBQ,运维驻场工程师（安徽省厅）,万格通讯,100-499人,通信/网络设备,大专,1-3年,"桌面运维, 网络运维, 系统运维, IDC机房运维, 实施交付运维, MySQL/Oracle, 计算机相关专业, 通信相关专业, 运维经验, 运维开发经验, 网络安全相关经验",4-5K,合肥,,2026-06-03 13:02:13
b677f82919a358b91HB72t-1GFdQ,爬虫运维工程师,大智慧,1000-9999人,互联网,本科,1-3年,"Nginx, 实施交付运维, Docker, Python/Shell",10-15K,合肥,,2026-06-03 13:02:13
3dd64bf3d2160b1603152NW7FVFR,信息化工程师,安徽合顺强科技,100-499人,金属制品,大专,5-10年,"网络运维, 系统运维, IDC机房运维, Java, Python/Shell, MySQL/Oracle, Docker, Kubernetes, 计算机相关专业, 电子/电气/自动化相关专业, 运维经验, 运维开发经验, 网络安全相关经验",8-10K,合肥,,2026-06-03 13:02:34
ced25031a5738c2f1Hx80ti4FFpR,SRE运维工程师,合肥长河数据,20-99人,互联网,本科,5-10年,"Nginx, 通信相关专业, 系统运维, 计算机相关专业",8-12K·13薪,合肥,,2026-06-03 13:02:34
7781e0b8846d7ee30nd83NS8GFBQ,监控系统工程师,信悦科技,20-99人,计算机服务,本科,1-3年,,7-10K·14薪,合肥,,2026-06-03 13:02:34
a1ad9f74c7dcb91b0Hd-2t28F1E~,运维工程师（需经常出差）,安徽慧软科技,100-499人,医疗健康,本科,3-5年,"运维监控, 运维工程师",6-11K·13薪,合肥,,2026-06-03 13:02:34
3ec1eb8fccd811860nV529S5FlRU,软件运维工程师,荣坤新能源,20-99人,光伏,本科,1-3年,,5-7K,合肥,,2026-06-03 13:02:34
621e394a1defc2240nV_3Nq8E1dU,运维工程师,安徽震博科技工程,0-20人,其他行业,大专,1-3年,,3-6K,合肥,,2026-06-03 13:02:34
d6cbc01bfffc7d521HZz2NS0FlpR,运维工程师,数智建造,100-499人,计算机服务,本科,1-3年,,8-10K,合肥,,2026-06-03 13:02:34
4ad2a3b5b7ca200f03d82tS8EVFV,MES运维工程师,合肥恒通智能科技,100-499人,自动化设备,大专,1-3年,,7-9K,合肥,,2026-06-03 13:02:34
f804f8efd629495f0nB_3tW6E1ZS,电力运维工程师,慧能热力,20-99人,其他生活服务,中专/中技,1年以内,,6-7K,合肥,,2026-06-03 13:02:34
a457b3357a2787a71nF72dm6GFZS,初级运维工程师,爱吉泰克,20-99人,计算机软件,学历不限,经验不限,"系统运维, Windows, Linux, 服务器配置, 网络协议, Nginx, Tomcat, Oracle",4-9K,合肥,,2026-06-03 13:02:34
d1b64e7c8609eaf61XV-2tW5GFpS,华为云运维工程师,旭尼智能科技,0-20人,智能硬件,大专,3-5年,"服务器配置, 安全运维, 大数据运维, 负载均衡技术, MySQL",5-10K,合肥,,2026-06-03 13:02:34
b6be4de8480356df0nZ-2N24FFtV,运维工程师,益丕基,20-99人,计算机软件,本科,3-5年,"实施交付运维, 大数据运维经验, 运维开发经验, 计算机相关专业, 网络安全相关经验, 运维经验",12-24K,合肥,,2026-06-03 13:02:34
4b4c97fd0884021c1XVy0tq5EFVU,运维工程师,千诺,20-99人,信息安全,大专,1-3年,"系统运维, 计算机相关专业, 通信相关专业, 运维经验",5-10K,合肥,,2026-06-03 13:02:34
836c83cc97d7befd1XR-39y9GFRS,智能化运维工程师,三时,0-20人,计算机服务,本科,1-3年,"机房运维, 系统运维",5-8K,合肥,,2026-06-03 13:02:34
6f4d0ab5ee3b9d370nVy2di7FlNT,运维工程师,青岛尚丰盛科电力工程,0-20人,光伏,大专,3-5年,,8-10K,合肥,,2026-06-03 13:02:34
d2363f973345bac90nd429W5GVZR,运维工程师,合肥淡泊网络科技,20-99人,通信/网络设备,大专,1-3年,,6-7K,合肥,,2026-06-03 13:02:56
92778b415becff070nB-2dS0EVZR,桌面运维工程师（外包）,作业帮,10000人以上,互联网,大专,3-5年,,4-6K,合肥,,2026-06-03 13:02:56
eb574f037ccaa8881XR539q0FVdT,烽火IT运维工程师,中通服,10000人以上,互联网,大专,经验不限,"Java, SQL, 服务器配置, 虚拟机技术, 网络交换技术, Linux, MySQL, SQL Server",4-5K,合肥,,2026-06-03 13:02:56
bc9a58dae10884dd03R42Ny4GVZV,运维工程师（上三休二）,中杰科技,100-499人,信息安全,大专,经验不限,"计算机相关专业, IDC机房运维",3-4K,合肥,,2026-06-03 13:02:56
348f8b2a59953e810nB43tS1GVZY,运维工程师,南京海蕴通信息科技,20-99人,通信/网络设备,本科,1-3年,,8-12K,合肥,,2026-06-03 13:02:56
0cd5b637071047651XN_0t-8EVBQ,初中级运维工程师,钛信,20-99人,互联网,本科,1年以内,"系统运维, 运维开发/DevOps, 实施交付运维, Python/Shell, Ansible/Salt/Puppet, Kubernetes, 计算机相关专业",7-12K,合肥,,2026-06-03 13:02:56
3ef4431aab919cb703B539i5EVdX,智能交通运维工程师,三慧科技,0-20人,企业服务,大专,3-5年,系统运维,6-7K,合肥,,2026-06-03 13:02:56
ac8d323115601eb20nB_29q-F1pZ,运维工程师,上海荼零科技有限公司,0-20人,互联网,本科,3-5年,,5-10K,合肥,,2026-06-03 13:02:56
d70ae566c12893ac03V42968FlZS,服务器运维工程师,安徽创璟,0-20人,计算机服务,大专,1-3年,"通信相关专业, 大数据运维经验, 系统运维, 运维经验, IDC机房运维",6-7K,合肥,,2026-06-03 13:02:56
b40db8548e6cff5103N629m6EVBT,运维工程师,信助视听,0-20人,智能硬件,中专/中技,1-3年,智能化,5-7K,合肥,,2026-06-03 13:02:56
ee96236276ec73050nd_29S4E1VU,高级运维工程师（储备）,晶奇网络,500-999人,计算机软件,本科,5-10年,运维经验,13-18K,合肥,,2026-06-03 13:02:56
05707024cf23adce0nZ53t24E1RZ,车联网 - devops运维工程师,德勤,10000人以上,咨询,本科,5-10年,,12-22K,合肥,,2026-06-03 13:02:56
46579a8ce19ceb121HJ-2d66EVdY,驻点运维工程师,中讯科技,100-499人,电子/半导体/集成电路,大专,1-3年,"网络运维, 系统运维, 实施交付运维",3-6K,合肥,,2026-06-03 13:02:56
b2ed3c69555b37890nRz39m1EVFS,网络运维工程师,依网科技,500-999人,通信/网络设备,本科,3-5年,,10-15K,合肥,,2026-06-03 13:02:56
573e54c0ef6369f30nd50tW9FlNZ,运维工程师,中科视界,100-499人,通信/网络设备,本科,3-5年,,5-10K·14薪,合肥,,2026-06-03 13:02:56
3d6d4228756574970nV80968GFZX,医疗运维工程师,安徽九阵,20-99人,医疗健康,本科,3-5年,"实施交付运维, MySQL/Oracle, 系统运维, 计算机相关专业, 运维经验",7-10K,合肥,,2026-06-03 13:03:17
06d107a026569ec003B52t-0EFJR,网络运维工程师,赛福贝特,20-99人,计算机服务,本科,3-5年,"网络运维, 计算机相关专业, 网络安全相关经验",15-20K,合肥,,2026-06-03 13:03:17
99d415d6eea732fe1HV92t-6FVFY,系统运维工程师,品尚信息,20-99人,计算机软件,本科,3-5年,"运维开发/DevOps, Docker, Nginx, 计算机相关专业, 运维开发经验, k8s, JAVA开发",6-10K,合肥,,2026-06-03 13:03:17
8244d80ca2ceeb080nVz29y_FVJY,软件运维工程师,力高新能源技术,500-999人,新能源汽车,本科,3-5年,"系统运维, 计算机相关专业, erp, ERP, ERP运维, wms, erp运维",10-15K,合肥,,2026-06-03 13:03:17
553867bd3cb2d0690nV43dS4FFtS,电力系统运维工程师,安徽新理念,100-499人,计算机服务,大专,3-5年,系统运维,3-5K,合肥,,2026-06-03 13:03:17
a7bd2f476020d97e03B53N-6FlNV,资深运维工程师,SenseTime,1000-9999人,计算机软件,本科,3-5年,"Nginx, 网络运维, Elasticsearch, MySQL/Oracle, Docker, 大数据运维经验, 系统运维, 运维开发经验, 运维开发/DevOps, 网络安全相关经验, 运维经验, Kubernetes",7-9K,合肥,,2026-06-03 13:03:17
978105b1a26377cd1Hx53ty0ElNV,DevOps SRE工程师/运维工程,联蔚数科,1000-9999人,计算机服务,本科,3-5年,"Docker, 系统运维, 运维开发/DevOps",18-26K,合肥,,2026-06-03 13:03:17
0060f4111068cbf00nV82Nu-GVJR,运维开发工程师,合肥市先进科学计...,20-99人,人工智能,本科,3-5年,Golang,10-15K,合肥,,2026-06-03 13:03:17
d9abb3fdb2cf711f031y0tS_ElJX,运维工程师,安徽顺捷合盟数字科技,0-20人,互联网,硕士,1-3年,,10-11K,合肥,,2026-06-03 13:03:17
c2fd717cd741845b0nd52tu-EFdX,全栈工程师（跨境ERP系统）,合肥航骐网络科技,20-99人,电子商务,本科,3-5年,,10-12K·13薪,合肥,,2026-06-03 13:03:17
dcba8c09d9a3d7420nV82t24EVpX,驻点运维工程师,海博数智,20-99人,计算机服务,大专,1-3年,"系统运维, 桌面运维, 计算机相关专业, 运维经验, 应用运维",4-6K,合肥,,2026-06-03 13:03:17
6c9e5e7990cb898503V72dq4GFdZ,运维工程师,奇硕电气,20-99人,大数据,大专,3-5年,"系统运维, 电子/电气/自动化相关专业",5-9K,合肥,,2026-06-03 13:03:17
f33b044ad0cc7a200nZ42tq0GVZV,电力配网运维工程师,亿莱克电气,20-99人,电力/热力/燃气/水利,学历不限,1-3年,,6-8K,合肥,,2026-06-03 13:03:17
d6cb2ab902d6106e03Z60tS7GFJX,网络运维工程师,国联科技,20-99人,计算机软件,本科,1-3年,"实施交付运维, 大数据运维经验, 系统运维, 桌面运维, 计算机相关专业, 沟通能力强, 运维经验",6-8K·13薪,合肥,,2026-06-03 13:03:17
2a392c87553fea5c0nB629u7ElpS,初级驻场GPU服务器运维工程师,超梦视影,20-99人,互联网,大专,1-3年,,6-10K,合肥,,2026-06-03 13:03:17
5e1a3e4c260e815d0nB_2du5EltX,系统运管主任工程师(J10172),显耀显示,500-999人,半导体/芯片,本科,3-5年,,15-25K·13薪,合肥,,2026-06-03 13:03:40
70c5100dafb1b5cc1HR83tm7E1NV,云网工程师（存储备份运维）,同信达信息科技,0-20人,互联网,大专,1-3年,"系统运维, DBA, 计算机相关专业, 运维经验, 大数据运维经验, 存储, 备份",7-12K·14薪,合肥,,2026-06-03 13:03:40
8307aa741602096e0nd62dS0GVBU,运维工程师,鸿安信电子,20-99人,新材料,大专,1-3年,,6-9K,合肥,,2026-06-03 13:03:40
b4f5514ce6d66c0c03N52928FFRZ,光伏运维工程师,中鑫富能,20-99人,电力/热力/燃气/水利,大专,3-5年,,10-15K,合肥,,2026-06-03 13:03:40
05374a3c1eb429610Hd73di0EVE~,售后服务工程师,安徽创智杰,20-99人,互联网,大专,1-3年,"运维工程师, 系统运维, 网络运维, IT技术支持, 桌面运维",3-6K,合肥,,2026-06-03 13:03:40
be1411a7580691870nZ-3920EVFV,运维工程师,劲凌,20-99人,计算机软件,大专,经验不限,,4-8K,合肥,,2026-06-03 13:03:40
8d389b047578077f0nd_3t24EVVX,运维工程师,合肥市人力资源服务,100-499人,其他生活服务,大专,1-3年,"IDC机房运维, 电子/电气/自动化相关专业, 运维经验",6-7K,合肥,,2026-06-03 13:03:40
d86eae8bd83d6f5403d-2tW-EFRV,Java运维工程师,鼎校教育,500-999人,人工智能,本科,1-3年,,8-12K,合肥,,2026-06-03 13:03:40
6561ca2e356ef84b1XN-2tq5FlVW,运维工程师,安徽三三四四,20-99人,计算机软件,大专,1-3年,"系统运维, 计算机相关专业, 通信相关专业, 运维经验",4-8K,合肥,,2026-06-03 13:03:40
f8e48210e217251503V53t61FlNU,弱电运维工程师,合肥东数网络,0-20人,通信/网络设备,中专/中技,3-5年,"网络运维, 计算机相关专业, 运维经验, 网络安全相关经验",6-10K,合肥,,2026-06-03 13:03:40
de014c74f18909921H1829q4GFBR,运维工程师,苏州捷报智能科技,0-20人,电子/硬件开发,大专,,系统运维,120-150元/天,合肥,,2026-06-03 13:03:40
e3d152387e4bbd590nR539y6F1NT,运维工程师,鑫都,20-99人,通信/网络设备,本科,1-3年,"系统运维, 运维开发/DevOps, Java, Ansible/Salt/Puppet, 计算机相关专业, SQLServer, k8s, wed",13-19K,合肥,,2026-06-03 13:03:40
782362b83ca1f6d20nB73NW1EFNZ,环保大数据运维工程师,东晟环保科技,100-499人,环保,硕士,3-5年,,9-12K,合肥,,2026-06-03 13:03:40
3ce49272326bdd921n163dm7GVBX,运维工程师,同大智能,0-20人,工程施工,大专,1-3年,监控系统运维,4-6K,合肥,,2026-06-03 13:03:40
5f6228f0a5285f191XB53tS4FVpT,运维工程师,徽赫科技,20-99人,通信/网络设备,大专,1-3年,"网络运维, 实施交付运维, MySQL/Oracle, 系统运维, 一卡通, 智慧校园, 计算机相关专业, 网络安全相关经验, 运维经验",4-8K,合肥,,2026-06-03 13:03:40
fa7752b7f484c0751HN63N24GVJQ,系统运维工程师,中科卫星,100-499人,通信/网络设备,本科,3-5年,遥感卫星,7-12K·13薪,合肥,,2026-06-03 13:07:48
e06da6059e5a5d721HB53Ni9FlpU,电力配网运维工程师,安徽弘丰电力工程技术,20-99人,其他生活服务,学历不限,经验不限,"网络运维, 系统运维, 运维开发/DevOps, 计算机相关专业, 网络安全相关经验, 运维经验",8-13K,合肥,,2026-06-03 13:07:48
f50fb72a3d8d83c70nZz0tW_FFVV,现场运维工程师（驻场/长期出差）,上海展湾信息科技,100-499人,计算机软件,本科,3-5年,"实施交付运维, Docker, MySQL/Oracle, Linux, Python/Shell, 计算机相关专业, 运维经验, Kubernetes",10-15K·13薪,合肥,,2026-06-03 13:08:07
8078a77a71c8ef530nB63du7FlpX,驻场运维工程师,嘉为科技,500-999人,计算机服务,本科,5-10年,"系统运维, 实施交付运维, Docker, Kubernetes",10-15K,合肥,,2026-06-03 13:08:07
b550a80c7fa5b9dc03N43dq7FVtZ,运维工程师--双休,合肥讯百,0-20人,计算机软件,大专,在校/应届,"系统运维, 计算机相关专业, 大数据运维经验",3-5K,合肥,,2026-06-03 13:08:07
fe4de1ab67946aae03Jy3tS9GVNZ,高级运维工程师-驻场,北京新方,100-499人,运营商/增值服务,大专,5-10年,"shell, linux, 呼叫中心",10-15K,合肥,,2026-06-03 13:08:07
1cc7f002259356ed0nB_39u-FFZU,兼职运维工程师,厦门星鹭启元机器...,20-99人,专用设备,大专,1年以内,"系统运维, 实施交付运维, 计算机相关专业, 通信相关专业, 电子/电气/自动化相关专业, 运维经验",25-40元/时,合肥,,2026-06-03 13:08:28
bc85f1baee5a848d0nV-09i9FFtT,运维工程师助理,恢弘科技,100-499人,电气机械/器材,本科,1-3年,,6-8K,合肥,,2026-06-03 13:08:28
f0f21d28267e7ecf0nd_39u9FldQ,运维工程师,城市云,100-499人,大数据,大专,5-10年,"系统运维, 运维经验",8-12K,合肥,,2026-06-03 13:08:28
bf2d1b3339b22c6c03Nz09W1GVRX,实施运维工程师（电网）,云控信息,100-499人,计算机软件,本科,3-5年,"阿里云, 实施交付运维, Docker, MySQL/Oracle, 系统运维, 中间件, Redis, 计算机相关专业, 运维经验, Kubernetes",6-10K,合肥,,2026-06-03 13:08:28
8cc5552377c994f803Fy2ty8FlRV,电力运维工程师,东哲电力,0-20人,电子/半导体/集成电路,大专,1-3年,"DTU, 配电自动化, 电子/电气/自动化相关专业, 运维经验",7-12K,合肥,,2026-06-03 13:08:49
edae5e8a157e49a60ndy2965FlJW,运维交付工程师,深圳优维科技有限公司,100-499人,互联网,本科,1-3年,,8-13K,合肥,,2026-06-03 13:08:49
9bd80bebf288d3011Hxz2t-9FltW,电力运维工程师,安徽徽诚达,20-99人,回收/维修,高中,1-3年,"系统运维, 需要有电工高压证书或低压证书，登高证书, 需要能经常出差的人员",9-10K,合肥,,2026-06-03 13:08:49
7bc86d5b16f635b40nB73di4GFBZ,实习-运维工程师【2027届合肥】,天源迪科,1000-9999人,计算机软件,本科,,,150-180元/天,合肥,,2026-06-03 13:08:49
fcbf8809998152da031939-5FVZR,运维工程师,烽业科技,0-20人,计算机服务,大专,经验不限,"网络运维, 系统运维, 计算机相关专业, 通信相关专业, 运维经验",4-6K,合肥,,2026-06-03 13:08:49
ad3ad7ce5862abfb0nB839m6FVRS,运维开发工程师,华苏科技,1000-9999人,互联网,本科,5-10年,Python/Shell,10-11K,合肥,,2026-06-03 13:09:09
d6d552764808919303V829m5F1pY,智能化运维工程师,安立讯科技,0-20人,机电工程,大专,1-3年,"网络运维, 系统运维, IDC机房运维",7-10K,合肥,,2026-06-03 13:09:09
c0e6b556c9a6220a03Zz2NS0E1dV,中高级运维工程师,合肥鸿贸优品电子商务,20-99人,互联网,本科,1-3年,,10-14K·13薪,合肥,,2026-06-03 13:09:09
587532f9bcd716ea0nd429S9FFFU,运维工程师,安徽烈阳光伏新能源,100-499人,光伏,大专,1年以内,,4-8K,合肥,,2026-06-03 13:09:09
6b7f9a74d13e000f03x_0966ElFS,软硬件运维工程师,水贝甜,500-999人,批发/零售,学历不限,1-3年,"网络运维, 系统运维, 软件运维",5-6K,合肥,,2026-06-03 13:09:09
c77517ebe69936a403192t-5EVdZ,mes运维工程师,合肥国轩电池科技,10000人以上,动力电池,本科,3-5年,"数据库、通讯协议, 通信相关专业, 计算机相关专业, 运维经验",8-13K·13薪,合肥,,2026-06-03 13:09:31
143c9d024dea506b1nNz3tS5EFFT,高级IT运维工程师,国仪量子,500-999人,仪器仪表,本科,5-10年,"安全运维, 网络交换技术, 网络协议, Python, 运维通信资格证书",9-12K,合肥,,2026-06-03 13:09:31
869f62dfc66bd0de0nd_39-8EFdS,系统集成工程师,岑锋科技,20-99人,仪器仪表,本科,1-3年,"电路设计, 弱电系统集成经验, 仪器仪表行业, 通讯协议, PLC开发",9-13K,合肥,,2026-06-03 13:09:31
b6791a0019933a0f0nB40927F1ZU,实施运维工程师（外包）,维泰铭,100-499人,计算机服务,本科,1-3年,"网络运维, Python/Shell, MySQL/Oracle",6-7K,合肥,,2026-06-03 13:09:31
9606c296908edd6f1X173dq6EVZU,水处理运维技术员（合肥）,高频科技,100-499人,环保,学历不限,1年以内,水处理运维,6-8K,合肥,,2026-06-03 13:09:31
47a56d8bb9b9a4bf0nB62N-_E1ZS,环境在线运维工程师,简扬环保,0-20人,环保,大专,3-5年,,6-8K,合肥,,2026-06-03 13:09:54
45f728b8301be2950ndy3tW-FFFS,运维工程师,安徽羽格,0-20人,通信/网络设备,大专,1-3年,"系统运维, 计算机相关专业, 通信相关专业",4-9K,合肥,,2026-06-03 13:09:54
a654257d69fccb4203Jz3tu1E1tR,中高级运维工程师,猿代码科技,0-20人,计算机软件,大专,3-5年,"网络运维, Nginx, DBA, MySQL/Oracle, Docker, 系统运维",8-10K,合肥,,2026-06-03 13:10:15
f0641b311193154e03F929q0EVVW,云原生运维工程师,分时科技,20-99人,互联网,本科,5-10年,"运维开发/DevOps, 网络运维, 系统运维, Python/Shell, Golang, 计算机相关专业, 运维开发经验, 运维经验",12-15K,合肥,,2026-06-03 13:10:15
ca1d864e57b69f560nZ93dS_E1RQ,校招-IT工程师-桌面运维（base合肥）,易点云,1000-9999人,企业服务,本科,1年以内,,8-9K,合肥,,2026-06-03 13:10:15
b548ed5f6e7af23e03N82tS0GFtQ,运维工程师,英特费斯,20-99人,计算机服务,本科,1-3年,"Java, 实施交付运维, 系统运维, 运维开发经验, 计算机相关专业, 运维经验",8-12K,合肥,,2026-06-03 13:10:15
28227ebd4e4b2fd403Jy0tq-F1RS,安防运维工程师,中新云,20-99人,计算机软件,大专,1-3年,,5-7K,合肥,,2026-06-03 13:10:15
0ab46e180c9cd5d00nB82dS6FltS,运维工程师,明坦科技,20-99人,信息安全,本科,3-5年,"MySQL/Oracle, 系统运维, 计算机相关专业",6-8K,合肥,,2026-06-03 13:10:15
395fc7116ed533ee03Bz3d-7E1VZ,项目技术支持工程师,航谱时代,20-99人,专用设备,本科,1-3年,"Java, 通信相关专业, 系统运维, Python/Shell, 计算机相关专业, 电子/电气/自动化相关专业",8-13K,合肥,,2026-06-03 13:10:37
c9fdad9674add7cc03x829-5GFJS,运维工程师,安徽博思锐信息科技,20-99人,计算机服务,大专,经验不限,,4-8K,合肥,,2026-06-03 13:10:37
ce88a57c5d2765530nB_0ty8ElpQ,智慧小区运维工程师（合肥）,安徽省通信产业服务,20-99人,通信/网络设备,大专,1-3年,,4-6K,合肥,,2026-06-03 13:10:37
3e21777d6f39f5691Xxy3Nm6EVRT,运维工程师,中科晶格,100-499人,互联网,本科,3-5年,"网络运维, 系统运维, 计算机相关专业, 运维经验, 大数据运维经验, ocker、k8s、zabbix, 网络管理",8-12K,合肥,,2026-06-03 13:10:37
172588c275282f4303Fz29y4FlBY,运维工程师,安徽禾顺信息科技,20-99人,计算机/通信/其他电子设备,大专,经验不限,,5-10K,合肥,,2026-06-03 13:10:37
f2930358f2003de10nd539u0EFtV,运维工程师,瑞芸新能源,100-499人,其他新能源,大专,1-3年,"系统运维, Java, 计算机相关专业, 通信相关专业, 电子/电气/自动化相关专业, 运维经验",6-8K,合肥,,2026-06-03 13:10:59
75764b408254a9b60nd-2NW9GFNY,运维工程师,奇光泛海数字科技,100-499人,社交网络与媒体,本科,3-5年,"网络运维, 海外平台经验, 大数据运维经验, 运维开发经验, 计算机相关专业, 网络安全相关经验, 运维经验",12-20K,合肥,,2026-06-03 13:10:59
6595bcd96945be520nR-2di_EFJQ,服务器运维工程师,亚康万玮,1000-9999人,互联网,大专,1-3年,IDC,6-8K,合肥,,2026-06-03 13:16:08
d6b93217f3d4e7040nZ72t66EVdR,运维工程师（双休＋五险一金）,中科亿能,20-99人,电力/热力/燃气/水利,大专,1-3年,"系统运维, 网络运维, 实施交付运维, 运维经验, 二级注册消防工程师, 一级注册消防工程师",5-10K,合肥,,2026-06-03 13:16:08
a5d0297ce93d886b0nB-09m1EltV,存储运维工程师,北京鸿果科技,100-499人,互联网,大专,5-10年,,9-12K,合肥,,2026-06-03 13:16:08
0c9f98bb5735578b0nZ93tS0ElVU,运维工程师,安徽烽瑞,20-99人,通信/网络设备,学历不限,1-3年,"驻点运维, 国网运维, 国家电网, 桌面运维, 桌面",5-8K·13薪,合肥,,2026-06-03 13:16:08
bf316aaf93fb3d6c03Z93N21EltU,系统运维工程师,安徽点都,0-20人,计算机软件,大专,经验不限,,4-6K,合肥,,2026-06-03 13:16:29
f8edf9e40684f20f0nd_2NW_EVFX,IT基础运维工程师,阳光电源股份有限公司,10000人以上,光伏,大专,1-3年,,8-13K,合肥,,2026-06-03 13:16:29
dd2bbfa69276dcc10nB42Nm9EVFX,公安网络视频监控运维工程师,安徽励创,20-99人,通信/网络设备,大专,1-3年,,8-10K,合肥,,2026-06-03 13:16:49
5942a9be5ea9cef31HF729S8EVtZ,高级运维工程师,凝思软件,500-999人,计算机软件,大专,1-3年,"系统运维, 桌面运维, Nginx, 运维经验, Linux, Shell, 容器技术",9-14K,合肥,,2026-06-03 13:16:49
9f6a48ff5014d4460nB_2920GVBT,固定兼职桌面运维工程师,德利信达,100-499人,计算机服务,大专,1-3年,,3-4K,合肥,,2026-06-03 13:16:49
367e52236b0e56ed1Hx82927E1tX,运维工程师,奥伦科技,0-20人,信息安全,本科,3-5年,,8-12K,合肥,,2026-06-03 13:17:10
5277520dfcde8c8a03d92ti4FVNX,it运维工程师,合肥致真精密设备,20-99人,机械设备/机电/重工,本科,3-5年,"网络运维, 桌面运维",6-10K·13薪,合肥,,2026-06-03 13:17:10
e1ef1578c3c48c420nZ_0t2_EVRX,运维工程师,中用科技有限公司,100-499人,人工智能,本科,5-10年,,10-15K,合肥,,2026-06-03 13:17:10
224364926eed504703d52tq6FVdZ,信息运维工程师,福耀玻璃,1000-9999人,汽车零部件,本科,3-5年,"网络运维, 系统运维, 运维开发/DevOps",7-9K,合肥,,2026-06-03 13:17:10
4223166f5b4224e21XR43ty7EFBQ,在线运维工程师,安徽碧水,100-499人,环保,大专,经验不限,在线运维工程师,4-9K,合肥,,2026-06-03 13:17:10
79fd2ebaca95d11b0nB_09-1EltX,系统集成工程师,德瑞,20-99人,信息安全,本科,3-5年,,6-10K,合肥,,2026-06-03 13:17:31
0a21333010320e8d03x-29m9EVJU,系统集成工程师,中科大赛悟,20-99人,环保,本科,1-3年,,7-12K,合肥,,2026-06-03 13:17:31
6da41fcdafebf4f6031y0tW_FFZW,网络安全运维工程师,祥源科技,100-499人,检测/认证/知识产权,本科,5-10年,,8-12K,合肥,,2026-06-03 13:17:31
2cfdb3c242efd1411HB-2Nu0EVZQ,中级运维工程师,炬视科技,20-99人,人工智能,本科,3-5年,"Nginx, 实施交付运维, MySQL/Oracle, Redis, 计算机相关专业, 电子/电气/自动化相关专业, 运维经验",7-12K,合肥,,2026-06-03 13:17:53
46bb7c832d0b1f1f03N-3ti6EFBW,系统运维工程师（驻场）,坤源恒泰,20-99人,互联网,大专,1-3年,"网络运维, 系统运维, 桌面运维, 计算机相关专业, 运维经验, 网络安全相关经验",3-6K,合肥,,2026-06-03 13:17:53
09e944ce6881349c1nF-3t-7EVVT,服务器运维工程师,网新科技集团有限公司,1000-9999人,互联网,本科,1-3年,"系统运维, 安全运维, 机房运维, 服务器配置",7-12K·13薪,合肥,,2026-06-03 13:17:53
f8b62f20bc7bd0110nV60tW0FFdT,运维工程师,顺丰同城科技,100-499人,生活服务(O2O),本科,1-3年,,6-8K,合肥,,2026-06-03 13:17:53
261d87eb4d2d93da03xy3t61GVNS,中高级运维工程师,合肥市蜀山区易维...,0-20人,电子商务,本科,3-5年,,10-15K,合肥,,2026-06-03 13:17:53
d6a9d3a916f5667e0nB53du9GVNZ,软件实施运维工程师,安徽焱蓝智益科技,0-20人,通信/网络设备,本科,1-3年,,6-8K,合肥,,2026-06-03 13:17:53
cc5400fa1bfa96920nZ90921EldT,EDA运维工程师,宏芯宇电子,1000-9999人,半导体/芯片,本科,3-5年,,10-15K,合肥,,2026-06-03 13:18:13
9a6a164520f547251nR63tW-EFBT,信息系统监理工程师,山东正中,20-99人,信息安全,本科,经验不限,"注册监理工程师, 安防监控、软件、IT, 监理公司, 接受无工程监理经验, 1-3年工程监理经验, 5年以上工程监理经验, 中级监理工程师职称, 3-5年工程监理经验, 需要长期出差/驻场, 工程监理, 1年内工程监理经验",3-8K,合肥,,2026-06-03 13:18:13
9afd88eadb7d860d0ndz2NW4E1ZX,多媒体工程师,环球晶点科技,20-99人,广告/公关/会展,学历不限,经验不限,"网络运维, 桌面运维, 系统运维, IDC机房运维, 运维开发/DevOps, 计算机相关专业, 运维经验, 网络安全相关经验, 大数据运维经验, 打印机/复印机维修经验",4-8K,合肥,,2026-06-03 13:18:13
405711dd51fe6f6d1XR62t6_GVRQ,硬件运维工程师,北京极智嘉科技,100-499人,机械设备/机电/重工,大专,经验不限,"机电一体化, 长期出差, 电气自动化",6-9K·13薪,合肥,,2026-06-03 13:18:13
999f6b69b6d60f9303d92tu6EFJX,桌面运维工程师,北京能科瑞元有限公司,1000-9999人,互联网,大专,3-5年,"桌面运维, 运维经验",5-6K,合肥,,2026-06-03 13:18:13
32b0b5a33b8f9f431HJ_3N-5GFc~,运维工程师实习生,泰鑫科技,0-20人,信息安全,大专,1年以内,"机房运维, 系统运维, 网络",4-6K,合肥,,2026-06-03 13:18:34
1cff0e03e583582f031_3di8ElZU,RTD运维工程师,上海视涯技术有限公司,500-999人,半导体/芯片,本科,3-5年,,20-40K·14薪,合肥,,2026-06-03 13:18:34
97ab27f2a27180720nZy3dW6EVJY,OCP虚拟化实施运维工程师OpenShift、Kasten,安徽云序软件,0-20人,计算机软件,本科,1-3年,,11-20K,合肥,,2026-06-03 13:18:55
4393198a991b22d81HJ_2d27FFVV,高薪+网络运维工程师（项目经理),一联科技,0-20人,其他专业服务,大专,1-3年,"软硬件, 系统集成, 系统维护",5-6K,合肥,,2026-06-03 13:19:16
0d8419a6416a34951nB-3d-9E1ZZ,运维工程师--13薪,辰图大数据,100-499人,信息安全,本科,1-3年,"安全运维, 虚拟化运维, Linux, Windows, SQL, Delphi, SQL Server, 网络工程师证",4-9K,合肥,,2026-06-03 13:19:16
cf59c75cc883d0ff1XV939q8F1dR,桌面运维工程师,合能公司,20-99人,计算机硬件,高中,经验不限,Windows,3-6K·13薪,合肥,,2026-06-03 13:19:16
2b27f14258d6fb8203Ry3dm7ElVQ,光储系统运维工程师,安徽晶晨能源有限公司,100-499人,光伏,大专,1-3年,"实施交付运维, 电子/电气/自动化相关专业",5-8K,合肥,,2026-06-03 13:23:23
fa27b7f9ecc555170nB82dq_F1VY,运维工程师（驻场讯飞-长期）,人瑞网络科技,10000人以上,计算机硬件,本科,3-5年,,13-17K,合肥,,2026-06-03 13:23:43
3375e761513223de0nZ83ty8FFNQ,运维工程师,合肥星际新能源科...,100-499人,光伏,大专,1-3年,,6-7K,合肥,,2026-06-03 13:23:43
fb0451fcbc05b67f0nZ53t-9ElVQ,运维工程师（可实习）,中水三立,100-499人,电力/热力/燃气/水利,大专,经验不限,,3-5K,合肥,,2026-06-03 13:24:05
c6ecfac14daeddf903F_2NS5FFNR,实施工程师（软件）,理想科技,100-499人,计算机软件,本科,3-5年,"软件实施, 运维开发/DevOps, Redis, Python/Shell, 计算机相关专业, 运维经验, 实施交付运维, Docker, MySQL/Oracle, 系统运维, 软件, 运维开发经验, 项目交付, Kubernetes",10-15K,合肥,,2026-06-03 13:24:27
138560a9ea519d1a0nd42du7E1FY,高级IT运维开发工程师,中电信量子集团,500-999人,通信/网络设备,本科,5-10年,,20-30K,合肥,,2026-06-03 13:24:27
93d24b9e96572ab603x63Ni4E1ZR,实施运维工程师,高维数据,20-99人,信息安全,本科,1-3年,,8-13K,合肥,,2026-06-03 13:24:48
afaf18627eeb0ecd0nV609W4F1JW,运营商-中高级运维工程师-合肥,科大讯飞,10000人以上,互联网,本科,5-10年,Kubernetes,14-22K·14薪,合肥,,2026-06-03 13:24:48
37161a60996b34ad031y3N-9EldR,运维工程师,东信软件,500-999人,计算机软件,本科,3-5年,运维经验,7-10K,合肥,,2026-06-03 13:25:10
846b97d917fc6dd30nV709y9F1JY,驻场系统运维工程师,国科安芯,0-20人,互联网,本科,1-3年,"网络运维, MySQL/Oracle, Python/Shell, 计算机相关专业, 电子/电气/自动化相关专业, 网络安全相关经验, 运维经验",4-6K,合肥,,2026-06-03 13:25:52
0f793bd8454ff6f403B42NW7ElVR,环保运维工程师,合肥动登环保科技,0-20人,其他专业服务,大专,1-3年,"系统运维, 实施交付运维",5-8K·13薪,合肥,,2026-06-03 13:25:52
dcdc67d0befd94b10nV93tm7EFZZ,储能电站运维工程师,汉星智储,100-499人,储能,大专,1-3年,"运维经验, 储能电站, 330kv",5-10K,合肥,,2026-06-03 13:25:52
d141d4d8ec78613f03183tu8GVNV,装配运维工程师,恒研智能科技,20-99人,计算机硬件,本科,1-3年,"计算机相关专业, 通信相关专业, 运维开发经验, 运维经验",5-7K,合肥,,2026-06-03 13:26:14
41e6928cc130bdd00nB439-7FVVR,GCMS运维工程师,安徽中科,20-99人,检测/认证,大专,1-3年,出差,6-9K,合肥,,2026-06-03 13:26:14
cc338c1c32b57a421HR-396_ElVZ,浪潮 erp 运维工程师（五险一金+双休）,安徽小天才软件科...,20-99人,计算机软件,本科,经验不限,"erp, MySQL/Oracle, 系统运维",5-7K,合肥,,2026-06-03 13:26:35
5a0904c0018e9d380nd_0tm_ElFY,运维开发工程师,踏歌智行,100-499人,人工智能,本科,5-10年,"Java, Docker, Kubernetes, 运维开发经验, 网络安全相关经验",15-20K·15薪,合肥,,2026-06-03 13:26:35
4cd95850faa51c0f0nB-0tS0EFtW,固定兼职桌面运维工程师,捷尔讯,100-499人,计算机服务,大专,1-3年,,5-6K,合肥,,2026-06-03 13:31:43
04761c0c833612fb0nB42NS4GFNY,idc机房运维工程师,中安润微,100-499人,计算机软件,大专,1-3年,IDC机房运维,5-6K,合肥,,2026-06-03 13:31:43
49b0232a8fc52bb80nB42Nu-FFdV,系统运维工程师,润宇科技,100-499人,计算机软件,本科,经验不限,"系统运维, 实施交付运维, 运维开发/DevOps, 计算机相关专业, 运维经验, 运维开发经验",6-9K,合肥,,2026-06-03 13:32:24
76e430e5c24be3430nB_0t67FVBS,供配电运维主管工程师,维谛技术,1000-9999人,通信/网络设备,大专,3-5年,"IDC机房运维, 数据中心供配电系统运维",9-11K·13薪,合肥,,2026-06-03 13:32:24
f793435c9d4374bf0nZ-3dy1GVpU,技术运维工程师（智能畜牧）,百得思维,1000-9999人,计算机软件,本科,5-10年,"弱电项目, 智能化项目",5-10K,合肥,,2026-06-03 13:32:24
226792d306aad7910nZ-39W1FlFU,系统运维工程师,安徽朗华光电环境科技,0-20人,通信/网络设备,本科,1-3年,,4-8K,合肥,,2026-06-03 13:32:24
a6b6966af326a3021HB42N6-FVdX,电气运维工程师,艾瑞信,100-499人,通信/网络设备,大专,1-3年,"机房运维, 安全运维, 大数据运维",9-11K,合肥,,2026-06-03 13:32:44
614ca3cb96bd5a780nd-2dm4FFRV,运维工程师,合肥捷护机电设备,0-20人,通用设备,大专,3-5年,"系统运维, 空调维保",100-180元/天,合肥,,2026-06-03 13:33:06
a338ae73bfe3149b1XF409y5EFpR,预算管理一体化系统软件运维服务工程师,易百互联,20-99人,计算机软件,大专,1-3年,会计,5-8K,合肥,,2026-06-03 13:33:06
e679101cf4d5a5aa03R_29u9FFpY,运维工程师（合肥）,安徽恒灿,20-99人,通信/网络设备,大专,经验不限,"网络运维, HCIP, 系统运维, 无线安全, 桌面运维, IDC机房运维",4-7K,合肥,,2026-06-03 13:33:25
a0193eeeeb3af3b403dy2ty0EltU,驻场会议系统运维工程师,中科信创,20-99人,计算机服务,大专,1-3年,"系统运维, 计算机相关专业",5-8K,合肥,,2026-06-03 13:33:25
f0ed5e4a110718950nd_2dW_GFNS,运维工程师,上海礼聪,20-99人,互联网,本科,3-5年,,11-14K,合肥,,2026-06-03 13:34:10
20415fcda26eae8b0ndy39u-E1ZT,智慧小区运维工程师,合肥智蜂达宸网络技术,20-99人,计算机软件,大专,经验不限,,4-8K,合肥,,2026-06-03 13:34:31
ee6527105e61444c0nZ53Nu9F1NS,运维工程师,川西数据,20-99人,互联网,大专,1-3年,,6-8K,合肥,,2026-06-03 13:34:52
09d60c2520f60b8a0nV92di5F1dV,运维工程师,智瞻科技,100-499人,计算机软件,本科,3-5年,"计算机相关专业, 电子/电气/自动化相关专业, 运维经验",6-8K,合肥,,2026-06-03 13:34:52
013987cea5fb456503J82tW9FFRZ,运维工程师,安徽中业智禾科创服务,100-499人,互联网,大专,在校/应届,,10-11K,合肥,,2026-06-03 13:40:20
1ed7550af026f55703N82t27FFpU,系统运维工程师,机数量子,100-499人,互联网,本科,5-10年,,13-20K,合肥,,2026-06-03 13:40:41
8cccf1d5ee3f19870nZ529m1F1NW,中级运维工程师,科能电力,100-499人,计算机软件,本科,3-5年,,8-13K·13薪,合肥,,2026-06-03 13:41:03
97a2876336cd52c30nB609m0FVNV,高级运维工程师,顶展,20-99人,互联网,大专,5-10年,,15-25K,合肥,,2026-06-03 13:41:03
9286f5d26957106f0nB-0ty8GVJY,运维工程师,合肥聚和安全智能科技,0-20人,通信/网络设备,本科,5-10年,"网络运维, 实施交付运维, 系统运维, Python/Shell, 计算机相关专业, 运维经验, IDC机房运维",6-10K,合肥,,2026-06-03 13:41:03
65d54ebfb20ebea90nV_3d60FVRV,数据中心运维工程师,艾瑞信,100-499人,大数据,中专/中技,1-3年,"IDC机房运维, 高压证",4-5K,合肥,,2026-06-03 13:41:03
3fd38d308ec9472e03J629S0EVVZ,高级系统运维工程师,安徽燊睿琳科技,0-20人,计算机软件,本科,3-5年,,7-12K,合肥,,2026-06-03 13:41:25
64489470b95548ab0nB53Nu9EVNS,技术运维工程师,安徽中技国医医疗科技,1000-9999人,计算机软件,本科,1-3年,,6-9K·13薪,合肥,,2026-06-03 13:41:25
cafe0e8f88f143a903V_09S4ElZS,系统运维工程师,赛尔网络,1000-9999人,互联网,本科,1-3年,,7-12K,合肥,,2026-06-03 13:41:46
07abdaa57a1bf55d0nB-2t61EVJX,驻场运维网络工程师（中级）,荣联科技集团,1000-9999人,计算机服务,大专,3-5年,,7-12K,合肥,,2026-06-03 13:42:07
a7f6a5afa402b7930nd60ti4FVRS,驻场运维工程师,安徽通合信息科技,0-20人,计算机软件,大专,经验不限,"Java, 网络运维, 实施交付运维, 系统运维, Python/Shell, 计算机相关专业",4-5K,合肥,,2026-06-03 13:42:28
2fbaf5f0b0182ce21HF-2N-7FltU,运维工程师,上海智社诚科技,100-499人,互联网,本科,3-5年,,10-11K,合肥,,2026-06-03 13:42:48
f51bf52450467fe41HN73tW-E1NX,电子智能化系统运维工程师,合聚才信息,0-20人,信息安全,本科,3-5年,"网络运维, 计算机相关专业, 智能化系统运维, 运维经验",7-8K·13薪,合肥,,2026-06-03 13:42:48
bd7d901116f8f0130nB83t26E1FV,运维工程师,点津科技,20-99人,计算机软件,大专,1-3年,"集控系统, 电力",6-8K·13薪,合肥,,2026-06-03 13:48:17
3c5baa678fe074850nR82N64FlBS,运维工程师—合肥总部,科大讯飞股份有限公司,10000人以上,互联网,本科,3-5年,"实施交付运维, 运维经验",10-15K,合肥,,2026-06-03 13:48:38
8067175d2f21346d0nd-39i_E1pX,CIM运维工程师/MES 工程师,长鑫存储,1000-9999人,半导体/芯片,本科,5-10年,"Java, 通信相关专业, MySQL/Oracle, 系统运维, Python/Shell, 计算机相关专业, 电子/电气/自动化相关专业, 运维经验",10-15K·14薪,合肥,,2026-06-03 13:48:59
84963c8eb9008f630ndz2NS-F1VR,多媒体工程师,环球晶点科技,20-99人,广告/公关/会展,学历不限,经验不限,"桌面运维, 网络运维, 系统运维, IDC机房运维, 运维开发/DevOps, 计算机相关专业, 运维经验, 运维开发经验, 网络安全相关经验, 打印机/复印机维修经验",4-8K,合肥,,2026-06-03 13:50:04
e650d51c338e21f71X1_3dy4GFJV,实施运维工程师,安徽优航,100-499人,智能硬件,大专,1-3年,"系统运维, 实施交付运维, 网络运维",4-8K,合肥,,2026-06-03 13:50:04
eb296891782b96e90nV82t68EFdZ,海外售后运维工程师,通盛能源,100-499人,储能,大专,1-3年,,13-15K,合肥,,2026-06-03 13:50:26
d6f46a3f1f3196641XJ82dm4FlNZ,智能化运维工程师,东达创科,20-99人,通信/网络设备,大专,经验不限,实施交付运维,5-10K,合肥,,2026-06-03 13:50:47
eed644abaefa85011Hx-09S0ElRV,数通运维工程师主管,安徽创智云融信息科技,20-99人,通信/网络设备,大专,10年以上,"网络运维, 运维经验, 运维开发经验, 网络安全相关经验",7-12K,合肥,,2026-06-03 13:51:09
9f4ff571a164fd1703Bz09q8EFRU,经开区招运维工程师（自研大数据）,亿企查,100-499人,大数据,本科,5-10年,"IDC机房运维, Python/Shell, Elasticsearch, 大数据运维经验, LINUX, TIDB",10-13K·13薪,合肥,,2026-06-03 13:51:30
48433f05aa63947d03F-09u1F1NV,驻厂运维工程师,安联顺为,0-20人,互联网,本科,3-5年,"网络运维, 实施交付运维, 系统运维, 桌面运维, IDC机房运维",5-8K,合肥,,2026-06-03 13:51:30
3bf3d313ee96738a0nB82di8FFNV,运维工程师（软集部署),国简科技,100-499人,计算机软件,本科,3-5年,,8-9K,合肥,,2026-06-03 13:56:21
32f7ec8885405f050nd62N-9E1pR,运维工程师,合肥淡泊网络科技,20-99人,通信/网络设备,本科,3-5年,,6-7K,合肥,,2026-06-03 13:57:43
3455f7b101e08b8e03R42d28GFtV,数据库运维工程师,政大科技,0-20人,计算机软件,大专,3-5年,"帆软, MySQL/Oracle, Linux, 分析报表, mybatis, 配置动态报表, 计算机相关专业",7-12K,合肥,,2026-06-03 13:58:05
af7bfb86cbaf55c30nB62ti0FVRU,高级IT运维开发工程师,合肥某中型通信/网络设备央企子公司,500-999人,通信/网络设备,本科,3-5年,,20-40K,合肥,,2026-06-03 13:58:05
f4e63d84c35a7d6903V40t-6F1FW,系统运维专员,必欧瀚,100-499人,医疗健康,大专,在校/应届,,3-4K,合肥,,2026-06-03 13:58:05
770b60403cc34efb0nB82di-EFNU,环保运维工程师,安徽绿石环保,20-99人,环保,大专,1-3年,,6-7K,合肥,,2026-06-03 13:58:25
aae56ade9c64dde80nZ93Ny4EFRT,运维工程师,民融军,20-99人,电子/硬件开发,本科,1-3年,,6-10K,合肥,,2026-06-03 13:58:45
2e4154fab83cb0051X183di4F1JW,系统集成工程师,合肥盛文信息,20-99人,通信/网络设备,本科,1-3年,"plc, C/C++",6-11K,合肥,,2026-06-03 13:58:45
53e4ba1f41c00e050nZ929m1GVRW,高级运维开发工程师,某央企,100-499人,通信/网络设备,本科,5-10年,,30-40K·15薪,合肥,,2026-06-03 13:58:45
aa4fda45ca36637a0nZ63tu8FldW,光伏电站运维工程师,企米集团,20-99人,财务/审计/税务,学历不限,1-3年,,5-6K,合肥,,2026-06-03 13:58:45
92af18942806b56d1n152Ny0FVFU,IT技术运维工程师,安徽七宝树,20-99人,计算机软件,高中,1-3年,安全运维,4-6K,合肥,,2026-06-03 13:58:45
6791028f00af8c251n1729u7ElZW,运维工程师,中科亿能,20-99人,电力/热力/燃气/水利,大专,3-5年,"网络运维, 实施交付运维, 通信相关专业, 电力运维, 系统运维, 机房运维, 计算机相关专业, 电子/电气/自动化相关专业, 网络安全相关经验, 安全运维, 运维经验",5-10K,合肥,,2026-06-03 14:03:16
d1c498e1e01855ba0nB839y_FlpQ,运维工程师（电信）,国简科技,100-499人,计算机软件,本科,3-5年,"Docker, Kubernetes, openstack",9-11K,合肥,,2026-06-03 14:03:36
9d14c911e551a2de1XF409-5GFBZ,现场MES运维工程师,联创联新,1000-9999人,通信/网络设备,大专,3-5年,"网络运维, 系统运维, Java, Python/Shell, 计算机相关专业, 电子/电气/自动化相关专业, 网络安全相关经验",10-12K,合肥,,2026-06-03 14:03:57
7fb99c1a562f63da03Nz3N-0FVNZ,安徽高校驻场软件运维服务工程师,成都康赛,100-499人,计算机软件,大专,1-3年,"系统运维, 实施交付运维, Python/Shell, Nginx, Redis, MySQL/Oracle, 计算机相关专业, 运维经验",6-8K,合肥,,2026-06-03 14:04:38
1df7e3204dffeeb40nRz29u8E1JS,运维工程师,北京辰极元启科技,0-20人,计算机软件,大专,5-10年,"系统运维, MySQL/Oracle, Python/Shell, 计算机相关专业, 运维经验",10-13K,合肥,,2026-06-03 14:05:20
bdbf1f36814589290nR83di5EVpU,信息化运维工程师,锦星信息,0-20人,运营商/增值服务,本科,1-3年,"网络运维, 通信相关专业, 7*24小时响应, 系统运维, 单休, 节假日轮休, 驻场办公, 运维开发经验, 计算机相关专业, 网络安全相关经验, 运维经验",5-6K,合肥,,2026-06-03 14:05:40
dfb22ac497d07b590nB50tu_EVtZ,收银项目运维工程师,阁启班子网络信息,0-20人,新零售,本科,1-3年,,4-5K,合肥,,2026-06-03 14:05:40
0f9d064942b6a06b0ndy29S4E1JZ,高级IT运维开发工程师,合肥某中型通信/网络设备公司,100-499人,通信/网络设备,本科,5-10年,,22-30K,合肥,,2026-06-03 14:05:40
dbbeea9726bf44680nB439-9EVJV,idc机房运维工程师,中安润微,100-499人,计算机软件,大专,1-3年,"企业机房运维, 机房运维, IDC, 给排水方向, IDC机房运维",5-6K,合肥,,2026-06-03 14:10:09
da6d4aa918a1b41b1Hdz2du4FFNZ,经开区招运维工程师（大数据项目）,满辰科技,100-499人,互联网,本科,5-10年,,10-13K,合肥,,2026-06-03 14:11:55
4392d3f973afa6d41n1-2tu-GFZV,驻场运维工程师,思迈合,20-99人,计算机硬件,大专,3-5年,"实施交付运维, 系统运维, 服务器配置, 安全运维",5-10K·13薪,合肥,,2026-06-03 14:12:17
799f360b6fde5b450nB-2tm-EFdW,运维工程师,苏州乐行,20-99人,计算机服务,本科,1-3年,,8-12K,合肥,,2026-06-03 14:12:17
99376952a095062203Bz39u4GVBS,运维工程师（双休，五险一金）,深江南企业管理,0-20人,咨询,本科,1-3年,,6-9K·13薪,合肥,,2026-06-03 14:12:17
f7a028ed7a2865380nV_3N--GVBX,运维工程师,合肥盛世顺为贸易,0-20人,印刷/包装/造纸,大专,在校/应届,系统运维,3-4K,合肥,,2026-06-03 14:12:57
cc9ade9297370a041Hd_3NS6E1tW,服务器实施运维工程师,安达通科技有限公司,20-99人,通信/网络设备,大专,3-5年,"网络运维, 通信相关专业, MySQL/Oracle, 服务器, 计算机相关专业, HCIA华为认证",8-10K,合肥,,2026-06-03 14:12:57
fa074213275cf2ef0nZz3Ny9FFVV,网络安全运维工程师(10030),新宇环保科技,100-499人,环保,本科,3-5年,,8-12K,合肥,,2026-06-03 14:18:27
102b3afc150830430nB83ti9FFpZ,运维工程师（交付实施）,同方鼎欣,1000-9999人,计算机软件,本科,3-5年,实施交付运维,8-10K,合肥,,2026-06-03 14:18:27
a2b329d42f2d941f1XJ909i4GVFQ,服务工程师,云蝶,0-20人,计算机软件,本科,经验不限,系统运维,4-9K,合肥,,2026-06-03 14:19:29
68b109b92936b6e70nB-2d--ElpX,运维工程师,天泽智联,100-499人,互联网,本科,1-3年,,6-7K,合肥,,2026-06-03 14:19:29
7494f856173812f20nd_2Ny1FFdS,运维工程师,合肥中聚源智能科技,20-99人,计算机软件,本科,3-5年,"系统运维, 实施交付运维, Docker, 双休法休, 接受出差",5-8K,合肥,,2026-06-03 14:20:34
9d6285c57f206df00nB63NW0EVtS,高级运维开发工程师（国企）,某大型通信公司,500-999人,通信/网络设备,本科,5-10年,"Golang, Python/Shell, Kubernetes, 运维开发经验, 技术管理经验",30-60K,合肥,,2026-06-03 14:28:35
8d6c4353f2606b7a1XB_0tu0GFVQ,运维监控工程师,Bespin Global China,100-499人,互联网,本科,1年以内,英语口语好,4-6K,合肥,,2026-06-03 14:28:54
364b389f64b3227403J52N60GFRV,运维开发工程师_合肥,嘉为科技,500-999人,计算机服务,本科,5-10年,"计算机相关专业, 通信/工程相关专业, 运维开发经验",10-15K,合肥,,2026-06-03 14:33:03
7d61b93757ef4e820nB_2dy9FFBS,讯飞医疗-高级运维工程师-基础设施,科大讯飞,10000人以上,互联网,本科,5-10年,,20-40K,合肥,,2026-06-03 14:42:27
37739b7aa83a54b31XV72di_ElpR,桌面运维工程师,中科云极,0-20人,计算机软件,学历不限,1-3年,"桌面运维, Linux, Windows, KVM",6-10K·14薪,合肥,,2026-06-03 14:43:48
f3c9b3748fb18f3a0nB50t24EVNS,系统集成测试工程师,某大型互联网公司,1000-9999人,互联网,本科,3-5年,"自动化测试, 集成测试",18-23K·15薪,合肥,,2026-06-03 14:44:08
2511217108a3d6260nV42N65FltT,运维工程师,德勤,10000人以上,咨询,本科,5-10年,,16-22K,合肥,,2026-06-03 15:01:25
08f74970c3c9e61f0nV83dy7EVNX,运维工程师,鼎校教育,500-999人,人工智能,本科,3-5年,"Python, Shell, 系统运维, 安全运维, 自动化运维, ELK, K8S, Zabbix",8-12K,合肥,,2026-06-03 15:02:26
e04611ad075c62aa0nB82d29ElBX,高级大数据运维工程师,上海济让,100-499人,互联网,本科,3-5年,"实施交付运维, 大模型",16-17K,合肥,,2026-06-03 15:02:26
0becabaeeb139f6d1XR-2dW7EVpS,运维工程师,五纪,100-499人,计算机软件,本科,3-5年,"服务器配置, Linux, Redis, Apache, Nginx",10-15K·14薪,合肥,,2026-06-03 15:10:45
54ed7a13bc9c49c30nd92926EFpR,运维开发工程师,华苏科技,1000-9999人,互联网,本科,5-10年,,11-14K,合肥,,2026-06-03 15:16:13
5e97f2d452db9e7d03V72dS6FlVV,软件运维实施工程师（需项目驻点）,耘联大数据,100-499人,计算机软件,大专,1-3年,"Java, 实施交付运维, MySQL/Oracle, 计算机相关专业, 运维经验",5-10K,合肥,,2026-06-03 15:16:13
fa7f1e9a77fb2f5703F_3ti8EVJV,信息化运维工程师,锦星信息,0-20人,运营商/增值服务,本科,1-3年,"网络运维, 通信相关专业, 7*24小时响应, 系统运维, 单休, 节假日轮休, 驻场办公, 运维开发经验, 计算机相关专业, 网络安全相关经验, 运维经验",5-6K,合肥,,2026-06-03 15:18:41
aaaef16cd890c41b0nd83Nu-EVpT,运维工程师 （上二休二）,北京能科瑞元有限公司,1000-9999人,互联网,本科,3-5年,"网络运维, Java, Helpdesk, 运维经验",6-8K,合肥,,2026-06-03 15:23:10
e83728bed302967c0nB83tS4GVdS,软件运维工程师,力德恒业,100-499人,移动互联网,本科,3-5年,"系统运维, 运维开发/DevOps, MySQL/Oracle, Java, Python/Shell, Nginx, Redis, 计算机相关专业, 运维经验, 运维开发经验, 网络安全相关经验, 电子/电气/自动化相关专业",6-9K,合肥,,2026-06-03 15:23:31
dc774b90855d35330nd909-4FlVR,驻点运维工程师,华测检测,10000人以上,信息安全,大专,经验不限,,4-6K·13薪,合肥,,2026-06-03 15:24:36
3670412e39f8157a03N73tq7FlFY,信息化运维工程师,笃志科技,0-20人,计算机硬件,大专,1-3年,"网络运维, 系统运维, 桌面运维, 计算机相关专业",3-5K,合肥,,2026-06-03 15:26:22
d697083f6e99d2610nV539y1GVRY,资深运维开发工程师,徽建智能,0-20人,互联网,本科,5-10年,,9-12K,合肥,,2026-06-03 15:48:05
528024249b8ef9981XFy09q8GFZX,运维工程师,中科晶格,100-499人,互联网,本科,3-5年,"网络运维, 系统运维",8-12K·13薪,合肥,,2026-06-03 15:48:47
cb7857aabcf3da6a0nd42967F1pW,技术运维工程师,科大讯飞,10000人以上,互联网,本科,3-5年,,8-13K,合肥,,2026-06-03 15:54:59
dfb94b87de89fa3b0nB_09y8FVRZ,桌面/网络运维工程师,上海昆仑荣耀科技,100-499人,计算机软件,本科,1-3年,"网络运维, 桌面运维",4-5K,合肥,,2026-06-03 15:54:59
20f03dd1391b47140nd409q0FFZQ,运维工程师（网络货运）,帮益把智慧物流,0-20人,快递,本科,5-10年,"Nginx, Ansible/Salt/Puppet, Docker, 运维开发/DevOps, 运维开发经验, Redis, 运维经验, Kubernetes",8-10K,合肥,,2026-06-03 16:03:18
7c64fd6772f8488c03By09W8GFpT,运维工程师,国科安芯,0-20人,互联网,本科,3-5年,网络运维,11-22K,合肥,,2026-06-03 16:03:18
caeb25291e5f90b30nVz29W8ElpR,资深运维工程师 / DevOps 负责人,安徽景仟科技有限公司,20-99人,计算机软件,大专,3-5年,"Nginx, Docker, 运维开发/DevOps, 运维开发经验, Redis, 计算机相关专业, 网络安全相关经验, Kubernetes",23-25K,合肥,,2026-06-03 16:03:39
06209596cc2aca6f0nB43d65EFVX,软件运维工程师（驻场）,中科星图低空云公司,100-499人,云计算,本科,5-10年,"MySQL/Oracle, 系统运维, 计算机相关专业, 运维经验",8-13K,合肥,,2026-06-03 16:09:52
05567821895398e30ndz09m9FltT,运维工程师（畜牧行业）,百得思维,1000-9999人,计算机软件,本科,3-5年,,9-11K,合肥,,2026-06-03 16:17:09
0cc726d7a7e849c0031z2dW-FVtU,服务系统运维专员,阳光电源股份有限公司,10000人以上,光伏,本科,3-5年,,10-15K·15薪,合肥,,2026-06-03 16:17:30
f2d19fb87b251f841HJ72tu1ElNR,中高级运维工程师,亦禾科技,20-99人,电力/热力/燃气/水利,本科,3-5年,"MySQL/Oracle, 系统运维, 计算机相关专业, 运维经验",5-8K,合肥,,2026-06-03 16:36:03
7d27ab47f06e161c0nB_0tm9FlpY,运维工程师-ITSM运维,山立信息,100-499人,计算机软件,大专,1-3年,"Java, ITSM运维",8-10K,贵阳,,2026-06-03 16:51:31
fca35f6b9bf6f5360nd_3d20F1VS,运维专员,贵州宏辰信息科技有限,100-499人,互联网金融,学历不限,经验不限,"维修  运维, 运维经验",5-9K,贵阳,,2026-06-03 16:51:31
a338510554e76f9d0nB83tu9ElFQ,初级java开发工程师,深圳逍遥天下科技,0-20人,互联网,大专,5-10年,,11-18K,贵阳,,2026-06-03 16:51:31
97745819e8f6b7cf0nd629y0GVZZ,IDC运维工程师,广东维云信息科技,100-499人,计算机服务,大专,1-3年,"硬件更换维修, GPU, IDC机房运维, 服务器售后",6-10K,贵阳,,2026-06-03 16:51:31
e03f053cad6190ca0nV62Ny7FVRU,运维工程师,看书蛙,20-99人,智能硬件,大专,经验不限,,100-200元/天,贵阳,,2026-06-03 16:51:31
e63c28c8d3da2d540nB42Nu0FFZX,系统运维专员,起源点,0-20人,通信/网络设备,大专,经验不限,,5-6K,贵阳,,2026-06-03 16:51:31
8be1ba2c89bdee360nR52d6-GFtX,系统运维工程师【上市集团 七险一金 双休】,新开普,1000-9999人,计算机软件,本科,1-3年,,5-8K,贵阳,,2026-06-03 16:51:31
f0795a5ad012cd670nd-2Ny8ElpU,实施运维工程师,深广数字,0-20人,在线教育,本科,在校/应届,"网络运维, 学校资源, 运维, 系统运维, 智慧校园, 智慧教育, 计算机相关专业, 运维经验, 计算机",3-5K,贵阳,,2026-06-03 16:51:31
3e5f221a012af6d50nZy2d67GVRY,数据中心运维工程师（网络）,城市云,100-499人,大数据,本科,5-10年,"网络运维, IDC机房运维, 运维经验",8-13K,贵阳,,2026-06-03 16:51:31
651ac8e5f48b5c0d1HF609W0F1tY,运维工程师,贵州不够科技有限公司,0-20人,计算机服务,大专,1-3年,"网络运维, Java, Docker",8-11K,贵阳,,2026-06-03 16:51:31
64be9da7a7771cf803170ty7GFZU,运维实习生（可往运维开发方向培养）,北京博瑞兴云科技,20-99人,计算机软件,本科,,"网络运维, Docker",140-230元/天,贵阳,,2026-06-03 16:51:53
b4d81edad4f782890nB53Nq5GVBS,运维工程师,庭宇,100-499人,云计算,本科,3-5年,,10-15K·14薪,贵阳,,2026-06-03 16:51:53
d23bf0ab012e2f060nR_3Nm0EVVS,中级运维工程师,数据宝,100-499人,互联网,本科,5-10年,,7-11K,贵阳,,2026-06-03 16:51:53
52189b47c5e8970f0nd809q1FFJS,中级后端研发工程师,优联博睿,20-99人,计算机软件,本科,1-3年,,8-12K,贵阳,,2026-06-03 16:51:53
8fd59a904b9b20af03x92t29FVBQ,运维专员,贵州养天和福安康...,0-20人,医疗健康,大专,1-3年,,3-5K,贵阳,,2026-06-03 16:51:53
f5c3dcad6570efd61nV7092_F1VU,运维管理,博睿科讯,0-20人,企业服务,本科,经验不限,"Nginx, 通信相关专业, MySQL/Oracle, Docker, 系统运维, Redis, Python/Shell, 网络安全相关经验",8-10K,贵阳,,2026-06-03 16:51:53
16a9e2f4d4798a261XNz2di7GFRS,数据中心基础设施运维工程师,贵州中融信通科技...,100-499人,计算机软件,本科,3-5年,IDC机房运维,7-10K,贵阳,,2026-06-03 16:51:53
e1c2142c30dda8fa0nB_0ty1FlNS,中级java开发工程师,卓融信息,100-499人,计算机软件,本科,3-5年,,10-12K,贵阳,,2026-06-03 16:51:53
1d07d8f153b2cc440nZ-2N-0GFpR,c++开发工程师,贵州新途径职教,100-499人,培训/辅导机构,本科,1-3年,"C++, C, STL, 架构设计经验, Linux开发/部署经验",12-18K,贵阳,,2026-06-03 16:51:53
a3e27caa61a880470nZ92t20E1dX,中高级运维工程师,中讯设计,500-999人,运营商/增值服务,大专,3-5年,"系统运维, 实施交付运维, 项目管理交付",6-10K,贵阳,,2026-06-03 16:51:53
191ef4c4220d07330nZ80tq9FVRX,运维工程师,贵州荣惠建设工程,20-99人,通信/网络设备,中专/中技,经验不限,"网络运维, 通信相关专业, 熔纤，故障处理，设备熟悉，动力系统，低压, 运维经验",4-9K,贵阳,,2026-06-03 16:51:53
21ee23ffb866bc1b0nR40tW5GFNU,运维服务经理,北大软件,1000-9999人,互联网,本科,3-5年,,6-10K,贵阳,,2026-06-03 16:51:53
67186228534921900nZ42929EFZS,网络运维工程师,奥瑞德,1000-9999人,电子/半导体/集成电路,大专,3-5年,,7-9K,贵阳,,2026-06-03 16:51:53
0f19cefbc8c1a24703150tu-ElZV,运维工程师,贵州联修科技,0-20人,咨询,学历不限,1-3年,系统运维,5-10K,贵阳,,2026-06-03 16:51:53
afede1ca8c985dcb03x93dq5F1BY,地铁运维（综合监控）,万相融通,100-499人,互联网,大专,1-3年,"网络运维, 运维开发经验, 网络安全相关经验",4-5K,贵阳,,2026-06-03 16:51:53
258bea6a4f8514c01HN53d2_ElpV,软件运维工程师,江苏长天智远交通科技,100-499人,计算机服务,大专,1-3年,"MySQL/Oracle, 系统运维",4-6K,贵阳,,2026-06-03 16:52:13
84fb8e82d7db7a7c1HF_3920FFRZ,中级系统运维工程师,佳智,0-20人,计算机软件,本科,1-3年,"网络运维, MySQL/Oracle, 系统运维, 桌面运维, 计算机相关专业, 网络安全相关经验, 运维经验",5-6K,贵阳,,2026-06-03 16:52:13
330d42568d4db2e703x93dm1FFpU,网络工程师（驻场运维）,紫光软件,500-999人,计算机软件,本科,3-5年,"网络运维, IDC机房运维",9-12K,贵阳,,2026-06-03 16:52:13
e34a8eb95bd7b2981nNz3dW8FFtV,运维技术支持,国卫信安学院,100-499人,信息安全,本科,3-5年,安全运维,8-13K·13薪,贵阳,,2026-06-03 16:52:13
85ec99527e54a1ba1nV_29S4ElJT,系统维护人员,华圣惠丰,0-20人,计算机服务,学历不限,经验不限,系统运维,4-5K,贵阳,,2026-06-03 16:52:13
09da35a777f46c3e0nB83t-_ElBT,运维工程师,中安网脉,500-999人,信息安全,本科,1-3年,"桌面运维, 网络运维, 系统运维",5-7K,贵阳,,2026-06-03 16:52:13
e7cef60851307aae031_3Ny0GFZY,资深运维工程师,九世窖藏,20-99人,电子商务,大专,5-10年,,10-11K,贵阳,,2026-06-03 16:52:13
0277d65bc4f612dc0nR93dW9FVRS,平台研发工程师,帕科科技,100-499人,计算机软件,本科,3-5年,,6-10K,贵阳,,2026-06-03 16:52:13
9490e60cfcd986710nB63ti9GVZU,运维专员,湘彤科技有限公司,0-20人,电力/热力/燃气/水利,高中,1-3年,运维经验,2500-3000元/月,贵阳,,2026-06-03 16:52:13
4bc6bc039196cb491HF63t65FFZR,信息系统集成项目经理,贵州合一,0-20人,互联网,本科,3-5年,"PMP, 实施交付经验, 信息系统项目管理师, 中大型软件项目管理经验, 企业内部技术项目管理, 系统集成项目管理工程师, 售前支持经验",10-12K,贵阳,,2026-06-03 16:52:13
b89171868dc93a290nZz292_F1ZY,运维工程师,博沃智慧,100-499人,计算机软件,大专,1-3年,"实施交付运维, 系统运维, 计算机相关专业, 运维经验",5-7K,贵阳,,2026-06-03 16:52:13
39ded12c2f6fec4e1nB-3t-5EVRX,金蝶软件运维工程师,贵州爱信诺,500-999人,互联网,大专,3-5年,应用运维,5-6K,贵阳,,2026-06-03 16:52:13
c0b4f76cf885869f1nBy2Ny6GFNY,Linux运维实施工程师,航天智慧农业,20-99人,计算机服务,本科,1-3年,"自动化运维, Linux, Python, Shell, 容器技术, 网络协议, 分布式技术, 网络交换技术",6-10K,贵阳,,2026-06-03 16:52:13
c9cf2bf8512928c71nJ52tm_F1FT,运维工程师,富思邦,0-20人,机械设备/机电/重工,大专,1-3年,应用运维,6-9K,贵阳,,2026-06-03 16:52:13
b7f13664335323e90nZz0ty0EFFU,设备运维工程师,绿恩环保,100-499人,仪器仪表,本科,1年以内,"网络运维, 系统运维, 运维经验",6-7K,贵阳,,2026-06-03 16:52:35
84e15f02ddd8938d03xz2dy9GVVT,运维工程师,芃熙信息,0-20人,计算机硬件,大专,5-10年,"网络运维, 系统运维, IDC机房运维, 计算机相关专业, 通信相关专业, 电子/电气/自动化相关专业, 网络安全相关经验",5-8K,贵阳,,2026-06-03 16:52:35
e6bb5394d7cf92d003F_3dS8GVBZ,水处理运维工程师,众益环保,20-99人,环保,大专,3-5年,,4-6K,贵阳,,2026-06-03 16:52:35
13d141b010d256010nZ82NW7EFFS,技术支持工程师（数据中心）,多多云科技,100-499人,互联网,本科,5-10年,,12-15K,贵阳,,2026-06-03 16:52:35
14c46c7e263b83cc0nB_3d25FlJT,大数据开发工程师,等贤云数科技,0-20人,计算机软件,大专,5-10年,"要求数据开发经验, Doris/Druid, ETL开发经验, Kafka, 离线开发, 实时数仓开发经验, 数据平台开发经验, Flink, 数据治理经验, Shell, Hive, 数据开发, 数据治理, 制造业行业经验, Spark, 数据仓库开发经验, 离线数据, 大数据",12-16K,贵阳,,2026-06-03 16:52:35
e9054279a3c1d26e0nd_2N2-E1NY,高职院校-项目实施运维经理,师创教育,20-99人,计算机软件,本科,3-5年,"实施交付经验, PMP, 教育数字化, 信息系统项目管理师, 职业教育, 系统集成项目管理工程师, 计算机相关专业, 销售支持/交付管理, 售前支持经验, 大数据项目管理经验, 软件研发经验",6-11K,贵阳,,2026-06-03 16:52:35
62e470f91542b1820nB52ty4E1RT,维护工程师（暖通）,世邦魏理仕,1000-9999人,房屋建筑工程,大专,3-5年,"IDC机房运维, 暖通设施运维, 电气, 数据中心",15-20K·13薪,贵阳,,2026-06-03 16:52:35
e93ed7bba61a69bf0nd639W0F1pS,电气工程师,中科星城,1000-9999人,动力电池,大专,3-5年,,7-10K,贵阳,,2026-06-03 16:52:35
fbfb93e02254fba40XN52921GFo~,数据库运维工程师,中科紫龙科技有限公司,20-99人,通信/网络设备,学历不限,经验不限,"运维工程师, 安全运维, 运维监控, Shell, Python, SQL, 容器技术",8-13K,贵阳,,2026-06-03 16:52:35
faead7f468dcf3471HJ93N21EltV,电力系统维护工程师,正瑞继保,100-499人,计算机服务,本科,经验不限,电气工程师,8-12K·13薪,贵阳,,2026-06-03 16:52:35
2502e3cad7b896310nd809q_FFZZ,污染源在线运维,中科福瑞环保,100-499人,环保,大专,1-3年,,4-7K,贵阳,,2026-06-03 16:52:35
9ce1dda537f56c5f1H152Nm4EFtS,收银系统/收银软件/收银设备推广运维专员,龙辰科技,100-499人,企业服务,大专,1-3年,"实施交付运维, 计算机相关专业, 运维经验",6-11K,贵阳,,2026-06-03 16:52:35
c0118c284f1158cf0nB709y5FVZU,配网主站运维工程师,闪电邦,100-499人,其他制造业,大专,1-3年,,6-8K·13薪,贵阳,,2026-06-03 16:52:35
0a55cc647a6ba9b903163t61E1VY,中级运维工程师,贵州瑞筑科技有限公司,0-20人,其他专业服务,大专,1-3年,,4-6K,贵阳,,2026-06-03 16:52:35
8241c2785c6aa8250nV-39-4FVVX,运维工程师,贵州兴晟华瑞,0-20人,新零售,大专,1-3年,,6-9K,贵阳,,2026-06-03 16:52:35
94451fcd856a66771XF52ti0GFVW,运维工程师,联合汇通科技有限公司,20-99人,银行,大专,3-5年,"系统运维, 熟悉视频监控，报警系统及门禁系统",4-5K,贵阳,,2026-06-03 16:52:54
02d5f8dda429110603N53dy0EFdY,硬件运维工程师,四川省途檬科技,0-20人,互联网,本科,3-5年,"计算机相关专业, 电子/电气/自动化相关专业, 运维经验, 电器工程师, AFC, 行李托运, 门禁监控, 机场闸机",5-8K,贵阳,,2026-06-03 16:52:54
86ad854f681e13e41HJy2tu4EFNT,运维顾问,明源,1000-9999人,计算机软件,本科,经验不限,"系统运维, 实施交付运维, MySQL/Oracle, 计算机相关专业",5-10K·14薪,贵阳,,2026-06-03 16:52:54
668ec7977eb3373c0nZy3N69FVdX,系统运维专员,贵州源恒鑫配送服务,0-20人,物流/仓储,大专,经验不限,,4-5K,贵阳,,2026-06-03 16:52:54
ed5381380c65fa730nB439-1EVFV,后端开发工程师（golang）,上海极算,100-499人,人工智能,本科,3-5年,"Golang, Docker, Kubernetes, MySQL, 计算机相关专业, Golang服务端开发经验, 中大型项目开发经验, 系统架构设计经验, 英语读写能力良好",11-13K,贵阳,,2026-06-03 16:52:54
a7d64b55f4ce1ec60nR92NS7FlNX,贵州省驻场运维工程师,贵州启瀚云视科技,20-99人,计算机硬件,大专,1-3年,"网络运维, MySQL/Oracle, 系统运维, IDC机房运维",4-5K,贵阳,,2026-06-03 16:52:54
afcc416d2838566e1nxz29y6EFVU,网络运维工程师,贵州微安,20-99人,信息安全,大专,1-3年,"网络协议, 桌面运维, 运维通信资格证书, CCNA证书",4-6K,贵阳,,2026-06-03 16:52:54
401c2d9ee15a11201XJz3NW1GFBX,信息安全运维工程师,智联数通科技,20-99人,计算机软件,本科,1-3年,"网络运维, 系统运维, IDC机房运维, MySQL/Oracle, 通信相关专业, 运维经验, 网络安全相关经验",5-8K,贵阳,,2026-06-03 16:52:54
028be6b732ec32770nd73dq9FltU,全栈工程师,恒信数智,0-20人,计算机软件,本科,3-5年,,8-10K,贵阳,,2026-06-03 16:52:54
75577a621a2de6c20nZz296-FlpS,测控工程师-自动化系统集成 （贵阳、国企）,永青智控,100-499人,仪器仪表,本科,3-5年,"C#, PLC编程, 电子电气/自动化相关专业, 电气原理图设计, 自动化系统集成, 兼容性测试, AutoCAD, 优秀应届生",6-8K,贵阳,,2026-06-03 16:52:54
81b21e1c0a7fea2403x_3N29FFBV,系统运维,玖外璧科技,20-99人,互联网,本科,1-3年,"Nginx, 通信相关专业, Docker, MySQL/Oracle, 大数据运维经验, 系统运维, 计算机相关专业, 运维经验",5-7K·13薪,贵阳,,2026-06-03 16:52:54
3911492c5751d4100nB709y4FltV,it运维实习生,热热科技,100-499人,大数据,大专,经验不限,it运维,3-4K,贵阳,,2026-06-03 16:52:54
a3266c78c0027d6703Z_3Nm-FFNS,运维工程师,贵州武综搏体育发展,0-20人,文化艺术/娱乐,大专,1-3年,"桌面运维, 网络运维, 系统运维, IDC机房运维, DBA, 计算机相关专业, 通信相关专业, 电子/电气/自动化相关专业, 运维经验",10-11K,贵阳,,2026-06-03 16:52:54
7d48b6b9f83bdb8103N80tm_EVZU,信息工程师,贵阳白云心血管病医院,100-499人,社交网络与媒体,本科,3-5年,,5-8K,贵阳,,2026-06-03 16:52:54
2913b41d9f5de42c0nR50t-7EFtQ,动环监控系统工程师,贵州佳腾宸宇劳务,0-20人,自动化设备,学历不限,1-3年,"网络运维, 通信相关专业, 大数据运维经验, 系统运维, 网络安全相关经验, 电子/电气/自动化相关专业, 运维经验, IDC机房运维",6-10K,贵阳,,2026-06-03 16:52:54
4c3a5dff57056d5c0nV42Nu7EVZT,运维工程师,贵州迅达,20-99人,通信/网络设备,本科,3-5年,,6-7K,贵阳,,2026-06-03 16:53:16
ffe5000b77cfa4e31nF73d60EVNQ,软件实施运维工程师,贵州宝德,0-20人,计算机软件,中专/中技,1-3年,系统运维,4-8K,贵阳,,2026-06-03 16:53:16
646ed9e6a8a103a00n1-29i-FVE~,维护工程师,固创云,0-20人,仪器仪表/工业自动化,大专,1-3年,"运维工程师, 系统运维, 网络运维, 机房运维",4-7K,贵阳,,2026-06-03 16:53:16
9af1f037e15625161XF73d66FFRW,实习生（网络工程师）,章和技术,20-99人,信息安全,本科,经验不限,"熟悉交换、路由等原理, Linux、TCP/IP协议, 网络及安全工程师认证",3-4K,贵阳,,2026-06-03 16:53:16
05cae918846c66a51n1429S8GVRR,系统工程师,亿格科技,0-20人,通信/网络设备,本科,5-10年,"网络交换技术, 通信系统, 网络协议, 音视频",4-8K,贵阳,,2026-06-03 16:53:16
b8a709d83714ab5f0nZ93Nm8EFVU,运维工程师,广州中钦科技服务,20-99人,互联网,大专,1-3年,"Python/Shell, 主机",4-5K,贵阳,,2026-06-03 16:53:16
84036f1a330568fa1Hd40tW0FltY,安全运维,汇信通,0-20人,专利/商标/知识产权,大专,1-3年,"网络运维, 系统运维, IDC机房运维",6-8K,贵阳,,2026-06-03 16:53:16
d2fdff2787e8bf700nR439y-EVNS,ETL工程师,数驰科技,20-99人,大数据,本科,1-3年,"MySQL/Oracle/DB2, Python",8-11K,贵阳,,2026-06-03 16:53:16
f27e8cb90aab841c0nV_3dq7EFBT,网络运维工程师（贵阳、贵安）,易诚智讯,100-499人,通信/网络设备,大专,1-3年,"CCNP/HCIP等, CCIE/HCIE等, 通信相关专业, 有网络工程师经验, 1到3年网络工程师经验, 计算机相关专业",5-8K,贵阳,,2026-06-03 16:53:16
198dde98f26d3efe03173Nm4ElFX,风机运维工程师,贵阳九洲翔丰环保科技,20-99人,通用设备,大专,3-5年,,4-9K,贵阳,,2026-06-03 16:53:16
0e7260952e01f45903Ny2d2_FVZV,在线运维工程师,凡素生态环境,0-20人,环保,大专,1-3年,"废水监测, 废气监测",4-7K,贵阳,,2026-06-03 16:53:16
467cbfa33d7c08441Hx_096-GVVW,运维工程师,贵州永森科技工程,0-20人,通信/网络设备,学历不限,1-3年,"网络运维, 系统运维, 通信相关专业, 运维经验, 网络安全相关经验",3-7K,贵阳,,2026-06-03 16:53:16
356ec8a0052516411HJ53dq1GFRT,运维工程师,杭州硅铂科技有限公司,20-99人,计算机软件,大专,1-3年,"网络运维, 系统运维",4-5K,贵阳,,2026-06-03 16:53:16
6a77b06b394fb3481nx939W5EltT,运维技术员,贵州申瓯通信,20-99人,通信/网络设备,大专,1-3年,运维工程师,4-7K,贵阳,,2026-06-03 16:53:16
7f43dd7871e33fa303Fz29m-FlRQ,运维服务工程师/技术服务工程师,上海天跃科技,500-999人,计算机软件,中专/中技,3-5年,,4-5K,贵阳,,2026-06-03 16:53:16
038986376d478f6d03192ti_GFdZ,工程运维,贵州贵绣产业发展,20-99人,其他专业服务,大专,1-3年,,5-6K,贵阳,,2026-06-03 16:53:38
db618402fb92a80b0nB_3N-1EVJT,新能源涉网试验电气工程师,贵州中锦明建工程,20-99人,风电,大专,1-3年,CAD,8-12K,贵阳,,2026-06-03 16:53:38
20856015063618981nR73dm8FFJT,运维工程师,智水同创,0-20人,计算机软件,本科,经验不限,技术支持/维护,3500-7000元/月,贵阳,,2026-06-03 16:53:38
5b83a1f77a67f2ea03F62tm_FVNX,售后运维工程师,中地云申,100-499人,计算机软件,大专,1-3年,,4-6K,贵阳,,2026-06-03 16:53:38
e4a760ed07bee6ea0nd_3t66GFdW,运营运维,睿安科技,20-99人,医疗健康,大专,经验不限,"系统运维, 计算机相关专业, 运维经验",3-4K,贵阳,,2026-06-03 16:53:38
657913ae89ad410d0nZ729-6ElJR,新能源发电运维主管,贵州必扬建设投资,20-99人,光伏,大专,3-5年,,8-12K·13薪,贵阳,,2026-06-03 16:53:38
2dd2104a3707f4271HV-2N6_ElZX,运维工程师,亿阳信通,500-999人,计算机软件,本科,3-5年,"Java, 实施交付运维, MySQL/Oracle, Elasticsearch, 系统运维, 运维开发/DevOps",8-10K,贵阳,,2026-06-03 16:53:38
23bf896144fd04760HZ829i5EVc~,运维工程师,黔盛达,0-20人,互联网,中专/中技,1年以内,"IT技术支持, 运维监控",2-5K,贵阳,,2026-06-03 16:53:38
b577936f2eda46921XF509--GVJT,系统安全,贵州知嘉智能科技,0-20人,大数据,大专,1年以内,系统运维,5-6K,贵阳,,2026-06-03 16:53:38
5da8fbcfe1fff1b71Xd-2tu4EVBT,运维工程师,万邦集团,20-99人,互联网金融,大专,5-10年,"Java, Python, Shell, SQL, Delphi",10-11K,贵阳,,2026-06-03 16:53:38
390b6f616906888a03x83Ni7EVFV,网络运维工程师,贵州金图软件有限公司,20-99人,计算机软件,本科,3-5年,"网络运维, 计算机相关专业, 网络安全相关经验",5-8K,贵阳,,2026-06-03 16:53:38
9e32f2c8ee78106303N909y5FFZU,中高级运维技术工程师,贵州凯瑞众德工程,20-99人,机电工程,大专,3-5年,,5-8K,贵阳,,2026-06-03 16:53:38
c0227c15226746c51XV83dq1F1pZ,实施工程师,贵州黔云联创,20-99人,计算机软件,大专,经验不限,"软件实施经验, 软件实施, 熟练掌握SQL语句, 可适应出差",4-6K,贵阳,,2026-06-03 16:53:38
eb59cf3a239519c30nZ52966FVtY,共享充电宝运维员,扫码科技,20-99人,生活服务(O2O),中专/中技,1-3年,"实施交付运维, 配送员, 运维经验",3-4K,贵阳,,2026-06-03 16:53:38
dcb2d42f70c6b1ca03Fy092-F1VU,运维工程师,海恒智能,100-499人,互联网,本科,1年以内,,5-6K,贵阳,,2026-06-03 16:53:38
15eefd81f41800e80ndy3NW9E1dZ,电气工程师,娃哈哈,500-999人,食品/饮料/烟酒,本科,在校/应届,"PLC工程师, 电机工程师",7-8K,贵阳,,2026-06-03 16:53:58
58ede2efb7e8461b1XF93NW6F1JQ,服务器运维工程师,周围圈,20-99人,移动互联网,本科,3-5年,"系统运维, 运维开发/DevOps, Java, Nginx, Redis, 计算机相关专业, 运维开发经验, 网络安全相关经验",7-10K,贵阳,,2026-06-03 16:53:58
255817b917175e361HF53di6FFVZ,运维工程师,重庆拉末科技,0-20人,计算机服务,大专,经验不限,,3-6K,贵阳,,2026-06-03 16:53:58
1f7685cf17852c8c03J73Nq-FVJS,驻场软硬件运维工程师,网服信息,0-20人,计算机软件,本科,1-3年,,5-9K,贵阳,,2026-06-03 16:53:58
7440263c97b2006003140tS9F1VT,电气运维工程师,长征输配电,100-499人,房屋建筑工程,大专,3-5年,"必须持证, 电子/电气/自动化相关专业, 运维经验",8-10K,贵阳,,2026-06-03 16:53:58
e65c35cc6fcecc64031z3tW0GFVT,驻场虚拟化工程师（必须具备VCP）-贵阳,中软泰和,100-499人,计算机服务,大专,5-10年,"VCP, MySQL/Oracle, Linux, 系统运维, Oracle, 运维经验",11-15K,贵阳,,2026-06-03 16:53:58
68474bc6b66b054c1XR62t-8EVI~,运维工程师,云肆网络,0-20人,O2O,大专,1年以内,"系统运维, 运维, IT支持",3-6K,贵阳,,2026-06-03 16:53:58
b67129c6f99761601nxy2dW1ElpX,机房运维工程师,紫晶通信,100-499人,通信/网络设备,大专,经验不限,"机房运维, 安全运维, 自动化运维, 系统运维, 运维通信资格证书",4-8K,贵阳,,2026-06-03 16:53:58
b33a497a96695b2903V82t60GVZW,网络工程师,南京苏瑞智能科技,20-99人,通信/网络设备,大专,1-3年,,4-6K,贵阳,,2026-06-03 16:53:58
9507718368a1d38b33F80tu0FVo~,运维服务二线工程师,蓝云魔方,20-99人,计算机软件,大专,5-10年,"运维工程师, 大数据运维, 运维监控, 存储运维, 实施运维, 机房运维, 虚拟化运维, IT技术支持",5-8K,贵阳,,2026-06-03 16:53:58
7498db4da83a336103Fz2d28E1pW,运维工程师,黔诚创客,0-20人,通信/网络设备,大专,1-3年,"网络运维, 实施交付运维, 系统运维, 计算机相关专业, 网络安全相关经验, 运维经验",4-5K,贵阳,,2026-06-03 16:53:58
f59f7d985e9bdab80nR80tW7F1BV,电力运维工程师,广西海辉新能源,20-99人,电力/热力/燃气/水利,学历不限,1-3年,,5-8K,贵阳,,2026-06-03 16:53:58
63fab57be5fdedab03Bz2N69E1ZZ,运维工程师,恒立诚广告,0-20人,广告/公关/会展,大专,1-3年,"网络运维, 系统运维, 计算机相关专业, 通信相关专业, 运维经验, 项目分红, 合伙人",3-6K,贵阳,,2026-06-03 16:53:58
a38b98c6369d99890nV73dq_GFdS,java开发工程师,先越技术,20-99人,通用设备,本科,1-3年,,8-13K·14薪,贵阳,,2026-06-03 16:53:58
b64182b6d384c43d0nB43tW4FFVY,运维工程师,贵州合江文化传媒...,20-99人,广告/公关/会展,本科,3-5年,"网络运维, 运维开发/DevOps, 实施交付运维, Python/Shell, Golang, Redis, Elasticsearch, MySQL/Oracle, 计算机相关专业, 通信相关专业, 电子/电气/自动化相关专业, 运维经验, 运维开发经验",4-8K,贵阳,,2026-06-03 16:53:58
2b768693789d2f911HBz0tu8EFJV,运维工程师,贵州星远科技,0-20人,计算机服务,中专/中技,1-3年,"桌面运维, 网络运维, 系统运维, 计算机相关专业, 网络安全相关经验, 打印机/复印机维修经验",3-4K,贵阳,,2026-06-03 16:54:19
e5605b8d4d5256cf03x92tu6GVtU,运维工程师,雲起智控,0-20人,环保,大专,经验不限,水质运维,4-7K,贵阳,,2026-06-03 16:54:19
32791f606261909d1nN-2N-8ElJY,运维工程师,合兴科技,0-20人,计算机硬件,大专,经验不限,"网络运维, 系统运维, 实施交付运维, 计算机相关专业, 网络安全相关经验",3-7K,贵阳,,2026-06-03 16:54:19
503cd7c4e7be3c9f03Z_2Nu9E1JW,污水运维工程师（常驻环保管家项目）,澳源环保集团,20-99人,环保,本科,5-10年,"有环保工程师经验, 废水处理设计经验, 污水运维经验",5-8K,贵阳,,2026-06-03 16:54:19
390ec9b2d4b57e301HN_2tu6F1Y~,运维工程师,昊盛,0-20人,计算机软件,大专,1年以内,"MySQL, SQLServer, 系统管理员",4-8K,贵阳,,2026-06-03 16:54:19
d358a8852aa77ad51nJ60tu9F1ZR,JAVA运维工程师,旌霖科技,20-99人,信息安全,大专,1-3年,"Linux, 系统运维, 应用运维, 数据库运维, Nginx, Tomcat, Oracle, MySQL",4-8K,贵阳,,2026-06-03 16:54:19
a862dbd825f9d62203Fz3d-4ElZV,运维工程师,海南技龙电子设备维修,0-20人,回收/维修,初中及以下,1-3年,电子/电气/自动化相关专业,3-7K,贵阳,,2026-06-03 16:54:19
1ff5a9f4880988a31Xx82dm8EVJW,技术工程师,升腾网络,0-20人,通信/网络设备,大专,1-3年,网络运维,5-8K·14薪,贵阳,,2026-06-03 16:54:19
d35b9b4c42d7a95d03Jz3tq4GFVZ,全栈技术工程师,贵州溪山科技有限公司,20-99人,计算机软件,本科,5-10年,"Java, CSS, Spring/Spring Boot, JavaScript, Vue, 全栈无侧重, HTML, 计算机相关专业, 全栈项目经验",10-15K,贵阳,,2026-06-03 16:54:19
72da3b1af0e9e4b803J_0t67EFpT,运维工程师,贵州拓视实业有限公司,100-499人,通信/网络设备,大专,1-3年,,3-7K,贵阳,,2026-06-03 16:54:19
e849758115c59dec03N63tu1GFdX,网络工程师（贵州）,广州兆能,100-499人,电力/热力/燃气/水利,大专,经验不限,Linux,4-8K·13薪,贵阳,,2026-06-03 16:54:19
3300ebe12c1f17401HB42928EVJR,运维人员及学徒,中网运维,100-499人,工程施工,大专,经验不限,"网络运维, 实施交付运维, 通信相关专业, 运维经验, 网络安全相关经验",3-5K,贵阳,,2026-06-03 16:54:19
b5b84f43b706c6a41Hd83tS_EVNY,运维工程师,国龄传媒,100-499人,广告/公关/会展,大专,经验不限,"运维开发/DevOps, Kubernetes, Nginx, Docker",5-8K,贵阳,,2026-06-03 16:54:19
dd72ecf700ed2a703nV52NS0E1o~,驻点维护工程师,广州申迪,500-999人,计算机软件,大专,1-3年,"运维工程师, 运维监控, 自动化运维, 机房运维, Python, Shell, 网络协议, MySQL",5-7K·13薪,贵阳,,2026-06-03 16:54:19
79e1cd7b44b2711503d63Ni_F1VY,运维工程师,贵州奥子启网络技...,0-20人,通信/网络设备,大专,经验不限,,2-7K,贵阳,,2026-06-03 16:54:19
01506ed88afced2a0nZz0tS4F1pX,运维工程师,贵州云助理网络科技,0-20人,互联网,大专,1年以内,"桌面运维, 网络运维, 系统运维, 计算机相关专业, 通信相关专业, 电子/电气/自动化相关专业, 运维经验, 运维开发经验",3-6K,贵阳,,2026-06-03 16:54:40
5a4135b20771d68303d63tS8GVFT,运维工程师,众安网络科技,0-20人,通信/网络设备,大专,1-3年,"网络运维, 接受实习/在校生投递, 通信相关专业, 系统运维, 运维开发经验, 运维开发/DevOps, 桌面运维, 计算机相关专业, 电子/电气/自动化相关专业, 运维经验, IDC机房运维",5-6K,贵阳,,2026-06-03 16:54:40
19fe5c3104fdc4741Hx_29m1FVc~,服务器运维工程师,优法云,0-20人,移动互联网,大专,1年以内,"机房运维, 系统管理员, 数据处理",4-8K,贵阳,,2026-06-03 16:54:40
274492760a7e15e0331y2964FVU~,运维工程师,瀚德科技,100-499人,互联网金融,本科,3-5年,"运维工程师, 运维监控, Python, Shell, SQL, MySQL, Redis, NoSQL",8-12K,贵阳,,2026-06-03 16:54:40
5bb56ec331a530ea03N42tW1EFpQ,php后台开发工程师,中广电智慧公司,20-99人,互联网,本科,1-3年,"PHP, PHP开发经验",4-5K,贵阳,,2026-06-03 16:54:40
744cc5c28f7286360nd_0tu-ElNU,环保运维工程师、运维专员。,贵州黔中智城工程咨询,0-20人,电力/热力/燃气/水利,大专,3-5年,运维经验,4-9K·13薪,贵阳,,2026-06-03 16:54:40
5a99b003dbdbd6531Hxz2d-0GVJT,运维工程师,贵州迈尔巨人科技发展,20-99人,计算机服务,本科,3-5年,桌面运维,4-5K,贵阳,,2026-06-03 16:54:40
e34de44bce5a17ee03Fz29y1ElpU,数据要素协同运维工程师（贵阳）,上海哲寻信息科技,20-99人,计算机软件,本科,经验不限,"Java, Nginx, 实施交付运维, MySQL/Oracle, Elasticsearch, 运维开发/DevOps, Redis, 计算机相关专业, 运维经验",4-8K,贵阳,,2026-06-03 16:54:40
28690a93b039ba1c1HV_39q6E1dX,技术实施工程师,贵州天窝,20-99人,大数据,本科,经验不限,"OA, Oracle EBS/Fusion, 计算机相关专业, 软件实施经验, PMP",6-10K,贵阳,,2026-06-03 16:54:40
c6db07fe98d5f8851nZ72tq5FFpR,高级JAVA开发工程师,鑫智联,20-99人,互联网,本科,3-5年,"Golang, JDK, Java, C++, Linux, MySQL, SpringCloud, 微服务架构, PHP, Windows, Spring, Python",10-15K,贵阳,,2026-06-03 16:54:40
ddea41681964e76d0nd92Ni0ElFT,商城全栈工程师,贵州地林优选商贸,0-20人,批发/零售,大专,1-3年,"全栈无侧重, 全栈侧重后端, JavaScript, HTML, CSS, Java, PHP, C/C++, 计算机相关专业, 全栈项目经验, 前端开发经验, 后端开发经验, UI/UX设计, 运维",5-7K,贵阳,,2026-06-03 16:54:40
c62e24cac597786f0nR-39q9GFVY,实施工程师实习生,亚创电子科技,100-499人,计算机软件,本科,在校/应届,"HIS, 计算机相关专业, 软件实施经验, 数据库, Linux操作系统",2-3K,贵阳,,2026-06-03 16:54:40
cde3bde5d954a1581nZ80tS_FlRV,运维工程师,华成电子科技有限公司,20-99人,人力资源服务,学历不限,经验不限,"维修技术, 投影仪，大屏等维修",2-4K,贵阳,,2026-06-03 16:54:40
d36fd717d5247efe0nB_29m1EFBY,数据通信工程师,算家计算,20-99人,云计算,大专,经验不限,"网络协议, 数据通信, 网络交换技术, Linux, 核心网, 光通信, 有HCIP最好",5-10K,贵阳,,2026-06-03 16:54:40
2909eae90c3700ff03Z82N68EFVT,php后端开发工程师,支点互动,0-20人,计算机软件,本科,3-5年,,5-10K,贵阳,,2026-06-03 16:54:40
1bd955d83a8d9df203Fz3N61FlBW,高级实施运维工程师,千岩医疗,0-20人,互联网,大专,1-3年,"Nginx, MySQL/Oracle, 计算机相关专业, 运维经验, 电子/电气/自动化相关专业, his, 大数据驾驶舱",5-8K,贵阳,,2026-06-03 16:59:47
fe2ae3023ed71e3f0nB_2tW9GFtV,运维工程师,铭思软件,500-999人,人力资源服务,大专,1-3年,"Java, 运维开发经验, ORACLE",8-9K,贵阳,,2026-06-03 16:59:47
b40076d287a3e65c03Fy2tS7GFdY,运维工程师（编外技开）,贵州云上产业服务,500-999人,电子商务,大专,3-5年,,5-9K,贵阳,,2026-06-03 16:59:47
ca3a0db553c1c70d0nB63dW5GFFZ,驻场运维开发工程师,宏创信息技术,20-99人,计算机服务,大专,1-3年,,5-6K,贵阳,,2026-06-03 16:59:47
67a911c7c9f2bad80nB_3Nm8EFRY,业务运维工程师-贵阳（周末双休/13薪）,名通科技,100-499人,计算机软件,本科,1-3年,"Redis, Kubernetes, Docker, 运维经验",6-8K·13薪,贵阳,,2026-06-03 17:00:09
4dca0c32f83dd4a10nd82d-0FFZS,网络运维工程师,贵州长龙,20-99人,计算机硬件,大专,3-5年,"网络运维, 通信相关专业, 实施交付运维, 系统运维, 桌面运维, 计算机相关专业, 电子/电气/自动化相关专业, 网络安全相关经验, 运维经验, 有在能源行业从业经验",5-8K,贵阳,,2026-06-03 17:00:29
9e0a05e8acc5f3380ndz2960FFtW,运维工程师（审计方向） (MJ000226),保旺达软件,100-499人,信息安全,本科,3-5年,"oracle, 系统运维, 审计, 运维经验",8-12K,贵阳,,2026-06-03 17:00:29
0d6b44ee0d35a2be0nd_2dy9E1JW,IT综合运维工程师,康命源科技,100-499人,橡胶/塑料制品,本科,1-3年,,6-8K,贵阳,,2026-06-03 17:00:29
556df6a1fd46a7f51HB_39u7FFBY,现场运维工程师,贵州卓康教育科技,20-99人,计算机软件,大专,1-3年,"系统运维, 计算机相关专业",4-6K,贵阳,,2026-06-03 17:00:50
e96d8716d36be0eb1HF70t--EltQ,软件运维工程师,升智交科,20-99人,大数据,大专,3-5年,"Nginx, MySQL/Oracle, Linux, 系统运维, MySQL, 计算机相关专业, Windows, 网络安全相关经验, 运维经验",4-6K,贵阳,,2026-06-03 17:00:50
b53670219c8bcce50nB82tS7E1tW,云计算工程师（存储华为）,西安长河通讯有限...,1000-9999人,通信/网络设备,大专,3-5年,"存储, 云计算",11-15K,贵阳,,2026-06-03 17:00:50
d4d49837a7b2cff103Z82d-6E1ZQ,机房驻场工程师，运维工程师,贵州容讯智能科技,20-99人,计算机/通信/其他电子设备,本科,3-5年,"网络运维, 系统运维, 计算机相关专业, IDC机房运维",6-9K,贵阳,,2026-06-03 17:01:13
685ac441cba01e6c0nd63Ni_EVJS,中级运维工程师,贵州智诚科技,100-499人,计算机软件,本科,3-5年,"实施交付运维, Ansible/Salt/Puppet, 计算机相关专业, 运维经验",11-14K,贵阳,,2026-06-03 17:01:13
3f00de69e81460ff03Jy2ty5GVJX,运行工程师*,砂之船集团贵阳分公司,10000人以上,批发/零售,大专,1-3年,"电子/电气/自动化相关专业, 运维经验",5-6K,贵阳,,2026-06-03 17:01:13
2654dccb9254666c1HF_2dW0GFFX,金蝶实施运维顾问,启联科技,20-99人,计算机软件,本科,1-3年,"软件技术支持经验, 软件实施经验, ERP/OA/CRM系统, 云服务, 可适应出差",3-6K·13薪,贵阳,,2026-06-03 17:01:13
0ec97354c02ba0761nx53dm7E1tX,运维工程师,百能思,0-20人,计算机软件,大专,经验不限,"服务器配置, 网络交换技术, 应用运维, 系统运维, Windows, Linux, Unix, AIX",3-6K,贵阳,,2026-06-03 17:01:33
c34a5147b961d9af1XVz39W1ElBR,系统维护专员,黔锋,20-99人,培训/辅导机构,本科,经验不限,"搜索引擎技术, 系统运维, 安全运维, 数据库运维",2-7K,贵阳,,2026-06-03 17:01:33
7109b91c65f820a003R73Nm-EFtQ,运维驻场工程师,贵州嘉氏讯程信息科技,20-99人,电子商务,学历不限,1-3年,,5-6K,贵阳,,2026-06-03 17:01:53
c08fff0b1d3ab87d1nd609W9E1BZ,运维工程师,海润达,0-20人,环保,大专,1-3年,系统运维,4-8K,贵阳,,2026-06-03 17:01:53
79ff7bc8ca21727603J839q5GFdY,硬件运维工程师,海象信息,20-99人,计算机软件,高中,1-3年,"Java, Nginx, 网络运维, 通信相关专业, 实施交付运维, 系统运维, Redis, 计算机相关专业, Python/Shell, 电子/电气/自动化相关专业, 网络安全相关经验, 运维经验",3-6K,贵阳,,2026-06-03 17:01:53
6c87baea92b296a103N53tu-F1RV,高级机电工程师,圣能电力工程有限公司,500-999人,光伏,大专,1-3年,,11-15K,贵阳,,2026-06-03 17:01:53
06ddd5e427d5fb5b0ndy3d26FVBW,机电工程师（全国）,宏胜饮料,1000-9999人,其他行业,本科,经验不限,,6-8K,贵阳,,2026-06-03 17:02:13
42be4029fa2abdce03Z40tS6EVNR,it系统管理员,诚惠仓折扣超市连锁,20-99人,批发/零售,本科,经验不限,计算机相关专业,5-6K,贵阳,,2026-06-03 17:02:13
c106c62b6551bf9a0nB73t-_EVNU,风电工程师,匠才云,100-499人,通用设备,本科,1-3年,"户用光伏运维, 工商业光伏运维, 风电运维, 要求光伏/风电运维经验, 户用光伏运维经验, 光伏运维经验",7-12K,贵阳,,2026-06-03 17:02:13
aa2ef3b483fc68520ndy29y4FVtR,小鹿爱学智能系统 伴学教师,贵州爱丽斯文化发展,0-20人,在线教育,本科,1-3年,"心理学专业背景, 学科应试类, 小班教学（3-25人）, 培训机构, 线下教育, 英语, 外语发音标准, 物理, 教育学专业背景, Ai伴学, 豆包+教育专用教育大模型, 坐班, 中学生, 智能伴学, 数学, 学前儿童/小学生, 一对一教学, 普通话发音标准",5-8K,贵阳,,2026-06-03 17:02:56
b01e272e2a8eebe60nB82ty1FVdS,运维工程师,贵州华曜百城旅游...,0-20人,运营商/增值服务,本科,经验不限,,8-13K,贵阳,,2026-06-03 17:08:07
42322bcafba0d30c0nB52tm5FlpY,云平台运维研发工程师,医渡科技,1000-9999人,互联网,本科,5-10年,,12-18K,贵阳,,2026-06-03 17:08:07
6f79378e20d54c571HF609-4GVBV,初级网络工程师,兆和电力,100-499人,电力/热力/燃气/水利,本科,在校/应届,"CCNP/HCIP等, 有网络工程师经验, 1到3年网络工程师经验, CCNA/HCIA等, 熟悉Linux等操作系统, 大型网络实施, 系统集成商, 计算机相关专业",6-8K,贵阳,,2026-06-03 17:08:07
3b2ae9c89a21e6b40nB-3N66GFBU,大数据运维,浩鲸科技,10000人以上,通信/网络设备,本科,3-5年,"要求数据开发经验, 数据平台开发经验, MapReduce, 其他, ETL开发经验",11-15K,贵阳,,2026-06-03 17:08:07
0f83fd1fe5a6c13a3nB83Nm7ElU~,运维工程师,红祥,0-20人,通信/网络设备,中专/中技,经验不限,"运维工程师, 网络运维, IT技术支持, 运维监控, 运维, 应用运维",7-8K,贵阳,,2026-06-03 17:08:28
15f8dc1c71e6f8011XJ-0tu4FVtY,it系统运维工程师,贵州康利安,20-99人,通信/网络设备,大专,1-3年,"系统运维, 网络运维, 实施交付运维, 计算机相关专业, 通信相关专业, 网络安全相关经验",5-8K,贵阳,,2026-06-03 17:08:28
9cdc5b553bb40c0a03F72t26ElNX,应用系统运维工程师,贵州江南航天信息...,500-999人,计算机软件,本科,3-5年,系统运维,6-10K,贵阳,,2026-06-03 17:08:49
1da4ff5b015a35d80nd629q9FVFZ,网络安全工程师(态势感知/都匀/电网),卓欣,100-499人,信息安全,本科,3-5年,"南方电网, 南网, 态势感知, 电网, 电力",6-9K,贵阳,,2026-06-03 17:08:49
f36e55f45d122f930nB83d26GFJT,数据中心自控工程师,世邦魏理仕,1000-9999人,房屋建筑工程,大专,5-10年,"日常运维, 数据中心, 安防系统, 综合布线系统, 楼宇自控系统, 消防系统, 负责驻场",15-20K·13薪,贵阳,,2026-06-03 17:09:10
686b0ccb4f89ac260nR82969FVpZ,系统开发与运维管理员,贵州茅匠酒业集团,20-99人,批发/零售,本科,3-5年,"系统运维, Python/Shell, Java, Golang, Nginx, Elasticsearch, 计算机相关专业, 运维经验, 运维开发经验, 网络安全相关经验",5-8K,贵阳,,2026-06-03 17:09:30
8a426877084051390nV83dW1FldY,售前工程师（系统集成/数通/存储等）,神州新桥,1000-9999人,互联网,本科,5-10年,"系统集成, 数通, 虚拟化, 存储",10-15K·13薪,贵阳,,2026-06-03 17:09:30
1d285fbbde2386b303V92dW6EFJT,运维开发工程师,贵州升永盛,500-999人,工程施工,本科,3-5年,,6-8K,贵阳,,2026-06-03 17:10:14
b2b0d1b0137f3ac40nd42Nm9E1dR,RPA开发工程师（全栈方向）,山东云智数字科技,0-20人,互联网,大专,1-3年,"全栈无侧重, Vue, Java, Python, 计算机相关专业, 全栈项目经验, RPA经验",10-11K,贵阳,,2026-06-03 17:10:14
38bb9d4799d989171HF829m5FVpX,云平台运维工程师,数智新光,0-20人,计算机软件,本科,1-3年,"实施交付运维, 系统运维, 网络运维",6-9K·13薪,贵阳,,2026-06-03 17:10:36
2644307b0b4c62f31H192d66FVJS,运维工程师,贵州泰元,0-20人,其他专业服务,大专,1-3年,"桌面运维, 网络运维, 系统运维, 计算机相关专业, 运维经验",4-6K,贵阳,,2026-06-03 17:10:36
b67f80aaa042216e0nd72tm0GFtT,AISaaS销售经理（TMS）（车队管理系统）,北京立诚致知科技,0-20人,互联网,本科,3-5年,"面销/陌拜, 软件/企业服务产品, 对企业/机构（To B）销售经验, 企业服务, 企业（To B）, 面销/陌拜经验, 互联网/科技",15-25K,贵阳,,2026-06-03 17:10:36
fe22ca0434e81e110nZz0ti4EVZX,全栈工程师,贵州乾研科技,100-499人,互联网,本科,3-5年,全栈项目经验,9-14K,贵阳,,2026-06-03 17:10:36
4d217148f1813d0303Z53d-_E1pT,全栈开发工程师,蕾姆科技,0-20人,企业服务,本科,1-3年,"Java, CSS, Spring/Spring Boot, 后端开发经验, Vue, HTML, 计算机相关专业, 前端开发经验, 英语读写能力良好, 全栈项目经验, TypeScript, JavaScript, PHP, 全栈无侧重",6-10K,贵阳,,2026-06-03 17:10:56
42bd4cbf04f313c10nZ83tu_GVBT,运维工程师,贵州金石头科技,20-99人,通信/网络设备,大专,1-3年,"系统运维, 网络运维, 计算机相关专业, 运维经验, 网络安全相关经验, 通信相关专业",4-7K,贵阳,,2026-06-03 17:10:56
6dbdbb74aa05a6b50nR52ti9E1FX,全栈工程师,贵州麦科商务信息...,20-99人,跨境物流,本科,经验不限,,7-12K,贵阳,,2026-06-03 17:10:56
4f007b75353a0d7803F93929F1RQ,中/高级java开发工程师,长信天鹰信息系统,20-99人,通信/网络设备,本科,3-5年,"Java, SpringCloud, MySQL, MyBatis, Spring",7-10K,贵阳,,2026-06-03 17:10:56
df6aae2cc4144a780nV53tW9EVZW,安全产品交付工程师(贵阳),绿盟科技,1000-9999人,信息安全,本科,3-5年,计算机/信息安全相关专业,10-15K,贵阳,,2026-06-03 17:11:17
008f8dc3ddaefd420nZ_3Nq4ElRW,高级运维产品经理,贵州派诺信息,20-99人,大数据,本科,3-5年,"网络运维, MySQL/Oracle, 运维开发/DevOps, Python/Shell, 计算机相关专业",8-11K,贵阳,,2026-06-03 17:11:17
906eeec9f8d2967b1nF52t20FlI~,Android开发工程师,中企力帆,20-99人,计算机软件,大专,1-3年,"Android UI, hybird, eclipse",8-11K,贵阳,,2026-06-03 17:11:17
0bbd8419b340c1e303Rz3tm7GFNR,安装运维 收银系统运维,贵州鸿钰数智,0-20人,智能硬件,大专,1-3年,"软件技术支持经验, 软件实施经验, 计算机/通信相关专业, 其他类型SaaS/PaaS",6-8K,贵阳,,2026-06-03 17:16:26
8693c4994a63824d0nB82ty-E1tZ,网络运维工程师,贵州华京科技有限公司,0-20人,通信/网络设备,大专,,"网络运维, 实施交付运维, 计算机相关专业, 运维经验, 网络安全相关经验, CCNP/HCIP, 网络架构设计",110-130元/天,贵阳,,2026-06-03 17:17:09
0a7927a13e50c89e0nB83di0EFFS,门户运维兼开发维护,嘉传科技,20-99人,计算机软件,本科,3-5年,运维   开发,6-7K,贵阳,,2026-06-03 17:17:09
1a381bfd0bd70ac103R_3N--F1FR,运维工程师,贵州益华通科技,0-20人,计算机服务,高中,1-3年,"Java, 网络运维, 通信相关专业, 实施交付运维, 系统运维, 桌面运维, 计算机相关专业, 运维经验, 打印机/复印机维修经验",4-8K,贵阳,,2026-06-03 17:17:29
e6b7efbea99e7415031729W1E1ZQ,运维技术支持工程师,纷享销客,1000-9999人,互联网,本科,1-3年,"系统运维, Java, 通信相关专业, 计算机相关专业, 电子/电气/自动化相关专业, 运维经验",5-8K·13薪,贵阳,,2026-06-03 17:17:29
78a729ff972e1ea71nV50960F1RZ,运维工程师,金信林,0-20人,批发/零售,大专,1-3年,"运维监控, IT技术支持, 网络运维, ERP系统管理, 安防系统",4-8K,贵阳,,2026-06-03 17:17:29
97e6b27eb78db0bb0ndz2Nq9FVZS,机电工程师,贵阳新天药业股份公司,1000-9999人,医疗健康,本科,3-5年,"熟悉PLC编程, 擅长AutoCAD, 设备维修/保养",7-8K,贵阳,,2026-06-03 17:17:50
5fff188ae5d8272e1X1629W4ElVY,充电桩运维工程师,华犇实业集团,20-99人,农/林/牧/渔,大专,1-3年,"实施交付运维, 电子/电气/自动化相关专业, 运维经验",6-8K,贵阳,,2026-06-03 17:17:50
93b113d2f003c8751nF52t20GFI~,iOS开发工程师,中企力帆,20-99人,计算机软件,大专,1-3年,"sdk开发, json, objective-c",8-12K,贵阳,,2026-06-03 17:19:37
ab5a213eee5a87780nd-2Ny7GVpX,WEB运维工程师,启明星辰,1000-9999人,信息安全,本科,1-3年,,8-11K,贵阳,,2026-06-03 17:23:44
bafeccd97cbeccd00nB-3966FFZY,大数据运维工程师,浩鲸科技,10000人以上,通信/网络设备,本科,3-5年,"Kubernetes, Docker, 大数据运维经验",10-15K,贵阳,,2026-06-03 17:23:44
7ce14d7dd38960200nd_3Nm4GFdS,弱电智能化系统集成项目经理（现场管理）,黔邦众诚,20-99人,通信/网络设备,本科,5-10年,"计算机相关专业, 管理相关专业, 系统集成项目管理工程师, 信息系统项目管理师",8-10K,贵阳,,2026-06-03 17:24:25
f8a953af2d28f0eb03x42d61ElJX,运维工程师,贵州顺拓信息科技,20-99人,计算机软件,本科,5-10年,"clickhouse, kafka, linux, mysql",8-13K,贵阳,,2026-06-03 17:24:48
19392afa3d55be5a03Vz29-1FVVR,电站运维值长,龙辰集团,500-999人,风电,大专,5-10年,实施交付运维,8-9K,贵阳,,2026-06-03 17:25:07
5bd5f8ed80c3ffe30nB43t65F1FX,实施工程师,中恒博瑞,1000-9999人,计算机软件,本科,3-5年,"计量, 线损",6-10K,贵阳,,2026-06-03 17:25:07
b9f23d259b6c234f1HVy39y8EFtR,实施运维工程师,智羽软件,20-99人,计算机软件,大专,1-3年,"系统运维, 实施交付运维, MySQL/Oracle, Nginx, Redis",4-5K,贵阳,,2026-06-03 17:25:07
8c72d24c7d4f3a920nB72tm_ElBY,桌面支持工程师,仁竹信息科技,20-99人,计算机软件,大专,3-5年,,7-12K,贵阳,,2026-06-03 17:25:52
3b94950e59c4feca03Z82Nm7ElNZ,运维工程师,贵州球实,0-20人,计算机软件,大专,经验不限,,4-7K,贵阳,,2026-06-03 17:26:34
37d84abe67dab2ce1nR729W6EVNX,运维工程师,云上北斗(贵州),20-99人,互联网,本科,1-3年,"运维, 运维工程师, 系统运维, 网络运维, 安全运维",5-8K,贵阳,,2026-06-03 17:26:54
33d1314a2a0589e50nZz3d60GFNQ,Ai模型部署运维工程师,桦茂广告有限公司,0-20人,文化艺术/娱乐,本科,1年以内,,5-8K,贵阳,,2026-06-03 17:26:54
a134e148ae9a0feb0nZ53dy0GVJR,系统运维工程师,远信科技,500-999人,互联网,本科,1-3年,"GIS, 网络运维, MySQL/Oracle, 智能控制, 运维开发/DevOps, 传感器, 遥感、空间分析",6-10K,贵阳,,2026-06-03 17:31:03
0d2d4fdb2972c4ea0nd-2Ni_EVtR,信息系统集成工程师,蓝天创新,20-99人,互联网,大专,1-3年,,5-7K,贵阳,,2026-06-03 17:31:03
07285f29471a249903Bz2dW7GFdT,运维工程师,永鼎致远,100-499人,计算机软件,本科,5-10年,,11-13K,贵阳,,2026-06-03 17:31:23
2e8da88f2ad0c0460nB42tu7GFtW,金蝶实施工程师,群鹰工程,500-999人,矿产/地质,大专,3-5年,,10-13K,贵阳,,2026-06-03 17:31:23
3475e3546cebcdf10nZ409u_FVFX,售后运维工程师,安德医智,100-499人,医疗健康,大专,1-3年,"网络运维, 实施交付运维, 系统运维, 网络安全相关经验, 运维经验",5-8K·13薪,贵阳,,2026-06-03 17:33:09
2ee035fbd3e0ec9a1nJ43dS9EFpQ,运维工程师,贵州瑞瀚,100-499人,通信/网络设备,大专,1-3年,"网络运维, 系统运维, 安全运维, IDC机房运维",4-6K·13薪,贵阳,,2026-06-03 17:33:50
94ad0bd9b3a8a1ab0nR63dS5F1dZ,运维工程师,重庆易捷商通科技,20-99人,企业服务,大专,1-3年,"无需出差, 打印机维修, 1-3年相关经验, IT运维服务商, 接受无经验",3-6K,贵阳,,2026-06-03 17:34:12
2721057a467f9df50nZ83ty7EVNY,共享充电宝运维员,贵州星诚科技有限公司,0-20人,生活服务(O2O),大专,经验不限,"实施交付运维, 运维经验",4-5K,贵阳,,2026-06-03 17:38:41
c628ff8aef30a86b1HR-29i9FVpZ,运维工程师,星星充电,1000-9999人,其他新能源,大专,1-3年,"充电桩运维, 能源设备运维",6-9K·13薪,贵阳,,2026-06-03 17:38:41
d2f8b87b5409f8fc0nB83dq_E1VW,风电机组检修，技改，运维工程师,南阳屹庭,100-499人,风电,中专/中技,经验不限,"风电, 检修, 技改, 运维",6-11K,贵阳,,2026-06-03 17:39:01
16c5e8d4c359cbef1HZ739-4EFY~,运维工程师,上海博登信息,20-99人,计算机软件,大专,5-10年,"运维, Linux, 数据库",12-17K,贵阳,,2026-06-03 17:39:42
5ccac62676aecc5e0nVy3tW_E1VV,运维工程师,贵州威尔诚医疗设...,0-20人,医疗器械,本科,3-5年,,5-8K,贵阳,,2026-06-03 17:40:03
ab79150c6dd5aa2603R63d65FFJR,技术支持工程师,纷享销客,1000-9999人,互联网,本科,3-5年,"Java, 计算机/通信相关专业, IT技术支持经验, ERP/OA/CRM支持经验, OMS/WMS/TMS支持经验, 可适应出差",8-12K·13薪,贵阳,,2026-06-03 17:40:03
c4598116a7727d1b03Ny2Ni4FFpR,硬件维护工程师,辰稷,20-99人,移动互联网,大专,经验不限,运维经验,5-8K,贵阳,,2026-06-03 17:40:44
5b814307089ae0001XV70ty9FFFS,后端开发工程师,旺黔诚,100-499人,培训/辅导机构,本科,1-3年,"Java, 服务器配置, 容器技术, Linux, MySQL, Redis, Tomcat",8-10K,贵阳,,2026-06-03 17:40:44
509c5283b5f56d1d0nd73N6_EltR,飞行器热控系统设计,星际开发,20-99人,铁路/船舶/航空/航天制造,本科,1-3年,"热能与动力工程专业, 热分析, 工程热物理专业, 制冷, 热物理, 热能",25-50K,贵阳,,2026-06-03 17:41:25
20819d5609ee2e140nd_2t68FFFW,运维工程师（茅台驻场）,华创信科,0-20人,人工智能,大专,1-3年,,4-5K,贵阳,,2026-06-03 17:46:14
e10684f5fc5d0c5e1HZ739q9F1ZS,软件实施运维工程师--贵阳,贵州北斗空间信息,20-99人,计算机软件,大专,3-5年,"实施交付运维, Nginx, Docker, Python/Shell, 计算机相关专业, 运维开发经验",6-9K,贵阳,,2026-06-03 17:46:14
51e274f900c8bbfa0nB62Ny9EFZV,医疗软件实施工程师（贵州）,玖壹叁陆零医学科技,100-499人,医疗器械,大专,5-10年,,6-10K,贵阳,,2026-06-03 17:46:55
e813d29fe33a264603N_2d-8GVdV,运维工程师,润建股份,1000-9999人,互联网,本科,3-5年,,6-8K,贵阳,,2026-06-03 17:47:37
3006a5729e63caa603Bz29q-E1JY,运维工程师（数据中心）-编外,贵州云上产业服务,500-999人,电子商务,大专,1-3年,,4-9K,贵阳,,2026-06-03 17:52:49
0024d1790b69d6b70nB-2Nq_F1dT,容器运维工程师,中黔电气,20-99人,电力/热力/燃气/水利,本科,3-5年,,7-11K,贵阳,,2026-06-03 17:53:10
041f34904f2318650nB-09y4FFpS,java后台开发工程师,贵州牛牛汽车,100-499人,其他生活服务,大专,3-5年,,6-8K,贵阳,,2026-06-03 17:53:30
0e266c974d06909203F93NW6FVFW,共享充电宝运维员+有车优先,贵州江港科技有限公司,100-499人,互联网金融,学历不限,经验不限,"网络运维, 系统运维, 运维经验",5-8K,贵阳,,2026-06-03 18:00:05
47918d1aa8e8d6540ndz09W_EVVV,网络运维工程师,贵州华京科技有限公司,0-20人,通信/网络设备,大专,1-3年,"网络运维, 计算机相关专业, 运维经验, 网络安全相关经验",3-5K·13薪,贵阳,,2026-06-03 18:00:24
be06d0df3ac5e37e03Fy3NW5EFJX,运维工程师,大唐数字科技有限公司,500-999人,计算机软件,本科,1-3年,"网络运维, 系统运维, 桌面运维",6-8K,贵阳,,2026-06-03 18:02:11
fe67108b7f37b4ff0nB_0t-8EVtY,机房设备监控开发工程师,东方国信,1000-9999人,计算机软件,本科,3-5年,"Zabbix/Prometheus, Python/Shell, Java, 运维开发经验, 计算机相关专业, 网络安全相关经验, 通信/工程相关专业",10-15K,贵阳,,2026-06-03 18:03:16
e5d3243f50b2dc7e0nR_09q6FlJR,运维开发工程师,开勰,0-20人,互联网,大专,5-10年,,9-12K,贵阳,,2026-06-03 18:08:46
9b340d259890045f1XN509i6FVNQ,运维售后工程师,贵州奥宇,0-20人,批发/零售,中专/中技,1-3年,认真做事的有技术的专业素质人才,4-7K,贵阳,,2026-06-03 18:09:28
c26246278a171b9c0nZ62967ElRR,市政给排水工程师,高屋建瓴工程设计,0-20人,建筑设计,学历不限,3-5年,,4-6K,贵阳,,2026-06-03 18:09:48
7c111700910903c10nB42N-5GFtV,后端开发工程师,贵州志渝科技有限公司,0-20人,互联网,本科,5-10年,"Java, Python, Spring, SpringCloud, MyBatis, MySQL, Spark",10-15K,贵阳,,2026-06-03 18:09:48
c504c9b50570dece03x63928ElRR,硬件系统工程师-贵阳,华鑫信息,500-999人,智能硬件/消费电子,本科,3-5年,"汽车硬件产品, 硬件开发经验",11-20K,贵阳,,2026-06-03 18:11:12
ce97bc3d7745572b0nVz0tu0E1RQ,在线设备运维部经理,枫桥生态,0-20人,环保,中专/中技,5-10年,"电子/电气/自动化相关专业, 在线, 运维经验",7-9K,贵阳,,2026-06-03 18:16:21
f052c1a30c45ef4d03x83N-5EldS,运维工程师,双王科技,20-99人,通信/网络设备,本科,1-3年,系统运维,4-5K,贵阳,,2026-06-03 18:17:43
3e5e163d8e2cb67c03N43N26GVZZ,运维工程师,贵州荣裕昌盛科技,0-20人,回收/维修,学历不限,1-3年,,4-6K,贵阳,,2026-06-03 18:18:05
d3a9ce13239f42e40ndz3dS_FFJY,AI 业务系统与自动化工程师（贵阳工作）,术刻,100-499人,电子商务,本科,经验不限,,5-10K,贵阳,,2026-06-03 18:18:48
c995efc981881af61Hxy2dW9GVdZ,中高级运维工程师,连屏科技,100-499人,互联网,本科,3-5年,网络运维,8-13K,贵阳,,2026-06-03 18:31:35
1f05d2d0d201024f3nN529q8FlY~,风力运维工程师,中广核龙里风力发电,0-20人,电力/热力/燃气/水利,大专,经验不限,"运维, 运维工程师",5-10K,贵阳,,2026-06-03 18:31:35
77bb6a2c640d6e1b1nR50ty8GFNT,系统运维工程师,ALHS,0-20人,计算机软件,大专,1-3年,"运维, 运维工程师, 集群运维",5-7K,贵阳,,2026-06-03 18:31:35
99ea761ef8351e810nVy29S7EltU,共享充电宝运维员,炬岷科技,0-20人,其他生活服务,学历不限,经验不限,"系统运维, 运维经验",3-6K,贵阳,,2026-06-03 18:31:35
1bd19ac78f69a5661Xd739m8FVJT,运维工程师,三琪电子科技,0-20人,通信/网络设备,大专,1-3年,"技术支持, 运维工程师, 售后工程师",4-7K,贵阳,,2026-06-03 18:31:56
110c9781d50ea7c11n153dy6GFdS,运维工程师,黔易油智慧,20-99人,电子商务,本科,经验不限,"系统运维, 安全运维",5-10K,贵阳,,2026-06-03 18:32:16
25b3bd776016183403Z939i7GVFX,信息系统实施工程师,江苏金陵科技,500-999人,计算机软件,本科,3-5年,"软件实施经验, 熟练掌握SQL语句, 计算机相关专业, 熟悉Linux操作系统, 可适应出差",10-15K·15薪,贵阳,,2026-06-03 18:32:58
068470f6c4a829290nB52t-6EFRY,信息系统专员,贵州众智医药物流,20-99人,医药批发零售,本科,经验不限,"网络运维, Java, 通信相关专业, 系统运维, 运维开发经验, Python/Shell, 计算机相关专业, 运维经验, 打印机/复印机维修经验",4-6K,贵阳,,2026-06-03 18:34:02
afa1e2e72f9a162c0nB42NS4E1JQ,等保测评工程师,广州真知卓鉴公司,20-99人,计算机软件,大专,1-3年,"计算机/信息安全相关专业, CISSP/CISP, ITIL, PMP, 等保测评师, 等级保护",6-11K,贵阳,,2026-06-03 18:34:22
bb1f098bd959f61b03Ry3965F1dQ,系统运维工程师,贵州江南航天信息...,500-999人,计算机软件,本科,经验不限,"网络运维, 系统运维, Java, Python/Shell, Nginx, Redis, MySQL/Oracle, 计算机相关专业, 运维经验, 网络安全相关经验",5-8K,贵阳,,2026-06-03 18:40:11
fb923df2c9f11b2e03B_3N-9F1ZQ,运维工程师,贵州兴创,20-99人,计算机软件,大专,经验不限,"实施交付运维, 通信相关专业, 计算机相关专业, 网络安全相关经验, 运维经验",6-7K,贵阳,,2026-06-03 18:40:54
3117c19c49aa26e41XJ42d-9EFtV,运维工程师,贵州省天地伟业,20-99人,计算机软件,中专/中技,1-3年,"安防, 实施交付运维, 计算机相关专业, 电子/电气/自动化相关专业, 运维经验",4-5K,贵阳,,2026-06-03 18:41:57
39034503e6e63ce70nZ42t60FltV,运维,矩立科技,0-20人,计算机软件,大专,1-3年,"Java, 银行",7-8K,贵阳,,2026-06-03 18:46:50
f0b9226d458103e503Z82d26EFBW,资深运维工程师,贵州矩阵传媒,20-99人,文化艺术/娱乐,本科,1-3年,,10-11K,贵阳,,2026-06-03 18:47:31
f5bca3f689214b5b0nd_3ti1GVFR,办公设备运维经理,贵州享印未来科技,0-20人,互联网,大专,经验不限,"计算机相关专业, 运维经验, 打印机/复印机维修经验",3-7K,贵阳,,2026-06-03 18:49:59
787a259ebe0afa710nVz0ty5FFFT,交服/运维实习生,直真科技,1000-9999人,计算机软件,本科,,,100-150元/天,贵阳,,2026-06-03 18:55:31
583c3c01a08f2def0nB83dS6FldY,中级java开发工程师-贵阳-fsw,东方国信,1000-9999人,计算机软件,本科,5-10年,"Java, SpringCloud, Oracle, MySQL, 不接受居家办公, 监管报送 1104 EAST, 一表通 大集中, 银行 金融, GaussDB、Gbase, SpringCloud、MyBatis",11-16K,贵阳,,2026-06-03 18:57:14
47e12e0e4d74426303Jy39y4ElBT,驻场运维工程师,优服科技,20-99人,信息安全,大专,1-3年,,5-7K,贵阳,,2026-06-03 19:02:44
933a589141b0fc3303Nz3N68EFNS,驻场运维,北京国能英泰科技,0-20人,计算机软件,本科,经验不限,,6-8K,贵阳,,2026-06-03 19:04:12
c32f0c1453a430151HZ40tu7FlVY,运维工程师,橙钰传媒,0-20人,文化艺术/娱乐,中专/中技,1-3年,网络运维,4-5K,贵阳,,2026-06-03 19:04:34
fc7cc9d3fb10f95d1Xd63d6-F1RV,运维工程师,信安科创,0-20人,计算机服务,大专,1-3年,"系统运维, Linux, 服务器配置, 安全运维",4-5K,贵阳,,2026-06-03 19:05:15
3392bf270e0568830nR92N60FFFY,物联网管理系统后端开发工程师,贵州尧天科技有限公司,20-99人,电力/热力/燃气/水利,本科,3-5年,"Java, 物联网经验, 不接受居家办公, PostgreSQL",8-13K,贵阳,,2026-06-03 19:05:37
7cb5211dfde2175203Rz0928EFFT,数据运维工程师,贵州云上产业服务,500-999人,电子商务,大专,1-3年,计算机相关专业,5-8K,贵阳,,2026-06-03 19:10:46
25402d5320a19d7003V82t20GVJV,运维工程师,南京苏瑞智能科技,20-99人,通信/网络设备,大专,1-3年,,4-6K,贵阳,,2026-06-03 19:21:31
345136eef61e184a1Xdy0ti6EltV,弱电工程师（运维）,登鼎,100-499人,房地产开发经营,本科,经验不限,"产业园区, 停车管理系统, 日常运维, 商业综合体, 楼宇自控系统, 消防系统, 负责驻场, 弱电工程师, 数据中心, 弱电",9-14K·15薪,贵阳,,2026-06-03 19:27:01
389ff8e6d0af03b21nR-09m7E1BV,运维开发工程师,亿寰科技,0-20人,计算机服务,本科,1-3年,"运维, 运维工程师, 系统运维, 运维开发",4-5K,贵阳,,2026-06-03 19:27:45
780e62950e7256e51HN93dm0F1BQ,工程师,贵州爱里舍酒店管理,20-99人,生活服务(O2O),本科,经验不限,"系统运维, 桌面运维, 计算机相关专业, 网络安全相关经验, 大数据运维经验",10-15K,贵阳,,2026-06-03 19:29:28
4f6dc66cc6c6d0330nB62dq4FlVS,实施工程师（贵阳）,玖壹叁陆零医学科技,100-499人,医疗器械,大专,3-5年,"可适应出差, 计算机相关专业, 熟练掌握SQL语句, 软件实施经验",6-10K,贵阳,,2026-06-03 19:43:41
2e5ba47735e79b140nB82dy0E1RW,系统运维工程师【上市集团 五险一金 双休】,新开普,1000-9999人,计算机软件,本科,1-3年,,5-7K,贵阳,,2026-06-03 19:49:14
2b713a00c290965f1HB629S7E1BU,软件开发/测试/运维工程师【上海/杭州】,华为,10000人以上,计算机软件,本科,经验不限,"C, Linux开发/部署经验",15-30K·15薪,贵阳,,2026-06-03 19:51:00
a272716849bf823e03Fz3tq4EFdW,独山-光伏运维员,天津中环新能源,100-499人,新能源,大专,1-3年,"运维经验, 光伏运维",7-8K,贵阳,,2026-06-03 19:52:23
adf4d96db8eea11d1HZ-2d27FlNU,技术支持工程师,纷享销客,1000-9999人,互联网,本科,1-3年,"售前/售后技术支持, Java, ERP/OA/CRM支持经验, IT技术支持经验, 计算机/通信相关专业",6-8K·13薪,贵阳,,2026-06-03 19:57:29
564fc6c82508449c0nB63NW_EVNQ,平台服务器软件开发工程师,贵阳市昂腾技术,0-20人,计算机/通信/其他电子设备,本科,3-5年,,8-12K,贵阳,,2026-06-03 19:59:35
b64db1ae9fdd39ec1XJy3d25E1tU,运维工程师,开正凯信,0-20人,通信/网络设备,中专/中技,1-3年,"桌面运维, 网络运维, 系统运维, 计算机相关专业, 运维经验, 网络安全相关经验, 运维，网络，监控，电脑",3-6K,贵阳,,2026-06-03 19:59:56
96eec6a9295aed1d1n183ti6GVRV,技术支持工程师,贵州中节能环保,20-99人,环保,大专,1-3年,"系统运维, 安全运维, 自动化运维",4-8K,贵阳,,2026-06-03 20:00:39
8c19b5ff9cf810311XZ73di_EFVZ,中级运维,灵狮,100-499人,广告/公关/会展,大专,3-5年,"Java, 自动化运维, 分布式技术, 服务器配置, Nginx, Tomcat, LVS, Redis",7-11K,贵阳,,2026-06-03 20:13:13
3ef517a7f0210f050nB-3N6-EVNQ,后端工程师,贵州志渝科技有限公司,0-20人,互联网,本科,3-5年,,10-13K,贵阳,,2026-06-03 20:13:32
4d241838cbaf72b303d-09-6F1tT,系统财务,广西远方创客数据咨询,100-499人,其他生活服务,本科,在校/应届,集团公司,3-5K,贵阳,,2026-06-03 20:13:32
ea02357026e247fc03F63dy6GFpY,运维工程师,佰酿酒窖,0-20人,食品/饮料/烟酒,学历不限,1-3年,"有电脑/打印机维修经验, 3年以上相关经验, 网络维修, 监控维修, 打印机维修, 电脑芯片级维修, 办公设备维修商, IT运维服务商, 公司IT部门, 无需出差",4-5K,贵阳,,2026-06-03 20:14:35
21a780a7ccec860f0nd609--FFBW,广告系统ai工程师,广州羽晴,20-99人,互联网,硕士,经验不限,"深度学习, 大模型算法, 强化学习, 图像算法, 规控算法, 自然语言处理算法, 广告算法, 推荐算法, Python, 大数据处理框架(Spark/Hadoop/Hive), 分布式训练, 算法工程化经验, 发表算法相关优秀论文, 参加算法相关竞赛/获奖, 团队管理经验, 优秀开源项目经历",8-12K,贵阳,,2026-06-03 20:22:18
f821c190df1beeef0nR63di0FltU,算法工程师（贵州）,写逸网络,100-499人,人工智能,本科,1-3年,,10-12K·14薪,贵阳,,2026-06-03 20:38:13
4e5ddf191754de200nB-3tm0FlNX,IT运维工程师（需有高压电工证）,泽信融智,20-99人,计算机软件,大专,3-5年,"IDC机房运维, 网络运维, 计算机相关专业, 运维经验",5-7K,呼和浩特,,2026-06-03 20:45:20
c59e5471ec02a05103Jy3ti_EltV,系统运维工程师,数字安全,20-99人,信息安全,大专,1-3年,,4-6K,呼和浩特,,2026-06-03 20:45:20
04464343ec0391050nB62di1FFZY,运维工程师（呼市）,北京禾宇号信息科技,0-20人,计算机服务,大专,1-3年,,5-6K,呼和浩特,,2026-06-03 20:45:20
8fa25b8898e167c70ndy3tu8GFVQ,机房运维,某中型人工智能公司,100-499人,人工智能,本科,3-5年,,40-60K·14薪,呼和浩特,,2026-06-03 20:45:20
2b3568c4fa55ca400ndz3di8FFdX,云计算中级运维工程师,傲林,20-99人,通信/网络设备,大专,1-3年,"计算机相关专业, 运维经验, 运维开发经验, 网络安全相关经验, 云计算, 信息安全, 软件/IT服务, 云计算开发, 云计算实施",4-6K,呼和浩特,,2026-06-03 20:45:20
9302128619dbc4691HVy3Nq-EFpV,高级系统运维工程师,华腾科技,100-499人,计算机软件,大专,3-5年,"Nginx, 实施交付运维, MySQL/Oracle, 系统运维, Redis",7-9K,呼和浩特,,2026-06-03 20:45:20
84ac231209cd0b8d0nB839-5F1tY,运维工程经理,泰康之家蒙园,100-499人,其他生活服务,本科,1-3年,,15-20K,呼和浩特,,2026-06-03 20:45:20
224eb927b18293fb0nd829i5F1RW,运维工程师(呼市）,大数元,500-999人,计算机软件,大专,1-3年,,6-7K,呼和浩特,,2026-06-03 20:45:41
75279d51b9b4d4af0nZ629S9F1JU,硬件运维工程师,科大讯飞,10000人以上,互联网,本科,5-10年,"Linux/Windows, 服务器运维经验, 悉Ansible、SaltStack",15-30K·14薪,呼和浩特,,2026-06-03 20:45:41
f97aba68c5f8c78e03Ry39q-EVBZ,运维工程师-内蒙古（双休/年终奖）,名通科技,100-499人,计算机软件,本科,1-3年,"通信相关专业, 系统运维, 计算机相关专业, 运维经验",6-8K·13薪,呼和浩特,,2026-06-03 20:45:41
1ce0e6ab6e3479c20nB82tu5ElpV,运维工程师,新华三技术有限公司,10000人以上,计算机软件,本科,3-5年,"网络运维, Python/Shell, 计算机相关专业, 通信相关专业, 运维经验, 运维开发经验, TCP/IP, 存储",11-20K·14薪,呼和浩特,,2026-06-03 20:45:41
3097e325343127540nB82du6GVdU,驻场机器人运维工程师（五险）,亿嘉和,500-999人,智能硬件,大专,经验不限,"实施交付运维, 系统运维, 运维经验, 运维开发经验, 打印机/复印机维修经验, 电子/电气/自动化相关专业, 户外工作, 出差",5-10K,呼和浩特,,2026-06-03 20:45:41
f367bfbd7d5a7d2b03V83tq-EFBQ,岗位：系统运维工程师（银行项目）,中科迅能科技有限公司,20-99人,计算机软件,本科,1-3年,"系统运维, 计算机相关专业, 运维经验",5-7K,呼和浩特,,2026-06-03 20:45:41
73998aae03f0320e0nZ53dy1FlVX,双休 运维工程师,百格利科技,20-99人,计算机软件,本科,1-3年,,4-5K,呼和浩特,,2026-06-03 20:45:41
64e3f5a4e094a6420nB42ty7GVtY,技术服务工程师（呼和浩特）,西安长天长软件,100-499人,计算机软件,大专,1-3年,,6-8K,呼和浩特,,2026-06-03 20:45:41
80355d3fab72c92b0nB-2d21GVJQ,风机运维工程师,唐山智宸科技,20-99人,风电,高中,经验不限,系统运维,5-10K,呼和浩特,,2026-06-03 20:45:41
b44ee3744dc0542b1XV93tS_FVdZ,云运维工程师,河北华恒信,500-999人,通信/网络设备,本科,3-5年,"Linux, Openstack, CCIE证书",8-13K,呼和浩特,,2026-06-03 20:45:41
5deeb4ccf28c6c5a0nZy3Nu5FldS,技术支持工程师,任子行,1000-9999人,计算机软件,本科,3-5年,"网络运维, IT技术支持经验, 通信相关专业, 实施交付运维, 计算机/通信相关专业, 大数据运维经验, 系统运维, Python/Shell, 网络安全相关经验, IDC机房运维, Linux 信息安全",8-12K,呼和浩特,,2026-06-03 20:45:41
ce220daea0f614bb031z0ti6GVBY,通信电源运维工程师,沈阳朗云信通科技,0-20人,通信/网络设备,大专,1-3年,"通信相关专业, 电子/电气/自动化相关专业, 运维经验",5-7K,呼和浩特,,2026-06-03 20:45:41
8272b1415036b9f00nB839i1GFVQ,AIO运维工程师-呼和浩特,河南维畅企业管理咨询,20-99人,互联网,大专,3-5年,,5-7K,呼和浩特,,2026-06-03 20:45:41
42c07b71b904395c0nd53d64FFNT,电力运维,法本,10000人以上,计算机软件,本科,3-5年,"网络运维, 系统运维, IDC机房运维, Nginx, Redis, Docker, 运维经验, 通信相关专业",11-14K,呼和浩特,,2026-06-03 20:45:41
53c13e4d17797e351HR639u1F1JQ,linux运维工程师,惠通科技,20-99人,计算机软件,大专,经验不限,"桌面运维, 系统运维, 实施交付运维",2-4K,呼和浩特,,2026-06-03 20:46:00
3f1f5721c53c51171HJ529S5GFtS,华为云运维工程师,垚鑫同创,100-499人,计算机服务,本科,5-10年,"网络运维, 系统运维",10-15K·14薪,呼和浩特,,2026-06-03 20:46:00
53991113f28f916603R-3t60FlJW,系统运维工程师,和利信息,20-99人,土木工程,本科,3-5年,"网络运维, 系统运维, Docker, Kubernetes, 计算机相关专业, 运维经验, 运维开发经验",6-8K,呼和浩特,,2026-06-03 20:46:00
05c0be754d27aa2c0nZy3dW5FFVU,IDC基础设施运维工程师（呼和浩特）,诚云科技,500-999人,互联网,本科,3-5年,"电气, 暖通, IDC设施运维, IDC机房运维, 高低压 制冷证书, 弱电",15-21K·15薪,呼和浩特,,2026-06-03 20:46:00
146e80278c601faf03d809-6EVZW,运维工程师,北京圣芯诺科技,20-99人,通信/网络设备,大专,3-5年,,6-7K,呼和浩特,,2026-06-03 20:46:00
e2d481ed80189cbe1HJy2Nu6FVRY,系统运维,内蒙古普爱,20-99人,进出口贸易,大专,1-3年,"网络运维, 系统运维, 实施交付运维",4-6K,呼和浩特,,2026-06-03 20:46:00
51246c9fdb4d55d10nZ82t66FFFZ,中级运维实施工程师,内蒙古金财信息技...,100-499人,计算机软件,本科,5-10年,"软件实施经验, 熟练掌握SQL语句, 项目管理经验, 计算机相关专业",7-9K·13薪,呼和浩特,,2026-06-03 20:46:00
412500a2fa8447190nB_2dW9FFZX,电气工程师,万氪睿速,20-99人,计算机软件,大专,5-10年,,9-13K,呼和浩特,,2026-06-03 20:46:00
739cb817a62033f503J52Nq5GFdX,网络运维工程师,内蒙古自立科技,20-99人,信息安全,大专,1-3年,"网络运维, 通信相关专业, 计算机相关专业, 网络安全相关经验, 运维经验",5-7K,呼和浩特,,2026-06-03 20:46:00
f028e370c1b670c91XZ729-9FFBV,维修维护工程师,骏明信息,0-20人,计算机硬件,中专/中技,1年以内,"系统运维, 机房运维, 最好有电工证, 计算机相关专业, 电子/电气/自动化相关专业, 安全运维, 运维经验",3-4K,呼和浩特,,2026-06-03 20:46:00
933e3fde57ed16be1HJ939q6EVY~,实施工程师,一证通ca,20-99人,信息安全,本科,3-5年,"解决方案, 项目管理, 需求分析",5-7K,呼和浩特,,2026-06-03 20:46:00
eeddeed1abc95d0403dy39-6EVpR,运维,北京乐恒科技,100-499人,互联网,本科,1-3年,,9-14K,呼和浩特,,2026-06-03 20:46:00
3f170ce2c997eacb0ndz09y6GFJW,网络工程师,杭数人才,100-499人,计算机软件,大专,3-5年,"有网络工程师经验, 不需要出差, 3到5年网络工程师经验, 5年以上网络工程师经验, 1到3年网络工程师经验, 熟悉Linux等操作系统, 大型网络运维, 大型网络实施, 金融网络运维, 网络架构设计, CCIE/HCIE等, ospf, bgp, isis, 防火墙, 安全产品",8-12K,呼和浩特,,2026-06-03 20:46:00
3d15cd3d00691a570nB_0t6-FFVZ,idc运维工程师,上海蒙帕,100-499人,企业服务,大专,3-5年,"IDC机房运维, 低压电工证, 机房巡检, 倒班",6-7K·13薪,呼和浩特,,2026-06-03 20:46:00
68aabd997af6363103d_29-0F1dQ,弱电工程师,九福科技,20-99人,计算机服务,大专,3-5年,"低压证, 高压证, 消防系统",12-20K,呼和浩特,,2026-06-03 20:46:00
65741c6356ee20e61HN82968EldS,大数据运维工程师,国兴科技,20-99人,智能硬件/消费电子,大专,经验不限,"网络运维, 网络安全相关经验, 运维经验",4-6K,呼和浩特,,2026-06-03 20:46:22
2db864aff4056ce40nB-396-F1RR,阿里-运维工程师,石家庄华正恒通,100-499人,通信/网络设备,大专,3-5年,,5-8K,呼和浩特,,2026-06-03 20:46:22
1c72b4eb3cb83b840nB82NW4FVJR,idc运维工程师,浙江省邮电工程,1000-9999人,通信/网络设备,大专,1年以内,"通信相关专业, 计算机相关专业, 电子/电气/自动化相关专业, 运维经验, IDC机房运维",3-4K,呼和浩特,,2026-06-03 20:46:22
a299c7e92279db9b031_29u1FFRZ,售后运维工程师（内蒙）,盛视科技股份有限公司,500-999人,智能硬件,大专,1-3年,"通信相关专业, 系统运维, 桌面运维, 计算机相关专业, IDC机房运维",4-6K,呼和浩特,,2026-06-03 20:46:22
6529784ca8c4c4e403d_2ty4EltQ,数据中心运维工程师,亚康万玮,1000-9999人,互联网,大专,1-3年,,5-8K,呼和浩特,,2026-06-03 20:46:22
2e7c66df4abd39a11HF739q9EFtZ,运维工程师,金贤科技技术服务,20-99人,云计算,中专/中技,经验不限,,5-7K,呼和浩特,,2026-06-03 20:46:22
1c1901e4f084a2fe03xz0tS-FVRV,财务实施运维工程师,杭州海智拓信息科技,10000人以上,企业服务,本科,3-5年,"fico, 电网国网, 软件实施经验, ERP, SAP, 工程资产, 财务erp, 财务相关专业, 财务系统实施运维, 计算机相关专业, 管理相关专业",8-13K,呼和浩特,,2026-06-03 20:46:22
9487b97b6fb341b81HZy2t-7GFNX,运维服务人员,内蒙古亚智,0-20人,计算机软件,本科,1-3年,"计算机相关专业, 通信相关专业, 运维经验",4-5K,呼和浩特,,2026-06-03 20:46:22
7b6de972043203d30nB63tS6GFNV,驻场工程师,巨鹏,100-499人,互联网,大专,3-5年,,4-6K,呼和浩特,,2026-06-03 20:46:22
b4bce672540617970nRz3NW6FVNZ,运维工程师,吉林省天晟数科信...,20-99人,大数据,本科,1-3年,"Java, 网络运维, 通信相关专业, 运维开发经验, 计算机相关专业, 网络安全相关经验",8-9K,呼和浩特,,2026-06-03 20:46:22
9c549cee548504eb0nZ93Nm6FlpY,IDC运维工程师~和林NY,金石易服,1000-9999人,大数据,大专,经验不限,"机房运维, 服务器配置, 网络协议",6-7K,呼和浩特,,2026-06-03 20:46:22
15891390b4101c2f0nR_0tm5EVNZ,弱电工程师,中联云港,100-499人,互联网,大专,3-5年,,15-20K·13薪,呼和浩特,,2026-06-03 20:46:22
d7403854999c035403x93dm4FFJS,网络工程师（驻场运维）,紫光软件,500-999人,计算机软件,本科,3-5年,"网络运维, IDC机房运维",9-12K,呼和浩特,,2026-06-03 20:46:22
3a95e684cc659e73031_09q7FFtU,运维工程师信息系统工程师（五险双休）,内蒙古翔宇信息公司,20-99人,通信/网络设备,大专,3-5年,"网络运维, 系统运维, IDC机房运维, 计算机相关专业, 通信相关专业, 运维经验, 网络安全相关经验, 大数据运维经验",6-8K,呼和浩特,,2026-06-03 20:46:22
e5f0b714fe23e7ad1HV62Nq4FVNX,运维工程师,乐惠小百花,0-20人,批发/零售,学历不限,1-3年,系统运维,5-6K,呼和浩特,,2026-06-03 20:46:22
2de711422ccd2c110nB_3NW5FFVU,调试工程师（内蒙-和林格尔）,共济科技,500-999人,计算机软件,本科,1-3年,,7-10K,呼和浩特,,2026-06-03 20:46:44
d80810d4e1d075bf0ndz2dy_ElJY,数据中心基础设施运维工程师,永康世纪,0-20人,计算机服务,大专,1-3年,,100-300元/天,呼和浩特,,2026-06-03 20:46:44
3b90c1e112da8bb91HJ82N2-ElNZ,运维技术工程师,德壹电力,20-99人,通信/网络设备,本科,1-3年,福利待遇好,4-8K,呼和浩特,,2026-06-03 20:46:44
c4bcedfe161cb5f30nR62dy7FVFY,变电站运维,世华中科,20-99人,学前教育,大专,1-3年,,7-9K,呼和浩特,,2026-06-03 20:46:44
27dbe5da725123a71XJ53di8F1FX,桌面系统运维工程师,宝亮科技,20-99人,计算机软件,大专,3-5年,"网络运维, 桌面运维",3-4K,呼和浩特,,2026-06-03 20:46:44
f797cdfb0252bf870nV429S_E1BU,idc驻场工程师（内蒙）,仪征恒泰科技开发,100-499人,通信/网络设备,大专,3-5年,,10-13K,呼和浩特,,2026-06-03 20:46:44
42bbde889c6c8f8d03Z92tq0FVBX,开发、业务、系统运维、营销,艺大,0-20人,培训/辅导机构,本科,1-3年,,4-9K,呼和浩特,,2026-06-03 20:46:44
ffbdb872b71574e50nB_3dq0FVtQ,idc机房运维工程师,迪原创新,100-499人,计算机软件,大专,1-3年,IDC机房运维,4-6K,呼和浩特,,2026-06-03 20:46:44
522e65ade6c22aa61Hx939S5F1pX,it运维专员,内蒙古方项网络科技,0-20人,电子商务,硕士,10年以上,,5-9K,呼和浩特,,2026-06-03 20:46:44
922e83ed9c53622f03160tu5FFJT,IT运维工程师（驻点内蒙古移动）,黑晶科技,0-20人,计算机服务,大专,3-5年,"Nginx, MySQL/Oracle, Docker, 系统运维, 运维开发经验, 桌面运维, Redis, 计算机相关专业, 运维经验, Kubernetes",4-7K,呼和浩特,,2026-06-03 20:46:44
c7fe6e1595496eb703Jy2dy-EFpU,golang高级开发工程师,璟云科技,0-20人,互联网,学历不限,3-5年,"Golang, Docker, Golang服务端开发经验, Kubernetes",6-11K,呼和浩特,,2026-06-03 20:46:44
00f87b96c4ec8a730nV43N-8FFdT,运维开发工程师,北京南凯,100-499人,计算机软件,本科,1-3年,,5-7K,呼和浩特,,2026-06-03 20:46:44
8cbfd4a4124de4b51nx92Nq1FFpQ,系统运维工程师,前程远大,0-20人,智能硬件,本科,1年以内,Linux,3-5K,呼和浩特,,2026-06-03 20:46:44
1d1d586741369cce1HZ42Nq4E1dS,运维工程师,伯罗奔尼科技,20-99人,电力/热力/燃气/水利,本科,3-5年,"网络运维, 实施交付运维",8-11K,呼和浩特,,2026-06-03 20:46:44
fe18be644682eddf0nR93960EFBY,运维工程师,中电信数智,1000-9999人,通信/网络设备,本科,3-5年,,8-10K,呼和浩特,,2026-06-03 20:46:44
0a196e094b2b58450nZ62Nu5E1BT,信息运维主管,利业商贸,1000-9999人,批发/零售,本科,1-3年,"系统运维, 运维开发经验, 大数据运维经验",6-7K,呼和浩特,,2026-06-03 20:47:06
3804510fe67cfe741Hdy3Nm_EVNV,驻场it运维工程师,青岛微码信息技术,20-99人,医疗器械,大专,3-5年,"桌面运维, 网络运维, 系统运维",4-6K·13薪,呼和浩特,,2026-06-03 20:47:06
6c9f9c944609d60b0nRz3tW1FVVY,idc机房运维,蓝奕信息,20-99人,通信/网络设备,本科,经验不限,"通信相关专业, 计算机相关专业, IDC机房运维",3-4K,呼和浩特,,2026-06-03 20:47:06
94910c4ce74662a203F509q4EVFV,大数据运维工程师,玉泉区旭霄日用品店,0-20人,其他消费品,大专,经验不限,,6-11K,呼和浩特,,2026-06-03 20:47:06
513945059e447df90nB63tq8FltQ,网络工程师,绿色苹果,100-499人,计算机服务,大专,3-5年,,7-12K·13薪,呼和浩特,,2026-06-03 20:47:06
fca640c1e9bc3e0b1HN539-8EVVV,机房运维工程师,润建股份,1000-9999人,互联网,本科,3-5年,"IDC机房运维, 计算机相关专业, 通信相关专业, 运维经验",5-7K,呼和浩特,,2026-06-03 20:47:06
bdcd41bc1565348a0nV63N-_GFBW,运维工程师,中科院沈阳计算所,100-499人,计算机软件,本科,3-5年,"系统运维, 运维经验",5-7K,呼和浩特,,2026-06-03 20:47:06
8c1ffb267ef1c1ff0nB73N6_EFZZ,财务软件工程师,内蒙古蒙辰,20-99人,计算机软件,大专,经验不限,"会计/财税类专业, ERP项目实施",4-8K,呼和浩特,,2026-06-03 20:47:06
e050e8ed2c0de1100nZ72N69GFJV,运维工程师,北京国领智能科技,20-99人,计算机软件,大专,3-5年,网络运维,7-10K,呼和浩特,,2026-06-03 20:47:06
783f357627ec325103V63t65ElBV,运维工程师,世纪环宇,20-99人,物联网,大专,1-3年,"系统运维, 电子/电气/自动化相关专业, 运维经验",5-6K,呼和浩特,,2026-06-03 20:47:06
e2753a34118b60bf03B43ti6E1dT,机房运维工程师,紫光云数,1000-9999人,计算机软件,本科,1-3年,"网络运维, IDC机房运维, 计算机相关专业, 通信相关专业, 运维经验, 网络安全相关经验",5-7K·13薪,呼和浩特,,2026-06-03 20:47:06
043b3eeb1e81aebe0ndz3929E1VU,内蒙-电气运维工程师,宏佑信息,20-99人,大数据,大专,1-3年,,15-21K·13薪,呼和浩特,,2026-06-03 20:47:06
198eb1c0fc7affd71nJ93dy9F1VQ,运维工程师,内蒙古节奏科技,0-20人,互联网,高中,经验不限,"网络, IT支持",3-7K,呼和浩特,,2026-06-03 20:47:06
a231c6098df6e6f20nV52tu4GVRY,暖通主管工程师,特发信息,1000-9999人,通信/网络设备,本科,3-5年,,14-15K,呼和浩特,,2026-06-03 20:47:06
2efc491e1a045f0803F509-4F1BR,运维工程师（包住宿）,星辰大海超算,20-99人,互联网,学历不限,经验不限,IDC机房运维,3-4K,呼和浩特,,2026-06-03 20:47:06
49ce7aab0d29e1a103Jy0924EVFR,it技术支持/维护工程师,外星人电竞馆,0-20人,社交网络与媒体,学历不限,1-3年,"网络运维, 系统运维, 桌面运维",3-5K,呼和浩特,,2026-06-03 20:47:27
0425979c9325afac1Hd539u7FlZQ,驻场运维工程师（呼和浩特市）,众鑫云创,20-99人,计算机软件,本科,1-3年,"Java, 实施交付运维, MySQL/Oracle, Docker",5-8K·13薪,呼和浩特,,2026-06-03 20:47:27
cec9a8d2b32b74bf03153du0EVBS,运维工程师,广泽电子科技,0-20人,通信/网络设备,大专,,,100-150元/天,呼和浩特,,2026-06-03 20:47:27
ceb804ff1412108c0nVy3dm-FVtR,智能弱电系统集成工程师,天亿度,0-20人,电子/半导体/集成电路,大专,1-3年,"弱电系统集成经验, 运维工作经验, 计算机相关专业",5-8K,呼和浩特,,2026-06-03 20:47:27
547d2288add2548e03x63tm1GFNQ,运维实施工程师,欣荣惠,20-99人,计算机服务,本科,1-3年,,7-8K,呼和浩特,,2026-06-03 20:47:27
d9563641068b6ab103B93Ny1FltX,云平台运维,科盛信安,20-99人,计算机硬件,本科,1-3年,,4-6K,呼和浩特,,2026-06-03 20:47:27
40651c22f080b3831HR52tS7GVBU,安装维护工程师,凌志传媒,0-20人,广告/公关/会展,学历不限,1-3年,"网络运维, 系统运维",3-8K,呼和浩特,,2026-06-03 20:47:27
0bee42bd737dd7e41HJ43dq_FlRW,驻场运维工程师,内蒙古元昊电子,0-20人,批发/零售,大专,1-3年,"网络运维, 系统运维, 计算机相关专业",4-6K,呼和浩特,,2026-06-03 20:47:27
d5bf0daf1d5262330nB42t-7GVJQ,运维工程师,正阳科技,20-99人,计算机软件,大专,3-5年,"桌面运维, 网络运维, 系统运维, 实施交付运维, Python/Shell, MySQL/Oracle, Docker, 计算机相关专业, 运维开发经验, 网络安全相关经验, 打印机/复印机维修经验",4-7K,呼和浩特,,2026-06-03 20:47:27
ca2ea18580bbf08103Z_39u7F1NZ,it运维工程师,北方联合,100-499人,培训/辅导机构,大专,3-5年,,4-6K,呼和浩特,,2026-06-03 20:47:27
7702583de950bd9003F82d26FFpZ,驻场网络运维工程师,玖思数智,0-20人,通信/网络设备,大专,在校/应届,"桌面运维, 网络运维, 系统运维, IDC机房运维, 实施交付运维, 计算机相关专业, 运维经验, 运维开发经验, 网络安全相关经验, 打印机/复印机维修经验",4-5K,呼和浩特,,2026-06-03 20:47:27
7b54e6362b58389d0nV63di7FlBX,变电站运维,蒙电技术,20-99人,机电工程,本科,3-5年,,3-4K,呼和浩特,,2026-06-03 20:47:27
a510cb3aeafcc5e703N73NW8GVFX,银行运维岗,银雁科技,10000人以上,企业服务,本科,经验不限,"网络运维, Java, 实施交付运维, 桌面运维, 计算机相关专业, 数据库",3-5K,呼和浩特,,2026-06-03 20:47:27
eacd482456f5e91d03173dm0FVZR,运维工程师,宇山科技,0-20人,通信/网络设备,大专,1-3年,"网络运维, 系统运维, IDC机房运维, 计算机相关专业, 通信相关专业, 电子/电气/自动化相关专业, 网络安全相关经验",6-7K,呼和浩特,,2026-06-03 20:47:27
0a5bb9c7794315230nd53N65FFBW,运维工程师,通信科研规划设计...,500-999人,通信/网络设备,本科,经验不限,,4-5K,呼和浩特,,2026-06-03 20:47:27
2b3c831e6dbdf6650nB42tS9EFZX,运维工程师,众兵联合,0-20人,公路物流,学历不限,经验不限,,3-7K,呼和浩特,,2026-06-03 20:47:50
b2b22b650f3195cc1HZ63Ni8FFtS,运维工程师,云健科技,20-99人,计算机服务,大专,1-3年,"网络运维, IDC机房运维, 实施交付运维, 电子/电气/自动化相关专业, 运维经验, 网络安全相关经验",5-10K,呼和浩特,,2026-06-03 20:47:50
da21240a2b762a540ndy0t-7GFFX,实施运维实习生,新中大科技,500-999人,计算机软件,本科,,,150-200元/天,呼和浩特,,2026-06-03 20:47:50
11813d05434f3ff10nVy29u0FldW,运维工程师,中试电气,0-20人,新能源,本科,3-5年,"Java, MyBatis, MySQL, 架构设计经验",8-12K,呼和浩特,,2026-06-03 20:47:50
46094d3517027d4f0nV639-6GVRX,运维项目经理（驻场：呼和浩特）,中叶信息,20-99人,信息安全,大专,3-5年,"团队管理经验, PMP, 信息系统项目管理师, 系统集成项目管理工程师, 计算机相关专业",5-8K,呼和浩特,,2026-06-03 20:47:50
67432a17e06242c21X152t26EFVQ,运维工程师,译滔网络科技,0-20人,计算机软件,本科,3-5年,"系统运维, 运维开发/DevOps, SQL",7-9K,呼和浩特,,2026-06-03 20:47:50
90fb73be516e56901HJ92Ny0E1ZQ,运维工程师,内蒙古强网,0-20人,计算机软件,本科,5-10年,"Java, 通信相关专业, MySQL/Oracle, 运维开发/DevOps, 计算机相关专业, IDC机房运维",8-10K,呼和浩特,,2026-06-03 20:47:50
954c3e080c1b81c903143di6EldW,资深idc运维电气工程师,快手,10000人以上,社交网络与媒体,本科,3-5年,,20-40K,呼和浩特,,2026-06-03 20:47:50
582734923216b4871HZ60tu7EVtT,基础运维工程师,云科数据,100-499人,大数据,大专,经验不限,"通信相关专业, 运维开发经验",4-6K,呼和浩特,,2026-06-03 20:47:50
7942bb87cc4ccb900nV_3di-GFJX,实施工程师,韵律云创,0-20人,计算机软件,本科,3-5年,,8-12K,呼和浩特,,2026-06-03 20:47:50
dab5a51ba7eb131203F-09y1EFVX,运维工程师,行天下建筑有限公司,0-20人,通信/网络设备,大专,1年以内,"网络运维, 系统运维, 计算机相关专业, 通信相关专业",3-7K,呼和浩特,,2026-06-03 20:47:50
8fd06f0297c9791e0ndz09u8FFpS,GPU运维开发工程师,瞬联科技,1000-9999人,计算机软件,本科,经验不限,"系统运维, 运维开发/DevOps, GPU推理部署, NVIDIA驱动, Python/Shell, 运维经验, IDC机房运维",12-15K,呼和浩特,,2026-06-03 20:47:50
d7152b48981bb5d20XF82tm_EFc~,运维工程师,卓望公司,1000-9999人,互联网,本科,1-3年,"运维工程师, 系统运维, 网络运维, 安全运维, 网络安全, 服务器配置, 虚拟机技术, 网络交换技术",3-8K,呼和浩特,,2026-06-03 20:47:50
40393e50fa2c81860ndz3d24E1BW,数据中心电气运维工程师,中移系统集成有限公司,1000-9999人,通信/网络设备,本科,5-10年,,10-12K·15薪,呼和浩特,,2026-06-03 20:47:50
abff28c1687c33031nJ62dW_FldS,运维工程师(呼和浩特),中安智讯,20-99人,计算机软件,本科,3-5年,"自动化运维, Python, Shell, 服务器配置, 网络协议, 负载均衡技术, 网络交换技术, Nginx",4-8K,呼和浩特,,2026-06-03 20:47:50
d06d71aec7edef3a0ndy29i0FVZX,等保测评密评工程师-内蒙,卓识网安,100-499人,信息安全,本科,3-5年,"安全运维和保障, 等保测评密评, 计算机/信息安全相关专业, 等级保护测评, 网络安全测评, 密码评估, 安全运维经验",8-13K·13薪,呼和浩特,,2026-06-03 20:48:10
bd4494e356f7aa8f1XF72Ni4FlI~,运维工程师,内蒙古财通,20-99人,计算机软件,本科,3-5年,"运维, IT支持, 数据处理",4-8K,呼和浩特,,2026-06-03 20:48:10
860c1849009213b80nd80969EFVT,医疗卫生系统分析工程师,盈瑞达电子,20-99人,计算机软件,本科,5-10年,"中大型项目交付经验, 医疗/大健康行业项目经验, Rational Rose, Axure, 计算机/软件工程相关专业, 软件需求分析管理经验, 软件研发经验",9-14K,呼和浩特,,2026-06-03 20:48:10
e8ee4a187e139e4d1HV72Nm4FVZW,系统监控值班工程师,万德,100-499人,计算机软件,大专,1-3年,"实施交付运维, 通信相关专业, 计算机相关专业, 运维经验",4-5K,呼和浩特,,2026-06-03 20:48:10
5d95393e1830a8141nV429m1EFNU,运维工程师,红歌红魅,20-99人,广告/公关/会展,学历不限,1-3年,"运维, 系统运维, 网络运维, 安全运维, 大数据运维",3-6K,呼和浩特,,2026-06-03 20:48:10
fcd405227a4109680nB-3d-4FlVS,运维工程师,湖南大唐先一,500-999人,计算机软件,本科,3-5年,,5-7K·13薪,呼和浩特,,2026-06-03 20:48:10
4e813c5d6b8e814803B_39i4FVBU,管理培训生（研发、运维方向）,北京同上科技有限公司,20-99人,计算机服务,本科,在校/应届,"系统运维, DBA, MySQL/Oracle, Java, 计算机相关专业",4-6K,呼和浩特,,2026-06-03 20:48:10
5cec6782ce484a8e0nB70tW4GVZV,IDC电气工程师,中兴精诚通讯,1000-9999人,通信/网络设备,大专,3-5年,,12-18K,呼和浩特,,2026-06-03 20:48:10
fc0c3dfb542c370303B82d-4FVBV,it运维,内蒙古中科超算科技,20-99人,云计算,本科,1-3年,"网络运维, 系统运维, IDC机房运维, 计算机相关专业, 运维经验, 网络安全相关经验",4-5K,呼和浩特,,2026-06-03 20:48:10
084994a3d720159a0nd83Nq4FVNU,实施工程师,展傲公司,0-20人,计算机服务,大专,1年以内,,3-5K,呼和浩特,,2026-06-03 20:48:10
92d99f29e9d7a40003Vy0tS4EFFQ,运维工程师,英维克,1000-9999人,其他行业,本科,经验不限,IDC机房运维,5-6K,呼和浩特,,2026-06-03 20:48:10
b0f9c695a4250a241nF72dW_GFJW,运维工程师,讯业金网,20-99人,计算机硬件,大专,1-3年,"安全运维, 应用运维",4-6K,呼和浩特,,2026-06-03 20:48:10
5b1da1ac1b3249240nZ909S1ElpV,java开发工程师,迪维勒普科技,100-499人,通信/网络设备,本科,3-5年,,8-11K,呼和浩特,,2026-06-03 20:48:10
fecc60f73463f4ca1X153d66GFdW,内蒙区域运维实施工程师（实习岗）,长春天成,100-499人,计算机软件,学历不限,,"Java, DBA, MySQL/Oracle, 系统运维, 运维开发经验, 计算机相关专业, 运维经验",100-150元/天,呼和浩特,,2026-06-03 20:48:10
39d5214a1bf4591403Z929q7F1JQ,运维工程师,能瑞科技,100-499人,电力/热力/燃气/水利,大专,1-3年,,4-6K,呼和浩特,,2026-06-03 20:48:10
898eea2ab0e569730nd529S4GVdV,数据与可视化交付工程师,内蒙古聚数汇,20-99人,互联网,本科,5-10年,,9-14K,呼和浩特,,2026-06-03 20:48:31
e5c58f9c0e943d6d1HRy0tm_EVJT,运维工程师,汉正天成,100-499人,电力/热力/燃气/水利,本科,1-3年,"MySQL/Oracle, 系统运维",4-7K,呼和浩特,,2026-06-03 20:48:31
4710d740c53c93c71H162d64GVBY,运维工程师,长城软件,1000-9999人,计算机软件,本科,经验不限,"系统运维, 计算机相关专业, 运维经验, 运维开发经验",5-8K,呼和浩特,,2026-06-03 20:48:31
d9761b5b37458e171XR62dW9EltR,内蒙存储工程师,三江天地,20-99人,大数据,本科,3-5年,"Linux, 分布式技术, 存储运维, 服务器配置",12-15K,呼和浩特,,2026-06-03 20:48:31
461bd5dc814cf3560nR82t65EVRZ,运维工程师,广电银通,10000人以上,互联网金融,大专,经验不限,"通信相关专业, 桌面运维, 计算机相关专业, 打印机/复印机维修经验, 运维经验",3-4K,呼和浩特,,2026-06-03 20:48:31
a69eee1d00bf6aee0nZ93Nu0E1tT,运维工程师,江宏科技,20-99人,计算机软件,本科,1-3年,"网络运维, 系统运维, 实施交付运维",5-8K,呼和浩特,,2026-06-03 20:48:31
9318b4b4b65d23421HB42tm9F1NU,后端开发工程师,合邦电力,100-499人,计算机软件,本科,3-5年,"Java, SpringCloud, MySQL",7-11K,呼和浩特,,2026-06-03 20:48:31
6643462d14d230230nZ_0tS1E1ZZ,项目服务工程师-呼和浩特 J13373,北京华宇信息,1000-9999人,计算机软件,大专,经验不限,"Nginx, 实施交付运维, MySQL/Oracle, Docker, 系统运维, 计算机相关专业, 运维经验",4-6K,呼和浩特,,2026-06-03 20:48:31
4dd943f2ddeb49c50nB42Ny8E1tY,暖通工程师,软通动力,10000人以上,计算机软件,大专,5-10年,"有暖通工程经验, 需要长期出差/驻场, 暖通工程运维经验, 数据中心暖通工程经验, 3-5年暖通工程经验, 5-10年暖通工程经验, 10年以上暖通工程经验",8-10K,呼和浩特,,2026-06-03 20:48:31
0352ffc226a4353a0nR809i6FFpR,电力运维工程师,安徽合跃电气科技,0-20人,电气机械/器材,大专,1-3年,,4-8K,呼和浩特,,2026-06-03 20:48:31
3fcb70397178cb0033N63t-_Elc~,运维工程师,期颐信息,0-20人,信息安全,大专,经验不限,"运维工程师, 桌面运维, 网络运维",4-5K,呼和浩特,,2026-06-03 20:48:31
669eea39153382a91Hx92d27FVRY,运维工程师,爱朗格瑞,100-499人,计算机软件,本科,1-3年,"网络运维, 系统运维, 实施交付运维, 计算机相关专业, 运维经验, 运维开发经验",4-7K,呼和浩特,,2026-06-03 20:48:31
bbf00fd6204c58611Xx629S_GFZR,运维工程师,新欧科技,0-20人,移动互联网,大专,1-3年,"系统运维, DBA, 计算机相关专业, 运维经验",4-6K,呼和浩特,,2026-06-03 20:48:31
a902972d1818639c1Xd93dy_FlBR,能源实施工程师,中科航天,100-499人,互联网金融,本科,1-3年,"可适应出差, 软件实施经验, 能源行业",10-15K,呼和浩特,,2026-06-03 20:48:31
91bec08d8a2804be03F92t24ElZV,初级实施工程师,西部资信,100-499人,互联网,大专,1-3年,,5-6K,呼和浩特,,2026-06-03 20:48:31
773ab9facc2919960nZz2ti4GVZU,运维工程师（呼和浩特）,华苏科技,1000-9999人,互联网,大专,3-5年,"IDC机房运维, 系统运维, Java, 计算机相关专业, 通信相关专业, 运维开发经验, 运维经验, 大数据运维经验",7-9K,呼和浩特,,2026-06-03 20:52:40
d559b1824009493003Jy2N-0F1NU,系统运维工程师,东润能源,100-499人,新能源,本科,经验不限,"系统运维, 计算机相关专业",4-6K,呼和浩特,,2026-06-03 20:53:01
22bb6277e318ac840nB829S6GFtS,实施运维工程师,金绿汇成,0-20人,计算机软件,本科,3-5年,"实施交付运维, 计算机相关专业",7-8K,呼和浩特,,2026-06-03 20:53:01
7dcb06c512d9cbc20nZ-29W_GVNX,运维工程师,北京电旗,1000-9999人,互联网,大专,3-5年,"云, 虚拟化, 华为云, 云计算",8-9K,呼和浩特,,2026-06-03 20:53:01
1ecabdcd76598d3f0nZz29S_FVpQ,弱电工程师,达卯智能,100-499人,人工智能,大专,5-10年,,15-20K,呼和浩特,,2026-06-03 20:53:01
f06fcbe569ec92ca03Fz3ti7FFZR,数据中心基础设施运维工程师,内蒙古东方国信,100-499人,计算机服务,大专,3-5年,实施交付运维,19-24K,呼和浩特,,2026-06-03 20:53:22
f898fb90eeeb39010nR80t20GFNW,实施运维,维泰铭,100-499人,计算机服务,本科,3-5年,,7-8K,呼和浩特,,2026-06-03 20:53:22
a96ff790a21516ba0nZ52ti0EFJR,功率预测运维工程师,明扬新能源,20-99人,风电,本科,1-3年,"实施交付运维, 运维开发经验",9-14K·13薪,呼和浩特,,2026-06-03 20:53:44
f46d380d4c1e9b9e0nB-2tu5FVFV,初级运维工程师,汇天网络,20-99人,通信/网络设备,本科,经验不限,,3-4K,呼和浩特,,2026-06-03 20:54:04
5f1a2e72247c7f9403dy3dy9F1RQ,驻场运维工程师,金贝信息,20-99人,通信/网络设备,大专,1-3年,"网络运维, 系统运维, 桌面运维, 计算机相关专业, 网络安全相关经验, 运维经验",4-6K,呼和浩特,,2026-06-03 20:54:04
6ecb638dd5f2523d0nZ42965FlpW,400热线运维支持，六险一金,慧博云通,10000人以上,计算机软件,大专,1-3年,"网络运维, MySQL/Oracle, Docker, 系统运维, 400热线, 运维经验",3-4K,呼和浩特,,2026-06-03 20:54:25
01748b240e36b0c5031409u0E1FX,运维工程师（实习）,杭州城云数科技术,100-499人,人工智能,本科,,,110-160元/天,呼和浩特,,2026-06-03 20:54:46
888cd8862eaff8441H1z2di4FVFY,实验室运维专员,北京克力爱尔技术,20-99人,其他行业,大专,1-3年,"生物安全实验室, 实验室",4-6K,呼和浩特,,2026-06-03 20:55:06
195c5781e7684e9303R_3tS7FFFX,前端开发工程师,王府古建,20-99人,其他专业服务,本科,在校/应届,"JavaScript, HTML5, CSS, Java, 计算机/软件工程相关专业, 接受居家办公",2-5K,呼和浩特,,2026-06-03 20:55:06
4a8338ca292fcc380nd73dS8E1JS,java开发工程师,兆日科技,100-499人,计算机服务,大专,1年以内,"Java, Hibernate, 不接受居家办公, 分布式经验, SpringCloud, MySQL, Kafka",6-8K,呼和浩特,,2026-06-03 20:55:27
0d81740d05332be00nZ-3Nu7GVBS,JAVA 开发工程师（工业物联网方向）,内蒙古怀峰工程,100-499人,通信/网络设备,本科,5-10年,,8-12K,呼和浩特,,2026-06-03 20:55:49
76ef92075021986703N73t64GFFT,运维工程师,中盈优创,1000-9999人,计算机软件,本科,,"系统运维, Java, Python/Shell, Nginx, MySQL/Oracle, Docker, 计算机相关专业",120-130元/天,呼和浩特,,2026-06-03 20:55:49
c4f22dc95cf2d0630nZz09q_F1ZS,运维,银众科技发展有限公司,500-999人,银行,大专,1-3年,,4-6K,呼和浩特,,2026-06-03 21:01:15
7eb3c28ab0462d760nB60ti0EFVR,网络工程师,北京辉腾永盛通信科技,0-20人,通信/网络设备,大专,1-3年,,5-6K,呼和浩特,,2026-06-03 21:01:36
ef2f2de3fc62cce20nZz2NW4GVZU,网络工程师,浪涛科技,20-99人,建筑工程咨询服务,大专,5-10年,"CCNP/HCIP等, Java, 网络架构设计, 有网络工程师经验, 熟悉Linux等操作系统, 大型网络实施, 其他, 计算机相关专业, SQL, CCIE/HCIE等, 5年以上网络工程师经验, C/C++, 系统集成商, 大型网络运维, Python",7-12K,呼和浩特,,2026-06-03 21:01:36
cd4310e6fd962a950nB_3t-1F1BY,运维工程师,内蒙古斯展商贸,20-99人,批发/零售,大专,3-5年,"IDC机房运维, 电子/电气/自动化相关专业, 运维经验",10-11K,呼和浩特,,2026-06-03 21:01:36
b7a54b56b16bada91XB43dW5F1ZW,数据库运维工程师,道隆软件,100-499人,计算机软件,大专,3-5年,"SQL, Shell, oracle, mysql",7-10K,呼和浩特,,2026-06-03 21:01:56
fb1f86c8450a41e50nZ-29y7EFtU,电力算法工程师,中创慧联电力,20-99人,电力/热力/燃气/水利,本科,1-3年,"深度学习, 大模型算法, 机器学习, 气象算法, 风控算法, Python, SQL, 算法工程化经验",11-20K,呼和浩特,,2026-06-03 21:01:56
7f9d23c8347d238b0nB429S8E1tY,运维工程师（售后技术支持）,内蒙古煤易通科技...,100-499人,互联网,大专,1-3年,"MySQL/Oracle, 安防硬件经验, 系统运维, 桌面运维, 计算机相关专业, 运维经验",4-6K,呼和浩特,,2026-06-03 21:01:56
74a27b6304b5d4e50nR82dS-F1ZZ,运维工程师（内蒙古）,森华易腾,100-499人,互联网,大专,1-3年,,5-7K,呼和浩特,,2026-06-03 21:01:56
f13f4fdaa433255b1HFy3ti-GFFV,驻场运维实习生（实习岗位）,数能,20-99人,其他专业服务,学历不限,,"PR剪辑软件, 摄影, 多媒体设备软件运维",200-250元/天,呼和浩特,,2026-06-03 21:02:17
9c44edf0ed3a351403J50t21FFRS,运维工程师--和林格尔,中科曙光,1000-9999人,互联网,本科,1-3年,"实施交付运维, MySQL/Oracle, Docker, 系统运维, 运维开发经验, Python/Shell, 计算机相关专业, IDC机房运维",6-11K,呼和浩特,,2026-06-03 21:02:17
be791bc4861a3a960nB43d65GFRT,AI运维工程师-全职-呼和浩特,安畅网络,1000-9999人,互联网,本科,5-10年,"公有云, GPU算力, transformer, 卷积神经网络",15-22K·13薪,呼和浩特,,2026-06-03 21:02:17
d73c2622dca1cd2003xz3ti8F1pU,电气工程师-和林,中航信柏润,500-999人,互联网,大专,5-10年,,10-15K,呼和浩特,,2026-06-03 21:02:17
94677984faf845fb0nVy2NW1EFZS,运维工程师,亚信科技,10000人以上,计算机软件,本科,,"Java, Nginx, 通信相关专业, MySQL/Oracle, Docker, 系统运维, 计算机相关专业, Kubernetes",150-200元/天,呼和浩特,,2026-06-03 21:02:38
0e8e51ad3ee8c9320nd43N67GFNZ,电力运维-外派zy,玲珑塔科技,100-499人,计算机服务,本科,3-5年,,10-12K,呼和浩特,,2026-06-03 21:02:38
bbf5bd925f25536c0nB-3t-_FlRT,驻场工程师,巨鹏,100-499人,互联网,大专,3-5年,,5-7K,呼和浩特,,2026-06-03 21:02:38
b8621135ce064b4603B93Ny0GVNU,机房运维,科盛信安,20-99人,计算机硬件,本科,1-3年,,4-6K,呼和浩特,,2026-06-03 21:02:59
70e73355982e68a90nB60tm4EVNW,实施工程师（软件）,内蒙古财华科技,20-99人,计算机软件,本科,经验不限,,4-7K,呼和浩特,,2026-06-03 21:02:59
70713348b45652671XZ-09u6EFtU,运维专员,中环国投,20-99人,计算机软件,大专,1年以内,"系统运维, SQL Server",4-6K,呼和浩特,,2026-06-03 21:02:59
fdad78109ad43f8d03Nz2dq1FldY,电气运维工程师,博浩数据,500-999人,互联网,大专,3-5年,"IDC, 运维经验, 数据中心",15-21K·13薪,呼和浩特,,2026-06-03 21:02:59
87feee298019ae1b0X1-29S0GFA~,运维中高级工程师-呼和浩特,梦创双杨,1000-9999人,计算机软件,本科,1-3年,"Java, 计算机软件, IT技术支持, SQL",5-8K,呼和浩特,,2026-06-03 21:03:21
711d9435d97e8dcd0nZz2t66FFdT,实施工程师（驻场）,内蒙古众力合创科技,0-20人,互联网,本科,3-5年,,4-8K,呼和浩特,,2026-06-03 21:03:43
6d7b1b6b6b2942df0nB73tm1F1dS,全栈高级工程师（无人机巡检）,野茫茫,0-20人,互联网,本科,5-10年,"计算机相关专业, 全栈项目经验, 前端开发经验, 后端开发经验",10-12K,呼和浩特,,2026-06-03 21:04:04
18ea0d687c2633a81XN53dm_F1RX,idc运维工程师,内蒙古奇云网络,0-20人,互联网,大专,经验不限,"网络运维, 实施交付运维, IDC机房运维",2-6K·13薪,呼和浩特,,2026-06-03 21:04:04
2eef788c4d42d97a0nB42tm4ElRQ,交付工程师,广州云趣,100-499人,计算机软件,本科,1-3年,,7-9K,呼和浩特,,2026-06-03 21:08:34
2700d0a59e6392020nZz09u9EFBQ,运维,银众科技发展有限公司,500-999人,银行,大专,1-3年,,4-6K,呼和浩特,,2026-06-03 21:08:34
189e71f1fde978390nR-3tu0GFZX,综合运维工程师,大唐数字科技有限公司,500-999人,计算机软件,本科,3-5年,,6-10K,呼和浩特,,2026-06-03 21:09:16
b1a19864e42181060nV40tW9FFZT,机房运维经理,特发信息,1000-9999人,通信/网络设备,本科,10年以上,"IDC机房运维, 运维经验",15-22K,呼和浩特,,2026-06-03 21:09:58
921057d97984666a0ndz09u7FFRX,网络工程师,弧聚科技,100-499人,互联网,大专,1-3年,"有网络工程师经验, 不需要出差, 1到3年网络工程师经验, 3到5年网络工程师经验, 大型网络运维, 大型网络实施, 数据中心运维, 金融网络运维, CCIE/HCIE等, CCNP/HCIP等, 路由/交换/防火墙, ospf/bgp/vrrp/isis",8-12K,呼和浩特,,2026-06-03 21:09:58
a010f331e1fef2c81HB42dS_F1ZR,运维专员,保定华泽风电有限公司,20-99人,电力/热力/燃气/水利,中专/中技,经验不限,"包吃包住, 风电行业, 五险",4-6K,呼和浩特,,2026-06-03 21:09:58
7f4845ffa484266b03Ry3t60GVtQ,运维工程师,蚂蚁人工智能,20-99人,交通/运输,本科,1-3年,"网络运维, 系统运维, IDC机房运维",10-11K,呼和浩特,,2026-06-03 21:10:19
c63c21beb594f37f0nd-3Ni9EFFR,工程运维人员,颂美商业,100-499人,其他生活服务,大专,1-3年,"电子/电气/自动化相关专业, 运维经验, 系统运维, 供暖锅炉作业相关经验",3-4K,呼和浩特,,2026-06-03 21:10:59
c6c83dd188bf65650nZz2tW8GVJV,后端开发工程师,上海礼聪,20-99人,互联网,本科,经验不限,"Golang, Golang服务端开发经验",6-10K,呼和浩特,,2026-06-03 21:11:21
f47f11933cb90af10nV60tq6EVdR,金山 it运维工程师【数据中心】7*24,北京中科仙络,500-999人,互联网,大专,1-3年,,5-7K,呼和浩特,,2026-06-03 21:16:29
d2bcd2a3b372ee8d0nB-29u9ElRR,武川-运维员,中环新能源,100-499人,光伏,大专,1-3年,,7-8K,呼和浩特,,2026-06-03 21:16:29
c7c5f8d67ada19720nB_2t27ElFU,机房运维工程师,上海旷深信息科技,20-99人,计算机服务,大专,1-3年,IDC机房运维,4-5K,呼和浩特,,2026-06-03 21:17:12
07c1934444c272791XR_0tq0EVJZ,驻场运维工程师,星冉信息,100-499人,计算机软件,大专,1-3年,"SQL, Linux, Oracle",7-10K·13薪,呼和浩特,,2026-06-03 21:17:12
729e17c092ec59ae1Hx93tS9EFtU,系统运维专员,大丰源,0-20人,专用设备,本科,经验不限,"MySQL/Oracle, 运维开发/DevOps, 计算机相关专业, 电子/电气/自动化相关专业",3-4K,呼和浩特,,2026-06-03 21:17:53
221bedb22df5909c0nZ63d67EVZT,网络实施工程师,北京华海睿信科技,20-99人,信息安全,大专,1年以内,"接受无网络工程师经验, 系统集成商",4-7K,呼和浩特,,2026-06-03 21:18:37
a1a444f3a70f9ed10nB_2tq-FVdX,数据中心电气工程师,三古科技,20-99人,互联网,大专,3-5年,"IDC机房运维, 电子/电气/自动化相关专业",10-15K,呼和浩特,,2026-06-03 21:18:37
4b961d3cc3919e2d0nZ_0t-4E1RV,软件运维,内蒙古天皓玻纤,100-499人,新材料,本科,3-5年,,6-7K,呼和浩特,,2026-06-03 21:18:57
f7d0d56c604a71d80nV63dW_GVZX,内蒙古-百度代维-驻场工程师（电气）,力云科技,100-499人,通信/网络设备,大专,3-5年,"基础设施运维, 中压柜, 低压, UPS HVDC, 柴油发电机, 3P文档",11-14K,呼和浩特,,2026-06-03 21:19:20
193f5f44e9c9d2391HF43N20FltX,维护工程师,金源数智科技,0-20人,互联网,本科,1-3年,"网络运维, 系统运维, IDC机房运维, 计算机相关专业, 运维经验, 运维开发经验",8-10K,呼和浩特,,2026-06-03 21:19:20
7127dfe4c3546e020nd73tS6EFZX,运维工程师,银盛支付,1000-9999人,互联网,本科,1-3年,"网络运维, 系统运维, 计算机相关专业, 通信相关专业, 运维经验, 网络安全相关经验, 大数据运维经验",4-5K,呼和浩特,,2026-06-03 21:19:41
6c30c4d06586a1450nB_3Ny_EldV,内蒙运维工程师,直真科技,1000-9999人,计算机软件,本科,在校/应届,,5-7K,呼和浩特,,2026-06-03 21:24:48
c5369511293d55670nB-0tm8GFNV,运维工程师,东新慧科,100-499人,互联网,本科,1-3年,"实施交付运维, 通信相关专业, 系统运维, 桌面运维, 计算机相关专业, 电子/电气/自动化相关专业",6-9K,呼和浩特,,2026-06-03 21:24:48
1901845a0546ca161XB73NW_GVBS,中级运维工程师,博思数采,1000-9999人,电子商务,本科,3-5年,"系统运维, 运维开发/DevOps",7-8K,呼和浩特,,2026-06-03 21:24:48
6e3f0351c61608301XJ73Nu7GVBR,系统运维工程师,汉华软件,100-499人,计算机软件,大专,1-3年,"计算机相关专业, 运维经验",5-10K,呼和浩特,,2026-06-03 21:25:09
cb976668ffba27bd03N-2d20ElBZ,服务器运维/上门工程师,安擎计算机,500-999人,计算机硬件,大专,3-5年,服务器硬件运维,6-10K,呼和浩特,,2026-06-03 21:25:29
13abd749b9b5d71803B62dS0FVdU,it运维负责人,服安科技,0-20人,信息安全,大专,3-5年,,8-9K,呼和浩特,,2026-06-03 21:25:29
4bb19ca591f3348703x63tq5FFtQ,网络运维工程师,佳航科技,20-99人,电子/半导体/集成电路,大专,3-5年,"桌面运维, 网络运维, 系统运维, IDC机房运维, 实施交付运维, 计算机相关专业, 运维经验, 网络安全相关经验, 大数据运维经验",8-10K,呼和浩特,,2026-06-03 21:25:49
c6e5276dd7302d590nd439q7F1FQ,网络运维工程师,拓维云创,1000-9999人,计算机软件,大专,1-3年,"网络交换技术, 网络协议, Windows, Linux, 安全运维",4-5K,呼和浩特,,2026-06-03 21:26:29
bdf90dec247437300nB-3tW1GVRY,楼长-驻场运维,达卯智能,100-499人,人工智能,大专,5-10年,,15-20K,呼和浩特,,2026-06-03 21:33:04
2c803630effbacb90nB40tq7EFtZ,运维实习生,浪潮通信重庆分公司,1000-9999人,机电工程,本科,,,100-120元/天,呼和浩特,,2026-06-03 21:34:30
fbfcc5049a32b36903x50ty5GVpU,运维实习⽣,恒泰证券,1000-9999人,证券/期货,本科,,,100-150元/天,呼和浩特,,2026-06-03 21:34:50
c5fecfc07f601f811nZ83Ny7FlNZ,网络运维工程师,蓝奕信息,20-99人,通信/网络设备,本科,经验不限,"IT服务, 机房运维, 系统运维, 网络交换技术, 虚拟机技术, 网络设备, 网络协议, 云计算",2-4K,呼和浩特,,2026-06-03 21:34:50
f031da20cf3cdf161HZ82du-F1VZ,高级java工程师,江宏科技,20-99人,计算机软件,本科,3-5年,"Java, Spring, MySQL",7-12K,呼和浩特,,2026-06-03 21:36:13
0751ed48d081046e0nB_2tS8ElFU,自动售货机运维专员/工程师,肽好生物,100-499人,化学原料/化学制品,学历不限,3-5年,,4-8K,呼和浩特,,2026-06-03 21:41:05
0bb036887ca8c38e0nZ82dy0FVZR,储能电站运维技术员,显鸿科技股份有限公司,100-499人,互联网,大专,1-3年,,12-24K,呼和浩特,,2026-06-03 21:41:47
ffb2f0954d467eeb1Hx52du_GVdS,idc机房运维工程师,腾讯,10000人以上,互联网,大专,1-3年,,5-7K·13薪,呼和浩特,,2026-06-03 21:48:02
3f91c199e45965f003142Ny0GVNY,运维工程师,内蒙古胜联科技,20-99人,计算机服务,大专,1-3年,"网络运维, 系统运维, Java, MySQL/Oracle, 计算机相关专业, 运维开发经验",3-8K,呼和浩特,,2026-06-03 21:49:25
291fdd2ed8f4f2b703143di5E1NT,资深idc运维暖通工程师,快手,10000人以上,社交网络与媒体,本科,3-5年,,20-40K,呼和浩特,,2026-06-03 21:50:07
4094e68a647eb3690nZy39u-FFZX,全栈开发工程师,天津环翊科技有限公司,20-99人,计算机软件,大专,3-5年,"Spring/Spring Boot, JavaScript, Vue, 全栈侧重前端, vue3, 全栈项目经验",13-15K,呼和浩特,,2026-06-03 21:50:28
043464070092271403Nz2t-6FFRX,运维工程师,西安赛立科,20-99人,计算机软件,大专,1-3年,,3-6K,呼和浩特,,2026-06-03 21:50:28
f26930a0f1ea9a641nF_3927EldR,运维工程师,内蒙古伊特科技有...,20-99人,计算机硬件,大专,3-5年,系统运维,3-4K,呼和浩特,,2026-06-03 21:50:49
f86f573f6b9f80c50nB629q1GFBX,高级运维工程师,华誉维诚,500-999人,互联网,大专,3-5年,"网络运维, 系统运维",8-10K,呼和浩特,,2026-06-03 21:56:00
d9a6558f12538a9d03Z809-9F1JR,财务软件运维工程师,中天华胜,100-499人,信息安全,本科,3-5年,,5-10K,呼和浩特,,2026-06-03 21:57:03
da8cf081f4a5d12c1XN709u9GVJT,信息系统运维工程师,上海格蒂电力,500-999人,企业服务,大专,3-5年,"MySQL/Oracle, 系统运维",7-8K,呼和浩特,,2026-06-03 22:02:14
4fb47ec9de1b84b50nB62N-9EldT,服务器运维工程师,仁科,100-499人,互联网,学历不限,3-5年,"实施交付运维, 系统运维, 运维经验, IDC机房运维",12-18K,呼和浩特,,2026-06-03 22:02:35
3435cb996b478d5d0nZ_39u8E1JV,实施工程师（内蒙）,用尚科技,100-499人,计算机软件,本科,经验不限,,7-10K,呼和浩特,,2026-06-03 22:02:57
0b343ae25a64bfce0ndy2dy5FVdR,运维工程师,内蒙古无量数据科技,20-99人,互联网,大专,1-3年,,4-6K,呼和浩特,,2026-06-03 22:03:39
e7d5daa71652d62f1Xd90ty8FFtR,运维工程师.,神州信息,10000人以上,计算机软件,大专,3-5年,"系统运维, 运维开发/DevOps, 计算机相关专业, 运维经验, linux, k8s, 容器技术",8-10K,呼和浩特,,2026-06-03 22:03:59
15633d7c246e81b60nZy3ty1EldT,全栈开发工程师,天津环翊科技有限公司,20-99人,计算机软件,大专,3-5年,,13-15K,呼和浩特,,2026-06-03 22:04:19
605b00f43aab13ea3nx729y7F1s~,网络运维工程师,神州新桥,1000-9999人,互联网,本科,3-5年,"HCNA/HCNP, CCIE, HCIE, 网络运维工程师, 路由交换网络安全, 华为/H3C/",8-10K,呼和浩特,,2026-06-03 22:04:19
7961946c24187da61XB709y9ElNV,运维工程师,圣为科技,0-20人,互联网,大专,1年以内,网络运维,4-6K,呼和浩特,,2026-06-03 22:04:40
f4cd6ed1141991420nZy3Ny6EVdZ,暖通工程师,软帝联合,100-499人,计算机软件,大专,5-10年,"有暖通工程经验, AutoCAD, 需要长期出差/驻场, 暖通工程施工管理经验, 数据中心暖通工程经验, 供暖工程经验, 1-3年暖通工程经验",9-13K,呼和浩特,,2026-06-03 22:05:00
082295570be0ef041XV73tq6GFpZ,实施工程师,内蒙古蒙辰,20-99人,计算机软件,本科,在校/应届,"MySQL, SQL Server, Oracle",4-8K,呼和浩特,,2026-06-03 22:05:00
a8ddb0dd8818ed3b0nB63t60EFRQ,网络工程师,重庆软维科技有限公司,500-999人,计算机软件,大专,3-5年,,7-11K,呼和浩特,,2026-06-03 22:10:52
9742676d3585e1ed1HJ63tW0E1BU,网络工程师,亚创科技,20-99人,互联网,大专,3-5年,"CCNA/CCNP, 有网络工程师经验, 网络运维经验, 系统集成商, HCNA/HCNP, 计算机相关专业, 网络安全相关经验",4-7K,呼和浩特,,2026-06-03 22:11:35
19c2999b0f0592e20nZ73tu-FFVR,数据中心运维技术员,中保网盾,500-999人,计算机软件,中专/中技,1-3年,IDC机房运维,4-7K,呼和浩特,,2026-06-03 22:18:09
146bca26c97e68751HBz2N-5EVZW,运维工程师,利天电力,20-99人,计算机软件,学历不限,经验不限,运维经验,4-6K,呼和浩特,,2026-06-03 22:19:31
d25ef9f6a6c0c1aa03B43ti7GFBY,TCE运维工程师,悦智人工智能,1000-9999人,互联网,大专,5-10年,"腾讯专有云, 运维, TCE, 驻场",12-24K,呼和浩特,,2026-06-03 22:24:21
c25cbed34577ecb80nV63Nm-F1ZW,基础设施运维管理专家（呼和浩特）,字节跳动,10000人以上,互联网,本科,3-5年,,15-30K,呼和浩特,,2026-06-03 22:24:21
2f4e09e15463cf7b1HN82tW7FlJS,运维工程师,中朵云建设,100-499人,通信/网络设备,大专,1-3年,"运维开发/DevOps, 实施交付运维, Java, MySQL/Oracle, Docker, 计算机相关专业, 运维开发经验",5-8K,呼和浩特,,2026-06-03 22:26:26
4d0723488f3704350nB_3dq0EltU,机房运维工程师,科电数据,100-499人,计算机服务,本科,经验不限,,5-6K,呼和浩特,,2026-06-03 22:39:40
11ee511502cb1af50nB429u-E1dT,IT工程师（数字化系统方向）,化合积电,100-499人,半导体/芯片,本科,3-5年,,7-12K,呼和浩特,,2026-06-03 22:40:41
db8668dfab3ec91d0ndz3tm0FlRW,技术运维专员,国控高科,20-99人,通信/网络设备,本科,1-3年,,6-7K,呼和浩特,,2026-06-03 22:55:16
0afd3ea4c1aeb39e0nd50t2-GFVX,电气工程师,三峡陆上新能源投资,1000-9999人,电力/热力/燃气/水利,本科,在校/应届,,5-10K,呼和浩特,,2026-06-03 22:56:19
58506cebd86118500nR42dW-FltY,IT工程师（数字化系统方向）,化合积电,20-99人,半导体/芯片,本科,3-5年,,8-13K,呼和浩特,,2026-06-03 23:03:38
c168ce85a82b5d981nZ639u9EFVY,实施工程师,博兴,0-20人,计算机硬件,学历不限,1-3年,"安全运维, 自动化运维, 虚拟化运维, 系统运维, 服务器配置, 网络协议",3-8K·13薪,呼和浩特,,2026-06-03 23:04:40
40158c477ceed27c0nB509W-EFdT,网站前端运维工程师,务本科技,20-99人,计算机软件,大专,1-3年,,5-6K,呼和浩特,,2026-06-03 23:08:49
7cb37acfecbc44101Hdy09-5EVpR,网络安全运维工程师（呼市）,赛尔网络,1000-9999人,互联网,本科,1-3年,"安全运维和保障, 计算机/信息安全相关专业, 安全运维经验, 数据安全管理经验",7-9K·13薪,呼和浩特,,2026-06-03 23:09:51
263971bffedcd67403J72du-FlFQ,IT部技术支持工程师,北京南戈壁贸易,20-99人,矿产/地质,本科,3-5年,"企业内部IT技术支持, IT技术支持经验, 计算机/通信相关专业",8-12K,呼和浩特,,2026-06-03 23:18:26
08771eee23e353c21XN42tW4GVFV,技术支持工程师,东信软件,500-999人,计算机软件,本科,5-10年,"系统运维, Nginx, Docker, Kubernetes, 计算机相关专业, 运维经验, 网络安全相关经验",6-11K,呼和浩特,,2026-06-03 23:18:48
3bafa08fbcc13cf01Xx62ti-FFRW,软件实施运维工程师,宏友软件技术服务公司,0-20人,计算机软件,大专,在校/应届,"Nginx, MySQL, 运维开发经验, Redis, 计算机相关专业",3-5K,呼和浩特,,2026-06-03 23:27:05
ee62a38621db2db80nB_39i0GFtZ,酒店信息运维,内蒙古博王府实业,100-499人,餐饮,大专,5-10年,,4-6K,呼和浩特,,2026-06-03 23:33:41
fce703ec9643a6200nd53Nq7GFtY,弱电运维工程师,景航科技,20-99人,计算机服务,中专/中技,1-3年,,6-11K,呼和浩特,,2026-06-03 23:35:07
36570f8a775893101HZy29i5FVdY,基础运维工程师（高压电工）,新东吉泰,0-20人,通信/网络设备,高中,5-10年,"大数据运维经验, 高压, 强电, 配电",6-10K,呼和浩特,,2026-06-03 23:41:42
5a8054366ce46e461XB_3Ni-GFJV,IT运维工程师,新中科,20-99人,企业服务,学历不限,1年以内,"计算机相关专业, 电子/电气/自动化相关专业",4-6K,呼和浩特,,2026-06-03 23:42:24
1101c79a785fe3ce1HF52dy5E1pY,安装运维工程师,祥腾科技,0-20人,计算机硬件,大专,经验不限,"实施交付运维, 系统运维",3-4K,呼和浩特,,2026-06-03 23:44:11
e7408fe158ffb17a03x62tu0E1JX,中级网络工程师,玉泉区晟鼎电子设...,0-20人,机电工程,大专,1-3年,"有网络工程师经验, 1到3年网络工程师经验, 网络架构设计, 大型网络实施, 大型网络运维, 系统集成商",5-6K,呼和浩特,,2026-06-03 23:51:06
eedf4d531c67566a1Hd93d2-EFM~,运维工程师,万泰信息,20-99人,计算机软件,大专,1-3年,"数据分析, 信息安全, 运维开发",5-7K,呼和浩特,,2026-06-03 23:56:42
774d92d028e9046d0nV509q7ElNR,运维工程师-液体,内蒙古蒙牛乳业,0-20人,食品/饮料/烟酒,本科,1-3年,,6-7K,呼和浩特,,2026-06-03 23:58:25
6ace16a49cc5bf770nd43N27FFdR,酒店客控网络维护安防系统工程,内蒙古云麓雅筑酒店,20-99人,酒店/民宿,本科,3-5年,,4-5K,呼和浩特,,2026-06-04 00:13:40
f76a82991a2e47090nB_0ty7EldS,电力运维工程师,东新慧科,100-499人,互联网,本科,3-5年,"系统运维, 计算机相关专业, 通信相关专业, 电子/电气/自动化相关专业",6-8K,呼和浩特,,2026-06-04 00:20:33
01a3cf6c01b0dd7b03x_3t21FFJQ,基础设施运维工程师,天地方正,20-99人,信息安全,大专,经验不限,,6-8K,呼和浩特,,2026-06-04 00:21:15
0a81189d0a680c170nB42tq0F1BW,大数据Java开发工程师,上海音达科技有限公司,500-999人,通信/网络设备,大专,1-3年,,7-8K,呼和浩特,,2026-06-04 00:22:19
